{"type": "FeatureCollection", "features": [{"type": "Feature", "properties": {"type": "ward-outline", "name": "Alphington"}, "geometry": {"type": "Polygon", "coordinates": [[[-3.536, 50.71482], [-3.53371, 50.7133], [-3.52949, 50.71147], [-3.52702, 50.70998], [-3.52504, 50.70833], [-3.5221, 50.70502], [-3.52052, 50.70607], [-3.51825, 50.70669], [-3.51706, 50.70639], [-3.51556, 50.7039], [-3.51249, 50.70276], [-3.51087, 50.70125], [-3.5111, 50.70111], [-3.51016, 50.70038], [-3.5083, 50.6995], [-3.50723, 50.69949], [-3.50722, 50.69948], [-3.50706, 50.69949], [-3.50197, 50.69941], [-3.50167, 50.69821], [-3.50064, 50.69686], [-3.49982, 50.69588], [-3.49981, 50.69588], [-3.50147, 50.69496], [-3.50214, 50.69434], [-3.50177, 50.69432], [-3.50326, 50.69242], [-3.50365, 50.69262], [-3.50541, 50.69142], [-3.50678, 50.69112], [-3.51087, 50.69223], [-3.51775, 50.69249], [-3.51878, 50.69303], [-3.5209, 50.69253], [-3.52282, 50.69258], [-3.52509, 50.69366], [-3.52683, 50.69532], [-3.52939, 50.69282], [-3.53371, 50.69273], [-3.53814, 50.69341], [-3.53909, 50.69292], [-3.543, 50.69941], [-3.54548, 50.70191], [-3.54767, 50.70324], [-3.5507, 50.70444], [-3.56005, 50.70615], [-3.56274, 50.7069], [-3.56299, 50.70904], [-3.56511, 50.71059], [-3.56487, 50.71086], [-3.56346, 50.71014], [-3.56166, 50.71026], [-3.55981, 50.71111], [-3.55248, 50.71242], [-3.54753, 50.71485], [-3.54719, 50.71225], [-3.54643, 50.71225], [-3.54644, 50.71197], [-3.54453, 50.71199], [-3.54494, 50.71256], [-3.54273, 50.71326], [-3.54198, 50.71238], [-3.54281, 50.71179], [-3.54313, 50.71102], [-3.53947, 50.71012], [-3.53913, 50.71043], [-3.538, 50.71034], [-3.536, 50.71482]]]}}, {"type": "Feature", "properties": {"type": "postcode-cell", "postcode": "EX2 9SW", "postcodes": ["EX2 9SW"]}, "geometry": {"type": "Polygon", "coordinates": [[[-3.5605592472872174, 50.708271183210755], [-3.5626292152597467, 50.70686911135079], [-3.5627399897764986, 50.70689999472996], [-3.5629899897756445, 50.70903999473164], [-3.565109989776258, 50.71058999473282], [-3.564869989775978, 50.71085999473304], [-3.5634599897754207, 50.71013999473249], [-3.5616599897742187, 50.71025999473261], [-3.561208957706754, 50.71046723119272], [-3.5605592472872174, 50.708271183210755]]]}}, {"type": "Feature", "properties": {"type": "postcode-cell", "postcode": "EX2 8WF", "postcodes": ["EX2 8WF"]}, "geometry": {"type": "Polygon", "coordinates": [[[-3.539095860761347, 50.694380363623544], [-3.537361042082965, 50.69394100927578], [-3.5371840704424917, 50.693808388089074], [-3.537322568103653, 50.69328453561658], [-3.538139989767282, 50.69340999471974], [-3.539089989768118, 50.69291999471935], [-3.5398561284288124, 50.6941918223216], [-3.539095860761347, 50.694380363623544]]]}}, {"type": "Feature", "properties": {"type": "postcode-cell", "postcode": "EX2 9PN", "postcodes": ["EX2 9PN"]}, "geometry": {"type": "Polygon", "coordinates": [[[-3.5560229701798463, 50.71123105609316], [-3.556512021730391, 50.710735100247106], [-3.5579502491092745, 50.710551087205154], [-3.5581140914868703, 50.71071146128878], [-3.5583895210996723, 50.71136389906705], [-3.556286688621139, 50.71173973709503], [-3.5560229701798463, 50.71123105609316]]]}}, {"type": "Feature", "properties": {"type": "postcode-cell", "postcode": "EX4 1LF", "postcodes": ["EX4 1LF"]}, "geometry": {"type": "Polygon", "coordinates": [[[-3.548351550570171, 50.713751430914705], [-3.548930313026416, 50.714162609862264], [-3.54752998976306, 50.714849994736454], [-3.547453567052719, 50.71426561315817], [-3.548351550570171, 50.713751430914705]]]}}, {"type": "Feature", "properties": {"type": "postcode-cell", "postcode": "EX2 9PW", "postcodes": ["EX2 9PW"]}, "geometry": {"type": "Polygon", "coordinates": [[[-3.5581140914868703, 50.71071146128878], [-3.5610684055964557, 50.71053181018034], [-3.559809989772639, 50.71110999473332], [-3.5583895210996723, 50.71136389906705], [-3.5581140914868703, 50.71071146128878]]]}}, {"type": "Feature", "properties": {"type": "postcode-cell", "postcode": "EX2 9PX", "postcodes": ["EX2 9PX"]}, "geometry": {"type": "Polygon", "coordinates": [[[-3.5585026746564976, 50.70876188854757], [-3.5592196118543886, 50.70849757190749], [-3.5605592472872174, 50.708271183210755], [-3.561208957706754, 50.71046723119272], [-3.5610684055964557, 50.71053181018034], [-3.5581140914868703, 50.71071146128878], [-3.5579502491092745, 50.710551087205154], [-3.5585026746564976, 50.70876188854757]]]}}, {"type": "Feature", "properties": {"type": "postcode-cell", "postcode": "EX2 9PJ", "postcodes": ["EX2 9PJ"]}, "geometry": {"type": "Polygon", "coordinates": [[[-3.5579502491092745, 50.710551087205154], [-3.556512021730391, 50.710735100247106], [-3.5555323182837344, 50.70960078370343], [-3.5568693146137234, 50.70881283711838], [-3.5585026746564976, 50.70876188854757], [-3.5579502491092745, 50.710551087205154]]]}}, {"type": "Feature", "properties": {"type": "postcode-cell", "postcode": "EX2 8US", "postcodes": ["EX2 8US"]}, "geometry": {"type": "Polygon", "coordinates": [[[-3.5417817610806583, 50.700930118022065], [-3.5417457880987806, 50.70090509130705], [-3.5417212838220102, 50.70036820218053], [-3.5431252606734973, 50.69953628364591], [-3.5438596064922376, 50.700276580514696], [-3.5417817610806583, 50.700930118022065]]]}}, {"type": "Feature", "properties": {"type": "postcode-cell", "postcode": "EX2 9RG", "postcodes": ["EX2 9RG"]}, "geometry": {"type": "Polygon", "coordinates": [[[-3.556924751936098, 50.707009681697734], [-3.5565368955633105, 50.70700438051418], [-3.5549205404234043, 50.70521199027996], [-3.5579532831073175, 50.70576660926003], [-3.556924751936098, 50.707009681697734]]]}}, {"type": "Feature", "properties": {"type": "postcode-cell", "postcode": "EX2 9RF", "postcodes": ["EX2 9RF"]}, "geometry": {"type": "Polygon", "coordinates": [[[-3.5605592472872174, 50.708271183210755], [-3.5592196118543886, 50.70849757190749], [-3.556924751936098, 50.707009681697734], [-3.5579532831073175, 50.70576660926003], [-3.560049989775144, 50.706149994729415], [-3.5626292152597467, 50.70686911135079], [-3.5605592472872174, 50.708271183210755]]]}}, {"type": "Feature", "properties": {"type": "postcode-cell", "postcode": "EX4 1TW", "postcodes": ["EX4 1TW"]}, "geometry": {"type": "Polygon", "coordinates": [[[-3.5548667003255865, 50.71125426364308], [-3.555320008646603, 50.711129338376054], [-3.5560229701798463, 50.71123105609316], [-3.556286688621139, 50.71173973709503], [-3.554480558272859, 50.712062510749924], [-3.5548667003255865, 50.71125426364308]]]}}, {"type": "Feature", "properties": {"type": "postcode-cell", "postcode": "EX4 1LQ", "postcodes": ["EX4 1LQ"]}, "geometry": {"type": "Polygon", "coordinates": [[[-3.5488270016817824, 50.71303470652559], [-3.549133897446298, 50.712975199633945], [-3.5500129609998825, 50.71304503697826], [-3.5504372896412155, 50.71342283040797], [-3.5497411193006037, 50.71376458785461], [-3.5488270016817824, 50.71303470652559]]]}}, {"type": "Feature", "properties": {"type": "postcode-cell", "postcode": "EX2 9RD", "postcodes": ["EX2 9RD"]}, "geometry": {"type": "Polygon", "coordinates": [[[-3.555064108627268, 50.70773073940211], [-3.5565368955633105, 50.70700438051418], [-3.556924751936098, 50.707009681697734], [-3.5592196118543886, 50.70849757190749], [-3.5585026746564976, 50.70876188854757], [-3.5568693146137234, 50.70881283711838], [-3.555064108627268, 50.70773073940211]]]}}, {"type": "Feature", "properties": {"type": "postcode-cell", "postcode": "EX2 9PL", "postcodes": ["EX2 9PL"]}, "geometry": {"type": "Polygon", "coordinates": [[[-3.5568693146137234, 50.70881283711838], [-3.5555323182837344, 50.70960078370343], [-3.5545378730201835, 50.709741527598275], [-3.554211555001955, 50.70966518763233], [-3.5527062946607564, 50.708772687171844], [-3.5526006656533835, 50.707906698119665], [-3.5533140136312773, 50.70740168283515], [-3.555064108627268, 50.70773073940211], [-3.5568693146137234, 50.70881283711838]]]}}, {"type": "Feature", "properties": {"type": "postcode-cell", "postcode": "EX2 9PH", "postcodes": ["EX2 9PH"]}, "geometry": {"type": "Polygon", "coordinates": [[[-3.556512021730391, 50.710735100247106], [-3.5560229701798463, 50.71123105609316], [-3.555320008646603, 50.711129338376054], [-3.5545760116924865, 50.710134984607876], [-3.5545378730201835, 50.709741527598275], [-3.5555323182837344, 50.70960078370343], [-3.556512021730391, 50.710735100247106]]]}}, {"type": "Feature", "properties": {"type": "postcode-cell", "postcode": "EX2 8FA", "postcodes": ["EX2 8FA"]}, "geometry": {"type": "Polygon", "coordinates": [[[-3.547603361266496, 50.703354881473864], [-3.543760524688362, 50.7031455269452], [-3.5433565131583413, 50.70309758036916], [-3.5429956552481174, 50.70278147064732], [-3.5417817610806583, 50.700930118022065], [-3.5438596064922376, 50.700276580514696], [-3.5454799897679, 50.7019099947263], [-3.5476699897686577, 50.70323999472732], [-3.5477490609293034, 50.70327131183333], [-3.547603361266496, 50.703354881473864]]]}}, {"type": "Feature", "properties": {"type": "postcode-cell", "postcode": "EX2 9RA", "postcodes": ["EX2 9RA"]}, "geometry": {"type": "Polygon", "coordinates": [[[-3.5533140136312773, 50.70740168283515], [-3.5526006656533835, 50.707906698119665], [-3.549121451546075, 50.707626365764156], [-3.5479905886692396, 50.7070669738229], [-3.5477438599839033, 50.70684505077901], [-3.5473947360059825, 50.70393928170454], [-3.547603361266496, 50.703354881473864], [-3.5477490609293034, 50.70327131183333], [-3.5506999897700133, 50.70443999472822], [-3.5536141932203704, 50.704973060907896], [-3.5533140136312773, 50.70740168283515]]]}}, {"type": "Feature", "properties": {"type": "postcode-cell", "postcode": "EX2 9RB", "postcodes": ["EX2 9RB"]}, "geometry": {"type": "Polygon", "coordinates": [[[-3.555064108627268, 50.70773073940211], [-3.5533140136312773, 50.70740168283515], [-3.5536141932203704, 50.704973060907896], [-3.5549205404234043, 50.70521199027996], [-3.5565368955633105, 50.70700438051418], [-3.555064108627268, 50.70773073940211]]]}}, {"type": "Feature", "properties": {"type": "postcode-cell", "postcode": "EX4 1LJ", "postcodes": ["EX4 1LJ"]}, "geometry": {"type": "Polygon", "coordinates": [[[-3.5500129609998825, 50.71304503697826], [-3.5504072019371278, 50.71281185049417], [-3.551317535062952, 50.71299069554617], [-3.5504372896412155, 50.71342283040797], [-3.5500129609998825, 50.71304503697826]]]}}, {"type": "Feature", "properties": {"type": "postcode-cell", "postcode": "EX2 9NP", "postcodes": ["EX2 9NP"]}, "geometry": {"type": "Polygon", "coordinates": [[[-3.554480558272859, 50.712062510749924], [-3.5541342652368146, 50.71212439310536], [-3.553734109749717, 50.71168694278639], [-3.5540638394537667, 50.711150038356216], [-3.5548667003255865, 50.71125426364308], [-3.554480558272859, 50.712062510749924]]]}}, {"type": "Feature", "properties": {"type": "postcode-cell", "postcode": "EX2 9NH", "postcodes": ["EX2 9NH"]}, "geometry": {"type": "Polygon", "coordinates": [[[-3.5533881318425813, 50.710296617628536], [-3.552319787492682, 50.710419679940216], [-3.5517841503845404, 50.70985151987786], [-3.552605440084907, 50.70884893235239], [-3.5527062946607564, 50.708772687171844], [-3.554211555001955, 50.70966518763233], [-3.5533881318425813, 50.710296617628536]]]}}, {"type": "Feature", "properties": {"type": "postcode-cell", "postcode": "EX2 9NL", "postcodes": ["EX2 9NL"]}, "geometry": {"type": "Polygon", "coordinates": [[[-3.554211555001955, 50.70966518763233], [-3.5545378730201835, 50.709741527598275], [-3.5545760116924865, 50.710134984607876], [-3.5539309340083483, 50.71103129727304], [-3.5532889605814835, 50.710929407860256], [-3.5533881318425813, 50.710296617628536], [-3.554211555001955, 50.70966518763233]]]}}, {"type": "Feature", "properties": {"type": "postcode-cell", "postcode": "EX2 9NW", "postcodes": ["EX2 9NW"]}, "geometry": {"type": "Polygon", "coordinates": [[[-3.555320008646603, 50.711129338376054], [-3.5548667003255865, 50.71125426364308], [-3.5540638394537667, 50.711150038356216], [-3.5539309340083483, 50.71103129727304], [-3.5545760116924865, 50.710134984607876], [-3.555320008646603, 50.711129338376054]]]}}, {"type": "Feature", "properties": {"type": "postcode-cell", "postcode": "EX2 9NZ", "postcodes": ["EX2 9NZ"]}, "geometry": {"type": "Polygon", "coordinates": [[[-3.5525932244034446, 50.71175306059067], [-3.5527062924701234, 50.71159055469543], [-3.552848771413414, 50.711546447051944], [-3.553734109749717, 50.71168694278639], [-3.5541342652368146, 50.71212439310536], [-3.5530139025793765, 50.71232459309295], [-3.5525932244034446, 50.71175306059067]]]}}, {"type": "Feature", "properties": {"type": "postcode-cell", "postcode": "EX2 9NN", "postcodes": ["EX2 9NN"]}, "geometry": {"type": "Polygon", "coordinates": [[[-3.553734109749717, 50.71168694278639], [-3.552848771413414, 50.711546447051944], [-3.5532158368590676, 50.71095104505713], [-3.5532889605814835, 50.710929407860256], [-3.5539309340083483, 50.71103129727304], [-3.5540638394537667, 50.711150038356216], [-3.553734109749717, 50.71168694278639]]]}}, {"type": "Feature", "properties": {"type": "postcode-cell", "postcode": "EX2 9NR", "postcodes": ["EX2 9NR"]}, "geometry": {"type": "Polygon", "coordinates": [[[-3.552848771413414, 50.711546447051944], [-3.5527062924701234, 50.71159055469543], [-3.5519827566652094, 50.71115854030346], [-3.5519474211500395, 50.71097363832033], [-3.552301806716822, 50.71073890103043], [-3.5532158368590676, 50.71095104505713], [-3.552848771413414, 50.711546447051944]]]}}, {"type": "Feature", "properties": {"type": "postcode-cell", "postcode": "EX2 9PA", "postcodes": ["EX2 9PA"]}, "geometry": {"type": "Polygon", "coordinates": [[[-3.551146261432449, 50.71240864516607], [-3.551360878444545, 50.71226062057474], [-3.5520996882399496, 50.71239350173612], [-3.5522537109835643, 50.71253108705587], [-3.551347340320931, 50.71297606313309], [-3.551146261432449, 50.71240864516607]]]}}, {"type": "Feature", "properties": {"type": "postcode-cell", "postcode": "EX2 9NY", "postcodes": ["EX2 9NY"]}, "geometry": {"type": "Polygon", "coordinates": [[[-3.5530139025793765, 50.71232459309295], [-3.5524799897673587, 50.71241999473448], [-3.5522537109835643, 50.71253108705587], [-3.5520996882399496, 50.71239350173612], [-3.5521224500234023, 50.71188606694138], [-3.5525932244034446, 50.71175306059067], [-3.5530139025793765, 50.71232459309295]]]}}, {"type": "Feature", "properties": {"type": "postcode-cell", "postcode": "EX2 9NJ", "postcodes": ["EX2 9NJ"]}, "geometry": {"type": "Polygon", "coordinates": [[[-3.552301806716822, 50.71073890103043], [-3.552319787492682, 50.710419679940216], [-3.5533881318425813, 50.710296617628536], [-3.5532889605814835, 50.710929407860256], [-3.5532158368590676, 50.71095104505713], [-3.552301806716822, 50.71073890103043]]]}}, {"type": "Feature", "properties": {"type": "postcode-cell", "postcode": "EX2 9NQ", "postcodes": ["EX2 9NQ"]}, "geometry": {"type": "Polygon", "coordinates": [[[-3.552605440084907, 50.70884893235239], [-3.550093835430229, 50.70933637573773], [-3.5493088760002576, 50.70920357110111], [-3.549121451546075, 50.707626365764156], [-3.5526006656533835, 50.707906698119665], [-3.5527062946607564, 50.708772687171844], [-3.552605440084907, 50.70884893235239]]]}}, {"type": "Feature", "properties": {"type": "postcode-cell", "postcode": "EX2 9NT", "postcodes": ["EX2 9NT"]}, "geometry": {"type": "Polygon", "coordinates": [[[-3.5527062924701234, 50.71159055469543], [-3.5525932244034446, 50.71175306059067], [-3.5521224500234023, 50.71188606694138], [-3.552089096065866, 50.71188335552731], [-3.551542704370667, 50.711465337117055], [-3.5519827566652094, 50.71115854030346], [-3.5527062924701234, 50.71159055469543]]]}}, {"type": "Feature", "properties": {"type": "postcode-cell", "postcode": "EX2 9ND", "postcodes": ["EX2 9ND"]}, "geometry": {"type": "Polygon", "coordinates": [[[-3.552301806716822, 50.71073890103043], [-3.5519474211500395, 50.71097363832033], [-3.550585021935114, 50.71068529472237], [-3.5505494377989892, 50.71064821684809], [-3.550789532585603, 50.71032433312371], [-3.5510922697967824, 50.710075357046044], [-3.5517841503845404, 50.70985151987786], [-3.552319787492682, 50.710419679940216], [-3.552301806716822, 50.71073890103043]]]}}, {"type": "Feature", "properties": {"type": "postcode-cell", "postcode": "EX2 9NX", "postcodes": ["EX2 9NX"]}, "geometry": {"type": "Polygon", "coordinates": [[[-3.5520996882399496, 50.71239350173612], [-3.551360878444545, 50.71226062057474], [-3.551429088410522, 50.712014841880574], [-3.552089096065866, 50.71188335552731], [-3.5521224500234023, 50.71188606694138], [-3.5520996882399496, 50.71239350173612]]]}}, {"type": "Feature", "properties": {"type": "postcode-cell", "postcode": "EX2 9NU", "postcodes": ["EX2 9NU"]}, "geometry": {"type": "Polygon", "coordinates": [[[-3.552089096065866, 50.71188335552731], [-3.551429088410522, 50.712014841880574], [-3.551027585988876, 50.711695507269184], [-3.5510374515258465, 50.71157085302066], [-3.551542704370667, 50.711465337117055], [-3.552089096065866, 50.71188335552731]]]}}, {"type": "Feature", "properties": {"type": "postcode-cell", "postcode": "EX2 9NG", "postcodes": ["EX2 9NG"]}, "geometry": {"type": "Polygon", "coordinates": [[[-3.5510922697967824, 50.710075357046044], [-3.550093835430229, 50.70933637573773], [-3.552605440084907, 50.70884893235239], [-3.5517841503845404, 50.70985151987786], [-3.5510922697967824, 50.710075357046044]]]}}, {"type": "Feature", "properties": {"type": "postcode-cell", "postcode": "EX2 9NB", "postcodes": ["EX2 9NB"]}, "geometry": {"type": "Polygon", "coordinates": [[[-3.5519827566652094, 50.71115854030346], [-3.551542704370667, 50.711465337117055], [-3.5510374515258465, 50.71157085302066], [-3.550620947355463, 50.7112556313953], [-3.550585021935114, 50.71068529472237], [-3.5519474211500395, 50.71097363832033], [-3.5519827566652094, 50.71115854030346]]]}}, {"type": "Feature", "properties": {"type": "postcode-cell", "postcode": "EX4 1LG", "postcodes": ["EX4 1LG"]}, "geometry": {"type": "Polygon", "coordinates": [[[-3.548351550570171, 50.713751430914705], [-3.548374027536358, 50.712988734358], [-3.5483796690534772, 50.71298628138588], [-3.5488270016817824, 50.71303470652559], [-3.5497411193006037, 50.71376458785461], [-3.548930313026416, 50.714162609862264], [-3.548351550570171, 50.713751430914705]]]}}, {"type": "Feature", "properties": {"type": "postcode-cell", "postcode": "EX2 9LZ", "postcodes": ["EX2 9LZ"]}, "geometry": {"type": "Polygon", "coordinates": [[[-3.551027585988876, 50.711695507269184], [-3.550176554012151, 50.71219251253207], [-3.5496157319032138, 50.711868648811354], [-3.549578988392832, 50.71175654321635], [-3.550620947355463, 50.7112556313953], [-3.5510374515258465, 50.71157085302066], [-3.551027585988876, 50.711695507269184]]]}}, {"type": "Feature", "properties": {"type": "postcode-cell", "postcode": "EX2 9NA", "postcodes": ["EX2 9NA"]}, "geometry": {"type": "Polygon", "coordinates": [[[-3.551429088410522, 50.712014841880574], [-3.551360878444545, 50.71226062057474], [-3.551146261432449, 50.71240864516607], [-3.550207785101555, 50.712239373943426], [-3.5501983751895643, 50.71223387918562], [-3.550176554012151, 50.71219251253207], [-3.551027585988876, 50.711695507269184], [-3.551429088410522, 50.712014841880574]]]}}, {"type": "Feature", "properties": {"type": "postcode-cell", "postcode": "EX2 9NE", "postcodes": ["EX2 9NE"]}, "geometry": {"type": "Polygon", "coordinates": [[[-3.550789532585603, 50.71032433312371], [-3.549466362183986, 50.7095891614333], [-3.549279351704879, 50.709238665791396], [-3.5493088760002576, 50.70920357110111], [-3.550093835430229, 50.70933637573773], [-3.5510922697967824, 50.710075357046044], [-3.550789532585603, 50.71032433312371]]]}}, {"type": "Feature", "properties": {"type": "postcode-cell", "postcode": "EX2 9JD", "postcodes": ["EX2 9JD"]}, "geometry": {"type": "Polygon", "coordinates": [[[-3.5473947360059825, 50.70393928170454], [-3.544801404776588, 50.70533153161156], [-3.5423496325632193, 50.70577173183562], [-3.5416003210923037, 50.705642806144674], [-3.543760524688362, 50.7031455269452], [-3.547603361266496, 50.703354881473864], [-3.5473947360059825, 50.70393928170454]]]}}, {"type": "Feature", "properties": {"type": "postcode-cell", "postcode": "EX2 9PB", "postcodes": ["EX2 9PB"]}, "geometry": {"type": "Polygon", "coordinates": [[[-3.551347340320931, 50.71297606313309], [-3.551317535062952, 50.71299069554617], [-3.5504072019371278, 50.71281185049417], [-3.550207785101555, 50.712239373943426], [-3.551146261432449, 50.71240864516607], [-3.551347340320931, 50.71297606313309]]]}}, {"type": "Feature", "properties": {"type": "postcode-cell", "postcode": "EX2 9NF", "postcodes": ["EX2 9NF"]}, "geometry": {"type": "Polygon", "coordinates": [[[-3.5505494377989892, 50.71064821684809], [-3.5495844695523973, 50.71063423316439], [-3.549466362183986, 50.7095891614333], [-3.550789532585603, 50.71032433312371], [-3.5505494377989892, 50.71064821684809]]]}}, {"type": "Feature", "properties": {"type": "postcode-cell", "postcode": "EX4 1LH", "postcodes": ["EX4 1LH"]}, "geometry": {"type": "Polygon", "coordinates": [[[-3.550207785101555, 50.712239373943426], [-3.5504072019371278, 50.71281185049417], [-3.5500129609998825, 50.71304503697826], [-3.549133897446298, 50.712975199633945], [-3.5501983751895643, 50.71223387918562], [-3.550207785101555, 50.712239373943426]]]}}, {"type": "Feature", "properties": {"type": "postcode-cell", "postcode": "EX2 9LU", "postcodes": ["EX2 9LU"]}, "geometry": {"type": "Polygon", "coordinates": [[[-3.549466362183986, 50.7095891614333], [-3.5495844695523973, 50.71063423316439], [-3.54935771006697, 50.71069512849484], [-3.5490162582041, 50.71067062843867], [-3.548256448472218, 50.71023737070685], [-3.5481456170136147, 50.71010943950681], [-3.5482116045735226, 50.70971993541566], [-3.549279351704879, 50.709238665791396], [-3.549466362183986, 50.7095891614333]]]}}, {"type": "Feature", "properties": {"type": "postcode-cell", "postcode": "EX2 9LY", "postcodes": ["EX2 9LY"]}, "geometry": {"type": "Polygon", "coordinates": [[[-3.550620947355463, 50.7112556313953], [-3.549578988392832, 50.71175654321635], [-3.5494091126431684, 50.71164179214079], [-3.54935771006697, 50.71069512849484], [-3.5495844695523973, 50.71063423316439], [-3.5505494377989892, 50.71064821684809], [-3.550585021935114, 50.71068529472237], [-3.550620947355463, 50.7112556313953]]]}}, {"type": "Feature", "properties": {"type": "postcode-cell", "postcode": "EX2 9LT", "postcodes": ["EX2 9LT"]}, "geometry": {"type": "Polygon", "coordinates": [[[-3.549279351704879, 50.709238665791396], [-3.5482116045735226, 50.70971993541566], [-3.54694232511313, 50.70926682549008], [-3.5479905886692396, 50.7070669738229], [-3.549121451546075, 50.707626365764156], [-3.5493088760002576, 50.70920357110111], [-3.549279351704879, 50.709238665791396]]]}}, {"type": "Feature", "properties": {"type": "postcode-cell", "postcode": "EX2 9HS", "postcodes": ["EX2 9HS"]}, "geometry": {"type": "Polygon", "coordinates": [[[-3.5501983751895643, 50.71223387918562], [-3.549133897446298, 50.712975199633945], [-3.5488270016817824, 50.71303470652559], [-3.5483796690534772, 50.71298628138588], [-3.548437204953033, 50.71253538863247], [-3.5496157319032138, 50.711868648811354], [-3.550176554012151, 50.71219251253207], [-3.5501983751895643, 50.71223387918562]]]}}, {"type": "Feature", "properties": {"type": "postcode-cell", "postcode": "EX2 9HR", "postcodes": ["EX2 9HR"]}, "geometry": {"type": "Polygon", "coordinates": [[[-3.549578988392832, 50.71175654321635], [-3.5496157319032138, 50.711868648811354], [-3.548437204953033, 50.71253538863247], [-3.548022869195759, 50.71196854688839], [-3.5480807911890464, 50.711542105169464], [-3.5494091126431684, 50.71164179214079], [-3.549578988392832, 50.71175654321635]]]}}, {"type": "Feature", "properties": {"type": "postcode-cell", "postcode": "EX2 9LX", "postcodes": ["EX2 9LX"]}, "geometry": {"type": "Polygon", "coordinates": [[[-3.5494091126431684, 50.71164179214079], [-3.5480807911890464, 50.711542105169464], [-3.54794630749311, 50.71139163061109], [-3.5490162582041, 50.71067062843867], [-3.54935771006697, 50.71069512849484], [-3.5494091126431684, 50.71164179214079]]]}}, {"type": "Feature", "properties": {"type": "postcode-cell", "postcode": "EX2 9HB", "postcodes": ["EX2 9HB"]}, "geometry": {"type": "MultiPolygon", "coordinates": [[[[-3.548351550570171, 50.713751430914705], [-3.547453567052719, 50.71426561315817], [-3.547292386739908, 50.713033063512746], [-3.548374027536358, 50.712988734358], [-3.548351550570171, 50.713751430914705]]], [[[-3.542875248038836, 50.71321398724414], [-3.542729989760765, 50.71325999473528], [-3.5426969976069596, 50.713221284750304], [-3.542875248038836, 50.71321398724414]]]]}}, {"type": "Feature", "properties": {"type": "postcode-cell", "postcode": "EX2 9HJ", "postcodes": ["EX2 9HJ"]}, "geometry": {"type": "MultiPolygon", "coordinates": [[[[-3.5480807911890464, 50.711542105169464], [-3.548022869195759, 50.71196854688839], [-3.546430741696805, 50.71222894068541], [-3.5464399897637335, 50.711969994734226], [-3.5458762092492693, 50.71197590145186], [-3.547032973018859, 50.71149157654701], [-3.547832061883363, 50.71135785220711], [-3.54794630749311, 50.71139163061109], [-3.5480807911890464, 50.711542105169464]]], [[[-3.544528988321862, 50.712539941866204], [-3.5448337792498483, 50.71241233771234], [-3.544883827417381, 50.712481916297776], [-3.544528988321862, 50.712539941866204]]]]}}, {"type": "Feature", "properties": {"type": "postcode-cell", "postcode": "EX2 9HE", "postcodes": ["EX2 9HE"]}, "geometry": {"type": "Polygon", "coordinates": [[[-3.54794630749311, 50.71139163061109], [-3.547832061883363, 50.71135785220711], [-3.5475589842719013, 50.71097641432681], [-3.548256448472218, 50.71023737070685], [-3.5490162582041, 50.71067062843867], [-3.54794630749311, 50.71139163061109]]]}}, {"type": "Feature", "properties": {"type": "postcode-cell", "postcode": "EX2 9HD", "postcodes": ["EX2 9HD"]}, "geometry": {"type": "MultiPolygon", "coordinates": [[[[-3.548374027536358, 50.712988734358], [-3.547292386739908, 50.713033063512746], [-3.5471899897640764, 50.71224999473441], [-3.5464299897635936, 50.71224999473442], [-3.546430741696805, 50.71222894068541], [-3.548022869195759, 50.71196854688839], [-3.548437204953033, 50.71253538863247], [-3.5483796690534772, 50.71298628138588], [-3.548374027536358, 50.712988734358]]], [[[-3.5426969976069596, 50.713221284750304], [-3.54262472253473, 50.71313648351061], [-3.544528988321862, 50.712539941866204], [-3.544883827417381, 50.712481916297776], [-3.544939989762501, 50.71255999473468], [-3.542875248038836, 50.71321398724414], [-3.5426969976069596, 50.713221284750304]]]]}}, {"type": "Feature", "properties": {"type": "postcode-cell", "postcode": "EX2 9EA", "postcodes": ["EX2 9EA"]}, "geometry": {"type": "Polygon", "coordinates": [[[-3.5396379755150282, 50.70943057002142], [-3.5393732309263535, 50.708665287073174], [-3.539610497731278, 50.708609233604356], [-3.5398567188516328, 50.70860431179051], [-3.540134423537594, 50.70887069667924], [-3.540178712497546, 50.709593462400875], [-3.5396379755150282, 50.70943057002142]]]}}, {"type": "Feature", "properties": {"type": "postcode-cell", "postcode": "EX2 9DU", "postcodes": ["EX2 9DU"]}, "geometry": {"type": "Polygon", "coordinates": [[[-3.540178712497546, 50.709593462400875], [-3.54153496792267, 50.71062779471992], [-3.5394699897601867, 50.71011999473286], [-3.53914663878726, 50.71041481485479], [-3.5387747997278214, 50.70975327621531], [-3.539580622018636, 50.7094267934322], [-3.5396379755150282, 50.70943057002142], [-3.540178712497546, 50.709593462400875]]]}}, {"type": "Feature", "properties": {"type": "postcode-cell", "postcode": "EX2 9DN", "postcodes": ["EX2 9DN"]}, "geometry": {"type": "Polygon", "coordinates": [[[-3.5481456170136147, 50.71010943950681], [-3.546960778106292, 50.7103609315313], [-3.54643453980254, 50.709608349661984], [-3.5467089229778366, 50.70934431821436], [-3.54694232511313, 50.70926682549008], [-3.5482116045735226, 50.70971993541566], [-3.5481456170136147, 50.71010943950681]]]}}, {"type": "Feature", "properties": {"type": "postcode-cell", "postcode": "EX2 9HF", "postcodes": ["EX2 9HF"]}, "geometry": {"type": "Polygon", "coordinates": [[[-3.54694232511313, 50.70926682549008], [-3.5467089229778366, 50.70934431821436], [-3.5453131715051036, 50.708727278611825], [-3.5456552884513606, 50.708056709782916], [-3.546589779998693, 50.70730864496532], [-3.5477438599839033, 50.70684505077901], [-3.5479905886692396, 50.7070669738229], [-3.54694232511313, 50.70926682549008]]]}}, {"type": "Feature", "properties": {"type": "postcode-cell", "postcode": "EX2 9HG", "postcodes": ["EX2 9HG"]}, "geometry": {"type": "Polygon", "coordinates": [[[-3.548256448472218, 50.71023737070685], [-3.5475589842719013, 50.71097641432681], [-3.546770467097394, 50.71061048536191], [-3.546960778106292, 50.7103609315313], [-3.5481456170136147, 50.71010943950681], [-3.548256448472218, 50.71023737070685]]]}}, {"type": "Feature", "properties": {"type": "postcode-cell", "postcode": "EX2 9HQ", "postcodes": ["EX2 9HQ"]}, "geometry": {"type": "Polygon", "coordinates": [[[-3.5475589842719013, 50.71097641432681], [-3.547832061883363, 50.71135785220711], [-3.547032973018859, 50.71149157654701], [-3.5465208330747524, 50.71068985732217], [-3.546770467097394, 50.71061048536191], [-3.5475589842719013, 50.71097641432681]]]}}, {"type": "Feature", "properties": {"type": "postcode-cell", "postcode": "EX2 9JL", "postcodes": ["EX2 9JL"]}, "geometry": {"type": "Polygon", "coordinates": [[[-3.542615452993061, 50.708597384161166], [-3.544031506378569, 50.708410670824335], [-3.5447054244332112, 50.709029352666334], [-3.5445458974910333, 50.70923965257711], [-3.542483767692672, 50.71019814807658], [-3.542259107231471, 50.70916588187018], [-3.542615452993061, 50.708597384161166]]]}}, {"type": "Feature", "properties": {"type": "postcode-cell", "postcode": "EX2 9DY", "postcodes": ["EX2 9DY"]}, "geometry": {"type": "Polygon", "coordinates": [[[-3.542259107231471, 50.70916588187018], [-3.5414882012693942, 50.708778562858456], [-3.540726226883317, 50.70813671149709], [-3.5407763659761753, 50.70800747988255], [-3.541673307333544, 50.70794618570988], [-3.5426208977547864, 50.708432572662545], [-3.542615452993061, 50.708597384161166], [-3.542259107231471, 50.70916588187018]]]}}, {"type": "Feature", "properties": {"type": "postcode-cell", "postcode": "EX2 9DG", "postcodes": ["EX2 9DG"]}, "geometry": {"type": "Polygon", "coordinates": [[[-3.54262472253473, 50.71313648351061], [-3.5421024943657105, 50.71252373609968], [-3.5420771740952777, 50.71231091295794], [-3.542384137665025, 50.71209271144517], [-3.5450290887657325, 50.71089819099009], [-3.5465208330747524, 50.71068985732217], [-3.547032973018859, 50.71149157654701], [-3.5458762092492693, 50.71197590145186], [-3.5445299897625113, 50.711989994734246], [-3.5448337792498483, 50.71241233771234], [-3.544528988321862, 50.712539941866204], [-3.54262472253473, 50.71313648351061]]]}}, {"type": "Feature", "properties": {"type": "postcode-cell", "postcode": "EX2 9DH", "postcodes": ["EX2 9DH"]}, "geometry": {"type": "Polygon", "coordinates": [[[-3.5465208330747524, 50.71068985732217], [-3.5450290887657325, 50.71089819099009], [-3.5459022673429983, 50.7097565099026], [-3.54643453980254, 50.709608349661984], [-3.546960778106292, 50.7103609315313], [-3.546770467097394, 50.71061048536191], [-3.5465208330747524, 50.71068985732217]]]}}, {"type": "Feature", "properties": {"type": "postcode-cell", "postcode": "EX2 9DL", "postcodes": ["EX2 9DL"]}, "geometry": {"type": "Polygon", "coordinates": [[[-3.542384137665025, 50.71209271144517], [-3.5428099897615146, 50.711789994734126], [-3.5431299897620816, 50.711019994733526], [-3.542210643185468, 50.710793940033525], [-3.542483767692672, 50.71019814807658], [-3.5445458974910333, 50.70923965257711], [-3.5459022673429983, 50.7097565099026], [-3.5450290887657325, 50.71089819099009], [-3.542384137665025, 50.71209271144517]]]}}, {"type": "Feature", "properties": {"type": "postcode-cell", "postcode": "EX2 9JH", "postcodes": ["EX2 9JH"]}, "geometry": {"type": "Polygon", "coordinates": [[[-3.5456552884513606, 50.708056709782916], [-3.5441818452113605, 50.70813938145517], [-3.5439372230277573, 50.707892652075124], [-3.5445021471758205, 50.70737321202889], [-3.546589779998693, 50.70730864496532], [-3.5456552884513606, 50.708056709782916]]]}}, {"type": "Feature", "properties": {"type": "postcode-cell", "postcode": "EX2 9DJ", "postcodes": ["EX2 9DJ"]}, "geometry": {"type": "Polygon", "coordinates": [[[-3.54643453980254, 50.709608349661984], [-3.5459022673429983, 50.7097565099026], [-3.5445458974910333, 50.70923965257711], [-3.5447054244332112, 50.709029352666334], [-3.5453131715051036, 50.708727278611825], [-3.5467089229778366, 50.70934431821436], [-3.54643453980254, 50.709608349661984]]]}}, {"type": "Feature", "properties": {"type": "postcode-cell", "postcode": "EX2 9JJ", "postcodes": ["EX2 9JJ"]}, "geometry": {"type": "Polygon", "coordinates": [[[-3.544031506378569, 50.708410670824335], [-3.5441818452113605, 50.70813938145517], [-3.5456552884513606, 50.708056709782916], [-3.5453131715051036, 50.708727278611825], [-3.5447054244332112, 50.709029352666334], [-3.544031506378569, 50.708410670824335]]]}}, {"type": "Feature", "properties": {"type": "postcode-cell", "postcode": "EX2 9JW", "postcodes": ["EX2 9JW"]}, "geometry": {"type": "Polygon", "coordinates": [[[-3.5445021471758205, 50.70737321202889], [-3.5439372230277573, 50.707892652075124], [-3.5434298316638295, 50.70783980373117], [-3.5433968800677773, 50.70777454833807], [-3.5434390784547474, 50.70697984602769], [-3.5445021471758205, 50.70737321202889]]]}}, {"type": "Feature", "properties": {"type": "postcode-cell", "postcode": "EX2 9JQ", "postcodes": ["EX2 9JQ"]}, "geometry": {"type": "Polygon", "coordinates": [[[-3.5434390784547474, 50.70697984602769], [-3.5433890147620133, 50.70693574443611], [-3.5436363395677097, 50.70645023950357], [-3.544801404776588, 50.70533153161156], [-3.5473947360059825, 50.70393928170454], [-3.5477438599839033, 50.70684505077901], [-3.546589779998693, 50.70730864496532], [-3.5445021471758205, 50.70737321202889], [-3.5434390784547474, 50.70697984602769]]]}}, {"type": "Feature", "properties": {"type": "postcode-cell", "postcode": "EX2 9JP", "postcodes": ["EX2 9JP"]}, "geometry": {"type": "Polygon", "coordinates": [[[-3.5434390784547474, 50.70697984602769], [-3.5433968800677773, 50.70777454833807], [-3.542552564450403, 50.70753184436532], [-3.54298809066869, 50.707002105450414], [-3.5433890147620133, 50.70693574443611], [-3.5434390784547474, 50.70697984602769]]]}}, {"type": "Feature", "properties": {"type": "postcode-cell", "postcode": "EX2 9JN", "postcodes": ["EX2 9JN"]}, "geometry": {"type": "Polygon", "coordinates": [[[-3.544031506378569, 50.708410670824335], [-3.542615452993061, 50.708597384161166], [-3.5426208977547864, 50.708432572662545], [-3.5426305878337905, 50.70841237826258], [-3.5434298316638295, 50.70783980373117], [-3.5439372230277573, 50.707892652075124], [-3.5441818452113605, 50.70813938145517], [-3.544031506378569, 50.708410670824335]]]}}, {"type": "Feature", "properties": {"type": "postcode-cell", "postcode": "EX2 9JS", "postcodes": ["EX2 9JS"]}, "geometry": {"type": "Polygon", "coordinates": [[[-3.5423659747666467, 50.70762876591515], [-3.542552564450403, 50.70753184436532], [-3.5433968800677773, 50.70777454833807], [-3.5434298316638295, 50.70783980373117], [-3.5426305878337905, 50.70841237826258], [-3.5423659747666467, 50.70762876591515]]]}}, {"type": "Feature", "properties": {"type": "postcode-cell", "postcode": "EX2 9JT", "postcodes": ["EX2 9JT"]}, "geometry": {"type": "Polygon", "coordinates": [[[-3.5426305878337905, 50.70841237826258], [-3.5426208977547864, 50.708432572662545], [-3.541673307333544, 50.70794618570988], [-3.5419451500013763, 50.707541543616976], [-3.5423659747666467, 50.70762876591515], [-3.5426305878337905, 50.70841237826258]]]}}, {"type": "Feature", "properties": {"type": "postcode-cell", "postcode": "EX2 8YT", "postcodes": ["EX2 8YT"]}, "geometry": {"type": "Polygon", "coordinates": [[[-3.541384839109624, 50.69921319710669], [-3.5398915389087207, 50.69871177339589], [-3.539869840002323, 50.69839263776344], [-3.5420016443118105, 50.69775308150307], [-3.5426511678124784, 50.69883108373414], [-3.541384839109624, 50.69921319710669]]]}}, {"type": "Feature", "properties": {"type": "postcode-cell", "postcode": "EX2 9JG", "postcodes": ["EX2 9JG"]}, "geometry": {"type": "Polygon", "coordinates": [[[-3.5433890147620133, 50.70693574443611], [-3.54298809066869, 50.707002105450414], [-3.541636232042885, 50.70677881757295], [-3.5423019068012755, 50.706317250054944], [-3.5436363395677097, 50.70645023950357], [-3.5433890147620133, 50.70693574443611]]]}}, {"type": "Feature", "properties": {"type": "postcode-cell", "postcode": "EX2 9JE", "postcodes": ["EX2 9JE"]}, "geometry": {"type": "Polygon", "coordinates": [[[-3.5436363395677097, 50.70645023950357], [-3.5423019068012755, 50.706317250054944], [-3.5423496325632193, 50.70577173183562], [-3.544801404776588, 50.70533153161156], [-3.5436363395677097, 50.70645023950357]]]}}, {"type": "Feature", "properties": {"type": "postcode-cell", "postcode": "EX2 9DX", "postcodes": ["EX2 9DX"]}, "geometry": {"type": "Polygon", "coordinates": [[[-3.542483767692672, 50.71019814807658], [-3.542210643185468, 50.710793940033525], [-3.54153496792267, 50.71062779471992], [-3.540178712497546, 50.709593462400875], [-3.540134423537594, 50.70887069667924], [-3.5414882012693942, 50.708778562858456], [-3.542259107231471, 50.70916588187018], [-3.542483767692672, 50.71019814807658]]]}}, {"type": "Feature", "properties": {"type": "postcode-cell", "postcode": "EX2 9FE", "postcodes": ["EX2 9FE"]}, "geometry": {"type": "Polygon", "coordinates": [[[-3.5416003210923037, 50.705642806144674], [-3.541025046815199, 50.705706449189535], [-3.5417896597985035, 50.7037931668439], [-3.5424995509647474, 50.70327552365515], [-3.5433565131583413, 50.70309758036916], [-3.543760524688362, 50.7031455269452], [-3.5416003210923037, 50.705642806144674]]]}}, {"type": "Feature", "properties": {"type": "postcode-cell", "postcode": "EX2 8YJ", "postcodes": ["EX2 8YJ"]}, "geometry": {"type": "Polygon", "coordinates": [[[-3.539502940440874, 50.697475177064845], [-3.539232031262097, 50.69721625976327], [-3.5393171823312124, 50.69684423712064], [-3.541303021142789, 50.696593528854464], [-3.541655742346834, 50.69717897220772], [-3.539502940440874, 50.697475177064845]]]}}, {"type": "Feature", "properties": {"type": "postcode-cell", "postcode": "EX2 9JR", "postcodes": ["EX2 9JR"]}, "geometry": {"type": "Polygon", "coordinates": [[[-3.54298809066869, 50.707002105450414], [-3.542552564450403, 50.70753184436532], [-3.5423659747666467, 50.70762876591515], [-3.5419451500013763, 50.707541543616976], [-3.5410745806872286, 50.70696741263811], [-3.5411484879250166, 50.70683625552755], [-3.541636232042885, 50.70677881757295], [-3.54298809066869, 50.707002105450414]]]}}, {"type": "Feature", "properties": {"type": "postcode-cell", "postcode": "EX2 9JF", "postcodes": ["EX2 9JF"]}, "geometry": {"type": "Polygon", "coordinates": [[[-3.5423019068012755, 50.706317250054944], [-3.541636232042885, 50.70677881757295], [-3.5411484879250166, 50.70683625552755], [-3.54051347949052, 50.70590378974531], [-3.540585086474285, 50.70585998152334], [-3.541025046815199, 50.705706449189535], [-3.5416003210923037, 50.705642806144674], [-3.5423496325632193, 50.70577173183562], [-3.5423019068012755, 50.706317250054944]]]}}, {"type": "Feature", "properties": {"type": "postcode-cell", "postcode": "EX2 8FB", "postcodes": ["EX2 8FB"]}, "geometry": {"type": "Polygon", "coordinates": [[[-3.5417457880987806, 50.70090509130705], [-3.5402106987327246, 50.70091567613066], [-3.540187897337033, 50.70090755809138], [-3.5409618386319925, 50.69995395240795], [-3.5417212838220102, 50.70036820218053], [-3.5417457880987806, 50.70090509130705]]]}}, {"type": "Feature", "properties": {"type": "postcode-cell", "postcode": "EX2 9JX", "postcodes": ["EX2 9JX"]}, "geometry": {"type": "Polygon", "coordinates": [[[-3.541673307333544, 50.70794618570988], [-3.5407763659761753, 50.70800747988255], [-3.540613345759257, 50.70728620860177], [-3.5410745806872286, 50.70696741263811], [-3.5419451500013763, 50.707541543616976], [-3.541673307333544, 50.70794618570988]]]}}, {"type": "Feature", "properties": {"type": "postcode-cell", "postcode": "EX2 9JU", "postcodes": ["EX2 9JU"]}, "geometry": {"type": "Polygon", "coordinates": [[[-3.5410745806872286, 50.70696741263811], [-3.540613345759257, 50.70728620860177], [-3.5398784434605037, 50.707314079371066], [-3.538540942376064, 50.70661546167062], [-3.538400358222556, 50.706479376393915], [-3.5380937501721097, 50.70602037627593], [-3.5384894903840167, 50.70583907491145], [-3.539099306670107, 50.70578387104495], [-3.54051347949052, 50.70590378974531], [-3.5411484879250166, 50.70683625552755], [-3.5410745806872286, 50.70696741263811]]]}}, {"type": "Feature", "properties": {"type": "postcode-cell", "postcode": "EX2 8TL", "postcodes": ["EX2 8TL"]}, "geometry": {"type": "Polygon", "coordinates": [[[-3.5429956552481174, 50.70278147064732], [-3.5405264153875375, 50.701757646385964], [-3.5402106987327246, 50.70091567613066], [-3.5417457880987806, 50.70090509130705], [-3.5417817610806583, 50.700930118022065], [-3.5429956552481174, 50.70278147064732]]]}}, {"type": "Feature", "properties": {"type": "postcode-cell", "postcode": "EX2 8UY", "postcodes": ["EX2 8UY"]}, "geometry": {"type": "Polygon", "coordinates": [[[-3.5417212838220102, 50.70036820218053], [-3.5409618386319925, 50.69995395240795], [-3.5407946637191907, 50.69975421712346], [-3.541384839109624, 50.69921319710669], [-3.5426511678124784, 50.69883108373414], [-3.5429999897675133, 50.699409994724384], [-3.5431252606734973, 50.69953628364591], [-3.5417212838220102, 50.70036820218053]]]}}, {"type": "Feature", "properties": {"type": "postcode-cell", "postcode": "EX2 8YH", "postcodes": ["EX2 8YH"]}, "geometry": {"type": "Polygon", "coordinates": [[[-3.5393171823312124, 50.69684423712064], [-3.538792955656274, 50.69631120492078], [-3.540639913638268, 50.69549286588165], [-3.541303021142789, 50.696593528854464], [-3.5393171823312124, 50.69684423712064]]]}}, {"type": "Feature", "properties": {"type": "postcode-cell", "postcode": "EX2 9JY", "postcodes": ["EX2 9JY"]}, "geometry": {"type": "Polygon", "coordinates": [[[-3.540726226883317, 50.70813671149709], [-3.5403896500174423, 50.708238322452466], [-3.5395891867482026, 50.70797474503694], [-3.539590842662493, 50.70753074550711], [-3.5398784434605037, 50.707314079371066], [-3.540613345759257, 50.70728620860177], [-3.5407763659761753, 50.70800747988255], [-3.540726226883317, 50.70813671149709]]]}}, {"type": "Feature", "properties": {"type": "postcode-cell", "postcode": "EX2 9DZ", "postcodes": ["EX2 9DZ"]}, "geometry": {"type": "Polygon", "coordinates": [[[-3.5414882012693942, 50.708778562858456], [-3.540134423537594, 50.70887069667924], [-3.5398567188516328, 50.70860431179051], [-3.5403896500174423, 50.708238322452466], [-3.540726226883317, 50.70813671149709], [-3.5414882012693942, 50.708778562858456]]]}}, {"type": "Feature", "properties": {"type": "postcode-cell", "postcode": "EX2 9JB", "postcodes": ["EX2 9JB"]}, "geometry": {"type": "Polygon", "coordinates": [[[-3.540585086474285, 50.70585998152334], [-3.540537599309476, 50.704423778412576], [-3.5417896597985035, 50.7037931668439], [-3.541025046815199, 50.705706449189535], [-3.540585086474285, 50.70585998152334]]]}}, {"type": "Feature", "properties": {"type": "postcode-cell", "postcode": "EX2 8YN", "postcodes": ["EX2 8YN"]}, "geometry": {"type": "Polygon", "coordinates": [[[-3.5398915389087207, 50.69871177339589], [-3.539063317727543, 50.69962164707311], [-3.5386855705042803, 50.69964088100783], [-3.538314088869554, 50.69913936156005], [-3.5381058474148603, 50.698353931637925], [-3.5381311940881583, 50.6983204944001], [-3.538603244297569, 50.6981535175034], [-3.539297106270396, 50.69810320003678], [-3.539869840002323, 50.69839263776344], [-3.5398915389087207, 50.69871177339589]]]}}, {"type": "Feature", "properties": {"type": "postcode-cell", "postcode": "EX2 8UT", "postcodes": ["EX2 8UT"]}, "geometry": {"type": "Polygon", "coordinates": [[[-3.5409618386319925, 50.69995395240795], [-3.540187897337033, 50.70090755809138], [-3.540021394671958, 50.700883054722404], [-3.539448475036335, 50.69976462617203], [-3.5407946637191907, 50.69975421712346], [-3.5409618386319925, 50.69995395240795]]]}}, {"type": "Feature", "properties": {"type": "postcode-cell", "postcode": "EX2 8TP", "postcodes": ["EX2 8TP"]}, "geometry": {"type": "Polygon", "coordinates": [[[-3.5433565131583413, 50.70309758036916], [-3.5424995509647474, 50.70327552365515], [-3.5396650019947278, 50.703069323386536], [-3.5390257004830197, 50.702343286232264], [-3.5394389653902367, 50.70190676366346], [-3.5405264153875375, 50.701757646385964], [-3.5429956552481174, 50.70278147064732], [-3.5433565131583413, 50.70309758036916]]]}}, {"type": "Feature", "properties": {"type": "postcode-cell", "postcode": "EX2 8YU", "postcodes": ["EX2 8YU"]}, "geometry": {"type": "Polygon", "coordinates": [[[-3.5407946637191907, 50.69975421712346], [-3.539448475036335, 50.69976462617203], [-3.539063317727543, 50.69962164707311], [-3.5398915389087207, 50.69871177339589], [-3.541384839109624, 50.69921319710669], [-3.5407946637191907, 50.69975421712346]]]}}, {"type": "Feature", "properties": {"type": "postcode-cell", "postcode": "EX2 9HY", "postcodes": ["EX2 9HY"]}, "geometry": {"type": "Polygon", "coordinates": [[[-3.54051347949052, 50.70590378974531], [-3.539099306670107, 50.70578387104495], [-3.540032587942192, 50.70451115387961], [-3.540537599309476, 50.704423778412576], [-3.540585086474285, 50.70585998152334], [-3.54051347949052, 50.70590378974531]]]}}, {"type": "Feature", "properties": {"type": "postcode-cell", "postcode": "EX2 8RQ", "postcodes": ["EX2 8RQ"]}, "geometry": {"type": "Polygon", "coordinates": [[[-3.540021394671958, 50.700883054722404], [-3.539269598260532, 50.70111267473149], [-3.537465218760251, 50.7008722998864], [-3.5377798871900916, 50.70011931194993], [-3.5386855705042803, 50.69964088100783], [-3.539063317727543, 50.69962164707311], [-3.539448475036335, 50.69976462617203], [-3.540021394671958, 50.700883054722404]]]}}, {"type": "Feature", "properties": {"type": "postcode-cell", "postcode": "EX2 8TN", "postcodes": ["EX2 8TN"]}, "geometry": {"type": "Polygon", "coordinates": [[[-3.5402106987327246, 50.70091567613066], [-3.5405264153875375, 50.701757646385964], [-3.5394389653902367, 50.70190676366346], [-3.539269598260532, 50.70111267473149], [-3.540021394671958, 50.700883054722404], [-3.540187897337033, 50.70090755809138], [-3.5402106987327246, 50.70091567613066]]]}}, {"type": "Feature", "properties": {"type": "postcode-cell", "postcode": "EX2 8JE", "postcodes": ["EX2 8JE"]}, "geometry": {"type": "MultiPolygon", "coordinates": [[[[-3.5421024943657105, 50.71252373609968], [-3.541979989760707, 50.712379994734604], [-3.5420771740952777, 50.71231091295794], [-3.5421024943657105, 50.71252373609968]]], [[[-3.537210698063256, 50.71205794396082], [-3.536761863709408, 50.71166071497276], [-3.5369661822362866, 50.7114088305501], [-3.5375928143058495, 50.71125213821864], [-3.537230939528328, 50.71206277010969], [-3.537210698063256, 50.71205794396082]]]]}}, {"type": "Feature", "properties": {"type": "postcode-cell", "postcode": "EX2 9JA", "postcodes": ["EX2 9JA"]}, "geometry": {"type": "Polygon", "coordinates": [[[-3.5417896597985035, 50.7037931668439], [-3.540537599309476, 50.704423778412576], [-3.540032587942192, 50.70451115387961], [-3.538535632490884, 50.70414666697856], [-3.5387108952894186, 50.70357881120788], [-3.5396650019947278, 50.703069323386536], [-3.5424995509647474, 50.70327552365515], [-3.5417896597985035, 50.7037931668439]]]}}, {"type": "Feature", "properties": {"type": "postcode-cell", "postcode": "EX2 8YS", "postcodes": ["EX2 8YS"]}, "geometry": {"type": "Polygon", "coordinates": [[[-3.539869840002323, 50.69839263776344], [-3.539297106270396, 50.69810320003678], [-3.539502940440874, 50.697475177064845], [-3.541655742346834, 50.69717897220772], [-3.5420016443118105, 50.69775308150307], [-3.539869840002323, 50.69839263776344]]]}}, {"type": "Feature", "properties": {"type": "postcode-cell", "postcode": "EX2 8TW", "postcodes": ["EX2 8TW"]}, "geometry": {"type": "Polygon", "coordinates": [[[-3.5394389653902367, 50.70190676366346], [-3.5390257004830197, 50.702343286232264], [-3.53839328365127, 50.702204858533484], [-3.53716524540631, 50.7014573870648], [-3.5373583622436637, 50.700941855123695], [-3.537465218760251, 50.7008722998864], [-3.539269598260532, 50.70111267473149], [-3.5394389653902367, 50.70190676366346]]]}}, {"type": "Feature", "properties": {"type": "postcode-cell", "postcode": "EX2 8YE", "postcodes": ["EX2 8YE"]}, "geometry": {"type": "Polygon", "coordinates": [[[-3.539502940440874, 50.697475177064845], [-3.539297106270396, 50.69810320003678], [-3.538603244297569, 50.6981535175034], [-3.538241301937069, 50.69727501345634], [-3.539232031262097, 50.69721625976327], [-3.539502940440874, 50.697475177064845]]]}}, {"type": "Feature", "properties": {"type": "postcode-cell", "postcode": "EX2 9JZ", "postcodes": ["EX2 9JZ"]}, "geometry": {"type": "Polygon", "coordinates": [[[-3.5403896500174423, 50.708238322452466], [-3.5398567188516328, 50.70860431179051], [-3.539610497731278, 50.708609233604356], [-3.5394179599627216, 50.70807107921869], [-3.5395891867482026, 50.70797474503694], [-3.5403896500174423, 50.708238322452466]]]}}, {"type": "Feature", "properties": {"type": "postcode-cell", "postcode": "EX2 9HZ", "postcodes": ["EX2 9HZ"]}, "geometry": {"type": "Polygon", "coordinates": [[[-3.5384894903840167, 50.70583907491145], [-3.5384557880598035, 50.70421001464744], [-3.538535632490884, 50.70414666697856], [-3.540032587942192, 50.70451115387961], [-3.539099306670107, 50.70578387104495], [-3.5384894903840167, 50.70583907491145]]]}}, {"type": "Feature", "properties": {"type": "postcode-cell", "postcode": "EX2 9LE", "postcodes": ["EX2 9LE"]}, "geometry": {"type": "Polygon", "coordinates": [[[-3.5395891867482026, 50.70797474503694], [-3.5394179599627216, 50.70807107921869], [-3.538814756555846, 50.708078510000234], [-3.538664104047072, 50.7077411198088], [-3.539590842662493, 50.70753074550711], [-3.5395891867482026, 50.70797474503694]]]}}, {"type": "Feature", "properties": {"type": "postcode-cell", "postcode": "EX2 9EB", "postcodes": ["EX2 9EB"]}, "geometry": {"type": "Polygon", "coordinates": [[[-3.5386488581587723, 50.70883155718671], [-3.538834823209987, 50.70867237359216], [-3.5393732309263535, 50.708665287073174], [-3.5396379755150282, 50.70943057002142], [-3.539580622018636, 50.7094267934322], [-3.5389601540034024, 50.70925196212972], [-3.5386488581587723, 50.70883155718671]]]}}, {"type": "Feature", "properties": {"type": "postcode-cell", "postcode": "EX2 8JB", "postcodes": ["EX2 8JB"]}, "geometry": {"type": "Polygon", "coordinates": [[[-3.5389601540034024, 50.70925196212972], [-3.5385280933686687, 50.70960672229826], [-3.537703481765838, 50.70954637306652], [-3.5376229140033866, 50.70951710213352], [-3.5372171062883413, 50.709159032523736], [-3.5386488581587723, 50.70883155718671], [-3.5389601540034024, 50.70925196212972]]]}}, {"type": "Feature", "properties": {"type": "postcode-cell", "postcode": "EX2 8UE", "postcodes": ["EX2 8UE"]}, "geometry": {"type": "Polygon", "coordinates": [[[-3.5381058474148603, 50.698353931637925], [-3.53674655913493, 50.69863546899951], [-3.5366637422111085, 50.69764134226608], [-3.5375163345697, 50.69786908938614], [-3.5381311940881583, 50.6983204944001], [-3.5381058474148603, 50.698353931637925]]]}}, {"type": "Feature", "properties": {"type": "postcode-cell", "postcode": "EX2 9LF", "postcodes": ["EX2 9LF"]}, "geometry": {"type": "Polygon", "coordinates": [[[-3.539590842662493, 50.70753074550711], [-3.538664104047072, 50.7077411198088], [-3.538608992169169, 50.70771880055463], [-3.538540942376064, 50.70661546167062], [-3.5398784434605037, 50.707314079371066], [-3.539590842662493, 50.70753074550711]]]}}, {"type": "Feature", "properties": {"type": "postcode-cell", "postcode": "EX2 8SQ", "postcodes": ["EX2 8SQ"]}, "geometry": {"type": "Polygon", "coordinates": [[[-3.5396650019947278, 50.703069323386536], [-3.5387108952894186, 50.70357881120788], [-3.537255008891516, 50.70312716898801], [-3.537251258676259, 50.70312047766626], [-3.53839328365127, 50.702204858533484], [-3.5390257004830197, 50.702343286232264], [-3.5396650019947278, 50.703069323386536]]]}}, {"type": "Feature", "properties": {"type": "postcode-cell", "postcode": "EX2 9LA", "postcodes": ["EX2 9LA"]}, "geometry": {"type": "Polygon", "coordinates": [[[-3.539610497731278, 50.708609233604356], [-3.5393732309263535, 50.708665287073174], [-3.538834823209987, 50.70867237359216], [-3.5386751325498538, 50.708377642584644], [-3.538814756555846, 50.708078510000234], [-3.5394179599627216, 50.70807107921869], [-3.539610497731278, 50.708609233604356]]]}}, {"type": "Feature", "properties": {"type": "postcode-cell", "postcode": "EX2 9LD", "postcodes": ["EX2 9LD"]}, "geometry": {"type": "Polygon", "coordinates": [[[-3.538814756555846, 50.708078510000234], [-3.5386751325498538, 50.708377642584644], [-3.5378335398806926, 50.70822597859577], [-3.5384512518471922, 50.707726272313465], [-3.538608992169169, 50.70771880055463], [-3.538664104047072, 50.7077411198088], [-3.538814756555846, 50.708078510000234]]]}}, {"type": "Feature", "properties": {"type": "postcode-cell", "postcode": "EX2 8HZ", "postcodes": ["EX2 8HZ"]}, "geometry": {"type": "Polygon", "coordinates": [[[-3.537703481765838, 50.70954637306652], [-3.5385280933686687, 50.70960672229826], [-3.5387747997278214, 50.70975327621531], [-3.53914663878726, 50.71041481485479], [-3.5391299897598225, 50.710429994733104], [-3.538433849383269, 50.71037455126319], [-3.537703481765838, 50.70954637306652]]]}}, {"type": "Feature", "properties": {"type": "postcode-cell", "postcode": "EX2 9LG", "postcodes": ["EX2 9LG"]}, "geometry": {"type": "Polygon", "coordinates": [[[-3.538540942376064, 50.70661546167062], [-3.538608992169169, 50.70771880055463], [-3.5384512518471922, 50.707726272313465], [-3.537828392793618, 50.70760764943799], [-3.538400358222556, 50.706479376393915], [-3.538540942376064, 50.70661546167062]]]}}, {"type": "Feature", "properties": {"type": "postcode-cell", "postcode": "EX2 8YD", "postcodes": ["EX2 8YD"]}, "geometry": {"type": "Polygon", "coordinates": [[[-3.539232031262097, 50.69721625976327], [-3.538241301937069, 50.69727501345634], [-3.53815241626479, 50.69724514986052], [-3.5380899455672483, 50.69719693691107], [-3.538573860538258, 50.69629726777627], [-3.538792955656274, 50.69631120492078], [-3.5393171823312124, 50.69684423712064], [-3.539232031262097, 50.69721625976327]]]}}, {"type": "Feature", "properties": {"type": "postcode-cell", "postcode": "EX2 8YG", "postcodes": ["EX2 8YG"]}, "geometry": {"type": "Polygon", "coordinates": [[[-3.5374996527082727, 50.696551043424414], [-3.5372912988076415, 50.696566359881004], [-3.5366240438637173, 50.69622789838672], [-3.5379455863983584, 50.69579583021191], [-3.538318629974552, 50.69620926851345], [-3.5374996527082727, 50.696551043424414]]]}}, {"type": "Feature", "properties": {"type": "postcode-cell", "postcode": "EX2 8YF", "postcodes": ["EX2 8YF"]}, "geometry": {"type": "Polygon", "coordinates": [[[-3.538318629974552, 50.69620926851345], [-3.538573860538258, 50.69629726777627], [-3.5380899455672483, 50.69719693691107], [-3.53787912950059, 50.69715929989703], [-3.5374996527082727, 50.696551043424414], [-3.538318629974552, 50.69620926851345]]]}}, {"type": "Feature", "properties": {"type": "postcode-cell", "postcode": "EX2 8YQ", "postcodes": ["EX2 8YQ"]}, "geometry": {"type": "Polygon", "coordinates": [[[-3.538792955656274, 50.69631120492078], [-3.538573860538258, 50.69629726777627], [-3.538318629974552, 50.69620926851345], [-3.5379455863983584, 50.69579583021191], [-3.537778574431375, 50.69514162776964], [-3.537839905149598, 50.69504610165773], [-3.539095860761347, 50.694380363623544], [-3.5398561284288124, 50.6941918223216], [-3.540639913638268, 50.69549286588165], [-3.538792955656274, 50.69631120492078]]]}}, {"type": "Feature", "properties": {"type": "postcode-cell", "postcode": "EX2 8JA", "postcodes": ["EX2 8JA"]}, "geometry": {"type": "Polygon", "coordinates": [[[-3.5385280933686687, 50.70960672229826], [-3.5389601540034024, 50.70925196212972], [-3.539580622018636, 50.7094267934322], [-3.5387747997278214, 50.70975327621531], [-3.5385280933686687, 50.70960672229826]]]}}, {"type": "Feature", "properties": {"type": "postcode-cell", "postcode": "EX2 8UJ", "postcodes": ["EX2 8UJ"]}, "geometry": {"type": "Polygon", "coordinates": [[[-3.538603244297569, 50.6981535175034], [-3.5381311940881583, 50.6983204944001], [-3.5375163345697, 50.69786908938614], [-3.53815241626479, 50.69724514986052], [-3.538241301937069, 50.69727501345634], [-3.538603244297569, 50.6981535175034]]]}}, {"type": "Feature", "properties": {"type": "postcode-cell", "postcode": "EX2 8FX", "postcodes": ["EX2 8FX"]}, "geometry": {"type": "Polygon", "coordinates": [[[-3.5384557880598035, 50.70421001464744], [-3.5375687489322907, 50.70425742674336], [-3.53707769052692, 50.70383476459726], [-3.536970436994069, 50.703393820892806], [-3.537255008891516, 50.70312716898801], [-3.5387108952894186, 50.70357881120788], [-3.538535632490884, 50.70414666697856], [-3.5384557880598035, 50.70421001464744]]]}}, {"type": "Feature", "properties": {"type": "postcode-cell", "postcode": "EX2 8UL", "postcodes": ["EX2 8UL"]}, "geometry": {"type": "Polygon", "coordinates": [[[-3.538314088869554, 50.69913936156005], [-3.5365538466383484, 50.69890114876516], [-3.5365866124528296, 50.698752382042734], [-3.53674655913493, 50.69863546899951], [-3.5381058474148603, 50.698353931637925], [-3.538314088869554, 50.69913936156005]]]}}, {"type": "Feature", "properties": {"type": "postcode-cell", "postcode": "EX2 9LB", "postcodes": ["EX2 9LB"]}, "geometry": {"type": "Polygon", "coordinates": [[[-3.538834823209987, 50.70867237359216], [-3.5386488581587723, 50.70883155718671], [-3.5372171062883413, 50.709159032523736], [-3.5371825873585534, 50.70914903795635], [-3.5369056592192796, 50.70868679282119], [-3.5375699168534402, 50.70824702424646], [-3.5378335398806926, 50.70822597859577], [-3.5386751325498538, 50.708377642584644], [-3.538834823209987, 50.70867237359216]]]}}, {"type": "Feature", "properties": {"type": "postcode-cell", "postcode": "EX2 8UH", "postcodes": ["EX2 8UH"]}, "geometry": {"type": "Polygon", "coordinates": [[[-3.5375163345697, 50.69786908938614], [-3.5366637422111085, 50.69764134226608], [-3.53659353993523, 50.69758850236836], [-3.536850399685643, 50.697251132994175], [-3.53787912950059, 50.69715929989703], [-3.5380899455672483, 50.69719693691107], [-3.53815241626479, 50.69724514986052], [-3.5375163345697, 50.69786908938614]]]}}, {"type": "Feature", "properties": {"type": "postcode-cell", "postcode": "EX2 8HR", "postcodes": ["EX2 8HR"]}, "geometry": {"type": "Polygon", "coordinates": [[[-3.536283743376658, 50.71268833660129], [-3.5361709168336932, 50.712348816184594], [-3.537210698063256, 50.71205794396082], [-3.537230939528328, 50.71206277010969], [-3.536883486648864, 50.712841068878575], [-3.536283743376658, 50.71268833660129]]]}}, {"type": "Feature", "properties": {"type": "postcode-cell", "postcode": "EX2 8AA", "postcodes": ["EX2 8AA"]}, "geometry": {"type": "Polygon", "coordinates": [[[-3.5369056592192796, 50.70868679282119], [-3.5358073434239503, 50.708176975828025], [-3.5357936428312278, 50.70815511881281], [-3.5360226221873896, 50.70747241164629], [-3.536539153743252, 50.70729061464464], [-3.5375349410974986, 50.70765824774348], [-3.5375699168534402, 50.70824702424646], [-3.5369056592192796, 50.70868679282119]]]}}, {"type": "Feature", "properties": {"type": "postcode-cell", "postcode": "EX2 8SA", "postcodes": ["EX2 8SA"]}, "geometry": {"type": "Polygon", "coordinates": [[[-3.5380937501721097, 50.70602037627593], [-3.5377678344608814, 50.706027612283286], [-3.536813649601654, 50.70570550465408], [-3.5367333441678945, 50.705484750939256], [-3.537180202867058, 50.704408950137214], [-3.5375687489322907, 50.70425742674336], [-3.5384557880598035, 50.70421001464744], [-3.5384894903840167, 50.70583907491145], [-3.5380937501721097, 50.70602037627593]]]}}, {"type": "Feature", "properties": {"type": "postcode-cell", "postcode": "EX2 8UR", "postcodes": ["EX2 8UR"]}, "geometry": {"type": "Polygon", "coordinates": [[[-3.5386855705042803, 50.69964088100783], [-3.5377798871900916, 50.70011931194993], [-3.5362782927944423, 50.69931246369889], [-3.5365538466383484, 50.69890114876516], [-3.538314088869554, 50.69913936156005], [-3.5386855705042803, 50.69964088100783]]]}}, {"type": "Feature", "properties": {"type": "postcode-cell", "postcode": "EX2 8NA", "postcodes": ["EX2 8NA"]}, "geometry": {"type": "Polygon", "coordinates": [[[-3.538400358222556, 50.706479376393915], [-3.537828392793618, 50.70760764943799], [-3.5375349410974986, 50.70765824774348], [-3.536539153743252, 50.70729061464464], [-3.5377678344608814, 50.706027612283286], [-3.5380937501721097, 50.70602037627593], [-3.538400358222556, 50.706479376393915]]]}}, {"type": "Feature", "properties": {"type": "postcode-cell", "postcode": "EX2 9LQ", "postcodes": ["EX2 9LQ"]}, "geometry": {"type": "Polygon", "coordinates": [[[-3.5384512518471922, 50.707726272313465], [-3.5378335398806926, 50.70822597859577], [-3.5375699168534402, 50.70824702424646], [-3.5375349410974986, 50.70765824774348], [-3.537828392793618, 50.70760764943799], [-3.5384512518471922, 50.707726272313465]]]}}, {"type": "Feature", "properties": {"type": "postcode-cell", "postcode": "EX2 8LG", "postcodes": ["EX2 8LG"]}, "geometry": {"type": "Polygon", "coordinates": [[[-3.5376229140033866, 50.70951710213352], [-3.537339230608032, 50.71023931480561], [-3.536857353174306, 50.71024572423979], [-3.5362675818326363, 50.70960794171388], [-3.5371825873585534, 50.70914903795635], [-3.5372171062883413, 50.709159032523736], [-3.5376229140033866, 50.70951710213352]]]}}, {"type": "Feature", "properties": {"type": "postcode-cell", "postcode": "EX2 8JD", "postcodes": ["EX2 8JD"]}, "geometry": {"type": "Polygon", "coordinates": [[[-3.537703481765838, 50.70954637306652], [-3.538433849383269, 50.71037455126319], [-3.537999989759148, 50.71033999473306], [-3.537849732800594, 50.710676600520145], [-3.537339230608032, 50.71023931480561], [-3.5376229140033866, 50.70951710213352], [-3.537703481765838, 50.70954637306652]]]}}, {"type": "Feature", "properties": {"type": "postcode-cell", "postcode": "EX2 8WG", "postcodes": ["EX2 8WG"]}, "geometry": {"type": "Polygon", "coordinates": [[[-3.5371840704424917, 50.693808388089074], [-3.536579112495152, 50.693663317677974], [-3.5365893093736904, 50.69317198849925], [-3.537322568103653, 50.69328453561658], [-3.5371840704424917, 50.693808388089074]]]}}, {"type": "Feature", "properties": {"type": "postcode-cell", "postcode": "EX2 8UX", "postcodes": ["EX2 8UX"]}, "geometry": {"type": "Polygon", "coordinates": [[[-3.537465218760251, 50.7008722998864], [-3.5373583622436637, 50.700941855123695], [-3.535103184356256, 50.70038466754475], [-3.535090370958505, 50.700373485602164], [-3.5350472868591925, 50.700254479323696], [-3.5360700718095215, 50.69935004385732], [-3.5362782927944423, 50.69931246369889], [-3.5377798871900916, 50.70011931194993], [-3.537465218760251, 50.7008722998864]]]}}, {"type": "Feature", "properties": {"type": "postcode-cell", "postcode": "EX2 8UQ", "postcodes": ["EX2 8UQ"]}, "geometry": {"type": "Polygon", "coordinates": [[[-3.53787912950059, 50.69715929989703], [-3.536850399685643, 50.697251132994175], [-3.536819858267285, 50.69713520371273], [-3.5372912988076415, 50.696566359881004], [-3.5374996527082727, 50.696551043424414], [-3.53787912950059, 50.69715929989703]]]}}, {"type": "Feature", "properties": {"type": "postcode-cell", "postcode": "EX2 8SG", "postcodes": ["EX2 8SG"]}, "geometry": {"type": "Polygon", "coordinates": [[[-3.53839328365127, 50.702204858533484], [-3.537251258676259, 50.70312047766626], [-3.53587670230617, 50.7022212840189], [-3.5359200295493918, 50.70216417492529], [-3.53716524540631, 50.7014573870648], [-3.53839328365127, 50.702204858533484]]]}}, {"type": "Feature", "properties": {"type": "postcode-cell", "postcode": "EX2 8UW", "postcodes": ["EX2 8UW"]}, "geometry": {"type": "Polygon", "coordinates": [[[-3.5365866124528296, 50.698752382042734], [-3.536032835533601, 50.69848145354022], [-3.5357339406016086, 50.698050197086665], [-3.5360771624277065, 50.697620881095126], [-3.53659353993523, 50.69758850236836], [-3.5366637422111085, 50.69764134226608], [-3.53674655913493, 50.69863546899951], [-3.5365866124528296, 50.698752382042734]]]}}, {"type": "Feature", "properties": {"type": "postcode-cell", "postcode": "EX2 8WJ", "postcodes": ["EX2 8WJ"]}, "geometry": {"type": "Polygon", "coordinates": [[[-3.537839905149598, 50.69504610165773], [-3.5360914123244185, 50.69446568723354], [-3.537361042082965, 50.69394100927578], [-3.539095860761347, 50.694380363623544], [-3.537839905149598, 50.69504610165773]]]}}, {"type": "Feature", "properties": {"type": "postcode-cell", "postcode": "EX2 8UG", "postcodes": ["EX2 8UG"]}, "geometry": {"type": "Polygon", "coordinates": [[[-3.5372912988076415, 50.696566359881004], [-3.536819858267285, 50.69713520371273], [-3.535737169211144, 50.69632797140954], [-3.5361010399365194, 50.696160370328414], [-3.5366240438637173, 50.69622789838672], [-3.5372912988076415, 50.696566359881004]]]}}, {"type": "Feature", "properties": {"type": "postcode-cell", "postcode": "EX2 8UF", "postcodes": ["EX2 8UF"]}, "geometry": {"type": "Polygon", "coordinates": [[[-3.536850399685643, 50.697251132994175], [-3.53659353993523, 50.69758850236836], [-3.5360771624277065, 50.697620881095126], [-3.535765787229407, 50.69748854591176], [-3.5347797412161013, 50.69647323931176], [-3.535737169211144, 50.69632797140954], [-3.536819858267285, 50.69713520371273], [-3.536850399685643, 50.697251132994175]]]}}, {"type": "Feature", "properties": {"type": "postcode-cell", "postcode": "EX2 8SF", "postcodes": ["EX2 8SF"]}, "geometry": {"type": "Polygon", "coordinates": [[[-3.536970436994069, 50.703393820892806], [-3.5361838779318284, 50.70363706735696], [-3.5356270676561845, 50.70339743923225], [-3.535345626780921, 50.702796627089434], [-3.5354754346075543, 50.702388647960184], [-3.53587670230617, 50.7022212840189], [-3.537251258676259, 50.70312047766626], [-3.537255008891516, 50.70312716898801], [-3.536970436994069, 50.703393820892806]]]}}, {"type": "Feature", "properties": {"type": "postcode-cell", "postcode": "EX2 8NH", "postcodes": ["EX2 8NH"]}, "geometry": {"type": "Polygon", "coordinates": [[[-3.5377678344608814, 50.706027612283286], [-3.536539153743252, 50.70729061464464], [-3.5360226221873896, 50.70747241164629], [-3.534829843879404, 50.706835931290776], [-3.5354862978215515, 50.7058824443955], [-3.536813649601654, 50.70570550465408], [-3.5377678344608814, 50.706027612283286]]]}}, {"type": "Feature", "properties": {"type": "postcode-cell", "postcode": "EX2 8AE", "postcodes": ["EX2 8AE"]}, "geometry": {"type": "Polygon", "coordinates": [[[-3.537778574431375, 50.69514162776964], [-3.536367944822512, 50.695567565970165], [-3.5358518183716425, 50.69523180645446], [-3.5356461634038596, 50.694419522386646], [-3.5360914123244185, 50.69446568723354], [-3.537839905149598, 50.69504610165773], [-3.537778574431375, 50.69514162776964]]]}}, {"type": "Feature", "properties": {"type": "postcode-cell", "postcode": "EX2 8UB", "postcodes": ["EX2 8UB"]}, "geometry": {"type": "Polygon", "coordinates": [[[-3.5379455863983584, 50.69579583021191], [-3.5366240438637173, 50.69622789838672], [-3.5361010399365194, 50.696160370328414], [-3.536367944822512, 50.695567565970165], [-3.537778574431375, 50.69514162776964], [-3.5379455863983584, 50.69579583021191]]]}}, {"type": "Feature", "properties": {"type": "postcode-cell", "postcode": "EX2 8NQ", "postcodes": ["EX2 8NQ"]}, "geometry": {"type": "Polygon", "coordinates": [[[-3.530712232936781, 50.69322992821168], [-3.530186932013329, 50.693094141100936], [-3.5300623494628063, 50.69280599776546], [-3.532144769183923, 50.69276262201167], [-3.530712232936781, 50.69322992821168]]]}}, {"type": "Feature", "properties": {"type": "postcode-cell", "postcode": "EX2 8WH", "postcodes": ["EX2 8WH"]}, "geometry": {"type": "Polygon", "coordinates": [[[-3.536579112495152, 50.693663317677974], [-3.535267112485956, 50.69422932192553], [-3.534849131390358, 50.694135250109206], [-3.533639143467922, 50.69357716421937], [-3.5337131654816263, 50.69273048225581], [-3.5365893093736904, 50.69317198849925], [-3.536579112495152, 50.693663317677974]]]}}, {"type": "Feature", "properties": {"type": "postcode-cell", "postcode": "EX2 8WB", "postcodes": ["EX2 8WB"]}, "geometry": {"type": "Polygon", "coordinates": [[[-3.537361042082965, 50.69394100927578], [-3.5360914123244185, 50.69446568723354], [-3.5356461634038596, 50.694419522386646], [-3.535267112485956, 50.69422932192553], [-3.536579112495152, 50.693663317677974], [-3.5371840704424917, 50.693808388089074], [-3.537361042082965, 50.69394100927578]]]}}, {"type": "Feature", "properties": {"type": "postcode-cell", "postcode": "EX2 8DQ", "postcodes": ["EX2 8DQ"]}, "geometry": {"type": "Polygon", "coordinates": [[[-3.53707769052692, 50.70383476459726], [-3.536168474979969, 50.70413782199667], [-3.5361838779318284, 50.70363706735696], [-3.536970436994069, 50.703393820892806], [-3.53707769052692, 50.70383476459726]]]}}, {"type": "Feature", "properties": {"type": "postcode-cell", "postcode": "EX2 8HP", "postcodes": ["EX2 8HP"]}, "geometry": {"type": "Polygon", "coordinates": [[[-3.536283743376658, 50.71268833660129], [-3.536883486648864, 50.712841068878575], [-3.5359999897557515, 50.714819994736615], [-3.5344318870479854, 50.713779173664044], [-3.536283743376658, 50.71268833660129]]]}}, {"type": "Feature", "properties": {"type": "postcode-cell", "postcode": "EX2 8AD", "postcodes": ["EX2 8AD"]}, "geometry": {"type": "Polygon", "coordinates": [[[-3.5356461634038596, 50.694419522386646], [-3.5358518183716425, 50.69523180645446], [-3.534691078967118, 50.69561269369512], [-3.534849131390358, 50.694135250109206], [-3.535267112485956, 50.69422932192553], [-3.5356461634038596, 50.694419522386646]]]}}, {"type": "Feature", "properties": {"type": "postcode-cell", "postcode": "EX2 8AB", "postcodes": ["EX2 8AB"]}, "geometry": {"type": "Polygon", "coordinates": [[[-3.535737169211144, 50.69632797140954], [-3.5347797412161013, 50.69647323931176], [-3.5346301992223754, 50.69645474591073], [-3.534548646038576, 50.69639136676567], [-3.534421915294296, 50.69591786690659], [-3.534691078967118, 50.69561269369512], [-3.5358518183716425, 50.69523180645446], [-3.536367944822512, 50.695567565970165], [-3.5361010399365194, 50.696160370328414], [-3.535737169211144, 50.69632797140954]]]}}, {"type": "Feature", "properties": {"type": "postcode-cell", "postcode": "EX2 8SB", "postcodes": ["EX2 8SB"]}, "geometry": {"type": "Polygon", "coordinates": [[[-3.537180202867058, 50.704408950137214], [-3.5362086566150923, 50.70420432285014], [-3.536156318709108, 50.70416620361825], [-3.536168474979969, 50.70413782199667], [-3.53707769052692, 50.70383476459726], [-3.5375687489322907, 50.70425742674336], [-3.537180202867058, 50.704408950137214]]]}}, {"type": "Feature", "properties": {"type": "postcode-cell", "postcode": "EX2 8JY", "postcodes": ["EX2 8JY"]}, "geometry": {"type": "Polygon", "coordinates": [[[-3.537849732800594, 50.710676600520145], [-3.537785012322113, 50.71082158588813], [-3.53724470358109, 50.71079810753335], [-3.5366569131344274, 50.710421658294436], [-3.536857353174306, 50.71024572423979], [-3.537339230608032, 50.71023931480561], [-3.537849732800594, 50.710676600520145]]]}}, {"type": "Feature", "properties": {"type": "postcode-cell", "postcode": "EX2 8SR", "postcodes": ["EX2 8SR"]}, "geometry": {"type": "Polygon", "coordinates": [[[-3.5367333441678945, 50.705484750939256], [-3.5362113899857057, 50.70500016064169], [-3.5362086566150923, 50.70420432285014], [-3.537180202867058, 50.704408950137214], [-3.5367333441678945, 50.705484750939256]]]}}, {"type": "Feature", "properties": {"type": "postcode-cell", "postcode": "EX2 8UU", "postcodes": ["EX2 8UU"]}, "geometry": {"type": "Polygon", "coordinates": [[[-3.5365538466383484, 50.69890114876516], [-3.5362782927944423, 50.69931246369889], [-3.5360700718095215, 50.69935004385732], [-3.5348830768633133, 50.69892579805072], [-3.534934242223738, 50.698670666117536], [-3.5349574164042172, 50.698656966329274], [-3.536032835533601, 50.69848145354022], [-3.5365866124528296, 50.698752382042734], [-3.5365538466383484, 50.69890114876516]]]}}, {"type": "Feature", "properties": {"type": "postcode-cell", "postcode": "EX2 8JZ", "postcodes": ["EX2 8JZ"]}, "geometry": {"type": "Polygon", "coordinates": [[[-3.53724470358109, 50.71079810753335], [-3.5364642335924406, 50.710954697682446], [-3.5363299764927683, 50.710513864911405], [-3.5366569131344274, 50.710421658294436], [-3.53724470358109, 50.71079810753335]]]}}, {"type": "Feature", "properties": {"type": "postcode-cell", "postcode": "EX2 8LA", "postcodes": ["EX2 8LA"]}, "geometry": {"type": "Polygon", "coordinates": [[[-3.5369661822362866, 50.7114088305501], [-3.536416788142314, 50.7110082328811], [-3.5364642335924406, 50.710954697682446], [-3.53724470358109, 50.71079810753335], [-3.537785012322113, 50.71082158588813], [-3.5375928143058495, 50.71125213821864], [-3.5369661822362866, 50.7114088305501]]]}}, {"type": "Feature", "properties": {"type": "postcode-cell", "postcode": "EX2 8LH", "postcodes": ["EX2 8LH"]}, "geometry": {"type": "Polygon", "coordinates": [[[-3.5371825873585534, 50.70914903795635], [-3.5362675818326363, 50.70960794171388], [-3.535706538272001, 50.70972561927013], [-3.5349910171930814, 50.7096680497994], [-3.5345620043849597, 50.70950262758286], [-3.5358073434239503, 50.708176975828025], [-3.5369056592192796, 50.70868679282119], [-3.5371825873585534, 50.70914903795635]]]}}, {"type": "Feature", "properties": {"type": "postcode-cell", "postcode": "EX2 8JX", "postcodes": ["EX2 8JX"]}, "geometry": {"type": "Polygon", "coordinates": [[[-3.536857353174306, 50.71024572423979], [-3.5366569131344274, 50.710421658294436], [-3.5363299764927683, 50.710513864911405], [-3.5360723732138126, 50.710432291410264], [-3.535706538272001, 50.70972561927013], [-3.5362675818326363, 50.70960794171388], [-3.536857353174306, 50.71024572423979]]]}}, {"type": "Feature", "properties": {"type": "postcode-cell", "postcode": "EX2 8TB", "postcodes": ["EX2 8TB"]}, "geometry": {"type": "Polygon", "coordinates": [[[-3.53716524540631, 50.7014573870648], [-3.5359200295493918, 50.70216417492529], [-3.5348656833686842, 50.70118351918449], [-3.535103184356256, 50.70038466754475], [-3.5373583622436637, 50.700941855123695], [-3.53716524540631, 50.7014573870648]]]}}, {"type": "Feature", "properties": {"type": "postcode-cell", "postcode": "EX2 8JG", "postcodes": ["EX2 8JG"]}, "geometry": {"type": "Polygon", "coordinates": [[[-3.537210698063256, 50.71205794396082], [-3.5361709168336932, 50.712348816184594], [-3.535846189623926, 50.712136035987015], [-3.5362186902984423, 50.711708151001346], [-3.5362651250323993, 50.71169015487899], [-3.536761863709408, 50.71166071497276], [-3.537210698063256, 50.71205794396082]]]}}, {"type": "Feature", "properties": {"type": "postcode-cell", "postcode": "EX2 8SD", "postcodes": ["EX2 8SD"]}, "geometry": {"type": "Polygon", "coordinates": [[[-3.5362086566150923, 50.70420432285014], [-3.5362113899857057, 50.70500016064169], [-3.5352023605368412, 50.70468377822534], [-3.535289319796329, 50.70425463256041], [-3.536156318709108, 50.70416620361825], [-3.5362086566150923, 50.70420432285014]]]}}, {"type": "Feature", "properties": {"type": "postcode-cell", "postcode": "EX2 8SH", "postcodes": ["EX2 8SH"]}, "geometry": {"type": "Polygon", "coordinates": [[[-3.536156318709108, 50.70416620361825], [-3.535289319796329, 50.70425463256041], [-3.534899599981162, 50.704010443170034], [-3.5356270676561845, 50.70339743923225], [-3.5361838779318284, 50.70363706735696], [-3.536168474979969, 50.70413782199667], [-3.536156318709108, 50.70416620361825]]]}}, {"type": "Feature", "properties": {"type": "postcode-cell", "postcode": "EX2 8JQ", "postcodes": ["EX2 8JQ"]}, "geometry": {"type": "Polygon", "coordinates": [[[-3.536761863709408, 50.71166071497276], [-3.5362651250323993, 50.71169015487899], [-3.53618895179767, 50.711074695597645], [-3.536416788142314, 50.7110082328811], [-3.5369661822362866, 50.7114088305501], [-3.536761863709408, 50.71166071497276]]]}}, {"type": "Feature", "properties": {"type": "postcode-cell", "postcode": "EX2 8UN", "postcodes": ["EX2 8UN"]}, "geometry": {"type": "Polygon", "coordinates": [[[-3.536032835533601, 50.69848145354022], [-3.5349574164042172, 50.698656966329274], [-3.535369300001312, 50.698131433076405], [-3.5357339406016086, 50.698050197086665], [-3.536032835533601, 50.69848145354022]]]}}, {"type": "Feature", "properties": {"type": "postcode-cell", "postcode": "EX2 8JH", "postcodes": ["EX2 8JH"]}, "geometry": {"type": "Polygon", "coordinates": [[[-3.5362651250323993, 50.71169015487899], [-3.5362186902984423, 50.711708151001346], [-3.5354428928290176, 50.7113578176757], [-3.5356395934002354, 50.71106221770962], [-3.53618895179767, 50.711074695597645], [-3.5362651250323993, 50.71169015487899]]]}}, {"type": "Feature", "properties": {"type": "postcode-cell", "postcode": "EX2 8JT", "postcodes": ["EX2 8JT"]}, "geometry": {"type": "Polygon", "coordinates": [[[-3.536416788142314, 50.7110082328811], [-3.53618895179767, 50.711074695597645], [-3.5356395934002354, 50.71106221770962], [-3.5355378432797258, 50.71095547756894], [-3.535612506029274, 50.71066849398294], [-3.5360723732138126, 50.710432291410264], [-3.5363299764927683, 50.710513864911405], [-3.5364642335924406, 50.710954697682446], [-3.536416788142314, 50.7110082328811]]]}}, {"type": "Feature", "properties": {"type": "postcode-cell", "postcode": "EX2 8SE", "postcodes": ["EX2 8SE"]}, "geometry": {"type": "Polygon", "coordinates": [[[-3.536813649601654, 50.70570550465408], [-3.5354862978215515, 50.7058824443955], [-3.534192658915591, 50.705301280083134], [-3.5352023605368412, 50.70468377822534], [-3.5362113899857057, 50.70500016064169], [-3.5367333441678945, 50.705484750939256], [-3.536813649601654, 50.70570550465408]]]}}, {"type": "Feature", "properties": {"type": "postcode-cell", "postcode": "EX2 8JF", "postcodes": ["EX2 8JF"]}, "geometry": {"type": "Polygon", "coordinates": [[[-3.536283743376658, 50.71268833660129], [-3.5344318870479854, 50.713779173664044], [-3.5337099897550197, 50.71329999473546], [-3.533340771253535, 50.71313989529052], [-3.5354189760864023, 50.71212032764328], [-3.535846189623926, 50.712136035987015], [-3.5361709168336932, 50.712348816184594], [-3.536283743376658, 50.71268833660129]]]}}, {"type": "Feature", "properties": {"type": "postcode-cell", "postcode": "EX2 8LX", "postcodes": ["EX2 8LX"]}, "geometry": {"type": "Polygon", "coordinates": [[[-3.530005516374385, 50.7103150748228], [-3.530892651272525, 50.710514560245876], [-3.5312994156842414, 50.71225468749777], [-3.529489989753212, 50.71146999473407], [-3.5289943671995063, 50.711171027856516], [-3.530005516374385, 50.7103150748228]]]}}, {"type": "Feature", "properties": {"type": "postcode-cell", "postcode": "EX2 8TY", "postcodes": ["EX2 8TY"]}, "geometry": {"type": "Polygon", "coordinates": [[[-3.535765787229407, 50.69748854591176], [-3.534484740554264, 50.69782990043386], [-3.533971177300234, 50.697816703998186], [-3.5345885129539254, 50.69650571573131], [-3.5346301992223754, 50.69645474591073], [-3.5347797412161013, 50.69647323931176], [-3.535765787229407, 50.69748854591176]]]}}, {"type": "Feature", "properties": {"type": "postcode-cell", "postcode": "EX2 8UP", "postcodes": ["EX2 8UP"]}, "geometry": {"type": "Polygon", "coordinates": [[[-3.5350472868591925, 50.700254479323696], [-3.534993271250762, 50.70022708871767], [-3.534444918176571, 50.699282504807044], [-3.5347082907982013, 50.69898772028186], [-3.5348830768633133, 50.69892579805072], [-3.5360700718095215, 50.69935004385732], [-3.5350472868591925, 50.700254479323696]]]}}, {"type": "Feature", "properties": {"type": "postcode-cell", "postcode": "EX2 8TG", "postcodes": ["EX2 8TG"]}, "geometry": {"type": "Polygon", "coordinates": [[[-3.53587670230617, 50.7022212840189], [-3.5354754346075543, 50.702388647960184], [-3.5337599142265823, 50.70223670442907], [-3.5334791834681516, 50.70183394442322], [-3.533884740523335, 50.7014990560584], [-3.5345056495296148, 50.70125518206435], [-3.5348656833686842, 50.70118351918449], [-3.5359200295493918, 50.70216417492529], [-3.53587670230617, 50.7022212840189]]]}}, {"type": "Feature", "properties": {"type": "postcode-cell", "postcode": "EX2 8TR", "postcodes": ["EX2 8TR"]}, "geometry": {"type": "Polygon", "coordinates": [[[-3.5357339406016086, 50.698050197086665], [-3.535369300001312, 50.698131433076405], [-3.534484740554264, 50.69782990043386], [-3.535765787229407, 50.69748854591176], [-3.5360771624277065, 50.697620881095126], [-3.5357339406016086, 50.698050197086665]]]}}, {"type": "Feature", "properties": {"type": "postcode-cell", "postcode": "EX2 8LN", "postcodes": ["EX2 8LN"]}, "geometry": {"type": "Polygon", "coordinates": [[[-3.5357936428312278, 50.70815511881281], [-3.5335159561905294, 50.70802486691008], [-3.5337942924376926, 50.706963701141305], [-3.534829843879404, 50.706835931290776], [-3.5360226221873896, 50.70747241164629], [-3.5357936428312278, 50.70815511881281]]]}}, {"type": "Feature", "properties": {"type": "postcode-cell", "postcode": "EX2 8GJ", "postcodes": ["EX2 8GJ"]}, "geometry": {"type": "Polygon", "coordinates": [[[-3.5360723732138126, 50.710432291410264], [-3.535612506029274, 50.71066849398294], [-3.535041398405854, 50.7103326420165], [-3.5349910171930814, 50.7096680497994], [-3.535706538272001, 50.70972561927013], [-3.5360723732138126, 50.710432291410264]]]}}, {"type": "Feature", "properties": {"type": "postcode-cell", "postcode": "EX2 8JJ", "postcodes": ["EX2 8JJ"]}, "geometry": {"type": "Polygon", "coordinates": [[[-3.535846189623926, 50.712136035987015], [-3.5354189760864023, 50.71212032764328], [-3.535060108059928, 50.71154099850886], [-3.5354428928290176, 50.7113578176757], [-3.5362186902984423, 50.711708151001346], [-3.535846189623926, 50.712136035987015]]]}}, {"type": "Feature", "properties": {"type": "postcode-cell", "postcode": "EX2 8JS", "postcodes": ["EX2 8JS"]}, "geometry": {"type": "Polygon", "coordinates": [[[-3.5355378432797258, 50.71095547756894], [-3.534650364913663, 50.71083748243791], [-3.534646149970735, 50.71078140617445], [-3.535041398405854, 50.7103326420165], [-3.535612506029274, 50.71066849398294], [-3.5355378432797258, 50.71095547756894]]]}}, {"type": "Feature", "properties": {"type": "postcode-cell", "postcode": "EX2 8TF", "postcodes": ["EX2 8TF"]}, "geometry": {"type": "Polygon", "coordinates": [[[-3.535289319796329, 50.70425463256041], [-3.5352023605368412, 50.70468377822534], [-3.534192658915591, 50.705301280083134], [-3.5332959936188733, 50.705226779994646], [-3.5332676355708745, 50.705199792294444], [-3.532836161181082, 50.704465826750756], [-3.534852835239725, 50.70400353708441], [-3.534899599981162, 50.704010443170034], [-3.535289319796329, 50.70425463256041]]]}}, {"type": "Feature", "properties": {"type": "postcode-cell", "postcode": "EX2 8SJ", "postcodes": ["EX2 8SJ"]}, "geometry": {"type": "Polygon", "coordinates": [[[-3.5356270676561845, 50.70339743923225], [-3.534899599981162, 50.704010443170034], [-3.534852835239725, 50.70400353708441], [-3.534449214746383, 50.703429892365655], [-3.5344304349150795, 50.70334916074134], [-3.535345626780921, 50.702796627089434], [-3.5356270676561845, 50.70339743923225]]]}}, {"type": "Feature", "properties": {"type": "postcode-cell", "postcode": "EX2 8TZ", "postcodes": ["EX2 8TZ"]}, "geometry": {"type": "Polygon", "coordinates": [[[-3.534849131390358, 50.694135250109206], [-3.534691078967118, 50.69561269369512], [-3.534421915294296, 50.69591786690659], [-3.53346222883046, 50.69533253226808], [-3.533098507851873, 50.694218265135106], [-3.533427477755469, 50.69372195554832], [-3.533639143467922, 50.69357716421937], [-3.534849131390358, 50.694135250109206]]]}}, {"type": "Feature", "properties": {"type": "postcode-cell", "postcode": "EX2 8TA", "postcodes": ["EX2 8TA"]}, "geometry": {"type": "Polygon", "coordinates": [[[-3.5350472868591925, 50.700254479323696], [-3.535090370958505, 50.700373485602164], [-3.533740202614473, 50.70076381116311], [-3.5330606822167057, 50.70067720126674], [-3.5330827494132837, 50.700637710395206], [-3.5337720423769134, 50.69996508582073], [-3.534993271250762, 50.70022708871767], [-3.5350472868591925, 50.700254479323696]]]}}, {"type": "Feature", "properties": {"type": "postcode-cell", "postcode": "EX2 8TX", "postcodes": ["EX2 8TX"]}, "geometry": {"type": "Polygon", "coordinates": [[[-3.534934242223738, 50.698670666117536], [-3.5339116401115565, 50.69789588133922], [-3.533912612004534, 50.69785114525308], [-3.533971177300234, 50.697816703998186], [-3.534484740554264, 50.69782990043386], [-3.535369300001312, 50.698131433076405], [-3.5349574164042172, 50.698656966329274], [-3.534934242223738, 50.698670666117536]]]}}, {"type": "Feature", "properties": {"type": "postcode-cell", "postcode": "EX2 8JP", "postcodes": ["EX2 8JP"]}, "geometry": {"type": "Polygon", "coordinates": [[[-3.5354428928290176, 50.7113578176757], [-3.535060108059928, 50.71154099850886], [-3.5349057609626615, 50.71151896091777], [-3.5344194878219684, 50.71131650460521], [-3.5343849386822317, 50.711066189842484], [-3.534650364913663, 50.71083748243791], [-3.5355378432797258, 50.71095547756894], [-3.5356395934002354, 50.71106221770962], [-3.5354428928290176, 50.7113578176757]]]}}, {"type": "Feature", "properties": {"type": "postcode-cell", "postcode": "EX2 8HB", "postcodes": ["EX2 8HB"]}, "geometry": {"type": "Polygon", "coordinates": [[[-3.5349910171930814, 50.7096680497994], [-3.535041398405854, 50.7103326420165], [-3.534646149970735, 50.71078140617445], [-3.5338299330499385, 50.710251446975704], [-3.5336446891530247, 50.709492045728986], [-3.5345620043849597, 50.70950262758286], [-3.5349910171930814, 50.7096680497994]]]}}, {"type": "Feature", "properties": {"type": "postcode-cell", "postcode": "EX2 8JN", "postcodes": ["EX2 8JN"]}, "geometry": {"type": "Polygon", "coordinates": [[[-3.5324622135119523, 50.71223098154385], [-3.5344194878219684, 50.71131650460521], [-3.5349057609626615, 50.71151896091777], [-3.5332092113266413, 50.71308284810923], [-3.532161695041385, 50.712628612443886], [-3.5324622135119523, 50.71223098154385]]]}}, {"type": "Feature", "properties": {"type": "postcode-cell", "postcode": "EX2 8FF", "postcodes": ["EX2 8FF"]}, "geometry": {"type": "Polygon", "coordinates": [[[-3.5345885129539254, 50.69650571573131], [-3.532694055974892, 50.69724358862411], [-3.5322222599143647, 50.69668037466587], [-3.532469561596873, 50.696548741178034], [-3.533200759277531, 50.69635580801195], [-3.534548646038576, 50.69639136676567], [-3.5346301992223754, 50.69645474591073], [-3.5345885129539254, 50.69650571573131]]]}}, {"type": "Feature", "properties": {"type": "postcode-cell", "postcode": "EX2 8ST", "postcodes": ["EX2 8ST"]}, "geometry": {"type": "Polygon", "coordinates": [[[-3.535103184356256, 50.70038466754475], [-3.5348656833686842, 50.70118351918449], [-3.5345056495296148, 50.70125518206435], [-3.533762295827537, 50.700801682335985], [-3.533740202614473, 50.70076381116311], [-3.535090370958505, 50.700373485602164], [-3.535103184356256, 50.70038466754475]]]}}, {"type": "Feature", "properties": {"type": "postcode-cell", "postcode": "EX2 8LW", "postcodes": ["EX2 8LW"]}, "geometry": {"type": "Polygon", "coordinates": [[[-3.5358073434239503, 50.708176975828025], [-3.5345620043849597, 50.70950262758286], [-3.5336446891530247, 50.709492045728986], [-3.533030321640855, 50.709326240655706], [-3.532986404971272, 50.709063660476104], [-3.5331176267424387, 50.70829053241814], [-3.5335159561905294, 50.70802486691008], [-3.5357936428312278, 50.70815511881281], [-3.5358073434239503, 50.708176975828025]]]}}, {"type": "Feature", "properties": {"type": "postcode-cell", "postcode": "EX2 8FQ", "postcodes": ["EX2 8FQ"]}, "geometry": {"type": "Polygon", "coordinates": [[[-3.533912612004534, 50.69785114525308], [-3.5327379191538593, 50.69759531414139], [-3.532694055974892, 50.69724358862411], [-3.5345885129539254, 50.69650571573131], [-3.533971177300234, 50.697816703998186], [-3.533912612004534, 50.69785114525308]]]}}, {"type": "Feature", "properties": {"type": "postcode-cell", "postcode": "EX2 8AQ", "postcodes": ["EX2 8AQ"]}, "geometry": {"type": "Polygon", "coordinates": [[[-3.5348830768633133, 50.69892579805072], [-3.5347082907982013, 50.69898772028186], [-3.5335599502225237, 50.69870828611939], [-3.5334363187390028, 50.69854660996802], [-3.5339116401115565, 50.69789588133922], [-3.534934242223738, 50.698670666117536], [-3.5348830768633133, 50.69892579805072]]]}}, {"type": "Feature", "properties": {"type": "postcode-cell", "postcode": "EX2 8BR", "postcodes": ["EX2 8BR"]}, "geometry": {"type": "Polygon", "coordinates": [[[-3.534829843879404, 50.706835931290776], [-3.5337942924376926, 50.706963701141305], [-3.5327938393657363, 50.7064133256206], [-3.5332959936188733, 50.705226779994646], [-3.534192658915591, 50.705301280083134], [-3.5354862978215515, 50.7058824443955], [-3.534829843879404, 50.706835931290776]]]}}, {"type": "Feature", "properties": {"type": "postcode-cell", "postcode": "EX2 8JL", "postcodes": ["EX2 8JL"]}, "geometry": {"type": "Polygon", "coordinates": [[[-3.5354189760864023, 50.71212032764328], [-3.533340771253535, 50.71313989529052], [-3.5332092113266413, 50.71308284810923], [-3.5349057609626615, 50.71151896091777], [-3.535060108059928, 50.71154099850886], [-3.5354189760864023, 50.71212032764328]]]}}, {"type": "Feature", "properties": {"type": "postcode-cell", "postcode": "EX2 8SW", "postcodes": ["EX2 8SW"]}, "geometry": {"type": "Polygon", "coordinates": [[[-3.535345626780921, 50.702796627089434], [-3.5344304349150795, 50.70334916074134], [-3.5337378267284536, 50.703232660508924], [-3.533279406397822, 50.70264247359643], [-3.5337599142265823, 50.70223670442907], [-3.5354754346075543, 50.702388647960184], [-3.535345626780921, 50.702796627089434]]]}}, {"type": "Feature", "properties": {"type": "postcode-cell", "postcode": "EX2 8FY", "postcodes": ["EX2 8FY"]}, "geometry": {"type": "Polygon", "coordinates": [[[-3.53346222883046, 50.69533253226808], [-3.5326917867835244, 50.6956972369301], [-3.5322433587890663, 50.69569168238534], [-3.532039442534026, 50.69563572038516], [-3.5325860575329924, 50.694490767152615], [-3.533098507851873, 50.694218265135106], [-3.53346222883046, 50.69533253226808]]]}}, {"type": "Feature", "properties": {"type": "postcode-cell", "postcode": "EX2 8JR", "postcodes": ["EX2 8JR"]}, "geometry": {"type": "Polygon", "coordinates": [[[-3.5343849386822317, 50.711066189842484], [-3.533575997773567, 50.71085777719248], [-3.5338299330499385, 50.710251446975704], [-3.534646149970735, 50.71078140617445], [-3.534650364913663, 50.71083748243791], [-3.5343849386822317, 50.711066189842484]]]}}, {"type": "Feature", "properties": {"type": "postcode-cell", "postcode": "EX2 8UZ", "postcodes": ["EX2 8UZ"]}, "geometry": {"type": "Polygon", "coordinates": [[[-3.534993271250762, 50.70022708871767], [-3.5337720423769134, 50.69996508582073], [-3.533296056786485, 50.699528749318404], [-3.5333154405486646, 50.69951474319218], [-3.534444918176571, 50.699282504807044], [-3.534993271250762, 50.70022708871767]]]}}, {"type": "Feature", "properties": {"type": "postcode-cell", "postcode": "EX2 8TU", "postcodes": ["EX2 8TU"]}, "geometry": {"type": "Polygon", "coordinates": [[[-3.5347082907982013, 50.69898772028186], [-3.534444918176571, 50.699282504807044], [-3.5333154405486646, 50.69951474319218], [-3.5335599502225237, 50.69870828611939], [-3.5347082907982013, 50.69898772028186]]]}}, {"type": "Feature", "properties": {"type": "postcode-cell", "postcode": "EX2 8SY", "postcodes": ["EX2 8SY"]}, "geometry": {"type": "Polygon", "coordinates": [[[-3.5334791834681516, 50.70183394442322], [-3.5327470705341066, 50.70152192216065], [-3.533044274157321, 50.700682835678236], [-3.5330606822167057, 50.70067720126674], [-3.533740202614473, 50.70076381116311], [-3.533762295827537, 50.700801682335985], [-3.533884740523335, 50.7014990560584], [-3.5334791834681516, 50.70183394442322]]]}}, {"type": "Feature", "properties": {"type": "postcode-cell", "postcode": "EX2 8SL", "postcodes": ["EX2 8SL"]}, "geometry": {"type": "Polygon", "coordinates": [[[-3.534852835239725, 50.70400353708441], [-3.532836161181082, 50.704465826750756], [-3.532801735866067, 50.704441245325704], [-3.5328068314074397, 50.704435835618916], [-3.534449214746383, 50.703429892365655], [-3.534852835239725, 50.70400353708441]]]}}, {"type": "Feature", "properties": {"type": "postcode-cell", "postcode": "EX2 8SZ", "postcodes": ["EX2 8SZ"]}, "geometry": {"type": "Polygon", "coordinates": [[[-3.5345056495296148, 50.70125518206435], [-3.533884740523335, 50.7014990560584], [-3.533762295827537, 50.700801682335985], [-3.5345056495296148, 50.70125518206435]]]}}, {"type": "Feature", "properties": {"type": "postcode-cell", "postcode": "EX2 8QT", "postcodes": ["EX2 8QT"]}, "geometry": {"type": "Polygon", "coordinates": [[[-3.5335159561905294, 50.70802486691008], [-3.5331176267424387, 50.70829053241814], [-3.532119674975603, 50.70788491740525], [-3.532253037498049, 50.706538979838456], [-3.5323667210240943, 50.70650400058864], [-3.5327938393657363, 50.7064133256206], [-3.5337942924376926, 50.706963701141305], [-3.5335159561905294, 50.70802486691008]]]}}, {"type": "Feature", "properties": {"type": "postcode-cell", "postcode": "EX2 8SN", "postcodes": ["EX2 8SN"]}, "geometry": {"type": "Polygon", "coordinates": [[[-3.5328068314074397, 50.704435835618916], [-3.5337378267284536, 50.703232660508924], [-3.5344304349150795, 50.70334916074134], [-3.534449214746383, 50.703429892365655], [-3.5328068314074397, 50.704435835618916]]]}}, {"type": "Feature", "properties": {"type": "postcode-cell", "postcode": "EX2 8HA", "postcodes": ["EX2 8HA"]}, "geometry": {"type": "Polygon", "coordinates": [[[-3.5338299330499385, 50.710251446975704], [-3.533575997773567, 50.71085777719248], [-3.5328038362855376, 50.711105759590474], [-3.5321044789764953, 50.7101502525287], [-3.5326702358967106, 50.70949028305726], [-3.533030321640855, 50.709326240655706], [-3.5336446891530247, 50.709492045728986], [-3.5338299330499385, 50.710251446975704]]]}}, {"type": "Feature", "properties": {"type": "postcode-cell", "postcode": "EX2 8TH", "postcodes": ["EX2 8TH"]}, "geometry": {"type": "Polygon", "coordinates": [[[-3.5337599142265823, 50.70223670442907], [-3.533279406397822, 50.70264247359643], [-3.532002686258705, 50.70293361436266], [-3.5317807660496925, 50.702663884584695], [-3.532201293723929, 50.70156204233103], [-3.5327470705341066, 50.70152192216065], [-3.5334791834681516, 50.70183394442322], [-3.5337599142265823, 50.70223670442907]]]}}, {"type": "Feature", "properties": {"type": "postcode-cell", "postcode": "EX2 8SS", "postcodes": ["EX2 8SS"]}, "geometry": {"type": "Polygon", "coordinates": [[[-3.532801735866067, 50.704441245325704], [-3.5318771187445197, 50.70412119216206], [-3.531633944451869, 50.703543624374895], [-3.532002686258705, 50.70293361436266], [-3.533279406397822, 50.70264247359643], [-3.5337378267284536, 50.703232660508924], [-3.5328068314074397, 50.704435835618916], [-3.532801735866067, 50.704441245325704]]]}}, {"type": "Feature", "properties": {"type": "postcode-cell", "postcode": "EX2 8LY", "postcodes": ["EX2 8LY"]}, "geometry": {"type": "Polygon", "coordinates": [[[-3.532161695041385, 50.712628612443886], [-3.5312994156842414, 50.71225468749777], [-3.530892651272525, 50.710514560245876], [-3.5321044789764953, 50.7101502525287], [-3.5328038362855376, 50.711105759590474], [-3.5324622135119523, 50.71223098154385], [-3.532161695041385, 50.712628612443886]]]}}, {"type": "Feature", "properties": {"type": "postcode-cell", "postcode": "EX2 8PU", "postcodes": ["EX2 8PU"]}, "geometry": {"type": "Polygon", "coordinates": [[[-3.532836161181082, 50.704465826750756], [-3.5332676355708745, 50.705199792294444], [-3.5312932583129903, 50.70552506765428], [-3.5302619367741617, 50.705462880231956], [-3.530141747228223, 50.70482712171569], [-3.5301548690552047, 50.70480418644464], [-3.5318771187445197, 50.70412119216206], [-3.532801735866067, 50.704441245325704], [-3.532836161181082, 50.704465826750756]]]}}, {"type": "Feature", "properties": {"type": "postcode-cell", "postcode": "EX2 8XJ", "postcodes": ["EX2 8XJ"]}, "geometry": {"type": "Polygon", "coordinates": [[[-3.5335599502225237, 50.69870828611939], [-3.5333154405486646, 50.69951474319218], [-3.533296056786485, 50.699528749318404], [-3.532793282916558, 50.69955275274126], [-3.5325240735856163, 50.69953039629153], [-3.5322910986924922, 50.69940345648374], [-3.532058997758615, 50.698864257438494], [-3.532159476298005, 50.69863000175585], [-3.5334363187390028, 50.69854660996802], [-3.5335599502225237, 50.69870828611939]]]}}, {"type": "Feature", "properties": {"type": "postcode-cell", "postcode": "EX2 8XQ", "postcodes": ["EX2 8XQ"]}, "geometry": {"type": "Polygon", "coordinates": [[[-3.5339116401115565, 50.69789588133922], [-3.5334363187390028, 50.69854660996802], [-3.532159476298005, 50.69863000175585], [-3.5318837948660553, 50.698210422950915], [-3.5323977700501734, 50.69772990062147], [-3.5327379191538593, 50.69759531414139], [-3.533912612004534, 50.69785114525308], [-3.5339116401115565, 50.69789588133922]]]}}, {"type": "Feature", "properties": {"type": "postcode-cell", "postcode": "EX2 8TD", "postcodes": ["EX2 8TD"]}, "geometry": {"type": "Polygon", "coordinates": [[[-3.5337720423769134, 50.69996508582073], [-3.5330827494132837, 50.700637710395206], [-3.532793282916558, 50.69955275274126], [-3.533296056786485, 50.699528749318404], [-3.5337720423769134, 50.69996508582073]]]}}, {"type": "Feature", "properties": {"type": "postcode-cell", "postcode": "EX2 8JW", "postcodes": ["EX2 8JW"]}, "geometry": {"type": "Polygon", "coordinates": [[[-3.5344194878219684, 50.71131650460521], [-3.5324622135119523, 50.71223098154385], [-3.5328038362855376, 50.711105759590474], [-3.533575997773567, 50.71085777719248], [-3.5343849386822317, 50.711066189842484], [-3.5344194878219684, 50.71131650460521]]]}}, {"type": "Feature", "properties": {"type": "postcode-cell", "postcode": "EX2 8PT", "postcodes": ["EX2 8PT"]}, "geometry": {"type": "Polygon", "coordinates": [[[-3.5332959936188733, 50.705226779994646], [-3.5327938393657363, 50.7064133256206], [-3.5323667210240943, 50.70650400058864], [-3.5312932583129903, 50.70552506765428], [-3.5332676355708745, 50.705199792294444], [-3.5332959936188733, 50.705226779994646]]]}}, {"type": "Feature", "properties": {"type": "postcode-cell", "postcode": "EX2 8TS", "postcodes": ["EX2 8TS"]}, "geometry": {"type": "Polygon", "coordinates": [[[-3.534548646038576, 50.69639136676567], [-3.533200759277531, 50.69635580801195], [-3.5326917867835244, 50.6956972369301], [-3.53346222883046, 50.69533253226808], [-3.534421915294296, 50.69591786690659], [-3.534548646038576, 50.69639136676567]]]}}, {"type": "Feature", "properties": {"type": "postcode-cell", "postcode": "EX2 8FZ", "postcodes": ["EX2 8FZ"]}, "geometry": {"type": "Polygon", "coordinates": [[[-3.532469561596873, 50.696548741178034], [-3.5322433587890663, 50.69569168238534], [-3.5326917867835244, 50.6956972369301], [-3.533200759277531, 50.69635580801195], [-3.532469561596873, 50.696548741178034]]]}}, {"type": "Feature", "properties": {"type": "postcode-cell", "postcode": "EX2 8TE", "postcodes": ["EX2 8TE"]}, "geometry": {"type": "Polygon", "coordinates": [[[-3.5330606822167057, 50.70067720126674], [-3.533044274157321, 50.700682835678236], [-3.5320203039009996, 50.700419149976256], [-3.5325240735856163, 50.69953039629153], [-3.532793282916558, 50.69955275274126], [-3.5330827494132837, 50.700637710395206], [-3.5330606822167057, 50.70067720126674]]]}}, {"type": "Feature", "properties": {"type": "postcode-cell", "postcode": "EX2 8XH", "postcodes": ["EX2 8XH"]}, "geometry": {"type": "Polygon", "coordinates": [[[-3.5325240735856163, 50.69953039629153], [-3.5320203039009996, 50.700419149976256], [-3.5313846260153494, 50.700555907192246], [-3.5298249416202423, 50.70027322485771], [-3.530418053702365, 50.69984920592821], [-3.5322910986924922, 50.69940345648374], [-3.5325240735856163, 50.69953039629153]]]}}, {"type": "Feature", "properties": {"type": "postcode-cell", "postcode": "EX2 8FG", "postcodes": ["EX2 8FG"]}, "geometry": {"type": "Polygon", "coordinates": [[[-3.5327379191538593, 50.69759531414139], [-3.5323977700501734, 50.69772990062147], [-3.531225521604248, 50.69719614085106], [-3.53191994412897, 50.69666496006149], [-3.5322222599143647, 50.69668037466587], [-3.532694055974892, 50.69724358862411], [-3.5327379191538593, 50.69759531414139]]]}}, {"type": "Feature", "properties": {"type": "postcode-cell", "postcode": "EX2 8NT", "postcodes": ["EX2 8NT"]}, "geometry": {"type": "Polygon", "coordinates": [[[-3.533030321640855, 50.709326240655706], [-3.5326702358967106, 50.70949028305726], [-3.5307088138358647, 50.7092236629318], [-3.5306649204517293, 50.709146340101896], [-3.530638982502201, 50.708341074747956], [-3.532986404971272, 50.709063660476104], [-3.533030321640855, 50.709326240655706]]]}}, {"type": "Feature", "properties": {"type": "postcode-cell", "postcode": "EX2 8NG", "postcodes": ["EX2 8NG"]}, "geometry": {"type": "Polygon", "coordinates": [[[-3.533098507851873, 50.694218265135106], [-3.5325860575329924, 50.694490767152615], [-3.531355525231709, 50.69481283360324], [-3.53042130607829, 50.694459491359545], [-3.530998389808384, 50.69387656764], [-3.5311844472895553, 50.693813085425106], [-3.533427477755469, 50.69372195554832], [-3.533098507851873, 50.694218265135106]]]}}, {"type": "Feature", "properties": {"type": "postcode-cell", "postcode": "EX2 8RS", "postcodes": ["EX2 8RS"]}, "geometry": {"type": "Polygon", "coordinates": [[[-3.533044274157321, 50.700682835678236], [-3.5327470705341066, 50.70152192216065], [-3.532201293723929, 50.70156204233103], [-3.5319531337145675, 50.701493093790575], [-3.5313846260153494, 50.700555907192246], [-3.5320203039009996, 50.700419149976256], [-3.533044274157321, 50.700682835678236]]]}}, {"type": "Feature", "properties": {"type": "postcode-cell", "postcode": "EX2 8FT", "postcodes": ["EX2 8FT"]}, "geometry": {"type": "Polygon", "coordinates": [[[-3.5322222599143647, 50.69668037466587], [-3.53191994412897, 50.69666496006149], [-3.531607319809977, 50.69645597783899], [-3.5313093861538576, 50.69582135638692], [-3.5313817410017463, 50.695720767949034], [-3.532039442534026, 50.69563572038516], [-3.5322433587890663, 50.69569168238534], [-3.532469561596873, 50.696548741178034], [-3.5322222599143647, 50.69668037466587]]]}}, {"type": "Feature", "properties": {"type": "postcode-cell", "postcode": "EX2 8XA", "postcodes": ["EX2 8XA"]}, "geometry": {"type": "Polygon", "coordinates": [[[-3.532058997758615, 50.698864257438494], [-3.5309234913768277, 50.69898609772424], [-3.530665632182061, 50.69854246924896], [-3.5313961444952064, 50.69813823495114], [-3.5318837948660553, 50.698210422950915], [-3.532159476298005, 50.69863000175585], [-3.532058997758615, 50.698864257438494]]]}}, {"type": "Feature", "properties": {"type": "postcode-cell", "postcode": "EX2 8TJ", "postcodes": ["EX2 8TJ"]}, "geometry": {"type": "Polygon", "coordinates": [[[-3.532201293723929, 50.70156204233103], [-3.5317807660496925, 50.702663884584695], [-3.5299540690520423, 50.701873678257094], [-3.5319531337145675, 50.701493093790575], [-3.532201293723929, 50.70156204233103]]]}}, {"type": "Feature", "properties": {"type": "postcode-cell", "postcode": "EX2 8QP", "postcodes": ["EX2 8QP"]}, "geometry": {"type": "Polygon", "coordinates": [[[-3.532119674975603, 50.70788491740525], [-3.53073811815207, 50.707803553101684], [-3.5309553881423157, 50.706650057235635], [-3.532253037498049, 50.706538979838456], [-3.532119674975603, 50.70788491740525]]]}}, {"type": "Feature", "properties": {"type": "postcode-cell", "postcode": "EX2 8RB", "postcodes": ["EX2 8RB"]}, "geometry": {"type": "Polygon", "coordinates": [[[-3.5331176267424387, 50.70829053241814], [-3.532986404971272, 50.709063660476104], [-3.530638982502201, 50.708341074747956], [-3.530398215950245, 50.70799965887209], [-3.53073811815207, 50.707803553101684], [-3.532119674975603, 50.70788491740525], [-3.5331176267424387, 50.70829053241814]]]}}, {"type": "Feature", "properties": {"type": "postcode-cell", "postcode": "EX2 8FP", "postcodes": ["EX2 8FP"]}, "geometry": {"type": "Polygon", "coordinates": [[[-3.531225521604248, 50.69719614085106], [-3.5303107461719296, 50.69742538411585], [-3.5300565820103857, 50.69739496812961], [-3.5299468609277347, 50.69734773034371], [-3.5296486532952307, 50.69702609339173], [-3.5299673418077098, 50.6966529088174], [-3.531607319809977, 50.69645597783899], [-3.53191994412897, 50.69666496006149], [-3.531225521604248, 50.69719614085106]]]}}, {"type": "Feature", "properties": {"type": "postcode-cell", "postcode": "EX2 8GH", "postcodes": ["EX2 8GH"]}, "geometry": {"type": "Polygon", "coordinates": [[[-3.5323977700501734, 50.69772990062147], [-3.5318837948660553, 50.698210422950915], [-3.5313961444952064, 50.69813823495114], [-3.5303107461719296, 50.69742538411585], [-3.531225521604248, 50.69719614085106], [-3.5323977700501734, 50.69772990062147]]]}}, {"type": "Feature", "properties": {"type": "postcode-cell", "postcode": "EX2 8FR", "postcodes": ["EX2 8FR"]}, "geometry": {"type": "Polygon", "coordinates": [[[-3.531607319809977, 50.69645597783899], [-3.5299673418077098, 50.6966529088174], [-3.5299698968458073, 50.69664300292243], [-3.5305741815645924, 50.69599174073755], [-3.5313093861538576, 50.69582135638692], [-3.531607319809977, 50.69645597783899]]]}}, {"type": "Feature", "properties": {"type": "postcode-cell", "postcode": "EX2 8FL", "postcodes": ["EX2 8FL"]}, "geometry": {"type": "Polygon", "coordinates": [[[-3.5313817410017463, 50.695720767949034], [-3.5311061184747965, 50.695358385165484], [-3.531355525231709, 50.69481283360324], [-3.5325860575329924, 50.694490767152615], [-3.532039442534026, 50.69563572038516], [-3.5313817410017463, 50.695720767949034]]]}}, {"type": "Feature", "properties": {"type": "postcode-cell", "postcode": "EX2 8TT", "postcodes": ["EX2 8TT"]}, "geometry": {"type": "Polygon", "coordinates": [[[-3.5319531337145675, 50.701493093790575], [-3.5299540690520423, 50.701873678257094], [-3.528831655282508, 50.70175481562823], [-3.5293481119023262, 50.70035973072784], [-3.5298249416202423, 50.70027322485771], [-3.5313846260153494, 50.700555907192246], [-3.5319531337145675, 50.701493093790575]]]}}, {"type": "Feature", "properties": {"type": "postcode-cell", "postcode": "EX2 8RG", "postcodes": ["EX2 8RG"]}, "geometry": {"type": "Polygon", "coordinates": [[[-3.532002686258705, 50.70293361436266], [-3.531633944451869, 50.703543624374895], [-3.530311447664854, 50.703264051658536], [-3.528226243357178, 50.70216542926575], [-3.528831655282508, 50.70175481562823], [-3.5299540690520423, 50.701873678257094], [-3.5317807660496925, 50.702663884584695], [-3.532002686258705, 50.70293361436266]]]}}, {"type": "Feature", "properties": {"type": "postcode-cell", "postcode": "EX2 8XY", "postcodes": ["EX2 8XY"]}, "geometry": {"type": "Polygon", "coordinates": [[[-3.5322910986924922, 50.69940345648374], [-3.530418053702365, 50.69984920592821], [-3.530744561262435, 50.699143597143575], [-3.5309234913768277, 50.69898609772424], [-3.532058997758615, 50.698864257438494], [-3.5322910986924922, 50.69940345648374]]]}}, {"type": "Feature", "properties": {"type": "postcode-cell", "postcode": "EX2 8PN", "postcodes": ["EX2 8PN"]}, "geometry": {"type": "Polygon", "coordinates": [[[-3.532253037498049, 50.706538979838456], [-3.5309553881423157, 50.706650057235635], [-3.529946900017079, 50.70620183761438], [-3.5302619367741617, 50.705462880231956], [-3.5312932583129903, 50.70552506765428], [-3.5323667210240943, 50.70650400058864], [-3.532253037498049, 50.706538979838456]]]}}, {"type": "Feature", "properties": {"type": "postcode-cell", "postcode": "EX2 8NF", "postcodes": ["EX2 8NF"]}, "geometry": {"type": "Polygon", "coordinates": [[[-3.533427477755469, 50.69372195554832], [-3.5311844472895553, 50.693813085425106], [-3.530712232936781, 50.69322992821168], [-3.532144769183923, 50.69276262201167], [-3.533709989764798, 50.69272999471927], [-3.5337131654816263, 50.69273048225581], [-3.533639143467922, 50.69357716421937], [-3.533427477755469, 50.69372195554832]]]}}, {"type": "Feature", "properties": {"type": "postcode-cell", "postcode": "EX2 8FH", "postcodes": ["EX2 8FH"]}, "geometry": {"type": "Polygon", "coordinates": [[[-3.5311061184747965, 50.695358385165484], [-3.5295690167835323, 50.695197213823064], [-3.528600576276585, 50.694729807883206], [-3.53042130607829, 50.694459491359545], [-3.531355525231709, 50.69481283360324], [-3.5311061184747965, 50.695358385165484]]]}}, {"type": "Feature", "properties": {"type": "postcode-cell", "postcode": "EX2 8QH", "postcodes": ["EX2 8QH"]}, "geometry": {"type": "Polygon", "coordinates": [[[-3.530398215950245, 50.70799965887209], [-3.530375436397067, 50.708000281554654], [-3.5284683612702876, 50.70754656662752], [-3.529059098732497, 50.70639807233041], [-3.529946900017079, 50.70620183761438], [-3.5309553881423157, 50.706650057235635], [-3.53073811815207, 50.707803553101684], [-3.530398215950245, 50.70799965887209]]]}}, {"type": "Feature", "properties": {"type": "postcode-cell", "postcode": "EX2 8PE", "postcodes": ["EX2 8PE"]}, "geometry": {"type": "Polygon", "coordinates": [[[-3.5301548690552047, 50.70480418644464], [-3.5294246485877596, 50.70420838565956], [-3.530311447664854, 50.703264051658536], [-3.531633944451869, 50.703543624374895], [-3.5318771187445197, 50.70412119216206], [-3.5301548690552047, 50.70480418644464]]]}}, {"type": "Feature", "properties": {"type": "postcode-cell", "postcode": "EX2 8NW", "postcodes": ["EX2 8NW"]}, "geometry": {"type": "Polygon", "coordinates": [[[-3.530638982502201, 50.708341074747956], [-3.5306649204517293, 50.709146340101896], [-3.5293666750270587, 50.70882787430684], [-3.530375436397067, 50.708000281554654], [-3.530398215950245, 50.70799965887209], [-3.530638982502201, 50.708341074747956]]]}}, {"type": "Feature", "properties": {"type": "postcode-cell", "postcode": "EX2 8XF", "postcodes": ["EX2 8XF"]}, "geometry": {"type": "Polygon", "coordinates": [[[-3.530418053702365, 50.69984920592821], [-3.5298249416202423, 50.70027322485771], [-3.5293481119023262, 50.70035973072784], [-3.5285508927146334, 50.69974639745862], [-3.5299424699662114, 50.698783089727485], [-3.530744561262435, 50.699143597143575], [-3.530418053702365, 50.69984920592821]]]}}, {"type": "Feature", "properties": {"type": "postcode-cell", "postcode": "EX2 8XE", "postcodes": ["EX2 8XE"]}, "geometry": {"type": "Polygon", "coordinates": [[[-3.5309234913768277, 50.69898609772424], [-3.530744561262435, 50.699143597143575], [-3.5299424699662114, 50.698783089727485], [-3.529992869816548, 50.69867267478979], [-3.53053336728546, 50.69852700264881], [-3.530665632182061, 50.69854246924896], [-3.5309234913768277, 50.69898609772424]]]}}, {"type": "Feature", "properties": {"type": "postcode-cell", "postcode": "EX2 8FJ", "postcodes": ["EX2 8FJ"]}, "geometry": {"type": "Polygon", "coordinates": [[[-3.5313093861538576, 50.69582135638692], [-3.5305741815645924, 50.69599174073755], [-3.5298928498060995, 50.69561876975551], [-3.5295690167835323, 50.695197213823064], [-3.5311061184747965, 50.695358385165484], [-3.5313817410017463, 50.695720767949034], [-3.5313093861538576, 50.69582135638692]]]}}, {"type": "Feature", "properties": {"type": "postcode-cell", "postcode": "EX2 8XB", "postcodes": ["EX2 8XB"]}, "geometry": {"type": "Polygon", "coordinates": [[[-3.5313961444952064, 50.69813823495114], [-3.530665632182061, 50.69854246924896], [-3.53053336728546, 50.69852700264881], [-3.530030334337499, 50.69795208960406], [-3.5300565820103857, 50.69739496812961], [-3.5303107461719296, 50.69742538411585], [-3.5313961444952064, 50.69813823495114]]]}}, {"type": "Feature", "properties": {"type": "postcode-cell", "postcode": "EX2 8NE", "postcodes": ["EX2 8NE"]}, "geometry": {"type": "Polygon", "coordinates": [[[-3.530998389808384, 50.69387656764], [-3.5298731087825574, 50.69356659765675], [-3.530186932013329, 50.693094141100936], [-3.530712232936781, 50.69322992821168], [-3.5311844472895553, 50.693813085425106], [-3.530998389808384, 50.69387656764]]]}}, {"type": "Feature", "properties": {"type": "postcode-cell", "postcode": "EX2 8XR", "postcodes": ["EX2 8XR"]}, "geometry": {"type": "Polygon", "coordinates": [[[-3.511517966371746, 50.69477695997878], [-3.5066507271374974, 50.696618864189624], [-3.5007586962099118, 50.69701558537149], [-3.500639989741903, 50.69685999472307], [-3.499819989741853, 50.69587999472232], [-3.4998099897418458, 50.6958799947223], [-3.5014699897433337, 50.69495999472158], [-3.5021399897440526, 50.69433999472107], [-3.5017699897438295, 50.69431999472106], [-3.5032599897456747, 50.69241999471953], [-3.503649989745827, 50.692619994719706], [-3.5054099897475113, 50.691419994718736], [-3.50677998974852, 50.691119994718484], [-3.5108699897505757, 50.69222999471926], [-3.5136917013623314, 50.69233667868778], [-3.511517966371746, 50.69477695997878]]]}}, {"type": "Feature", "properties": {"type": "postcode-cell", "postcode": "EX2 8QG", "postcodes": ["EX2 8QG"]}, "geometry": {"type": "Polygon", "coordinates": [[[-3.5302619367741617, 50.705462880231956], [-3.529946900017079, 50.70620183761438], [-3.529059098732497, 50.70639807233041], [-3.5287179641337794, 50.70625619199706], [-3.5279673276162873, 50.705313833299925], [-3.528343830307746, 50.70505545562499], [-3.530141747228223, 50.70482712171569], [-3.5302619367741617, 50.705462880231956]]]}}, {"type": "Feature", "properties": {"type": "postcode-cell", "postcode": "EX2 8YX", "postcodes": ["EX2 8YX"]}, "geometry": {"type": "Polygon", "coordinates": [[[-3.5321044789764953, 50.7101502525287], [-3.530892651272525, 50.710514560245876], [-3.530005516374385, 50.7103150748228], [-3.5297085325699005, 50.70992257234072], [-3.5307088138358647, 50.7092236629318], [-3.5326702358967106, 50.70949028305726], [-3.5321044789764953, 50.7101502525287]]]}}, {"type": "Feature", "properties": {"type": "postcode-cell", "postcode": "EX2 8XN", "postcodes": ["EX2 8XN"]}, "geometry": {"type": "Polygon", "coordinates": [[[-3.530030334337499, 50.69795208960406], [-3.5296807837391517, 50.69842134353815], [-3.528120049709182, 50.69849820738713], [-3.5299468609277347, 50.69734773034371], [-3.5300565820103857, 50.69739496812961], [-3.530030334337499, 50.69795208960406]]]}}, {"type": "Feature", "properties": {"type": "postcode-cell", "postcode": "EX2 8NZ", "postcodes": ["EX2 8NZ"]}, "geometry": {"type": "MultiPolygon", "coordinates": [[[[-3.5298731087825574, 50.69356659765675], [-3.527658252473294, 50.6945111793327], [-3.529389989762015, 50.69281999471943], [-3.5300623494628063, 50.69280599776546], [-3.530186932013329, 50.693094141100936], [-3.5298731087825574, 50.69356659765675]]], [[[-3.5226491521731407, 50.69287515588868], [-3.5222837948675885, 50.6925660345066], [-3.522819989757971, 50.69257999471935], [-3.525089989758893, 50.693659994720164], [-3.5251283708737646, 50.69369661275446], [-3.5226491521731407, 50.69287515588868]]]]}}, {"type": "Feature", "properties": {"type": "postcode-cell", "postcode": "EX2 8PL", "postcodes": ["EX2 8PL"]}, "geometry": {"type": "Polygon", "coordinates": [[[-3.53042130607829, 50.694459491359545], [-3.528600576276585, 50.694729807883206], [-3.5277784967754404, 50.69461013817318], [-3.527638220563939, 50.694530741293796], [-3.527658252473294, 50.6945111793327], [-3.5298731087825574, 50.69356659765675], [-3.530998389808384, 50.69387656764], [-3.53042130607829, 50.694459491359545]]]}}, {"type": "Feature", "properties": {"type": "postcode-cell", "postcode": "EX2 8NU", "postcodes": ["EX2 8NU"]}, "geometry": {"type": "Polygon", "coordinates": [[[-3.5307088138358647, 50.7092236629318], [-3.5297085325699005, 50.70992257234072], [-3.528536737094234, 50.70951870555295], [-3.528712430940087, 50.709062016840335], [-3.5293666750270587, 50.70882787430684], [-3.5306649204517293, 50.709146340101896], [-3.5307088138358647, 50.7092236629318]]]}}, {"type": "Feature", "properties": {"type": "postcode-cell", "postcode": "EX2 8XD", "postcodes": ["EX2 8XD"]}, "geometry": {"type": "Polygon", "coordinates": [[[-3.529992869816548, 50.69867267478979], [-3.5296807837391517, 50.69842134353815], [-3.530030334337499, 50.69795208960406], [-3.53053336728546, 50.69852700264881], [-3.529992869816548, 50.69867267478979]]]}}, {"type": "Feature", "properties": {"type": "postcode-cell", "postcode": "EX2 8GQ", "postcodes": ["EX2 8GQ"]}, "geometry": {"type": "Polygon", "coordinates": [[[-3.5299673418077098, 50.6966529088174], [-3.5296486532952307, 50.69702609339173], [-3.529519406336171, 50.69700303055736], [-3.5280767922129015, 50.69563389054522], [-3.528059161041815, 50.695457848786816], [-3.5296685197282116, 50.69614389669589], [-3.5299698968458073, 50.69664300292243], [-3.5299673418077098, 50.6966529088174]]]}}, {"type": "Feature", "properties": {"type": "postcode-cell", "postcode": "EX2 8FW", "postcodes": ["EX2 8FW"]}, "geometry": {"type": "Polygon", "coordinates": [[[-3.528600576276585, 50.694729807883206], [-3.5295690167835323, 50.695197213823064], [-3.5298928498060995, 50.69561876975551], [-3.5296685197282116, 50.69614389669589], [-3.528059161041815, 50.695457848786816], [-3.5277784967754404, 50.69461013817318], [-3.528600576276585, 50.694729807883206]]]}}, {"type": "Feature", "properties": {"type": "postcode-cell", "postcode": "EX2 8FU", "postcodes": ["EX2 8FU"]}, "geometry": {"type": "Polygon", "coordinates": [[[-3.5299698968458073, 50.69664300292243], [-3.5296685197282116, 50.69614389669589], [-3.5298928498060995, 50.69561876975551], [-3.5305741815645924, 50.69599174073755], [-3.5299698968458073, 50.69664300292243]]]}}, {"type": "Feature", "properties": {"type": "postcode-cell", "postcode": "EX2 8PY", "postcodes": ["EX2 8PY"]}, "geometry": {"type": "Polygon", "coordinates": [[[-3.5293481119023262, 50.70035973072784], [-3.528831655282508, 50.70175481562823], [-3.528226243357178, 50.70216542926575], [-3.528195240270934, 50.70217555109392], [-3.5280485098684022, 50.702181938130074], [-3.5245065164284064, 50.70098798452358], [-3.52597367999286, 50.69952646111927], [-3.5260722477904087, 50.69948432646045], [-3.527364445650264, 50.69916312923146], [-3.5285508927146334, 50.69974639745862], [-3.5293481119023262, 50.70035973072784]]]}}, {"type": "Feature", "properties": {"type": "postcode-cell", "postcode": "EX2 8QR", "postcodes": ["EX2 8QR"]}, "geometry": {"type": "Polygon", "coordinates": [[[-3.528226243357178, 50.70216542926575], [-3.530311447664854, 50.703264051658536], [-3.5294246485877596, 50.70420838565956], [-3.528577980158834, 50.70388244925203], [-3.528195240270934, 50.70217555109392], [-3.528226243357178, 50.70216542926575]]]}}, {"type": "Feature", "properties": {"type": "postcode-cell", "postcode": "EX2 8XG", "postcodes": ["EX2 8XG"]}, "geometry": {"type": "Polygon", "coordinates": [[[-3.5299424699662114, 50.698783089727485], [-3.5285508927146334, 50.69974639745862], [-3.527364445650264, 50.69916312923146], [-3.527490326446149, 50.69875310913391], [-3.527635789461631, 50.698672513268775], [-3.528120049709182, 50.69849820738713], [-3.5296807837391517, 50.69842134353815], [-3.529992869816548, 50.69867267478979], [-3.5299424699662114, 50.698783089727485]]]}}, {"type": "Feature", "properties": {"type": "postcode-cell", "postcode": "EX2 8NY", "postcodes": ["EX2 8NY"]}, "geometry": {"type": "Polygon", "coordinates": [[[-3.528536737094234, 50.70951870555295], [-3.526962138849637, 50.70993178779751], [-3.5252349489102723, 50.70849246742656], [-3.526756642815093, 50.70776357146006], [-3.527937252935328, 50.70775132094059], [-3.528712430940087, 50.709062016840335], [-3.528536737094234, 50.70951870555295]]]}}, {"type": "Feature", "properties": {"type": "postcode-cell", "postcode": "EX2 8DF", "postcodes": ["EX2 8DF"]}, "geometry": {"type": "Polygon", "coordinates": [[[-3.530141747228223, 50.70482712171569], [-3.528343830307746, 50.70505545562499], [-3.5280594952979407, 50.70420960354449], [-3.528577980158834, 50.70388244925203], [-3.5294246485877596, 50.70420838565956], [-3.5301548690552047, 50.70480418644464], [-3.530141747228223, 50.70482712171569]]]}}, {"type": "Feature", "properties": {"type": "postcode-cell", "postcode": "EX2 8GF", "postcodes": ["EX2 8GF"]}, "geometry": {"type": "Polygon", "coordinates": [[[-3.5277784967754404, 50.69461013817318], [-3.528059161041815, 50.695457848786816], [-3.5280767922129015, 50.69563389054522], [-3.52768785761974, 50.69638734296404], [-3.5273348354147642, 50.69654250753594], [-3.525870116501451, 50.696903635726805], [-3.5235006269930613, 50.695083877868555], [-3.5226491521731407, 50.69287515588868], [-3.5251283708737646, 50.69369661275446], [-3.5268299897592055, 50.695319994721416], [-3.527638220563939, 50.694530741293796], [-3.5277784967754404, 50.69461013817318]]]}}, {"type": "Feature", "properties": {"type": "postcode-cell", "postcode": "EX2 8NR", "postcodes": ["EX2 8NR"]}, "geometry": {"type": "Polygon", "coordinates": [[[-3.528536737094234, 50.70951870555295], [-3.5297085325699005, 50.70992257234072], [-3.530005516374385, 50.7103150748228], [-3.5289943671995063, 50.711171027856516], [-3.5270199897523526, 50.70997999473295], [-3.526962138849637, 50.70993178779751], [-3.528536737094234, 50.70951870555295]]]}}, {"type": "Feature", "properties": {"type": "postcode-cell", "postcode": "EX2 8QX", "postcodes": ["EX2 8QX"]}, "geometry": {"type": "Polygon", "coordinates": [[[-3.5293666750270587, 50.70882787430684], [-3.528712430940087, 50.709062016840335], [-3.527937252935328, 50.70775132094059], [-3.5284683612702876, 50.70754656662752], [-3.530375436397067, 50.708000281554654], [-3.5293666750270587, 50.70882787430684]]]}}, {"type": "Feature", "properties": {"type": "postcode-cell", "postcode": "EX2 8GA", "postcodes": ["EX2 8GA"]}, "geometry": {"type": "Polygon", "coordinates": [[[-3.527635789461631, 50.698672513268775], [-3.5285229917284693, 50.69708761769396], [-3.529519406336171, 50.69700303055736], [-3.5296486532952307, 50.69702609339173], [-3.5299468609277347, 50.69734773034371], [-3.528120049709182, 50.69849820738713], [-3.527635789461631, 50.698672513268775]]]}}, {"type": "Feature", "properties": {"type": "postcode-cell", "postcode": "EX2 8GS", "postcodes": ["EX2 8GS"]}, "geometry": {"type": "Polygon", "coordinates": [[[-3.528577980158834, 50.70388244925203], [-3.5280594952979407, 50.70420960354449], [-3.526510103497381, 50.7043693229387], [-3.5264728650696227, 50.704353582728515], [-3.525732069104812, 50.703745991295364], [-3.5257384712554782, 50.70369963647867], [-3.5280485098684022, 50.702181938130074], [-3.528195240270934, 50.70217555109392], [-3.528577980158834, 50.70388244925203]]]}}, {"type": "Feature", "properties": {"type": "postcode-cell", "postcode": "EX2 8GD", "postcodes": ["EX2 8GD"]}, "geometry": {"type": "Polygon", "coordinates": [[[-3.529519406336171, 50.69700303055736], [-3.5285229917284693, 50.69708761769396], [-3.5284181367732272, 50.6970663133891], [-3.52768785761974, 50.69638734296404], [-3.5280767922129015, 50.69563389054522], [-3.529519406336171, 50.69700303055736]]]}}, {"type": "Feature", "properties": {"type": "postcode-cell", "postcode": "EX2 8QQ", "postcodes": ["EX2 8QQ"]}, "geometry": {"type": "Polygon", "coordinates": [[[-3.5279673276162873, 50.705313833299925], [-3.5271287184386093, 50.705255942486886], [-3.526510103497381, 50.7043693229387], [-3.5280594952979407, 50.70420960354449], [-3.528343830307746, 50.70505545562499], [-3.5279673276162873, 50.705313833299925]]]}}, {"type": "Feature", "properties": {"type": "postcode-cell", "postcode": "EX2 8PQ", "postcodes": ["EX2 8PQ"]}, "geometry": {"type": "Polygon", "coordinates": [[[-3.529059098732497, 50.70639807233041], [-3.5284683612702876, 50.70754656662752], [-3.527937252935328, 50.70775132094059], [-3.526756642815093, 50.70776357146006], [-3.526427068469086, 50.70639249140993], [-3.526482837649009, 50.706345787437186], [-3.5287179641337794, 50.70625619199706], [-3.529059098732497, 50.70639807233041]]]}}, {"type": "Feature", "properties": {"type": "postcode-cell", "postcode": "EX2 8GB", "postcodes": ["EX2 8GB"]}, "geometry": {"type": "Polygon", "coordinates": [[[-3.527635789461631, 50.698672513268775], [-3.527490326446149, 50.69875310913391], [-3.5265713368407896, 50.69757203893636], [-3.527696739576541, 50.697179331915315], [-3.5284181367732272, 50.6970663133891], [-3.5285229917284693, 50.69708761769396], [-3.527635789461631, 50.698672513268775]]]}}, {"type": "Feature", "properties": {"type": "postcode-cell", "postcode": "EX2 8GG", "postcodes": ["EX2 8GG"]}, "geometry": {"type": "Polygon", "coordinates": [[[-3.5284181367732272, 50.6970663133891], [-3.527696739576541, 50.697179331915315], [-3.5273348354147642, 50.69654250753594], [-3.52768785761974, 50.69638734296404], [-3.5284181367732272, 50.6970663133891]]]}}, {"type": "Feature", "properties": {"type": "postcode-cell", "postcode": "EX2 8QN", "postcodes": ["EX2 8QN"]}, "geometry": {"type": "Polygon", "coordinates": [[[-3.5252349489102723, 50.70849246742656], [-3.525039989751882, 50.708329994731685], [-3.5231737109876415, 50.70622890787291], [-3.526427068469086, 50.70639249140993], [-3.526756642815093, 50.70776357146006], [-3.5252349489102723, 50.70849246742656]]]}}, {"type": "Feature", "properties": {"type": "postcode-cell", "postcode": "EX2 8GE", "postcodes": ["EX2 8GE"]}, "geometry": {"type": "Polygon", "coordinates": [[[-3.5265713368407896, 50.69757203893636], [-3.5260749326952703, 50.69729978823037], [-3.525870116501451, 50.696903635726805], [-3.5273348354147642, 50.69654250753594], [-3.527696739576541, 50.697179331915315], [-3.5265713368407896, 50.69757203893636]]]}}, {"type": "Feature", "properties": {"type": "postcode-cell", "postcode": "EX2 8WA", "postcodes": ["EX2 8WA"]}, "geometry": {"type": "Polygon", "coordinates": [[[-3.5265713368407896, 50.69757203893636], [-3.527490326446149, 50.69875310913391], [-3.527364445650264, 50.69916312923146], [-3.5260722477904087, 50.69948432646045], [-3.524979690694472, 50.69793343974114], [-3.5260749326952703, 50.69729978823037], [-3.5265713368407896, 50.69757203893636]]]}}, {"type": "Feature", "properties": {"type": "postcode-cell", "postcode": "EX2 8RL", "postcodes": ["EX2 8RL"]}, "geometry": {"type": "Polygon", "coordinates": [[[-3.526482837649009, 50.706345787437186], [-3.5265817250440765, 50.70569832042631], [-3.5271287184386093, 50.705255942486886], [-3.5279673276162873, 50.705313833299925], [-3.5287179641337794, 50.70625619199706], [-3.526482837649009, 50.706345787437186]]]}}, {"type": "Feature", "properties": {"type": "postcode-cell", "postcode": "EX2 8AG", "postcodes": ["EX2 8AG"]}, "geometry": {"type": "Polygon", "coordinates": [[[-3.526510103497381, 50.7043693229387], [-3.5271287184386093, 50.705255942486886], [-3.5265817250440765, 50.70569832042631], [-3.525384212498237, 50.70531522525525], [-3.5264728650696227, 50.704353582728515], [-3.526510103497381, 50.7043693229387]]]}}, {"type": "Feature", "properties": {"type": "postcode-cell", "postcode": "EX2 8QA", "postcodes": ["EX2 8QA"]}, "geometry": {"type": "Polygon", "coordinates": [[[-3.526482837649009, 50.706345787437186], [-3.526427068469086, 50.70639249140993], [-3.5231737109876415, 50.70622890787291], [-3.522595741194083, 50.70557817519416], [-3.525384212498237, 50.70531522525525], [-3.5265817250440765, 50.70569832042631], [-3.526482837649009, 50.706345787437186]]]}}, {"type": "Feature", "properties": {"type": "postcode-cell", "postcode": "EX2 8PF", "postcodes": ["EX2 8PF"]}, "geometry": {"type": "Polygon", "coordinates": [[[-3.525870116501451, 50.696903635726805], [-3.5260749326952703, 50.69729978823037], [-3.524979690694472, 50.69793343974114], [-3.5246231792508955, 50.69796198806107], [-3.523117510732075, 50.69661812613088], [-3.5235006269930613, 50.695083877868555], [-3.525870116501451, 50.696903635726805]]]}}, {"type": "Feature", "properties": {"type": "postcode-cell", "postcode": "EX2 8NJ", "postcodes": ["EX2 8NJ"]}, "geometry": {"type": "Polygon", "coordinates": [[[-3.525384212498237, 50.70531522525525], [-3.522595741194083, 50.70557817519416], [-3.5223569888756945, 50.70530935920839], [-3.525732069104812, 50.703745991295364], [-3.5264728650696227, 50.704353582728515], [-3.525384212498237, 50.70531522525525]]]}}, {"type": "Feature", "properties": {"type": "postcode-cell", "postcode": "EX2 8NP", "postcodes": ["EX2 8NP"]}, "geometry": {"type": "Polygon", "coordinates": [[[-3.5257384712554782, 50.70369963647867], [-3.5240113819161576, 50.70266638390152], [-3.5233073395296817, 50.70140068541758], [-3.5236353175247075, 50.70115713315374], [-3.5245065164284064, 50.70098798452358], [-3.5280485098684022, 50.702181938130074], [-3.5257384712554782, 50.70369963647867]]]}}, {"type": "Feature", "properties": {"type": "postcode-cell", "postcode": "EX2 8PW", "postcodes": ["EX2 8PW"]}, "geometry": {"type": "Polygon", "coordinates": [[[-3.5245065164284064, 50.70098798452358], [-3.5236353175247075, 50.70115713315374], [-3.522812580917923, 50.70012365266108], [-3.522209006478961, 50.69857119589306], [-3.523644155420443, 50.698563448070175], [-3.52597367999286, 50.69952646111927], [-3.5245065164284064, 50.70098798452358]]]}}, {"type": "Feature", "properties": {"type": "postcode-cell", "postcode": "EX2 8AW", "postcodes": ["EX2 8AW"]}, "geometry": {"type": "Polygon", "coordinates": [[[-3.52597367999286, 50.69952646111927], [-3.523644155420443, 50.698563448070175], [-3.5246231792508955, 50.69796198806107], [-3.524979690694472, 50.69793343974114], [-3.5260722477904087, 50.69948432646045], [-3.52597367999286, 50.69952646111927]]]}}, {"type": "Feature", "properties": {"type": "postcode-cell", "postcode": "EX2 8QW", "postcodes": ["EX2 8QW"]}, "geometry": {"type": "Polygon", "coordinates": [[[-3.515902214882158, 50.70095919339179], [-3.5163688375496878, 50.70062020524921], [-3.5167474978067546, 50.70055126047009], [-3.5200145072099316, 50.70017179549842], [-3.521260062421916, 50.701857143500845], [-3.5160772458370086, 50.704758672550945], [-3.5155599897479837, 50.703899994728346], [-3.515104995675276, 50.7037310479377], [-3.515902214882158, 50.70095919339179]]]}}, {"type": "Feature", "properties": {"type": "postcode-cell", "postcode": "EX2 6LT", "postcodes": ["EX2 6LT"]}, "geometry": {"type": "Polygon", "coordinates": [[[-3.5066507271374974, 50.696618864189624], [-3.50863118433799, 50.69697821914734], [-3.5132316404137414, 50.698311843545675], [-3.515902214882158, 50.70095919339179], [-3.515104995675276, 50.7037310479377], [-3.5124899897465856, 50.70275999472751], [-3.510869989746279, 50.70124999472634], [-3.511099989746493, 50.70110999472624], [-3.5101599897462425, 50.70037999472568], [-3.5082999897454874, 50.69949999472501], [-3.507229989744814, 50.699489994725006], [-3.5072199897448137, 50.69947999472501], [-3.507059989744707, 50.69948999472503], [-3.501969989741528, 50.69940999472505], [-3.5016699897419086, 50.6982099947241], [-3.5007586962099118, 50.69701558537149], [-3.5066507271374974, 50.696618864189624]]]}}, {"type": "Feature", "properties": {"type": "postcode-cell", "postcode": "EX2 8QE", "postcodes": ["EX2 8QE"]}, "geometry": {"type": "Polygon", "coordinates": [[[-3.521260062421916, 50.701857143500845], [-3.5233073395296817, 50.70140068541758], [-3.5240113819161576, 50.70266638390152], [-3.5218517063827237, 50.705184997664986], [-3.5205199897500945, 50.70606999472997], [-3.518249989748362, 50.70668999473052], [-3.51705998974775, 50.7063899947303], [-3.5160772458370086, 50.704758672550945], [-3.521260062421916, 50.701857143500845]]]}}, {"type": "Feature", "properties": {"type": "postcode-cell", "postcode": "EX2 8QF", "postcodes": ["EX2 8QF"]}, "geometry": {"type": "Polygon", "coordinates": [[[-3.5240113819161576, 50.70266638390152], [-3.5257384712554782, 50.70369963647867], [-3.525732069104812, 50.703745991295364], [-3.5223569888756945, 50.70530935920839], [-3.522099989751594, 50.70501999472911], [-3.5218517063827237, 50.705184997664986], [-3.5240113819161576, 50.70266638390152]]]}}, {"type": "Feature", "properties": {"type": "postcode-cell", "postcode": "EX2 8FD", "postcodes": ["EX2 8FD"]}, "geometry": {"type": "Polygon", "coordinates": [[[-3.523644155420443, 50.698563448070175], [-3.522209006478961, 50.69857119589306], [-3.522190249402072, 50.69856063741335], [-3.522065032026055, 50.69828620760881], [-3.523117510732075, 50.69661812613088], [-3.5246231792508955, 50.69796198806107], [-3.523644155420443, 50.698563448070175]]]}}, {"type": "Feature", "properties": {"type": "postcode-cell", "postcode": "EX2 8ED", "postcodes": ["EX2 8ED"]}, "geometry": {"type": "Polygon", "coordinates": [[[-3.523117510732075, 50.69661812613088], [-3.522065032026055, 50.69828620760881], [-3.5197363670211286, 50.697512439504195], [-3.5194518734983724, 50.69663632130831], [-3.519839440693066, 50.69475910213624], [-3.521139168064634, 50.69289617408655], [-3.5215957841948877, 50.69254811803494], [-3.5222837948675885, 50.6925660345066], [-3.5226491521731407, 50.69287515588868], [-3.5235006269930613, 50.695083877868555], [-3.523117510732075, 50.69661812613088]]]}}, {"type": "Feature", "properties": {"type": "postcode-cell", "postcode": "EX2 8RU", "postcodes": ["EX2 8RU"]}, "geometry": {"type": "Polygon", "coordinates": [[[-3.522209006478961, 50.69857119589306], [-3.522812580917923, 50.70012365266108], [-3.520164709471379, 50.6998734166563], [-3.5201242426722046, 50.69932483372497], [-3.522190249402072, 50.69856063741335], [-3.522209006478961, 50.69857119589306]]]}}, {"type": "Feature", "properties": {"type": "postcode-cell", "postcode": "EX2 8RJ", "postcodes": ["EX2 8RJ"]}, "geometry": {"type": "Polygon", "coordinates": [[[-3.5236353175247075, 50.70115713315374], [-3.5233073395296817, 50.70140068541758], [-3.521260062421916, 50.701857143500845], [-3.5200145072099316, 50.70017179549842], [-3.520164709471379, 50.6998734166563], [-3.522812580917923, 50.70012365266108], [-3.5236353175247075, 50.70115713315374]]]}}, {"type": "Feature", "properties": {"type": "postcode-cell", "postcode": "EX2 8FS", "postcodes": ["EX2 8FS"]}, "geometry": {"type": "Polygon", "coordinates": [[[-3.515902214882158, 50.70095919339179], [-3.5132316404137414, 50.698311843545675], [-3.5149845471968764, 50.69796136471565], [-3.516559789212361, 50.69845687473429], [-3.5166391255235285, 50.69856534761106], [-3.516827893270198, 50.699837776475604], [-3.5167872658487567, 50.69995223063443], [-3.5163688375496878, 50.70062020524921], [-3.515902214882158, 50.70095919339179]]]}}, {"type": "Feature", "properties": {"type": "postcode-cell", "postcode": "EX2 8NL", "postcodes": ["EX2 8NL"]}, "geometry": {"type": "Polygon", "coordinates": [[[-3.5194518734983724, 50.69663632130831], [-3.517552636333032, 50.697278151467565], [-3.5172424756976763, 50.697207161626324], [-3.516873376717035, 50.696648811715576], [-3.5187971669420945, 50.69527721397807], [-3.519839440693066, 50.69475910213624], [-3.5194518734983724, 50.69663632130831]]]}}, {"type": "Feature", "properties": {"type": "postcode-cell", "postcode": "EX2 8NB", "postcodes": ["EX2 8NB"]}, "geometry": {"type": "Polygon", "coordinates": [[[-3.5201242426722046, 50.69932483372497], [-3.519919224888435, 50.69925801992456], [-3.519512680515338, 50.6990439952884], [-3.518794811566954, 50.698300840402545], [-3.5197363670211286, 50.697512439504195], [-3.522065032026055, 50.69828620760881], [-3.522190249402072, 50.69856063741335], [-3.5201242426722046, 50.69932483372497]]]}}, {"type": "Feature", "properties": {"type": "postcode-cell", "postcode": "EX2 8HY", "postcodes": ["EX2 8HY"]}, "geometry": {"type": "Polygon", "coordinates": [[[-3.519512680515338, 50.6990439952884], [-3.5167872658487567, 50.69995223063443], [-3.516827893270198, 50.699837776475604], [-3.518750063568001, 50.69831397284889], [-3.5187719400038, 50.698303021132375], [-3.518794811566954, 50.698300840402545], [-3.519512680515338, 50.6990439952884]]]}}, {"type": "Feature", "properties": {"type": "postcode-cell", "postcode": "EX2 8HD", "postcodes": ["EX2 8HD"]}, "geometry": {"type": "Polygon", "coordinates": [[[-3.5200145072099316, 50.70017179549842], [-3.5167474978067546, 50.70055126047009], [-3.519919224888435, 50.69925801992456], [-3.5201242426722046, 50.69932483372497], [-3.520164709471379, 50.6998734166563], [-3.5200145072099316, 50.70017179549842]]]}}, {"type": "Feature", "properties": {"type": "postcode-cell", "postcode": "EX2 8HE", "postcodes": ["EX2 8HE"]}, "geometry": {"type": "Polygon", "coordinates": [[[-3.5166391255235285, 50.69856534761106], [-3.518750063568001, 50.69831397284889], [-3.516827893270198, 50.699837776475604], [-3.5166391255235285, 50.69856534761106]]]}}, {"type": "Feature", "properties": {"type": "postcode-cell", "postcode": "EX2 8HJ", "postcodes": ["EX2 8HJ"]}, "geometry": {"type": "Polygon", "coordinates": [[[-3.5163688375496878, 50.70062020524921], [-3.5167872658487567, 50.69995223063443], [-3.519512680515338, 50.6990439952884], [-3.519919224888435, 50.69925801992456], [-3.5167474978067546, 50.70055126047009], [-3.5163688375496878, 50.70062020524921]]]}}, {"type": "Feature", "properties": {"type": "postcode-cell", "postcode": "EX2 8ND", "postcodes": ["EX2 8ND"]}, "geometry": {"type": "Polygon", "coordinates": [[[-3.5176328721758843, 50.69786185520077], [-3.517552636333032, 50.697278151467565], [-3.5194518734983724, 50.69663632130831], [-3.5197363670211286, 50.697512439504195], [-3.518794811566954, 50.698300840402545], [-3.5187719400038, 50.698303021132375], [-3.5176328721758843, 50.69786185520077]]]}}, {"type": "Feature", "properties": {"type": "postcode-cell", "postcode": "EX2 8AH", "postcodes": ["EX2 8AH"]}, "geometry": {"type": "Polygon", "coordinates": [[[-3.5187719400038, 50.698303021132375], [-3.518750063568001, 50.69831397284889], [-3.5166391255235285, 50.69856534761106], [-3.516559789212361, 50.69845687473429], [-3.517044186575977, 50.69798484058988], [-3.5176328721758843, 50.69786185520077], [-3.5187719400038, 50.698303021132375]]]}}, {"type": "Feature", "properties": {"type": "postcode-cell", "postcode": "EX2 8DG", "postcodes": ["EX2 8DG"]}, "geometry": {"type": "Polygon", "coordinates": [[[-3.516873376717035, 50.696648811715576], [-3.5158016571369233, 50.696708329702794], [-3.515405149552047, 50.696368563674866], [-3.5154944605019622, 50.69621457001101], [-3.5187971669420945, 50.69527721397807], [-3.516873376717035, 50.696648811715576]]]}}, {"type": "Feature", "properties": {"type": "postcode-cell", "postcode": "EX2 8AL", "postcodes": ["EX2 8AL"]}, "geometry": {"type": "Polygon", "coordinates": [[[-3.5187971669420945, 50.69527721397807], [-3.5154944605019622, 50.69621457001101], [-3.5151437270329158, 50.69470183560535], [-3.521139168064634, 50.69289617408655], [-3.519839440693066, 50.69475910213624], [-3.5187971669420945, 50.69527721397807]]]}}, {"type": "Feature", "properties": {"type": "postcode-cell", "postcode": "EX2 8GN", "postcodes": ["EX2 8GN"]}, "geometry": {"type": "Polygon", "coordinates": [[[-3.516559789212361, 50.69845687473429], [-3.5149845471968764, 50.69796136471565], [-3.5157502482421625, 50.69741383853808], [-3.516450358726231, 50.697467847715245], [-3.517044186575977, 50.69798484058988], [-3.516559789212361, 50.69845687473429]]]}}, {"type": "Feature", "properties": {"type": "postcode-cell", "postcode": "EX2 8HF", "postcodes": ["EX2 8HF"]}, "geometry": {"type": "Polygon", "coordinates": [[[-3.5176328721758843, 50.69786185520077], [-3.517044186575977, 50.69798484058988], [-3.516450358726231, 50.697467847715245], [-3.5172424756976763, 50.697207161626324], [-3.517552636333032, 50.697278151467565], [-3.5176328721758843, 50.69786185520077]]]}}, {"type": "Feature", "properties": {"type": "postcode-cell", "postcode": "EX2 8LB", "postcodes": ["EX2 8LB"]}, "geometry": {"type": "Polygon", "coordinates": [[[-3.5158016571369233, 50.696708329702794], [-3.5157502482421625, 50.69741383853808], [-3.5149845471968764, 50.69796136471565], [-3.5132316404137414, 50.698311843545675], [-3.50863118433799, 50.69697821914734], [-3.515405149552047, 50.696368563674866], [-3.5158016571369233, 50.696708329702794]]]}}, {"type": "Feature", "properties": {"type": "postcode-cell", "postcode": "EX2 8LD", "postcodes": ["EX2 8LD"]}, "geometry": {"type": "Polygon", "coordinates": [[[-3.516450358726231, 50.697467847715245], [-3.5157502482421625, 50.69741383853808], [-3.5158016571369233, 50.696708329702794], [-3.516873376717035, 50.696648811715576], [-3.5172424756976763, 50.697207161626324], [-3.516450358726231, 50.697467847715245]]]}}, {"type": "Feature", "properties": {"type": "postcode-cell", "postcode": "EX2 8FN", "postcodes": ["EX2 8FN"]}, "geometry": {"type": "Polygon", "coordinates": [[[-3.5151437270329158, 50.69470183560535], [-3.511517966371746, 50.69477695997878], [-3.5136917013623314, 50.69233667868778], [-3.517749989754805, 50.69248999471935], [-3.518779989755199, 50.693029994719765], [-3.5208999897567783, 50.69252999471935], [-3.5215957841948877, 50.69254811803494], [-3.521139168064634, 50.69289617408655], [-3.5151437270329158, 50.69470183560535]]]}}, {"type": "Feature", "properties": {"type": "postcode-cell", "postcode": "EX2 8LP", "postcodes": ["EX2 8LP"]}, "geometry": {"type": "Polygon", "coordinates": [[[-3.5066507271374974, 50.696618864189624], [-3.511517966371746, 50.69477695997878], [-3.5151437270329158, 50.69470183560535], [-3.5154944605019622, 50.69621457001101], [-3.515405149552047, 50.696368563674866], [-3.50863118433799, 50.69697821914734], [-3.5066507271374974, 50.696618864189624]]]}}]}