{"type": "FeatureCollection", "features": [{"type": "Feature", "properties": {"type": "ward-outline", "name": "Ashburton & Buckfastleigh"}, "geometry": {"type": "Polygon", "coordinates": [[[-3.78014, 50.57426], [-3.77878, 50.57209], [-3.77719, 50.5705], [-3.78052, 50.56762], [-3.77561, 50.56524], [-3.77158, 50.56371], [-3.76484, 50.55963], [-3.7647, 50.55517], [-3.76388, 50.55331], [-3.76291, 50.55242], [-3.76129, 50.55169], [-3.75997, 50.55036], [-3.75748, 50.54984], [-3.75396, 50.54961], [-3.75121, 50.55016], [-3.75036, 50.54995], [-3.7472, 50.55006], [-3.74437, 50.54944], [-3.73854, 50.54942], [-3.7372, 50.54875], [-3.73555, 50.54927], [-3.7326, 50.54947], [-3.7317, 50.54926], [-3.72748, 50.54967], [-3.7265, 50.55], [-3.7241, 50.54877], [-3.72049, 50.54855], [-3.71429, 50.54871], [-3.70901, 50.54704], [-3.70882, 50.54813], [-3.7101, 50.55116], [-3.70809, 50.55158], [-3.70853, 50.55217], [-3.70818, 50.55345], [-3.70668, 50.55381], [-3.70061, 50.55432], [-3.70058, 50.5541], [-3.69636, 50.55325], [-3.69482, 50.55255], [-3.69071, 50.54756], [-3.689, 50.54742], [-3.68794, 50.5468], [-3.68702, 50.54577], [-3.68496, 50.53965], [-3.68172, 50.53845], [-3.68119, 50.53788], [-3.67908, 50.53692], [-3.67827, 50.53596], [-3.67813, 50.53484], [-3.6769, 50.53527], [-3.67465, 50.53475], [-3.67293, 50.53519], [-3.67067, 50.53485], [-3.67015, 50.535], [-3.66999, 50.53479], [-3.66897, 50.5351], [-3.66782, 50.53465], [-3.66584, 50.53492], [-3.66512, 50.53458], [-3.66552, 50.53393], [-3.66713, 50.53297], [-3.66869, 50.53268], [-3.67066, 50.53184], [-3.67129, 50.531], [-3.67253, 50.53028], [-3.67249, 50.52996], [-3.67333, 50.52985], [-3.6766, 50.52788], [-3.67858, 50.52732], [-3.67971, 50.52611], [-3.67993, 50.52462], [-3.68074, 50.52399], [-3.68288, 50.5232], [-3.68482, 50.52129], [-3.68895, 50.52274], [-3.69206, 50.52494], [-3.69694, 50.52551], [-3.70504, 50.5256], [-3.70766, 50.52622], [-3.71087, 50.52649], [-3.71298, 50.5271], [-3.71352, 50.52709], [-3.71677, 50.52441], [-3.72318, 50.52142], [-3.7208, 50.52001], [-3.71978, 50.51968], [-3.71894, 50.51981], [-3.71836, 50.51946], [-3.71987, 50.51739], [-3.71942, 50.5163], [-3.71759, 50.51658], [-3.71383, 50.51787], [-3.71225, 50.51756], [-3.71021, 50.51539], [-3.70625, 50.51393], [-3.70437, 50.51273], [-3.69745, 50.51058], [-3.69506, 50.50851], [-3.68734, 50.50517], [-3.68378, 50.50407], [-3.67907, 50.50346], [-3.67391, 50.50157], [-3.67422, 50.50008], [-3.67344, 50.49972], [-3.67404, 50.49913], [-3.67413, 50.49828], [-3.67622, 50.49618], [-3.67786, 50.49615], [-3.6781, 50.495], [-3.67883, 50.49535], [-3.67931, 50.4951], [-3.67938, 50.49359], [-3.68077, 50.49269], [-3.68636, 50.49526], [-3.68993, 50.49585], [-3.6927, 50.49727], [-3.69525, 50.49731], [-3.69751, 50.49907], [-3.70211, 50.50166], [-3.70677, 50.50217], [-3.71061, 50.50346], [-3.71439, 50.50401], [-3.71662, 50.50422], [-3.72151, 50.50319], [-3.7223, 50.50259], [-3.72191, 50.5024], [-3.72279, 50.50162], [-3.72296, 50.50082], [-3.72353, 50.50078], [-3.72312, 50.49987], [-3.72758, 50.49775], [-3.73042, 50.49885], [-3.73413, 50.50138], [-3.73527, 50.50239], [-3.73586, 50.50382], [-3.73725, 50.50548], [-3.7374, 50.50634], [-3.74185, 50.50796], [-3.74521, 50.50759], [-3.74743, 50.50803], [-3.75037, 50.50933], [-3.75629, 50.51039], [-3.75835, 50.50915], [-3.76436, 50.50671], [-3.76658, 50.50506], [-3.76777, 50.50341], [-3.76823, 50.50136], [-3.76781, 50.49955], [-3.76578, 50.496], [-3.76559, 50.49403], [-3.76613, 50.49243], [-3.76833, 50.48886], [-3.7692, 50.48581], [-3.76748, 50.48489], [-3.7663, 50.48187], [-3.7612, 50.47905], [-3.76079, 50.47853], [-3.76091, 50.47719], [-3.75789, 50.47442], [-3.75769, 50.47354], [-3.75894, 50.47004], [-3.75886, 50.46682], [-3.76204, 50.46774], [-3.76414, 50.46749], [-3.76582, 50.46669], [-3.76814, 50.46706], [-3.77227, 50.46438], [-3.77292, 50.46349], [-3.77425, 50.46355], [-3.77597, 50.46415], [-3.77667, 50.46395], [-3.77882, 50.46588], [-3.77979, 50.46859], [-3.78101, 50.47002], [-3.78201, 50.47229], [-3.78445, 50.47332], [-3.78487, 50.4729], [-3.78641, 50.47263], [-3.78678, 50.47207], [-3.78731, 50.47197], [-3.7866, 50.4732], [-3.78628, 50.47545], [-3.78728, 50.4756], [-3.78698, 50.47704], [-3.78613, 50.47774], [-3.78888, 50.47826], [-3.7919, 50.47781], [-3.79225, 50.47849], [-3.79324, 50.47843], [-3.7933, 50.48005], [-3.79428, 50.48098], [-3.79113, 50.48226], [-3.79303, 50.48394], [-3.79485, 50.48641], [-3.79697, 50.48729], [-3.79816, 50.48943], [-3.79515, 50.48968], [-3.79434, 50.49], [-3.79529, 50.49197], [-3.7922, 50.49299], [-3.78951, 50.49295], [-3.79073, 50.49561], [-3.78717, 50.4949], [-3.78293, 50.49473], [-3.77909, 50.49491], [-3.77586, 50.49559], [-3.77638, 50.49734], [-3.7784, 50.49855], [-3.78041, 50.49883], [-3.78557, 50.49872], [-3.78922, 50.49941], [-3.79069, 50.50017], [-3.79177, 50.50143], [-3.79166, 50.5023], [-3.78823, 50.50381], [-3.7871, 50.50501], [-3.7863, 50.50742], [-3.7875, 50.50998], [-3.78537, 50.51355], [-3.78476, 50.51772], [-3.78802, 50.52055], [-3.78941, 50.52122], [-3.79115, 50.52144], [-3.79427, 50.52084], [-3.79817, 50.52095], [-3.7995, 50.5217], [-3.79964, 50.52274], [-3.798, 50.52583], [-3.7977, 50.52988], [-3.79487, 50.53256], [-3.79836, 50.53496], [-3.79947, 50.53639], [-3.80088, 50.53693], [-3.80198, 50.53676], [-3.80389, 50.53542], [-3.80521, 50.53388], [-3.8055, 50.53289], [-3.80896, 50.53282], [-3.8111, 50.53086], [-3.81493, 50.52949], [-3.81457, 50.52738], [-3.81358, 50.52596], [-3.81371, 50.52541], [-3.81541, 50.52518], [-3.81731, 50.5253], [-3.81821, 50.52504], [-3.81999, 50.52204], [-3.82024, 50.51919], [-3.82185, 50.51693], [-3.82259, 50.51661], [-3.82529, 50.51679], [-3.82722, 50.51641], [-3.8293, 50.51827], [-3.83631, 50.52331], [-3.83716, 50.52489], [-3.83658, 50.52529], [-3.83611, 50.52669], [-3.83656, 50.52746], [-3.84033, 50.5302], [-3.84269, 50.53049], [-3.84385, 50.53104], [-3.84405, 50.53175], [-3.84335, 50.53331], [-3.84474, 50.53443], [-3.85164, 50.53615], [-3.85306, 50.53544], [-3.85539, 50.53314], [-3.85856, 50.53258], [-3.86159, 50.53408], [-3.86321, 50.53446], [-3.8664, 50.53454], [-3.87144, 50.53414], [-3.87201, 50.53447], [-3.87276, 50.53602], [-3.87504, 50.5378], [-3.87533, 50.54018], [-3.87501, 50.5411], [-3.8756, 50.54243], [-3.87586, 50.54456], [-3.87488, 50.54543], [-3.87513, 50.54662], [-3.87599, 50.54725], [-3.87561, 50.54766], [-3.87591, 50.54925], [-3.87713, 50.55], [-3.87743, 50.5525], [-3.87683, 50.55316], [-3.87429, 50.55421], [-3.87459, 50.55518], [-3.87404, 50.5562], [-3.87593, 50.55698], [-3.87623, 50.55891], [-3.87428, 50.56182], [-3.87485, 50.56402], [-3.87434, 50.56479], [-3.87301, 50.56557], [-3.8728, 50.56644], [-3.87186, 50.56677], [-3.87188, 50.56812], [-3.87071, 50.56919], [-3.86969, 50.5713], [-3.87013, 50.57214], [-3.87258, 50.57338], [-3.8738, 50.57515], [-3.87698, 50.57515], [-3.87735, 50.57565], [-3.87771, 50.57874], [-3.87729, 50.57904], [-3.87842, 50.57993], [-3.87836, 50.58046], [-3.87928, 50.58086], [-3.88094, 50.58435], [-3.88039, 50.5857], [-3.87925, 50.58626], [-3.8807, 50.58696], [-3.88058, 50.58742], [-3.88137, 50.58774], [-3.88051, 50.58933], [-3.88118, 50.59044], [-3.88114, 50.59247], [-3.88179, 50.59309], [-3.87681, 50.5931], [-3.87388, 50.59212], [-3.87259, 50.59109], [-3.86843, 50.5917], [-3.86781, 50.59305], [-3.86455, 50.59393], [-3.861, 50.59424], [-3.85748, 50.59415], [-3.85546, 50.593], [-3.85531, 50.59357], [-3.85363, 50.59357], [-3.85329, 50.59408], [-3.84332, 50.59508], [-3.82978, 50.59803], [-3.82905, 50.59826], [-3.83029, 50.60109], [-3.83037, 50.60441], [-3.8325, 50.60615], [-3.82904, 50.60814], [-3.823, 50.60997], [-3.82113, 50.60984], [-3.81646, 50.6083], [-3.8116, 50.60734], [-3.8093, 50.60747], [-3.80607, 50.60614], [-3.80295, 50.60559], [-3.79912, 50.60575], [-3.7943, 50.60534], [-3.79206, 50.60358], [-3.79518, 50.60263], [-3.7971, 50.60151], [-3.80086, 50.60148], [-3.80212, 50.60081], [-3.8006, 50.60127], [-3.79708, 50.6013], [-3.79579, 50.60091], [-3.79344, 50.59926], [-3.7934, 50.59769], [-3.79193, 50.59659], [-3.79179, 50.59606], [-3.79239, 50.59558], [-3.79218, 50.59327], [-3.79078, 50.59077], [-3.78936, 50.59042], [-3.78784, 50.5905], [-3.78634, 50.58725], [-3.78723, 50.58711], [-3.7858, 50.58206], [-3.78414, 50.58017], [-3.78449, 50.57971], [-3.78402, 50.57856], [-3.78315, 50.57774], [-3.78253, 50.57776], [-3.78014, 50.57426]]]}}, {"type": "Feature", "properties": {"type": "postcode-cell", "postcode": "TQ13 7TY", "postcodes": ["TQ13 7TY"]}, "geometry": {"type": "MultiPolygon", "coordinates": [[[[-3.881053630425452, 50.587611850141705], [-3.8813699900373075, 50.58773999463103], [-3.8813210023377454, 50.58783056789201], [-3.881053630425452, 50.587611850141705]]], [[[-3.87961871633662, 50.58643800415356], [-3.8806999900372325, 50.58695999463042], [-3.880622042736938, 50.58725879359886], [-3.87961871633662, 50.58643800415356]]], [[[-3.859424473632051, 50.56990969411033], [-3.8595940592016293, 50.56919350784811], [-3.861202548711168, 50.567371938195194], [-3.872390037471809, 50.56658391562463], [-3.8718599900408743, 50.566769994614724], [-3.8718799900402607, 50.56811999461578], [-3.870709990039002, 50.56918999461663], [-3.8696899900373607, 50.57129999461832], [-3.8701299900372566, 50.572139994618965], [-3.8725799900382674, 50.573379994619884], [-3.8737999900382385, 50.57514999462126], [-3.8769799900403012, 50.57514999462122], [-3.87734999004031, 50.5756499946216], [-3.877709990039106, 50.57873999462401], [-3.877289990038693, 50.57903999462425], [-3.878419990039017, 50.57992999462494], [-3.8783599900387293, 50.580459994625365], [-3.879279990039143, 50.58085999462565], [-3.8809399900385997, 50.584349994628354], [-3.880389990037615, 50.585699994629444], [-3.8793444233970393, 50.586213607234306], [-3.859424473632051, 50.56990969411033]]]]}}, {"type": "Feature", "properties": {"type": "postcode-cell", "postcode": "TQ13 7PW", "postcodes": ["TQ13 7PW"]}, "geometry": {"type": "Polygon", "coordinates": [[[-3.8595940592016293, 50.56919350784811], [-3.839211467213466, 50.56737194223979], [-3.8426156531832967, 50.56012635471652], [-3.8444960795367265, 50.559055746189124], [-3.855121980915877, 50.55749282595636], [-3.861202548711168, 50.567371938195194], [-3.8595940592016293, 50.56919350784811]]]}}, {"type": "Feature", "properties": {"type": "postcode-cell", "postcode": "TQ13 7PS", "postcodes": ["TQ13 7PS"]}, "geometry": {"type": "Polygon", "coordinates": [[[-3.861202548711168, 50.567371938195194], [-3.855121980915877, 50.55749282595636], [-3.857570651530151, 50.55446964337445], [-3.8751778444657634, 50.54666211244695], [-3.8751855815168597, 50.546660719289314], [-3.875989990052636, 50.54724999459936], [-3.8756099900521983, 50.54765999459969], [-3.8759099900516545, 50.54924999460094], [-3.8771299900520964, 50.5499999946015], [-3.8774299900511253, 50.552499994603444], [-3.87682999005043, 50.55315999460397], [-3.874289990048294, 50.55420999460484], [-3.874589990048037, 50.5551799946056], [-3.874039990047207, 50.5561999946064], [-3.8759299900480704, 50.556979994607005], [-3.876229990047364, 50.5589099946085], [-3.874279990044748, 50.56181999461081], [-3.874849990044095, 50.564019994612515], [-3.8743399900434032, 50.564789994613136], [-3.8730099900421795, 50.565569994613774], [-3.8727999900416377, 50.56643999461445], [-3.872390037471809, 50.56658391562463], [-3.861202548711168, 50.567371938195194]]]}}, {"type": "Feature", "properties": {"type": "postcode-cell", "postcode": "TQ13 7PT", "postcodes": ["TQ13 7PT"]}, "geometry": {"type": "Polygon", "coordinates": [[[-3.857570651530151, 50.55446964337445], [-3.8479987633668853, 50.54903305128525], [-3.8467920263446764, 50.53961172659436], [-3.846891792258241, 50.53948339259325], [-3.8751778444657634, 50.54666211244695], [-3.857570651530151, 50.55446964337445]]]}}, {"type": "Feature", "properties": {"type": "postcode-cell", "postcode": "TQ13 7UA", "postcodes": ["TQ13 7UA"]}, "geometry": {"type": "Polygon", "coordinates": [[[-3.8496431056838007, 50.578576710941036], [-3.859424473632051, 50.56990969411033], [-3.8793444233970393, 50.586213607234306], [-3.8792499900366133, 50.58625999462989], [-3.87961871633662, 50.58643800415356], [-3.880622042736938, 50.58725879359886], [-3.880579990036941, 50.58741999463079], [-3.881053630425452, 50.587611850141705], [-3.8813210023377454, 50.58783056789201], [-3.8805099900360096, 50.58932999463228], [-3.8811799900359283, 50.590439994633165], [-3.881139990034959, 50.59246999463475], [-3.8817899900350943, 50.59308999463522], [-3.8768099900318527, 50.59309999463531], [-3.873879990030403, 50.5921199946346], [-3.872589990030044, 50.5910899946338], [-3.8684299900270585, 50.59169999463437], [-3.8678099900260285, 50.59304999463544], [-3.8645499900235025, 50.59392999463618], [-3.8644703592061296, 50.5939369495418], [-3.8496431056838007, 50.578576710941036]]]}}, {"type": "Feature", "properties": {"type": "postcode-cell", "postcode": "TQ13 7TX", "postcodes": ["TQ13 7TX"]}, "geometry": {"type": "Polygon", "coordinates": [[[-3.8496431056838007, 50.578576710941036], [-3.833484930314246, 50.57649415686494], [-3.83241781635478, 50.57188577954675], [-3.839211467213466, 50.56737194223979], [-3.8595940592016293, 50.56919350784811], [-3.859424473632051, 50.56990969411033], [-3.8496431056838007, 50.578576710941036]]]}}, {"type": "Feature", "properties": {"type": "postcode-cell", "postcode": "TQ13 7PU", "postcodes": ["TQ13 7PU"]}, "geometry": {"type": "Polygon", "coordinates": [[[-3.8751778444657634, 50.54666211244695], [-3.846891792258241, 50.53948339259325], [-3.8451493047578165, 50.53453204166956], [-3.8516399900420506, 50.53614999459113], [-3.8530599900433007, 50.53543999459053], [-3.8553899900458797, 50.53313999458871], [-3.85855999004819, 50.53257999458821], [-3.861589990049452, 50.534079994589334], [-3.8632099900503203, 50.53445999458959], [-3.866399990052344, 50.53453999458958], [-3.8714399900557948, 50.534139994589175], [-3.872009990056011, 50.53446999458944], [-3.8727599900557723, 50.536019994590625], [-3.875039990056421, 50.537799994591985], [-3.8753299900555005, 50.540179994593835], [-3.875009990054864, 50.54109999459457], [-3.875599990054627, 50.54242999459557], [-3.875859990053804, 50.54455999459726], [-3.8748799900527637, 50.545429994597946], [-3.8751299900523732, 50.54661999459889], [-3.8751855815168597, 50.546660719289314], [-3.8751778444657634, 50.54666211244695]]]}}, {"type": "Feature", "properties": {"type": "postcode-cell", "postcode": "TQ13 7NX", "postcodes": ["TQ13 7NX"]}, "geometry": {"type": "Polygon", "coordinates": [[[-3.819811134988843, 50.522341453719896], [-3.8199899900282355, 50.52203999458071], [-3.8202399900297297, 50.51918999457848], [-3.8218499900318235, 50.51692999457669], [-3.8225899900324514, 50.51660999457642], [-3.8252899900341064, 50.51678999457653], [-3.827219990035524, 50.51640999457619], [-3.829299990035995, 50.5182699945776], [-3.8363099900381523, 50.523309994581375], [-3.837159990037964, 50.52488999458259], [-3.836579990037403, 50.52528999458294], [-3.836109990036446, 50.52668999458403], [-3.836287275006492, 50.52699335215576], [-3.819811134988843, 50.522341453719896]]]}}, {"type": "Feature", "properties": {"type": "postcode-cell", "postcode": "TQ13 7PR", "postcodes": ["TQ13 7PR"]}, "geometry": {"type": "Polygon", "coordinates": [[[-3.8479987633668853, 50.54903305128525], [-3.842190076383333, 50.54949319145206], [-3.836103361787567, 50.545956273567285], [-3.835355974451715, 50.54532854569836], [-3.8467920263446764, 50.53961172659436], [-3.8479987633668853, 50.54903305128525]]]}}, {"type": "Feature", "properties": {"type": "postcode-cell", "postcode": "TQ13 7PP", "postcodes": ["TQ13 7PP"]}, "geometry": {"type": "Polygon", "coordinates": [[[-3.8444960795367265, 50.559055746189124], [-3.83876768607951, 50.55334697037694], [-3.842190076383333, 50.54949319145206], [-3.8479987633668853, 50.54903305128525], [-3.857570651530151, 50.55446964337445], [-3.855121980915877, 50.55749282595636], [-3.8444960795367265, 50.559055746189124]]]}}, {"type": "Feature", "properties": {"type": "postcode-cell", "postcode": "TQ13 7UB", "postcodes": ["TQ13 7UB"]}, "geometry": {"type": "Polygon", "coordinates": [[[-3.8238949154851407, 50.58696020412493], [-3.8268891036132824, 50.58244265428002], [-3.833484930314246, 50.57649415686494], [-3.8496431056838007, 50.578576710941036], [-3.8644703592061296, 50.5939369495418], [-3.8609999900210554, 50.594239994636496], [-3.8574799900188124, 50.59414999463645], [-3.855459990018034, 50.5929999946356], [-3.8553099900176733, 50.59356999463606], [-3.853629990016583, 50.59356999463608], [-3.853289990016126, 50.59407999463649], [-3.8433199900091957, 50.59507999463744], [-3.830728822781267, 50.597823332657676], [-3.8238949154851407, 50.58696020412493]]]}}, {"type": "Feature", "properties": {"type": "postcode-cell", "postcode": "TQ13 7PH", "postcodes": ["TQ13 7PH"]}, "geometry": {"type": "Polygon", "coordinates": [[[-3.83876768607951, 50.55334697037694], [-3.8369945103866936, 50.553046167673884], [-3.836543545826131, 50.552548739749646], [-3.836103361787567, 50.545956273567285], [-3.842190076383333, 50.54949319145206], [-3.83876768607951, 50.55334697037694]]]}}, {"type": "Feature", "properties": {"type": "postcode-cell", "postcode": "TQ13 7FA", "postcodes": ["TQ13 7FA"]}, "geometry": {"type": "Polygon", "coordinates": [[[-3.8444960795367265, 50.559055746189124], [-3.8426156531832967, 50.56012635471652], [-3.826636642716253, 50.5581960864495], [-3.824525248040357, 50.55629109269196], [-3.8369945103866936, 50.553046167673884], [-3.83876768607951, 50.55334697037694], [-3.8444960795367265, 50.559055746189124]]]}}, {"type": "Feature", "properties": {"type": "postcode-cell", "postcode": "TQ13 7PJ", "postcodes": ["TQ13 7PJ"]}, "geometry": {"type": "Polygon", "coordinates": [[[-3.836103361787567, 50.545956273567285], [-3.836543545826131, 50.552548739749646], [-3.8285245667742913, 50.54783904475053], [-3.8310687173931854, 50.54530908567331], [-3.835355974451715, 50.54532854569836], [-3.836103361787567, 50.545956273567285]]]}}, {"type": "Feature", "properties": {"type": "postcode-cell", "postcode": "TQ13 7PD", "postcodes": ["TQ13 7PD"]}, "geometry": {"type": "Polygon", "coordinates": [[[-3.8467920263446764, 50.53961172659436], [-3.835355974451715, 50.54532854569836], [-3.8310687173931854, 50.54530908567331], [-3.8283011430215823, 50.54205119211113], [-3.8306963609025946, 50.537847573791154], [-3.8439788332381246, 50.531908577361826], [-3.8433499900380217, 50.53330999458907], [-3.844739990038397, 50.53442999458992], [-3.8451493047578165, 50.53453204166956], [-3.846891792258241, 50.53948339259325], [-3.8467920263446764, 50.53961172659436]]]}}, {"type": "Feature", "properties": {"type": "postcode-cell", "postcode": "TQ13 7TU", "postcodes": ["TQ13 7TU"]}, "geometry": {"type": "Polygon", "coordinates": [[[-3.8268891036132824, 50.58244265428002], [-3.8169031486362486, 50.576302938397085], [-3.812589894024504, 50.57149479428612], [-3.8132146573589334, 50.57067190507291], [-3.8285567643108664, 50.5697566230268], [-3.83241781635478, 50.57188577954675], [-3.833484930314246, 50.57649415686494], [-3.8268891036132824, 50.58244265428002]]]}}, {"type": "Feature", "properties": {"type": "postcode-cell", "postcode": "TQ13 7NY", "postcodes": ["TQ13 7NY"]}, "geometry": {"type": "Polygon", "coordinates": [[[-3.828907869918292, 50.537122545590634], [-3.826271015270415, 50.52966866815952], [-3.836866991874785, 50.52768313727915], [-3.8403299900375245, 50.53019999458668], [-3.842689990038913, 50.53048999458689], [-3.8438499900394048, 50.531039994587275], [-3.844049990039205, 50.53174999458784], [-3.8439788332381246, 50.531908577361826], [-3.8306963609025946, 50.537847573791154], [-3.828907869918292, 50.537122545590634]]]}}, {"type": "Feature", "properties": {"type": "postcode-cell", "postcode": "TQ13 7PB", "postcodes": ["TQ13 7PB"]}, "geometry": {"type": "Polygon", "coordinates": [[[-3.8306963609025946, 50.537847573791154], [-3.8283011430215823, 50.54205119211113], [-3.8267443247128767, 50.54186801078245], [-3.8204339950458324, 50.53870453927201], [-3.8173759926081834, 50.53696227546677], [-3.8197228231813893, 50.53412227095519], [-3.828907869918292, 50.537122545590634], [-3.8306963609025946, 50.537847573791154]]]}}, {"type": "Feature", "properties": {"type": "postcode-cell", "postcode": "TQ13 7PL", "postcodes": ["TQ13 7PL"]}, "geometry": {"type": "Polygon", "coordinates": [[[-3.836543545826131, 50.552548739749646], [-3.8369945103866936, 50.553046167673884], [-3.824525248040357, 50.55629109269196], [-3.822477782799876, 50.55532366487008], [-3.8217489573692354, 50.55187503997495], [-3.8285245667742913, 50.54783904475053], [-3.836543545826131, 50.552548739749646]]]}}, {"type": "Feature", "properties": {"type": "postcode-cell", "postcode": "TQ13 7PN", "postcodes": ["TQ13 7PN"]}, "geometry": {"type": "Polygon", "coordinates": [[[-3.839211467213466, 50.56737194223979], [-3.83241781635478, 50.57188577954675], [-3.8285567643108664, 50.5697566230268], [-3.8268507628802606, 50.567347286858144], [-3.826636642716253, 50.5581960864495], [-3.8426156531832967, 50.56012635471652], [-3.839211467213466, 50.56737194223979]]]}}, {"type": "Feature", "properties": {"type": "postcode-cell", "postcode": "TQ13 7TQ", "postcodes": ["TQ13 7TQ"]}, "geometry": {"type": "Polygon", "coordinates": [[[-3.822477782799876, 50.55532366487008], [-3.824525248040357, 50.55629109269196], [-3.826636642716253, 50.5581960864495], [-3.8268507628802606, 50.567347286858144], [-3.821736363044181, 50.5657917669358], [-3.8155433946257196, 50.56358084800303], [-3.818081527359202, 50.55715111031614], [-3.822477782799876, 50.55532366487008]]]}}, {"type": "Feature", "properties": {"type": "postcode-cell", "postcode": "TQ13 7HW", "postcodes": ["TQ13 7HW"]}, "geometry": {"type": "Polygon", "coordinates": [[[-3.818081527359202, 50.55715111031614], [-3.800660823942802, 50.55803232669645], [-3.811000497471234, 50.54762742026337], [-3.812721930113212, 50.5471809378308], [-3.8217489573692354, 50.55187503997495], [-3.822477782799876, 50.55532366487008], [-3.818081527359202, 50.55715111031614]]]}}, {"type": "Feature", "properties": {"type": "postcode-cell", "postcode": "TQ13 7PE", "postcodes": ["TQ13 7PE"]}, "geometry": {"type": "Polygon", "coordinates": [[[-3.8310687173931854, 50.54530908567331], [-3.8285245667742913, 50.54783904475053], [-3.8217489573692354, 50.55187503997495], [-3.812721930113212, 50.5471809378308], [-3.813104862979498, 50.54561058280663], [-3.8251075530822365, 50.542263741287876], [-3.8267443247128767, 50.54186801078245], [-3.8283011430215823, 50.54205119211113], [-3.8310687173931854, 50.54530908567331]]]}}, {"type": "Feature", "properties": {"type": "postcode-cell", "postcode": "TQ13 7PX", "postcodes": ["TQ13 7PX"]}, "geometry": {"type": "Polygon", "coordinates": [[[-3.826271015270415, 50.52966866815952], [-3.8199903494635272, 50.530594394886414], [-3.8145927975236416, 50.52751367795814], [-3.814569990022244, 50.52737999458498], [-3.813579990022271, 50.52595999458388], [-3.8137099900226126, 50.525409994583455], [-3.815409990023815, 50.52517999458323], [-3.8173099900249827, 50.5252999945833], [-3.818209990025682, 50.52503999458307], [-3.819811134988843, 50.522341453719896], [-3.836287275006492, 50.52699335215576], [-3.8365599900363763, 50.52745999458461], [-3.836866991874785, 50.52768313727915], [-3.826271015270415, 50.52966866815952]]]}}, {"type": "Feature", "properties": {"type": "postcode-cell", "postcode": "TQ13 7NZ", "postcodes": ["TQ13 7NZ"]}, "geometry": {"type": "Polygon", "coordinates": [[[-3.8197228231813893, 50.53412227095519], [-3.8199903494635272, 50.530594394886414], [-3.826271015270415, 50.52966866815952], [-3.828907869918292, 50.537122545590634], [-3.8197228231813893, 50.53412227095519]]]}}, {"type": "Feature", "properties": {"type": "postcode-cell", "postcode": "TQ11 0HN", "postcodes": ["TQ11 0HN"]}, "geometry": {"type": "MultiPolygon", "coordinates": [[[[-3.7899408981925973, 50.50119180106088], [-3.789457235514409, 50.49953265504077], [-3.790689990019671, 50.500169994564246], [-3.7917699900197697, 50.5014299945652], [-3.791698671809196, 50.5019940600717], [-3.7899408981925973, 50.50119180106088]]], [[[-3.78684055625235, 50.49055430322385], [-3.7867139086605723, 50.489755253421556], [-3.792652048877928, 50.48905298624851], [-3.794679682504591, 50.48986579626422], [-3.794339990026792, 50.48999999455631], [-3.795289990026472, 50.491969994557785], [-3.7921999900240126, 50.49298999455864], [-3.789509990022309, 50.49294999455868], [-3.790729990021837, 50.4956099945607], [-3.7881647713823994, 50.49509840514494], [-3.78684055625235, 50.49055430322385]]]]}}, {"type": "Feature", "properties": {"type": "postcode-cell", "postcode": "TQ11 0HD", "postcodes": ["TQ11 0HD"]}, "geometry": {"type": "Polygon", "coordinates": [[[-3.792652048877928, 50.48905298624851], [-3.793327108204612, 50.484868084057915], [-3.7936250191431915, 50.48474756625642], [-3.794849990028804, 50.486409994553476], [-3.7969699900297518, 50.48728999455413], [-3.7981599900295056, 50.48942999455576], [-3.7951499900274617, 50.48967999455603], [-3.794679682504591, 50.48986579626422], [-3.792652048877928, 50.48905298624851]]]}}, {"type": "Feature", "properties": {"type": "postcode-cell", "postcode": "TQ13 7HF", "postcodes": ["TQ13 7HF"]}, "geometry": {"type": "Polygon", "coordinates": [[[-3.795272268833354, 50.53086314688945], [-3.7826062565825542, 50.52654587298021], [-3.7812473207632107, 50.524883168935155], [-3.7803231619914444, 50.52309104401437], [-3.78607317210259, 50.518860018101606], [-3.7880199900083817, 50.520549994580165], [-3.7894099900089615, 50.521219994580676], [-3.7911499900099734, 50.521439994580795], [-3.794269990012259, 50.52083999458026], [-3.798169990014712, 50.52094999458027], [-3.799499990015214, 50.521699994580835], [-3.7996399900148186, 50.52273999458164], [-3.7979999900123125, 50.525829994584065], [-3.7976999900102215, 50.52987999458724], [-3.796803473698638, 50.530729032229615], [-3.795272268833354, 50.53086314688945]]]}}, {"type": "Feature", "properties": {"type": "postcode-cell", "postcode": "TQ13 7PG", "postcodes": ["TQ13 7PG"]}, "geometry": {"type": "Polygon", "coordinates": [[[-3.8267443247128767, 50.54186801078245], [-3.8251075530822365, 50.542263741287876], [-3.820067423029578, 50.54149049719215], [-3.8204339950458324, 50.53870453927201], [-3.8267443247128767, 50.54186801078245]]]}}, {"type": "Feature", "properties": {"type": "postcode-cell", "postcode": "TQ13 7NU", "postcodes": ["TQ13 7NU"]}, "geometry": {"type": "Polygon", "coordinates": [[[-3.8197228231813893, 50.53412227095519], [-3.8173759926081834, 50.53696227546677], [-3.811357098596807, 50.539512134916556], [-3.802275613520818, 50.536552600759855], [-3.8038899900116045, 50.53541999459145], [-3.8052099900131724, 50.53387999459021], [-3.8054999900138293, 50.53288999458947], [-3.808959990016083, 50.53281999458932], [-3.81109999001838, 50.53085999458776], [-3.8149299900214886, 50.5294899945866], [-3.8145927975236416, 50.52751367795814], [-3.8199903494635272, 50.530594394886414], [-3.8197228231813893, 50.53412227095519]]]}}, {"type": "Feature", "properties": {"type": "postcode-cell", "postcode": "TQ13 7PF", "postcodes": ["TQ13 7PF"]}, "geometry": {"type": "Polygon", "coordinates": [[[-3.813104862979498, 50.54561058280663], [-3.812963640166725, 50.54500339250411], [-3.820067423029578, 50.54149049719215], [-3.8251075530822365, 50.542263741287876], [-3.813104862979498, 50.54561058280663]]]}}, {"type": "Feature", "properties": {"type": "postcode-cell", "postcode": "TQ13 7PQ", "postcodes": ["TQ13 7PQ"]}, "geometry": {"type": "Polygon", "coordinates": [[[-3.820067423029578, 50.54149049719215], [-3.812963640166725, 50.54500339250411], [-3.811357098596807, 50.539512134916556], [-3.8173759926081834, 50.53696227546677], [-3.8204339950458324, 50.53870453927201], [-3.820067423029578, 50.54149049719215]]]}}, {"type": "Feature", "properties": {"type": "postcode-cell", "postcode": "TQ13 7HN", "postcodes": ["TQ13 7HN"]}, "geometry": {"type": "Polygon", "coordinates": [[[-3.812721930113212, 50.5471809378308], [-3.811000497471234, 50.54762742026337], [-3.794530344042649, 50.54547264512464], [-3.80037652315792, 50.53673718090902], [-3.8008799900089607, 50.536929994592676], [-3.8019799900097477, 50.53675999459252], [-3.802275613520818, 50.536552600759855], [-3.811357098596807, 50.539512134916556], [-3.812963640166725, 50.54500339250411], [-3.813104862979498, 50.54561058280663], [-3.812721930113212, 50.5471809378308]]]}}, {"type": "Feature", "properties": {"type": "postcode-cell", "postcode": "TQ13 7TJ", "postcodes": ["TQ13 7TJ"]}, "geometry": {"type": "Polygon", "coordinates": [[[-3.8268507628802606, 50.567347286858144], [-3.8285567643108664, 50.5697566230268], [-3.8132146573589334, 50.57067190507291], [-3.8112474952285083, 50.5681069894452], [-3.821736363044181, 50.5657917669358], [-3.8268507628802606, 50.567347286858144]]]}}, {"type": "Feature", "properties": {"type": "postcode-cell", "postcode": "TQ13 7TL", "postcodes": ["TQ13 7TL"]}, "geometry": {"type": "Polygon", "coordinates": [[[-3.8268891036132824, 50.58244265428002], [-3.8238949154851407, 50.58696020412493], [-3.8192977873140213, 50.586425674252915], [-3.8153201117130258, 50.58401033053018], [-3.8120124583523607, 50.57620702337767], [-3.8169031486362486, 50.576302938397085], [-3.8268891036132824, 50.58244265428002]]]}}, {"type": "Feature", "properties": {"type": "postcode-cell", "postcode": "TQ13 7TF", "postcodes": ["TQ13 7TF"]}, "geometry": {"type": "Polygon", "coordinates": [[[-3.8132146573589334, 50.57067190507291], [-3.812589894024504, 50.57149479428612], [-3.806374752644253, 50.57459762779882], [-3.8051611822274496, 50.57497344673078], [-3.7875380400732315, 50.561662930178656], [-3.791579518619224, 50.56131197432406], [-3.809105149671042, 50.56569340360472], [-3.8112474952285083, 50.5681069894452], [-3.8132146573589334, 50.57067190507291]]]}}, {"type": "Feature", "properties": {"type": "postcode-cell", "postcode": "TQ13 7TH", "postcodes": ["TQ13 7TH"]}, "geometry": {"type": "Polygon", "coordinates": [[[-3.821736363044181, 50.5657917669358], [-3.8112474952285083, 50.5681069894452], [-3.809105149671042, 50.56569340360472], [-3.8155433946257196, 50.56358084800303], [-3.821736363044181, 50.5657917669358]]]}}, {"type": "Feature", "properties": {"type": "postcode-cell", "postcode": "TQ13 7TG", "postcodes": ["TQ13 7TG"]}, "geometry": {"type": "Polygon", "coordinates": [[[-3.809105149671042, 50.56569340360472], [-3.791579518619224, 50.56131197432406], [-3.800660823942802, 50.55803232669645], [-3.818081527359202, 50.55715111031614], [-3.8155433946257196, 50.56358084800303], [-3.809105149671042, 50.56569340360472]]]}}, {"type": "Feature", "properties": {"type": "postcode-cell", "postcode": "TQ13 7TB", "postcodes": ["TQ13 7TB"]}, "geometry": {"type": "Polygon", "coordinates": [[[-3.8169031486362486, 50.576302938397085], [-3.8120124583523607, 50.57620702337767], [-3.806374752644253, 50.57459762779882], [-3.812589894024504, 50.57149479428612], [-3.8169031486362486, 50.576302938397085]]]}}, {"type": "Feature", "properties": {"type": "postcode-cell", "postcode": "TQ13 7TR", "postcodes": ["TQ13 7TR"]}, "geometry": {"type": "Polygon", "coordinates": [[[-3.8192977873140213, 50.586425674252915], [-3.8238949154851407, 50.58696020412493], [-3.830728822781267, 50.597823332657676], [-3.8297799899990514, 50.59802999463999], [-3.8290499899984702, 50.598259994640195], [-3.8302899899979557, 50.60108999464238], [-3.830369989996461, 50.60440999464499], [-3.832499989997031, 50.60614999464631], [-3.8290399899938623, 50.60813999464794], [-3.8229999899890963, 50.609969994649475], [-3.821129989987947, 50.60983999464942], [-3.816459989985644, 50.60829999464828], [-3.811599989982946, 50.60733999464762], [-3.8092999899813993, 50.607469994647744], [-3.8060699899799304, 50.60613999464679], [-3.802949989978174, 50.60558999464639], [-3.799119989975622, 50.60574999464658], [-3.7942999899726995, 50.60533999464635], [-3.7920599899720786, 50.60357999464498], [-3.7951799899745358, 50.60262999464418], [-3.797099989976298, 50.60150999464327], [-3.8008599899787403, 50.60147999464319], [-3.802119989979869, 50.60080999464267], [-3.800599989978672, 50.601269994643026], [-3.7970799899763845, 50.60129999464313], [-3.7957899899757344, 50.600909994642834], [-3.793439989974986, 50.59925999464158], [-3.793399989975696, 50.597689994640355], [-3.7919299899752605, 50.59658999463951], [-3.791789989975421, 50.59605999463913], [-3.7923899899760305, 50.595579994638705], [-3.792179989976975, 50.5932699946369], [-3.7907799899772407, 50.59076999463496], [-3.790189981207347, 50.590624572688995], [-3.8192977873140213, 50.586425674252915]]]}}, {"type": "Feature", "properties": {"type": "postcode-cell", "postcode": "TQ13 7TA", "postcodes": ["TQ13 7TA"]}, "geometry": {"type": "Polygon", "coordinates": [[[-3.8120124583523607, 50.57620702337767], [-3.8153201117130258, 50.58401033053018], [-3.8041218626056637, 50.577859169667015], [-3.8051611822274496, 50.57497344673078], [-3.806374752644253, 50.57459762779882], [-3.8120124583523607, 50.57620702337767]]]}}, {"type": "Feature", "properties": {"type": "postcode-cell", "postcode": "TQ13 7HP", "postcodes": ["TQ13 7HP"]}, "geometry": {"type": "Polygon", "coordinates": [[[-3.791579518619224, 50.56131197432406], [-3.7875380400732315, 50.561662930178656], [-3.7796262897897757, 50.56107282778323], [-3.7874354138434594, 50.54867483670053], [-3.794530344042649, 50.54547264512464], [-3.811000497471234, 50.54762742026337], [-3.800660823942802, 50.55803232669645], [-3.791579518619224, 50.56131197432406]]]}}, {"type": "Feature", "properties": {"type": "postcode-cell", "postcode": "TQ13 7TD", "postcodes": ["TQ13 7TD"]}, "geometry": {"type": "Polygon", "coordinates": [[[-3.8192977873140213, 50.586425674252915], [-3.790189981207347, 50.590624572688995], [-3.78935998997649, 50.590419994634715], [-3.787839989975473, 50.590499994634804], [-3.786339989976029, 50.58724999463229], [-3.7872299899766664, 50.58710999463216], [-3.786319081419617, 50.58389328301267], [-3.8041218626056637, 50.577859169667015], [-3.8153201117130258, 50.58401033053018], [-3.8192977873140213, 50.586425674252915]]]}}, {"type": "Feature", "properties": {"type": "postcode-cell", "postcode": "TQ13 7HQ", "postcodes": ["TQ13 7HQ"]}, "geometry": {"type": "Polygon", "coordinates": [[[-3.768276870374756, 50.54004809801921], [-3.7721348910230414, 50.53742567950341], [-3.7789373574042844, 50.53669830160208], [-3.783637041524891, 50.54268852881234], [-3.7874354138434594, 50.54867483670053], [-3.7796262897897757, 50.56107282778323], [-3.772803174578959, 50.56302422876054], [-3.7657072083102885, 50.546262859121946], [-3.768276870374756, 50.54004809801921]]]}}, {"type": "Feature", "properties": {"type": "postcode-cell", "postcode": "TQ13 7HX", "postcodes": ["TQ13 7HX"]}, "geometry": {"type": "Polygon", "coordinates": [[[-3.7657072083102885, 50.546262859121946], [-3.7533413352919998, 50.542286926737276], [-3.7543212978389073, 50.53700872447109], [-3.7595759833810907, 50.537749629922395], [-3.768276870374756, 50.54004809801921], [-3.7657072083102885, 50.546262859121946]]]}}, {"type": "Feature", "properties": {"type": "postcode-cell", "postcode": "TQ13 7TE", "postcodes": ["TQ13 7TE"]}, "geometry": {"type": "Polygon", "coordinates": [[[-3.8041218626056637, 50.577859169667015], [-3.786319081419617, 50.58389328301267], [-3.7857999899781087, 50.58205999462825], [-3.7841399899779256, 50.580169994626786], [-3.784489989978364, 50.57970999462641], [-3.7840199899786016, 50.578559994625515], [-3.7831499899784253, 50.57773999462489], [-3.7825299899780176, 50.57775999462491], [-3.780139989978118, 50.57425999462222], [-3.7787799899782613, 50.572089994620534], [-3.777189989977982, 50.57049999461934], [-3.7805199899814763, 50.567619994617026], [-3.775609989979434, 50.56523999461526], [-3.7716378176439034, 50.563731950741406], [-3.772803174578959, 50.56302422876054], [-3.7796262897897757, 50.56107282778323], [-3.7875380400732315, 50.561662930178656], [-3.8051611822274496, 50.57497344673078], [-3.8041218626056637, 50.577859169667015]]]}}, {"type": "Feature", "properties": {"type": "postcode-cell", "postcode": "TQ13 7HL", "postcodes": ["TQ13 7HL"]}, "geometry": {"type": "Polygon", "coordinates": [[[-3.794530344042649, 50.54547264512464], [-3.7874354138434594, 50.54867483670053], [-3.783637041524891, 50.54268852881234], [-3.7974656130002504, 50.53434498389247], [-3.7983599900082634, 50.5349599945912], [-3.7994699900083053, 50.53638999459228], [-3.80037652315792, 50.53673718090902], [-3.794530344042649, 50.54547264512464]]]}}, {"type": "Feature", "properties": {"type": "postcode-cell", "postcode": "TQ11 0BL", "postcodes": ["TQ11 0BL"]}, "geometry": {"type": "Polygon", "coordinates": [[[-3.792652048877928, 50.48905298624851], [-3.7867139086605723, 50.489755253421556], [-3.7856177069961094, 50.48915507278971], [-3.7879412666871897, 50.48610780642152], [-3.7916795711615605, 50.48470658636421], [-3.793327108204612, 50.484868084057915], [-3.792652048877928, 50.48905298624851]]]}}, {"type": "Feature", "properties": {"type": "postcode-cell", "postcode": "TQ11 0DS", "postcodes": ["TQ11 0DS"]}, "geometry": {"type": "Polygon", "coordinates": [[[-3.7860418121218413, 50.474127909513925], [-3.7848426257347345, 50.47292735910693], [-3.7848699900287706, 50.47289999454321], [-3.786409990029883, 50.47262999454297], [-3.786779990030383, 50.47206999454252], [-3.78730999003077, 50.47196999454243], [-3.786599990029737, 50.4731999945434], [-3.7864647569939227, 50.47415087572581], [-3.7860418121218413, 50.474127909513925]]]}}, {"type": "Feature", "properties": {"type": "postcode-cell", "postcode": "TQ11 0HE", "postcodes": ["TQ11 0HE"]}, "geometry": {"type": "Polygon", "coordinates": [[[-3.793327108204612, 50.484868084057915], [-3.7916795711615605, 50.48470658636421], [-3.790259217717372, 50.48388993236283], [-3.788453336034392, 50.481880687950145], [-3.78982878388532, 50.48067896269202], [-3.7932693127512422, 50.47922172671456], [-3.7932999900308038, 50.48004999454858], [-3.794279990030994, 50.48097999454929], [-3.7911299900283724, 50.48225999455031], [-3.7930299900287996, 50.483939994551584], [-3.7936250191431915, 50.48474756625642], [-3.793327108204612, 50.484868084057915]]]}}, {"type": "Feature", "properties": {"type": "postcode-cell", "postcode": "TQ13 7HU", "postcodes": ["TQ13 7HU"]}, "geometry": {"type": "Polygon", "coordinates": [[[-3.7595759833810907, 50.537749629922395], [-3.7627504806649053, 50.53521031811174], [-3.7677007137299423, 50.533771931526616], [-3.7721348910230414, 50.53742567950341], [-3.768276870374756, 50.54004809801921], [-3.7595759833810907, 50.537749629922395]]]}}, {"type": "Feature", "properties": {"type": "postcode-cell", "postcode": "TQ13 7HJ", "postcodes": ["TQ13 7HJ"]}, "geometry": {"type": "Polygon", "coordinates": [[[-3.783637041524891, 50.54268852881234], [-3.7789373574042844, 50.53669830160208], [-3.7793752466354005, 50.536278492855956], [-3.795272268833354, 50.53086314688945], [-3.796803473698638, 50.530729032229615], [-3.794869990007143, 50.532559994589384], [-3.7974656130002504, 50.53434498389247], [-3.783637041524891, 50.54268852881234]]]}}, {"type": "Feature", "properties": {"type": "postcode-cell", "postcode": "TQ11 0BW", "postcodes": ["TQ11 0BW"]}, "geometry": {"type": "Polygon", "coordinates": [[[-3.7916795711615605, 50.48470658636421], [-3.7879412666871897, 50.48610780642152], [-3.786575278928857, 50.484746229522095], [-3.7871567121263356, 50.484152703632056], [-3.790259217717372, 50.48388993236283], [-3.7916795711615605, 50.48470658636421]]]}}, {"type": "Feature", "properties": {"type": "postcode-cell", "postcode": "TQ11 0RB", "postcodes": ["TQ11 0RB"]}, "geometry": {"type": "Polygon", "coordinates": [[[-3.78982878388532, 50.48067896269202], [-3.78696841756219, 50.47969293853057], [-3.786979422263716, 50.47921719315964], [-3.7885466811063604, 50.47819697295005], [-3.7888799900288155, 50.4782599945473], [-3.7918999900309616, 50.47780999454687], [-3.792249990030864, 50.47848999454739], [-3.7932399900315263, 50.47842999454731], [-3.7932693127512422, 50.47922172671456], [-3.78982878388532, 50.48067896269202]]]}}, {"type": "Feature", "properties": {"type": "postcode-cell", "postcode": "TQ11 0BJ", "postcodes": ["TQ11 0BJ"]}, "geometry": {"type": "Polygon", "coordinates": [[[-3.7879412666871897, 50.48610780642152], [-3.7856177069961094, 50.48915507278971], [-3.784559993844176, 50.48895983794517], [-3.7822766955106575, 50.48803301278083], [-3.784294003241006, 50.48516164069576], [-3.785516673605181, 50.48463545079301], [-3.786575278928857, 50.484746229522095], [-3.7879412666871897, 50.48610780642152]]]}}, {"type": "Feature", "properties": {"type": "postcode-cell", "postcode": "TQ11 0AT", "postcodes": ["TQ11 0AT"]}, "geometry": {"type": "Polygon", "coordinates": [[[-3.78982878388532, 50.48067896269202], [-3.788453336034392, 50.481880687950145], [-3.7872594897701375, 50.48201320676951], [-3.7861719850464537, 50.48091536435207], [-3.7868501272094766, 50.479727376296545], [-3.78696841756219, 50.47969293853057], [-3.78982878388532, 50.48067896269202]]]}}, {"type": "Feature", "properties": {"type": "postcode-cell", "postcode": "TQ11 0NY", "postcodes": ["TQ11 0NY"]}, "geometry": {"type": "Polygon", "coordinates": [[[-3.790259217717372, 50.48388993236283], [-3.7871567121263356, 50.484152703632056], [-3.7867155910151182, 50.483114289594056], [-3.7871630565646544, 50.48205502695261], [-3.7872594897701375, 50.48201320676951], [-3.788453336034392, 50.481880687950145], [-3.790259217717372, 50.48388993236283]]]}}, {"type": "Feature", "properties": {"type": "postcode-cell", "postcode": "TQ13 7HR", "postcodes": ["TQ13 7HR"]}, "geometry": {"type": "Polygon", "coordinates": [[[-3.7789373574042844, 50.53669830160208], [-3.7721348910230414, 50.53742567950341], [-3.7677007137299423, 50.533771931526616], [-3.7658561009692066, 50.53153285013982], [-3.7662113845991154, 50.52993572019938], [-3.7713954384527075, 50.5277124095391], [-3.7735378399042694, 50.528527404255534], [-3.776860088842604, 50.530362505722564], [-3.7793752466354005, 50.536278492855956], [-3.7789373574042844, 50.53669830160208]]]}}, {"type": "Feature", "properties": {"type": "postcode-cell", "postcode": "TQ11 0NP", "postcodes": ["TQ11 0NP"]}, "geometry": {"type": "Polygon", "coordinates": [[[-3.7867155910151182, 50.483114289594056], [-3.7851845939943014, 50.483808933411446], [-3.784684278889343, 50.48358778623985], [-3.784677602514089, 50.48278327949092], [-3.7848480136365112, 50.482452011838745], [-3.7854909152839213, 50.482213333417334], [-3.785934541341983, 50.482121678127335], [-3.7871630565646544, 50.48205502695261], [-3.7867155910151182, 50.483114289594056]]]}}, {"type": "Feature", "properties": {"type": "postcode-cell", "postcode": "TQ11 0NJ", "postcodes": ["TQ11 0NJ"]}, "geometry": {"type": "Polygon", "coordinates": [[[-3.7870843209865774, 50.47792045855676], [-3.7885466811063604, 50.47819697295005], [-3.786979422263716, 50.47921719315964], [-3.786147100598873, 50.47876477389738], [-3.786236454477521, 50.47816107130976], [-3.7870843209865774, 50.47792045855676]]]}}, {"type": "Feature", "properties": {"type": "postcode-cell", "postcode": "TQ11 0NH", "postcodes": ["TQ11 0NH"]}, "geometry": {"type": "Polygon", "coordinates": [[[-3.786236454477521, 50.47816107130976], [-3.7850210760248078, 50.47784658131784], [-3.7858269776914635, 50.47690908650595], [-3.786933996962596, 50.47707787186994], [-3.786129990027299, 50.47773999454693], [-3.7870843209865774, 50.47792045855676], [-3.786236454477521, 50.47816107130976]]]}}, {"type": "Feature", "properties": {"type": "postcode-cell", "postcode": "TQ11 0DW", "postcodes": ["TQ11 0DW"]}, "geometry": {"type": "Polygon", "coordinates": [[[-3.7858269776914635, 50.47690908650595], [-3.7856396147246603, 50.476714911779965], [-3.7868670611219724, 50.4755380563707], [-3.787279990029042, 50.47559999454524], [-3.7869799900281715, 50.477039994546374], [-3.786933996962596, 50.47707787186994], [-3.7858269776914635, 50.47690908650595]]]}}, {"type": "Feature", "properties": {"type": "postcode-cell", "postcode": "TQ11 0BP", "postcodes": ["TQ11 0BP"]}, "geometry": {"type": "Polygon", "coordinates": [[[-3.7871567121263356, 50.484152703632056], [-3.786575278928857, 50.484746229522095], [-3.785516673605181, 50.48463545079301], [-3.7851845939943014, 50.483808933411446], [-3.7867155910151182, 50.483114289594056], [-3.7871567121263356, 50.484152703632056]]]}}, {"type": "Feature", "properties": {"type": "postcode-cell", "postcode": "TQ11 0AR", "postcodes": ["TQ11 0AR"]}, "geometry": {"type": "Polygon", "coordinates": [[[-3.7868501272094766, 50.479727376296545], [-3.7859426330549826, 50.47974132884632], [-3.7851889881791916, 50.47911317007385], [-3.786147100598873, 50.47876477389738], [-3.786979422263716, 50.47921719315964], [-3.78696841756219, 50.47969293853057], [-3.7868501272094766, 50.479727376296545]]]}}, {"type": "Feature", "properties": {"type": "postcode-cell", "postcode": "TQ11 0DR", "postcodes": ["TQ11 0DR"]}, "geometry": {"type": "Polygon", "coordinates": [[[-3.7860229974247623, 50.47524458917798], [-3.785501664442007, 50.47509202987016], [-3.7853929566007367, 50.47502984134135], [-3.7860418121218413, 50.474127909513925], [-3.7864647569939227, 50.47415087572581], [-3.7863038835821263, 50.47528199976453], [-3.7860229974247623, 50.47524458917798]]]}}, {"type": "Feature", "properties": {"type": "postcode-cell", "postcode": "TQ11 0FJ", "postcodes": ["TQ11 0FJ"]}, "geometry": {"type": "Polygon", "coordinates": [[[-3.7799097900254126, 50.47120791601925], [-3.766401393705662, 50.47386615116667], [-3.7647842151499304, 50.47301023806161], [-3.76910278809962, 50.46643526470037], [-3.772269990024732, 50.46437999453687], [-3.7729199900255677, 50.46348999453616], [-3.7742499900263873, 50.463549994536166], [-3.775969990027205, 50.46414999453661], [-3.776669990027746, 50.46394999453643], [-3.77881999002821, 50.46587999453789], [-3.779789990027554, 50.468589994539975], [-3.780633555901925, 50.46957877516215], [-3.7799097900254126, 50.47120791601925]]]}}, {"type": "Feature", "properties": {"type": "postcode-cell", "postcode": "TQ11 0GA", "postcodes": ["TQ11 0GA"]}, "geometry": {"type": "Polygon", "coordinates": [[[-3.7853929566007367, 50.47502984134135], [-3.77954878072383, 50.47322995543052], [-3.7799097900254126, 50.47120791601925], [-3.780633555901925, 50.46957877516215], [-3.7810099900276586, 50.47001999454105], [-3.782009990027229, 50.472289994542784], [-3.784449990028306, 50.47331999454354], [-3.7848426257347345, 50.47292735910693], [-3.7860418121218413, 50.474127909513925], [-3.7853929566007367, 50.47502984134135]]]}}, {"type": "Feature", "properties": {"type": "postcode-cell", "postcode": "TQ11 0NL", "postcodes": ["TQ11 0NL"]}, "geometry": {"type": "Polygon", "coordinates": [[[-3.786236454477521, 50.47816107130976], [-3.786147100598873, 50.47876477389738], [-3.7851889881791916, 50.47911317007385], [-3.7840243461244274, 50.478990236467574], [-3.783954038521352, 50.47893437514208], [-3.784888885290378, 50.477868794639086], [-3.7850210760248078, 50.47784658131784], [-3.786236454477521, 50.47816107130976]]]}}, {"type": "Feature", "properties": {"type": "postcode-cell", "postcode": "TQ11 0AS", "postcodes": ["TQ11 0AS"]}, "geometry": {"type": "Polygon", "coordinates": [[[-3.7861719850464537, 50.48091536435207], [-3.785523550026462, 50.48063044319937], [-3.7853866226125903, 50.48014406666257], [-3.7859426330549826, 50.47974132884632], [-3.7868501272094766, 50.479727376296545], [-3.7861719850464537, 50.48091536435207]]]}}, {"type": "Feature", "properties": {"type": "postcode-cell", "postcode": "TQ11 0DP", "postcodes": ["TQ11 0DP"]}, "geometry": {"type": "Polygon", "coordinates": [[[-3.7856396147246603, 50.476714911779965], [-3.7850389037544474, 50.47650740387883], [-3.7860229974247623, 50.47524458917798], [-3.7863038835821263, 50.47528199976453], [-3.786279990028472, 50.475449994545144], [-3.7868670611219724, 50.4755380563707], [-3.7856396147246603, 50.476714911779965]]]}}, {"type": "Feature", "properties": {"type": "postcode-cell", "postcode": "TQ11 0NG", "postcodes": ["TQ11 0NG"]}, "geometry": {"type": "Polygon", "coordinates": [[[-3.7872594897701375, 50.48201320676951], [-3.7871630565646544, 50.48205502695261], [-3.785934541341983, 50.482121678127335], [-3.7848184605627244, 50.481269017732615], [-3.784850862186436, 50.4807762658812], [-3.785523550026462, 50.48063044319937], [-3.7861719850464537, 50.48091536435207], [-3.7872594897701375, 50.48201320676951]]]}}, {"type": "Feature", "properties": {"type": "postcode-cell", "postcode": "TQ11 0AP", "postcodes": ["TQ11 0AP"]}, "geometry": {"type": "Polygon", "coordinates": [[[-3.7859426330549826, 50.47974132884632], [-3.7853866226125903, 50.48014406666257], [-3.784117866033217, 50.4798363646598], [-3.7840243461244274, 50.478990236467574], [-3.7851889881791916, 50.47911317007385], [-3.7859426330549826, 50.47974132884632]]]}}, {"type": "Feature", "properties": {"type": "postcode-cell", "postcode": "TQ11 0ES", "postcodes": ["TQ11 0ES"]}, "geometry": {"type": "Polygon", "coordinates": [[[-3.78684055625235, 50.49055430322385], [-3.781648530361317, 50.493145814048084], [-3.7824354752466767, 50.490817077551185], [-3.784559993844176, 50.48895983794517], [-3.7856177069961094, 50.48915507278971], [-3.7867139086605723, 50.489755253421556], [-3.78684055625235, 50.49055430322385]]]}}, {"type": "Feature", "properties": {"type": "postcode-cell", "postcode": "TQ11 0DN", "postcodes": ["TQ11 0DN"]}, "geometry": {"type": "Polygon", "coordinates": [[[-3.7856396147246603, 50.476714911779965], [-3.7858269776914635, 50.47690908650595], [-3.7850210760248078, 50.47784658131784], [-3.784888885290378, 50.477868794639086], [-3.784426206398438, 50.47760007807271], [-3.784354240454769, 50.476434257695004], [-3.7850389037544474, 50.47650740387883], [-3.7856396147246603, 50.476714911779965]]]}}, {"type": "Feature", "properties": {"type": "postcode-cell", "postcode": "TQ11 0DL", "postcodes": ["TQ11 0DL"]}, "geometry": {"type": "Polygon", "coordinates": [[[-3.7860229974247623, 50.47524458917798], [-3.7850389037544474, 50.47650740387883], [-3.784354240454769, 50.476434257695004], [-3.7842355410095467, 50.47638487149966], [-3.785501664442007, 50.47509202987016], [-3.7860229974247623, 50.47524458917798]]]}}, {"type": "Feature", "properties": {"type": "postcode-cell", "postcode": "TQ11 0AU", "postcodes": ["TQ11 0AU"]}, "geometry": {"type": "Polygon", "coordinates": [[[-3.7854909152839213, 50.482213333417334], [-3.7841060230275843, 50.48149144332608], [-3.7842567316149394, 50.481287125712996], [-3.7848184605627244, 50.481269017732615], [-3.785934541341983, 50.482121678127335], [-3.7854909152839213, 50.482213333417334]]]}}, {"type": "Feature", "properties": {"type": "postcode-cell", "postcode": "TQ13 7JN", "postcodes": ["TQ13 7JN"]}, "geometry": {"type": "Polygon", "coordinates": [[[-3.771350992243029, 50.50745879869852], [-3.767686892719712, 50.50352521755592], [-3.767769990003461, 50.50340999456722], [-3.7680649395833363, 50.50209556488752], [-3.7759108895951603, 50.49981283859065], [-3.78591627454551, 50.50029881114879], [-3.7899408981925973, 50.50119180106088], [-3.791698671809196, 50.5019940600717], [-3.7916599900192907, 50.502299994565895], [-3.7882299900163816, 50.50380999456711], [-3.787099990015092, 50.50500999456807], [-3.786299990013448, 50.50741999456998], [-3.787369900468576, 50.509702484643995], [-3.771350992243029, 50.50745879869852]]]}}, {"type": "Feature", "properties": {"type": "postcode-cell", "postcode": "TQ11 0DH", "postcodes": ["TQ11 0DH"]}, "geometry": {"type": "Polygon", "coordinates": [[[-3.7842355410095467, 50.47638487149966], [-3.7824330383147378, 50.47610879040284], [-3.7791642226972346, 50.47397474896735], [-3.77954878072383, 50.47322995543052], [-3.7853929566007367, 50.47502984134135], [-3.785501664442007, 50.47509202987016], [-3.7842355410095467, 50.47638487149966]]]}}, {"type": "Feature", "properties": {"type": "postcode-cell", "postcode": "TQ11 0BH", "postcodes": ["TQ11 0BH"]}, "geometry": {"type": "Polygon", "coordinates": [[[-3.785516673605181, 50.48463545079301], [-3.784294003241006, 50.48516164069576], [-3.783410372418071, 50.48416533567192], [-3.783571158920302, 50.48379983581709], [-3.783608655068066, 50.48377525346128], [-3.784684278889343, 50.48358778623985], [-3.7851845939943014, 50.483808933411446], [-3.785516673605181, 50.48463545079301]]]}}, {"type": "Feature", "properties": {"type": "postcode-cell", "postcode": "TQ11 0PG", "postcodes": ["TQ11 0PG"]}, "geometry": {"type": "Polygon", "coordinates": [[[-3.784888885290378, 50.477868794639086], [-3.783954038521352, 50.47893437514208], [-3.7834549789573213, 50.47886704073874], [-3.782486693615858, 50.477957031945024], [-3.7828419592950544, 50.47738691318404], [-3.784426206398438, 50.47760007807271], [-3.784888885290378, 50.477868794639086]]]}}, {"type": "Feature", "properties": {"type": "postcode-cell", "postcode": "TQ11 0BE", "postcodes": ["TQ11 0BE"]}, "geometry": {"type": "Polygon", "coordinates": [[[-3.7822766955106575, 50.48803301278083], [-3.781689998505061, 50.48793007085815], [-3.781384231857109, 50.48778509968393], [-3.780076325041106, 50.48469872774985], [-3.783410372418071, 50.48416533567192], [-3.784294003241006, 50.48516164069576], [-3.7822766955106575, 50.48803301278083]]]}}, {"type": "Feature", "properties": {"type": "postcode-cell", "postcode": "TQ11 0AF", "postcodes": ["TQ11 0AF"]}, "geometry": {"type": "Polygon", "coordinates": [[[-3.785523550026462, 50.48063044319937], [-3.784850862186436, 50.4807762658812], [-3.7839713274733593, 50.480656899920795], [-3.7838920509545773, 50.4805563990795], [-3.7841057095767385, 50.479850506253094], [-3.784117866033217, 50.4798363646598], [-3.7853866226125903, 50.48014406666257], [-3.785523550026462, 50.48063044319937]]]}}, {"type": "Feature", "properties": {"type": "postcode-cell", "postcode": "TQ11 0AY", "postcodes": ["TQ11 0AY"]}, "geometry": {"type": "Polygon", "coordinates": [[[-3.7839431482181625, 50.4807294537892], [-3.7839713274733593, 50.480656899920795], [-3.784850862186436, 50.4807762658812], [-3.7848184605627244, 50.481269017732615], [-3.7842567316149394, 50.481287125712996], [-3.7839431482181625, 50.4807294537892]]]}}, {"type": "Feature", "properties": {"type": "postcode-cell", "postcode": "TQ11 0AX", "postcodes": ["TQ11 0AX"]}, "geometry": {"type": "Polygon", "coordinates": [[[-3.7842567316149394, 50.481287125712996], [-3.7841060230275843, 50.48149144332608], [-3.7834894672322954, 50.481610165542655], [-3.78340601825237, 50.481544465236354], [-3.783542133789425, 50.48105781857252], [-3.7839431482181625, 50.4807294537892], [-3.7842567316149394, 50.481287125712996]]]}}, {"type": "Feature", "properties": {"type": "postcode-cell", "postcode": "TQ11 0DQ", "postcodes": ["TQ11 0DQ"]}, "geometry": {"type": "Polygon", "coordinates": [[[-3.7824330383147378, 50.47610879040284], [-3.7828419592950544, 50.47738691318404], [-3.782486693615858, 50.477957031945024], [-3.7797610778020827, 50.478251532860476], [-3.7779985896901396, 50.47778086926858], [-3.776776344401682, 50.475949213300574], [-3.7791642226972346, 50.47397474896735], [-3.7824330383147378, 50.47610879040284]]]}}, {"type": "Feature", "properties": {"type": "postcode-cell", "postcode": "TQ11 0DJ", "postcodes": ["TQ11 0DJ"]}, "geometry": {"type": "Polygon", "coordinates": [[[-3.784354240454769, 50.476434257695004], [-3.784426206398438, 50.47760007807271], [-3.7828419592950544, 50.47738691318404], [-3.7824330383147378, 50.47610879040284], [-3.7842355410095467, 50.47638487149966], [-3.784354240454769, 50.476434257695004]]]}}, {"type": "Feature", "properties": {"type": "postcode-cell", "postcode": "TQ11 0EH", "postcodes": ["TQ11 0EH"]}, "geometry": {"type": "MultiPolygon", "coordinates": [[[[-3.7812878972822572, 50.49448028217539], [-3.7815871613807848, 50.49322470217124], [-3.781648530361317, 50.493145814048084], [-3.78684055625235, 50.49055430322385], [-3.7881647713823994, 50.49509840514494], [-3.7871699900198914, 50.49489999456022], [-3.782929990017257, 50.49472999456019], [-3.781380519221186, 50.49480264139997], [-3.781301390655866, 50.49470674475167], [-3.7812878972822572, 50.49448028217539]]], [[[-3.7899408981925973, 50.50119180106088], [-3.78591627454551, 50.50029881114879], [-3.784629774978362, 50.49874005498251], [-3.7855699900170707, 50.49871999456323], [-3.789219990019082, 50.499409994563685], [-3.789457235514409, 50.49953265504077], [-3.7899408981925973, 50.50119180106088]]]]}}, {"type": "Feature", "properties": {"type": "postcode-cell", "postcode": "TQ11 0EN", "postcodes": ["TQ11 0EN"]}, "geometry": {"type": "Polygon", "coordinates": [[[-3.781301390655866, 50.49470674475167], [-3.781247076533197, 50.49468756072213], [-3.777376581569145, 50.49176678878951], [-3.7773668859927185, 50.491627282297785], [-3.779395610520884, 50.492204985386685], [-3.7812878972822572, 50.49448028217539], [-3.781301390655866, 50.49470674475167]]]}}, {"type": "Feature", "properties": {"type": "postcode-cell", "postcode": "TQ11 0QA", "postcodes": ["TQ11 0QA"]}, "geometry": {"type": "Polygon", "coordinates": [[[-3.7848480136365112, 50.482452011838745], [-3.783755179514026, 50.482273465640986], [-3.783500942812223, 50.48214870964193], [-3.7834894672322954, 50.481610165542655], [-3.7841060230275843, 50.48149144332608], [-3.7854909152839213, 50.482213333417334], [-3.7848480136365112, 50.482452011838745]]]}}, {"type": "Feature", "properties": {"type": "postcode-cell", "postcode": "TQ11 0AW", "postcodes": ["TQ11 0AW"]}, "geometry": {"type": "Polygon", "coordinates": [[[-3.7840243461244274, 50.478990236467574], [-3.784117866033217, 50.4798363646598], [-3.7841057095767385, 50.479850506253094], [-3.7823195475597426, 50.48010675561378], [-3.782575657074089, 50.47919816128348], [-3.7834549789573213, 50.47886704073874], [-3.783954038521352, 50.47893437514208], [-3.7840243461244274, 50.478990236467574]]]}}, {"type": "Feature", "properties": {"type": "postcode-cell", "postcode": "TQ11 0BG", "postcodes": ["TQ11 0BG"]}, "geometry": {"type": "Polygon", "coordinates": [[[-3.784677602514089, 50.48278327949092], [-3.7834187615877584, 50.483118847406345], [-3.7831971380214298, 50.48298153565693], [-3.783755179514026, 50.482273465640986], [-3.7848480136365112, 50.482452011838745], [-3.784677602514089, 50.48278327949092]]]}}, {"type": "Feature", "properties": {"type": "postcode-cell", "postcode": "TQ11 0BQ", "postcodes": ["TQ11 0BQ"]}, "geometry": {"type": "Polygon", "coordinates": [[[-3.783608655068066, 50.48377525346128], [-3.7834187615877584, 50.483118847406345], [-3.784677602514089, 50.48278327949092], [-3.784684278889343, 50.48358778623985], [-3.783608655068066, 50.48377525346128]]]}}, {"type": "Feature", "properties": {"type": "postcode-cell", "postcode": "TQ11 0AN", "postcodes": ["TQ11 0AN"]}, "geometry": {"type": "Polygon", "coordinates": [[[-3.7839431482181625, 50.4807294537892], [-3.783542133789425, 50.48105781857252], [-3.7828067912311574, 50.48100681286024], [-3.7831733938025245, 50.48054389718768], [-3.7838920509545773, 50.4805563990795], [-3.7839713274733593, 50.480656899920795], [-3.7839431482181625, 50.4807294537892]]]}}, {"type": "Feature", "properties": {"type": "postcode-cell", "postcode": "TQ11 0AZ", "postcodes": ["TQ11 0AZ"]}, "geometry": {"type": "Polygon", "coordinates": [[[-3.78340601825237, 50.481544465236354], [-3.782648933944121, 50.48141486940607], [-3.782552339591382, 50.48110380633014], [-3.7828067912311574, 50.48100681286024], [-3.783542133789425, 50.48105781857252], [-3.78340601825237, 50.481544465236354]]]}}, {"type": "Feature", "properties": {"type": "postcode-cell", "postcode": "TQ11 0BN", "postcodes": ["TQ11 0BN"]}, "geometry": {"type": "Polygon", "coordinates": [[[-3.783608655068066, 50.48377525346128], [-3.783571158920302, 50.48379983581709], [-3.782617847993412, 50.48353352200474], [-3.7829447165228594, 50.482964054253465], [-3.7831971380214298, 50.48298153565693], [-3.7834187615877584, 50.483118847406345], [-3.783608655068066, 50.48377525346128]]]}}, {"type": "Feature", "properties": {"type": "postcode-cell", "postcode": "TQ11 0DG", "postcodes": ["TQ11 0DG"]}, "geometry": {"type": "Polygon", "coordinates": [[[-3.7834549789573213, 50.47886704073874], [-3.782575657074089, 50.47919816128348], [-3.7809274230334413, 50.47907211738811], [-3.7797610778020827, 50.478251532860476], [-3.782486693615858, 50.477957031945024], [-3.7834549789573213, 50.47886704073874]]]}}, {"type": "Feature", "properties": {"type": "postcode-cell", "postcode": "TQ11 0AL", "postcodes": ["TQ11 0AL"]}, "geometry": {"type": "Polygon", "coordinates": [[[-3.7838920509545773, 50.4805563990795], [-3.7831733938025245, 50.48054389718768], [-3.7823123412127013, 50.48025921054752], [-3.782234398242059, 50.480194886964135], [-3.7823195475597426, 50.48010675561378], [-3.7841057095767385, 50.479850506253094], [-3.7838920509545773, 50.4805563990795]]]}}, {"type": "Feature", "properties": {"type": "postcode-cell", "postcode": "TQ11 0BA", "postcodes": ["TQ11 0BA"]}, "geometry": {"type": "Polygon", "coordinates": [[[-3.7834894672322954, 50.481610165542655], [-3.783500942812223, 50.48214870964193], [-3.7819239066963974, 50.48232147366974], [-3.7816478331541568, 50.48216141258379], [-3.7816593649776324, 50.4820763150332], [-3.782648933944121, 50.48141486940607], [-3.78340601825237, 50.481544465236354], [-3.7834894672322954, 50.481610165542655]]]}}, {"type": "Feature", "properties": {"type": "postcode-cell", "postcode": "TQ11 0FF", "postcodes": ["TQ11 0FF"]}, "geometry": {"type": "Polygon", "coordinates": [[[-3.782552339591382, 50.48110380633014], [-3.782506375927453, 50.48108063094515], [-3.782368982621902, 50.480832663765646], [-3.7823123412127013, 50.48025921054752], [-3.7831733938025245, 50.48054389718768], [-3.7828067912311574, 50.48100681286024], [-3.782552339591382, 50.48110380633014]]]}}, {"type": "Feature", "properties": {"type": "postcode-cell", "postcode": "TQ11 0BB", "postcodes": ["TQ11 0BB"]}, "geometry": {"type": "Polygon", "coordinates": [[[-3.783755179514026, 50.482273465640986], [-3.7831971380214298, 50.48298153565693], [-3.7829447165228594, 50.482964054253465], [-3.782064278424941, 50.48264865900459], [-3.7819239066963974, 50.48232147366974], [-3.783500942812223, 50.48214870964193], [-3.783755179514026, 50.482273465640986]]]}}, {"type": "Feature", "properties": {"type": "postcode-cell", "postcode": "TQ11 0DF", "postcodes": ["TQ11 0DF"]}, "geometry": {"type": "Polygon", "coordinates": [[[-3.782368982621902, 50.480832663765646], [-3.7816733338086683, 50.48087282253712], [-3.7813828896539468, 50.480564524498504], [-3.7816966944555226, 50.4802302225173], [-3.782234398242059, 50.480194886964135], [-3.7823123412127013, 50.48025921054752], [-3.782368982621902, 50.480832663765646]]]}}, {"type": "Feature", "properties": {"type": "postcode-cell", "postcode": "TQ11 0BD", "postcodes": ["TQ11 0BD"]}, "geometry": {"type": "Polygon", "coordinates": [[[-3.782617847993412, 50.48353352200474], [-3.781674349822032, 50.48354796690993], [-3.782064278424941, 50.48264865900459], [-3.7829447165228594, 50.482964054253465], [-3.782617847993412, 50.48353352200474]]]}}, {"type": "Feature", "properties": {"type": "postcode-cell", "postcode": "TQ11 0AG", "postcodes": ["TQ11 0AG"]}, "geometry": {"type": "Polygon", "coordinates": [[[-3.782064278424941, 50.48264865900459], [-3.781674349822032, 50.48354796690993], [-3.7800204728570965, 50.484633833309566], [-3.779810463211242, 50.48451818404015], [-3.7800247219833936, 50.482806258597265], [-3.7800425987552972, 50.48277854890509], [-3.7812529826844647, 50.48223646335461], [-3.7816478331541568, 50.48216141258379], [-3.7819239066963974, 50.48232147366974], [-3.782064278424941, 50.48264865900459]]]}}, {"type": "Feature", "properties": {"type": "postcode-cell", "postcode": "TQ11 0FD", "postcodes": ["TQ11 0FD"]}, "geometry": {"type": "Polygon", "coordinates": [[[-3.783571158920302, 50.48379983581709], [-3.783410372418071, 50.48416533567192], [-3.780076325041106, 50.48469872774985], [-3.7800204728570965, 50.484633833309566], [-3.781674349822032, 50.48354796690993], [-3.782617847993412, 50.48353352200474], [-3.783571158920302, 50.48379983581709]]]}}, {"type": "Feature", "properties": {"type": "postcode-cell", "postcode": "TQ11 0AQ", "postcodes": ["TQ11 0AQ"]}, "geometry": {"type": "Polygon", "coordinates": [[[-3.782552339591382, 50.48110380633014], [-3.782648933944121, 50.48141486940607], [-3.7816593649776324, 50.4820763150332], [-3.7813400181944012, 50.48152522328781], [-3.781766218263246, 50.48112619257632], [-3.782506375927453, 50.48108063094515], [-3.782552339591382, 50.48110380633014]]]}}, {"type": "Feature", "properties": {"type": "postcode-cell", "postcode": "TQ11 0EU", "postcodes": ["TQ11 0EU"]}, "geometry": {"type": "Polygon", "coordinates": [[[-3.7815871613807848, 50.49322470217124], [-3.780543558079412, 50.491989282052764], [-3.7808977363053224, 50.49152390024978], [-3.7824354752466767, 50.490817077551185], [-3.781648530361317, 50.493145814048084], [-3.7815871613807848, 50.49322470217124]]]}}, {"type": "Feature", "properties": {"type": "postcode-cell", "postcode": "TQ11 0AH", "postcodes": ["TQ11 0AH"]}, "geometry": {"type": "Polygon", "coordinates": [[[-3.7816478331541568, 50.48216141258379], [-3.7812529826844647, 50.48223646335461], [-3.7800611233862274, 50.48171964992114], [-3.7800771861113405, 50.481556162288776], [-3.780629920677376, 50.48114350237215], [-3.7813400181944012, 50.48152522328781], [-3.7816593649776324, 50.4820763150332], [-3.7816478331541568, 50.48216141258379]]]}}, {"type": "Feature", "properties": {"type": "postcode-cell", "postcode": "TQ11 0ER", "postcodes": ["TQ11 0ER"]}, "geometry": {"type": "Polygon", "coordinates": [[[-3.7824354752466767, 50.490817077551185], [-3.7808977363053224, 50.49152390024978], [-3.7777550959114334, 50.491104202140605], [-3.781689998505061, 50.48793007085815], [-3.7822766955106575, 50.48803301278083], [-3.784559993844176, 50.48895983794517], [-3.7824354752466767, 50.490817077551185]]]}}, {"type": "Feature", "properties": {"type": "postcode-cell", "postcode": "TQ11 0EZ", "postcodes": ["TQ11 0EZ"]}, "geometry": {"type": "Polygon", "coordinates": [[[-3.780076325041106, 50.48469872774985], [-3.781384231857109, 50.48778509968393], [-3.780022289247647, 50.48772609049685], [-3.7750572963189684, 50.4861650591784], [-3.7741474194913733, 50.48579077227357], [-3.7741326544224516, 50.485718555921515], [-3.7750656237404017, 50.483986389263336], [-3.7760617604699522, 50.48382553719688], [-3.779810463211242, 50.48451818404015], [-3.7800204728570965, 50.484633833309566], [-3.780076325041106, 50.48469872774985]]]}}, {"type": "Feature", "properties": {"type": "postcode-cell", "postcode": "TQ11 0DB", "postcodes": ["TQ11 0DB"]}, "geometry": {"type": "Polygon", "coordinates": [[[-3.780993897620727, 50.47980289687137], [-3.78030102988143, 50.48008955064023], [-3.77880052479357, 50.479932104789825], [-3.777738820382488, 50.47887073274995], [-3.7779985896901396, 50.47778086926858], [-3.7797610778020827, 50.478251532860476], [-3.7809274230334413, 50.47907211738811], [-3.780993897620727, 50.47980289687137]]]}}, {"type": "Feature", "properties": {"type": "postcode-cell", "postcode": "TQ11 0DX", "postcodes": ["TQ11 0DX"]}, "geometry": {"type": "Polygon", "coordinates": [[[-3.7809274230334413, 50.47907211738811], [-3.782575657074089, 50.47919816128348], [-3.7823195475597426, 50.48010675561378], [-3.782234398242059, 50.480194886964135], [-3.7816966944555226, 50.4802302225173], [-3.780993897620727, 50.47980289687137], [-3.7809274230334413, 50.47907211738811]]]}}, {"type": "Feature", "properties": {"type": "postcode-cell", "postcode": "TQ11 0AJ", "postcodes": ["TQ11 0AJ"]}, "geometry": {"type": "Polygon", "coordinates": [[[-3.7813400181944012, 50.48152522328781], [-3.780629920677376, 50.48114350237215], [-3.780530296228087, 50.48089903899066], [-3.780531884269404, 50.480877519910244], [-3.7813828896539468, 50.480564524498504], [-3.7816733338086683, 50.48087282253712], [-3.781766218263246, 50.48112619257632], [-3.7813400181944012, 50.48152522328781]]]}}, {"type": "Feature", "properties": {"type": "postcode-cell", "postcode": "TQ11 0DE", "postcodes": ["TQ11 0DE"]}, "geometry": {"type": "Polygon", "coordinates": [[[-3.782506375927453, 50.48108063094515], [-3.781766218263246, 50.48112619257632], [-3.7816733338086683, 50.48087282253712], [-3.782368982621902, 50.480832663765646], [-3.782506375927453, 50.48108063094515]]]}}, {"type": "Feature", "properties": {"type": "postcode-cell", "postcode": "TQ11 0DD", "postcodes": ["TQ11 0DD"]}, "geometry": {"type": "Polygon", "coordinates": [[[-3.7816966944555226, 50.4802302225173], [-3.7813828896539468, 50.480564524498504], [-3.780531884269404, 50.480877519910244], [-3.780522564426259, 50.48087061163514], [-3.78030102988143, 50.48008955064023], [-3.780993897620727, 50.47980289687137], [-3.7816966944555226, 50.4802302225173]]]}}, {"type": "Feature", "properties": {"type": "postcode-cell", "postcode": "TQ11 0DT", "postcodes": ["TQ11 0DT"]}, "geometry": {"type": "Polygon", "coordinates": [[[-3.776467838182878, 50.47992257704432], [-3.77567202688033, 50.48019931234083], [-3.774521653570669, 50.48022665740741], [-3.7734340038838776, 50.479841105950335], [-3.77281212743457, 50.47949304162524], [-3.7703499869978594, 50.47670857001515], [-3.776776344401682, 50.475949213300574], [-3.7779985896901396, 50.47778086926858], [-3.777738820382488, 50.47887073274995], [-3.776467838182878, 50.47992257704432]]]}}, {"type": "Feature", "properties": {"type": "postcode-cell", "postcode": "TQ11 0PF", "postcodes": ["TQ11 0PF"]}, "geometry": {"type": "Polygon", "coordinates": [[[-3.777738820382488, 50.47887073274995], [-3.77880052479357, 50.479932104789825], [-3.7788151994175596, 50.47999318393156], [-3.778022608241995, 50.480976943792925], [-3.777261428055876, 50.480839599289126], [-3.776467838182878, 50.47992257704432], [-3.777738820382488, 50.47887073274995]]]}}, {"type": "Feature", "properties": {"type": "postcode-cell", "postcode": "TQ11 0ND", "postcodes": ["TQ11 0ND"]}, "geometry": {"type": "Polygon", "coordinates": [[[-3.7791642226972346, 50.47397474896735], [-3.776776344401682, 50.475949213300574], [-3.7703499869978594, 50.47670857001515], [-3.7701776725466902, 50.47668885581057], [-3.766401393705662, 50.47386615116667], [-3.7799097900254126, 50.47120791601925], [-3.77954878072383, 50.47322995543052], [-3.7791642226972346, 50.47397474896735]]]}}, {"type": "Feature", "properties": {"type": "postcode-cell", "postcode": "TQ11 0EL", "postcodes": ["TQ11 0EL"]}, "geometry": {"type": "Polygon", "coordinates": [[[-3.7815871613807848, 50.49322470217124], [-3.7812878972822572, 50.49448028217539], [-3.779395610520884, 50.492204985386685], [-3.780543558079412, 50.491989282052764], [-3.7815871613807848, 50.49322470217124]]]}}, {"type": "Feature", "properties": {"type": "postcode-cell", "postcode": "TQ11 0FB", "postcodes": ["TQ11 0FB"]}, "geometry": {"type": "Polygon", "coordinates": [[[-3.780522564426259, 50.48087061163514], [-3.7791924575365026, 50.48053417118404], [-3.7788151994175596, 50.47999318393156], [-3.77880052479357, 50.479932104789825], [-3.78030102988143, 50.48008955064023], [-3.780522564426259, 50.48087061163514]]]}}, {"type": "Feature", "properties": {"type": "postcode-cell", "postcode": "TQ11 0NR", "postcodes": ["TQ11 0NR"]}, "geometry": {"type": "Polygon", "coordinates": [[[-3.7812529826844647, 50.48223646335461], [-3.7800425987552972, 50.48277854890509], [-3.779452432340307, 50.482051233751875], [-3.7800611233862274, 50.48171964992114], [-3.7812529826844647, 50.48223646335461]]]}}, {"type": "Feature", "properties": {"type": "postcode-cell", "postcode": "TQ11 0AE", "postcodes": ["TQ11 0AE"]}, "geometry": {"type": "Polygon", "coordinates": [[[-3.780531884269404, 50.480877519910244], [-3.780530296228087, 50.48089903899066], [-3.7796640742576373, 50.48113604368782], [-3.779074860949165, 50.480947119755065], [-3.7791924575365026, 50.48053417118404], [-3.780522564426259, 50.48087061163514], [-3.780531884269404, 50.480877519910244]]]}}, {"type": "Feature", "properties": {"type": "postcode-cell", "postcode": "TQ11 0JL", "postcodes": ["TQ11 0JL"]}, "geometry": {"type": "Polygon", "coordinates": [[[-3.779810463211242, 50.48451818404015], [-3.7760617604699522, 50.48382553719688], [-3.7770239075436023, 50.482800481970415], [-3.7775520394747555, 50.48239723486097], [-3.7800247219833936, 50.482806258597265], [-3.779810463211242, 50.48451818404015]]]}}, {"type": "Feature", "properties": {"type": "postcode-cell", "postcode": "TQ11 0AB", "postcodes": ["TQ11 0AB"]}, "geometry": {"type": "Polygon", "coordinates": [[[-3.780629920677376, 50.48114350237215], [-3.7800771861113405, 50.481556162288776], [-3.779604525749135, 50.48140655510764], [-3.7796640742576373, 50.48113604368782], [-3.780530296228087, 50.48089903899066], [-3.780629920677376, 50.48114350237215]]]}}, {"type": "Feature", "properties": {"type": "postcode-cell", "postcode": "TQ11 0DA", "postcodes": ["TQ11 0DA"]}, "geometry": {"type": "Polygon", "coordinates": [[[-3.7791924575365026, 50.48053417118404], [-3.779074860949165, 50.480947119755065], [-3.77853445260991, 50.4814348870491], [-3.778022608241995, 50.480976943792925], [-3.7788151994175596, 50.47999318393156], [-3.7791924575365026, 50.48053417118404]]]}}, {"type": "Feature", "properties": {"type": "postcode-cell", "postcode": "TQ13 7FP", "postcodes": ["TQ13 7FP"]}, "geometry": {"type": "Polygon", "coordinates": [[[-3.7826062565825542, 50.52654587298021], [-3.795272268833354, 50.53086314688945], [-3.7793752466354005, 50.536278492855956], [-3.776860088842604, 50.530362505722564], [-3.7826062565825542, 50.52654587298021]]]}}, {"type": "Feature", "properties": {"type": "postcode-cell", "postcode": "TQ13 7HG", "postcodes": ["TQ13 7HG"]}, "geometry": {"type": "Polygon", "coordinates": [[[-3.776860088842604, 50.530362505722564], [-3.7735378399042694, 50.528527404255534], [-3.7812473207632107, 50.524883168935155], [-3.7826062565825542, 50.52654587298021], [-3.776860088842604, 50.530362505722564]]]}}, {"type": "Feature", "properties": {"type": "postcode-cell", "postcode": "TQ11 0EP", "postcodes": ["TQ11 0EP"]}, "geometry": {"type": "Polygon", "coordinates": [[[-3.779395610520884, 50.492204985386685], [-3.7773668859927185, 50.491627282297785], [-3.7772091210474517, 50.49140169411602], [-3.7777550959114334, 50.491104202140605], [-3.7808977363053224, 50.49152390024978], [-3.780543558079412, 50.491989282052764], [-3.779395610520884, 50.492204985386685]]]}}, {"type": "Feature", "properties": {"type": "postcode-cell", "postcode": "TQ11 0EG", "postcodes": ["TQ11 0EG"]}, "geometry": {"type": "Polygon", "coordinates": [[[-3.781301390655866, 50.49470674475167], [-3.781380519221186, 50.49480264139997], [-3.7790899900147084, 50.4949099945604], [-3.775859990012322, 50.49558999456098], [-3.7763799900118307, 50.49733999456233], [-3.778399990012555, 50.49854999456324], [-3.780409990013711, 50.49882999456341], [-3.784629774978362, 50.49874005498251], [-3.78591627454551, 50.50029881114879], [-3.7759108895951603, 50.49981283859065], [-3.7736965216682488, 50.495159153817504], [-3.777128420844965, 50.49352985901984], [-3.781247076533197, 50.49468756072213], [-3.781301390655866, 50.49470674475167]]]}}, {"type": "Feature", "properties": {"type": "postcode-cell", "postcode": "TQ11 0PA", "postcodes": ["TQ11 0PA"]}, "geometry": {"type": "Polygon", "coordinates": [[[-3.7800611233862274, 50.48171964992114], [-3.779452432340307, 50.482051233751875], [-3.778448235640077, 50.48176799786961], [-3.7785362707168972, 50.48158210231508], [-3.779604525749135, 50.48140655510764], [-3.7800771861113405, 50.481556162288776], [-3.7800611233862274, 50.48171964992114]]]}}, {"type": "Feature", "properties": {"type": "postcode-cell", "postcode": "TQ11 0NS", "postcodes": ["TQ11 0NS"]}, "geometry": {"type": "Polygon", "coordinates": [[[-3.7800247219833936, 50.482806258597265], [-3.7775520394747555, 50.48239723486097], [-3.777784201700724, 50.4820918947464], [-3.778448235640077, 50.48176799786961], [-3.779452432340307, 50.482051233751875], [-3.7800425987552972, 50.48277854890509], [-3.7800247219833936, 50.482806258597265]]]}}, {"type": "Feature", "properties": {"type": "postcode-cell", "postcode": "TQ11 0AD", "postcodes": ["TQ11 0AD"]}, "geometry": {"type": "Polygon", "coordinates": [[[-3.779604525749135, 50.48140655510764], [-3.7785362707168972, 50.48158210231508], [-3.77853445260991, 50.4814348870491], [-3.779074860949165, 50.480947119755065], [-3.7796640742576373, 50.48113604368782], [-3.779604525749135, 50.48140655510764]]]}}, {"type": "Feature", "properties": {"type": "postcode-cell", "postcode": "TQ11 0EE", "postcodes": ["TQ11 0EE"]}, "geometry": {"type": "Polygon", "coordinates": [[[-3.777376581569145, 50.49176678878951], [-3.777128420844965, 50.49352985901984], [-3.7736965216682488, 50.495159153817504], [-3.7703976353091244, 50.49268606795463], [-3.7735357656303106, 50.490739480177304], [-3.7772091210474517, 50.49140169411602], [-3.7773668859927185, 50.491627282297785], [-3.777376581569145, 50.49176678878951]]]}}, {"type": "Feature", "properties": {"type": "postcode-cell", "postcode": "TQ11 0AA", "postcodes": ["TQ11 0AA"]}, "geometry": {"type": "Polygon", "coordinates": [[[-3.778448235640077, 50.48176799786961], [-3.777784201700724, 50.4820918947464], [-3.7770482655102198, 50.48136925290104], [-3.777261428055876, 50.480839599289126], [-3.778022608241995, 50.480976943792925], [-3.77853445260991, 50.4814348870491], [-3.7785362707168972, 50.48158210231508], [-3.778448235640077, 50.48176799786961]]]}}, {"type": "Feature", "properties": {"type": "postcode-cell", "postcode": "TQ11 0EA", "postcodes": ["TQ11 0EA"]}, "geometry": {"type": "Polygon", "coordinates": [[[-3.781689998505061, 50.48793007085815], [-3.7777550959114334, 50.491104202140605], [-3.7772091210474517, 50.49140169411602], [-3.7735357656303106, 50.490739480177304], [-3.7736365135680057, 50.48988554057512], [-3.775950431873879, 50.48887579122001], [-3.780022289247647, 50.48772609049685], [-3.781384231857109, 50.48778509968393], [-3.781689998505061, 50.48793007085815]]]}}, {"type": "Feature", "properties": {"type": "postcode-cell", "postcode": "TQ11 0EJ", "postcodes": ["TQ11 0EJ"]}, "geometry": {"type": "Polygon", "coordinates": [[[-3.777128420844965, 50.49352985901984], [-3.777376581569145, 50.49176678878951], [-3.781247076533197, 50.49468756072213], [-3.777128420844965, 50.49352985901984]]]}}, {"type": "Feature", "properties": {"type": "postcode-cell", "postcode": "TQ11 0NN", "postcodes": ["TQ11 0NN"]}, "geometry": {"type": "Polygon", "coordinates": [[[-3.776467838182878, 50.47992257704432], [-3.777261428055876, 50.480839599289126], [-3.7770482655102198, 50.48136925290104], [-3.7767298674099705, 50.48136792409328], [-3.775845147861886, 50.48094192053762], [-3.77567202688033, 50.48019931234083], [-3.776467838182878, 50.47992257704432]]]}}, {"type": "Feature", "properties": {"type": "postcode-cell", "postcode": "TQ11 0BS", "postcodes": ["TQ11 0BS"]}, "geometry": {"type": "Polygon", "coordinates": [[[-3.7775520394747555, 50.48239723486097], [-3.7770239075436023, 50.482800481970415], [-3.776285147257052, 50.48160867040861], [-3.7767298674099705, 50.48136792409328], [-3.7770482655102198, 50.48136925290104], [-3.777784201700724, 50.4820918947464], [-3.7775520394747555, 50.48239723486097]]]}}, {"type": "Feature", "properties": {"type": "postcode-cell", "postcode": "TQ11 0EW", "postcodes": ["TQ11 0EW"]}, "geometry": {"type": "Polygon", "coordinates": [[[-3.775950431873879, 50.48887579122001], [-3.7750572963189684, 50.4861650591784], [-3.780022289247647, 50.48772609049685], [-3.775950431873879, 50.48887579122001]]]}}, {"type": "Feature", "properties": {"type": "postcode-cell", "postcode": "TQ13 7NW", "postcodes": ["TQ13 7NW"]}, "geometry": {"type": "Polygon", "coordinates": [[[-3.7803231619914444, 50.52309104401437], [-3.7782594795659876, 50.52299946579292], [-3.7756574719357094, 50.521302739681985], [-3.774744807747544, 50.52032331922005], [-3.7742816754642314, 50.51781724252918], [-3.7849602461871146, 50.51635110474821], [-3.7847599900076174, 50.51771999457801], [-3.78607317210259, 50.518860018101606], [-3.7803231619914444, 50.52309104401437]]]}}, {"type": "Feature", "properties": {"type": "postcode-cell", "postcode": "TQ11 0FE", "postcodes": ["TQ11 0FE"]}, "geometry": {"type": "Polygon", "coordinates": [[[-3.7760617604699522, 50.48382553719688], [-3.7750656237404017, 50.483986389263336], [-3.774968729735361, 50.48391319890199], [-3.7756068245290124, 50.481515815259364], [-3.7756323669867595, 50.481498968552984], [-3.776285147257052, 50.48160867040861], [-3.7770239075436023, 50.482800481970415], [-3.7760617604699522, 50.48382553719688]]]}}, {"type": "Feature", "properties": {"type": "postcode-cell", "postcode": "TQ11 0BZ", "postcodes": ["TQ11 0BZ"]}, "geometry": {"type": "Polygon", "coordinates": [[[-3.775845147861886, 50.48094192053762], [-3.7756323669867595, 50.481498968552984], [-3.7756068245290124, 50.481515815259364], [-3.774248241996466, 50.48133464124542], [-3.774521653570669, 50.48022665740741], [-3.77567202688033, 50.48019931234083], [-3.775845147861886, 50.48094192053762]]]}}, {"type": "Feature", "properties": {"type": "postcode-cell", "postcode": "TQ11 0BT", "postcodes": ["TQ11 0BT"]}, "geometry": {"type": "Polygon", "coordinates": [[[-3.776285147257052, 50.48160867040861], [-3.7756323669867595, 50.481498968552984], [-3.775845147861886, 50.48094192053762], [-3.7767298674099705, 50.48136792409328], [-3.776285147257052, 50.48160867040861]]]}}, {"type": "Feature", "properties": {"type": "postcode-cell", "postcode": "TQ11 0FH", "postcodes": ["TQ11 0FH"]}, "geometry": {"type": "Polygon", "coordinates": [[[-3.775950431873879, 50.48887579122001], [-3.7736365135680057, 50.48988554057512], [-3.772260347123392, 50.4878554414991], [-3.7741474194913733, 50.48579077227357], [-3.7750572963189684, 50.4861650591784], [-3.775950431873879, 50.48887579122001]]]}}, {"type": "Feature", "properties": {"type": "postcode-cell", "postcode": "TQ13 7NJ", "postcodes": ["TQ13 7NJ"]}, "geometry": {"type": "Polygon", "coordinates": [[[-3.7742816754642314, 50.51781724252918], [-3.7720760648827847, 50.5169693687708], [-3.773686953060355, 50.513384686724045], [-3.786636962867459, 50.51142654494934], [-3.7853699900099707, 50.513549994574774], [-3.7849602461871146, 50.51635110474821], [-3.7742816754642314, 50.51781724252918]]]}}, {"type": "Feature", "properties": {"type": "postcode-cell", "postcode": "TQ13 7HD", "postcodes": ["TQ13 7HD"]}, "geometry": {"type": "Polygon", "coordinates": [[[-3.7812473207632107, 50.524883168935155], [-3.7735378399042694, 50.528527404255534], [-3.7713954384527075, 50.5277124095391], [-3.771595441828544, 50.525690377596334], [-3.7782594795659876, 50.52299946579292], [-3.7803231619914444, 50.52309104401437], [-3.7812473207632107, 50.524883168935155]]]}}, {"type": "Feature", "properties": {"type": "postcode-cell", "postcode": "TQ11 0DY", "postcodes": ["TQ11 0DY"]}, "geometry": {"type": "Polygon", "coordinates": [[[-3.7750656237404017, 50.483986389263336], [-3.7741326544224516, 50.485718555921515], [-3.77346028668664, 50.48560746125956], [-3.7713587707014313, 50.485101181990885], [-3.7699550701258815, 50.484511050729814], [-3.7724461597316883, 50.48284417267738], [-3.7732031802696815, 50.48294249501294], [-3.774968729735361, 50.48391319890199], [-3.7750656237404017, 50.483986389263336]]]}}, {"type": "Feature", "properties": {"type": "postcode-cell", "postcode": "TQ11 0JP", "postcodes": ["TQ11 0JP"]}, "geometry": {"type": "Polygon", "coordinates": [[[-3.7703976353091244, 50.49268606795463], [-3.766070732663761, 50.49260557709011], [-3.7661299900075833, 50.49242999455874], [-3.7683299900106744, 50.48885999455592], [-3.768687482796423, 50.48760676157601], [-3.772260347123392, 50.4878554414991], [-3.7736365135680057, 50.48988554057512], [-3.7735357656303106, 50.490739480177304], [-3.7703976353091244, 50.49268606795463]]]}}, {"type": "Feature", "properties": {"type": "postcode-cell", "postcode": "TQ13 7JL", "postcodes": ["TQ13 7JL"]}, "geometry": {"type": "Polygon", "coordinates": [[[-3.7759108895951603, 50.49981283859065], [-3.7680649395833363, 50.50209556488752], [-3.7682299900047216, 50.50135999456561], [-3.7678099900053055, 50.499549994564234], [-3.765779990005678, 50.49599999456151], [-3.765589990006487, 50.49402999455999], [-3.766070732663761, 50.49260557709011], [-3.7703976353091244, 50.49268606795463], [-3.7736965216682488, 50.495159153817504], [-3.7759108895951603, 50.49981283859065]]]}}, {"type": "Feature", "properties": {"type": "postcode-cell", "postcode": "TQ11 0BU", "postcodes": ["TQ11 0BU"]}, "geometry": {"type": "Polygon", "coordinates": [[[-3.774968729735361, 50.48391319890199], [-3.7732031802696815, 50.48294249501294], [-3.7735194147492015, 50.48206636502983], [-3.774248241996466, 50.48133464124542], [-3.7756068245290124, 50.481515815259364], [-3.774968729735361, 50.48391319890199]]]}}, {"type": "Feature", "properties": {"type": "postcode-cell", "postcode": "TQ11 0BX", "postcodes": ["TQ11 0BX"]}, "geometry": {"type": "Polygon", "coordinates": [[[-3.774521653570669, 50.48022665740741], [-3.774248241996466, 50.48133464124542], [-3.7735194147492015, 50.48206636502983], [-3.7729777400795594, 50.4812192992057], [-3.7734340038838776, 50.479841105950335], [-3.774521653570669, 50.48022665740741]]]}}, {"type": "Feature", "properties": {"type": "postcode-cell", "postcode": "TQ11 0EY", "postcodes": ["TQ11 0EY"]}, "geometry": {"type": "Polygon", "coordinates": [[[-3.7735194147492015, 50.48206636502983], [-3.7732031802696815, 50.48294249501294], [-3.7724461597316883, 50.48284417267738], [-3.770343836070604, 50.481997204795015], [-3.7703455553614926, 50.48191346888208], [-3.7718410755490224, 50.48094902799739], [-3.7729777400795594, 50.4812192992057], [-3.7735194147492015, 50.48206636502983]]]}}, {"type": "Feature", "properties": {"type": "postcode-cell", "postcode": "TQ13 7HE", "postcodes": ["TQ13 7HE"]}, "geometry": {"type": "Polygon", "coordinates": [[[-3.771595441828544, 50.525690377596334], [-3.768782518084807, 50.52357170842095], [-3.7706024790728203, 50.52239081362641], [-3.7756574719357094, 50.521302739681985], [-3.7782594795659876, 50.52299946579292], [-3.771595441828544, 50.525690377596334]]]}}, {"type": "Feature", "properties": {"type": "postcode-cell", "postcode": "TQ13 7NN", "postcodes": ["TQ13 7NN"]}, "geometry": {"type": "Polygon", "coordinates": [[[-3.773686953060355, 50.513384686724045], [-3.77068661817519, 50.51178318968646], [-3.770785159466551, 50.50862539358776], [-3.771350992243029, 50.50745879869852], [-3.787369900468576, 50.509702484643995], [-3.78749999001301, 50.50997999457193], [-3.786636962867459, 50.51142654494934], [-3.773686953060355, 50.513384686724045]]]}}, {"type": "Feature", "properties": {"type": "postcode-cell", "postcode": "TQ11 0BY", "postcodes": ["TQ11 0BY"]}, "geometry": {"type": "Polygon", "coordinates": [[[-3.77281212743457, 50.47949304162524], [-3.7718410755490224, 50.48094902799739], [-3.7703455553614926, 50.48191346888208], [-3.7694659402736943, 50.480376054347545], [-3.769379535579304, 50.47760659863449], [-3.7701776725466902, 50.47668885581057], [-3.7703499869978594, 50.47670857001515], [-3.77281212743457, 50.47949304162524]]]}}, {"type": "Feature", "properties": {"type": "postcode-cell", "postcode": "TQ11 0FG", "postcodes": ["TQ11 0FG"]}, "geometry": {"type": "Polygon", "coordinates": [[[-3.7729777400795594, 50.4812192992057], [-3.7718410755490224, 50.48094902799739], [-3.77281212743457, 50.47949304162524], [-3.7734340038838776, 50.479841105950335], [-3.7729777400795594, 50.4812192992057]]]}}, {"type": "Feature", "properties": {"type": "postcode-cell", "postcode": "TQ11 0PR", "postcodes": ["TQ11 0PR"]}, "geometry": {"type": "Polygon", "coordinates": [[[-3.7741474194913733, 50.48579077227357], [-3.772260347123392, 50.4878554414991], [-3.768687482796423, 50.48760676157601], [-3.769060960028925, 50.48629742421438], [-3.769595739181339, 50.48612639627514], [-3.77346028668664, 50.48560746125956], [-3.7741326544224516, 50.485718555921515], [-3.7741474194913733, 50.48579077227357]]]}}, {"type": "Feature", "properties": {"type": "postcode-cell", "postcode": "TQ13 7JE", "postcodes": ["TQ13 7JE"]}, "geometry": {"type": "Polygon", "coordinates": [[[-3.7756574719357094, 50.521302739681985], [-3.7706024790728203, 50.52239081362641], [-3.771734641505006, 50.52077812954007], [-3.774744807747544, 50.52032331922005], [-3.7756574719357094, 50.521302739681985]]]}}, {"type": "Feature", "properties": {"type": "postcode-cell", "postcode": "TQ11 0LW", "postcodes": ["TQ11 0LW"]}, "geometry": {"type": "Polygon", "coordinates": [[[-3.7647842151499304, 50.47301023806161], [-3.757830035279063, 50.47415619739951], [-3.757689990011102, 50.47353999454426], [-3.758939990013551, 50.47003999454153], [-3.758859990015022, 50.466819994539016], [-3.762039990016616, 50.46773999453967], [-3.764139990018074, 50.467489994539434], [-3.7658199900195246, 50.466689994538775], [-3.76813999002083, 50.467059994539035], [-3.76910278809962, 50.46643526470037], [-3.7647842151499304, 50.47301023806161]]]}}, {"type": "Feature", "properties": {"type": "postcode-cell", "postcode": "TQ13 7HB", "postcodes": ["TQ13 7HB"]}, "geometry": {"type": "Polygon", "coordinates": [[[-3.7655836522813413, 50.52249004819313], [-3.768782518084807, 50.52357170842095], [-3.771595441828544, 50.525690377596334], [-3.7713954384527075, 50.5277124095391], [-3.7662113845991154, 50.52993572019938], [-3.7625686503636393, 50.52774989438536], [-3.762226726092742, 50.524302549117095], [-3.763800390201128, 50.523048447470785], [-3.7655836522813413, 50.52249004819313]]]}}, {"type": "Feature", "properties": {"type": "postcode-cell", "postcode": "TQ13 7QS", "postcodes": ["TQ13 7QS"]}, "geometry": {"type": "Polygon", "coordinates": [[[-3.763800390201128, 50.523048447470785], [-3.7614534299570144, 50.52170930369113], [-3.7606886072322148, 50.5205899664984], [-3.7611329367430524, 50.51932039632468], [-3.765831597445585, 50.5210798254364], [-3.765703259682342, 50.52205043447373], [-3.7655836522813413, 50.52249004819313], [-3.763800390201128, 50.523048447470785]]]}}, {"type": "Feature", "properties": {"type": "postcode-cell", "postcode": "TQ13 7QX", "postcodes": ["TQ13 7QX"]}, "geometry": {"type": "Polygon", "coordinates": [[[-3.774744807747544, 50.52032331922005], [-3.771734641505006, 50.52077812954007], [-3.7711323642618146, 50.52045972557375], [-3.7689620893702243, 50.51737490493633], [-3.7720760648827847, 50.5169693687708], [-3.7742816754642314, 50.51781724252918], [-3.774744807747544, 50.52032331922005]]]}}, {"type": "Feature", "properties": {"type": "postcode-cell", "postcode": "TQ11 0LL", "postcodes": ["TQ11 0LL"]}, "geometry": {"type": "Polygon", "coordinates": [[[-3.7703455553614926, 50.48191346888208], [-3.770343836070604, 50.481997204795015], [-3.766845422049399, 50.48326598196928], [-3.7666416108318113, 50.48274435459901], [-3.766923959069499, 50.48132592999856], [-3.7694659402736943, 50.480376054347545], [-3.7703455553614926, 50.48191346888208]]]}}, {"type": "Feature", "properties": {"type": "postcode-cell", "postcode": "TQ11 0DZ", "postcodes": ["TQ11 0DZ"]}, "geometry": {"type": "Polygon", "coordinates": [[[-3.7724461597316883, 50.48284417267738], [-3.7699550701258815, 50.484511050729814], [-3.7673212517633896, 50.48448375622972], [-3.766845422049399, 50.48326598196928], [-3.770343836070604, 50.481997204795015], [-3.7724461597316883, 50.48284417267738]]]}}, {"type": "Feature", "properties": {"type": "postcode-cell", "postcode": "TQ11 0LR", "postcodes": ["TQ11 0LR"]}, "geometry": {"type": "Polygon", "coordinates": [[[-3.7694659402736943, 50.480376054347545], [-3.766923959069499, 50.48132592999856], [-3.7667153308747, 50.4809416999872], [-3.7670572809913705, 50.47884022320354], [-3.769379535579304, 50.47760659863449], [-3.7694659402736943, 50.480376054347545]]]}}, {"type": "Feature", "properties": {"type": "postcode-cell", "postcode": "TQ13 7JF", "postcodes": ["TQ13 7JF"]}, "geometry": {"type": "Polygon", "coordinates": [[[-3.768782518084807, 50.52357170842095], [-3.7655836522813413, 50.52249004819313], [-3.765703259682342, 50.52205043447373], [-3.7711323642618146, 50.52045972557375], [-3.771734641505006, 50.52077812954007], [-3.7706024790728203, 50.52239081362641], [-3.768782518084807, 50.52357170842095]]]}}, {"type": "Feature", "properties": {"type": "postcode-cell", "postcode": "TQ13 7QY", "postcodes": ["TQ13 7QY"]}, "geometry": {"type": "Polygon", "coordinates": [[[-3.7720760648827847, 50.5169693687708], [-3.7689620893702243, 50.51737490493633], [-3.767113677404031, 50.517394392806224], [-3.765101091094687, 50.51616636584553], [-3.7694560370521693, 50.512226671111506], [-3.769572776266428, 50.51216625617466], [-3.77068661817519, 50.51178318968646], [-3.773686953060355, 50.513384686724045], [-3.7720760648827847, 50.5169693687708]]]}}, {"type": "Feature", "properties": {"type": "postcode-cell", "postcode": "TQ11 0EX", "postcodes": ["TQ11 0EX"]}, "geometry": {"type": "Polygon", "coordinates": [[[-3.77346028668664, 50.48560746125956], [-3.769595739181339, 50.48612639627514], [-3.7713587707014313, 50.485101181990885], [-3.77346028668664, 50.48560746125956]]]}}, {"type": "Feature", "properties": {"type": "postcode-cell", "postcode": "TQ11 0ET", "postcodes": ["TQ11 0ET"]}, "geometry": {"type": "Polygon", "coordinates": [[[-3.769595739181339, 50.48612639627514], [-3.769060960028925, 50.48629742421438], [-3.769199990012667, 50.48580999455353], [-3.7674799900120024, 50.48488999455285], [-3.7673212517633896, 50.48448375622972], [-3.7699550701258815, 50.484511050729814], [-3.7713587707014313, 50.485101181990885], [-3.769595739181339, 50.48612639627514]]]}}, {"type": "Feature", "properties": {"type": "postcode-cell", "postcode": "TQ13 7QU", "postcodes": ["TQ13 7QU"]}, "geometry": {"type": "Polygon", "coordinates": [[[-3.765831597445585, 50.5210798254364], [-3.767113677404031, 50.517394392806224], [-3.7689620893702243, 50.51737490493633], [-3.7711323642618146, 50.52045972557375], [-3.765703259682342, 50.52205043447373], [-3.765831597445585, 50.5210798254364]]]}}, {"type": "Feature", "properties": {"type": "postcode-cell", "postcode": "TQ11 0LG", "postcodes": ["TQ11 0LG", "TQ11 0NF"]}, "geometry": {"type": "Polygon", "coordinates": [[[-3.7667153308747, 50.4809416999872], [-3.766923959069499, 50.48132592999856], [-3.7666416108318113, 50.48274435459901], [-3.766299990012672, 50.481869994550536], [-3.7636189867219207, 50.480387628006824], [-3.7667153308747, 50.4809416999872]]]}}, {"type": "Feature", "properties": {"type": "postcode-cell", "postcode": "TQ13 7QZ", "postcodes": ["TQ13 7QZ"]}, "geometry": {"type": "Polygon", "coordinates": [[[-3.77068661817519, 50.51178318968646], [-3.769572776266428, 50.51216625617466], [-3.7653110572753445, 50.51064127800436], [-3.7655892677496046, 50.51024096184141], [-3.770785159466551, 50.50862539358776], [-3.77068661817519, 50.51178318968646]]]}}, {"type": "Feature", "properties": {"type": "postcode-cell", "postcode": "TQ13 7JW", "postcodes": ["TQ13 7JW"]}, "geometry": {"type": "Polygon", "coordinates": [[[-3.770785159466551, 50.50862539358776], [-3.7655892677496046, 50.51024096184141], [-3.76264633113241, 50.50740577987692], [-3.764359989999727, 50.506709994569874], [-3.766579990001922, 50.50505999456852], [-3.767686892719712, 50.50352521755592], [-3.771350992243029, 50.50745879869852], [-3.770785159466551, 50.50862539358776]]]}}, {"type": "Feature", "properties": {"type": "postcode-cell", "postcode": "TQ13 7RP", "postcodes": ["TQ13 7RP"]}, "geometry": {"type": "Polygon", "coordinates": [[[-3.765101091094687, 50.51616636584553], [-3.7649127046697157, 50.51612220499172], [-3.763421435462636, 50.51527364949452], [-3.7628364165459853, 50.512774415922856], [-3.7631663530674064, 50.511947688652874], [-3.763354059845908, 50.511883248210104], [-3.7694560370521693, 50.512226671111506], [-3.765101091094687, 50.51616636584553]]]}}, {"type": "Feature", "properties": {"type": "postcode-cell", "postcode": "TQ11 0LN", "postcodes": ["TQ11 0LN"]}, "geometry": {"type": "Polygon", "coordinates": [[[-3.769379535579304, 50.47760659863449], [-3.7670572809913705, 50.47884022320354], [-3.7627723789738488, 50.47991949350997], [-3.7611999900107436, 50.479049994548454], [-3.760789990010725, 50.47852999454804], [-3.7609099900114344, 50.477189994547004], [-3.7578899900108156, 50.47441999454495], [-3.757830035279063, 50.47415619739951], [-3.7647842151499304, 50.47301023806161], [-3.766401393705662, 50.47386615116667], [-3.7701776725466902, 50.47668885581057], [-3.769379535579304, 50.47760659863449]]]}}, {"type": "Feature", "properties": {"type": "postcode-cell", "postcode": "TQ11 0LQ", "postcodes": ["TQ11 0LQ"]}, "geometry": {"type": "Polygon", "coordinates": [[[-3.7667153308747, 50.4809416999872], [-3.7636189867219207, 50.480387628006824], [-3.7627723789738488, 50.47991949350997], [-3.7670572809913705, 50.47884022320354], [-3.7667153308747, 50.4809416999872]]]}}, {"type": "Feature", "properties": {"type": "postcode-cell", "postcode": "TQ13 7RA", "postcodes": ["TQ13 7RA"]}, "geometry": {"type": "Polygon", "coordinates": [[[-3.7694560370521693, 50.512226671111506], [-3.763354059845908, 50.511883248210104], [-3.7653110572753445, 50.51064127800436], [-3.769572776266428, 50.51216625617466], [-3.7694560370521693, 50.512226671111506]]]}}, {"type": "Feature", "properties": {"type": "postcode-cell", "postcode": "TQ13 7LL", "postcodes": ["TQ13 7LL"]}, "geometry": {"type": "Polygon", "coordinates": [[[-3.725117138325996, 50.51003909586879], [-3.715617555977189, 50.505275243115165], [-3.715492628098223, 50.504113836033376], [-3.716619989970421, 50.50421999456886], [-3.7215099899740234, 50.50318999456799], [-3.72229998997481, 50.50258999456749], [-3.72190998997465, 50.50239999456734], [-3.7227899899755785, 50.50161999456673], [-3.7229599899760673, 50.50081999456611], [-3.72352998997645, 50.50077999456608], [-3.7231199899766194, 50.499869994565366], [-3.727579989980465, 50.49774999456364], [-3.7304199899817534, 50.498849994564424], [-3.734129989982923, 50.5013799945663], [-3.7352699899831756, 50.50238999456707], [-3.7358599899828793, 50.50381999456816], [-3.7372499899829807, 50.505479994569434], [-3.7373634996940703, 50.50613078669561], [-3.725117138325996, 50.51003909586879]]]}}, {"type": "Feature", "properties": {"type": "postcode-cell", "postcode": "TQ13 7JP", "postcodes": ["TQ13 7JP"]}, "geometry": {"type": "Polygon", "coordinates": [[[-3.752538095010562, 50.51176572379014], [-3.751470152719038, 50.512804106677315], [-3.750778289810004, 50.51317069272869], [-3.7476845630625752, 50.514489220079895], [-3.7468676560426295, 50.514657072822686], [-3.7453198488373096, 50.51472241030434], [-3.739796494716056, 50.513268785832196], [-3.739344268948344, 50.50704783437492], [-3.741849989984746, 50.50795999457127], [-3.745209989987068, 50.50758999457091], [-3.7474299899882793, 50.508029994571224], [-3.750369989989544, 50.509329994572155], [-3.753013840126522, 50.50980342994115], [-3.752538095010562, 50.51176572379014]]]}}, {"type": "Feature", "properties": {"type": "postcode-cell", "postcode": "TQ13 7RB", "postcodes": ["TQ13 7RB"]}, "geometry": {"type": "Polygon", "coordinates": [[[-3.760526877025804, 50.50826626467345], [-3.76264633113241, 50.50740577987692], [-3.7655892677496046, 50.51024096184141], [-3.7653110572753445, 50.51064127800436], [-3.763354059845908, 50.511883248210104], [-3.7631663530674064, 50.511947688652874], [-3.7619377366700846, 50.51073005972985], [-3.760526877025804, 50.50826626467345]]]}}, {"type": "Feature", "properties": {"type": "postcode-cell", "postcode": "TQ13 7RD", "postcodes": ["TQ13 7RD"]}, "geometry": {"type": "Polygon", "coordinates": [[[-3.7619377366700846, 50.51073005972985], [-3.759332365521234, 50.511392190781066], [-3.7588835002879777, 50.510758006044114], [-3.758577569923298, 50.509788012848375], [-3.75851600016195, 50.50908260360084], [-3.760526877025804, 50.50826626467345], [-3.7619377366700846, 50.51073005972985]]]}}, {"type": "Feature", "properties": {"type": "postcode-cell", "postcode": "TQ13 7QR", "postcodes": ["TQ13 7QR"]}, "geometry": {"type": "Polygon", "coordinates": [[[-3.767113677404031, 50.517394392806224], [-3.765831597445585, 50.5210798254364], [-3.7611329367430524, 50.51932039632468], [-3.7610429211166823, 50.51912004558821], [-3.761069520962263, 50.51900643339546], [-3.7612631331606594, 50.5185926419773], [-3.762071136948435, 50.51773629860738], [-3.7649127046697157, 50.51612220499172], [-3.765101091094687, 50.51616636584553], [-3.767113677404031, 50.517394392806224]]]}}, {"type": "Feature", "properties": {"type": "postcode-cell", "postcode": "TQ13 7RF", "postcodes": ["TQ13 7RF"]}, "geometry": {"type": "Polygon", "coordinates": [[[-3.758577569923298, 50.509788012848375], [-3.758018321107253, 50.51125855367657], [-3.7575905012636035, 50.511349959578446], [-3.754615906670204, 50.51038825472912], [-3.7538249887494497, 50.509948668665444], [-3.75628998999283, 50.51038999457288], [-3.758349989994731, 50.50914999457188], [-3.75851600016195, 50.50908260360084], [-3.758577569923298, 50.509788012848375]]]}}, {"type": "Feature", "properties": {"type": "postcode-cell", "postcode": "TQ13 7NL", "postcodes": ["TQ13 7NL"]}, "geometry": {"type": "Polygon", "coordinates": [[[-3.7677007137299423, 50.533771931526616], [-3.7627504806649053, 50.53521031811174], [-3.7564411980351573, 50.53338089230524], [-3.7658561009692066, 50.53153285013982], [-3.7677007137299423, 50.533771931526616]]]}}, {"type": "Feature", "properties": {"type": "postcode-cell", "postcode": "TQ13 7RG", "postcodes": ["TQ13 7RG"]}, "geometry": {"type": "Polygon", "coordinates": [[[-3.7588835002879777, 50.510758006044114], [-3.7583608164010265, 50.51137107440746], [-3.758018321107253, 50.51125855367657], [-3.758577569923298, 50.509788012848375], [-3.7588835002879777, 50.510758006044114]]]}}, {"type": "Feature", "properties": {"type": "postcode-cell", "postcode": "TQ13 7RN", "postcodes": ["TQ13 7RN"]}, "geometry": {"type": "Polygon", "coordinates": [[[-3.762071136948435, 50.51773629860738], [-3.759568199705752, 50.517848665628286], [-3.758878232949436, 50.51743611539087], [-3.7598371751869637, 50.51625418008791], [-3.7618528492034504, 50.51528858976118], [-3.763421435462636, 50.51527364949452], [-3.7649127046697157, 50.51612220499172], [-3.762071136948435, 50.51773629860738]]]}}, {"type": "Feature", "properties": {"type": "postcode-cell", "postcode": "TQ13 7ED", "postcodes": ["TQ13 7ED"]}, "geometry": {"type": "Polygon", "coordinates": [[[-3.7631663530674064, 50.511947688652874], [-3.7628364165459853, 50.512774415922856], [-3.7592849480978816, 50.51237479864909], [-3.7589661568674204, 50.512016838113944], [-3.758976938382603, 50.511897412190386], [-3.759332365521234, 50.511392190781066], [-3.7619377366700846, 50.51073005972985], [-3.7631663530674064, 50.511947688652874]]]}}, {"type": "Feature", "properties": {"type": "postcode-cell", "postcode": "TQ13 7HY", "postcodes": ["TQ13 7HY"]}, "geometry": {"type": "Polygon", "coordinates": [[[-3.772803174578959, 50.56302422876054], [-3.7716378176439034, 50.563731950741406], [-3.771579989977561, 50.56370999461412], [-3.7648399899751483, 50.559629994611065], [-3.764699989977151, 50.55516999460758], [-3.7638799899774997, 50.553309994606145], [-3.762909989977295, 50.55241999460548], [-3.7612899899765995, 50.55168999460494], [-3.759969989976375, 50.55035999460392], [-3.757479989975025, 50.54983999460358], [-3.753959989972877, 50.54960999460345], [-3.7512099899708526, 50.55015999460393], [-3.750359989970409, 50.54994999460379], [-3.7471999899683333, 50.55005999460393], [-3.7456112931080914, 50.54971195140732], [-3.7455657813401206, 50.545674852435546], [-3.7533413352919998, 50.542286926737276], [-3.7657072083102885, 50.546262859121946], [-3.772803174578959, 50.56302422876054]]]}}, {"type": "Feature", "properties": {"type": "postcode-cell", "postcode": "TQ13 7FG", "postcodes": ["TQ13 7FG"]}, "geometry": {"type": "Polygon", "coordinates": [[[-3.7595759833810907, 50.537749629922395], [-3.7543212978389073, 50.53700872447109], [-3.7540978471103053, 50.53672072966592], [-3.754359113234016, 50.53367854056618], [-3.7564411980351573, 50.53338089230524], [-3.7627504806649053, 50.53521031811174], [-3.7595759833810907, 50.537749629922395]]]}}, {"type": "Feature", "properties": {"type": "postcode-cell", "postcode": "TQ13 7QT", "postcodes": ["TQ13 7QT"]}, "geometry": {"type": "Polygon", "coordinates": [[[-3.7611329367430524, 50.51932039632468], [-3.7606886072322148, 50.5205899664984], [-3.758813049904697, 50.51990141279936], [-3.759404864272864, 50.51955263459384], [-3.7610429211166823, 50.51912004558821], [-3.7611329367430524, 50.51932039632468]]]}}, {"type": "Feature", "properties": {"type": "postcode-cell", "postcode": "TQ13 7HT", "postcodes": ["TQ13 7HT"]}, "geometry": {"type": "Polygon", "coordinates": [[[-3.7658561009692066, 50.53153285013982], [-3.7564411980351573, 50.53338089230524], [-3.754359113234016, 50.53367854056618], [-3.751610174574116, 50.53037214629379], [-3.753397779602886, 50.529227790205084], [-3.758788727274971, 50.52832655876316], [-3.7625686503636393, 50.52774989438536], [-3.7662113845991154, 50.52993572019938], [-3.7658561009692066, 50.53153285013982]]]}}, {"type": "Feature", "properties": {"type": "postcode-cell", "postcode": "TQ13 7GA", "postcodes": ["TQ13 7GA"]}, "geometry": {"type": "Polygon", "coordinates": [[[-3.7614534299570144, 50.52170930369113], [-3.755102628477405, 50.52087632286926], [-3.755663127272376, 50.52016312841343], [-3.7581698631430283, 50.519922663318006], [-3.758813049904697, 50.51990141279936], [-3.7606886072322148, 50.5205899664984], [-3.7614534299570144, 50.52170930369113]]]}}, {"type": "Feature", "properties": {"type": "postcode-cell", "postcode": "TQ13 7EN", "postcodes": ["TQ13 7EN"]}, "geometry": {"type": "Polygon", "coordinates": [[[-3.7494379354518768, 50.52972384380013], [-3.7503293936839803, 50.52560780098817], [-3.7519974251125676, 50.52358918301538], [-3.754262547872502, 50.52294096123866], [-3.7535467871245034, 50.52890216080284], [-3.753397779602886, 50.529227790205084], [-3.751610174574116, 50.53037214629379], [-3.7494461037595554, 50.52992105693097], [-3.7494379354518768, 50.52972384380013]]]}}, {"type": "Feature", "properties": {"type": "postcode-cell", "postcode": "TQ13 7EP", "postcodes": ["TQ13 7EP"]}, "geometry": {"type": "Polygon", "coordinates": [[[-3.7494461037595554, 50.52992105693097], [-3.7488417697811864, 50.529921837612505], [-3.744834448260706, 50.52693346763809], [-3.7465886471673784, 50.52433073322307], [-3.7475831560855895, 50.52458010295624], [-3.7479397584610075, 50.5248498424642], [-3.7494379354518768, 50.52972384380013], [-3.7494461037595554, 50.52992105693097]]]}}, {"type": "Feature", "properties": {"type": "postcode-cell", "postcode": "TQ13 7EA", "postcodes": ["TQ13 7EA"]}, "geometry": {"type": "Polygon", "coordinates": [[[-3.763421435462636, 50.51527364949452], [-3.7618528492034504, 50.51528858976118], [-3.7605034493821075, 50.51501703138539], [-3.7599320569768935, 50.514720879027294], [-3.7585969868000397, 50.51287036656181], [-3.7592849480978816, 50.51237479864909], [-3.7628364165459853, 50.512774415922856], [-3.763421435462636, 50.51527364949452]]]}}, {"type": "Feature", "properties": {"type": "postcode-cell", "postcode": "TQ13 7QP", "postcodes": ["TQ13 7QP"]}, "geometry": {"type": "Polygon", "coordinates": [[[-3.7610429211166823, 50.51912004558821], [-3.759404864272864, 50.51955263459384], [-3.75940760498103, 50.51895550854294], [-3.761069520962263, 50.51900643339546], [-3.7610429211166823, 50.51912004558821]]]}}, {"type": "Feature", "properties": {"type": "postcode-cell", "postcode": "TQ13 7QL", "postcodes": ["TQ13 7QL"]}, "geometry": {"type": "Polygon", "coordinates": [[[-3.7612631331606594, 50.5185926419773], [-3.759134424180274, 50.51857747070366], [-3.7588691876581306, 50.518440904998165], [-3.759568199705752, 50.517848665628286], [-3.762071136948435, 50.51773629860738], [-3.7612631331606594, 50.5185926419773]]]}}, {"type": "Feature", "properties": {"type": "postcode-cell", "postcode": "TQ13 7RE", "postcodes": ["TQ13 7RE"]}, "geometry": {"type": "Polygon", "coordinates": [[[-3.759332365521234, 50.511392190781066], [-3.758976938382603, 50.511897412190386], [-3.7583608164010265, 50.51137107440746], [-3.7588835002879777, 50.510758006044114], [-3.759332365521234, 50.511392190781066]]]}}, {"type": "Feature", "properties": {"type": "postcode-cell", "postcode": "TQ13 7QW", "postcodes": ["TQ13 7QW"]}, "geometry": {"type": "Polygon", "coordinates": [[[-3.7592298887286213, 50.5187957794759], [-3.759134424180274, 50.51857747070366], [-3.7612631331606594, 50.5185926419773], [-3.761069520962263, 50.51900643339546], [-3.75940760498103, 50.51895550854294], [-3.7592298887286213, 50.5187957794759]]]}}, {"type": "Feature", "properties": {"type": "postcode-cell", "postcode": "TQ13 7JG", "postcodes": ["TQ13 7JG"]}, "geometry": {"type": "Polygon", "coordinates": [[[-3.75940760498103, 50.51895550854294], [-3.759404864272864, 50.51955263459384], [-3.758813049904697, 50.51990141279936], [-3.7581698631430283, 50.519922663318006], [-3.7592298887286213, 50.5187957794759], [-3.75940760498103, 50.51895550854294]]]}}, {"type": "Feature", "properties": {"type": "postcode-cell", "postcode": "TQ13 7RQ", "postcodes": ["TQ13 7RQ"]}, "geometry": {"type": "Polygon", "coordinates": [[[-3.7589661568674204, 50.512016838113944], [-3.7578438738832753, 50.51192402252672], [-3.7577968195519933, 50.51187374215556], [-3.7575905012636035, 50.511349959578446], [-3.758018321107253, 50.51125855367657], [-3.7583608164010265, 50.51137107440746], [-3.758976938382603, 50.511897412190386], [-3.7589661568674204, 50.512016838113944]]]}}, {"type": "Feature", "properties": {"type": "postcode-cell", "postcode": "TQ13 7EJ", "postcodes": ["TQ13 7EJ"]}, "geometry": {"type": "Polygon", "coordinates": [[[-3.763800390201128, 50.523048447470785], [-3.762226726092742, 50.524302549117095], [-3.7590891867128238, 50.5241941279476], [-3.7545158817119697, 50.522690925401236], [-3.7543900687987133, 50.52200055534362], [-3.7545923278517366, 50.52137364875324], [-3.754799450567266, 50.521088777281065], [-3.755102628477405, 50.52087632286926], [-3.7614534299570144, 50.52170930369113], [-3.763800390201128, 50.523048447470785]]]}}, {"type": "Feature", "properties": {"type": "postcode-cell", "postcode": "TQ13 7QN", "postcodes": ["TQ13 7QN"]}, "geometry": {"type": "Polygon", "coordinates": [[[-3.759134424180274, 50.51857747070366], [-3.7592298887286213, 50.5187957794759], [-3.7581698631430283, 50.519922663318006], [-3.755663127272376, 50.52016312841343], [-3.7558567272105803, 50.51880529185402], [-3.7561215576068356, 50.51849635719026], [-3.7588691876581306, 50.518440904998165], [-3.759134424180274, 50.51857747070366]]]}}, {"type": "Feature", "properties": {"type": "postcode-cell", "postcode": "TQ13 7QG", "postcodes": ["TQ13 7QG"]}, "geometry": {"type": "Polygon", "coordinates": [[[-3.759568199705752, 50.517848665628286], [-3.7588691876581306, 50.518440904998165], [-3.7561215576068356, 50.51849635719026], [-3.7562403895281267, 50.51811538187305], [-3.756836078727937, 50.51768805286302], [-3.7568554944232555, 50.51767893073538], [-3.758878232949436, 50.51743611539087], [-3.759568199705752, 50.517848665628286]]]}}, {"type": "Feature", "properties": {"type": "postcode-cell", "postcode": "TQ12 6LG", "postcodes": ["TQ12 6LG"]}, "geometry": {"type": "Polygon", "coordinates": [[[-3.7252215124919434, 50.545792467031056], [-3.7416877239534787, 50.54308880040269], [-3.7455657813401206, 50.545674852435546], [-3.7456112931080914, 50.54971195140732], [-3.7443699899668124, 50.5494399946035], [-3.7385399899630873, 50.54941999460359], [-3.7371999899625448, 50.54874999460308], [-3.735549989961242, 50.54926999460353], [-3.7325999899592626, 50.54946999460375], [-3.731699989958785, 50.54925999460358], [-3.7274799899558917, 50.549669994603995], [-3.726499989955112, 50.54999999460426], [-3.724099989954157, 50.54876999460337], [-3.722405450603302, 50.54866674049512], [-3.7252215124919434, 50.545792467031056]]]}}, {"type": "Feature", "properties": {"type": "postcode-cell", "postcode": "TQ13 7BD", "postcodes": ["TQ13 7BD"]}, "geometry": {"type": "Polygon", "coordinates": [[[-3.754799450567266, 50.521088777281065], [-3.75243246183477, 50.51954549212354], [-3.7524614104923115, 50.51799419695683], [-3.752836688758302, 50.51797060375597], [-3.754032090782181, 50.51817359007085], [-3.7558567272105803, 50.51880529185402], [-3.755663127272376, 50.52016312841343], [-3.755102628477405, 50.52087632286926], [-3.754799450567266, 50.521088777281065]]]}}, {"type": "Feature", "properties": {"type": "postcode-cell", "postcode": "TQ13 7QH", "postcodes": ["TQ13 7QH"]}, "geometry": {"type": "Polygon", "coordinates": [[[-3.7579148975401266, 50.516638602655014], [-3.7598371751869637, 50.51625418008791], [-3.758878232949436, 50.51743611539087], [-3.7568554944232555, 50.51767893073538], [-3.7579148975401266, 50.516638602655014]]]}}, {"type": "Feature", "properties": {"type": "postcode-cell", "postcode": "TQ13 7QF", "postcodes": ["TQ13 7QF"]}, "geometry": {"type": "Polygon", "coordinates": [[[-3.7568554944232555, 50.51767893073538], [-3.756836078727937, 50.51768805286302], [-3.7566764273901314, 50.51630685210135], [-3.756688845080587, 50.5162924340985], [-3.757077151405908, 50.51617498660936], [-3.7575169417419456, 50.516153270907125], [-3.7579148975401266, 50.516638602655014], [-3.7568554944232555, 50.51767893073538]]]}}, {"type": "Feature", "properties": {"type": "postcode-cell", "postcode": "TQ13 7HA", "postcodes": ["TQ13 7HA"]}, "geometry": {"type": "Polygon", "coordinates": [[[-3.7625686503636393, 50.52774989438536], [-3.758788727274971, 50.52832655876316], [-3.7581534127344023, 50.525040947066074], [-3.7590891867128238, 50.5241941279476], [-3.762226726092742, 50.524302549117095], [-3.7625686503636393, 50.52774989438536]]]}}, {"type": "Feature", "properties": {"type": "postcode-cell", "postcode": "TQ13 7DY", "postcodes": ["TQ13 7DY"]}, "geometry": {"type": "Polygon", "coordinates": [[[-3.7598371751869637, 50.51625418008791], [-3.7579148975401266, 50.516638602655014], [-3.7575169417419456, 50.516153270907125], [-3.7576178020063953, 50.515890755092336], [-3.7590896933659605, 50.51523221219205], [-3.7605034493821075, 50.51501703138539], [-3.7618528492034504, 50.51528858976118], [-3.7598371751869637, 50.51625418008791]]]}}, {"type": "Feature", "properties": {"type": "postcode-cell", "postcode": "TQ13 7DZ", "postcodes": ["TQ13 7DZ"]}, "geometry": {"type": "Polygon", "coordinates": [[[-3.7599320569768935, 50.514720879027294], [-3.7576383745598503, 50.514037939794314], [-3.7582686513276333, 50.51293425580554], [-3.7585969868000397, 50.51287036656181], [-3.7599320569768935, 50.514720879027294]]]}}, {"type": "Feature", "properties": {"type": "postcode-cell", "postcode": "TQ13 7EE", "postcodes": ["TQ13 7EE"]}, "geometry": {"type": "Polygon", "coordinates": [[[-3.7592849480978816, 50.51237479864909], [-3.7585969868000397, 50.51287036656181], [-3.7582686513276333, 50.51293425580554], [-3.7573355932645103, 50.5127799714202], [-3.7575663091755853, 50.512083121518835], [-3.7578438738832753, 50.51192402252672], [-3.7589661568674204, 50.512016838113944], [-3.7592849480978816, 50.51237479864909]]]}}, {"type": "Feature", "properties": {"type": "postcode-cell", "postcode": "TQ13 7BB", "postcodes": ["TQ13 7BB"]}, "geometry": {"type": "Polygon", "coordinates": [[[-3.7562403895281267, 50.51811538187305], [-3.7561215576068356, 50.51849635719026], [-3.7558567272105803, 50.51880529185402], [-3.754032090782181, 50.51817359007085], [-3.7534666040256495, 50.516842867504465], [-3.7535375405620757, 50.51679015608586], [-3.755271502104824, 50.517026807292304], [-3.7562403895281267, 50.51811538187305]]]}}, {"type": "Feature", "properties": {"type": "postcode-cell", "postcode": "TQ13 7AE", "postcodes": ["TQ13 7AE"]}, "geometry": {"type": "Polygon", "coordinates": [[[-3.755271502104824, 50.517026807292304], [-3.755274392438317, 50.516555869091775], [-3.755627397077199, 50.51628579141111], [-3.7566764273901314, 50.51630685210135], [-3.756836078727937, 50.51768805286302], [-3.7562403895281267, 50.51811538187305], [-3.755271502104824, 50.517026807292304]]]}}, {"type": "Feature", "properties": {"type": "postcode-cell", "postcode": "TQ13 7DU", "postcodes": ["TQ13 7DU"]}, "geometry": {"type": "Polygon", "coordinates": [[[-3.7605034493821075, 50.51501703138539], [-3.7590896933659605, 50.51523221219205], [-3.7573393838397444, 50.515131476492364], [-3.757124500321349, 50.514211454817506], [-3.757234742314627, 50.514050535952165], [-3.7576383745598503, 50.514037939794314], [-3.7599320569768935, 50.514720879027294], [-3.7605034493821075, 50.51501703138539]]]}}, {"type": "Feature", "properties": {"type": "postcode-cell", "postcode": "TQ13 7JQ", "postcodes": ["TQ13 7JQ"]}, "geometry": {"type": "Polygon", "coordinates": [[[-3.7576383745598503, 50.514037939794314], [-3.757234742314627, 50.514050535952165], [-3.7563136100842986, 50.51357575449689], [-3.7561334322922986, 50.513182566767945], [-3.756675790739476, 50.51287316152767], [-3.7573355932645103, 50.5127799714202], [-3.7582686513276333, 50.51293425580554], [-3.7576383745598503, 50.514037939794314]]]}}, {"type": "Feature", "properties": {"type": "postcode-cell", "postcode": "TQ13 7HS", "postcodes": ["TQ13 7HS"]}, "geometry": {"type": "Polygon", "coordinates": [[[-3.753397779602886, 50.529227790205084], [-3.7535467871245034, 50.52890216080284], [-3.7581534127344023, 50.525040947066074], [-3.758788727274971, 50.52832655876316], [-3.753397779602886, 50.529227790205084]]]}}, {"type": "Feature", "properties": {"type": "postcode-cell", "postcode": "TQ13 7EL", "postcodes": ["TQ13 7EL"]}, "geometry": {"type": "Polygon", "coordinates": [[[-3.7581534127344023, 50.525040947066074], [-3.7535467871245034, 50.52890216080284], [-3.754262547872502, 50.52294096123866], [-3.7545158817119697, 50.522690925401236], [-3.7590891867128238, 50.5241941279476], [-3.7581534127344023, 50.525040947066074]]]}}, {"type": "Feature", "properties": {"type": "postcode-cell", "postcode": "TQ13 7FH", "postcodes": ["TQ13 7FH"]}, "geometry": {"type": "Polygon", "coordinates": [[[-3.7576178020063953, 50.515890755092336], [-3.7572303072190714, 50.51571559006936], [-3.7571144842581705, 50.515202970651], [-3.7573393838397444, 50.515131476492364], [-3.7590896933659605, 50.51523221219205], [-3.7576178020063953, 50.515890755092336]]]}}, {"type": "Feature", "properties": {"type": "postcode-cell", "postcode": "TQ13 7RJ", "postcodes": ["TQ13 7RJ"]}, "geometry": {"type": "Polygon", "coordinates": [[[-3.7575905012636035, 50.511349959578446], [-3.7577968195519933, 50.51187374215556], [-3.756010390584225, 50.51146015927985], [-3.754615906670204, 50.51038825472912], [-3.7575905012636035, 50.511349959578446]]]}}, {"type": "Feature", "properties": {"type": "postcode-cell", "postcode": "TQ13 7FR", "postcodes": ["TQ13 7FR"]}, "geometry": {"type": "Polygon", "coordinates": [[[-3.754615906670204, 50.51038825472912], [-3.756010390584225, 50.51146015927985], [-3.756533914617519, 50.51199116114805], [-3.756675790739476, 50.51287316152767], [-3.7561334322922986, 50.513182566767945], [-3.7545518701413703, 50.512772482284944], [-3.752538095010562, 50.51176572379014], [-3.753013840126522, 50.50980342994115], [-3.7538249887494497, 50.509948668665444], [-3.754615906670204, 50.51038825472912]]]}}, {"type": "Feature", "properties": {"type": "postcode-cell", "postcode": "TQ13 7QD", "postcodes": ["TQ13 7QD"]}, "geometry": {"type": "Polygon", "coordinates": [[[-3.756688845080587, 50.5162924340985], [-3.7564063725663006, 50.51585814246626], [-3.756752382742018, 50.51578524400891], [-3.7567898954919894, 50.515789313176555], [-3.757077151405908, 50.51617498660936], [-3.756688845080587, 50.5162924340985]]]}}, {"type": "Feature", "properties": {"type": "postcode-cell", "postcode": "TQ13 7RL", "postcodes": ["TQ13 7RL"]}, "geometry": {"type": "Polygon", "coordinates": [[[-3.7573355932645103, 50.5127799714202], [-3.756675790739476, 50.51287316152767], [-3.756533914617519, 50.51199116114805], [-3.7575663091755853, 50.512083121518835], [-3.7573355932645103, 50.5127799714202]]]}}, {"type": "Feature", "properties": {"type": "postcode-cell", "postcode": "TQ13 7RH", "postcodes": ["TQ13 7RH"]}, "geometry": {"type": "Polygon", "coordinates": [[[-3.7578438738832753, 50.51192402252672], [-3.7575663091755853, 50.512083121518835], [-3.756533914617519, 50.51199116114805], [-3.756010390584225, 50.51146015927985], [-3.7577968195519933, 50.51187374215556], [-3.7578438738832753, 50.51192402252672]]]}}, {"type": "Feature", "properties": {"type": "postcode-cell", "postcode": "TQ13 7QQ", "postcodes": ["TQ13 7QQ"]}, "geometry": {"type": "Polygon", "coordinates": [[[-3.7575169417419456, 50.516153270907125], [-3.757077151405908, 50.51617498660936], [-3.7567898954919894, 50.515789313176555], [-3.7572303072190714, 50.51571559006936], [-3.7576178020063953, 50.515890755092336], [-3.7575169417419456, 50.516153270907125]]]}}, {"type": "Feature", "properties": {"type": "postcode-cell", "postcode": "TQ13 7DT", "postcodes": ["TQ13 7DT"]}, "geometry": {"type": "Polygon", "coordinates": [[[-3.7571144842581705, 50.515202970651], [-3.7567301723090942, 50.515200140997216], [-3.7566781419975577, 50.5151909513307], [-3.75646824028885, 50.51485570901459], [-3.7565148822795433, 50.51461115124878], [-3.757124500321349, 50.514211454817506], [-3.7573393838397444, 50.515131476492364], [-3.7571144842581705, 50.515202970651]]]}}, {"type": "Feature", "properties": {"type": "postcode-cell", "postcode": "TQ13 7DW", "postcodes": ["TQ13 7DW"]}, "geometry": {"type": "Polygon", "coordinates": [[[-3.751470152719038, 50.512804106677315], [-3.752686518490585, 50.51363739692168], [-3.7530839271853633, 50.51433027280586], [-3.752922428757082, 50.51501861572978], [-3.750778289810004, 50.51317069272869], [-3.751470152719038, 50.512804106677315]]]}}, {"type": "Feature", "properties": {"type": "postcode-cell", "postcode": "TQ13 7QB", "postcodes": ["TQ13 7QB"]}, "geometry": {"type": "Polygon", "coordinates": [[[-3.7566781419975577, 50.5151909513307], [-3.756274305223825, 50.5153317154353], [-3.7555158156591673, 50.51509875069614], [-3.755519448773136, 50.51492785903148], [-3.75646824028885, 50.51485570901459], [-3.7566781419975577, 50.5151909513307]]]}}, {"type": "Feature", "properties": {"type": "postcode-cell", "postcode": "TQ13 7QE", "postcodes": ["TQ13 7QE"]}, "geometry": {"type": "Polygon", "coordinates": [[[-3.7566764273901314, 50.51630685210135], [-3.755627397077199, 50.51628579141111], [-3.7556345220204745, 50.51627235544312], [-3.7561934103938825, 50.51581198974295], [-3.7564063725663006, 50.51585814246626], [-3.756688845080587, 50.5162924340985], [-3.7566764273901314, 50.51630685210135]]]}}, {"type": "Feature", "properties": {"type": "postcode-cell", "postcode": "TQ13 7EQ", "postcodes": ["TQ13 7EQ"]}, "geometry": {"type": "Polygon", "coordinates": [[[-3.757124500321349, 50.514211454817506], [-3.7565148822795433, 50.51461115124878], [-3.7556849581877203, 50.51448971892451], [-3.755576536795975, 50.51412037526849], [-3.7563136100842986, 50.51357575449689], [-3.757234742314627, 50.514050535952165], [-3.757124500321349, 50.514211454817506]]]}}, {"type": "Feature", "properties": {"type": "postcode-cell", "postcode": "TQ13 7QJ", "postcodes": ["TQ13 7QJ"]}, "geometry": {"type": "Polygon", "coordinates": [[[-3.7567301723090942, 50.515200140997216], [-3.756752382742018, 50.51578524400891], [-3.7564063725663006, 50.51585814246626], [-3.7561934103938825, 50.51581198974295], [-3.7561052376182427, 50.51567580844726], [-3.756274305223825, 50.5153317154353], [-3.7566781419975577, 50.5151909513307], [-3.7567301723090942, 50.515200140997216]]]}}, {"type": "Feature", "properties": {"type": "postcode-cell", "postcode": "TQ13 7DX", "postcodes": ["TQ13 7DX"]}, "geometry": {"type": "Polygon", "coordinates": [[[-3.7572303072190714, 50.51571559006936], [-3.7567898954919894, 50.515789313176555], [-3.756752382742018, 50.51578524400891], [-3.7567301723090942, 50.515200140997216], [-3.7571144842581705, 50.515202970651], [-3.7572303072190714, 50.51571559006936]]]}}, {"type": "Feature", "properties": {"type": "postcode-cell", "postcode": "TQ13 7AH", "postcodes": ["TQ13 7AH"]}, "geometry": {"type": "Polygon", "coordinates": [[[-3.755271502104824, 50.517026807292304], [-3.7535375405620757, 50.51679015608586], [-3.753437097972381, 50.516263024307754], [-3.7551966676678346, 50.51649990992019], [-3.755274392438317, 50.516555869091775], [-3.755271502104824, 50.517026807292304]]]}}, {"type": "Feature", "properties": {"type": "postcode-cell", "postcode": "TQ13 7AA", "postcodes": ["TQ13 7AA"]}, "geometry": {"type": "Polygon", "coordinates": [[[-3.7561052376182427, 50.51567580844726], [-3.7558946276717595, 50.51565171485385], [-3.755230559608334, 50.51547003812239], [-3.7551547445221902, 50.51539583433505], [-3.7555158156591673, 50.51509875069614], [-3.756274305223825, 50.5153317154353], [-3.7561052376182427, 50.51567580844726]]]}}, {"type": "Feature", "properties": {"type": "postcode-cell", "postcode": "TQ13 7FD", "postcodes": ["TQ13 7FD"]}, "geometry": {"type": "Polygon", "coordinates": [[[-3.7556345220204745, 50.51627235544312], [-3.755460111225022, 50.51587693719161], [-3.7558946276717595, 50.51565171485385], [-3.7561052376182427, 50.51567580844726], [-3.7561934103938825, 50.51581198974295], [-3.7556345220204745, 50.51627235544312]]]}}, {"type": "Feature", "properties": {"type": "postcode-cell", "postcode": "TQ13 7EG", "postcodes": ["TQ13 7EG"]}, "geometry": {"type": "Polygon", "coordinates": [[[-3.75646824028885, 50.51485570901459], [-3.755519448773136, 50.51492785903148], [-3.7554507622595916, 50.5148127232803], [-3.7556849581877203, 50.51448971892451], [-3.7565148822795433, 50.51461115124878], [-3.75646824028885, 50.51485570901459]]]}}, {"type": "Feature", "properties": {"type": "postcode-cell", "postcode": "TQ13 7EF", "postcodes": ["TQ13 7EF"]}, "geometry": {"type": "Polygon", "coordinates": [[[-3.755576536795975, 50.51412037526849], [-3.7555571095489877, 50.51412066457637], [-3.754673993101901, 50.513908274579485], [-3.7545518701413703, 50.512772482284944], [-3.7561334322922986, 50.513182566767945], [-3.7563136100842986, 50.51357575449689], [-3.755576536795975, 50.51412037526849]]]}}, {"type": "Feature", "properties": {"type": "postcode-cell", "postcode": "TQ13 7DH", "postcodes": ["TQ13 7DH"]}, "geometry": {"type": "Polygon", "coordinates": [[[-3.752538095010562, 50.51176572379014], [-3.7545518701413703, 50.512772482284944], [-3.754673993101901, 50.513908274579485], [-3.7541758316458154, 50.51425614827144], [-3.752686518490585, 50.51363739692168], [-3.751470152719038, 50.512804106677315], [-3.752538095010562, 50.51176572379014]]]}}, {"type": "Feature", "properties": {"type": "postcode-cell", "postcode": "TQ13 7AZ", "postcodes": ["TQ13 7AZ"]}, "geometry": {"type": "Polygon", "coordinates": [[[-3.755230559608334, 50.51547003812239], [-3.755256415024958, 50.515702409433985], [-3.754793227025094, 50.51611666819415], [-3.75428295839374, 50.515866310941114], [-3.754433029946217, 50.51540158642035], [-3.7551547445221902, 50.51539583433505], [-3.755230559608334, 50.51547003812239]]]}}, {"type": "Feature", "properties": {"type": "postcode-cell", "postcode": "TQ13 7DE", "postcodes": ["TQ13 7DE"]}, "geometry": {"type": "Polygon", "coordinates": [[[-3.7556849581877203, 50.51448971892451], [-3.7554507622595916, 50.5148127232803], [-3.754453385616694, 50.514656006649346], [-3.754391995426973, 50.514584341449435], [-3.7555571095489877, 50.51412066457637], [-3.755576536795975, 50.51412037526849], [-3.7556849581877203, 50.51448971892451]]]}}, {"type": "Feature", "properties": {"type": "postcode-cell", "postcode": "TQ13 7EZ", "postcodes": ["TQ13 7EZ"]}, "geometry": {"type": "Polygon", "coordinates": [[[-3.7540978471103053, 50.53672072966592], [-3.739774612257902, 50.53771276137827], [-3.739530125296269, 50.537529872568896], [-3.7411890323136174, 50.53220506335372], [-3.7488417697811864, 50.529921837612505], [-3.7494461037595554, 50.52992105693097], [-3.751610174574116, 50.53037214629379], [-3.754359113234016, 50.53367854056618], [-3.7540978471103053, 50.53672072966592]]]}}, {"type": "Feature", "properties": {"type": "postcode-cell", "postcode": "TQ13 7AF", "postcodes": ["TQ13 7AF"]}, "geometry": {"type": "Polygon", "coordinates": [[[-3.7551966676678346, 50.51649990992019], [-3.754793227025094, 50.51611666819415], [-3.755256415024958, 50.515702409433985], [-3.755460111225022, 50.51587693719161], [-3.7556345220204745, 50.51627235544312], [-3.755627397077199, 50.51628579141111], [-3.755274392438317, 50.516555869091775], [-3.7551966676678346, 50.51649990992019]]]}}, {"type": "Feature", "properties": {"type": "postcode-cell", "postcode": "TQ13 7AD", "postcodes": ["TQ13 7AD"]}, "geometry": {"type": "Polygon", "coordinates": [[[-3.7558946276717595, 50.51565171485385], [-3.755460111225022, 50.51587693719161], [-3.755256415024958, 50.515702409433985], [-3.755230559608334, 50.51547003812239], [-3.7558946276717595, 50.51565171485385]]]}}, {"type": "Feature", "properties": {"type": "postcode-cell", "postcode": "TQ13 7DD", "postcodes": ["TQ13 7DD"]}, "geometry": {"type": "Polygon", "coordinates": [[[-3.755519448773136, 50.51492785903148], [-3.7555158156591673, 50.51509875069614], [-3.7551547445221902, 50.51539583433505], [-3.754433029946217, 50.51540158642035], [-3.7543308468967993, 50.51531760810156], [-3.754453385616694, 50.514656006649346], [-3.7554507622595916, 50.5148127232803], [-3.755519448773136, 50.51492785903148]]]}}, {"type": "Feature", "properties": {"type": "postcode-cell", "postcode": "TQ13 7AQ", "postcodes": ["TQ13 7AQ"]}, "geometry": {"type": "Polygon", "coordinates": [[[-3.7551966676678346, 50.51649990992019], [-3.753437097972381, 50.516263024307754], [-3.7534033036795558, 50.51618208839227], [-3.75428295839374, 50.515866310941114], [-3.754793227025094, 50.51611666819415], [-3.7551966676678346, 50.51649990992019]]]}}, {"type": "Feature", "properties": {"type": "postcode-cell", "postcode": "TQ13 7DF", "postcodes": ["TQ13 7DF"]}, "geometry": {"type": "Polygon", "coordinates": [[[-3.7555571095489877, 50.51412066457637], [-3.754391995426973, 50.514584341449435], [-3.7543095082444307, 50.514537939408896], [-3.7541758316458154, 50.51425614827144], [-3.754673993101901, 50.513908274579485], [-3.7555571095489877, 50.51412066457637]]]}}, {"type": "Feature", "properties": {"type": "postcode-cell", "postcode": "TQ13 7DR", "postcodes": ["TQ13 7DR"]}, "geometry": {"type": "Polygon", "coordinates": [[[-3.754433029946217, 50.51540158642035], [-3.75428295839374, 50.515866310941114], [-3.7534033036795558, 50.51618208839227], [-3.7532354635283145, 50.51610945067482], [-3.7526821628896014, 50.51554304096312], [-3.7526594097341004, 50.51551034839104], [-3.753048889719931, 50.51522280079697], [-3.7530623509798793, 50.51521973801071], [-3.7543308468967993, 50.51531760810156], [-3.754433029946217, 50.51540158642035]]]}}, {"type": "Feature", "properties": {"type": "postcode-cell", "postcode": "TQ13 7DS", "postcodes": ["TQ13 7DS"]}, "geometry": {"type": "Polygon", "coordinates": [[[-3.754391995426973, 50.514584341449435], [-3.754453385616694, 50.514656006649346], [-3.7543308468967993, 50.51531760810156], [-3.7530623509798793, 50.51521973801071], [-3.7532331857623995, 50.515056636014855], [-3.754309241584224, 50.51453800702663], [-3.7543095082444307, 50.514537939408896], [-3.754391995426973, 50.514584341449435]]]}}, {"type": "Feature", "properties": {"type": "postcode-cell", "postcode": "TQ13 7DL", "postcodes": ["TQ13 7DL"]}, "geometry": {"type": "Polygon", "coordinates": [[[-3.7543095082444307, 50.514537939408896], [-3.754309241584224, 50.51453800702663], [-3.753416644155316, 50.51459104674268], [-3.7530839271853633, 50.51433027280586], [-3.752686518490585, 50.51363739692168], [-3.7541758316458154, 50.51425614827144], [-3.7543095082444307, 50.514537939408896]]]}}, {"type": "Feature", "properties": {"type": "postcode-cell", "postcode": "TQ13 7AX", "postcodes": ["TQ13 7AX"]}, "geometry": {"type": "Polygon", "coordinates": [[[-3.7534666040256495, 50.516842867504465], [-3.753108375170612, 50.51696125488359], [-3.7523963193481182, 50.51693892906774], [-3.7519473694948418, 50.51665246603687], [-3.751979040225987, 50.51657014048904], [-3.7532354635283145, 50.51610945067482], [-3.7534033036795558, 50.51618208839227], [-3.753437097972381, 50.516263024307754], [-3.7535375405620757, 50.51679015608586], [-3.7534666040256495, 50.516842867504465]]]}}, {"type": "Feature", "properties": {"type": "postcode-cell", "postcode": "TQ12 6LA", "postcodes": ["TQ12 6LA"]}, "geometry": {"type": "Polygon", "coordinates": [[[-3.696804380140385, 50.5455082897112], [-3.69742602319886, 50.545245281516145], [-3.701527499660927, 50.54444686566429], [-3.7142370405986993, 50.54733584182668], [-3.7157664577301928, 50.548671922241994], [-3.7142899899479147, 50.5487099946035], [-3.709009989945333, 50.54703999460231], [-3.708819989944696, 50.54812999460316], [-3.710099989944084, 50.551159994605506], [-3.708089989942603, 50.55157999460586], [-3.7085299899426043, 50.552169994606295], [-3.708179989941778, 50.5534499946073], [-3.7066799899406484, 50.55380999460761], [-3.700609989936534, 50.55431999460812], [-3.7005799899366196, 50.554099994607945], [-3.696359989934329, 50.55324999460737], [-3.694819989933679, 50.55254999460688], [-3.6927468192244626, 50.5500330861705], [-3.696804380140385, 50.5455082897112]]]}}, {"type": "Feature", "properties": {"type": "postcode-cell", "postcode": "TQ13 7FN", "postcodes": ["TQ13 7FN"]}, "geometry": {"type": "Polygon", "coordinates": [[[-3.7532331857623995, 50.515056636014855], [-3.753416644155316, 50.51459104674268], [-3.754309241584224, 50.51453800702663], [-3.7532331857623995, 50.515056636014855]]]}}, {"type": "Feature", "properties": {"type": "postcode-cell", "postcode": "TQ13 7UN", "postcodes": ["TQ13 7UN"]}, "geometry": {"type": "Polygon", "coordinates": [[[-3.754032090782181, 50.51817359007085], [-3.752836688758302, 50.51797060375597], [-3.753108375170612, 50.51696125488359], [-3.7534666040256495, 50.516842867504465], [-3.754032090782181, 50.51817359007085]]]}}, {"type": "Feature", "properties": {"type": "postcode-cell", "postcode": "TQ13 7DN", "postcodes": ["TQ13 7DN"]}, "geometry": {"type": "Polygon", "coordinates": [[[-3.753048889719931, 50.51522280079697], [-3.752922428757082, 50.51501861572978], [-3.7530839271853633, 50.51433027280586], [-3.753416644155316, 50.51459104674268], [-3.7532331857623995, 50.515056636014855], [-3.7530623509798793, 50.51521973801071], [-3.753048889719931, 50.51522280079697]]]}}, {"type": "Feature", "properties": {"type": "postcode-cell", "postcode": "TQ13 7BJ", "postcodes": ["TQ13 7BJ"]}, "geometry": {"type": "Polygon", "coordinates": [[[-3.754262547872502, 50.52294096123866], [-3.7519974251125676, 50.52358918301538], [-3.7512723732795186, 50.523611544291036], [-3.7495924869775346, 50.52355510448575], [-3.749457564577126, 50.523495015218195], [-3.7492192469020753, 50.522499236519735], [-3.7497690523021925, 50.521845274928644], [-3.7543900687987133, 50.52200055534362], [-3.7545158817119697, 50.522690925401236], [-3.754262547872502, 50.52294096123866]]]}}, {"type": "Feature", "properties": {"type": "postcode-cell", "postcode": "TQ13 7DP", "postcodes": ["TQ13 7DP"]}, "geometry": {"type": "Polygon", "coordinates": [[[-3.753048889719931, 50.51522280079697], [-3.7526594097341004, 50.51551034839104], [-3.750888913224173, 50.51535488949609], [-3.7476845630625752, 50.514489220079895], [-3.750778289810004, 50.51317069272869], [-3.752922428757082, 50.51501861572978], [-3.753048889719931, 50.51522280079697]]]}}, {"type": "Feature", "properties": {"type": "postcode-cell", "postcode": "TQ13 7AL", "postcodes": ["TQ13 7AL"]}, "geometry": {"type": "Polygon", "coordinates": [[[-3.7523963193481182, 50.51693892906774], [-3.751862365467026, 50.51788533124811], [-3.751509830477208, 50.51790674477306], [-3.751226004391539, 50.517785789981], [-3.751332025519614, 50.51681378807198], [-3.7519473694948418, 50.51665246603687], [-3.7523963193481182, 50.51693892906774]]]}}, {"type": "Feature", "properties": {"type": "postcode-cell", "postcode": "TQ13 7BQ", "postcodes": ["TQ13 7BQ"]}, "geometry": {"type": "Polygon", "coordinates": [[[-3.7545923278517366, 50.52137364875324], [-3.7501255042706205, 50.520256005137306], [-3.7499866561144253, 50.519560080319096], [-3.7510937731045915, 50.5190488163893], [-3.75243246183477, 50.51954549212354], [-3.754799450567266, 50.521088777281065], [-3.7545923278517366, 50.52137364875324]]]}}, {"type": "Feature", "properties": {"type": "postcode-cell", "postcode": "TQ13 7NH", "postcodes": ["TQ13 7NH"]}, "geometry": {"type": "Polygon", "coordinates": [[[-3.751979040225987, 50.51657014048904], [-3.7519264382262216, 50.516461138484594], [-3.7526821628896014, 50.51554304096312], [-3.7532354635283145, 50.51610945067482], [-3.751979040225987, 50.51657014048904]]]}}, {"type": "Feature", "properties": {"type": "postcode-cell", "postcode": "TQ13 7BA", "postcodes": ["TQ13 7BA"]}, "geometry": {"type": "Polygon", "coordinates": [[[-3.752836688758302, 50.51797060375597], [-3.7524614104923115, 50.51799419695683], [-3.751862365467026, 50.51788533124811], [-3.7523963193481182, 50.51693892906774], [-3.753108375170612, 50.51696125488359], [-3.752836688758302, 50.51797060375597]]]}}, {"type": "Feature", "properties": {"type": "postcode-cell", "postcode": "TQ13 7AU", "postcodes": ["TQ13 7AU"]}, "geometry": {"type": "Polygon", "coordinates": [[[-3.7519473694948418, 50.51665246603687], [-3.751332025519614, 50.51681378807198], [-3.7491575318588275, 50.516117904005995], [-3.7468676560426295, 50.514657072822686], [-3.7476845630625752, 50.514489220079895], [-3.750888913224173, 50.51535488949609], [-3.7519264382262216, 50.516461138484594], [-3.751979040225987, 50.51657014048904], [-3.7519473694948418, 50.51665246603687]]]}}, {"type": "Feature", "properties": {"type": "postcode-cell", "postcode": "TQ13 7FJ", "postcodes": ["TQ13 7FJ"]}, "geometry": {"type": "Polygon", "coordinates": [[[-3.750888913224173, 50.51535488949609], [-3.7526594097341004, 50.51551034839104], [-3.7526821628896014, 50.51554304096312], [-3.7519264382262216, 50.516461138484594], [-3.750888913224173, 50.51535488949609]]]}}, {"type": "Feature", "properties": {"type": "postcode-cell", "postcode": "TQ13 7BG", "postcodes": ["TQ13 7BG"]}, "geometry": {"type": "Polygon", "coordinates": [[[-3.7524614104923115, 50.51799419695683], [-3.75243246183477, 50.51954549212354], [-3.7510937731045915, 50.5190488163893], [-3.7510866230586557, 50.519024200960786], [-3.751509830477208, 50.51790674477306], [-3.751862365467026, 50.51788533124811], [-3.7524614104923115, 50.51799419695683]]]}}, {"type": "Feature", "properties": {"type": "postcode-cell", "postcode": "TQ13 7FS", "postcodes": ["TQ13 7FS"]}, "geometry": {"type": "Polygon", "coordinates": [[[-3.7494379354518768, 50.52972384380013], [-3.7479397584610075, 50.5248498424642], [-3.749245006594161, 50.52435247365433], [-3.7497654808630982, 50.524737671608726], [-3.7503293936839803, 50.52560780098817], [-3.7494379354518768, 50.52972384380013]]]}}, {"type": "Feature", "properties": {"type": "postcode-cell", "postcode": "TQ13 7BE", "postcodes": ["TQ13 7BE"]}, "geometry": {"type": "Polygon", "coordinates": [[[-3.751509830477208, 50.51790674477306], [-3.7510866230586557, 50.519024200960786], [-3.749730047019905, 50.51840342666271], [-3.7507857875358455, 50.51774994725898], [-3.751226004391539, 50.517785789981], [-3.751509830477208, 50.51790674477306]]]}}, {"type": "Feature", "properties": {"type": "postcode-cell", "postcode": "TQ13 7AS", "postcodes": ["TQ13 7AS"]}, "geometry": {"type": "Polygon", "coordinates": [[[-3.7491575318588275, 50.516117904005995], [-3.75036792377872, 50.5175440121095], [-3.748797157592258, 50.51790546377973], [-3.746577146696233, 50.51721465998737], [-3.7453198488373096, 50.51472241030434], [-3.7468676560426295, 50.514657072822686], [-3.7491575318588275, 50.516117904005995]]]}}, {"type": "Feature", "properties": {"type": "postcode-cell", "postcode": "TQ13 7AT", "postcodes": ["TQ13 7AT"]}, "geometry": {"type": "Polygon", "coordinates": [[[-3.7491575318588275, 50.516117904005995], [-3.751332025519614, 50.51681378807198], [-3.751226004391539, 50.517785789981], [-3.7507857875358455, 50.51774994725898], [-3.75036792377872, 50.5175440121095], [-3.7491575318588275, 50.516117904005995]]]}}, {"type": "Feature", "properties": {"type": "postcode-cell", "postcode": "TQ13 7BH", "postcodes": ["TQ13 7BH"]}, "geometry": {"type": "Polygon", "coordinates": [[[-3.7545923278517366, 50.52137364875324], [-3.7543900687987133, 50.52200055534362], [-3.7497690523021925, 50.521845274928644], [-3.7493944179195093, 50.52160493655261], [-3.7491612599561552, 50.52069790592908], [-3.7501255042706205, 50.520256005137306], [-3.7545923278517366, 50.52137364875324]]]}}, {"type": "Feature", "properties": {"type": "postcode-cell", "postcode": "TQ13 7AJ", "postcodes": ["TQ13 7AJ"]}, "geometry": {"type": "Polygon", "coordinates": [[[-3.7507857875358455, 50.51774994725898], [-3.749730047019905, 50.51840342666271], [-3.749568503326483, 50.51841636967136], [-3.748797157592258, 50.51790546377973], [-3.75036792377872, 50.5175440121095], [-3.7507857875358455, 50.51774994725898]]]}}, {"type": "Feature", "properties": {"type": "postcode-cell", "postcode": "TQ13 7AN", "postcodes": ["TQ13 7AN"]}, "geometry": {"type": "Polygon", "coordinates": [[[-3.7510937731045915, 50.5190488163893], [-3.7499866561144253, 50.519560080319096], [-3.7494104390770326, 50.51937007116689], [-3.749255201344244, 50.51885103454035], [-3.749568503326483, 50.51841636967136], [-3.749730047019905, 50.51840342666271], [-3.7510866230586557, 50.519024200960786], [-3.7510937731045915, 50.5190488163893]]]}}, {"type": "Feature", "properties": {"type": "postcode-cell", "postcode": "TQ13 7FE", "postcodes": ["TQ13 7FE"]}, "geometry": {"type": "Polygon", "coordinates": [[[-3.7491612599561552, 50.52069790592908], [-3.748008617924483, 50.52038068614723], [-3.7479173866248163, 50.52032249499017], [-3.748144396473584, 50.519647077280645], [-3.7494104390770326, 50.51937007116689], [-3.7499866561144253, 50.519560080319096], [-3.7501255042706205, 50.520256005137306], [-3.7491612599561552, 50.52069790592908]]]}}, {"type": "Feature", "properties": {"type": "postcode-cell", "postcode": "TQ13 7FW", "postcodes": ["TQ13 7FW"]}, "geometry": {"type": "Polygon", "coordinates": [[[-3.7503293936839803, 50.52560780098817], [-3.7497654808630982, 50.524737671608726], [-3.7512723732795186, 50.523611544291036], [-3.7519974251125676, 50.52358918301538], [-3.7503293936839803, 50.52560780098817]]]}}, {"type": "Feature", "properties": {"type": "postcode-cell", "postcode": "TQ13 7FT", "postcodes": ["TQ13 7FT"]}, "geometry": {"type": "Polygon", "coordinates": [[[-3.7512723732795186, 50.523611544291036], [-3.7497654808630982, 50.524737671608726], [-3.749245006594161, 50.52435247365433], [-3.7495924869775346, 50.52355510448575], [-3.7512723732795186, 50.523611544291036]]]}}, {"type": "Feature", "properties": {"type": "postcode-cell", "postcode": "TQ13 7EY", "postcodes": ["TQ13 7EY"]}, "geometry": {"type": "Polygon", "coordinates": [[[-3.7543212978389073, 50.53700872447109], [-3.7533413352919998, 50.542286926737276], [-3.7455657813401206, 50.545674852435546], [-3.7416877239534787, 50.54308880040269], [-3.739774612257902, 50.53771276137827], [-3.7540978471103053, 50.53672072966592], [-3.7543212978389073, 50.53700872447109]]]}}, {"type": "Feature", "properties": {"type": "postcode-cell", "postcode": "TQ13 7AR", "postcodes": ["TQ13 7AR"]}, "geometry": {"type": "Polygon", "coordinates": [[[-3.749255201344244, 50.51885103454035], [-3.747080867087705, 50.518591883868304], [-3.7465950495428726, 50.518301287469605], [-3.746577146696233, 50.51721465998737], [-3.748797157592258, 50.51790546377973], [-3.749568503326483, 50.51841636967136], [-3.749255201344244, 50.51885103454035]]]}}, {"type": "Feature", "properties": {"type": "postcode-cell", "postcode": "TQ13 7BN", "postcodes": ["TQ13 7BN"]}, "geometry": {"type": "Polygon", "coordinates": [[[-3.7492192469020753, 50.522499236519735], [-3.7480519739163456, 50.522543752969554], [-3.7473885775146845, 50.52236312835401], [-3.747405005198077, 50.5218017398252], [-3.7476150322430906, 50.52171614265387], [-3.7493944179195093, 50.52160493655261], [-3.7497690523021925, 50.521845274928644], [-3.7492192469020753, 50.522499236519735]]]}}, {"type": "Feature", "properties": {"type": "postcode-cell", "postcode": "TQ13 7BT", "postcodes": ["TQ13 7BT"]}, "geometry": {"type": "Polygon", "coordinates": [[[-3.7495924869775346, 50.52355510448575], [-3.749245006594161, 50.52435247365433], [-3.7479397584610075, 50.5248498424642], [-3.7475831560855895, 50.52458010295624], [-3.7484377412686545, 50.52352889255675], [-3.749457564577126, 50.523495015218195], [-3.7495924869775346, 50.52355510448575]]]}}, {"type": "Feature", "properties": {"type": "postcode-cell", "postcode": "TQ13 7LB", "postcodes": ["TQ13 7LB"]}, "geometry": {"type": "Polygon", "coordinates": [[[-3.746577146696233, 50.51721465998737], [-3.7465950495428726, 50.518301287469605], [-3.745842205365457, 50.51903083338015], [-3.745259755798965, 50.51924345041042], [-3.742008394910376, 50.51877691488607], [-3.7393100620038107, 50.51370047668222], [-3.739796494716056, 50.513268785832196], [-3.7453198488373096, 50.51472241030434], [-3.746577146696233, 50.51721465998737]]]}}, {"type": "Feature", "properties": {"type": "postcode-cell", "postcode": "TQ13 7JR", "postcodes": ["TQ13 7JR"]}, "geometry": {"type": "Polygon", "coordinates": [[[-3.739796494716056, 50.513268785832196], [-3.7393100620038107, 50.51370047668222], [-3.738324888908303, 50.51421071748607], [-3.723934455113442, 50.51657774282204], [-3.725117138325996, 50.51003909586879], [-3.7373634996940703, 50.50613078669561], [-3.73739998998267, 50.5063399945701], [-3.739344268948344, 50.50704783437492], [-3.739796494716056, 50.513268785832196]]]}}, {"type": "Feature", "properties": {"type": "postcode-cell", "postcode": "TQ13 7AP", "postcodes": ["TQ13 7AP"]}, "geometry": {"type": "Polygon", "coordinates": [[[-3.748144396473584, 50.519647077280645], [-3.747080867087705, 50.518591883868304], [-3.749255201344244, 50.51885103454035], [-3.7494104390770326, 50.51937007116689], [-3.748144396473584, 50.519647077280645]]]}}, {"type": "Feature", "properties": {"type": "postcode-cell", "postcode": "TQ13 7BZ", "postcodes": ["TQ13 7BZ"]}, "geometry": {"type": "Polygon", "coordinates": [[[-3.748144396473584, 50.519647077280645], [-3.7479173866248163, 50.52032249499017], [-3.747896256044712, 50.52032392858236], [-3.746596379287732, 50.5200920186611], [-3.745842205365457, 50.51903083338015], [-3.7465950495428726, 50.518301287469605], [-3.747080867087705, 50.518591883868304], [-3.748144396473584, 50.519647077280645]]]}}, {"type": "Feature", "properties": {"type": "postcode-cell", "postcode": "TQ13 7FB", "postcodes": ["TQ13 7FB"]}, "geometry": {"type": "Polygon", "coordinates": [[[-3.748008617924483, 50.52038068614723], [-3.7476150322430906, 50.52171614265387], [-3.747405005198077, 50.5218017398252], [-3.747030198816841, 50.52166713542303], [-3.746713663895949, 50.52100819155475], [-3.747896256044712, 50.52032392858236], [-3.7479173866248163, 50.52032249499017], [-3.748008617924483, 50.52038068614723]]]}}, {"type": "Feature", "properties": {"type": "postcode-cell", "postcode": "TQ13 7BL", "postcodes": ["TQ13 7BL"]}, "geometry": {"type": "Polygon", "coordinates": [[[-3.749457564577126, 50.523495015218195], [-3.7484377412686545, 50.52352889255675], [-3.7483207726153376, 50.52348140917431], [-3.7480519739163456, 50.522543752969554], [-3.7492192469020753, 50.522499236519735], [-3.749457564577126, 50.523495015218195]]]}}, {"type": "Feature", "properties": {"type": "postcode-cell", "postcode": "TQ13 7BY", "postcodes": ["TQ13 7BY"]}, "geometry": {"type": "Polygon", "coordinates": [[[-3.7475831560855895, 50.52458010295624], [-3.7465886471673784, 50.52433073322307], [-3.746229500950031, 50.52403721021049], [-3.7470615453564857, 50.52330250953267], [-3.7483207726153376, 50.52348140917431], [-3.7484377412686545, 50.52352889255675], [-3.7475831560855895, 50.52458010295624]]]}}, {"type": "Feature", "properties": {"type": "postcode-cell", "postcode": "TQ13 7BS", "postcodes": ["TQ13 7BS"]}, "geometry": {"type": "Polygon", "coordinates": [[[-3.7480519739163456, 50.522543752969554], [-3.7483207726153376, 50.52348140917431], [-3.7470615453564857, 50.52330250953267], [-3.74690211756469, 50.52270828945871], [-3.7473885775146845, 50.52236312835401], [-3.7480519739163456, 50.522543752969554]]]}}, {"type": "Feature", "properties": {"type": "postcode-cell", "postcode": "TQ13 7DB", "postcodes": ["TQ13 7DB"]}, "geometry": {"type": "Polygon", "coordinates": [[[-3.7493944179195093, 50.52160493655261], [-3.7476150322430906, 50.52171614265387], [-3.748008617924483, 50.52038068614723], [-3.7491612599561552, 50.52069790592908], [-3.7493944179195093, 50.52160493655261]]]}}, {"type": "Feature", "properties": {"type": "postcode-cell", "postcode": "TQ13 7BX", "postcodes": ["TQ13 7BX"]}, "geometry": {"type": "Polygon", "coordinates": [[[-3.7473885775146845, 50.52236312835401], [-3.74690211756469, 50.52270828945871], [-3.74623752010608, 50.522643981556485], [-3.745984052263532, 50.52172502600498], [-3.747030198816841, 50.52166713542303], [-3.747405005198077, 50.5218017398252], [-3.7473885775146845, 50.52236312835401]]]}}, {"type": "Feature", "properties": {"type": "postcode-cell", "postcode": "TQ13 7QA", "postcodes": ["TQ13 7QA"]}, "geometry": {"type": "Polygon", "coordinates": [[[-3.746713663895949, 50.52100819155475], [-3.74637190069182, 50.52092480574637], [-3.745837353309729, 50.520575582354425], [-3.746596379287732, 50.5200920186611], [-3.747896256044712, 50.52032392858236], [-3.746713663895949, 50.52100819155475]]]}}, {"type": "Feature", "properties": {"type": "postcode-cell", "postcode": "TQ13 7LF", "postcodes": ["TQ13 7LF"]}, "geometry": {"type": "Polygon", "coordinates": [[[-3.74637190069182, 50.52092480574637], [-3.7455777635894223, 50.52164453661118], [-3.745006449024294, 50.521632166940606], [-3.744784950617477, 50.52153735857098], [-3.7444296652956397, 50.520645507027986], [-3.744453489278846, 50.520633413041665], [-3.745837353309729, 50.520575582354425], [-3.74637190069182, 50.52092480574637]]]}}, {"type": "Feature", "properties": {"type": "postcode-cell", "postcode": "TQ13 7FL", "postcodes": ["TQ13 7FL"]}, "geometry": {"type": "Polygon", "coordinates": [[[-3.745837353309729, 50.520575582354425], [-3.744453489278846, 50.520633413041665], [-3.745259755798965, 50.51924345041042], [-3.745842205365457, 50.51903083338015], [-3.746596379287732, 50.5200920186611], [-3.745837353309729, 50.520575582354425]]]}}, {"type": "Feature", "properties": {"type": "postcode-cell", "postcode": "TQ13 7BU", "postcodes": ["TQ13 7BU"]}, "geometry": {"type": "Polygon", "coordinates": [[[-3.7470615453564857, 50.52330250953267], [-3.746229500950031, 50.52403721021049], [-3.7441044155838945, 50.52373603377687], [-3.7453469431159667, 50.522762753700206], [-3.74623752010608, 50.522643981556485], [-3.74690211756469, 50.52270828945871], [-3.7470615453564857, 50.52330250953267]]]}}, {"type": "Feature", "properties": {"type": "postcode-cell", "postcode": "TQ13 7DA", "postcodes": ["TQ13 7DA"]}, "geometry": {"type": "Polygon", "coordinates": [[[-3.747030198816841, 50.52166713542303], [-3.745984052263532, 50.52172502600498], [-3.7455777635894223, 50.52164453661118], [-3.74637190069182, 50.52092480574637], [-3.746713663895949, 50.52100819155475], [-3.747030198816841, 50.52166713542303]]]}}, {"type": "Feature", "properties": {"type": "postcode-cell", "postcode": "TQ13 7BP", "postcodes": ["TQ13 7BP"]}, "geometry": {"type": "Polygon", "coordinates": [[[-3.744784950617477, 50.52153735857098], [-3.745006449024294, 50.521632166940606], [-3.7453469431159667, 50.522762753700206], [-3.7441044155838945, 50.52373603377687], [-3.743569830399815, 50.52382375932753], [-3.7431145360214404, 50.52297891541318], [-3.743443372630499, 50.52222274659809], [-3.744784950617477, 50.52153735857098]]]}}, {"type": "Feature", "properties": {"type": "postcode-cell", "postcode": "TQ13 7LD", "postcodes": ["TQ13 7LD"]}, "geometry": {"type": "Polygon", "coordinates": [[[-3.743443372630499, 50.52222274659809], [-3.7416936331820065, 50.52050957230215], [-3.7419172823294073, 50.52034058014611], [-3.7444296652956397, 50.520645507027986], [-3.744784950617477, 50.52153735857098], [-3.743443372630499, 50.52222274659809]]]}}, {"type": "Feature", "properties": {"type": "postcode-cell", "postcode": "TQ13 7EW", "postcodes": ["TQ13 7EW"]}, "geometry": {"type": "Polygon", "coordinates": [[[-3.7465886471673784, 50.52433073322307], [-3.744834448260706, 50.52693346763809], [-3.7419093299773425, 50.52544417280232], [-3.743569830399815, 50.52382375932753], [-3.7441044155838945, 50.52373603377687], [-3.746229500950031, 50.52403721021049], [-3.7465886471673784, 50.52433073322307]]]}}, {"type": "Feature", "properties": {"type": "postcode-cell", "postcode": "TQ13 7BW", "postcodes": ["TQ13 7BW"]}, "geometry": {"type": "Polygon", "coordinates": [[[-3.7453469431159667, 50.522762753700206], [-3.745006449024294, 50.521632166940606], [-3.7455777635894223, 50.52164453661118], [-3.745984052263532, 50.52172502600498], [-3.74623752010608, 50.522643981556485], [-3.7453469431159667, 50.522762753700206]]]}}, {"type": "Feature", "properties": {"type": "postcode-cell", "postcode": "TQ13 7LG", "postcodes": ["TQ13 7LG"]}, "geometry": {"type": "Polygon", "coordinates": [[[-3.7431145360214404, 50.52297891541318], [-3.741630485400826, 50.522417685915386], [-3.740356085807876, 50.52107209625297], [-3.7416936331820065, 50.52050957230215], [-3.743443372630499, 50.52222274659809], [-3.7431145360214404, 50.52297891541318]]]}}, {"type": "Feature", "properties": {"type": "postcode-cell", "postcode": "TQ13 7ES", "postcodes": ["TQ13 7ES"]}, "geometry": {"type": "Polygon", "coordinates": [[[-3.7488417697811864, 50.529921837612505], [-3.7411890323136174, 50.53220506335372], [-3.732751880551729, 50.52753689593993], [-3.733125202678514, 50.52651580867943], [-3.7357133007552354, 50.52570675535712], [-3.7368528009912234, 50.52560996652069], [-3.7419093299773425, 50.52544417280232], [-3.744834448260706, 50.52693346763809], [-3.7488417697811864, 50.529921837612505]]]}}, {"type": "Feature", "properties": {"type": "postcode-cell", "postcode": "TQ13 7UP", "postcodes": ["TQ13 7UP"]}, "geometry": {"type": "Polygon", "coordinates": [[[-3.743569830399815, 50.52382375932753], [-3.7419093299773425, 50.52544417280232], [-3.7368528009912234, 50.52560996652069], [-3.741630485400826, 50.522417685915386], [-3.7431145360214404, 50.52297891541318], [-3.743569830399815, 50.52382375932753]]]}}, {"type": "Feature", "properties": {"type": "postcode-cell", "postcode": "TQ13 7FF", "postcodes": ["TQ13 7FF"]}, "geometry": {"type": "Polygon", "coordinates": [[[-3.7444296652956397, 50.520645507027986], [-3.7419172823294073, 50.52034058014611], [-3.742008394910376, 50.51877691488607], [-3.745259755798965, 50.51924345041042], [-3.744453489278846, 50.520633413041665], [-3.7444296652956397, 50.520645507027986]]]}}, {"type": "Feature", "properties": {"type": "postcode-cell", "postcode": "TQ13 7JZ", "postcodes": ["TQ13 7JZ"]}, "geometry": {"type": "Polygon", "coordinates": [[[-3.740356085807876, 50.52107209625297], [-3.7393400720049783, 50.521176200528856], [-3.736393353584832, 50.51909989019814], [-3.738324888908303, 50.51421071748607], [-3.7393100620038107, 50.51370047668222], [-3.742008394910376, 50.51877691488607], [-3.7419172823294073, 50.52034058014611], [-3.7416936331820065, 50.52050957230215], [-3.740356085807876, 50.52107209625297]]]}}, {"type": "Feature", "properties": {"type": "postcode-cell", "postcode": "TQ13 7LQ", "postcodes": ["TQ13 7LQ"]}, "geometry": {"type": "Polygon", "coordinates": [[[-3.741630485400826, 50.522417685915386], [-3.7368528009912234, 50.52560996652069], [-3.7357133007552354, 50.52570675535712], [-3.7393400720049783, 50.521176200528856], [-3.740356085807876, 50.52107209625297], [-3.741630485400826, 50.522417685915386]]]}}, {"type": "Feature", "properties": {"type": "postcode-cell", "postcode": "TQ13 7ET", "postcodes": ["TQ13 7ET"]}, "geometry": {"type": "Polygon", "coordinates": [[[-3.739530125296269, 50.537529872568896], [-3.732116815754356, 50.53735454806062], [-3.727736561222169, 50.53429883441457], [-3.727272009321997, 50.53037927247926], [-3.732751880551729, 50.52753689593993], [-3.7411890323136174, 50.53220506335372], [-3.739530125296269, 50.537529872568896]]]}}, {"type": "Feature", "properties": {"type": "postcode-cell", "postcode": "TQ12 6LQ", "postcodes": ["TQ12 6LQ"]}, "geometry": {"type": "Polygon", "coordinates": [[[-3.739774612257902, 50.53771276137827], [-3.7416877239534787, 50.54308880040269], [-3.7252215124919434, 50.545792467031056], [-3.7255078718906796, 50.54475067427142], [-3.732116815754356, 50.53735454806062], [-3.739530125296269, 50.537529872568896], [-3.739774612257902, 50.53771276137827]]]}}, {"type": "Feature", "properties": {"type": "postcode-cell", "postcode": "TQ13 7SA", "postcodes": ["TQ13 7SA"]}, "geometry": {"type": "Polygon", "coordinates": [[[-3.7357133007552354, 50.52570675535712], [-3.733125202678514, 50.52651580867943], [-3.729925907297308, 50.52246867277131], [-3.736393353584832, 50.51909989019814], [-3.7393400720049783, 50.521176200528856], [-3.7357133007552354, 50.52570675535712]]]}}, {"type": "Feature", "properties": {"type": "postcode-cell", "postcode": "TQ13 7JY", "postcodes": ["TQ13 7JY"]}, "geometry": {"type": "Polygon", "coordinates": [[[-3.736393353584832, 50.51909989019814], [-3.729925907297308, 50.52246867277131], [-3.721732056100883, 50.51831930676738], [-3.723934455113442, 50.51657774282204], [-3.738324888908303, 50.51421071748607], [-3.736393353584832, 50.51909989019814]]]}}, {"type": "Feature", "properties": {"type": "postcode-cell", "postcode": "TQ13 7LJ", "postcodes": ["TQ13 7LJ"]}, "geometry": {"type": "Polygon", "coordinates": [[[-3.733125202678514, 50.52651580867943], [-3.732751880551729, 50.52753689593993], [-3.727272009321997, 50.53037927247926], [-3.7255808143746014, 50.53008173987963], [-3.715522539963038, 50.52543870724555], [-3.716769989960972, 50.52440999458454], [-3.7231799899664737, 50.52141999458208], [-3.7207999899656237, 50.52000999458104], [-3.719779989965128, 50.519679994580805], [-3.718939989964531, 50.51980999458093], [-3.7183783539856776, 50.51947107644296], [-3.720552488394573, 50.518501343733845], [-3.721732056100883, 50.51831930676738], [-3.729925907297308, 50.52246867277131], [-3.733125202678514, 50.52651580867943]]]}}, {"type": "Feature", "properties": {"type": "postcode-cell", "postcode": "TQ12 6LH", "postcodes": ["TQ12 6LH"]}, "geometry": {"type": "Polygon", "coordinates": [[[-3.7142370405986993, 50.54733584182668], [-3.711790340749114, 50.53943529485595], [-3.712019568398959, 50.538263026296896], [-3.7166980242283745, 50.53656033861393], [-3.720938230424073, 50.53701065638752], [-3.7255078718906796, 50.54475067427142], [-3.7252215124919434, 50.545792467031056], [-3.722405450603302, 50.54866674049512], [-3.7204899899519526, 50.54854999460326], [-3.7157664577301928, 50.548671922241994], [-3.7142370405986993, 50.54733584182668]]]}}, {"type": "Feature", "properties": {"type": "postcode-cell", "postcode": "TQ13 7JS", "postcodes": ["TQ13 7JS"]}, "geometry": {"type": "Polygon", "coordinates": [[[-3.721732056100883, 50.51831930676738], [-3.720552488394573, 50.518501343733845], [-3.7197494413519707, 50.517555257225766], [-3.7198699899662655, 50.517389994579034], [-3.7194199899664957, 50.51629999457818], [-3.7187686127392645, 50.51639966251967], [-3.7125401806327893, 50.5090598949642], [-3.715617555977189, 50.505275243115165], [-3.725117138325996, 50.51003909586879], [-3.723934455113442, 50.51657774282204], [-3.721732056100883, 50.51831930676738]]]}}, {"type": "Feature", "properties": {"type": "postcode-cell", "postcode": "TQ13 7EX", "postcodes": ["TQ13 7EX"]}, "geometry": {"type": "Polygon", "coordinates": [[[-3.732116815754356, 50.53735454806062], [-3.7255078718906796, 50.54475067427142], [-3.720938230424073, 50.53701065638752], [-3.727736561222169, 50.53429883441457], [-3.732116815754356, 50.53735454806062]]]}}, {"type": "Feature", "properties": {"type": "postcode-cell", "postcode": "TQ13 7LN", "postcodes": ["TQ13 7LN"]}, "geometry": {"type": "Polygon", "coordinates": [[[-3.7125401806327893, 50.5090598949642], [-3.7032310456665445, 50.512376173860495], [-3.6974499899552065, 50.51057999457419], [-3.6962197923680016, 50.509514538835255], [-3.698898427284125, 50.499851794748515], [-3.7021099899623953, 50.50165999456718], [-3.706769989965119, 50.50216999456748], [-3.7106099899669522, 50.50345999456841], [-3.7143899899690997, 50.50400999456877], [-3.715492628098223, 50.504113836033376], [-3.715617555977189, 50.505275243115165], [-3.7125401806327893, 50.5090598949642]]]}}, {"type": "Feature", "properties": {"type": "postcode-cell", "postcode": "TQ13 7EU", "postcodes": ["TQ13 7EU"]}, "geometry": {"type": "Polygon", "coordinates": [[[-3.727736561222169, 50.53429883441457], [-3.720938230424073, 50.53701065638752], [-3.7166980242283745, 50.53656033861393], [-3.717091890679508, 50.53323139084555], [-3.7255808143746014, 50.53008173987963], [-3.727272009321997, 50.53037927247926], [-3.727736561222169, 50.53429883441457]]]}}, {"type": "Feature", "properties": {"type": "postcode-cell", "postcode": "TQ13 7LH", "postcodes": ["TQ13 7LH"]}, "geometry": {"type": "Polygon", "coordinates": [[[-3.717091890679508, 50.53323139084555], [-3.710691995607914, 50.52840037437371], [-3.711532677893848, 50.526681583211754], [-3.7129799899572853, 50.5270999945867], [-3.713519989957634, 50.527089994586696], [-3.715522539963038, 50.52543870724555], [-3.7255808143746014, 50.53008173987963], [-3.717091890679508, 50.53323139084555]]]}}, {"type": "Feature", "properties": {"type": "postcode-cell", "postcode": "TQ12 6JS", "postcodes": ["TQ12 6JS"]}, "geometry": {"type": "Polygon", "coordinates": [[[-3.7142370405986993, 50.54733584182668], [-3.701527499660927, 50.54444686566429], [-3.7018338578125296, 50.542163180864556], [-3.7018647983341313, 50.54213439769702], [-3.7044124348652145, 50.54032789637468], [-3.711790340749114, 50.53943529485595], [-3.7142370405986993, 50.54733584182668]]]}}, {"type": "Feature", "properties": {"type": "postcode-cell", "postcode": "TQ12 6PD", "postcodes": ["TQ12 6PD"]}, "geometry": {"type": "Polygon", "coordinates": [[[-3.710691995607914, 50.52840037437371], [-3.709240301344289, 50.529534062692605], [-3.6967859161308794, 50.5293734488637], [-3.6906469369408628, 50.524668490139774], [-3.690246898190877, 50.52365745710035], [-3.69205998994498, 50.524939994585445], [-3.6969399899478157, 50.52550999458579], [-3.70503998995293, 50.52559999458567], [-3.7076599899543075, 50.52621999458614], [-3.7108699899562283, 50.5264899945863], [-3.711532677893848, 50.526681583211754], [-3.710691995607914, 50.52840037437371]]]}}, {"type": "Feature", "properties": {"type": "postcode-cell", "postcode": "TQ12 6LJ", "postcodes": ["TQ12 6LJ"]}, "geometry": {"type": "Polygon", "coordinates": [[[-3.7166980242283745, 50.53656033861393], [-3.712019568398959, 50.538263026296896], [-3.709358191692469, 50.53646770304925], [-3.7073676384742256, 50.533884268876506], [-3.7071878966532488, 50.533444758650134], [-3.709240301344289, 50.529534062692605], [-3.710691995607914, 50.52840037437371], [-3.717091890679508, 50.53323139084555], [-3.7166980242283745, 50.53656033861393]]]}}, {"type": "Feature", "properties": {"type": "postcode-cell", "postcode": "TQ13 7JT", "postcodes": ["TQ13 7JT"]}, "geometry": {"type": "MultiPolygon", "coordinates": [[[[-3.7183783539856776, 50.51947107644296], [-3.7183599899643256, 50.51945999458067], [-3.7197494413519707, 50.517555257225766], [-3.720552488394573, 50.518501343733845], [-3.7183783539856776, 50.51947107644296]]], [[[-3.7125401806327893, 50.5090598949642], [-3.7187686127392645, 50.51639966251967], [-3.7175899899651954, 50.51657999457845], [-3.7138299899621896, 50.51786999457952], [-3.7122499899613293, 50.517559994579315], [-3.7102099899610548, 50.51538999457767], [-3.7062499899592196, 50.513929994576614], [-3.704369989958592, 50.512729994575714], [-3.7032310456665445, 50.512376173860495], [-3.7125401806327893, 50.5090598949642]]]]}}, {"type": "Feature", "properties": {"type": "postcode-cell", "postcode": "TQ12 6US", "postcodes": ["TQ12 6US"]}, "geometry": {"type": "Polygon", "coordinates": [[[-3.709358191692469, 50.53646770304925], [-3.712019568398959, 50.538263026296896], [-3.711790340749114, 50.53943529485595], [-3.7044124348652145, 50.54032789637468], [-3.7036102090109715, 50.53964239537653], [-3.704190807744702, 50.53802548103465], [-3.7048211340665254, 50.53749844333026], [-3.709358191692469, 50.53646770304925]]]}}, {"type": "Feature", "properties": {"type": "postcode-cell", "postcode": "TQ12 6LL", "postcodes": ["TQ12 6LL"]}, "geometry": {"type": "Polygon", "coordinates": [[[-3.7048211340665254, 50.53749844333026], [-3.7000067884582455, 50.53711191692154], [-3.7073676384742256, 50.533884268876506], [-3.709358191692469, 50.53646770304925], [-3.7048211340665254, 50.53749844333026]]]}}, {"type": "Feature", "properties": {"type": "postcode-cell", "postcode": "TQ12 6EG", "postcodes": ["TQ12 6EG"]}, "geometry": {"type": "Polygon", "coordinates": [[[-3.6835683404643857, 50.504042587931856], [-3.6790699899469024, 50.50345999456904], [-3.6739099899445247, 50.50156999456768], [-3.674219989945428, 50.50007999456653], [-3.6734399899451042, 50.49971999456625], [-3.6740399899457645, 50.499129994565806], [-3.674129989946226, 50.49827999456514], [-3.676219989948549, 50.49617999456346], [-3.677859989949602, 50.496149994563396], [-3.6780999899503004, 50.4949999945625], [-3.6788299899505987, 50.495349994562766], [-3.6793099899510207, 50.495099994562565], [-3.679379989951783, 50.49358999456138], [-3.680769989953091, 50.49268999456066], [-3.6863599899554194, 50.495259994562545], [-3.689929989957407, 50.49584999456292], [-3.692699989958491, 50.49726999456398], [-3.695249989960095, 50.497309994563935], [-3.697509989960697, 50.499069994565275], [-3.6981609776996036, 50.49943655756386], [-3.6835683404643857, 50.504042587931856]]]}}, {"type": "Feature", "properties": {"type": "postcode-cell", "postcode": "TQ12 6JR", "postcodes": ["TQ12 6JR"]}, "geometry": {"type": "Polygon", "coordinates": [[[-3.701774545725881, 50.53886447139743], [-3.704190807744702, 50.53802548103465], [-3.7036102090109715, 50.53964239537653], [-3.701774545725881, 50.53886447139743]]]}}, {"type": "Feature", "properties": {"type": "postcode-cell", "postcode": "TQ12 6JQ", "postcodes": ["TQ12 6JQ"]}, "geometry": {"type": "Polygon", "coordinates": [[[-3.7036102090109715, 50.53964239537653], [-3.7044124348652145, 50.54032789637468], [-3.7018647983341313, 50.54213439769702], [-3.7015805591822435, 50.53883020660602], [-3.701774545725881, 50.53886447139743], [-3.7036102090109715, 50.53964239537653]]]}}, {"type": "Feature", "properties": {"type": "postcode-cell", "postcode": "TQ12 6PG", "postcodes": ["TQ12 6PG"]}, "geometry": {"type": "Polygon", "coordinates": [[[-3.7071878966532488, 50.533444758650134], [-3.6982895765280577, 50.53309606300731], [-3.6967859161308794, 50.5293734488637], [-3.709240301344289, 50.529534062692605], [-3.7071878966532488, 50.533444758650134]]]}}, {"type": "Feature", "properties": {"type": "postcode-cell", "postcode": "TQ12 6JP", "postcodes": ["TQ12 6JP"]}, "geometry": {"type": "Polygon", "coordinates": [[[-3.704190807744702, 50.53802548103465], [-3.701774545725881, 50.53886447139743], [-3.7015805591822435, 50.53883020660602], [-3.6978906119959842, 50.53745153346091], [-3.7000067884582455, 50.53711191692154], [-3.7048211340665254, 50.53749844333026], [-3.704190807744702, 50.53802548103465]]]}}, {"type": "Feature", "properties": {"type": "postcode-cell", "postcode": "TQ12 6PQ", "postcodes": ["TQ12 6PQ"]}, "geometry": {"type": "Polygon", "coordinates": [[[-3.7000067884582455, 50.53711191692154], [-3.6978906119959842, 50.53745153346091], [-3.6978130563455176, 50.5374471196621], [-3.6973177989353245, 50.53726807082209], [-3.6957377171867627, 50.53627491132144], [-3.6982895765280577, 50.53309606300731], [-3.7071878966532488, 50.533444758650134], [-3.7073676384742256, 50.533884268876506], [-3.7000067884582455, 50.53711191692154]]]}}, {"type": "Feature", "properties": {"type": "postcode-cell", "postcode": "TQ12 6EQ", "postcodes": ["TQ12 6EQ"]}, "geometry": {"type": "Polygon", "coordinates": [[[-3.6981609776996036, 50.49943655756386], [-3.698898427284125, 50.499851794748515], [-3.6962197923680016, 50.509514538835255], [-3.6950599899546686, 50.50850999457263], [-3.6873399899513437, 50.50516999457018], [-3.683779989949604, 50.50406999456941], [-3.6835683404643857, 50.504042587931856], [-3.6981609776996036, 50.49943655756386]]]}}, {"type": "Feature", "properties": {"type": "postcode-cell", "postcode": "TQ12 6UX", "postcodes": ["TQ12 6UX"]}, "geometry": {"type": "Polygon", "coordinates": [[[-3.6973177989353245, 50.53726807082209], [-3.695611297613219, 50.540742428432885], [-3.690991867393207, 50.54153709592978], [-3.6860455668239753, 50.53969466942253], [-3.694344536764034, 50.53635717930266], [-3.6957377171867627, 50.53627491132144], [-3.6973177989353245, 50.53726807082209]]]}}, {"type": "Feature", "properties": {"type": "postcode-cell", "postcode": "TQ12 6JU", "postcodes": ["TQ12 6JU"]}, "geometry": {"type": "Polygon", "coordinates": [[[-3.6978130563455176, 50.5374471196621], [-3.698985909244131, 50.53996700517893], [-3.6968474343776236, 50.541925061472305], [-3.695611297613219, 50.540742428432885], [-3.6973177989353245, 50.53726807082209], [-3.6978130563455176, 50.5374471196621]]]}}, {"type": "Feature", "properties": {"type": "postcode-cell", "postcode": "TQ12 6JT", "postcodes": ["TQ12 6JT"]}, "geometry": {"type": "Polygon", "coordinates": [[[-3.7018647983341313, 50.54213439769702], [-3.7018338578125296, 50.542163180864556], [-3.698985909244131, 50.53996700517893], [-3.6978130563455176, 50.5374471196621], [-3.6978906119959842, 50.53745153346091], [-3.7015805591822435, 50.53883020660602], [-3.7018647983341313, 50.54213439769702]]]}}, {"type": "Feature", "properties": {"type": "postcode-cell", "postcode": "TQ12 6JY", "postcodes": ["TQ12 6JY"]}, "geometry": {"type": "Polygon", "coordinates": [[[-3.6860455668239753, 50.53969466942253], [-3.690991867393207, 50.54153709592978], [-3.696804380140385, 50.5455082897112], [-3.6927468192244626, 50.5500330861705], [-3.6907099899334166, 50.547559994603034], [-3.688999989932392, 50.54741999460297], [-3.687939989932011, 50.54679999460249], [-3.687019989931911, 50.54576999460172], [-3.6850033514657876, 50.53977883361814], [-3.6860455668239753, 50.53969466942253]]]}}, {"type": "Feature", "properties": {"type": "postcode-cell", "postcode": "TQ12 6JX", "postcodes": ["TQ12 6JX"]}, "geometry": {"type": "Polygon", "coordinates": [[[-3.696804380140385, 50.5455082897112], [-3.690991867393207, 50.54153709592978], [-3.695611297613219, 50.540742428432885], [-3.6968474343776236, 50.541925061472305], [-3.69742602319886, 50.545245281516145], [-3.696804380140385, 50.5455082897112]]]}}, {"type": "Feature", "properties": {"type": "postcode-cell", "postcode": "TQ12 6JZ", "postcodes": ["TQ12 6JZ"]}, "geometry": {"type": "Polygon", "coordinates": [[[-3.701527499660927, 50.54444686566429], [-3.69742602319886, 50.545245281516145], [-3.6968474343776236, 50.541925061472305], [-3.698985909244131, 50.53996700517893], [-3.7018338578125296, 50.542163180864556], [-3.701527499660927, 50.54444686566429]]]}}, {"type": "Feature", "properties": {"type": "postcode-cell", "postcode": "TQ12 6NZ", "postcodes": ["TQ12 6NZ"]}, "geometry": {"type": "Polygon", "coordinates": [[[-3.6957377171867627, 50.53627491132144], [-3.694344536764034, 50.53635717930266], [-3.688202530525682, 50.53114958951755], [-3.6906469369408628, 50.524668490139774], [-3.6967859161308794, 50.5293734488637], [-3.6982895765280577, 50.53309606300731], [-3.6957377171867627, 50.53627491132144]]]}}, {"type": "Feature", "properties": {"type": "postcode-cell", "postcode": "TQ12 6JW", "postcodes": ["TQ12 6JW"]}, "geometry": {"type": "Polygon", "coordinates": [[[-3.6860455668239753, 50.53969466942253], [-3.6850033514657876, 50.53977883361814], [-3.6849599899334957, 50.539649994597006], [-3.6817199899320046, 50.53844999459614], [-3.6812486535164344, 50.5379430864303], [-3.6827534197436465, 50.53490414611451], [-3.688202530525682, 50.53114958951755], [-3.694344536764034, 50.53635717930266], [-3.6860455668239753, 50.53969466942253]]]}}, {"type": "Feature", "properties": {"type": "postcode-cell", "postcode": "TQ12 6NX", "postcodes": ["TQ12 6NX"]}, "geometry": {"type": "Polygon", "coordinates": [[[-3.6827534197436465, 50.53490414611451], [-3.6812486535164344, 50.5379430864303], [-3.6811899899319362, 50.537879994595706], [-3.679079989931047, 50.53691999459501], [-3.678269989930986, 50.535959994594265], [-3.6781299899314277, 50.53483999459341], [-3.676899989930442, 50.53526999459375], [-3.6746499899292577, 50.5347499945934], [-3.6729299899279564, 50.53518999459377], [-3.67066998992668, 50.534849994593564], [-3.670149989926278, 50.53499999459368], [-3.6699899899262745, 50.53478999459354], [-3.668969989925481, 50.53509999459379], [-3.6678199899249653, 50.534649994593444], [-3.665839989923579, 50.53491999459371], [-3.665119989923282, 50.53457999459345], [-3.6655199899238444, 50.53392999459294], [-3.6671299899253222, 50.53296999459215], [-3.6686899899264507, 50.53267999459193], [-3.670659989928102, 50.53183999459122], [-3.6712899899289004, 50.530999994590545], [-3.672529989930028, 50.530279994589975], [-3.6724899899301557, 50.52995999458973], [-3.673329989930741, 50.529849994589604], [-3.676599989933754, 50.527879994588034], [-3.677169831342557, 50.527718832108775], [-3.6827534197436465, 50.53490414611451]]]}}, {"type": "Feature", "properties": {"type": "postcode-cell", "postcode": "TQ12 6NY", "postcodes": ["TQ12 6NY"]}, "geometry": {"type": "Polygon", "coordinates": [[[-3.6906469369408628, 50.524668490139774], [-3.688202530525682, 50.53114958951755], [-3.6827534197436465, 50.53490414611451], [-3.677169831342557, 50.527718832108775], [-3.678579989935277, 50.52731999458755], [-3.67970998993657, 50.52610999458659], [-3.679929989937413, 50.52461999458542], [-3.6807399899382287, 50.52398999458492], [-3.682879989939963, 50.52319999458428], [-3.684819989942102, 50.521289994582744], [-3.688949989944042, 50.52273999458378], [-3.690246898190877, 50.52365745710035], [-3.6906469369408628, 50.524668490139774]]]}}]}