{"type": "FeatureCollection", "features": [{"type": "Feature", "properties": {"type": "ward-outline", "name": "Bere Ferrers"}, "geometry": {"type": "MultiPolygon", "coordinates": [[[[-4.19969, 50.45101], [-4.19999, 50.45009], [-4.20021, 50.45053], [-4.20022, 50.45083], [-4.19969, 50.45101]]], [[[-4.19684, 50.45171], [-4.19689, 50.45092], [-4.19797, 50.45063], [-4.19938, 50.4501], [-4.19975, 50.45033], [-4.19917, 50.45093], [-4.19956, 50.4511], [-4.20057, 50.45116], [-4.2006, 50.45152], [-4.19993, 50.45122], [-4.19744, 50.45176], [-4.19717, 50.45185], [-4.19684, 50.45171]]], [[[-4.19544, 50.45258], [-4.19527, 50.45156], [-4.19569, 50.45142], [-4.19576, 50.45068], [-4.19684, 50.45069], [-4.19622, 50.45101], [-4.19665, 50.45124], [-4.19611, 50.45127], [-4.19668, 50.45161], [-4.19654, 50.45198], [-4.19714, 50.45207], [-4.19664, 50.45257], [-4.19689, 50.45293], [-4.19663, 50.45278], [-4.19662, 50.45289], [-4.19663, 50.45298], [-4.19639, 50.45294], [-4.19634, 50.45271], [-4.19629, 50.45264], [-4.19621, 50.45257], [-4.19609, 50.45256], [-4.19604, 50.45276], [-4.19593, 50.45311], [-4.19544, 50.45258]]], [[[-4.19518, 50.45313], [-4.19543, 50.45267], [-4.19578, 50.45308], [-4.19518, 50.45313]]], [[[-4.19717, 50.45298], [-4.19707, 50.45245], [-4.19734, 50.45293], [-4.19868, 50.45301], [-4.19742, 50.45335], [-4.19717, 50.45298]]], [[[-4.19745, 50.4527], [-4.19724, 50.45188], [-4.19823, 50.45168], [-4.19805, 50.45201], [-4.19923, 50.45151], [-4.19884, 50.45201], [-4.19953, 50.45135], [-4.20038, 50.45152], [-4.20026, 50.45195], [-4.19931, 50.45237], [-4.20011, 50.45211], [-4.20002, 50.45242], [-4.20057, 50.45187], [-4.20044, 50.45357], [-4.19998, 50.45355], [-4.19904, 50.45316], [-4.19864, 50.45289], [-4.19745, 50.4527]]], [[[-4.19602, 50.45304], [-4.19605, 50.45294], [-4.1961, 50.4526], [-4.19623, 50.45262], [-4.19633, 50.4529], [-4.19641, 50.45298], [-4.19653, 50.45301], [-4.19664, 50.45301], [-4.19668, 50.45287], [-4.19681, 50.45296], [-4.1972, 50.45327], [-4.19588, 50.45379], [-4.19576, 50.45334], [-4.19567, 50.45321], [-4.19595, 50.45312], [-4.19602, 50.45304]]], [[[-4.2003, 50.55589], [-4.19508, 50.55411], [-4.19207, 50.554], [-4.18637, 50.5513], [-4.18493, 50.55129], [-4.18287, 50.55234], [-4.17997, 50.55261], [-4.17529, 50.55193], [-4.1734, 50.55281], [-4.17077, 50.55247], [-4.16872, 50.55288], [-4.16442, 50.55281], [-4.16476, 50.55082], [-4.16437, 50.55002], [-4.16399, 50.54996], [-4.16479, 50.54932], [-4.16491, 50.5485], [-4.16614, 50.54861], [-4.16587, 50.54657], [-4.16489, 50.54508], [-4.16553, 50.54504], [-4.16647, 50.54379], [-4.16662, 50.54325], [-4.16622, 50.54296], [-4.16666, 50.54288], [-4.16608, 50.54157], [-4.16461, 50.54005], [-4.16336, 50.54043], [-4.16308, 50.54013], [-4.1641, 50.53051], [-4.16446, 50.52974], [-4.1657, 50.52907], [-4.1642, 50.52837], [-4.16306, 50.52845], [-4.16181, 50.52897], [-4.16137, 50.52882], [-4.16092, 50.52924], [-4.15985, 50.52862], [-4.16127, 50.52792], [-4.1653, 50.5248], [-4.16537, 50.52408], [-4.16443, 50.52344], [-4.16499, 50.52142], [-4.16468, 50.52011], [-4.16412, 50.51961], [-4.1589, 50.51898], [-4.15807, 50.51846], [-4.1577, 50.51741], [-4.15898, 50.51522], [-4.16259, 50.51436], [-4.16428, 50.51227], [-4.16348, 50.51111], [-4.1623, 50.51127], [-4.16115, 50.51203], [-4.15986, 50.5123], [-4.15653, 50.51239], [-4.15349, 50.51197], [-4.15091, 50.51211], [-4.14992, 50.50971], [-4.15103, 50.50899], [-4.15519, 50.50907], [-4.15657, 50.50765], [-4.15685, 50.50699], [-4.15639, 50.50659], [-4.1526, 50.50513], [-4.15215, 50.50367], [-4.15398, 50.50144], [-4.15559, 50.50068], [-4.15748, 50.50037], [-4.15826, 50.49968], [-4.15956, 50.49758], [-4.15809, 50.49674], [-4.15793, 50.49628], [-4.15981, 50.49363], [-4.1596, 50.49305], [-4.15856, 50.4927], [-4.15762, 50.49282], [-4.15375, 50.49443], [-4.15262, 50.49452], [-4.15006, 50.49385], [-4.14849, 50.49258], [-4.14883, 50.49181], [-4.14792, 50.48939], [-4.148, 50.48767], [-4.14944, 50.48738], [-4.15066, 50.48653], [-4.1542, 50.48642], [-4.15749, 50.48723], [-4.1599, 50.48686], [-4.16036, 50.48648], [-4.15955, 50.48507], [-4.15686, 50.48285], [-4.15509, 50.48223], [-4.15257, 50.48202], [-4.15003, 50.48104], [-4.1483, 50.47985], [-4.14694, 50.4777], [-4.14475, 50.47739], [-4.14358, 50.47674], [-4.14402, 50.47512], [-4.14537, 50.4733], [-4.1481, 50.4716], [-4.15004, 50.46985], [-4.14989, 50.4689], [-4.1488, 50.46851], [-4.14868, 50.46788], [-4.15, 50.4668], [-4.15055, 50.46503], [-4.15081, 50.46484], [-4.15052, 50.46513], [-4.15121, 50.46547], [-4.15239, 50.46423], [-4.15366, 50.46408], [-4.15326, 50.46453], [-4.15553, 50.46373], [-4.15756, 50.46228], [-4.15784, 50.46132], [-4.15635, 50.4589], [-4.15868, 50.45642], [-4.16025, 50.45548], [-4.16202, 50.45531], [-4.16322, 50.4561], [-4.16394, 50.45613], [-4.16376, 50.4565], [-4.16337, 50.45647], [-4.16389, 50.45659], [-4.1633, 50.4571], [-4.16394, 50.45703], [-4.16395, 50.45638], [-4.16528, 50.45461], [-4.1686, 50.45219], [-4.16963, 50.45192], [-4.17022, 50.45114], [-4.16975, 50.45077], [-4.171, 50.45041], [-4.1716, 50.44952], [-4.17134, 50.44859], [-4.17315, 50.44618], [-4.17342, 50.44488], [-4.17462, 50.44408], [-4.17479, 50.44432], [-4.17574, 50.444], [-4.17532, 50.44374], [-4.17529, 50.44307], [-4.17665, 50.44055], [-4.17791, 50.43986], [-4.17846, 50.43897], [-4.18005, 50.43773], [-4.18091, 50.43732], [-4.18134, 50.43743], [-4.18358, 50.43598], [-4.18406, 50.43497], [-4.18465, 50.43482], [-4.18508, 50.43421], [-4.19083, 50.43525], [-4.19229, 50.43721], [-4.192, 50.43754], [-4.1924, 50.43801], [-4.19119, 50.44016], [-4.19134, 50.44087], [-4.19502, 50.44258], [-4.1983, 50.44475], [-4.19894, 50.44557], [-4.19818, 50.44635], [-4.19837, 50.44729], [-4.19959, 50.44846], [-4.1986, 50.44841], [-4.19801, 50.44845], [-4.1962, 50.44861], [-4.19719, 50.44721], [-4.19519, 50.44995], [-4.1958, 50.44936], [-4.19631, 50.4496], [-4.19582, 50.44934], [-4.19614, 50.4487], [-4.19767, 50.44862], [-4.19793, 50.44929], [-4.19775, 50.44856], [-4.19808, 50.44857], [-4.19788, 50.44876], [-4.19856, 50.44851], [-4.19861, 50.4485], [-4.19815, 50.44899], [-4.19868, 50.44868], [-4.19872, 50.44893], [-4.19892, 50.44853], [-4.19954, 50.44867], [-4.19995, 50.45005], [-4.19951, 50.45002], [-4.19927, 50.45004], [-4.1982, 50.45046], [-4.19753, 50.45007], [-4.19808, 50.45048], [-4.19738, 50.45064], [-4.19667, 50.45057], [-4.19617, 50.45058], [-4.19596, 50.45021], [-4.19601, 50.45058], [-4.19542, 50.45071], [-4.19476, 50.4502], [-4.19509, 50.45225], [-4.19471, 50.45325], [-4.19566, 50.45396], [-4.19497, 50.45412], [-4.19468, 50.45337], [-4.19362, 50.45429], [-4.19379, 50.45507], [-4.19455, 50.45542], [-4.19523, 50.45432], [-4.1984, 50.45338], [-4.1983, 50.45385], [-4.19855, 50.45342], [-4.19893, 50.45363], [-4.19815, 50.45428], [-4.19899, 50.45454], [-4.19862, 50.45392], [-4.19908, 50.45365], [-4.1991, 50.45435], [-4.19939, 50.45381], [-4.19978, 50.45399], [-4.1997, 50.45453], [-4.20002, 50.45403], [-4.20061, 50.45429], [-4.20037, 50.45459], [-4.20071, 50.45429], [-4.20104, 50.45444], [-4.20069, 50.4547], [-4.20115, 50.45446], [-4.20197, 50.45515], [-4.20164, 50.45537], [-4.20201, 50.45538], [-4.20245, 50.45641], [-4.20075, 50.45542], [-4.20418, 50.45797], [-4.20596, 50.45879], [-4.20908, 50.46232], [-4.21002, 50.46209], [-4.2092, 50.46244], [-4.2094, 50.4628], [-4.2101, 50.46324], [-4.2106, 50.46318], [-4.21053, 50.46389], [-4.2119, 50.46521], [-4.21302, 50.46574], [-4.21305, 50.46644], [-4.21582, 50.46832], [-4.21961, 50.46889], [-4.22268, 50.46806], [-4.22473, 50.46709], [-4.22582, 50.46529], [-4.22733, 50.46407], [-4.22771, 50.46153], [-4.2272, 50.45841], [-4.22843, 50.45739], [-4.23009, 50.45694], [-4.23234, 50.45695], [-4.23437, 50.45772], [-4.23595, 50.45895], [-4.23573, 50.45926], [-4.2353, 50.45903], [-4.23571, 50.45937], [-4.2361, 50.45921], [-4.23555, 50.4597], [-4.23584, 50.45989], [-4.23626, 50.4592], [-4.23677, 50.45945], [-4.23699, 50.46046], [-4.23642, 50.46051], [-4.23654, 50.46096], [-4.23708, 50.46061], [-4.23759, 50.46173], [-4.23726, 50.46231], [-4.23616, 50.46253], [-4.23496, 50.46394], [-4.23561, 50.46365], [-4.23568, 50.46412], [-4.2362, 50.46269], [-4.23742, 50.46231], [-4.23768, 50.46269], [-4.23726, 50.46436], [-4.2365, 50.46538], [-4.23399, 50.46524], [-4.23654, 50.46548], [-4.23554, 50.4665], [-4.2343, 50.4673], [-4.23371, 50.46727], [-4.23185, 50.46804], [-4.2312, 50.46861], [-4.222, 50.47267], [-4.21863, 50.47452], [-4.21806, 50.47404], [-4.21817, 50.47482], [-4.21781, 50.47505], [-4.21658, 50.47511], [-4.21623, 50.47541], [-4.2167, 50.47514], [-4.21751, 50.47517], [-4.21773, 50.4753], [-4.21686, 50.47716], [-4.21758, 50.48407], [-4.21933, 50.48578], [-4.21985, 50.48574], [-4.22158, 50.48694], [-4.22318, 50.48904], [-4.22299, 50.49004], [-4.22111, 50.49153], [-4.21995, 50.49304], [-4.22081, 50.49775], [-4.21965, 50.4979], [-4.21011, 50.49627], [-4.20757, 50.49536], [-4.20493, 50.49277], [-4.20373, 50.49217], [-4.20301, 50.49224], [-4.20289, 50.49183], [-4.20249, 50.4921], [-4.20087, 50.49195], [-4.1992, 50.49218], [-4.19897, 50.49178], [-4.1987, 50.49171], [-4.19813, 50.49141], [-4.1988, 50.49185], [-4.1988, 50.49227], [-4.1948, 50.49323], [-4.19321, 50.49505], [-4.19328, 50.49587], [-4.19491, 50.49787], [-4.19479, 50.49833], [-4.19353, 50.49872], [-4.1896, 50.49811], [-4.18509, 50.49956], [-4.18238, 50.49972], [-4.18038, 50.50098], [-4.18005, 50.50277], [-4.18087, 50.50437], [-4.18371, 50.50792], [-4.18539, 50.50849], [-4.18698, 50.50843], [-4.19011, 50.50768], [-4.1916, 50.50695], [-4.1923, 50.50618], [-4.19282, 50.50651], [-4.19235, 50.50605], [-4.19324, 50.50415], [-4.19427, 50.50302], [-4.19678, 50.50305], [-4.19948, 50.50267], [-4.20248, 50.50315], [-4.20299, 50.5051], [-4.20233, 50.50687], [-4.20158, 50.51339], [-4.20292, 50.5138], [-4.2079, 50.51329], [-4.20903, 50.51347], [-4.20952, 50.51426], [-4.20915, 50.51539], [-4.20709, 50.5172], [-4.20808, 50.51655], [-4.20643, 50.51807], [-4.20625, 50.52015], [-4.20725, 50.52191], [-4.21104, 50.52533], [-4.21212, 50.52884], [-4.2114, 50.53002], [-4.20703, 50.53276], [-4.20696, 50.53337], [-4.2082, 50.53376], [-4.20992, 50.53352], [-4.2133, 50.53453], [-4.2145, 50.53457], [-4.21892, 50.53204], [-4.22555, 50.52971], [-4.22674, 50.52976], [-4.22929, 50.53081], [-4.2323, 50.53102], [-4.23398, 50.53171], [-4.23681, 50.53417], [-4.24017, 50.54142], [-4.23821, 50.54237], [-4.23798, 50.54433], [-4.24008, 50.54727], [-4.23906, 50.54768], [-4.23729, 50.54925], [-4.23566, 50.54988], [-4.23126, 50.55028], [-4.2307, 50.54976], [-4.2296, 50.54943], [-4.22206, 50.55168], [-4.21725, 50.55378], [-4.21478, 50.55379], [-4.2003, 50.55589]]]]}}, {"type": "Feature", "properties": {"type": "postcode-cell", "postcode": "PL19 8PF", "postcodes": ["PL19 8PF"]}, "geometry": {"type": "Polygon", "coordinates": [[[-4.231150763339042, 50.54038714996603], [-4.227653182425811, 50.530136026792775], [-4.229289990292612, 50.53080999458026], [-4.232299990294527, 50.53101999458037], [-4.233979990295334, 50.53170999458088], [-4.236809990296117, 50.53416999458279], [-4.240169990295094, 50.54141999458847], [-4.238209990293354, 50.54236999458926], [-4.238206919638763, 50.542396162837015], [-4.231150763339042, 50.54038714996603]]]}}, {"type": "Feature", "properties": {"type": "postcode-cell", "postcode": "PL20 7BW", "postcodes": ["PL20 7BW"]}, "geometry": {"type": "Polygon", "coordinates": [[[-4.206178359023319, 50.47231535588072], [-4.208263144271297, 50.467824713201935], [-4.2150985953400335, 50.46783040456863], [-4.215819990311929, 50.468319994531285], [-4.21960999031419, 50.46888999453165], [-4.222679990316606, 50.46805999453096], [-4.22315213801334, 50.46783659472012], [-4.23232594042168, 50.46784296659475], [-4.231849990322713, 50.46803999453078], [-4.231199990322024, 50.46860999453122], [-4.221999990314065, 50.47266999453458], [-4.220421168270888, 50.47353673677317], [-4.206178359023319, 50.47231535588072]]]}}, {"type": "Feature", "properties": {"type": "postcode-cell", "postcode": "PL19 8PE", "postcodes": ["PL19 8PE"]}, "geometry": {"type": "Polygon", "coordinates": [[[-4.2288077373394986, 50.542989673035784], [-4.231150763339042, 50.54038714996603], [-4.238206919638763, 50.542396162837015], [-4.237979990292317, 50.54432999459081], [-4.240079990292396, 50.5472699945931], [-4.23937264690347, 50.54755432058851], [-4.2288077373394986, 50.542989673035784]]]}}, {"type": "Feature", "properties": {"type": "postcode-cell", "postcode": "PL19 8PB", "postcodes": ["PL19 8PB"]}, "geometry": {"type": "Polygon", "coordinates": [[[-4.2288077373394986, 50.542989673035784], [-4.2245953795800855, 50.546217395201964], [-4.2203641257423, 50.541365420186075], [-4.218554720675, 50.53615068313985], [-4.221938304185725, 50.53241072807389], [-4.226953807326621, 50.52984804087251], [-4.227653182425811, 50.530136026792775], [-4.231150763339042, 50.54038714996603], [-4.2288077373394986, 50.542989673035784]]]}}, {"type": "Feature", "properties": {"type": "postcode-cell", "postcode": "PL19 8PD", "postcodes": ["PL19 8PD"]}, "geometry": {"type": "Polygon", "coordinates": [[[-4.2245139051594895, 50.546433784516786], [-4.2245953795800855, 50.546217395201964], [-4.2288077373394986, 50.542989673035784], [-4.23937264690347, 50.54755432058851], [-4.239059990291529, 50.54767999459344], [-4.237289990289638, 50.54924999459473], [-4.235659990288263, 50.54987999459523], [-4.2312599902851415, 50.550279994595634], [-4.230699990285, 50.549759994595235], [-4.229599990284414, 50.54942999459499], [-4.226165308061766, 50.55045501947133], [-4.2245139051594895, 50.546433784516786]]]}}, {"type": "Feature", "properties": {"type": "postcode-cell", "postcode": "PL19 8NZ", "postcodes": ["PL19 8NZ"]}, "geometry": {"type": "Polygon", "coordinates": [[[-4.2245139051594895, 50.546433784516786], [-4.210525906325003, 50.54506544880475], [-4.2203641257423, 50.541365420186075], [-4.2245953795800855, 50.546217395201964], [-4.2245139051594895, 50.546433784516786]]]}}, {"type": "Feature", "properties": {"type": "postcode-cell", "postcode": "PL20 7EX", "postcodes": ["PL20 7EX"]}, "geometry": {"type": "Polygon", "coordinates": [[[-4.205703401291173, 50.48927298250332], [-4.210147874836458, 50.48166077114526], [-4.217306987810534, 50.48145020412708], [-4.217579990305955, 50.48406999454362], [-4.219329990306347, 50.48577999454494], [-4.219849990306711, 50.48573999454491], [-4.22157999030732, 50.48693999454581], [-4.223179990307432, 50.48903999454745], [-4.222989990306852, 50.490039994548226], [-4.221109990304928, 50.49152999454943], [-4.219949990303472, 50.49303999455065], [-4.220809990301912, 50.497749994554354], [-4.219649990301068, 50.497899994554466], [-4.2123685535623085, 50.4966559729], [-4.205703401291173, 50.48927298250332]]]}}, {"type": "Feature", "properties": {"type": "postcode-cell", "postcode": "PL19 8NY", "postcodes": ["PL19 8NY"]}, "geometry": {"type": "Polygon", "coordinates": [[[-4.226165308061766, 50.55045501947133], [-4.22205999027836, 50.55167999459688], [-4.217249990274201, 50.553779994598635], [-4.216643242453129, 50.55378245592384], [-4.211671385887004, 50.55122078325615], [-4.209674768484663, 50.54918412821276], [-4.208773789382505, 50.54529255332697], [-4.2090036217361195, 50.54505678520603], [-4.210525906325003, 50.54506544880475], [-4.2245139051594895, 50.546433784516786], [-4.226165308061766, 50.55045501947133]]]}}, {"type": "Feature", "properties": {"type": "postcode-cell", "postcode": "PL19 8JG", "postcodes": ["PL19 8JG"]}, "geometry": {"type": "MultiPolygon", "coordinates": [[[[-4.221938304185725, 50.53241072807389], [-4.2183311224973545, 50.532377086506045], [-4.218919990285137, 50.53203999458142], [-4.225549990290616, 50.52970999457947], [-4.226739990291385, 50.529759994579486], [-4.226953807326621, 50.52984804087251], [-4.221938304185725, 50.53241072807389]]], [[[-4.200551476249753, 50.52644064083489], [-4.1999965864995, 50.52203991622576], [-4.2068615104337805, 50.51657227393474], [-4.208226055378257, 50.51620182279446], [-4.207089990283966, 50.517199994569914], [-4.208079990284921, 50.51654999456936], [-4.206429990283132, 50.51806999457059], [-4.206249990282072, 50.52014999457224], [-4.207249990281941, 50.521909994573605], [-4.211039990282918, 50.52532999457625], [-4.212119990282049, 50.528839994579016], [-4.211399990281036, 50.53001999457994], [-4.2081726358569504, 50.53204359919259], [-4.200551476249753, 50.52644064083489]]]]}}, {"type": "Feature", "properties": {"type": "postcode-cell", "postcode": "PL19 8PA", "postcodes": ["PL19 8PA"]}, "geometry": {"type": "Polygon", "coordinates": [[[-4.210525906325003, 50.54506544880475], [-4.2090036217361195, 50.54505678520603], [-4.208844638823897, 50.540545179098544], [-4.218554720675, 50.53615068313985], [-4.2203641257423, 50.541365420186075], [-4.210525906325003, 50.54506544880475]]]}}, {"type": "Feature", "properties": {"type": "postcode-cell", "postcode": "PL20 7BP", "postcodes": ["PL20 7BP"]}, "geometry": {"type": "MultiPolygon", "coordinates": [[[[-4.22315213801334, 50.46783659472012], [-4.224729990318409, 50.467089994530134], [-4.225819990319949, 50.465289994528725], [-4.227329990321506, 50.46406999452774], [-4.227709990322909, 50.46152999452573], [-4.227199990323984, 50.458409994523294], [-4.2284299903252665, 50.45738999452245], [-4.230089990326572, 50.4569399945221], [-4.232339990328064, 50.45694999452203], [-4.234369990329065, 50.45771999452263], [-4.23594999032956, 50.45894999452355], [-4.235729990329272, 50.4592599945238], [-4.235299990329088, 50.45902999452363], [-4.235709990329207, 50.45936999452388], [-4.2360999903295395, 50.45920999452376], [-4.235549990328954, 50.459699994524144], [-4.23583999032906, 50.45988999452428], [-4.23625999032965, 50.459199994523736], [-4.2367699903298774, 50.45944999452392], [-4.236989990329565, 50.46045999452471], [-4.236419990329164, 50.46050999452476], [-4.236539990329039, 50.46095999452512], [-4.237079990329557, 50.46060999452483], [-4.23758999032939, 50.46172999452571], [-4.237259990328907, 50.46230999452618], [-4.236159990328075, 50.462529994526356], [-4.234959990326638, 50.46393999452748], [-4.2356099903272035, 50.46364999452726], [-4.235679990327039, 50.46411999452763], [-4.236199990328029, 50.46268999452647], [-4.237419990329013, 50.462309994526166], [-4.237679990329017, 50.46268999452646], [-4.237259990327979, 50.464359994527776], [-4.236499990327014, 50.46537999452861], [-4.233989990325405, 50.46523999452853], [-4.236539990326992, 50.46547999452868], [-4.235539990325865, 50.4664999945295], [-4.23429999032468, 50.467299994530144], [-4.233709990324301, 50.46726999453013], [-4.23232594042168, 50.46784296659475], [-4.22315213801334, 50.46783659472012]]], [[[-4.208263144271297, 50.467824713201935], [-4.208043406907554, 50.46728829324351], [-4.208839920095068, 50.46602428652883], [-4.211310319977061, 50.46464185623449], [-4.2118999903107355, 50.465209994528905], [-4.213019990311239, 50.465739994529315], [-4.213049990310942, 50.46643999452986], [-4.2150985953400335, 50.46783040456863], [-4.208263144271297, 50.467824713201935]]]]}}, {"type": "Feature", "properties": {"type": "postcode-cell", "postcode": "PL20 7BX", "postcodes": ["PL20 7BX"]}, "geometry": {"type": "Polygon", "coordinates": [[[-4.208263144271297, 50.467824713201935], [-4.206178359023319, 50.47231535588072], [-4.204359308638577, 50.473055565329936], [-4.197902974826995, 50.46371893759805], [-4.208043406907554, 50.46728829324351], [-4.208263144271297, 50.467824713201935]]]}}, {"type": "Feature", "properties": {"type": "postcode-cell", "postcode": "PL19 8NT", "postcodes": ["PL19 8NT"]}, "geometry": {"type": "Polygon", "coordinates": [[[-4.211671385887004, 50.55122078325615], [-4.216643242453129, 50.55378245592384], [-4.214779990272545, 50.553789994598695], [-4.203477070322255, 50.55542939979043], [-4.211671385887004, 50.55122078325615]]]}}, {"type": "Feature", "properties": {"type": "postcode-cell", "postcode": "PL20 7BN", "postcodes": ["PL20 7BN"]}, "geometry": {"type": "Polygon", "coordinates": [[[-4.220421168270888, 50.47353673677317], [-4.218629990310984, 50.474519994536095], [-4.218059990310823, 50.47403999453574], [-4.218169990310542, 50.47481999453634], [-4.217809990310199, 50.475049994536526], [-4.216579990309357, 50.475109994536595], [-4.216229990308985, 50.47540999453683], [-4.216699990309421, 50.47513999453662], [-4.217509990309946, 50.47516999453664], [-4.2177299903100325, 50.475299994536726], [-4.216859990308611, 50.477159994538205], [-4.217306987810534, 50.48145020412708], [-4.210147874836458, 50.48166077114526], [-4.205592194093468, 50.47991081557393], [-4.204330854671709, 50.47832862351562], [-4.202425085386262, 50.474390769408956], [-4.204359308638577, 50.473055565329936], [-4.206178359023319, 50.47231535588072], [-4.220421168270888, 50.47353673677317]]]}}, {"type": "Feature", "properties": {"type": "postcode-cell", "postcode": "PL19 8JF", "postcodes": ["PL19 8JF"]}, "geometry": {"type": "Polygon", "coordinates": [[[-4.218554720675, 50.53615068313985], [-4.208844638823897, 50.540545179098544], [-4.207682358800552, 50.53998115535834], [-4.204112574649568, 50.53573055616817], [-4.207073474668647, 50.533405688078965], [-4.20819999027721, 50.53375999458294], [-4.209919990278466, 50.53351999458273], [-4.213299990280262, 50.53452999458347], [-4.214499990281042, 50.534569994583485], [-4.2183311224973545, 50.532377086506045], [-4.221938304185725, 50.53241072807389], [-4.218554720675, 50.53615068313985]]]}}, {"type": "Feature", "properties": {"type": "postcode-cell", "postcode": "PL20 7BT", "postcodes": ["PL20 7BT"]}, "geometry": {"type": "Polygon", "coordinates": [[[-4.208043406907554, 50.46728829324351], [-4.197902974826995, 50.46371893759805], [-4.196599171018016, 50.46290693476085], [-4.205425200047126, 50.460345551968494], [-4.208839920095068, 50.46602428652883], [-4.208043406907554, 50.46728829324351]]]}}, {"type": "Feature", "properties": {"type": "postcode-cell", "postcode": "PL20 7BU", "postcodes": ["PL20 7BU"]}, "geometry": {"type": "MultiPolygon", "coordinates": [[[[-4.196599171018016, 50.46290693476085], [-4.191388153037314, 50.46254167039068], [-4.191186876946936, 50.4615239526908], [-4.194158043599348, 50.45523949403142], [-4.194549990303675, 50.455419994521556], [-4.1952299903046235, 50.45431999452067], [-4.198399990307155, 50.45337999451989], [-4.198299990306874, 50.45384999452025], [-4.198549990307237, 50.45341999451992], [-4.198929990307393, 50.453629994520064], [-4.198149990306579, 50.454279994520576], [-4.19898999030702, 50.4545399945208], [-4.198619990307055, 50.45391999452029], [-4.199079990307485, 50.45364999452009], [-4.19909999030718, 50.45434999452063], [-4.1993899903076155, 50.453809994520206], [-4.19977999030779, 50.45398999452032], [-4.199699990307492, 50.454529994520755], [-4.200019990307936, 50.454029994520376], [-4.200609990308209, 50.454289994520565], [-4.2003699903079115, 50.45458999452079], [-4.200709990308273, 50.454289994520565], [-4.201039990308423, 50.45443999452067], [-4.200689990308071, 50.454699994520865], [-4.201149990308488, 50.45445999452066], [-4.201969990308718, 50.45514999452121], [-4.201639990308398, 50.455369994521384], [-4.202009990308639, 50.45537999452139], [-4.202449990308461, 50.45640999452217], [-4.200749990307783, 50.45541999452143], [-4.2041799903089, 50.457969994523374], [-4.205959990309709, 50.458789994523976], [-4.206709671617632, 50.459638248595574], [-4.205425200047126, 50.460345551968494], [-4.196599171018016, 50.46290693476085]]], [[[-4.194997059883272, 50.45346454437209], [-4.195659990305076, 50.45395999452038], [-4.194969990304544, 50.454119994520525], [-4.194842765119215, 50.45379096701676], [-4.194997059883272, 50.45346454437209]]], [[[-4.19631077369409, 50.45068509561791], [-4.196839990307344, 50.45068999451781], [-4.1962199903067905, 50.45100999451806], [-4.19664999030697, 50.451239994518225], [-4.1961099903065975, 50.45126999451827], [-4.196679990306819, 50.45160999451852], [-4.196539990306559, 50.45197999451882], [-4.197139990306916, 50.452069994518894], [-4.196639990306355, 50.45256999451929], [-4.196889990306358, 50.45292999451957], [-4.196629990306254, 50.45277999451944], [-4.1966199903062, 50.45288999451955], [-4.196629990306163, 50.45297999451961], [-4.196389990306024, 50.452939994519575], [-4.196339990306096, 50.45270999451941], [-4.196289990306093, 50.452639994519345], [-4.196209990306072, 50.452569994519294], [-4.196089990305997, 50.452559994519284], [-4.196039990305873, 50.45275999451944], [-4.1959299903056415, 50.45310999451973], [-4.195439990305558, 50.45257999451932], [-4.195433517612022, 50.452541159246344], [-4.19631077369409, 50.45068509561791]]], [[[-4.1970802736017445, 50.449056897053005], [-4.19773658599311, 50.44879160841605], [-4.197929990308705, 50.4492899945167], [-4.197800708864288, 50.448765688896344], [-4.1979282747267295, 50.44871412448774], [-4.197879990308911, 50.44875999451628], [-4.198559990309476, 50.44850999451607], [-4.198609990309514, 50.44849999451606], [-4.198149990308986, 50.44898999451645], [-4.198679990309479, 50.44867999451619], [-4.1987199903093915, 50.4489299945164], [-4.198919990309706, 50.448529994516065], [-4.199539990310051, 50.44866999451617], [-4.199949990309699, 50.45004999451726], [-4.1995099903094175, 50.450019994517234], [-4.199269990309251, 50.450039994517255], [-4.19819999030835, 50.45045999451761], [-4.197529990308084, 50.45006999451729], [-4.198079990308263, 50.450479994517615], [-4.197379990307723, 50.45063999451775], [-4.196669990307287, 50.45056999451772], [-4.196362264285876, 50.45057614929284], [-4.1970802736017445, 50.449056897053005]]], [[[-4.199283669187816, 50.44816623430889], [-4.199589990310181, 50.448459994516], [-4.198671693812317, 50.44841361619209], [-4.199283669187816, 50.44816623430889]]], [[[-4.19542999030551, 50.452669994519376], [-4.195779990305557, 50.45307999451969], [-4.195179990305136, 50.45312999451976], [-4.19542999030551, 50.452669994519376]]], [[[-4.196049990305798, 50.45293999451957], [-4.196099990305988, 50.45259999451933], [-4.196229990306063, 50.45261999451932], [-4.196329990306001, 50.452899994519555], [-4.196409990306017, 50.45297999451961], [-4.196529990306084, 50.453009994519626], [-4.196639990306156, 50.45300999451961], [-4.196679990306246, 50.4528699945195], [-4.196809990306293, 50.45295999451959], [-4.1971999903064106, 50.45326999451983], [-4.195879990305298, 50.45378999452025], [-4.195759990305424, 50.453339994519894], [-4.195669990305423, 50.45320999451982], [-4.19594999030565, 50.45311999451971], [-4.1960199903057305, 50.45303999451965], [-4.196049990305798, 50.45293999451957]]], [[[-4.196889990307273, 50.450919994517996], [-4.197969990308122, 50.45062999451774], [-4.1993799903092945, 50.45009999451729], [-4.199749990309436, 50.45032999451746], [-4.1991699903087785, 50.450929994517956], [-4.199559990308962, 50.45109999451805], [-4.200569990309604, 50.45115999451811], [-4.200599990309458, 50.45151999451839], [-4.199929990309151, 50.451219994518155], [-4.197439990307256, 50.451759994518625], [-4.197169990307037, 50.45184999451871], [-4.19683999030688, 50.4517099945186], [-4.196889990307273, 50.450919994517996]]], [[[-4.197069990306698, 50.45244999451918], [-4.197339990306657, 50.45292999451956], [-4.19867999030751, 50.45300999451957], [-4.1974199903065195, 50.45334999451988], [-4.197169990306522, 50.452979994519595], [-4.197069990306698, 50.45244999451918]]], [[[-4.197239990307067, 50.45187999451873], [-4.198229990307816, 50.45167999451856], [-4.198049990307546, 50.45200999451882], [-4.199229990308555, 50.45150999451841], [-4.19883999030807, 50.4520099945188], [-4.199529990308829, 50.45134999451827], [-4.200379990309314, 50.45151999451839], [-4.200259990309037, 50.451949994518735], [-4.199309990308219, 50.452369994519074], [-4.200109990308866, 50.45210999451887], [-4.200019990308665, 50.452419994519104], [-4.20056999030928, 50.45186999451867], [-4.20043999030842, 50.453569994519995], [-4.199979990308125, 50.45354999451998], [-4.1990399903076785, 50.45315999451971], [-4.1986399903075355, 50.452889994519495], [-4.197449990306835, 50.45269999451938], [-4.197239990307067, 50.45187999451873]]], [[[-4.199989990309701, 50.45008999451727], [-4.200209990309652, 50.45052999451762], [-4.2002199903095185, 50.450829994517846], [-4.199689990309087, 50.451009994518], [-4.199989990309701, 50.45008999451727]]]]}}, {"type": "Feature", "properties": {"type": "postcode-cell", "postcode": "PL20 7BS", "postcodes": ["PL20 7BS"]}, "geometry": {"type": "Polygon", "coordinates": [[[-4.208839920095068, 50.46602428652883], [-4.205425200047126, 50.460345551968494], [-4.206709671617632, 50.459638248595574], [-4.209079990310176, 50.46231999452669], [-4.210019990310907, 50.462089994526494], [-4.209199990310203, 50.4624399945268], [-4.20939999031017, 50.46279999452707], [-4.210099990310435, 50.4632399945274], [-4.210599990310795, 50.46317999452734], [-4.210529990310424, 50.463889994527904], [-4.211310319977061, 50.46464185623449], [-4.208839920095068, 50.46602428652883]]]}}, {"type": "Feature", "properties": {"type": "postcode-cell", "postcode": "PL20 7JU", "postcodes": ["PL20 7JU"]}, "geometry": {"type": "MultiPolygon", "coordinates": [[[[-4.198671693812317, 50.44841361619209], [-4.198599990309549, 50.44840999451599], [-4.198009990309137, 50.448449994516025], [-4.196199990307867, 50.448609994516204], [-4.197189990309161, 50.44720999451506], [-4.195853622071405, 50.449040857122846], [-4.190291257480891, 50.44896796003631], [-4.1854190028699545, 50.44752029886373], [-4.176343880704098, 50.44378850418955], [-4.175300122809973, 50.443296290181635], [-4.1752899902965535, 50.44306999451224], [-4.176649990298599, 50.44054999451025], [-4.177909990299747, 50.439859994509696], [-4.178459990300518, 50.43896999450897], [-4.180049990302131, 50.43772999450798], [-4.1809099903028875, 50.437319994507654], [-4.181339990303124, 50.43742999450771], [-4.183579990305266, 50.43597999450655], [-4.184059990306042, 50.43496999450574], [-4.1846499903065, 50.434819994505624], [-4.185079990307063, 50.43420999450512], [-4.190829990310394, 50.43524999450583], [-4.192289990310466, 50.43720999450734], [-4.191999990310124, 50.43753999450761], [-4.192399990310174, 50.43800999450799], [-4.191189990308395, 50.440159994509656], [-4.191339990308172, 50.44086999451022], [-4.195019990309829, 50.442579994511476], [-4.198299990311013, 50.44474999451312], [-4.198939990311064, 50.44556999451377], [-4.198179990310207, 50.446349994514385], [-4.198369990309903, 50.447289994515124], [-4.199283669187816, 50.44816623430889], [-4.198671693812317, 50.44841361619209]]], [[[-4.197800708864288, 50.448765688896344], [-4.197749990308916, 50.448559994516124], [-4.1980799903091315, 50.44856999451613], [-4.1979282747267295, 50.44871412448774], [-4.197800708864288, 50.448765688896344]]], [[[-4.1970802736017445, 50.449056897053005], [-4.195968806736349, 50.449042363850616], [-4.196139990307786, 50.44869999451627], [-4.197669990308834, 50.448619994516164], [-4.19773658599311, 50.44879160841605], [-4.1970802736017445, 50.449056897053005]]]]}}, {"type": "Feature", "properties": {"type": "postcode-cell", "postcode": "PL20 7ET", "postcodes": ["PL20 7ET"]}, "geometry": {"type": "Polygon", "coordinates": [[[-4.210147874836458, 50.48166077114526], [-4.205703401291173, 50.48927298250332], [-4.204120371525378, 50.48894951912067], [-4.202208307987294, 50.486493899962085], [-4.200568511313276, 50.48330269763505], [-4.201614298210533, 50.482392922926905], [-4.2033456965197376, 50.48110667721428], [-4.205592194093468, 50.47991081557393], [-4.210147874836458, 50.48166077114526]]]}}, {"type": "Feature", "properties": {"type": "postcode-cell", "postcode": "PL19 8NU", "postcodes": ["PL19 8NU"]}, "geometry": {"type": "Polygon", "coordinates": [[[-4.211671385887004, 50.55122078325615], [-4.203477070322255, 50.55542939979043], [-4.200299990261932, 50.55588999460055], [-4.195126224104326, 50.554125761796094], [-4.209674768484663, 50.54918412821276], [-4.211671385887004, 50.55122078325615]]]}}, {"type": "Feature", "properties": {"type": "postcode-cell", "postcode": "PL20 7BY", "postcodes": ["PL20 7BY"]}, "geometry": {"type": "Polygon", "coordinates": [[[-4.197902974826995, 50.46371893759805], [-4.204359308638577, 50.473055565329936], [-4.202425085386262, 50.474390769408956], [-4.197019697162704, 50.473837489513535], [-4.196324660507058, 50.47363485145294], [-4.195716081656133, 50.47339083542324], [-4.190211465080087, 50.46348454201532], [-4.191388153037314, 50.46254167039068], [-4.196599171018016, 50.46290693476085], [-4.197902974826995, 50.46371893759805]]]}}, {"type": "Feature", "properties": {"type": "postcode-cell", "postcode": "PL20 7ER", "postcodes": ["PL20 7ER"]}, "geometry": {"type": "Polygon", "coordinates": [[[-4.204120371525378, 50.48894951912067], [-4.198396311812561, 50.4888484975195], [-4.197780558217893, 50.48655755869762], [-4.198698087159289, 50.48533624756693], [-4.202208307987294, 50.486493899962085], [-4.204120371525378, 50.48894951912067]]]}}, {"type": "Feature", "properties": {"type": "postcode-cell", "postcode": "PL19 8NX", "postcodes": ["PL19 8NX"]}, "geometry": {"type": "Polygon", "coordinates": [[[-4.209674768484663, 50.54918412821276], [-4.195126224104326, 50.554125761796094], [-4.195079990259256, 50.55410999459926], [-4.19369895753943, 50.55405953470394], [-4.193926345744697, 50.55097989155541], [-4.195954997738624, 50.546355189715364], [-4.208773789382505, 50.54529255332697], [-4.209674768484663, 50.54918412821276]]]}}, {"type": "Feature", "properties": {"type": "postcode-cell", "postcode": "PL19 8NW", "postcodes": ["PL19 8NW"]}, "geometry": {"type": "Polygon", "coordinates": [[[-4.184921740951682, 50.54727924464203], [-4.193926345744697, 50.55097989155541], [-4.19369895753943, 50.55405953470394], [-4.192069990257302, 50.553999994599224], [-4.186369990254726, 50.55129999459718], [-4.184929990253771, 50.55128999459719], [-4.182869990251925, 50.552339994598064], [-4.17996999024987, 50.5526099945983], [-4.179642743960499, 50.552562452779256], [-4.184921740951682, 50.54727924464203]]]}}, {"type": "Feature", "properties": {"type": "postcode-cell", "postcode": "PL19 8JE", "postcodes": ["PL19 8JE"]}, "geometry": {"type": "Polygon", "coordinates": [[[-4.204112574649568, 50.53573055616817], [-4.198344995172428, 50.53465669174031], [-4.197489222224324, 50.53217821949715], [-4.200551476249753, 50.52644064083489], [-4.2081726358569504, 50.53204359919259], [-4.207029990276884, 50.53275999458218], [-4.206959990276561, 50.533369994582664], [-4.207073474668647, 50.533405688078965], [-4.204112574649568, 50.53573055616817]]]}}, {"type": "Feature", "properties": {"type": "postcode-cell", "postcode": "PL20 7EY", "postcodes": ["PL20 7EY"]}, "geometry": {"type": "Polygon", "coordinates": [[[-4.205703401291173, 50.48927298250332], [-4.2123685535623085, 50.4966559729], [-4.21010999029546, 50.49626999455335], [-4.207569990294183, 50.495359994552686], [-4.204929990293602, 50.49276999455069], [-4.203729990293076, 50.49216999455024], [-4.203009990292566, 50.492239994550324], [-4.202889990292672, 50.49182999454996], [-4.2024899902922845, 50.492099994550216], [-4.200869990291274, 50.4919499945501], [-4.19919999029006, 50.492179994550334], [-4.19896999029009, 50.49177999455002], [-4.198699990289942, 50.49170999454997], [-4.1981299902897, 50.49140999454974], [-4.198799990289945, 50.49184999455008], [-4.198799990289754, 50.4922699945504], [-4.198278837063322, 50.49239508126311], [-4.197698994989168, 50.48906251058173], [-4.198396311812561, 50.4888484975195], [-4.204120371525378, 50.48894951912067], [-4.205703401291173, 50.48927298250332]]]}}, {"type": "Feature", "properties": {"type": "postcode-cell", "postcode": "PL19 8JB", "postcodes": ["PL19 8JB"]}, "geometry": {"type": "Polygon", "coordinates": [[[-4.208773789382505, 50.54529255332697], [-4.195954997738624, 50.546355189715364], [-4.191546155493505, 50.54111839479291], [-4.191707870375579, 50.54061331479381], [-4.207682358800552, 50.53998115535834], [-4.208844638823897, 50.540545179098544], [-4.2090036217361195, 50.54505678520603], [-4.208773789382505, 50.54529255332697]]]}}, {"type": "Feature", "properties": {"type": "postcode-cell", "postcode": "PL20 7AS", "postcodes": ["PL20 7AS"]}, "geometry": {"type": "Polygon", "coordinates": [[[-4.2033456965197376, 50.48110667721428], [-4.197404581895083, 50.48127377544545], [-4.196654460792593, 50.480808929748584], [-4.19707867079194, 50.47992102859855], [-4.197631471653936, 50.47968020084499], [-4.204330854671709, 50.47832862351562], [-4.205592194093468, 50.47991081557393], [-4.2033456965197376, 50.48110667721428]]]}}, {"type": "Feature", "properties": {"type": "postcode-cell", "postcode": "PL20 7JY", "postcodes": ["PL20 7JY"]}, "geometry": {"type": "MultiPolygon", "coordinates": [[[[-4.196362264285876, 50.45057614929284], [-4.196169990306951, 50.45057999451772], [-4.195959990306981, 50.450209994517444], [-4.196009990306843, 50.450579994517746], [-4.195419990306396, 50.45070999451787], [-4.1947599903061885, 50.450199994517455], [-4.195089990305477, 50.45224999451906], [-4.194709990304768, 50.45324999451985], [-4.194997059883272, 50.45346454437209], [-4.194842765119215, 50.45379096701676], [-4.194679990304696, 50.453369994519946], [-4.193619990303574, 50.45428999452069], [-4.193789990303331, 50.45506999452129], [-4.194158043599348, 50.45523949403142], [-4.191186876946936, 50.4615239526908], [-4.181239780875824, 50.45572257075193], [-4.183885987368978, 50.4528063222971], [-4.190291257480891, 50.44896796003631], [-4.195853622071405, 50.449040857122846], [-4.195189990306588, 50.449949994517254], [-4.195799990307262, 50.44935999451678], [-4.196309990307492, 50.44959999451696], [-4.195819990307283, 50.44933999451676], [-4.195968806736349, 50.449042363850616], [-4.1970802736017445, 50.449056897053005], [-4.196362264285876, 50.45057614929284]]], [[[-4.195433517612022, 50.452541159246344], [-4.195269990305908, 50.45155999451852], [-4.19568999030625, 50.4514199945184], [-4.195759990306634, 50.450679994517806], [-4.19631077369409, 50.45068509561791], [-4.195433517612022, 50.452541159246344]]]]}}, {"type": "Feature", "properties": {"type": "postcode-cell", "postcode": "PL19 8JL", "postcodes": ["PL19 8JL"]}, "geometry": {"type": "Polygon", "coordinates": [[[-4.2068615104337805, 50.51657227393474], [-4.195346197367279, 50.513448508257405], [-4.189594379011726, 50.507803550972554], [-4.190109990276989, 50.507679994562686], [-4.19159999027831, 50.50694999456209], [-4.192299990279124, 50.50617999456146], [-4.192819990279319, 50.506509994561725], [-4.192349990279217, 50.50604999456138], [-4.193239990280671, 50.50414999455986], [-4.194269990281867, 50.503019994558954], [-4.196779990283523, 50.503049994558914], [-4.19947999028549, 50.502669994558595], [-4.202479990287266, 50.503149994558925], [-4.202989990286721, 50.505099994560425], [-4.202329990285481, 50.506869994561825], [-4.201579990282023, 50.51338999456699], [-4.202919990282731, 50.5137999945673], [-4.207899990286276, 50.5132899945668], [-4.209029990286949, 50.51346999456693], [-4.209519990286916, 50.51425999456753], [-4.209149990286158, 50.51538999456844], [-4.208226055378257, 50.51620182279446], [-4.2068615104337805, 50.51657227393474]]]}}, {"type": "Feature", "properties": {"type": "postcode-cell", "postcode": "PL20 7ES", "postcodes": ["PL20 7ES"]}, "geometry": {"type": "Polygon", "coordinates": [[[-4.202208307987294, 50.486493899962085], [-4.198698087159289, 50.48533624756693], [-4.199197273275152, 50.48378661420803], [-4.200568511313276, 50.48330269763505], [-4.202208307987294, 50.486493899962085]]]}}, {"type": "Feature", "properties": {"type": "postcode-cell", "postcode": "PL20 7EP", "postcodes": ["PL20 7EP"]}, "geometry": {"type": "Polygon", "coordinates": [[[-4.200568511313276, 50.48330269763505], [-4.199197273275152, 50.48378661420803], [-4.196450717492011, 50.48373317883986], [-4.196534897397727, 50.48236489441008], [-4.196933877930243, 50.482089962197975], [-4.201614298210533, 50.482392922926905], [-4.200568511313276, 50.48330269763505]]]}}, {"type": "Feature", "properties": {"type": "postcode-cell", "postcode": "PL20 7DA", "postcodes": ["PL20 7DA"]}, "geometry": {"type": "Polygon", "coordinates": [[[-4.1947203819016, 50.479013778951], [-4.194713970873779, 50.478733659412654], [-4.197631471653936, 50.47968020084499], [-4.19707867079194, 50.47992102859855], [-4.195251291350935, 50.48001281257455], [-4.1947203819016, 50.479013778951]]]}}, {"type": "Feature", "properties": {"type": "postcode-cell", "postcode": "PL20 7AR", "postcodes": ["PL20 7AR"]}, "geometry": {"type": "Polygon", "coordinates": [[[-4.195251291350935, 50.48001281257455], [-4.195245817497117, 50.480023035254376], [-4.193560551513261, 50.48049077319821], [-4.193084871325894, 50.48018948210085], [-4.1947203819016, 50.479013778951], [-4.195251291350935, 50.48001281257455]]]}}, {"type": "Feature", "properties": {"type": "postcode-cell", "postcode": "PL20 7EW", "postcodes": ["PL20 7EW"]}, "geometry": {"type": "Polygon", "coordinates": [[[-4.201614298210533, 50.482392922926905], [-4.196933877930243, 50.482089962197975], [-4.197053952024938, 50.48149263261379], [-4.197404581895083, 50.48127377544545], [-4.2033456965197376, 50.48110667721428], [-4.201614298210533, 50.482392922926905]]]}}, {"type": "Feature", "properties": {"type": "postcode-cell", "postcode": "PL19 8NN", "postcodes": ["PL19 8NN"]}, "geometry": {"type": "Polygon", "coordinates": [[[-4.193926345744697, 50.55097989155541], [-4.184921740951682, 50.54727924464203], [-4.183431550586062, 50.54369597366784], [-4.191546155493505, 50.54111839479291], [-4.195954997738624, 50.546355189715364], [-4.193926345744697, 50.55097989155541]]]}}, {"type": "Feature", "properties": {"type": "postcode-cell", "postcode": "PL20 7EU", "postcodes": ["PL20 7EU"]}, "geometry": {"type": "Polygon", "coordinates": [[[-4.197780558217893, 50.48655755869762], [-4.194025964597338, 50.48453226720333], [-4.194891909559607, 50.48406320387857], [-4.196450717492011, 50.48373317883986], [-4.199197273275152, 50.48378661420803], [-4.198698087159289, 50.48533624756693], [-4.197780558217893, 50.48655755869762]]]}}, {"type": "Feature", "properties": {"type": "postcode-cell", "postcode": "PL19 8JD", "postcodes": ["PL19 8JD"]}, "geometry": {"type": "Polygon", "coordinates": [[[-4.207682358800552, 50.53998115535834], [-4.191707870375579, 50.54061331479381], [-4.191628145287775, 50.54017144430516], [-4.198344995172428, 50.53465669174031], [-4.204112574649568, 50.53573055616817], [-4.207682358800552, 50.53998115535834]]]}}, {"type": "Feature", "properties": {"type": "postcode-cell", "postcode": "PL19 8HU", "postcodes": ["PL19 8HU"]}, "geometry": {"type": "Polygon", "coordinates": [[[-4.191546155493505, 50.54111839479291], [-4.183431550586062, 50.54369597366784], [-4.177624115272457, 50.543771725304595], [-4.176060925184333, 50.54131986507413], [-4.178002062809955, 50.53876833252073], [-4.180683473867128, 50.53689985466062], [-4.1857894993022375, 50.53676246495072], [-4.187085362400352, 50.536852497940274], [-4.191628145287775, 50.54017144430516], [-4.191707870375579, 50.54061331479381], [-4.191546155493505, 50.54111839479291]]]}}, {"type": "Feature", "properties": {"type": "postcode-cell", "postcode": "PL20 7AH", "postcodes": ["PL20 7AH"]}, "geometry": {"type": "Polygon", "coordinates": [[[-4.191945331173144, 50.484809035028206], [-4.191755502818346, 50.483980399075044], [-4.193187580716575, 50.48223141927173], [-4.194107715087326, 50.48204649861236], [-4.194751197799655, 50.48311652183026], [-4.194891909559607, 50.48406320387857], [-4.194025964597338, 50.48453226720333], [-4.192223590410144, 50.484895713996714], [-4.191945331173144, 50.484809035028206]]]}}, {"type": "Feature", "properties": {"type": "postcode-cell", "postcode": "PL20 7HB", "postcodes": ["PL20 7HB"]}, "geometry": {"type": "Polygon", "coordinates": [[[-4.192223590410144, 50.484895713996714], [-4.1934583326647745, 50.48917375913525], [-4.188658202948399, 50.489717073659456], [-4.186273027725538, 50.48534216388255], [-4.186601588725635, 50.485202933811436], [-4.187085740138581, 50.485109060436294], [-4.191945331173144, 50.484809035028206], [-4.192223590410144, 50.484895713996714]]]}}, {"type": "Feature", "properties": {"type": "postcode-cell", "postcode": "PL20 7AY", "postcodes": ["PL20 7AY"]}, "geometry": {"type": "Polygon", "coordinates": [[[-4.197053952024938, 50.48149263261379], [-4.196032195267539, 50.4815813198923], [-4.195893468274558, 50.48140008575402], [-4.195927367047692, 50.48086820673682], [-4.196654460792593, 50.480808929748584], [-4.197404581895083, 50.48127377544545], [-4.197053952024938, 50.48149263261379]]]}}, {"type": "Feature", "properties": {"type": "postcode-cell", "postcode": "PL20 7AT", "postcodes": ["PL20 7AT"]}, "geometry": {"type": "Polygon", "coordinates": [[[-4.196534897397727, 50.48236489441008], [-4.195862284418067, 50.481868079059026], [-4.196032195267539, 50.4815813198923], [-4.197053952024938, 50.48149263261379], [-4.196933877930243, 50.482089962197975], [-4.196534897397727, 50.48236489441008]]]}}, {"type": "Feature", "properties": {"type": "postcode-cell", "postcode": "PL20 7AZ", "postcodes": ["PL20 7AZ"]}, "geometry": {"type": "Polygon", "coordinates": [[[-4.204330854671709, 50.47832862351562], [-4.197631471653936, 50.47968020084499], [-4.194713970873779, 50.478733659412654], [-4.194574271087371, 50.478389993919905], [-4.197019697162704, 50.473837489513535], [-4.202425085386262, 50.474390769408956], [-4.204330854671709, 50.47832862351562]]]}}, {"type": "Feature", "properties": {"type": "postcode-cell", "postcode": "PL20 7EZ", "postcodes": ["PL20 7EZ"]}, "geometry": {"type": "Polygon", "coordinates": [[[-4.197698994989168, 50.48906251058173], [-4.1941470951162305, 50.48939105871723], [-4.1934583326647745, 50.48917375913525], [-4.192223590410144, 50.484895713996714], [-4.194025964597338, 50.48453226720333], [-4.197780558217893, 50.48655755869762], [-4.198396311812561, 50.4888484975195], [-4.197698994989168, 50.48906251058173]]]}}, {"type": "Feature", "properties": {"type": "postcode-cell", "postcode": "PL20 7DP", "postcodes": ["PL20 7DP"]}, "geometry": {"type": "Polygon", "coordinates": [[[-4.196450717492011, 50.48373317883986], [-4.194891909559607, 50.48406320387857], [-4.194751197799655, 50.48311652183026], [-4.1954605593779, 50.481942605509786], [-4.195862284418067, 50.481868079059026], [-4.196534897397727, 50.48236489441008], [-4.196450717492011, 50.48373317883986]]]}}, {"type": "Feature", "properties": {"type": "postcode-cell", "postcode": "PL20 7HA", "postcodes": ["PL20 7HA"]}, "geometry": {"type": "MultiPolygon", "coordinates": [[[[-4.198278837063322, 50.49239508126311], [-4.194799990286662, 50.493229994551236], [-4.193982504090343, 50.494165753312075], [-4.1941470951162305, 50.48939105871723], [-4.197698994989168, 50.48906251058173], [-4.198278837063322, 50.49239508126311]]], [[[-4.193897624718335, 50.49662785135271], [-4.1949099902846285, 50.49786999455488], [-4.19478999028434, 50.49832999455524], [-4.193828682953162, 50.498627543864934], [-4.193897624718335, 50.49662785135271]]]]}}, {"type": "Feature", "properties": {"type": "postcode-cell", "postcode": "PL20 7BA", "postcodes": ["PL20 7BA"]}, "geometry": {"type": "Polygon", "coordinates": [[[-4.195420961576819, 50.480651952738604], [-4.195927367047692, 50.48086820673682], [-4.195893468274558, 50.48140008575402], [-4.19448989209483, 50.48138003295291], [-4.194441382560261, 50.48122905437182], [-4.195420961576819, 50.480651952738604]]]}}, {"type": "Feature", "properties": {"type": "postcode-cell", "postcode": "PL20 7AW", "postcodes": ["PL20 7AW"]}, "geometry": {"type": "Polygon", "coordinates": [[[-4.194441382560261, 50.48122905437182], [-4.19370100667012, 50.48088130375696], [-4.193646750994494, 50.48080046766878], [-4.193560551513261, 50.48049077319821], [-4.195245817497117, 50.480023035254376], [-4.195420961576819, 50.480651952738604], [-4.194441382560261, 50.48122905437182]]]}}, {"type": "Feature", "properties": {"type": "postcode-cell", "postcode": "PL20 7EN", "postcodes": ["PL20 7EN"]}, "geometry": {"type": "Polygon", "coordinates": [[[-4.196032195267539, 50.4815813198923], [-4.195862284418067, 50.481868079059026], [-4.1954605593779, 50.481942605509786], [-4.19446493683331, 50.48156677247539], [-4.19448989209483, 50.48138003295291], [-4.195893468274558, 50.48140008575402], [-4.196032195267539, 50.4815813198923]]]}}, {"type": "Feature", "properties": {"type": "postcode-cell", "postcode": "PL20 7AP", "postcodes": ["PL20 7AP"]}, "geometry": {"type": "Polygon", "coordinates": [[[-4.196654460792593, 50.480808929748584], [-4.195927367047692, 50.48086820673682], [-4.195420961576819, 50.480651952738604], [-4.195245817497117, 50.480023035254376], [-4.195251291350935, 50.48001281257455], [-4.19707867079194, 50.47992102859855], [-4.196654460792593, 50.480808929748584]]]}}, {"type": "Feature", "properties": {"type": "postcode-cell", "postcode": "PL19 8JQ", "postcodes": ["PL19 8JQ"]}, "geometry": {"type": "Polygon", "coordinates": [[[-4.200551476249753, 50.52644064083489], [-4.197489222224324, 50.53217821949715], [-4.1879400623189165, 50.53190601695751], [-4.187605808366038, 50.53152574911918], [-4.19079175814452, 50.52369262736057], [-4.1999965864995, 50.52203991622576], [-4.200551476249753, 50.52644064083489]]]}}, {"type": "Feature", "properties": {"type": "postcode-cell", "postcode": "PL20 7HD", "postcodes": ["PL20 7HD"]}, "geometry": {"type": "Polygon", "coordinates": [[[-4.1947203819016, 50.479013778951], [-4.193084871325894, 50.48018948210085], [-4.1925563316810575, 50.48008647499201], [-4.192854556137793, 50.47923039552554], [-4.194176793789182, 50.478492090522046], [-4.194574271087371, 50.478389993919905], [-4.194713970873779, 50.478733659412654], [-4.1947203819016, 50.479013778951]]]}}, {"type": "Feature", "properties": {"type": "postcode-cell", "postcode": "PL20 7AN", "postcodes": ["PL20 7AN"]}, "geometry": {"type": "Polygon", "coordinates": [[[-4.19448989209483, 50.48138003295291], [-4.19446493683331, 50.48156677247539], [-4.194151924026813, 50.481844177994205], [-4.19334580496464, 50.48168656812118], [-4.193352253611923, 50.48114967163356], [-4.19370100667012, 50.48088130375696], [-4.194441382560261, 50.48122905437182], [-4.19448989209483, 50.48138003295291]]]}}, {"type": "Feature", "properties": {"type": "postcode-cell", "postcode": "PL20 7AU", "postcodes": ["PL20 7AU"]}, "geometry": {"type": "Polygon", "coordinates": [[[-4.194751197799655, 50.48311652183026], [-4.194107715087326, 50.48204649861236], [-4.194151924026813, 50.481844177994205], [-4.19446493683331, 50.48156677247539], [-4.1954605593779, 50.481942605509786], [-4.194751197799655, 50.48311652183026]]]}}, {"type": "Feature", "properties": {"type": "postcode-cell", "postcode": "PL20 7BJ", "postcodes": ["PL20 7BJ"]}, "geometry": {"type": "Polygon", "coordinates": [[[-4.194574271087371, 50.478389993919905], [-4.194176793789182, 50.478492090522046], [-4.191992034663404, 50.478500158304186], [-4.191942889427841, 50.477405420106855], [-4.196324660507058, 50.47363485145294], [-4.197019697162704, 50.473837489513535], [-4.194574271087371, 50.478389993919905]]]}}, {"type": "Feature", "properties": {"type": "postcode-cell", "postcode": "PL20 7AJ", "postcodes": ["PL20 7AJ"]}, "geometry": {"type": "Polygon", "coordinates": [[[-4.194151924026813, 50.481844177994205], [-4.194107715087326, 50.48204649861236], [-4.193187580716575, 50.48223141927173], [-4.192797754679661, 50.48176879490275], [-4.19334580496464, 50.48168656812118], [-4.194151924026813, 50.481844177994205]]]}}, {"type": "Feature", "properties": {"type": "postcode-cell", "postcode": "PL20 7AQ", "postcodes": ["PL20 7AQ"]}, "geometry": {"type": "Polygon", "coordinates": [[[-4.1912585808718354, 50.48249306349912], [-4.192350115161025, 50.48176504145006], [-4.192641766866416, 50.48173113735507], [-4.192797754679661, 50.48176879490275], [-4.193187580716575, 50.48223141927173], [-4.191755502818346, 50.483980399075044], [-4.1915053816004795, 50.483459217928356], [-4.191239719792675, 50.482572553397425], [-4.1912585808718354, 50.48249306349912]]]}}, {"type": "Feature", "properties": {"type": "postcode-cell", "postcode": "PL20 7DD", "postcodes": ["PL20 7DD"]}, "geometry": {"type": "Polygon", "coordinates": [[[-4.191239719792675, 50.482572553397425], [-4.189246903648734, 50.48206220825133], [-4.1891828732797896, 50.481663521262256], [-4.189454209050963, 50.481398471388594], [-4.190860826865725, 50.4816848060093], [-4.1912585808718354, 50.48249306349912], [-4.191239719792675, 50.482572553397425]]]}}, {"type": "Feature", "properties": {"type": "postcode-cell", "postcode": "PL20 7AG", "postcodes": ["PL20 7AG"]}, "geometry": {"type": "Polygon", "coordinates": [[[-4.193352253611923, 50.48114967163356], [-4.192866702481373, 50.48131250005983], [-4.192351178459565, 50.481026530282165], [-4.193646750994494, 50.48080046766878], [-4.19370100667012, 50.48088130375696], [-4.193352253611923, 50.48114967163356]]]}}, {"type": "Feature", "properties": {"type": "postcode-cell", "postcode": "PL20 7EG", "postcodes": ["PL20 7EG"]}, "geometry": {"type": "Polygon", "coordinates": [[[-4.192641766866416, 50.48173113735507], [-4.192866702481373, 50.48131250005983], [-4.193352253611923, 50.48114967163356], [-4.19334580496464, 50.48168656812118], [-4.192797754679661, 50.48176879490275], [-4.192641766866416, 50.48173113735507]]]}}, {"type": "Feature", "properties": {"type": "postcode-cell", "postcode": "PL19 8JH", "postcodes": ["PL19 8JH"]}, "geometry": {"type": "Polygon", "coordinates": [[[-4.1999965864995, 50.52203991622576], [-4.19079175814452, 50.52369262736057], [-4.177542441007597, 50.522455272069344], [-4.1794114480532265, 50.51432627135395], [-4.195346197367279, 50.513448508257405], [-4.2068615104337805, 50.51657227393474], [-4.1999965864995, 50.52203991622576]]]}}, {"type": "Feature", "properties": {"type": "postcode-cell", "postcode": "PL19 8JA", "postcodes": ["PL19 8JA"]}, "geometry": {"type": "Polygon", "coordinates": [[[-4.198344995172428, 50.53465669174031], [-4.191628145287775, 50.54017144430516], [-4.187085362400352, 50.536852497940274], [-4.1879400623189165, 50.53190601695751], [-4.197489222224324, 50.53217821949715], [-4.198344995172428, 50.53465669174031]]]}}, {"type": "Feature", "properties": {"type": "postcode-cell", "postcode": "PL20 7AF", "postcodes": ["PL20 7AF"]}, "geometry": {"type": "Polygon", "coordinates": [[[-4.193646750994494, 50.48080046766878], [-4.192351178459565, 50.481026530282165], [-4.191883040449874, 50.48094402621281], [-4.192358539475323, 50.48011450511094], [-4.1925563316810575, 50.48008647499201], [-4.193084871325894, 50.48018948210085], [-4.193560551513261, 50.48049077319821], [-4.193646750994494, 50.48080046766878]]]}}, {"type": "Feature", "properties": {"type": "postcode-cell", "postcode": "PL20 7AL", "postcodes": ["PL20 7AL"]}, "geometry": {"type": "Polygon", "coordinates": [[[-4.192641766866416, 50.48173113735507], [-4.192350115161025, 50.48176504145006], [-4.191817372706628, 50.4809813576188], [-4.191883040449874, 50.48094402621281], [-4.192351178459565, 50.481026530282165], [-4.192866702481373, 50.48131250005983], [-4.192641766866416, 50.48173113735507]]]}}, {"type": "Feature", "properties": {"type": "postcode-cell", "postcode": "PL20 7HE", "postcodes": ["PL20 7HE"]}, "geometry": {"type": "Polygon", "coordinates": [[[-4.1925563316810575, 50.48008647499201], [-4.192358539475323, 50.48011450511094], [-4.191875533976376, 50.47996684073757], [-4.191553536273763, 50.47898066319303], [-4.192854556137793, 50.47923039552554], [-4.1925563316810575, 50.48008647499201]]]}}, {"type": "Feature", "properties": {"type": "postcode-cell", "postcode": "PL20 7HN", "postcodes": ["PL20 7HN"]}, "geometry": {"type": "Polygon", "coordinates": [[[-4.1941470951162305, 50.48939105871723], [-4.193982504090343, 50.494165753312075], [-4.193209990284782, 50.49504999455271], [-4.193279990284454, 50.49586999455334], [-4.193897624718335, 50.49662785135271], [-4.193828682953162, 50.498627543864934], [-4.193529990283325, 50.49871999455557], [-4.190768396897207, 50.498291365876184], [-4.1848385337734255, 50.492332061180534], [-4.188658202948399, 50.489717073659456], [-4.1934583326647745, 50.48917375913525], [-4.1941470951162305, 50.48939105871723]]]}}, {"type": "Feature", "properties": {"type": "postcode-cell", "postcode": "PL20 7FF", "postcodes": ["PL20 7FF"]}, "geometry": {"type": "Polygon", "coordinates": [[[-4.196324660507058, 50.47363485145294], [-4.191942889427841, 50.477405420106855], [-4.190927152565169, 50.47779336231376], [-4.18955891216166, 50.47698981483057], [-4.188414351160071, 50.47492536034807], [-4.188941156881114, 50.47435937815916], [-4.195716081656133, 50.47339083542324], [-4.196324660507058, 50.47363485145294]]]}}, {"type": "Feature", "properties": {"type": "postcode-cell", "postcode": "PL20 7HF", "postcodes": ["PL20 7HF"]}, "geometry": {"type": "Polygon", "coordinates": [[[-4.192854556137793, 50.47923039552554], [-4.191553536273763, 50.47898066319303], [-4.191397823958897, 50.47885365733269], [-4.191376185437634, 50.47881095103375], [-4.191992034663404, 50.478500158304186], [-4.194176793789182, 50.478492090522046], [-4.192854556137793, 50.47923039552554]]]}}, {"type": "Feature", "properties": {"type": "postcode-cell", "postcode": "PL20 7BH", "postcodes": ["PL20 7BH"]}, "geometry": {"type": "Polygon", "coordinates": [[[-4.191376185437634, 50.47881095103375], [-4.1907067760368415, 50.478588029228426], [-4.190559575265861, 50.47828313250091], [-4.190927152565169, 50.47779336231376], [-4.191942889427841, 50.477405420106855], [-4.191992034663404, 50.478500158304186], [-4.191376185437634, 50.47881095103375]]]}}, {"type": "Feature", "properties": {"type": "postcode-cell", "postcode": "PL20 7DY", "postcodes": ["PL20 7DY"]}, "geometry": {"type": "Polygon", "coordinates": [[[-4.192350115161025, 50.48176504145006], [-4.1912585808718354, 50.48249306349912], [-4.190860826865725, 50.4816848060093], [-4.19116192906893, 50.48115824873035], [-4.191626296214618, 50.481009536358435], [-4.191817372706628, 50.4809813576188], [-4.192350115161025, 50.48176504145006]]]}}, {"type": "Feature", "properties": {"type": "postcode-cell", "postcode": "PL20 7BQ", "postcodes": ["PL20 7BQ"]}, "geometry": {"type": "Polygon", "coordinates": [[[-4.191553536273763, 50.47898066319303], [-4.191875533976376, 50.47996684073757], [-4.190747906957908, 50.48004658688961], [-4.190823713211672, 50.47945461218466], [-4.191397823958897, 50.47885365733269], [-4.191553536273763, 50.47898066319303]]]}}, {"type": "Feature", "properties": {"type": "postcode-cell", "postcode": "PL20 7EJ", "postcodes": ["PL20 7EJ"]}, "geometry": {"type": "Polygon", "coordinates": [[[-4.191817372706628, 50.4809813576188], [-4.191626296214618, 50.481009536358435], [-4.1907021332051215, 50.48006317087417], [-4.190747906957908, 50.48004658688961], [-4.191875533976376, 50.47996684073757], [-4.192358539475323, 50.48011450511094], [-4.191883040449874, 50.48094402621281], [-4.191817372706628, 50.4809813576188]]]}}, {"type": "Feature", "properties": {"type": "postcode-cell", "postcode": "PL20 7EL", "postcodes": ["PL20 7EL"]}, "geometry": {"type": "Polygon", "coordinates": [[[-4.19116192906893, 50.48115824873035], [-4.190043570929773, 50.48060546859265], [-4.190559329990791, 50.48009251593059], [-4.1907021332051215, 50.48006317087417], [-4.191626296214618, 50.481009536358435], [-4.19116192906893, 50.48115824873035]]]}}, {"type": "Feature", "properties": {"type": "postcode-cell", "postcode": "PL20 7BG", "postcodes": ["PL20 7BG"]}, "geometry": {"type": "Polygon", "coordinates": [[[-4.191376185437634, 50.47881095103375], [-4.191397823958897, 50.47885365733269], [-4.190823713211672, 50.47945461218466], [-4.189693998468312, 50.479154822712516], [-4.189700293267023, 50.47908467455967], [-4.1907067760368415, 50.478588029228426], [-4.191376185437634, 50.47881095103375]]]}}, {"type": "Feature", "properties": {"type": "postcode-cell", "postcode": "PL20 7BE", "postcodes": ["PL20 7BE"]}, "geometry": {"type": "Polygon", "coordinates": [[[-4.190747906957908, 50.48004658688961], [-4.1907021332051215, 50.48006317087417], [-4.190559329990791, 50.48009251593059], [-4.1896866569226985, 50.47955799749668], [-4.18959420347789, 50.47940656345719], [-4.189693998468312, 50.479154822712516], [-4.190823713211672, 50.47945461218466], [-4.190747906957908, 50.48004658688961]]]}}, {"type": "Feature", "properties": {"type": "postcode-cell", "postcode": "PL20 7BB", "postcodes": ["PL20 7BB"]}, "geometry": {"type": "Polygon", "coordinates": [[[-4.189552765156244, 50.477739454860995], [-4.188196606131455, 50.47801755984518], [-4.186059789601383, 50.47652853241462], [-4.188414351160071, 50.47492536034807], [-4.18955891216166, 50.47698981483057], [-4.189552765156244, 50.477739454860995]]]}}, {"type": "Feature", "properties": {"type": "postcode-cell", "postcode": "PL20 7FE", "postcodes": ["PL20 7FE"]}, "geometry": {"type": "Polygon", "coordinates": [[[-4.18955891216166, 50.47698981483057], [-4.190927152565169, 50.47779336231376], [-4.190559575265861, 50.47828313250091], [-4.189761077260115, 50.47806969974378], [-4.189552765156244, 50.477739454860995], [-4.18955891216166, 50.47698981483057]]]}}, {"type": "Feature", "properties": {"type": "postcode-cell", "postcode": "PL20 7DE", "postcodes": ["PL20 7DE"]}, "geometry": {"type": "Polygon", "coordinates": [[[-4.190860826865725, 50.4816848060093], [-4.189454209050963, 50.481398471388594], [-4.189439263644451, 50.48121872333626], [-4.189835953756428, 50.48066058691397], [-4.190043570929773, 50.48060546859265], [-4.19116192906893, 50.48115824873035], [-4.190860826865725, 50.4816848060093]]]}}, {"type": "Feature", "properties": {"type": "postcode-cell", "postcode": "PL20 7BZ", "postcodes": ["PL20 7BZ"]}, "geometry": {"type": "Polygon", "coordinates": [[[-4.1907067760368415, 50.478588029228426], [-4.189700293267023, 50.47908467455967], [-4.188641251283317, 50.47857318017593], [-4.1886417888394245, 50.47855577480152], [-4.189761077260115, 50.47806969974378], [-4.190559575265861, 50.47828313250091], [-4.1907067760368415, 50.478588029228426]]]}}, {"type": "Feature", "properties": {"type": "postcode-cell", "postcode": "PL20 7AA", "postcodes": ["PL20 7AA"]}, "geometry": {"type": "Polygon", "coordinates": [[[-4.190559329990791, 50.48009251593059], [-4.190043570929773, 50.48060546859265], [-4.189835953756428, 50.48066058691397], [-4.188942173215743, 50.48030016208357], [-4.1896866569226985, 50.47955799749668], [-4.190559329990791, 50.48009251593059]]]}}, {"type": "Feature", "properties": {"type": "postcode-cell", "postcode": "PL20 7AB", "postcodes": ["PL20 7AB"]}, "geometry": {"type": "Polygon", "coordinates": [[[-4.189693998468312, 50.479154822712516], [-4.18959420347789, 50.47940656345719], [-4.187950673590386, 50.479667280388206], [-4.1875773268756395, 50.47925012539712], [-4.188641251283317, 50.47857318017593], [-4.189700293267023, 50.47908467455967], [-4.189693998468312, 50.479154822712516]]]}}, {"type": "Feature", "properties": {"type": "postcode-cell", "postcode": "PL20 7DT", "postcodes": ["PL20 7DT"]}, "geometry": {"type": "Polygon", "coordinates": [[[-4.191755502818346, 50.483980399075044], [-4.191945331173144, 50.484809035028206], [-4.187085740138581, 50.485109060436294], [-4.188607405878228, 50.48251894740087], [-4.188827849833987, 50.48242313340318], [-4.1915053816004795, 50.483459217928356], [-4.191755502818346, 50.483980399075044]]]}}, {"type": "Feature", "properties": {"type": "postcode-cell", "postcode": "PL20 7BD", "postcodes": ["PL20 7BD"]}, "geometry": {"type": "Polygon", "coordinates": [[[-4.189761077260115, 50.47806969974378], [-4.1886417888394245, 50.47855577480152], [-4.188196606131455, 50.47801755984518], [-4.189552765156244, 50.477739454860995], [-4.189761077260115, 50.47806969974378]]]}}, {"type": "Feature", "properties": {"type": "postcode-cell", "postcode": "PL20 7DU", "postcodes": ["PL20 7DU"]}, "geometry": {"type": "Polygon", "coordinates": [[[-4.1915053816004795, 50.483459217928356], [-4.188827849833987, 50.48242313340318], [-4.189246903648734, 50.48206220825133], [-4.191239719792675, 50.482572553397425], [-4.1915053816004795, 50.483459217928356]]]}}, {"type": "Feature", "properties": {"type": "postcode-cell", "postcode": "PL20 7HW", "postcodes": ["PL20 7HW"]}, "geometry": {"type": "Polygon", "coordinates": [[[-4.177069966031428, 50.50197366485248], [-4.173677105112678, 50.49475071383308], [-4.175844613435419, 50.4918950565216], [-4.181275236913655, 50.491653138631875], [-4.1848385337734255, 50.492332061180534], [-4.190768396897207, 50.498291365876184], [-4.1895999902809935, 50.498109994555165], [-4.185089990277341, 50.49955999455638], [-4.18237999027547, 50.49971999455656], [-4.18037999027357, 50.500979994557575], [-4.1800499902725345, 50.502769994559], [-4.180341056195315, 50.503337941580476], [-4.177069966031428, 50.50197366485248]]]}}, {"type": "Feature", "properties": {"type": "postcode-cell", "postcode": "PL20 7DJ", "postcodes": ["PL20 7DJ"]}, "geometry": {"type": "Polygon", "coordinates": [[[-4.186492710432384, 50.48287199263322], [-4.1857417037597395, 50.48188495086627], [-4.185753332686046, 50.481784931735376], [-4.186041610009932, 50.481265350008094], [-4.186551158179656, 50.481364120633515], [-4.187301328421305, 50.48219997953629], [-4.186492710432384, 50.48287199263322]]]}}, {"type": "Feature", "properties": {"type": "postcode-cell", "postcode": "PL20 7DR", "postcodes": ["PL20 7DR"]}, "geometry": {"type": "Polygon", "coordinates": [[[-4.187301328421305, 50.48219997953629], [-4.187804409282686, 50.48202533631214], [-4.188607405878228, 50.48251894740087], [-4.187085740138581, 50.485109060436294], [-4.186601588725635, 50.485202933811436], [-4.186492710432384, 50.48287199263322], [-4.187301328421305, 50.48219997953629]]]}}, {"type": "Feature", "properties": {"type": "postcode-cell", "postcode": "PL19 8HX", "postcodes": ["PL19 8HX"]}, "geometry": {"type": "Polygon", "coordinates": [[[-4.1879400623189165, 50.53190601695751], [-4.187085362400352, 50.536852497940274], [-4.1857894993022375, 50.53676246495072], [-4.178615953861171, 50.53041365196958], [-4.187605808366038, 50.53152574911918], [-4.1879400623189165, 50.53190601695751]]]}}, {"type": "Feature", "properties": {"type": "postcode-cell", "postcode": "PL20 7HU", "postcodes": ["PL20 7HU"]}, "geometry": {"type": "Polygon", "coordinates": [[[-4.189835953756428, 50.48066058691397], [-4.189439263644451, 50.48121872333626], [-4.1891931894661525, 50.481154247534015], [-4.1883556352340605, 50.480806017743696], [-4.188163532999762, 50.48047606954917], [-4.188296797165644, 50.4802504632483], [-4.188942173215743, 50.48030016208357], [-4.189835953756428, 50.48066058691397]]]}}, {"type": "Feature", "properties": {"type": "postcode-cell", "postcode": "PL20 7AD", "postcodes": ["PL20 7AD"]}, "geometry": {"type": "Polygon", "coordinates": [[[-4.1896866569226985, 50.47955799749668], [-4.188942173215743, 50.48030016208357], [-4.188296797165644, 50.4802504632483], [-4.187967739254483, 50.4798628408095], [-4.187950673590386, 50.479667280388206], [-4.18959420347789, 50.47940656345719], [-4.1896866569226985, 50.47955799749668]]]}}, {"type": "Feature", "properties": {"type": "postcode-cell", "postcode": "PL20 7DF", "postcodes": ["PL20 7DF"]}, "geometry": {"type": "Polygon", "coordinates": [[[-4.189454209050963, 50.481398471388594], [-4.1891828732797896, 50.481663521262256], [-4.187942382091778, 50.481596939856665], [-4.187831911912477, 50.48149167373277], [-4.188155769724795, 50.48120933999714], [-4.1891931894661525, 50.481154247534015], [-4.189439263644451, 50.48121872333626], [-4.189454209050963, 50.481398471388594]]]}}, {"type": "Feature", "properties": {"type": "postcode-cell", "postcode": "PL20 7DS", "postcodes": ["PL20 7DS"]}, "geometry": {"type": "Polygon", "coordinates": [[[-4.188827849833987, 50.48242313340318], [-4.188607405878228, 50.48251894740087], [-4.187804409282686, 50.48202533631214], [-4.187942382091778, 50.481596939856665], [-4.1891828732797896, 50.481663521262256], [-4.189246903648734, 50.48206220825133], [-4.188827849833987, 50.48242313340318]]]}}, {"type": "Feature", "properties": {"type": "postcode-cell", "postcode": "PL20 7BL", "postcodes": ["PL20 7BL"]}, "geometry": {"type": "Polygon", "coordinates": [[[-4.188941156881114, 50.47435937815916], [-4.185468750381821, 50.47254218438445], [-4.18786520760695, 50.46416169014272], [-4.190211465080087, 50.46348454201532], [-4.195716081656133, 50.47339083542324], [-4.188941156881114, 50.47435937815916]]]}}, {"type": "Feature", "properties": {"type": "postcode-cell", "postcode": "PL20 7AE", "postcodes": ["PL20 7AE"]}, "geometry": {"type": "Polygon", "coordinates": [[[-4.1886417888394245, 50.47855577480152], [-4.188641251283317, 50.47857318017593], [-4.1875773268756395, 50.47925012539712], [-4.184679341319963, 50.478627839279646], [-4.1845726052606524, 50.47856157939746], [-4.183588032710269, 50.47751195803315], [-4.186059789601383, 50.47652853241462], [-4.188196606131455, 50.47801755984518], [-4.1886417888394245, 50.47855577480152]]]}}, {"type": "Feature", "properties": {"type": "postcode-cell", "postcode": "PL20 7DB", "postcodes": ["PL20 7DB"]}, "geometry": {"type": "Polygon", "coordinates": [[[-4.188163532999762, 50.48047606954917], [-4.187677450591153, 50.480686556471866], [-4.185943053947146, 50.480664318459404], [-4.185932507131518, 50.48055928263171], [-4.187967739254483, 50.4798628408095], [-4.188296797165644, 50.4802504632483], [-4.188163532999762, 50.48047606954917]]]}}, {"type": "Feature", "properties": {"type": "postcode-cell", "postcode": "PL20 7JA", "postcodes": ["PL20 7JA"]}, "geometry": {"type": "Polygon", "coordinates": [[[-4.188414351160071, 50.47492536034807], [-4.186059789601383, 50.47652853241462], [-4.183588032710269, 50.47751195803315], [-4.182320194454821, 50.47741505954946], [-4.180720911235035, 50.4761253944849], [-4.182236133376127, 50.47277606565532], [-4.185468750381821, 50.47254218438445], [-4.188941156881114, 50.47435937815916], [-4.188414351160071, 50.47492536034807]]]}}, {"type": "Feature", "properties": {"type": "postcode-cell", "postcode": "PL20 7JF", "postcodes": ["PL20 7JF"]}, "geometry": {"type": "Polygon", "coordinates": [[[-4.191388153037314, 50.46254167039068], [-4.190211465080087, 50.46348454201532], [-4.18786520760695, 50.46416169014272], [-4.182555997758239, 50.464770868152655], [-4.172745123694356, 50.45891439512621], [-4.175161761436896, 50.45603485534458], [-4.176418784648606, 50.45572423519103], [-4.181239780875824, 50.45572257075193], [-4.191186876946936, 50.4615239526908], [-4.191388153037314, 50.46254167039068]]]}}, {"type": "Feature", "properties": {"type": "postcode-cell", "postcode": "PL20 7DG", "postcodes": ["PL20 7DG"]}, "geometry": {"type": "Polygon", "coordinates": [[[-4.1891931894661525, 50.481154247534015], [-4.188155769724795, 50.48120933999714], [-4.1883556352340605, 50.480806017743696], [-4.1891931894661525, 50.481154247534015]]]}}, {"type": "Feature", "properties": {"type": "postcode-cell", "postcode": "PL20 7AX", "postcodes": ["PL20 7AX"]}, "geometry": {"type": "Polygon", "coordinates": [[[-4.1883556352340605, 50.480806017743696], [-4.188155769724795, 50.48120933999714], [-4.187831911912477, 50.48149167373277], [-4.187562042613779, 50.48139806554626], [-4.187677450591153, 50.480686556471866], [-4.188163532999762, 50.48047606954917], [-4.1883556352340605, 50.480806017743696]]]}}, {"type": "Feature", "properties": {"type": "postcode-cell", "postcode": "PL20 7DX", "postcodes": ["PL20 7DX"]}, "geometry": {"type": "Polygon", "coordinates": [[[-4.186601588725635, 50.485202933811436], [-4.186273027725538, 50.48534216388255], [-4.184533075406864, 50.485327492862986], [-4.184142006020532, 50.48284972551825], [-4.184821797182582, 50.482213491515616], [-4.1857417037597395, 50.48188495086627], [-4.186492710432384, 50.48287199263322], [-4.186601588725635, 50.485202933811436]]]}}, {"type": "Feature", "properties": {"type": "postcode-cell", "postcode": "PL20 7DH", "postcodes": ["PL20 7DH"]}, "geometry": {"type": "Polygon", "coordinates": [[[-4.187831911912477, 50.48149167373277], [-4.187942382091778, 50.481596939856665], [-4.187804409282686, 50.48202533631214], [-4.187301328421305, 50.48219997953629], [-4.186551158179656, 50.481364120633515], [-4.187562042613779, 50.48139806554626], [-4.187831911912477, 50.48149167373277]]]}}, {"type": "Feature", "properties": {"type": "postcode-cell", "postcode": "PL20 7EH", "postcodes": ["PL20 7EH"]}, "geometry": {"type": "Polygon", "coordinates": [[[-4.187950673590386, 50.479667280388206], [-4.187967739254483, 50.4798628408095], [-4.185932507131518, 50.48055928263171], [-4.184679341319963, 50.478627839279646], [-4.1875773268756395, 50.47925012539712], [-4.187950673590386, 50.479667280388206]]]}}, {"type": "Feature", "properties": {"type": "postcode-cell", "postcode": "PL20 7HG", "postcodes": ["PL20 7HG"]}, "geometry": {"type": "Polygon", "coordinates": [[[-4.185932507131518, 50.48055928263171], [-4.185943053947146, 50.480664318459404], [-4.185852860716271, 50.480905899927755], [-4.1834280377343775, 50.481122140471506], [-4.1845726052606524, 50.47856157939746], [-4.184679341319963, 50.478627839279646], [-4.185932507131518, 50.48055928263171]]]}}, {"type": "Feature", "properties": {"type": "postcode-cell", "postcode": "PL20 7DQ", "postcodes": ["PL20 7DQ"]}, "geometry": {"type": "Polygon", "coordinates": [[[-4.185943053947146, 50.480664318459404], [-4.187677450591153, 50.480686556471866], [-4.187562042613779, 50.48139806554626], [-4.186551158179656, 50.481364120633515], [-4.186041610009932, 50.481265350008094], [-4.185852860716271, 50.480905899927755], [-4.185943053947146, 50.480664318459404]]]}}, {"type": "Feature", "properties": {"type": "postcode-cell", "postcode": "PL20 7DL", "postcodes": ["PL20 7DL"]}, "geometry": {"type": "Polygon", "coordinates": [[[-4.186041610009932, 50.481265350008094], [-4.185753332686046, 50.481784931735376], [-4.183905940661877, 50.48161824928225], [-4.183402185395347, 50.481466761643574], [-4.183379799255584, 50.48114932850531], [-4.1834280377343775, 50.481122140471506], [-4.185852860716271, 50.480905899927755], [-4.186041610009932, 50.481265350008094]]]}}, {"type": "Feature", "properties": {"type": "postcode-cell", "postcode": "PL19 8HZ", "postcodes": ["PL19 8HZ"]}, "geometry": {"type": "Polygon", "coordinates": [[[-4.19079175814452, 50.52369262736057], [-4.187605808366038, 50.53152574911918], [-4.178615953861171, 50.53041365196958], [-4.172684605608156, 50.52911548924158], [-4.171770911501053, 50.52871030431374], [-4.169739041201625, 50.52726096625204], [-4.175361670564963, 50.523439074204724], [-4.177542441007597, 50.522455272069344], [-4.19079175814452, 50.52369262736057]]]}}, {"type": "Feature", "properties": {"type": "postcode-cell", "postcode": "PL20 7HL", "postcodes": ["PL20 7HL"]}, "geometry": {"type": "Polygon", "coordinates": [[[-4.188658202948399, 50.489717073659456], [-4.1848385337734255, 50.492332061180534], [-4.181275236913655, 50.491653138631875], [-4.183742049628592, 50.48544695861591], [-4.184533075406864, 50.485327492862986], [-4.186273027725538, 50.48534216388255], [-4.188658202948399, 50.489717073659456]]]}}, {"type": "Feature", "properties": {"type": "postcode-cell", "postcode": "PL20 7DN", "postcodes": ["PL20 7DN"]}, "geometry": {"type": "Polygon", "coordinates": [[[-4.184821797182582, 50.482213491515616], [-4.183905940661877, 50.48161824928225], [-4.185753332686046, 50.481784931735376], [-4.1857417037597395, 50.48188495086627], [-4.184821797182582, 50.482213491515616]]]}}, {"type": "Feature", "properties": {"type": "postcode-cell", "postcode": "PL20 7DW", "postcodes": ["PL20 7DW"]}, "geometry": {"type": "Polygon", "coordinates": [[[-4.184142006020532, 50.48284972551825], [-4.183164685069713, 50.481879899019454], [-4.183402185395347, 50.481466761643574], [-4.183905940661877, 50.48161824928225], [-4.184821797182582, 50.482213491515616], [-4.184142006020532, 50.48284972551825]]]}}, {"type": "Feature", "properties": {"type": "postcode-cell", "postcode": "PL19 8JJ", "postcodes": ["PL19 8JJ"]}, "geometry": {"type": "Polygon", "coordinates": [[[-4.195346197367279, 50.513448508257405], [-4.1794114480532265, 50.51432627135395], [-4.176630158404675, 50.51144393137258], [-4.180470537840187, 50.50359058992442], [-4.1808699902723525, 50.50436999456025], [-4.183709990272626, 50.507919994563], [-4.185389990273484, 50.508489994563405], [-4.186979990274567, 50.50842999456332], [-4.189594379011726, 50.507803550972554], [-4.195346197367279, 50.513448508257405]]]}}, {"type": "Feature", "properties": {"type": "postcode-cell", "postcode": "PL20 7FL", "postcodes": ["PL20 7FL"]}, "geometry": {"type": "Polygon", "coordinates": [[[-4.183402185395347, 50.481466761643574], [-4.183164685069713, 50.481879899019454], [-4.181170832439725, 50.482596072780446], [-4.1813606286688, 50.48125614752651], [-4.183347330324564, 50.48114027413258], [-4.183379799255584, 50.48114932850531], [-4.183402185395347, 50.481466761643574]]]}}, {"type": "Feature", "properties": {"type": "postcode-cell", "postcode": "PL20 7HQ", "postcodes": ["PL20 7HQ"]}, "geometry": {"type": "Polygon", "coordinates": [[[-4.183379799255584, 50.48114932850531], [-4.183347330324564, 50.48114027413258], [-4.18156269695347, 50.47991924947509], [-4.181131122587671, 50.47845261795758], [-4.182320194454821, 50.47741505954946], [-4.183588032710269, 50.47751195803315], [-4.1845726052606524, 50.47856157939746], [-4.1834280377343775, 50.481122140471506], [-4.183379799255584, 50.48114932850531]]]}}, {"type": "Feature", "properties": {"type": "postcode-cell", "postcode": "PL20 7HH", "postcodes": ["PL20 7HH"]}, "geometry": {"type": "Polygon", "coordinates": [[[-4.184533075406864, 50.485327492862986], [-4.183742049628592, 50.48544695861591], [-4.17904346137939, 50.4844672244021], [-4.181170832439725, 50.482596072780446], [-4.183164685069713, 50.481879899019454], [-4.184142006020532, 50.48284972551825], [-4.184533075406864, 50.485327492862986]]]}}, {"type": "Feature", "properties": {"type": "postcode-cell", "postcode": "PL20 7JD", "postcodes": ["PL20 7JD"]}, "geometry": {"type": "Polygon", "coordinates": [[[-4.185468750381821, 50.47254218438445], [-4.182236133376127, 50.47277606565532], [-4.175038458284779, 50.46898529533478], [-4.182555997758239, 50.464770868152655], [-4.18786520760695, 50.46416169014272], [-4.185468750381821, 50.47254218438445]]]}}, {"type": "Feature", "properties": {"type": "postcode-cell", "postcode": "PL20 7EA", "postcodes": ["PL20 7EA"]}, "geometry": {"type": "Polygon", "coordinates": [[[-4.18156269695347, 50.47991924947509], [-4.181066849057351, 50.48098956235335], [-4.179390502155845, 50.48109343273957], [-4.178239703439128, 50.47955959423533], [-4.181131122587671, 50.47845261795758], [-4.18156269695347, 50.47991924947509]]]}}, {"type": "Feature", "properties": {"type": "postcode-cell", "postcode": "PL20 7LT", "postcodes": ["PL20 7LT"]}, "geometry": {"type": "Polygon", "coordinates": [[[-4.183885987368978, 50.4528063222971], [-4.179498259112457, 50.45127024296605], [-4.17955958957235, 50.45116700907823], [-4.1854190028699545, 50.44752029886373], [-4.190291257480891, 50.44896796003631], [-4.183885987368978, 50.4528063222971]]]}}, {"type": "Feature", "properties": {"type": "postcode-cell", "postcode": "PL20 7DZ", "postcodes": ["PL20 7DZ"]}, "geometry": {"type": "Polygon", "coordinates": [[[-4.17904346137939, 50.4844672244021], [-4.178636945057561, 50.484466607084535], [-4.179390502155845, 50.48109343273957], [-4.181066849057351, 50.48098956235335], [-4.1813606286688, 50.48125614752651], [-4.181170832439725, 50.482596072780446], [-4.17904346137939, 50.4844672244021]]]}}, {"type": "Feature", "properties": {"type": "postcode-cell", "postcode": "PL20 7FJ", "postcodes": ["PL20 7FJ"]}, "geometry": {"type": "Polygon", "coordinates": [[[-4.183347330324564, 50.48114027413258], [-4.1813606286688, 50.48125614752651], [-4.181066849057351, 50.48098956235335], [-4.18156269695347, 50.47991924947509], [-4.183347330324564, 50.48114027413258]]]}}, {"type": "Feature", "properties": {"type": "postcode-cell", "postcode": "PL19 8JW", "postcodes": ["PL19 8JW"]}, "geometry": {"type": "Polygon", "coordinates": [[[-4.175361670564963, 50.523439074204724], [-4.163901856796701, 50.51273764491013], [-4.164279990257756, 50.51226999456676], [-4.163906688355855, 50.51172871478881], [-4.176630158404675, 50.51144393137258], [-4.1794114480532265, 50.51432627135395], [-4.177542441007597, 50.522455272069344], [-4.175361670564963, 50.523439074204724]]]}}, {"type": "Feature", "properties": {"type": "postcode-cell", "postcode": "PL20 7JT", "postcodes": ["PL20 7JT"]}, "geometry": {"type": "Polygon", "coordinates": [[[-4.17955958957235, 50.45116700907823], [-4.176343880704098, 50.44378850418955], [-4.1854190028699545, 50.44752029886373], [-4.17955958957235, 50.45116700907823]]]}}, {"type": "Feature", "properties": {"type": "postcode-cell", "postcode": "PL20 7JX", "postcodes": ["PL20 7JX"]}, "geometry": {"type": "Polygon", "coordinates": [[[-4.181239780875824, 50.45572257075193], [-4.176418784648606, 50.45572423519103], [-4.176844052219307, 50.45454273167661], [-4.17794056115963, 50.45236630947174], [-4.178890822067235, 50.45147123791389], [-4.179498259112457, 50.45127024296605], [-4.183885987368978, 50.4528063222971], [-4.181239780875824, 50.45572257075193]]]}}, {"type": "Feature", "properties": {"type": "postcode-cell", "postcode": "PL19 8NJ", "postcodes": ["PL19 8NJ"]}, "geometry": {"type": "Polygon", "coordinates": [[[-4.174713619083152, 50.54991717337359], [-4.176563310247158, 50.55211502757454], [-4.175289990247063, 50.55192999459783], [-4.173399990245405, 50.55280999459858], [-4.170769990243811, 50.552469994598354], [-4.168719990242261, 50.55287999459872], [-4.164419990239434, 50.552809994598725], [-4.164759990240563, 50.55081999459716], [-4.164369990240668, 50.55001999459653], [-4.1639899902404425, 50.5499599945965], [-4.164789990241265, 50.549319994595976], [-4.164909990241714, 50.5484999945953], [-4.165075378062974, 50.5485147861645], [-4.174713619083152, 50.54991717337359]]]}}, {"type": "Feature", "properties": {"type": "postcode-cell", "postcode": "PL19 8NL", "postcodes": ["PL19 8NL"]}, "geometry": {"type": "Polygon", "coordinates": [[[-4.183431550586062, 50.54369597366784], [-4.184921740951682, 50.54727924464203], [-4.179642743960499, 50.552562452779256], [-4.176563310247158, 50.55211502757454], [-4.174713619083152, 50.54991717337359], [-4.177589969780053, 50.54380599816578], [-4.177624115272457, 50.543771725304595], [-4.183431550586062, 50.54369597366784]]]}}, {"type": "Feature", "properties": {"type": "postcode-cell", "postcode": "PL20 7HJ", "postcodes": ["PL20 7HJ"]}, "geometry": {"type": "Polygon", "coordinates": [[[-4.183742049628592, 50.48544695861591], [-4.181275236913655, 50.491653138631875], [-4.175844613435419, 50.4918950565216], [-4.172696867158163, 50.48782037216952], [-4.174041433260996, 50.48520549971975], [-4.178636945057561, 50.484466607084535], [-4.17904346137939, 50.4844672244021], [-4.183742049628592, 50.48544695861591]]]}}, {"type": "Feature", "properties": {"type": "postcode-cell", "postcode": "PL20 7EB", "postcodes": ["PL20 7EB"]}, "geometry": {"type": "Polygon", "coordinates": [[[-4.181131122587671, 50.47845261795758], [-4.178239703439128, 50.47955959423533], [-4.170174550695551, 50.47976481005415], [-4.164224245473793, 50.47572672235752], [-4.1665294347383295, 50.47442383905764], [-4.180720911235035, 50.4761253944849], [-4.182320194454821, 50.47741505954946], [-4.181131122587671, 50.47845261795758]]]}}, {"type": "Feature", "properties": {"type": "postcode-cell", "postcode": "PL20 7JP", "postcodes": ["PL20 7JP"]}, "geometry": {"type": "Polygon", "coordinates": [[[-4.176343880704098, 50.44378850418955], [-4.17955958957235, 50.45116700907823], [-4.179498259112457, 50.45127024296605], [-4.178890822067235, 50.45147123791389], [-4.1788857566953785, 50.451467491810845], [-4.1755475527325965, 50.44406481655545], [-4.175739990296427, 50.44399999451298], [-4.175432505303027, 50.44380964709478], [-4.175311046594018, 50.44354025450955], [-4.175300122809973, 50.443296290181635], [-4.176343880704098, 50.44378850418955]]]}}, {"type": "Feature", "properties": {"type": "postcode-cell", "postcode": "PL20 7JS", "postcodes": ["PL20 7JS"]}, "geometry": {"type": "Polygon", "coordinates": [[[-4.178890822067235, 50.45147123791389], [-4.17794056115963, 50.45236630947174], [-4.1758592835692, 50.450446086491816], [-4.17567539461629, 50.44939327348402], [-4.1788857566953785, 50.451467491810845], [-4.178890822067235, 50.45147123791389]]]}}, {"type": "Feature", "properties": {"type": "postcode-cell", "postcode": "PL19 8HT", "postcodes": ["PL19 8HT"]}, "geometry": {"type": "Polygon", "coordinates": [[[-4.172684605608156, 50.52911548924158], [-4.180683473867128, 50.53689985466062], [-4.178002062809955, 50.53876833252073], [-4.173023585896837, 50.535182306976516], [-4.171770911501053, 50.52871030431374], [-4.172684605608156, 50.52911548924158]]]}}, {"type": "Feature", "properties": {"type": "postcode-cell", "postcode": "PL19 8JN", "postcodes": ["PL19 8JN"]}, "geometry": {"type": "Polygon", "coordinates": [[[-4.180341056195315, 50.503337941580476], [-4.180470537840187, 50.50359058992442], [-4.176630158404675, 50.51144393137258], [-4.163906688355855, 50.51172871478881], [-4.163479990257752, 50.51110999456586], [-4.162299990256898, 50.51126999456602], [-4.161783079657985, 50.51161160942735], [-4.154835213203534, 50.51069220251227], [-4.170322767223421, 50.50259291622266], [-4.177069966031428, 50.50197366485248], [-4.180341056195315, 50.503337941580476]]]}}, {"type": "Feature", "properties": {"type": "postcode-cell", "postcode": "PL19 8HY", "postcodes": ["PL19 8HY"]}, "geometry": {"type": "Polygon", "coordinates": [[[-4.178615953861171, 50.53041365196958], [-4.1857894993022375, 50.53676246495072], [-4.180683473867128, 50.53689985466062], [-4.172684605608156, 50.52911548924158], [-4.178615953861171, 50.53041365196958]]]}}, {"type": "Feature", "properties": {"type": "postcode-cell", "postcode": "PL20 7JB", "postcodes": ["PL20 7JB"]}, "geometry": {"type": "Polygon", "coordinates": [[[-4.180720911235035, 50.4761253944849], [-4.1665294347383295, 50.47442383905764], [-4.1713924558239235, 50.469771587765045], [-4.175038458284779, 50.46898529533478], [-4.182236133376127, 50.47277606565532], [-4.180720911235035, 50.4761253944849]]]}}, {"type": "Feature", "properties": {"type": "postcode-cell", "postcode": "PL20 7JE", "postcodes": ["PL20 7JE"]}, "geometry": {"type": "Polygon", "coordinates": [[[-4.175038458284779, 50.46898529533478], [-4.1713924558239235, 50.469771587765045], [-4.165679095177771, 50.46185946787623], [-4.168680752835238, 50.45994851454067], [-4.172745123694356, 50.45891439512621], [-4.182555997758239, 50.464770868152655], [-4.175038458284779, 50.46898529533478]]]}}, {"type": "Feature", "properties": {"type": "postcode-cell", "postcode": "PL19 8HR", "postcodes": ["PL19 8HR"]}, "geometry": {"type": "Polygon", "coordinates": [[[-4.171770911501053, 50.52871030431374], [-4.173023585896837, 50.535182306976516], [-4.171430794164087, 50.539809402714134], [-4.168321343920921, 50.53973696451641], [-4.163558906723309, 50.53561357367453], [-4.164099990249346, 50.53050999458112], [-4.164459990249936, 50.529739994580524], [-4.165699990251063, 50.52906999457998], [-4.164199990250385, 50.52836999457946], [-4.163059990249589, 50.52844999457953], [-4.161809990248527, 50.52896999457996], [-4.161369990248302, 50.528819994579855], [-4.160919990247812, 50.52923999458017], [-4.159849990247383, 50.52861999457972], [-4.161158323381531, 50.52797504299233], [-4.169739041201625, 50.52726096625204], [-4.171770911501053, 50.52871030431374]]]}}, {"type": "Feature", "properties": {"type": "postcode-cell", "postcode": "PL20 7EE", "postcodes": ["PL20 7EE"]}, "geometry": {"type": "Polygon", "coordinates": [[[-4.178636945057561, 50.484466607084535], [-4.174041433260996, 50.48520549971975], [-4.170174550695551, 50.47976481005415], [-4.178239703439128, 50.47955959423533], [-4.179390502155845, 50.48109343273957], [-4.178636945057561, 50.484466607084535]]]}}, {"type": "Feature", "properties": {"type": "postcode-cell", "postcode": "PL20 7JR", "postcodes": ["PL20 7JR"]}, "geometry": {"type": "MultiPolygon", "coordinates": [[[[-4.175432505303027, 50.44380964709478], [-4.175319990296267, 50.44373999451278], [-4.175311046594018, 50.44354025450955], [-4.175432505303027, 50.44380964709478]]], [[[-4.1788857566953785, 50.451467491810845], [-4.17567539461629, 50.44939327348402], [-4.174446429903259, 50.447224449489646], [-4.174156057535589, 50.444389287636035], [-4.174619990295647, 50.44407999451305], [-4.174789990295653, 50.44431999451323], [-4.1755475527325965, 50.44406481655545], [-4.1788857566953785, 50.451467491810845]]]]}}, {"type": "Feature", "properties": {"type": "postcode-cell", "postcode": "PL20 7JW", "postcodes": ["PL20 7JW"]}, "geometry": {"type": "Polygon", "coordinates": [[[-4.1758592835692, 50.450446086491816], [-4.17794056115963, 50.45236630947174], [-4.176844052219307, 50.45454273167661], [-4.175681575764456, 50.45090683173828], [-4.1758592835692, 50.450446086491816]]]}}, {"type": "Feature", "properties": {"type": "postcode-cell", "postcode": "PL20 7JQ", "postcodes": ["PL20 7JQ"]}, "geometry": {"type": "Polygon", "coordinates": [[[-4.175681575764456, 50.45090683173828], [-4.174975036839651, 50.45155121778079], [-4.174402375707444, 50.45134884795391], [-4.1742291114053724, 50.447787527344055], [-4.174446429903259, 50.447224449489646], [-4.17567539461629, 50.44939327348402], [-4.1758592835692, 50.450446086491816], [-4.175681575764456, 50.45090683173828]]]}}, {"type": "Feature", "properties": {"type": "postcode-cell", "postcode": "PL19 8HW", "postcodes": ["PL19 8HW"]}, "geometry": {"type": "Polygon", "coordinates": [[[-4.177624115272457, 50.543771725304595], [-4.177589969780053, 50.54380599816578], [-4.1660917327510045, 50.54429300526969], [-4.166469990244889, 50.543789994591556], [-4.166619990245234, 50.54324999459114], [-4.166219990245101, 50.542959994590916], [-4.16665999024543, 50.54287999459084], [-4.166216897460634, 50.54187922314017], [-4.168321343920921, 50.53973696451641], [-4.171430794164087, 50.539809402714134], [-4.176060925184333, 50.54131986507413], [-4.177624115272457, 50.543771725304595]]]}}, {"type": "Feature", "properties": {"type": "postcode-cell", "postcode": "PL20 7LE", "postcodes": ["PL20 7LE"]}, "geometry": {"type": "Polygon", "coordinates": [[[-4.176418784648606, 50.45572423519103], [-4.175161761436896, 50.45603485534458], [-4.174420474372121, 50.45542737778294], [-4.174975036839651, 50.45155121778079], [-4.175681575764456, 50.45090683173828], [-4.176844052219307, 50.45454273167661], [-4.176418784648606, 50.45572423519103]]]}}, {"type": "Feature", "properties": {"type": "postcode-cell", "postcode": "PL20 7LA", "postcodes": ["PL20 7LA"]}, "geometry": {"type": "Polygon", "coordinates": [[[-4.174420474372121, 50.45542737778294], [-4.175161761436896, 50.45603485534458], [-4.172745123694356, 50.45891439512621], [-4.168680752835238, 50.45994851454067], [-4.165406957603022, 50.455578243046794], [-4.16507189980794, 50.454886936496365], [-4.165279990284674, 50.45460999452146], [-4.166981548618301, 50.453369744198206], [-4.172846263372488, 50.45434538676161], [-4.174420474372121, 50.45542737778294]]]}}, {"type": "Feature", "properties": {"type": "postcode-cell", "postcode": "PL20 7JJ", "postcodes": ["PL20 7JJ"]}, "geometry": {"type": "Polygon", "coordinates": [[[-4.172846263372488, 50.45434538676161], [-4.172344382829209, 50.45288652070778], [-4.1726602383037115, 50.45223591164936], [-4.174402375707444, 50.45134884795391], [-4.174975036839651, 50.45155121778079], [-4.174420474372121, 50.45542737778294], [-4.172846263372488, 50.45434538676161]]]}}, {"type": "Feature", "properties": {"type": "postcode-cell", "postcode": "PL20 7JH", "postcodes": ["PL20 7JH"]}, "geometry": {"type": "Polygon", "coordinates": [[[-4.1742291114053724, 50.447787527344055], [-4.173331122725934, 50.44966064936061], [-4.171060041577624, 50.45119967630016], [-4.170838950510724, 50.450456375028246], [-4.170999990290372, 50.45040999451806], [-4.171599990291171, 50.44951999451737], [-4.1713399902914245, 50.44858999451665], [-4.1731499902937195, 50.446179994514736], [-4.173419990294491, 50.44487999451369], [-4.174156057535589, 50.444389287636035], [-4.174446429903259, 50.447224449489646], [-4.1742291114053724, 50.447787527344055]]]}}, {"type": "Feature", "properties": {"type": "postcode-cell", "postcode": "PL20 7JG", "postcodes": ["PL20 7JG"]}, "geometry": {"type": "Polygon", "coordinates": [[[-4.1742291114053724, 50.447787527344055], [-4.174402375707444, 50.45134884795391], [-4.1726602383037115, 50.45223591164936], [-4.173331122725934, 50.44966064936061], [-4.1742291114053724, 50.447787527344055]]]}}, {"type": "Feature", "properties": {"type": "postcode-cell", "postcode": "PL20 7ED", "postcodes": ["PL20 7ED"]}, "geometry": {"type": "Polygon", "coordinates": [[[-4.164224245473793, 50.47572672235752], [-4.148436994758319, 50.47724001793193], [-4.143733995982072, 50.47617298557662], [-4.1440199902612695, 50.47511999453793], [-4.14536999026299, 50.47329999453649], [-4.148099990265571, 50.471599994535104], [-4.150039990267649, 50.4698499945337], [-4.149889990267985, 50.468899994532954], [-4.148799990267443, 50.46850999453266], [-4.1486799902676506, 50.46787999453216], [-4.1499999902690154, 50.46679999453129], [-4.150549990270188, 50.465029994529914], [-4.150809990270448, 50.464839994529754], [-4.150519990270122, 50.46512999453], [-4.151209990270422, 50.46546999453024], [-4.152389990271767, 50.464229994529255], [-4.153659990272677, 50.46407999452913], [-4.1532599902722085, 50.464529994529485], [-4.15552999027407, 50.46372999452881], [-4.1575599902760745, 50.46227999452763], [-4.157728455775533, 50.46170240303215], [-4.165679095177771, 50.46185946787623], [-4.1713924558239235, 50.469771587765045], [-4.1665294347383295, 50.47442383905764], [-4.164224245473793, 50.47572672235752]]]}}, {"type": "Feature", "properties": {"type": "postcode-cell", "postcode": "PL20 7EF", "postcodes": ["PL20 7EF"]}, "geometry": {"type": "Polygon", "coordinates": [[[-4.172696867158163, 50.48782037216952], [-4.1584763291046345, 50.48842278580281], [-4.15738117710888, 50.48720320662752], [-4.157489990264653, 50.487229994547164], [-4.159899990266418, 50.486859994546855], [-4.160359990266895, 50.48647999454653], [-4.159549990267001, 50.48506999454546], [-4.156859990266231, 50.48284999454376], [-4.155089990265344, 50.48222999454331], [-4.1527402700482945, 50.48203418630824], [-4.148436994758319, 50.47724001793193], [-4.164224245473793, 50.47572672235752], [-4.170174550695551, 50.47976481005415], [-4.174041433260996, 50.48520549971975], [-4.172696867158163, 50.48782037216952]]]}}, {"type": "Feature", "properties": {"type": "postcode-cell", "postcode": "PL20 7JL", "postcodes": ["PL20 7JL"]}, "geometry": {"type": "Polygon", "coordinates": [[[-4.171060041577624, 50.45119967630016], [-4.173331122725934, 50.44966064936061], [-4.1726602383037115, 50.45223591164936], [-4.172344382829209, 50.45288652070778], [-4.170817708329374, 50.45174210175846], [-4.171060041577624, 50.45119967630016]]]}}, {"type": "Feature", "properties": {"type": "postcode-cell", "postcode": "PL20 7JN", "postcodes": ["PL20 7JN"]}, "geometry": {"type": "Polygon", "coordinates": [[[-4.171060041577624, 50.45119967630016], [-4.170817708329374, 50.45174210175846], [-4.169954159953829, 50.45149143471162], [-4.170219990289521, 50.45113999451866], [-4.169749990289381, 50.45076999451838], [-4.170838950510724, 50.450456375028246], [-4.171060041577624, 50.45119967630016]]]}}, {"type": "Feature", "properties": {"type": "postcode-cell", "postcode": "PL19 8HS", "postcodes": ["PL19 8HS"]}, "geometry": {"type": "Polygon", "coordinates": [[[-4.176060925184333, 50.54131986507413], [-4.171430794164087, 50.539809402714134], [-4.173023585896837, 50.535182306976516], [-4.178002062809955, 50.53876833252073], [-4.176060925184333, 50.54131986507413]]]}}, {"type": "Feature", "properties": {"type": "postcode-cell", "postcode": "PL20 7JZ", "postcodes": ["PL20 7JZ"]}, "geometry": {"type": "Polygon", "coordinates": [[[-4.172344382829209, 50.45288652070778], [-4.172846263372488, 50.45434538676161], [-4.166981548618301, 50.453369744198206], [-4.168599990287972, 50.45218999451951], [-4.169629990288775, 50.45191999451928], [-4.169954159953829, 50.45149143471162], [-4.170817708329374, 50.45174210175846], [-4.172344382829209, 50.45288652070778]]]}}, {"type": "Feature", "properties": {"type": "postcode-cell", "postcode": "PL19 8FF", "postcodes": ["PL19 8FF"]}, "geometry": {"type": "MultiPolygon", "coordinates": [[[[-4.169739041201625, 50.52726096625204], [-4.161158323381531, 50.52797504299233], [-4.161269990248643, 50.52791999457913], [-4.165299990252738, 50.524799994576604], [-4.16536999025311, 50.52407999457604], [-4.164429990252778, 50.523439994575554], [-4.164989990254067, 50.52141999457394], [-4.164679990254454, 50.52010999457291], [-4.164119990254313, 50.51960999457254], [-4.158899990251135, 50.518979994572135], [-4.158069990250822, 50.51845999457176], [-4.157699990251054, 50.51740999457091], [-4.158979990252899, 50.51521999456918], [-4.162589990255684, 50.51435999456842], [-4.163901856796701, 50.51273764491013], [-4.175361670564963, 50.523439074204724], [-4.169739041201625, 50.52726096625204]]], [[[-4.154835213203534, 50.51069220251227], [-4.161783079657985, 50.51161160942735], [-4.1611499902557885, 50.51202999456664], [-4.159859990254811, 50.512299994566845], [-4.156529990252563, 50.51238999456699], [-4.1534899902507405, 50.51196999456669], [-4.150909990248964, 50.51210999456687], [-4.150460865245162, 50.511021239217705], [-4.154835213203534, 50.51069220251227]]]]}}, {"type": "Feature", "properties": {"type": "postcode-cell", "postcode": "PL20 7LB", "postcodes": ["PL20 7LB"]}, "geometry": {"type": "MultiPolygon", "coordinates": [[[[-4.165406957603022, 50.455578243046794], [-4.164220374763687, 50.45602017124007], [-4.16507189980794, 50.454886936496365], [-4.165406957603022, 50.455578243046794]]], [[[-4.156375480870169, 50.45894139766097], [-4.156349990276812, 50.458899994525], [-4.158679990279487, 50.45641999452301], [-4.160249990280953, 50.45547999452224], [-4.162019990282198, 50.45530999452207], [-4.163219990282632, 50.456099994522674], [-4.163926948444399, 50.45612945115275], [-4.156375480870169, 50.45894139766097]]]]}}, {"type": "Feature", "properties": {"type": "postcode-cell", "postcode": "PL20 7HP", "postcodes": ["PL20 7HP"]}, "geometry": {"type": "Polygon", "coordinates": [[[-4.177069966031428, 50.50197366485248], [-4.170322767223421, 50.50259291622266], [-4.162587064539654, 50.49838592540624], [-4.165160372271448, 50.495102013628895], [-4.173677105112678, 50.49475071383308], [-4.177069966031428, 50.50197366485248]]]}}, {"type": "Feature", "properties": {"type": "postcode-cell", "postcode": "PL20 7HT", "postcodes": ["PL20 7HT"]}, "geometry": {"type": "Polygon", "coordinates": [[[-4.173677105112678, 50.49475071383308], [-4.165160372271448, 50.495102013628895], [-4.158401691905946, 50.48943802187081], [-4.1584763291046345, 50.48842278580281], [-4.172696867158163, 50.48782037216952], [-4.175844613435419, 50.4918950565216], [-4.173677105112678, 50.49475071383308]]]}}, {"type": "Feature", "properties": {"type": "postcode-cell", "postcode": "PL19 8HN", "postcodes": ["PL19 8HN"]}, "geometry": {"type": "Polygon", "coordinates": [[[-4.174713619083152, 50.54991717337359], [-4.165075378062974, 50.5485147861645], [-4.1661399902424865, 50.54860999459539], [-4.16586999024323, 50.54656999459377], [-4.164889990243254, 50.545079994592605], [-4.165529990243698, 50.54503999459258], [-4.1660917327510045, 50.54429300526969], [-4.177589969780053, 50.54380599816578], [-4.174713619083152, 50.54991717337359]]]}}, {"type": "Feature", "properties": {"type": "postcode-cell", "postcode": "PL20 7HR", "postcodes": ["PL20 7HR"]}, "geometry": {"type": "Polygon", "coordinates": [[[-4.154835213203534, 50.51069220251227], [-4.150460865245162, 50.511021239217705], [-4.149919990249402, 50.50970999456498], [-4.151029990250466, 50.508989994564395], [-4.155189990253185, 50.50906999456439], [-4.156569990254747, 50.50764999456325], [-4.156849990255234, 50.50698999456274], [-4.156389990255107, 50.50658999456242], [-4.152599990253264, 50.50512999456135], [-4.152149990253631, 50.50366999456021], [-4.153979990255858, 50.50143999455843], [-4.15558999025727, 50.500679994557814], [-4.157479990258662, 50.50036999455751], [-4.158259990259494, 50.499679994556956], [-4.158323985856565, 50.499576621644664], [-4.162587064539654, 50.49838592540624], [-4.170322767223421, 50.50259291622266], [-4.154835213203534, 50.51069220251227]]]}}, {"type": "Feature", "properties": {"type": "postcode-cell", "postcode": "PL19 8HP", "postcodes": ["PL19 8HP"]}, "geometry": {"type": "Polygon", "coordinates": [[[-4.168321343920921, 50.53973696451641], [-4.166216897460634, 50.54187922314017], [-4.166079990245637, 50.541569994589814], [-4.164609990245351, 50.54004999458866], [-4.1633599902443486, 50.54042999458897], [-4.163079990244299, 50.54012999458873], [-4.163558906723309, 50.53561357367453], [-4.168321343920921, 50.53973696451641]]]}}, {"type": "Feature", "properties": {"type": "postcode-cell", "postcode": "PL20 7LD", "postcodes": ["PL20 7LD"]}, "geometry": {"type": "Polygon", "coordinates": [[[-4.157728455775533, 50.46170240303215], [-4.157839990276695, 50.46131999452687], [-4.156375480870169, 50.45894139766097], [-4.163926948444399, 50.45612945115275], [-4.163939990283096, 50.45612999452269], [-4.1637599902828075, 50.45649999452299], [-4.163369990282564, 50.45646999452296], [-4.163889990282852, 50.45658999452305], [-4.163299990282232, 50.45709999452347], [-4.163939990282687, 50.457029994523396], [-4.163949990282985, 50.456379994522884], [-4.164220374763687, 50.45602017124007], [-4.165406957603022, 50.455578243046794], [-4.168680752835238, 50.45994851454067], [-4.165679095177771, 50.46185946787623], [-4.157728455775533, 50.46170240303215]]]}}, {"type": "Feature", "properties": {"type": "postcode-cell", "postcode": "PL20 7HS", "postcodes": ["PL20 7HS"]}, "geometry": {"type": "Polygon", "coordinates": [[[-4.165160372271448, 50.495102013628895], [-4.162587064539654, 50.49838592540624], [-4.158323985856565, 50.499576621644664], [-4.15955999026131, 50.49757999455529], [-4.158089990260719, 50.496739994554666], [-4.157929990260823, 50.49627999455429], [-4.159809990263275, 50.49362999455218], [-4.159599990263399, 50.49304999455172], [-4.15855999026287, 50.492699994551465], [-4.1576199902621935, 50.492819994551574], [-4.1537499902589, 50.49442999455291], [-4.152786958767449, 50.49450669688705], [-4.158401691905946, 50.48943802187081], [-4.165160372271448, 50.495102013628895]]]}}, {"type": "Feature", "properties": {"type": "postcode-cell", "postcode": "PL20 7NS", "postcodes": ["PL20 7NS"]}, "geometry": {"type": "MultiPolygon", "coordinates": [[[[-4.148436994758319, 50.47724001793193], [-4.1527402700482945, 50.48203418630824], [-4.152569990263774, 50.4820199945432], [-4.1500299902625395, 50.481039994542456], [-4.148299990261938, 50.47984999454157], [-4.146939990262022, 50.47769999453991], [-4.144749990260717, 50.477389994539706], [-4.14357999026024, 50.47673999453923], [-4.143733995982072, 50.47617298557662], [-4.148436994758319, 50.47724001793193]]], [[[-4.1584763291046345, 50.48842278580281], [-4.158401691905946, 50.48943802187081], [-4.152786958767449, 50.49450669688705], [-4.152619990258109, 50.494519994552995], [-4.150059990256721, 50.49384999455253], [-4.14848999025626, 50.49257999455155], [-4.148829990256835, 50.49180999455095], [-4.147919990257338, 50.489389994549086], [-4.147999990258174, 50.48766999454771], [-4.149439990259261, 50.48737999454746], [-4.150659990260453, 50.486529994546764], [-4.154199990262846, 50.48641999454661], [-4.15738117710888, 50.48720320662752], [-4.1584763291046345, 50.48842278580281]]]]}}]}