{"type": "FeatureCollection", "features": [{"type": "Feature", "properties": {"type": "ward-outline", "name": "Bovey"}, "geometry": {"type": "Polygon", "coordinates": [[[-3.64977, 50.59945], [-3.64808, 50.59827], [-3.64798, 50.59779], [-3.64935, 50.59507], [-3.64924, 50.59344], [-3.64357, 50.58633], [-3.64384, 50.58601], [-3.64266, 50.58465], [-3.64138, 50.58107], [-3.64007, 50.58013], [-3.63813, 50.57948], [-3.64121, 50.57597], [-3.64333, 50.57436], [-3.64808, 50.56966], [-3.65403, 50.56554], [-3.65446, 50.56548], [-3.66349, 50.57375], [-3.67679, 50.57544], [-3.67918, 50.57546], [-3.68153, 50.57511], [-3.68764, 50.57562], [-3.69035, 50.57612], [-3.69316, 50.57722], [-3.69546, 50.57728], [-3.69528, 50.5776], [-3.69572, 50.57799], [-3.69935, 50.57896], [-3.70078, 50.58004], [-3.70089, 50.5805], [-3.70209, 50.58085], [-3.70425, 50.58086], [-3.70664, 50.58169], [-3.70653, 50.5826], [-3.71022, 50.58363], [-3.71136, 50.58309], [-3.71338, 50.58329], [-3.71779, 50.58233], [-3.7215, 50.58205], [-3.72405, 50.5828], [-3.72374, 50.58304], [-3.72409, 50.58359], [-3.72652, 50.58485], [-3.73711, 50.58794], [-3.74453, 50.59108], [-3.74833, 50.59145], [-3.74426, 50.59537], [-3.73812, 50.59717], [-3.73222, 50.59948], [-3.72647, 50.59994], [-3.72459, 50.602], [-3.72221, 50.60281], [-3.71743, 50.60785], [-3.71442, 50.60855], [-3.7123, 50.60839], [-3.7112, 50.6075], [-3.7086, 50.60652], [-3.70741, 50.60551], [-3.7049, 50.60525], [-3.70252, 50.60613], [-3.69964, 50.60541], [-3.69921, 50.60468], [-3.69839, 50.60499], [-3.6977, 50.60737], [-3.70184, 50.61064], [-3.70218, 50.61149], [-3.7047, 50.61404], [-3.70312, 50.61547], [-3.70057, 50.61604], [-3.69988, 50.61714], [-3.70015, 50.61785], [-3.69912, 50.61816], [-3.6989, 50.6186], [-3.70041, 50.6197], [-3.70132, 50.62092], [-3.70364, 50.62233], [-3.70725, 50.62379], [-3.71229, 50.62461], [-3.71517, 50.62665], [-3.7155, 50.62694], [-3.71517, 50.62723], [-3.71111, 50.62864], [-3.71119, 50.63035], [-3.71246, 50.63034], [-3.71444, 50.63209], [-3.71615, 50.63264], [-3.71872, 50.63415], [-3.71419, 50.63689], [-3.71185, 50.63956], [-3.70776, 50.64226], [-3.70818, 50.64268], [-3.71032, 50.64309], [-3.70991, 50.64335], [-3.70784, 50.64393], [-3.70278, 50.63879], [-3.70101, 50.6382], [-3.69899, 50.63597], [-3.69627, 50.63492], [-3.69368, 50.63285], [-3.69231, 50.63264], [-3.69155, 50.63072], [-3.69049, 50.62939], [-3.68965, 50.62939], [-3.68881, 50.62862], [-3.689, 50.62832], [-3.68741, 50.62589], [-3.68496, 50.62297], [-3.68341, 50.62157], [-3.67924, 50.61943], [-3.6778, 50.61828], [-3.67598, 50.61763], [-3.67845, 50.61534], [-3.67845, 50.61454], [-3.67695, 50.61209], [-3.67699, 50.61141], [-3.67923, 50.61021], [-3.68166, 50.60984], [-3.68154, 50.60927], [-3.6823, 50.60853], [-3.6804, 50.60598], [-3.67813, 50.60725], [-3.67612, 50.60675], [-3.67469, 50.60599], [-3.67066, 50.60567], [-3.66812, 50.6049], [-3.66565, 50.60505], [-3.66336, 50.60547], [-3.65874, 50.60834], [-3.65399, 50.60918], [-3.65353, 50.60902], [-3.65378, 50.60844], [-3.65232, 50.60652], [-3.65067, 50.6055], [-3.65143, 50.60366], [-3.64951, 50.60097], [-3.64977, 50.59945]]]}}, {"type": "Feature", "properties": {"type": "postcode-cell", "postcode": "TQ13 9XJ", "postcodes": ["TQ13 9XJ"]}, "geometry": {"type": "Polygon", "coordinates": [[[-3.7310947656796576, 50.59488077787783], [-3.734662908733076, 50.588456824271084], [-3.735859966892998, 50.58757532874093], [-3.737109989944047, 50.5879399946337], [-3.744529989947336, 50.591079994636026], [-3.7483299899496023, 50.59144999463625], [-3.744259989945148, 50.5953699946394], [-3.738119989940359, 50.59716999464089], [-3.732219989935485, 50.5994799946428], [-3.7319761059625627, 50.599499511297374], [-3.7310947656796576, 50.59488077787783]]]}}, {"type": "Feature", "properties": {"type": "postcode-cell", "postcode": "TQ13 9XZ", "postcodes": ["TQ13 9XZ"]}, "geometry": {"type": "Polygon", "coordinates": [[[-3.734662908733076, 50.588456824271084], [-3.7201547271887363, 50.586314762335306], [-3.714922897559186, 50.58342063420987], [-3.714785138460696, 50.58298413423398], [-3.7177899899343054, 50.58232999462966], [-3.721499989936811, 50.58204999462938], [-3.7240499899380923, 50.58279999462991], [-3.7237399899377808, 50.58303999463011], [-3.724089989937746, 50.58358999463053], [-3.726519989938709, 50.584849994631476], [-3.735859966892998, 50.58757532874093], [-3.734662908733076, 50.588456824271084]]]}}, {"type": "Feature", "properties": {"type": "postcode-cell", "postcode": "TQ13 9LN", "postcodes": ["TQ13 9LN"]}, "geometry": {"type": "Polygon", "coordinates": [[[-3.7310947656796576, 50.59488077787783], [-3.7151427120287406, 50.59301835323413], [-3.7201547271887363, 50.586314762335306], [-3.734662908733076, 50.588456824271084], [-3.7310947656796576, 50.59488077787783]]]}}, {"type": "Feature", "properties": {"type": "postcode-cell", "postcode": "TQ13 9JP", "postcodes": ["TQ13 9JP"]}, "geometry": {"type": "Polygon", "coordinates": [[[-3.682373654754581, 50.578830490501545], [-3.681721565908341, 50.57874401794983], [-3.6809935752865117, 50.57854042381287], [-3.6797552231239283, 50.57745364620687], [-3.679616427548285, 50.57539499724149], [-3.68152998991454, 50.57510999462468], [-3.6876399899181966, 50.57561999462497], [-3.6885882781187314, 50.57579496396521], [-3.682373654754581, 50.578830490501545]]]}}, {"type": "Feature", "properties": {"type": "postcode-cell", "postcode": "TQ13 9JS", "postcodes": ["TQ13 9JS"]}, "geometry": {"type": "Polygon", "coordinates": [[[-3.6986166678244676, 50.58507545728249], [-3.696356157364308, 50.58530645154739], [-3.6918471065564797, 50.581468993629265], [-3.6909369485532086, 50.577741885547056], [-3.6912954870419634, 50.57649013146709], [-3.693159989920966, 50.57721999462612], [-3.695459989922406, 50.57727999462611], [-3.695279989922142, 50.5775999946264], [-3.695719989922238, 50.57798999462666], [-3.6993499899240976, 50.57895999462737], [-3.700779989924503, 50.58003999462817], [-3.700889989924356, 50.58049999462853], [-3.702089989924959, 50.580849994628785], [-3.703775465667257, 50.580857801192224], [-3.6986166678244676, 50.58507545728249]]]}}, {"type": "Feature", "properties": {"type": "postcode-cell", "postcode": "TQ13 9LJ", "postcodes": ["TQ13 9LJ"]}, "geometry": {"type": "Polygon", "coordinates": [[[-3.7319761059625627, 50.599499511297374], [-3.726469989931581, 50.599939994643265], [-3.7245899899294055, 50.601999994644906], [-3.7227309653063454, 50.6026326943996], [-3.710658177582927, 50.59758479661594], [-3.7104445802637347, 50.59555120668433], [-3.7104557970920053, 50.5950666292808], [-3.711412229935376, 50.593440409844675], [-3.7151427120287406, 50.59301835323413], [-3.7310947656796576, 50.59488077787783], [-3.7319761059625627, 50.599499511297374]]]}}, {"type": "Feature", "properties": {"type": "postcode-cell", "postcode": "TQ13 9LL", "postcodes": ["TQ13 9LL"]}, "geometry": {"type": "Polygon", "coordinates": [[[-3.7201547271887363, 50.586314762335306], [-3.7151427120287406, 50.59301835323413], [-3.711412229935376, 50.593440409844675], [-3.7084107363126937, 50.590209534711825], [-3.714922897559186, 50.58342063420987], [-3.7201547271887363, 50.586314762335306]]]}}, {"type": "Feature", "properties": {"type": "postcode-cell", "postcode": "TQ13 9LG", "postcodes": ["TQ13 9LG"]}, "geometry": {"type": "Polygon", "coordinates": [[[-3.7068719809192894, 50.601195482962765], [-3.710658177582927, 50.59758479661594], [-3.7227309653063454, 50.6026326943996], [-3.722209989927499, 50.60280999464559], [-3.7174299899220635, 50.60784999464963], [-3.714419989919806, 50.60854999465023], [-3.7122999899185203, 50.608389994650146], [-3.711199989918234, 50.60749999464947], [-3.708599989917028, 50.60651999464876], [-3.7074099899167425, 50.60550999464797], [-3.70705746938754, 50.605473482024614], [-3.7068719809192894, 50.601195482962765]]]}}, {"type": "Feature", "properties": {"type": "postcode-cell", "postcode": "TQ13 9LD", "postcodes": ["TQ13 9LD"]}, "geometry": {"type": "Polygon", "coordinates": [[[-3.7074169869472207, 50.58995323072722], [-3.7051207495369334, 50.58116240145383], [-3.7066399899274707, 50.58168999462936], [-3.706529989926974, 50.58259999463007], [-3.710219989928846, 50.58362999463078], [-3.7113599899298317, 50.58308999463037], [-3.71337998993103, 50.58328999463049], [-3.714785138460696, 50.58298413423398], [-3.714922897559186, 50.58342063420987], [-3.7084107363126937, 50.590209534711825], [-3.7074169869472207, 50.58995323072722]]]}}, {"type": "Feature", "properties": {"type": "postcode-cell", "postcode": "TQ13 9LF", "postcodes": ["TQ13 9LF"]}, "geometry": {"type": "Polygon", "coordinates": [[[-3.7084107363126937, 50.590209534711825], [-3.711412229935376, 50.593440409844675], [-3.7104557970920053, 50.5950666292808], [-3.696273705019413, 50.595409286838425], [-3.6973863295608687, 50.5931757575056], [-3.699214267862843, 50.59167165540297], [-3.704813682663575, 50.58962345343288], [-3.7074169869472207, 50.58995323072722], [-3.7084107363126937, 50.590209534711825]]]}}, {"type": "Feature", "properties": {"type": "postcode-cell", "postcode": "TQ13 9NY", "postcodes": ["TQ13 9NY"]}, "geometry": {"type": "Polygon", "coordinates": [[[-3.701430586080818, 50.63358828074519], [-3.7066310292846016, 50.624216309434075], [-3.707619533241236, 50.62385012718943], [-3.712289989910885, 50.62460999466284], [-3.7151699899117725, 50.626649994664405], [-3.7154999899118506, 50.62693999466463], [-3.7151699899115016, 50.627229994664866], [-3.7111099899082354, 50.62863999466605], [-3.7111899899074823, 50.6303499946674], [-3.7124599899083015, 50.630339994667345], [-3.714439989908751, 50.63208999466869], [-3.71614998990959, 50.63263999466912], [-3.7187199899105323, 50.63414999467023], [-3.716801936066305, 50.63531020197732], [-3.701430586080818, 50.63358828074519]]]}}, {"type": "Feature", "properties": {"type": "postcode-cell", "postcode": "TQ13 9LH", "postcodes": ["TQ13 9LH"]}, "geometry": {"type": "Polygon", "coordinates": [[[-3.710658177582927, 50.59758479661594], [-3.7068719809192894, 50.601195482962765], [-3.696704850949785, 50.599018793721804], [-3.7104445802637347, 50.59555120668433], [-3.710658177582927, 50.59758479661594]]]}}, {"type": "Feature", "properties": {"type": "postcode-cell", "postcode": "TQ13 9NZ", "postcodes": ["TQ13 9NZ"]}, "geometry": {"type": "Polygon", "coordinates": [[[-3.701430586080818, 50.63358828074519], [-3.716801936066305, 50.63531020197732], [-3.7141899899063344, 50.636889994672465], [-3.711849989903578, 50.6395599946746], [-3.7077599898996816, 50.64225999467679], [-3.7081799898997567, 50.642679994677124], [-3.7103199899009365, 50.643089994677396], [-3.7099099899005497, 50.643349994677614], [-3.7078399898989485, 50.643929994678096], [-3.702779989898116, 50.638789994674156], [-3.7010099898972584, 50.63819999467372], [-3.6989899898970102, 50.63596999467199], [-3.698079717544987, 50.635618615163466], [-3.701430586080818, 50.63358828074519]]]}}, {"type": "Feature", "properties": {"type": "postcode-cell", "postcode": "TQ13 9LQ", "postcodes": ["TQ13 9LQ"]}, "geometry": {"type": "Polygon", "coordinates": [[[-3.7104445802637347, 50.59555120668433], [-3.696704850949785, 50.599018793721804], [-3.6943050344780946, 50.598672414314365], [-3.6954582788810355, 50.59597779516301], [-3.696273705019413, 50.595409286838425], [-3.7104557970920053, 50.5950666292808], [-3.7104445802637347, 50.59555120668433]]]}}, {"type": "Feature", "properties": {"type": "postcode-cell", "postcode": "TQ13 9NX", "postcodes": ["TQ13 9NX"]}, "geometry": {"type": "Polygon", "coordinates": [[[-3.7012550781196323, 50.62379241548565], [-3.7066310292846016, 50.624216309434075], [-3.701430586080818, 50.63358828074519], [-3.698079717544987, 50.635618615163466], [-3.6962699898957623, 50.63491999467123], [-3.6936799898950765, 50.63284999466965], [-3.6923099898942957, 50.63263999466951], [-3.6915499898947153, 50.63071999466801], [-3.6904899898946604, 50.62938999466698], [-3.689649989894123, 50.62938999466699], [-3.6888099898939473, 50.628619994666415], [-3.688999989894211, 50.62831999466617], [-3.688275050805637, 50.627212103454376], [-3.7012550781196323, 50.62379241548565]]]}}, {"type": "Feature", "properties": {"type": "postcode-cell", "postcode": "TQ13 9NQ", "postcodes": ["TQ13 9NQ"]}, "geometry": {"type": "Polygon", "coordinates": [[[-3.70705746938754, 50.605473482024614], [-3.704899989915257, 50.605249994647814], [-3.7025199899133185, 50.606129994648526], [-3.700228720953313, 50.60555718503494], [-3.6995652958831897, 50.605283190286464], [-3.6992099899118824, 50.60467999464746], [-3.6986329823870694, 50.6048981326595], [-3.6967723363381437, 50.60412962008946], [-3.6936149349986596, 50.59911386558437], [-3.6943050344780946, 50.598672414314365], [-3.696704850949785, 50.599018793721804], [-3.7068719809192894, 50.601195482962765], [-3.70705746938754, 50.605473482024614]]]}}, {"type": "Feature", "properties": {"type": "postcode-cell", "postcode": "TQ13 9LB", "postcodes": ["TQ13 9LB"]}, "geometry": {"type": "Polygon", "coordinates": [[[-3.7074169869472207, 50.58995323072722], [-3.704813682663575, 50.58962345343288], [-3.6986166678244676, 50.58507545728249], [-3.703775465667257, 50.580857801192224], [-3.7042499899263346, 50.58085999462877], [-3.7051207495369334, 50.58116240145383], [-3.7074169869472207, 50.58995323072722]]]}}, {"type": "Feature", "properties": {"type": "postcode-cell", "postcode": "TQ13 9NW", "postcodes": ["TQ13 9NW"]}, "geometry": {"type": "Polygon", "coordinates": [[[-3.7066310292846016, 50.624216309434075], [-3.7012550781196323, 50.62379241548565], [-3.692374822622482, 50.61898620200347], [-3.695339828506643, 50.61715177244594], [-3.700226434549951, 50.616587698410264], [-3.6998799899064436, 50.617139994657215], [-3.7001499899062833, 50.617849994657746], [-3.699119989905477, 50.61815999465802], [-3.698899989905129, 50.61859999465838], [-3.700409989905578, 50.61969999465922], [-3.7013199899055853, 50.62091999466015], [-3.7036399899064083, 50.62232999466121], [-3.707249989908036, 50.623789994662296], [-3.707619533241236, 50.62385012718943], [-3.7066310292846016, 50.624216309434075]]]}}, {"type": "Feature", "properties": {"type": "postcode-cell", "postcode": "TQ13 9JY", "postcodes": ["TQ13 9JY"]}, "geometry": {"type": "Polygon", "coordinates": [[[-3.6973863295608687, 50.5931757575056], [-3.69126301747855, 50.588440061496705], [-3.692361560622366, 50.58746410997452], [-3.694131597543918, 50.586813648248615], [-3.699214267862843, 50.59167165540297], [-3.6973863295608687, 50.5931757575056]]]}}, {"type": "Feature", "properties": {"type": "postcode-cell", "postcode": "TQ13 9LE", "postcodes": ["TQ13 9LE"]}, "geometry": {"type": "Polygon", "coordinates": [[[-3.696273705019413, 50.595409286838425], [-3.6954582788810355, 50.59597779516301], [-3.688668582280805, 50.59181177399053], [-3.6900981914338074, 50.58896474599703], [-3.69126301747855, 50.588440061496705], [-3.6973863295608687, 50.5931757575056], [-3.696273705019413, 50.595409286838425]]]}}, {"type": "Feature", "properties": {"type": "postcode-cell", "postcode": "TQ13 9TX", "postcodes": ["TQ13 9TX"]}, "geometry": {"type": "MultiPolygon", "coordinates": [[[[-3.7018791182317963, 50.6109008307305], [-3.6973273927115407, 50.61024324736682], [-3.691982721775007, 50.6070433706497], [-3.6967723363381437, 50.60412962008946], [-3.6986329823870694, 50.6048981326595], [-3.698389989911212, 50.60498999464772], [-3.69769998990965, 50.607369994649595], [-3.7018399899107592, 50.6106399946521], [-3.701942538309814, 50.61089636909927], [-3.7018791182317963, 50.6109008307305]]], [[[-3.700228720953313, 50.60555718503494], [-3.6996399899118138, 50.60540999464803], [-3.6995652958831897, 50.605283190286464], [-3.700228720953313, 50.60555718503494]]]]}}, {"type": "Feature", "properties": {"type": "postcode-cell", "postcode": "TQ13 9LA", "postcodes": ["TQ13 9LA"]}, "geometry": {"type": "Polygon", "coordinates": [[[-3.699214267862843, 50.59167165540297], [-3.694131597543918, 50.586813648248615], [-3.696356157364308, 50.58530645154739], [-3.6986166678244676, 50.58507545728249], [-3.704813682663575, 50.58962345343288], [-3.699214267862843, 50.59167165540297]]]}}, {"type": "Feature", "properties": {"type": "postcode-cell", "postcode": "TQ13 9NN", "postcodes": ["TQ13 9NN"]}, "geometry": {"type": "Polygon", "coordinates": [[[-3.6955047685968645, 50.61408454555159], [-3.7018791182317963, 50.6109008307305], [-3.701942538309814, 50.61089636909927], [-3.7021799899105785, 50.611489994652736], [-3.7046999899109916, 50.6140399946547], [-3.7031199899093057, 50.61546999465585], [-3.7005699899074043, 50.61603999465633], [-3.700226434549951, 50.616587698410264], [-3.695339828506643, 50.61715177244594], [-3.6955047685968645, 50.61408454555159]]]}}, {"type": "Feature", "properties": {"type": "postcode-cell", "postcode": "TQ13 9NL", "postcodes": ["TQ13 9NL"]}, "geometry": {"type": "Polygon", "coordinates": [[[-3.695339828506643, 50.61715177244594], [-3.692374822622482, 50.61898620200347], [-3.685750814423997, 50.6185098921686], [-3.686444212880043, 50.61367707687852], [-3.6955047685968645, 50.61408454555159], [-3.695339828506643, 50.61715177244594]]]}}, {"type": "Feature", "properties": {"type": "postcode-cell", "postcode": "TQ13 9NJ", "postcodes": ["TQ13 9NJ"]}, "geometry": {"type": "Polygon", "coordinates": [[[-3.6955047685968645, 50.61408454555159], [-3.686444212880043, 50.61367707687852], [-3.686198570091758, 50.61287260201601], [-3.6867845042355625, 50.612323448210056], [-3.6973273927115407, 50.61024324736682], [-3.7018791182317963, 50.6109008307305], [-3.6955047685968645, 50.61408454555159]]]}}, {"type": "Feature", "properties": {"type": "postcode-cell", "postcode": "TQ13 9JX", "postcodes": ["TQ13 9JX"]}, "geometry": {"type": "Polygon", "coordinates": [[[-3.692361560622366, 50.58746410997452], [-3.687739853652988, 50.58462654075926], [-3.688759298850504, 50.58330984717302], [-3.6918471065564797, 50.581468993629265], [-3.696356157364308, 50.58530645154739], [-3.694131597543918, 50.586813648248615], [-3.692361560622366, 50.58746410997452]]]}}, {"type": "Feature", "properties": {"type": "postcode-cell", "postcode": "TQ13 9NG", "postcodes": ["TQ13 9NG"]}, "geometry": {"type": "Polygon", "coordinates": [[[-3.6967723363381437, 50.60412962008946], [-3.691982721775007, 50.6070433706497], [-3.6886266470748272, 50.60712322777183], [-3.6864292610521883, 50.605097638997094], [-3.6875604413619745, 50.601823697504635], [-3.6926269149347504, 50.59925839115285], [-3.6936149349986596, 50.59911386558437], [-3.6967723363381437, 50.60412962008946]]]}}, {"type": "Feature", "properties": {"type": "postcode-cell", "postcode": "TQ13 9JQ", "postcodes": ["TQ13 9JQ"]}, "geometry": {"type": "Polygon", "coordinates": [[[-3.6936149349986596, 50.59911386558437], [-3.6926269149347504, 50.59925839115285], [-3.683798380798168, 50.59538763655179], [-3.683652198041041, 50.59497656000384], [-3.6836299091799094, 50.594880967911266], [-3.684051359943521, 50.594241998012116], [-3.6852367443946843, 50.592779299240725], [-3.685290189881115, 50.592742862811214], [-3.688668582280805, 50.59181177399053], [-3.6954582788810355, 50.59597779516301], [-3.6943050344780946, 50.598672414314365], [-3.6936149349986596, 50.59911386558437]]]}}, {"type": "Feature", "properties": {"type": "postcode-cell", "postcode": "TQ13 9PR", "postcodes": ["TQ13 9PR"]}, "geometry": {"type": "Polygon", "coordinates": [[[-3.6535950328474076, 50.601433126769685], [-3.6622623162269967, 50.60615193071125], [-3.6587399898842983, 50.60833999465104], [-3.6539899898808734, 50.6091799946518], [-3.653529989880655, 50.60901999465167], [-3.653779989881087, 50.608439994651214], [-3.6523199898810677, 50.606519994649744], [-3.6506699898804977, 50.60549999464899], [-3.651429989881852, 50.60365999464753], [-3.6495099898819023, 50.60096999464544], [-3.6495522330693246, 50.600723040737265], [-3.6535950328474076, 50.601433126769685]]]}}, {"type": "Feature", "properties": {"type": "postcode-cell", "postcode": "TQ13 9LY", "postcodes": ["TQ13 9LY"]}, "geometry": {"type": "Polygon", "coordinates": [[[-3.686198570091758, 50.61287260201601], [-3.686444212880043, 50.61367707687852], [-3.685750814423997, 50.6185098921686], [-3.682109920504651, 50.620902850036984], [-3.679239989892155, 50.61942999465936], [-3.677799989891775, 50.61827999465848], [-3.6759799898909202, 50.61762999465802], [-3.678449989893578, 50.61533999465618], [-3.678449989893955, 50.61453999465554], [-3.6769499898941542, 50.61208999465367], [-3.6769899898944987, 50.611409994653116], [-3.6786014728248637, 50.61054671066675], [-3.686198570091758, 50.61287260201601]]]}}, {"type": "Feature", "properties": {"type": "postcode-cell", "postcode": "TQ13 9NH", "postcodes": ["TQ13 9NH"]}, "geometry": {"type": "Polygon", "coordinates": [[[-3.6867845042355625, 50.612323448210056], [-3.6886266470748272, 50.60712322777183], [-3.691982721775007, 50.6070433706497], [-3.6973273927115407, 50.61024324736682], [-3.6867845042355625, 50.612323448210056]]]}}, {"type": "Feature", "properties": {"type": "postcode-cell", "postcode": "TQ13 9NR", "postcodes": ["TQ13 9NR"]}, "geometry": {"type": "Polygon", "coordinates": [[[-3.692374822622482, 50.61898620200347], [-3.7012550781196323, 50.62379241548565], [-3.688275050805637, 50.627212103454376], [-3.687409989894337, 50.625889994664284], [-3.6849599898941445, 50.622969994662036], [-3.6834099898938137, 50.62156999466097], [-3.682109920504651, 50.620902850036984], [-3.685750814423997, 50.6185098921686], [-3.692374822622482, 50.61898620200347]]]}}, {"type": "Feature", "properties": {"type": "postcode-cell", "postcode": "TQ13 9NB", "postcodes": ["TQ13 9NB"]}, "geometry": {"type": "Polygon", "coordinates": [[[-3.6926269149347504, 50.59925839115285], [-3.6875604413619745, 50.601823697504635], [-3.681589146662217, 50.60044996266723], [-3.6821700301371805, 50.59744442143143], [-3.6837452125530765, 50.59543400891801], [-3.683798380798168, 50.59538763655179], [-3.6926269149347504, 50.59925839115285]]]}}, {"type": "Feature", "properties": {"type": "postcode-cell", "postcode": "TQ13 9NE", "postcodes": ["TQ13 9NE"]}, "geometry": {"type": "MultiPolygon", "coordinates": [[[[-3.686198570091758, 50.61287260201601], [-3.6786014728248637, 50.61054671066675], [-3.6792299898964984, 50.61020999465216], [-3.681659989898224, 50.609839994651814], [-3.681539989898418, 50.609269994651385], [-3.682299989899252, 50.60852999465078], [-3.6804489052012648, 50.60604564806207], [-3.6864292610521883, 50.605097638997094], [-3.6886266470748272, 50.60712322777183], [-3.6867845042355625, 50.612323448210056], [-3.686198570091758, 50.61287260201601]]], [[[-3.6802169340146644, 50.60608241332077], [-3.6781299898971915, 50.60724999464985], [-3.6761199898961427, 50.60674999464948], [-3.6760934073521687, 50.6067358672518], [-3.6802169340146644, 50.60608241332077]]]]}}, {"type": "Feature", "properties": {"type": "postcode-cell", "postcode": "TQ13 9JZ", "postcodes": ["TQ13 9JZ"]}, "geometry": {"type": "Polygon", "coordinates": [[[-3.692361560622366, 50.58746410997452], [-3.69126301747855, 50.588440061496705], [-3.6900981914338074, 50.58896474599703], [-3.687657204923781, 50.588441946788244], [-3.685802872500698, 50.587654979710855], [-3.685204909017658, 50.58720177764928], [-3.6846900662829034, 50.58672969288978], [-3.6845467671228183, 50.58638839692522], [-3.6859566908777506, 50.58476285905922], [-3.687739853652988, 50.58462654075926], [-3.692361560622366, 50.58746410997452]]]}}, {"type": "Feature", "properties": {"type": "postcode-cell", "postcode": "TQ13 9LT", "postcodes": ["TQ13 9LT"]}, "geometry": {"type": "Polygon", "coordinates": [[[-3.6900981914338074, 50.58896474599703], [-3.688668582280805, 50.59181177399053], [-3.685290189881115, 50.592742862811214], [-3.684844660588451, 50.59209279496952], [-3.6841267607062833, 50.589767683417016], [-3.687657204923781, 50.588441946788244], [-3.6900981914338074, 50.58896474599703]]]}}, {"type": "Feature", "properties": {"type": "postcode-cell", "postcode": "TQ13 9AX", "postcodes": ["TQ13 9AX", "TQ13 9AZ"]}, "geometry": {"type": "Polygon", "coordinates": [[[-3.685290189881115, 50.592742862811214], [-3.6852367443946843, 50.592779299240725], [-3.6841689117920744, 50.592415425254565], [-3.6816785443523865, 50.59094249661975], [-3.681940910801674, 50.5900631348931], [-3.684844660588451, 50.59209279496952], [-3.685290189881115, 50.592742862811214]]]}}, {"type": "Feature", "properties": {"type": "postcode-cell", "postcode": "TQ13 9JL", "postcodes": ["TQ13 9JL"]}, "geometry": {"type": "Polygon", "coordinates": [[[-3.6860873428235257, 50.58060820351352], [-3.684097020319944, 50.580841359629126], [-3.6825399150722524, 50.580558353057704], [-3.682031891739917, 50.58030360216852], [-3.682373654754581, 50.578830490501545], [-3.6885882781187314, 50.57579496396521], [-3.6903499899196914, 50.57611999462531], [-3.6912954870419634, 50.57649013146709], [-3.6909369485532086, 50.577741885547056], [-3.686544151072698, 50.580462776864984], [-3.6860873428235257, 50.58060820351352]]]}}, {"type": "Feature", "properties": {"type": "postcode-cell", "postcode": "TQ13 9DL", "postcodes": ["TQ13 9DL"]}, "geometry": {"type": "Polygon", "coordinates": [[[-3.686544151072698, 50.580462776864984], [-3.6865133427295675, 50.582467862753894], [-3.6849304673497434, 50.583216828193265], [-3.684593084431984, 50.58253644714407], [-3.6860873428235257, 50.58060820351352], [-3.686544151072698, 50.580462776864984]]]}}, {"type": "Feature", "properties": {"type": "postcode-cell", "postcode": "TQ13 9DJ", "postcodes": ["TQ13 9DJ"]}, "geometry": {"type": "Polygon", "coordinates": [[[-3.688759298850504, 50.58330984717302], [-3.6865133427295675, 50.582467862753894], [-3.686544151072698, 50.580462776864984], [-3.6909369485532086, 50.577741885547056], [-3.6918471065564797, 50.581468993629265], [-3.688759298850504, 50.58330984717302]]]}}, {"type": "Feature", "properties": {"type": "postcode-cell", "postcode": "TQ13 9DN", "postcodes": ["TQ13 9DN"]}, "geometry": {"type": "Polygon", "coordinates": [[[-3.6849304673497434, 50.583216828193265], [-3.68489324837603, 50.58333272868267], [-3.6831188901885414, 50.5832480840827], [-3.6830630104746938, 50.58320657218213], [-3.682455461923406, 50.58223816043821], [-3.6835036412667446, 50.582070128795635], [-3.684593084431984, 50.58253644714407], [-3.6849304673497434, 50.583216828193265]]]}}, {"type": "Feature", "properties": {"type": "postcode-cell", "postcode": "TQ13 9DH", "postcodes": ["TQ13 9DH"]}, "geometry": {"type": "Polygon", "coordinates": [[[-3.687739853652988, 50.58462654075926], [-3.6859566908777506, 50.58476285905922], [-3.6855531360902734, 50.584457805944275], [-3.68489324837603, 50.58333272868267], [-3.6849304673497434, 50.583216828193265], [-3.6865133427295675, 50.582467862753894], [-3.688759298850504, 50.58330984717302], [-3.687739853652988, 50.58462654075926]]]}}, {"type": "Feature", "properties": {"type": "postcode-cell", "postcode": "TQ13 9DQ", "postcodes": ["TQ13 9DQ"]}, "geometry": {"type": "Polygon", "coordinates": [[[-3.6855531360902734, 50.584457805944275], [-3.6826210524712906, 50.584354478514115], [-3.682692868537699, 50.583660134454014], [-3.6831188901885414, 50.5832480840827], [-3.68489324837603, 50.58333272868267], [-3.6855531360902734, 50.584457805944275]]]}}, {"type": "Feature", "properties": {"type": "postcode-cell", "postcode": "TQ13 9ZD", "postcodes": ["TQ13 9ZD"]}, "geometry": {"type": "Polygon", "coordinates": [[[-3.687657204923781, 50.588441946788244], [-3.6841267607062833, 50.589767683417016], [-3.684071494043678, 50.58974559600081], [-3.68390981373722, 50.58907520245815], [-3.6855552560351716, 50.58778874269175], [-3.685802872500698, 50.587654979710855], [-3.687657204923781, 50.588441946788244]]]}}, {"type": "Feature", "properties": {"type": "postcode-cell", "postcode": "TQ13 9EB", "postcodes": ["TQ13 9EB"]}, "geometry": {"type": "Polygon", "coordinates": [[[-3.684593084431984, 50.58253644714407], [-3.6835036412667446, 50.582070128795635], [-3.684097020319944, 50.580841359629126], [-3.6860873428235257, 50.58060820351352], [-3.684593084431984, 50.58253644714407]]]}}, {"type": "Feature", "properties": {"type": "postcode-cell", "postcode": "TQ13 9PE", "postcodes": ["TQ13 9PE"]}, "geometry": {"type": "Polygon", "coordinates": [[[-3.68390981373722, 50.58907520245815], [-3.6832590387906032, 50.58871095798188], [-3.6855552560351716, 50.58778874269175], [-3.68390981373722, 50.58907520245815]]]}}, {"type": "Feature", "properties": {"type": "postcode-cell", "postcode": "TQ13 9PG", "postcodes": ["TQ13 9PG"]}, "geometry": {"type": "Polygon", "coordinates": [[[-3.6855552560351716, 50.58778874269175], [-3.6832590387906032, 50.58871095798188], [-3.6832471770694437, 50.58871069696626], [-3.6828694039002174, 50.588455327652035], [-3.682867229229534, 50.58844930600817], [-3.685204909017658, 50.58720177764928], [-3.685802872500698, 50.587654979710855], [-3.6855552560351716, 50.58778874269175]]]}}, {"type": "Feature", "properties": {"type": "postcode-cell", "postcode": "TQ13 9FZ", "postcodes": ["TQ13 9FZ"]}, "geometry": {"type": "Polygon", "coordinates": [[[-3.682031891739917, 50.58030360216852], [-3.6798836762979312, 50.580858717027866], [-3.6792875083722194, 50.57986350609151], [-3.681721565908341, 50.57874401794983], [-3.682373654754581, 50.578830490501545], [-3.682031891739917, 50.58030360216852]]]}}, {"type": "Feature", "properties": {"type": "postcode-cell", "postcode": "TQ13 9BH", "postcodes": ["TQ13 9BH"]}, "geometry": {"type": "Polygon", "coordinates": [[[-3.681810276907397, 50.589957684153894], [-3.6807171362489153, 50.59077080462585], [-3.6804293663063405, 50.59071841554238], [-3.6803394947791452, 50.58969183070943], [-3.6808827168097604, 50.589254610244325], [-3.6810469750786323, 50.589311337096696], [-3.681258605443867, 50.58942041856726], [-3.681810276907397, 50.589957684153894]]]}}, {"type": "Feature", "properties": {"type": "postcode-cell", "postcode": "TQ13 9FS", "postcodes": ["TQ13 9FS"]}, "geometry": {"type": "Polygon", "coordinates": [[[-3.681258605443867, 50.58942041856726], [-3.6828967970234188, 50.589108387909], [-3.6838902914694858, 50.58972995385722], [-3.681897096025051, 50.58999986706308], [-3.681810276907397, 50.589957684153894], [-3.681258605443867, 50.58942041856726]]]}}, {"type": "Feature", "properties": {"type": "postcode-cell", "postcode": "TQ13 9TU", "postcodes": ["TQ13 9TU"]}, "geometry": {"type": "Polygon", "coordinates": [[[-3.684071494043678, 50.58974559600081], [-3.6838902914694858, 50.58972995385722], [-3.6828967970234188, 50.589108387909], [-3.6832471770694437, 50.58871069696626], [-3.6832590387906032, 50.58871095798188], [-3.68390981373722, 50.58907520245815], [-3.684071494043678, 50.58974559600081]]]}}, {"type": "Feature", "properties": {"type": "postcode-cell", "postcode": "TQ13 9FQ", "postcodes": ["TQ13 9FQ"]}, "geometry": {"type": "Polygon", "coordinates": [[[-3.6841267607062833, 50.589767683417016], [-3.684844660588451, 50.59209279496952], [-3.681940910801674, 50.5900631348931], [-3.681897096025051, 50.58999986706308], [-3.6838902914694858, 50.58972995385722], [-3.684071494043678, 50.58974559600081], [-3.6841267607062833, 50.589767683417016]]]}}, {"type": "Feature", "properties": {"type": "postcode-cell", "postcode": "TQ13 9DP", "postcodes": ["TQ13 9DP"]}, "geometry": {"type": "Polygon", "coordinates": [[[-3.682455461923406, 50.58223816043821], [-3.682305578890598, 50.58220236136831], [-3.6825399150722524, 50.580558353057704], [-3.684097020319944, 50.580841359629126], [-3.6835036412667446, 50.582070128795635], [-3.682455461923406, 50.58223816043821]]]}}, {"type": "Feature", "properties": {"type": "postcode-cell", "postcode": "TQ13 9DF", "postcodes": ["TQ13 9DF"]}, "geometry": {"type": "Polygon", "coordinates": [[[-3.6859566908777506, 50.58476285905922], [-3.6845467671228183, 50.58638839692522], [-3.683043413559042, 50.58609943004479], [-3.682188107421813, 50.585351541439046], [-3.682325508240321, 50.58461779354749], [-3.682452623829418, 50.58442958330025], [-3.6826210524712906, 50.584354478514115], [-3.6855531360902734, 50.584457805944275], [-3.6859566908777506, 50.58476285905922]]]}}, {"type": "Feature", "properties": {"type": "postcode-cell", "postcode": "TQ13 9EF", "postcodes": ["TQ13 9EF"]}, "geometry": {"type": "Polygon", "coordinates": [[[-3.6831188901885414, 50.5832480840827], [-3.682692868537699, 50.583660134454014], [-3.681409409404517, 50.583508741897816], [-3.681052966308947, 50.58314551276942], [-3.6830630104746938, 50.58320657218213], [-3.6831188901885414, 50.5832480840827]]]}}, {"type": "Feature", "properties": {"type": "postcode-cell", "postcode": "TQ13 9QL", "postcodes": ["TQ13 9QL"]}, "geometry": {"type": "Polygon", "coordinates": [[[-3.685204909017658, 50.58720177764928], [-3.682867229229534, 50.58844930600817], [-3.68221404108355, 50.587832499606264], [-3.6846900662829034, 50.58672969288978], [-3.685204909017658, 50.58720177764928]]]}}, {"type": "Feature", "properties": {"type": "postcode-cell", "postcode": "TQ13 9RZ", "postcodes": ["TQ13 9RZ"]}, "geometry": {"type": "Polygon", "coordinates": [[[-3.6846900662829034, 50.58672969288978], [-3.68221404108355, 50.587832499606264], [-3.6816594783079615, 50.58784770738885], [-3.681641909836163, 50.586657417090834], [-3.6818087090936755, 50.58646363406656], [-3.683043413559042, 50.58609943004479], [-3.6845467671228183, 50.58638839692522], [-3.6846900662829034, 50.58672969288978]]]}}, {"type": "Feature", "properties": {"type": "postcode-cell", "postcode": "TQ13 9DW", "postcodes": ["TQ13 9DW"]}, "geometry": {"type": "Polygon", "coordinates": [[[-3.682305578890598, 50.58220236136831], [-3.680429417486101, 50.58240926802256], [-3.679826378502143, 50.58092500658902], [-3.6798836762979312, 50.580858717027866], [-3.682031891739917, 50.58030360216852], [-3.6825399150722524, 50.580558353057704], [-3.682305578890598, 50.58220236136831]]]}}, {"type": "Feature", "properties": {"type": "postcode-cell", "postcode": "TQ13 9DG", "postcodes": ["TQ13 9DG"]}, "geometry": {"type": "Polygon", "coordinates": [[[-3.6830630104746938, 50.58320657218213], [-3.681052966308947, 50.58314551276942], [-3.680333997383184, 50.58272158349762], [-3.680306806320718, 50.58259679113908], [-3.680429417486101, 50.58240926802256], [-3.682305578890598, 50.58220236136831], [-3.682455461923406, 50.58223816043821], [-3.6830630104746938, 50.58320657218213]]]}}, {"type": "Feature", "properties": {"type": "postcode-cell", "postcode": "TQ13 9GB", "postcodes": ["TQ13 9GB"]}, "geometry": {"type": "Polygon", "coordinates": [[[-3.6828967970234188, 50.589108387909], [-3.681258605443867, 50.58942041856726], [-3.6810469750786323, 50.589311337096696], [-3.6828694039002174, 50.588455327652035], [-3.6832471770694437, 50.58871069696626], [-3.6828967970234188, 50.589108387909]]]}}, {"type": "Feature", "properties": {"type": "postcode-cell", "postcode": "TQ13 9LS", "postcodes": ["TQ13 9LS"]}, "geometry": {"type": "Polygon", "coordinates": [[[-3.6828694039002174, 50.588455327652035], [-3.6810469750786323, 50.589311337096696], [-3.6808827168097604, 50.589254610244325], [-3.680337434626417, 50.58868422059212], [-3.6803863490921507, 50.58850941229163], [-3.680660468150562, 50.588181942829436], [-3.6816594783079615, 50.58784770738885], [-3.68221404108355, 50.587832499606264], [-3.682867229229534, 50.58844930600817], [-3.6828694039002174, 50.588455327652035]]]}}, {"type": "Feature", "properties": {"type": "postcode-cell", "postcode": "TQ13 9AT", "postcodes": ["TQ13 9AT"]}, "geometry": {"type": "Polygon", "coordinates": [[[-3.681940910801674, 50.5900631348931], [-3.6816785443523865, 50.59094249661975], [-3.681021548194632, 50.59110048099211], [-3.6808970484837844, 50.591017888990805], [-3.6807171362489153, 50.59077080462585], [-3.681810276907397, 50.589957684153894], [-3.681897096025051, 50.58999986706308], [-3.681940910801674, 50.5900631348931]]]}}, {"type": "Feature", "properties": {"type": "postcode-cell", "postcode": "TQ13 9ND", "postcodes": ["TQ13 9ND"]}, "geometry": {"type": "Polygon", "coordinates": [[[-3.68098387358089, 50.60056493818021], [-3.681184449746482, 50.60051426290836], [-3.681589146662217, 50.60044996266723], [-3.6875604413619745, 50.601823697504635], [-3.6864292610521883, 50.605097638997094], [-3.6804489052012648, 50.60604564806207], [-3.6803999898992408, 50.6059799946488], [-3.6802169340146644, 50.60608241332077], [-3.6760934073521687, 50.6067358672518], [-3.6746899898955894, 50.60598999464892], [-3.6728362041180933, 50.60584281367257], [-3.679539283112161, 50.60105958968452], [-3.68098387358089, 50.60056493818021]]]}}, {"type": "Feature", "properties": {"type": "postcode-cell", "postcode": "TQ13 9LZ", "postcodes": ["TQ13 9LZ"]}, "geometry": {"type": "Polygon", "coordinates": [[[-3.679539283112161, 50.60105958968452], [-3.67646044599919, 50.59897887641526], [-3.677507341231885, 50.59810533520725], [-3.677730206418475, 50.59811577475054], [-3.68098387358089, 50.60056493818021], [-3.679539283112161, 50.60105958968452]]]}}, {"type": "Feature", "properties": {"type": "postcode-cell", "postcode": "TQ13 9BZ", "postcodes": ["TQ13 9BZ"]}, "geometry": {"type": "Polygon", "coordinates": [[[-3.681409409404517, 50.583508741897816], [-3.6814845582361104, 50.58399827830113], [-3.680636280205761, 50.58433142185509], [-3.6800556003314213, 50.58315451361886], [-3.680333997383184, 50.58272158349762], [-3.681052966308947, 50.58314551276942], [-3.681409409404517, 50.583508741897816]]]}}, {"type": "Feature", "properties": {"type": "postcode-cell", "postcode": "TQ13 9YE", "postcodes": ["TQ13 9YE"]}, "geometry": {"type": "Polygon", "coordinates": [[[-3.6826210524712906, 50.584354478514115], [-3.682452623829418, 50.58442958330025], [-3.6814845582361104, 50.58399827830113], [-3.681409409404517, 50.583508741897816], [-3.682692868537699, 50.583660134454014], [-3.6826210524712906, 50.584354478514115]]]}}, {"type": "Feature", "properties": {"type": "postcode-cell", "postcode": "TQ13 9AY", "postcodes": ["TQ13 9AY"]}, "geometry": {"type": "Polygon", "coordinates": [[[-3.6816594783079615, 50.58784770738885], [-3.680660468150562, 50.588181942829436], [-3.680192025362143, 50.587213092295784], [-3.680206705546804, 50.58717246553931], [-3.681641909836163, 50.586657417090834], [-3.6816594783079615, 50.58784770738885]]]}}, {"type": "Feature", "properties": {"type": "postcode-cell", "postcode": "TQ13 9GP", "postcodes": ["TQ13 9GP"]}, "geometry": {"type": "Polygon", "coordinates": [[[-3.6852367443946843, 50.592779299240725], [-3.684051359943521, 50.594241998012116], [-3.680385318337485, 50.592130906354015], [-3.6814270413864056, 50.59173752136829], [-3.6841689117920744, 50.592415425254565], [-3.6852367443946843, 50.592779299240725]]]}}, {"type": "Feature", "properties": {"type": "postcode-cell", "postcode": "TQ13 9DD", "postcodes": ["TQ13 9DD"]}, "geometry": {"type": "Polygon", "coordinates": [[[-3.682452623829418, 50.58442958330025], [-3.682325508240321, 50.58461779354749], [-3.680514308385179, 50.584530346809274], [-3.680636280205761, 50.58433142185509], [-3.6814845582361104, 50.58399827830113], [-3.682452623829418, 50.58442958330025]]]}}, {"type": "Feature", "properties": {"type": "postcode-cell", "postcode": "TQ13 9DE", "postcodes": ["TQ13 9DE"]}, "geometry": {"type": "Polygon", "coordinates": [[[-3.682188107421813, 50.585351541439046], [-3.680401161935771, 50.585245887238734], [-3.680256683859663, 50.58472772665184], [-3.680514308385179, 50.584530346809274], [-3.682325508240321, 50.58461779354749], [-3.682188107421813, 50.585351541439046]]]}}, {"type": "Feature", "properties": {"type": "postcode-cell", "postcode": "TQ13 9AU", "postcodes": ["TQ13 9AU"]}, "geometry": {"type": "Polygon", "coordinates": [[[-3.6841689117920744, 50.592415425254565], [-3.6814270413864056, 50.59173752136829], [-3.6810643923974538, 50.59146774384577], [-3.681021548194632, 50.59110048099211], [-3.6816785443523865, 50.59094249661975], [-3.6841689117920744, 50.592415425254565]]]}}, {"type": "Feature", "properties": {"type": "postcode-cell", "postcode": "TQ12 6SJ", "postcodes": ["TQ12 6SJ"]}, "geometry": {"type": "Polygon", "coordinates": [[[-3.6596086817588236, 50.57154288482297], [-3.658198859993284, 50.56987898055368], [-3.65881712965563, 50.569470876804424], [-3.661600036644628, 50.572019409607805], [-3.6596086817588236, 50.57154288482297]]]}}, {"type": "Feature", "properties": {"type": "postcode-cell", "postcode": "TQ13 9JW", "postcodes": ["TQ13 9JW"]}, "geometry": {"type": "Polygon", "coordinates": [[[-3.6797552231239283, 50.57745364620687], [-3.6787164602676747, 50.57834493499644], [-3.6784793822694124, 50.578334953223724], [-3.6776965929499568, 50.578222401523114], [-3.6758881249805206, 50.57714443717238], [-3.673383252036448, 50.575007265136016], [-3.676789989911361, 50.575439994625036], [-3.679179989912877, 50.57545999462501], [-3.679616427548285, 50.57539499724149], [-3.6797552231239283, 50.57745364620687]]]}}, {"type": "Feature", "properties": {"type": "postcode-cell", "postcode": "TQ13 9YJ", "postcodes": ["TQ13 9YJ"]}, "geometry": {"type": "Polygon", "coordinates": [[[-3.680333997383184, 50.58272158349762], [-3.6800556003314213, 50.58315451361886], [-3.678930707316146, 50.583973956611466], [-3.67781646246966, 50.583648996593126], [-3.6778182102164374, 50.5830485629203], [-3.678804125920588, 50.58265222390022], [-3.680306806320718, 50.58259679113908], [-3.680333997383184, 50.58272158349762]]]}}, {"type": "Feature", "properties": {"type": "postcode-cell", "postcode": "TQ13 9FF", "postcodes": ["TQ13 9FF"]}, "geometry": {"type": "Polygon", "coordinates": [[[-3.6836299091799094, 50.594880967911266], [-3.6793349252251595, 50.593941163786376], [-3.678559964206166, 50.59293878842445], [-3.6794054032434316, 50.592093084344235], [-3.680385318337485, 50.592130906354015], [-3.684051359943521, 50.594241998012116], [-3.6836299091799094, 50.594880967911266]]]}}, {"type": "Feature", "properties": {"type": "postcode-cell", "postcode": "TQ13 9DA", "postcodes": ["TQ13 9DA"]}, "geometry": {"type": "Polygon", "coordinates": [[[-3.683043413559042, 50.58609943004479], [-3.6818087090936755, 50.58646363406656], [-3.679652599782448, 50.58593522674292], [-3.680401161935771, 50.585245887238734], [-3.682188107421813, 50.585351541439046], [-3.683043413559042, 50.58609943004479]]]}}, {"type": "Feature", "properties": {"type": "postcode-cell", "postcode": "TQ13 9YG", "postcodes": ["TQ13 9YG"]}, "geometry": {"type": "Polygon", "coordinates": [[[-3.680514308385179, 50.584530346809274], [-3.680256683859663, 50.58472772665184], [-3.6790279225218643, 50.58431780300237], [-3.678930707316146, 50.583973956611466], [-3.6800556003314213, 50.58315451361886], [-3.680636280205761, 50.58433142185509], [-3.680514308385179, 50.584530346809274]]]}}, {"type": "Feature", "properties": {"type": "postcode-cell", "postcode": "TQ13 9BQ", "postcodes": ["TQ13 9BQ"]}, "geometry": {"type": "Polygon", "coordinates": [[[-3.6803394947791452, 50.58969183070943], [-3.679562760315784, 50.59010966542936], [-3.678846777267941, 50.59014294492833], [-3.6786733486323135, 50.589951995435584], [-3.6792231170348693, 50.58899191669647], [-3.6794748123205947, 50.588805835173645], [-3.680337434626417, 50.58868422059212], [-3.6808827168097604, 50.589254610244325], [-3.6803394947791452, 50.58969183070943]]]}}, {"type": "Feature", "properties": {"type": "postcode-cell", "postcode": "TQ13 9GA", "postcodes": ["TQ13 9GA"]}, "geometry": {"type": "Polygon", "coordinates": [[[-3.6814270413864056, 50.59173752136829], [-3.680385318337485, 50.592130906354015], [-3.6794054032434316, 50.592093084344235], [-3.679451931274797, 50.591781723624216], [-3.6800107032859692, 50.59157007692969], [-3.6810643923974538, 50.59146774384577], [-3.6814270413864056, 50.59173752136829]]]}}, {"type": "Feature", "properties": {"type": "postcode-cell", "postcode": "TQ13 9EA", "postcodes": ["TQ13 9EA"]}, "geometry": {"type": "Polygon", "coordinates": [[[-3.681641909836163, 50.586657417090834], [-3.680206705546804, 50.58717246553931], [-3.6796308923536443, 50.58594283439184], [-3.679652599782448, 50.58593522674292], [-3.6818087090936755, 50.58646363406656], [-3.681641909836163, 50.586657417090834]]]}}, {"type": "Feature", "properties": {"type": "postcode-cell", "postcode": "TQ13 9YZ", "postcodes": ["TQ13 9YZ"]}, "geometry": {"type": "Polygon", "coordinates": [[[-3.679075435453959, 50.598080194207725], [-3.6793405853173256, 50.59779484343994], [-3.680873500388815, 50.59746949812588], [-3.6821700301371805, 50.59744442143143], [-3.681589146662217, 50.60044996266723], [-3.681184449746482, 50.60051426290836], [-3.679075435453959, 50.598080194207725]]]}}, {"type": "Feature", "properties": {"type": "postcode-cell", "postcode": "TQ13 9GL", "postcodes": ["TQ13 9GL"]}, "geometry": {"type": "Polygon", "coordinates": [[[-3.681184449746482, 50.60051426290836], [-3.68098387358089, 50.60056493818021], [-3.677730206418475, 50.59811577475054], [-3.678084600107847, 50.598026633214864], [-3.679075435453959, 50.598080194207725], [-3.681184449746482, 50.60051426290836]]]}}, {"type": "Feature", "properties": {"type": "postcode-cell", "postcode": "TQ13 9BN", "postcodes": ["TQ13 9BN"]}, "geometry": {"type": "Polygon", "coordinates": [[[-3.680401161935771, 50.585245887238734], [-3.679652599782448, 50.58593522674292], [-3.6796308923536443, 50.58594283439184], [-3.678247151278269, 50.58597520380955], [-3.6775804678385464, 50.585790815728835], [-3.6776695300971145, 50.585335753083015], [-3.6790279225218643, 50.58431780300237], [-3.680256683859663, 50.58472772665184], [-3.680401161935771, 50.585245887238734]]]}}, {"type": "Feature", "properties": {"type": "postcode-cell", "postcode": "TQ13 9HP", "postcodes": ["TQ13 9HP"]}, "geometry": {"type": "Polygon", "coordinates": [[[-3.6837452125530765, 50.59543400891801], [-3.6791297435458743, 50.59650742061594], [-3.6781284534454315, 50.59591913554891], [-3.6781569897041497, 50.595898089477124], [-3.683652198041041, 50.59497656000384], [-3.683798380798168, 50.59538763655179], [-3.6837452125530765, 50.59543400891801]]]}}, {"type": "Feature", "properties": {"type": "postcode-cell", "postcode": "TQ13 9AP", "postcodes": ["TQ13 9AP"]}, "geometry": {"type": "Polygon", "coordinates": [[[-3.6808970484837844, 50.591017888990805], [-3.680257941212857, 50.59121515324263], [-3.679936238157902, 50.5907642483332], [-3.6804293663063405, 50.59071841554238], [-3.6807171362489153, 50.59077080462585], [-3.6808970484837844, 50.591017888990805]]]}}, {"type": "Feature", "properties": {"type": "postcode-cell", "postcode": "TQ13 9YH", "postcodes": ["TQ13 9YH"]}, "geometry": {"type": "Polygon", "coordinates": [[[-3.680306806320718, 50.58259679113908], [-3.678804125920588, 50.58265222390022], [-3.677129941863814, 50.58152525568778], [-3.6773791633704227, 50.58125011128522], [-3.677682452817088, 50.581168565829834], [-3.679826378502143, 50.58092500658902], [-3.680429417486101, 50.58240926802256], [-3.680306806320718, 50.58259679113908]]]}}, {"type": "Feature", "properties": {"type": "postcode-cell", "postcode": "TQ13 9AR", "postcodes": ["TQ13 9AR"]}, "geometry": {"type": "Polygon", "coordinates": [[[-3.6810643923974538, 50.59146774384577], [-3.6800107032859692, 50.59157007692969], [-3.680257941212857, 50.59121515324263], [-3.6808970484837844, 50.591017888990805], [-3.681021548194632, 50.59110048099211], [-3.6810643923974538, 50.59146774384577]]]}}, {"type": "Feature", "properties": {"type": "postcode-cell", "postcode": "TQ13 9BX", "postcodes": ["TQ13 9BX"]}, "geometry": {"type": "Polygon", "coordinates": [[[-3.680660468150562, 50.588181942829436], [-3.6803863490921507, 50.58850941229163], [-3.678451418773813, 50.587522277905485], [-3.6786449999555257, 50.58722130254475], [-3.680192025362143, 50.587213092295784], [-3.680660468150562, 50.588181942829436]]]}}, {"type": "Feature", "properties": {"type": "postcode-cell", "postcode": "TQ13 9LP", "postcodes": ["TQ13 9LP"]}, "geometry": {"type": "Polygon", "coordinates": [[[-3.6792875083722194, 50.57986350609151], [-3.679117758998787, 50.579716773412464], [-3.679023755038469, 50.579472303379774], [-3.6792407812646215, 50.578936888837745], [-3.6809935752865117, 50.57854042381287], [-3.681721565908341, 50.57874401794983], [-3.6792875083722194, 50.57986350609151]]]}}, {"type": "Feature", "properties": {"type": "postcode-cell", "postcode": "TQ13 9AS", "postcodes": ["TQ13 9AS"]}, "geometry": {"type": "Polygon", "coordinates": [[[-3.679451931274797, 50.591781723624216], [-3.679421508293346, 50.59173744712734], [-3.6794521394825543, 50.59097113827687], [-3.679866534310956, 50.59075874418977], [-3.679936238157902, 50.5907642483332], [-3.680257941212857, 50.59121515324263], [-3.6800107032859692, 50.59157007692969], [-3.679451931274797, 50.591781723624216]]]}}, {"type": "Feature", "properties": {"type": "postcode-cell", "postcode": "TQ13 9BW", "postcodes": ["TQ13 9BW"]}, "geometry": {"type": "Polygon", "coordinates": [[[-3.6804293663063405, 50.59071841554238], [-3.679936238157902, 50.5907642483332], [-3.679866534310956, 50.59075874418977], [-3.679562760315784, 50.59010966542936], [-3.6803394947791452, 50.58969183070943], [-3.6804293663063405, 50.59071841554238]]]}}, {"type": "Feature", "properties": {"type": "postcode-cell", "postcode": "TQ13 9AL", "postcodes": ["TQ13 9AL"]}, "geometry": {"type": "Polygon", "coordinates": [[[-3.679451931274797, 50.591781723624216], [-3.6794054032434316, 50.592093084344235], [-3.678559964206166, 50.59293878842445], [-3.677141076905808, 50.59252004843569], [-3.6771395125204362, 50.59251699795567], [-3.677058665411713, 50.59231935294624], [-3.6775619108407596, 50.591616958265085], [-3.6781043004341734, 50.591161548962226], [-3.679421508293346, 50.59173744712734], [-3.679451931274797, 50.591781723624216]]]}}, {"type": "Feature", "properties": {"type": "postcode-cell", "postcode": "TQ13 9BY", "postcodes": ["TQ13 9BY"]}, "geometry": {"type": "Polygon", "coordinates": [[[-3.680192025362143, 50.587213092295784], [-3.6786449999555257, 50.58722130254475], [-3.678247151278269, 50.58597520380955], [-3.6796308923536443, 50.58594283439184], [-3.680206705546804, 50.58717246553931], [-3.680192025362143, 50.587213092295784]]]}}, {"type": "Feature", "properties": {"type": "postcode-cell", "postcode": "TQ13 9JN", "postcodes": ["TQ13 9JN"]}, "geometry": {"type": "Polygon", "coordinates": [[[-3.6792407812646215, 50.578936888837745], [-3.6787164602676747, 50.57834493499644], [-3.6797552231239283, 50.57745364620687], [-3.6809935752865117, 50.57854042381287], [-3.6792407812646215, 50.578936888837745]]]}}, {"type": "Feature", "properties": {"type": "postcode-cell", "postcode": "TQ13 9GT", "postcodes": ["TQ13 9GT"]}, "geometry": {"type": "Polygon", "coordinates": [[[-3.679866534310956, 50.59075874418977], [-3.6794521394825543, 50.59097113827687], [-3.67840636985936, 50.59062982203211], [-3.678846777267941, 50.59014294492833], [-3.679562760315784, 50.59010966542936], [-3.679866534310956, 50.59075874418977]]]}}, {"type": "Feature", "properties": {"type": "postcode-cell", "postcode": "TQ13 9JF", "postcodes": ["TQ13 9JF"]}, "geometry": {"type": "Polygon", "coordinates": [[[-3.6821700301371805, 50.59744442143143], [-3.680873500388815, 50.59746949812588], [-3.6787358222850766, 50.59703402008591], [-3.678735154622128, 50.597033295356404], [-3.6791297435458743, 50.59650742061594], [-3.6837452125530765, 50.59543400891801], [-3.6821700301371805, 50.59744442143143]]]}}, {"type": "Feature", "properties": {"type": "postcode-cell", "postcode": "TQ13 9PF", "postcodes": ["TQ13 9PF"]}, "geometry": {"type": "Polygon", "coordinates": [[[-3.678451418773813, 50.587522277905485], [-3.6782140857371135, 50.587606356855524], [-3.676300762850467, 50.586892682411246], [-3.675914943633315, 50.58622684359781], [-3.6775804678385464, 50.585790815728835], [-3.678247151278269, 50.58597520380955], [-3.6786449999555257, 50.58722130254475], [-3.678451418773813, 50.587522277905485]]]}}, {"type": "Feature", "properties": {"type": "postcode-cell", "postcode": "TQ13 9YQ", "postcodes": ["TQ13 9YQ"]}, "geometry": {"type": "Polygon", "coordinates": [[[-3.6794748123205947, 50.588805835173645], [-3.6788435904358576, 50.58868309880395], [-3.6781255668460004, 50.58802350616132], [-3.6781487759858638, 50.587679690631134], [-3.6782140857371135, 50.587606356855524], [-3.678451418773813, 50.587522277905485], [-3.6803863490921507, 50.58850941229163], [-3.680337434626417, 50.58868422059212], [-3.6794748123205947, 50.588805835173645]]]}}, {"type": "Feature", "properties": {"type": "postcode-cell", "postcode": "TQ13 9FE", "postcodes": ["TQ13 9FE"]}, "geometry": {"type": "Polygon", "coordinates": [[[-3.679826378502143, 50.58092500658902], [-3.677682452817088, 50.581168565829834], [-3.677678004807206, 50.57989552273351], [-3.679117758998787, 50.579716773412464], [-3.6792875083722194, 50.57986350609151], [-3.6798836762979312, 50.580858717027866], [-3.679826378502143, 50.58092500658902]]]}}, {"type": "Feature", "properties": {"type": "postcode-cell", "postcode": "TQ13 9HS", "postcodes": ["TQ13 9HS"]}, "geometry": {"type": "Polygon", "coordinates": [[[-3.679075435453959, 50.598080194207725], [-3.678084600107847, 50.598026633214864], [-3.6787513687695417, 50.59731744121628], [-3.6793405853173256, 50.59779484343994], [-3.679075435453959, 50.598080194207725]]]}}, {"type": "Feature", "properties": {"type": "postcode-cell", "postcode": "TQ13 9FG", "postcodes": ["TQ13 9FG"]}, "geometry": {"type": "Polygon", "coordinates": [[[-3.679421508293346, 50.59173744712734], [-3.6781043004341734, 50.591161548962226], [-3.6780889355476445, 50.59073391301045], [-3.67840636985936, 50.59062982203211], [-3.6794521394825543, 50.59097113827687], [-3.679421508293346, 50.59173744712734]]]}}, {"type": "Feature", "properties": {"type": "postcode-cell", "postcode": "TQ13 9JE", "postcodes": ["TQ13 9JE"]}, "geometry": {"type": "Polygon", "coordinates": [[[-3.680873500388815, 50.59746949812588], [-3.6793405853173256, 50.59779484343994], [-3.6787513687695417, 50.59731744121628], [-3.6787358222850766, 50.59703402008591], [-3.680873500388815, 50.59746949812588]]]}}, {"type": "Feature", "properties": {"type": "postcode-cell", "postcode": "TQ13 9HR", "postcodes": ["TQ13 9HR"]}, "geometry": {"type": "Polygon", "coordinates": [[[-3.683652198041041, 50.59497656000384], [-3.6781569897041497, 50.595898089477124], [-3.679065005902594, 50.59412695258523], [-3.6791659966696426, 50.59401753215388], [-3.6793349252251595, 50.593941163786376], [-3.6836299091799094, 50.594880967911266], [-3.683652198041041, 50.59497656000384]]]}}, {"type": "Feature", "properties": {"type": "postcode-cell", "postcode": "TQ13 9HW", "postcodes": ["TQ13 9HW"]}, "geometry": {"type": "Polygon", "coordinates": [[[-3.6791297435458743, 50.59650742061594], [-3.678735154622128, 50.597033295356404], [-3.677487519161457, 50.59695398724467], [-3.677491286897901, 50.59612716590115], [-3.677682322031899, 50.59598094166311], [-3.6781284534454315, 50.59591913554891], [-3.6791297435458743, 50.59650742061594]]]}}, {"type": "Feature", "properties": {"type": "postcode-cell", "postcode": "TQ13 9DB", "postcodes": ["TQ13 9DB"]}, "geometry": {"type": "Polygon", "coordinates": [[[-3.6790279225218643, 50.58431780300237], [-3.6776695300971145, 50.585335753083015], [-3.6767964210930306, 50.58405789187047], [-3.67781646246966, 50.583648996593126], [-3.678930707316146, 50.583973956611466], [-3.6790279225218643, 50.58431780300237]]]}}, {"type": "Feature", "properties": {"type": "postcode-cell", "postcode": "TQ13 9HN", "postcodes": ["TQ13 9HN"]}, "geometry": {"type": "Polygon", "coordinates": [[[-3.6787358222850766, 50.59703402008591], [-3.6787513687695417, 50.59731744121628], [-3.678084600107847, 50.598026633214864], [-3.677730206418475, 50.59811577475054], [-3.677507341231885, 50.59810533520725], [-3.6773194556345428, 50.59783220240436], [-3.6774644970480628, 50.5969683325335], [-3.677487519161457, 50.59695398724467], [-3.678735154622128, 50.597033295356404], [-3.6787358222850766, 50.59703402008591]]]}}, {"type": "Feature", "properties": {"type": "postcode-cell", "postcode": "TQ13 9BB", "postcodes": ["TQ13 9BB"]}, "geometry": {"type": "Polygon", "coordinates": [[[-3.678846777267941, 50.59014294492833], [-3.67840636985936, 50.59062982203211], [-3.6780889355476445, 50.59073391301045], [-3.677032732679111, 50.59045349026418], [-3.6778565583899714, 50.58965903090863], [-3.6786733486323135, 50.589951995435584], [-3.678846777267941, 50.59014294492833]]]}}, {"type": "Feature", "properties": {"type": "postcode-cell", "postcode": "TQ13 9FH", "postcodes": ["TQ13 9FH"]}, "geometry": {"type": "Polygon", "coordinates": [[[-3.6792407812646215, 50.578936888837745], [-3.679023755038469, 50.579472303379774], [-3.6780045076234287, 50.57920554353306], [-3.6779816764893067, 50.57909463666894], [-3.6784793822694124, 50.578334953223724], [-3.6787164602676747, 50.57834493499644], [-3.6792407812646215, 50.578936888837745]]]}}, {"type": "Feature", "properties": {"type": "postcode-cell", "postcode": "TQ12 6TW", "postcodes": ["TQ12 6TW"]}, "geometry": {"type": "Polygon", "coordinates": [[[-3.661191095397117, 50.57466109875852], [-3.6610544798172087, 50.57464708846811], [-3.6604127398153494, 50.57376769529928], [-3.660338659998051, 50.57336584517237], [-3.6613741268453928, 50.57245937334786], [-3.6618060806924593, 50.57220808699102], [-3.663489989903688, 50.57374999462396], [-3.664649841013351, 50.57389743969087], [-3.661191095397117, 50.57466109875852]]]}}, {"type": "Feature", "properties": {"type": "postcode-cell", "postcode": "TQ13 9BA", "postcodes": ["TQ13 9BA"]}, "geometry": {"type": "Polygon", "coordinates": [[[-3.6792231170348693, 50.58899191669647], [-3.677805418246788, 50.58951960993454], [-3.6771763905794326, 50.58910302434684], [-3.6771747190900537, 50.588969103255025], [-3.6776612315354895, 50.588763498504974], [-3.6788435904358576, 50.58868309880395], [-3.6794748123205947, 50.588805835173645], [-3.6792231170348693, 50.58899191669647]]]}}, {"type": "Feature", "properties": {"type": "postcode-cell", "postcode": "TQ13 9BL", "postcodes": ["TQ13 9BL"]}, "geometry": {"type": "Polygon", "coordinates": [[[-3.6786733486323135, 50.589951995435584], [-3.6778565583899714, 50.58965903090863], [-3.677805418246788, 50.58951960993454], [-3.6792231170348693, 50.58899191669647], [-3.6786733486323135, 50.589951995435584]]]}}, {"type": "Feature", "properties": {"type": "postcode-cell", "postcode": "TQ13 9FJ", "postcodes": ["TQ13 9FJ"]}, "geometry": {"type": "Polygon", "coordinates": [[[-3.6784793822694124, 50.578334953223724], [-3.6779816764893067, 50.57909463666894], [-3.6775813097492356, 50.57857439925599], [-3.6776965929499568, 50.578222401523114], [-3.6784793822694124, 50.578334953223724]]]}}, {"type": "Feature", "properties": {"type": "postcode-cell", "postcode": "TQ13 9DS", "postcodes": ["TQ13 9DS"]}, "geometry": {"type": "Polygon", "coordinates": [[[-3.6778182102164374, 50.5830485629203], [-3.6766960787677743, 50.58258285146308], [-3.6768546009550613, 50.58168440954979], [-3.677129941863814, 50.58152525568778], [-3.678804125920588, 50.58265222390022], [-3.6778182102164374, 50.5830485629203]]]}}, {"type": "Feature", "properties": {"type": "postcode-cell", "postcode": "TQ13 9FB", "postcodes": ["TQ13 9FB"]}, "geometry": {"type": "Polygon", "coordinates": [[[-3.679117758998787, 50.579716773412464], [-3.677678004807206, 50.57989552273351], [-3.6774939269688085, 50.57983444085431], [-3.6773324888822674, 50.57965345316528], [-3.6777729564266224, 50.579239303129015], [-3.6780045076234287, 50.57920554353306], [-3.679023755038469, 50.579472303379774], [-3.679117758998787, 50.579716773412464]]]}}, {"type": "Feature", "properties": {"type": "postcode-cell", "postcode": "TQ13 9HY", "postcodes": ["TQ13 9HY"]}, "geometry": {"type": "Polygon", "coordinates": [[[-3.679065005902594, 50.59412695258523], [-3.6771884975694276, 50.59535027954864], [-3.6761723391518597, 50.59509960721902], [-3.6762195779569615, 50.59486395454229], [-3.6768537701161073, 50.59443557136315], [-3.6790588570054283, 50.59403109543605], [-3.6791659966696426, 50.59401753215388], [-3.679065005902594, 50.59412695258523]]]}}, {"type": "Feature", "properties": {"type": "postcode-cell", "postcode": "TQ13 9PS", "postcodes": ["TQ13 9PS"]}, "geometry": {"type": "Polygon", "coordinates": [[[-3.6535950328474076, 50.601433126769685], [-3.663396817094452, 50.598744542066775], [-3.6657409739140414, 50.599000605953655], [-3.6678417079849104, 50.599325930716894], [-3.6703471691664356, 50.60267669261912], [-3.6713471872512, 50.605724571377706], [-3.670659989893167, 50.60566999464875], [-3.668119989891909, 50.60489999464819], [-3.6656499898902606, 50.605049994648354], [-3.6633599898886025, 50.60546999464873], [-3.6622623162269967, 50.60615193071125], [-3.6535950328474076, 50.601433126769685]]]}}, {"type": "Feature", "properties": {"type": "postcode-cell", "postcode": "TQ13 9FL", "postcodes": ["TQ13 9FL"]}, "geometry": {"type": "Polygon", "coordinates": [[[-3.6775813097492356, 50.57857439925599], [-3.677170543948045, 50.57896299586719], [-3.676660208046709, 50.57896487976174], [-3.6758881249805206, 50.57714443717238], [-3.6776965929499568, 50.578222401523114], [-3.6775813097492356, 50.57857439925599]]]}}, {"type": "Feature", "properties": {"type": "postcode-cell", "postcode": "TQ13 9BT", "postcodes": ["TQ13 9BT"]}, "geometry": {"type": "Polygon", "coordinates": [[[-3.6778565583899714, 50.58965903090863], [-3.677032732679111, 50.59045349026418], [-3.6765759308654595, 50.59048038094224], [-3.6750989693755973, 50.5904461299582], [-3.6750678761084177, 50.59042634468609], [-3.6771763905794326, 50.58910302434684], [-3.677805418246788, 50.58951960993454], [-3.6778565583899714, 50.58965903090863]]]}}, {"type": "Feature", "properties": {"type": "postcode-cell", "postcode": "TQ13 9HX", "postcodes": ["TQ13 9HX"]}, "geometry": {"type": "Polygon", "coordinates": [[[-3.6781284534454315, 50.59591913554891], [-3.677682322031899, 50.59598094166311], [-3.6771884975694276, 50.59535027954864], [-3.679065005902594, 50.59412695258523], [-3.6781569897041497, 50.595898089477124], [-3.6781284534454315, 50.59591913554891]]]}}, {"type": "Feature", "properties": {"type": "postcode-cell", "postcode": "TQ13 9FD", "postcodes": ["TQ13 9FD"]}, "geometry": {"type": "Polygon", "coordinates": [[[-3.677678004807206, 50.57989552273351], [-3.677682452817088, 50.581168565829834], [-3.6773791633704227, 50.58125011128522], [-3.676352076413505, 50.58044087205604], [-3.6774939269688085, 50.57983444085431], [-3.677678004807206, 50.57989552273351]]]}}, {"type": "Feature", "properties": {"type": "postcode-cell", "postcode": "TQ13 9FA", "postcodes": ["TQ13 9FA"]}, "geometry": {"type": "Polygon", "coordinates": [[[-3.6780045076234287, 50.57920554353306], [-3.6777729564266224, 50.579239303129015], [-3.6773138683256033, 50.57907706173359], [-3.677170543948045, 50.57896299586719], [-3.6775813097492356, 50.57857439925599], [-3.6779816764893067, 50.57909463666894], [-3.6780045076234287, 50.57920554353306]]]}}, {"type": "Feature", "properties": {"type": "postcode-cell", "postcode": "TQ13 9DZ", "postcodes": ["TQ13 9DZ"]}, "geometry": {"type": "Polygon", "coordinates": [[[-3.6775804678385464, 50.585790815728835], [-3.675914943633315, 50.58622684359781], [-3.6753264904981653, 50.586154728040576], [-3.675326490064007, 50.58424578246517], [-3.67596892681855, 50.58389753925633], [-3.6767964210930306, 50.58405789187047], [-3.6776695300971145, 50.585335753083015], [-3.6775804678385464, 50.585790815728835]]]}}, {"type": "Feature", "properties": {"type": "postcode-cell", "postcode": "TQ13 9FY", "postcodes": ["TQ13 9FY"]}, "geometry": {"type": "Polygon", "coordinates": [[[-3.6788435904358576, 50.58868309880395], [-3.6776612315354895, 50.588763498504974], [-3.677707141798525, 50.588277591074615], [-3.6781255668460004, 50.58802350616132], [-3.6788435904358576, 50.58868309880395]]]}}, {"type": "Feature", "properties": {"type": "postcode-cell", "postcode": "TQ13 9BE", "postcodes": ["TQ13 9BE"]}, "geometry": {"type": "Polygon", "coordinates": [[[-3.6781255668460004, 50.58802350616132], [-3.677707141798525, 50.588277591074615], [-3.6768468262814613, 50.587982562934755], [-3.6781487759858638, 50.587679690631134], [-3.6781255668460004, 50.58802350616132]]]}}, {"type": "Feature", "properties": {"type": "postcode-cell", "postcode": "TQ13 9YL", "postcodes": ["TQ13 9YL"]}, "geometry": {"type": "Polygon", "coordinates": [[[-3.6778182102164374, 50.5830485629203], [-3.67781646246966, 50.583648996593126], [-3.6767964210930306, 50.58405789187047], [-3.67596892681855, 50.58389753925633], [-3.6758452616230506, 50.58348211163339], [-3.676286371826678, 50.58280524167601], [-3.6766960787677743, 50.58258285146308], [-3.6778182102164374, 50.5830485629203]]]}}, {"type": "Feature", "properties": {"type": "postcode-cell", "postcode": "TQ13 9LU", "postcodes": ["TQ13 9LU"]}, "geometry": {"type": "Polygon", "coordinates": [[[-3.6683723704439637, 50.598673025702396], [-3.6710363460240334, 50.597353612376885], [-3.674501606599861, 50.59749821370926], [-3.675222442428004, 50.59890660880201], [-3.6703471691664356, 50.60267669261912], [-3.6678417079849104, 50.599325930716894], [-3.6683723704439637, 50.598673025702396]]]}}, {"type": "Feature", "properties": {"type": "postcode-cell", "postcode": "TQ13 9HD", "postcodes": ["TQ13 9HD"]}, "geometry": {"type": "Polygon", "coordinates": [[[-3.6678417079849104, 50.599325930716894], [-3.6657409739140414, 50.599000605953655], [-3.665088626401422, 50.59518909132647], [-3.6652618605711607, 50.59514245067228], [-3.667358027029486, 50.59595157401732], [-3.6677719929710153, 50.596235009509314], [-3.6683723704439637, 50.598673025702396], [-3.6678417079849104, 50.599325930716894]]]}}, {"type": "Feature", "properties": {"type": "postcode-cell", "postcode": "TQ13 9SB", "postcodes": ["TQ13 9SB"]}, "geometry": {"type": "Polygon", "coordinates": [[[-3.6781043004341734, 50.591161548962226], [-3.6775619108407596, 50.591616958265085], [-3.6765759308654595, 50.59048038094224], [-3.677032732679111, 50.59045349026418], [-3.6780889355476445, 50.59073391301045], [-3.6781043004341734, 50.591161548962226]]]}}, {"type": "Feature", "properties": {"type": "postcode-cell", "postcode": "TQ13 9BJ", "postcodes": ["TQ13 9BJ"]}, "geometry": {"type": "Polygon", "coordinates": [[[-3.6791659966696426, 50.59401753215388], [-3.6790588570054283, 50.59403109543605], [-3.676012623001455, 50.59371619761221], [-3.675894520599321, 50.59365379119587], [-3.6762320803659767, 50.5928991509565], [-3.677141076905808, 50.59252004843569], [-3.678559964206166, 50.59293878842445], [-3.6793349252251595, 50.593941163786376], [-3.6791659966696426, 50.59401753215388]]]}}, {"type": "Feature", "properties": {"type": "postcode-cell", "postcode": "TQ13 9BU", "postcodes": ["TQ13 9BU"]}, "geometry": {"type": "Polygon", "coordinates": [[[-3.6776612315354895, 50.588763498504974], [-3.6771747190900537, 50.588969103255025], [-3.67634444031075, 50.58846372762196], [-3.6763627859561723, 50.58802177872162], [-3.676389634038889, 50.58798900275237], [-3.6768468262814613, 50.587982562934755], [-3.677707141798525, 50.588277591074615], [-3.6776612315354895, 50.588763498504974]]]}}, {"type": "Feature", "properties": {"type": "postcode-cell", "postcode": "TQ13 9BD", "postcodes": ["TQ13 9BD"]}, "geometry": {"type": "Polygon", "coordinates": [[[-3.6782140857371135, 50.587606356855524], [-3.6781487759858638, 50.587679690631134], [-3.6768468262814613, 50.587982562934755], [-3.676389634038889, 50.58798900275237], [-3.676300762850467, 50.586892682411246], [-3.6782140857371135, 50.587606356855524]]]}}, {"type": "Feature", "properties": {"type": "postcode-cell", "postcode": "TQ13 9YF", "postcodes": ["TQ13 9YF"]}, "geometry": {"type": "Polygon", "coordinates": [[[-3.677129941863814, 50.58152525568778], [-3.6768546009550613, 50.58168440954979], [-3.6749307876323, 50.58161932196745], [-3.674741664960294, 50.58050422482785], [-3.674989050018597, 50.57999326873827], [-3.6753827020183776, 50.580021409722804], [-3.676352076413505, 50.58044087205604], [-3.6773791633704227, 50.58125011128522], [-3.677129941863814, 50.58152525568778]]]}}, {"type": "Feature", "properties": {"type": "postcode-cell", "postcode": "TQ13 9HU", "postcodes": ["TQ13 9HU"]}, "geometry": {"type": "Polygon", "coordinates": [[[-3.677682322031899, 50.59598094166311], [-3.677491286897901, 50.59612716590115], [-3.6761795288246577, 50.596091865951365], [-3.6754587773576435, 50.595552736768674], [-3.6761723391518597, 50.59509960721902], [-3.6771884975694276, 50.59535027954864], [-3.677682322031899, 50.59598094166311]]]}}, {"type": "Feature", "properties": {"type": "postcode-cell", "postcode": "TQ13 9AW", "postcodes": ["TQ13 9AW"]}, "geometry": {"type": "Polygon", "coordinates": [[[-3.677058665411713, 50.59231935294624], [-3.675297101917482, 50.590946237972766], [-3.6750989693755973, 50.5904461299582], [-3.6765759308654595, 50.59048038094224], [-3.6775619108407596, 50.591616958265085], [-3.677058665411713, 50.59231935294624]]]}}, {"type": "Feature", "properties": {"type": "postcode-cell", "postcode": "TQ13 9NA", "postcodes": ["TQ13 9NA"]}, "geometry": {"type": "Polygon", "coordinates": [[[-3.679539283112161, 50.60105958968452], [-3.6728362041180933, 50.60584281367257], [-3.6713471872512, 50.605724571377706], [-3.6703471691664356, 50.60267669261912], [-3.675222442428004, 50.59890660880201], [-3.67646044599919, 50.59897887641526], [-3.679539283112161, 50.60105958968452]]]}}, {"type": "Feature", "properties": {"type": "postcode-cell", "postcode": "TQ13 9FN", "postcodes": ["TQ13 9FN"]}, "geometry": {"type": "Polygon", "coordinates": [[[-3.6773324888822674, 50.57965345316528], [-3.6769597287809135, 50.57955628110742], [-3.6773138683256033, 50.57907706173359], [-3.6777729564266224, 50.579239303129015], [-3.6773324888822674, 50.57965345316528]]]}}, {"type": "Feature", "properties": {"type": "postcode-cell", "postcode": "TQ13 9FR", "postcodes": ["TQ13 9FR"]}, "geometry": {"type": "Polygon", "coordinates": [[[-3.6769597287809135, 50.57955628110742], [-3.67645789902319, 50.5795229004605], [-3.6766017544803207, 50.57902037956337], [-3.676660208046709, 50.57896487976174], [-3.677170543948045, 50.57896299586719], [-3.6773138683256033, 50.57907706173359], [-3.6769597287809135, 50.57955628110742]]]}}, {"type": "Feature", "properties": {"type": "postcode-cell", "postcode": "TQ13 9FP", "postcodes": ["TQ13 9FP"]}, "geometry": {"type": "Polygon", "coordinates": [[[-3.6774939269688085, 50.57983444085431], [-3.676352076413505, 50.58044087205604], [-3.6753827020183776, 50.580021409722804], [-3.67645789902319, 50.5795229004605], [-3.6769597287809135, 50.57955628110742], [-3.6773324888822674, 50.57965345316528], [-3.6774939269688085, 50.57983444085431]]]}}, {"type": "Feature", "properties": {"type": "postcode-cell", "postcode": "TQ13 9FW", "postcodes": ["TQ13 9FW"]}, "geometry": {"type": "Polygon", "coordinates": [[[-3.6758881249805206, 50.57714443717238], [-3.676660208046709, 50.57896487976174], [-3.6766017544803207, 50.57902037956337], [-3.673740988078046, 50.57882566523647], [-3.6702606950521166, 50.575345913192386], [-3.6707193408379992, 50.574668815511274], [-3.673383252036448, 50.575007265136016], [-3.6758881249805206, 50.57714443717238]]]}}, {"type": "Feature", "properties": {"type": "postcode-cell", "postcode": "TQ13 9BS", "postcodes": ["TQ13 9BS"]}, "geometry": {"type": "Polygon", "coordinates": [[[-3.6771763905794326, 50.58910302434684], [-3.6750678761084177, 50.59042634468609], [-3.6731988398744115, 50.58979011034196], [-3.67634444031075, 50.58846372762196], [-3.6771747190900537, 50.588969103255025], [-3.6771763905794326, 50.58910302434684]]]}}, {"type": "Feature", "properties": {"type": "postcode-cell", "postcode": "TQ13 9HL", "postcodes": ["TQ13 9HL"]}, "geometry": {"type": "Polygon", "coordinates": [[[-3.677487519161457, 50.59695398724467], [-3.6774644970480628, 50.5969683325335], [-3.6759310625600867, 50.59692909727891], [-3.6761795288246577, 50.596091865951365], [-3.677491286897901, 50.59612716590115], [-3.677487519161457, 50.59695398724467]]]}}, {"type": "Feature", "properties": {"type": "postcode-cell", "postcode": "TQ13 9SX", "postcodes": ["TQ13 9SX"]}, "geometry": {"type": "Polygon", "coordinates": [[[-3.6750989693755973, 50.5904461299582], [-3.675297101917482, 50.590946237972766], [-3.6746916686367856, 50.591935824457536], [-3.6741997427971858, 50.59202056878844], [-3.672885365468125, 50.59166696236265], [-3.6714514113892056, 50.589510185303006], [-3.6731988398744115, 50.58979011034196], [-3.6750678761084177, 50.59042634468609], [-3.6750989693755973, 50.5904461299582]]]}}, {"type": "Feature", "properties": {"type": "postcode-cell", "postcode": "TQ13 9BG", "postcodes": ["TQ13 9BG"]}, "geometry": {"type": "Polygon", "coordinates": [[[-3.676300762850467, 50.586892682411246], [-3.676389634038889, 50.58798900275237], [-3.6763627859561723, 50.58802177872162], [-3.669566833839725, 50.587808747215185], [-3.668842673306331, 50.58705957778361], [-3.6753264904981653, 50.586154728040576], [-3.675914943633315, 50.58622684359781], [-3.676300762850467, 50.586892682411246]]]}}, {"type": "Feature", "properties": {"type": "postcode-cell", "postcode": "TQ13 9YX", "postcodes": ["TQ13 9YX"]}, "geometry": {"type": "Polygon", "coordinates": [[[-3.6768537701161073, 50.59443557136315], [-3.676012623001455, 50.59371619761221], [-3.6790588570054283, 50.59403109543605], [-3.6768537701161073, 50.59443557136315]]]}}, {"type": "Feature", "properties": {"type": "postcode-cell", "postcode": "TQ13 9AF", "postcodes": ["TQ13 9AF"]}, "geometry": {"type": "Polygon", "coordinates": [[[-3.677141076905808, 50.59252004843569], [-3.6762320803659767, 50.5928991509565], [-3.67565190503902, 50.59284222149773], [-3.675608871095829, 50.592832840783416], [-3.6747743563675748, 50.59205191432427], [-3.6771395125204362, 50.59251699795567], [-3.677141076905808, 50.59252004843569]]]}}, {"type": "Feature", "properties": {"type": "postcode-cell", "postcode": "TQ13 9FT", "postcodes": ["TQ13 9FT"]}, "geometry": {"type": "Polygon", "coordinates": [[[-3.6753827020183776, 50.580021409722804], [-3.674989050018597, 50.57999326873827], [-3.67422997002479, 50.57943252233233], [-3.673740988078046, 50.57882566523647], [-3.6766017544803207, 50.57902037956337], [-3.67645789902319, 50.5795229004605], [-3.6753827020183776, 50.580021409722804]]]}}, {"type": "Feature", "properties": {"type": "postcode-cell", "postcode": "TQ13 9GS", "postcodes": ["TQ13 9GS"]}, "geometry": {"type": "Polygon", "coordinates": [[[-3.6771395125204362, 50.59251699795567], [-3.6747743563675748, 50.59205191432427], [-3.674732847378201, 50.59202469309766], [-3.6746916686367856, 50.591935824457536], [-3.675297101917482, 50.590946237972766], [-3.677058665411713, 50.59231935294624], [-3.6771395125204362, 50.59251699795567]]]}}, {"type": "Feature", "properties": {"type": "postcode-cell", "postcode": "TQ13 9HQ", "postcodes": ["TQ13 9HQ"]}, "geometry": {"type": "Polygon", "coordinates": [[[-3.6761795288246577, 50.596091865951365], [-3.6759310625600867, 50.59692909727891], [-3.674936515931806, 50.59739324846306], [-3.6745221659626153, 50.597484747649155], [-3.6745798731526618, 50.59635877083641], [-3.674879342882923, 50.595751390031744], [-3.675133157037039, 50.59557115603996], [-3.6754587773576435, 50.595552736768674], [-3.6761795288246577, 50.596091865951365]]]}}, {"type": "Feature", "properties": {"type": "postcode-cell", "postcode": "TQ13 9HH", "postcodes": ["TQ13 9HH"]}, "geometry": {"type": "Polygon", "coordinates": [[[-3.6773194556345428, 50.59783220240436], [-3.674936515931806, 50.59739324846306], [-3.6759310625600867, 50.59692909727891], [-3.6774644970480628, 50.5969683325335], [-3.6773194556345428, 50.59783220240436]]]}}, {"type": "Feature", "properties": {"type": "postcode-cell", "postcode": "TQ13 9HZ", "postcodes": ["TQ13 9HZ"]}, "geometry": {"type": "Polygon", "coordinates": [[[-3.6762195779569615, 50.59486395454229], [-3.6751144451232225, 50.59410619726263], [-3.6751078520283906, 50.59402492920063], [-3.675894520599321, 50.59365379119587], [-3.676012623001455, 50.59371619761221], [-3.6768537701161073, 50.59443557136315], [-3.6762195779569615, 50.59486395454229]]]}}, {"type": "Feature", "properties": {"type": "postcode-cell", "postcode": "TQ13 9DU", "postcodes": ["TQ13 9DU"]}, "geometry": {"type": "Polygon", "coordinates": [[[-3.6693672434628084, 50.576082834312814], [-3.67134254125892, 50.579857057625105], [-3.671024366993399, 50.58079248389613], [-3.669825387383497, 50.58129061834404], [-3.667313977550622, 50.57920964974819], [-3.6686532518981725, 50.5765080931669], [-3.6693672434628084, 50.576082834312814]]]}}, {"type": "Feature", "properties": {"type": "postcode-cell", "postcode": "TQ12 6TU", "postcodes": ["TQ12 6TU"]}, "geometry": {"type": "Polygon", "coordinates": [[[-3.6686532518981725, 50.5765080931669], [-3.6635906246007766, 50.577050008786856], [-3.661191095397117, 50.57466109875852], [-3.664649841013351, 50.57389743969087], [-3.6707193408379992, 50.574668815511274], [-3.6702606950521166, 50.575345913192386], [-3.6693672434628084, 50.576082834312814], [-3.6686532518981725, 50.5765080931669]]]}}, {"type": "Feature", "properties": {"type": "postcode-cell", "postcode": "TQ13 9HT", "postcodes": ["TQ13 9HT"]}, "geometry": {"type": "Polygon", "coordinates": [[[-3.6761723391518597, 50.59509960721902], [-3.6754587773576435, 50.595552736768674], [-3.675133157037039, 50.59557115603996], [-3.6747431110024094, 50.59525599994497], [-3.6749257207661237, 50.59429416995152], [-3.6751144451232225, 50.59410619726263], [-3.6762195779569615, 50.59486395454229], [-3.6761723391518597, 50.59509960721902]]]}}, {"type": "Feature", "properties": {"type": "postcode-cell", "postcode": "TQ13 9TZ", "postcodes": ["TQ13 9TZ"]}, "geometry": {"type": "Polygon", "coordinates": [[[-3.6744163945434662, 50.58192107993498], [-3.6749307876323, 50.58161932196745], [-3.6768546009550613, 50.58168440954979], [-3.6766960787677743, 50.58258285146308], [-3.676286371826678, 50.58280524167601], [-3.6743703482294015, 50.58226938126038], [-3.6744163945434662, 50.58192107993498]]]}}, {"type": "Feature", "properties": {"type": "postcode-cell", "postcode": "TQ13 9DR", "postcodes": ["TQ13 9DR"]}, "geometry": {"type": "Polygon", "coordinates": [[[-3.6743703482294015, 50.58226938126038], [-3.673902656869129, 50.5828668701044], [-3.671712549604379, 50.58386063942379], [-3.670150249316145, 50.584169661508014], [-3.670586101583131, 50.582858737115686], [-3.6721104949389662, 50.58159489772407], [-3.672614938530039, 50.58135555518099], [-3.6744163945434662, 50.58192107993498], [-3.6743703482294015, 50.58226938126038]]]}}, {"type": "Feature", "properties": {"type": "postcode-cell", "postcode": "TQ13 9HJ", "postcodes": ["TQ13 9HJ"]}, "geometry": {"type": "Polygon", "coordinates": [[[-3.677507341231885, 50.59810533520725], [-3.67646044599919, 50.59897887641526], [-3.675222442428004, 50.59890660880201], [-3.674501606599861, 50.59749821370926], [-3.6745221659626153, 50.597484747649155], [-3.674936515931806, 50.59739324846306], [-3.6773194556345428, 50.59783220240436], [-3.677507341231885, 50.59810533520725]]]}}, {"type": "Feature", "properties": {"type": "postcode-cell", "postcode": "TQ13 9JJ", "postcodes": ["TQ13 9JJ"]}, "geometry": {"type": "Polygon", "coordinates": [[[-3.6749307876323, 50.58161932196745], [-3.6744163945434662, 50.58192107993498], [-3.672614938530039, 50.58135555518099], [-3.672615032686475, 50.58135524994357], [-3.672911277197343, 50.58108326068039], [-3.674741664960294, 50.58050422482785], [-3.6749307876323, 50.58161932196745]]]}}, {"type": "Feature", "properties": {"type": "postcode-cell", "postcode": "TQ13 9JG", "postcodes": ["TQ13 9JG"]}, "geometry": {"type": "Polygon", "coordinates": [[[-3.6758452616230506, 50.58348211163339], [-3.673902656869129, 50.5828668701044], [-3.6743703482294015, 50.58226938126038], [-3.676286371826678, 50.58280524167601], [-3.6758452616230506, 50.58348211163339]]]}}, {"type": "Feature", "properties": {"type": "postcode-cell", "postcode": "TQ13 9AD", "postcodes": ["TQ13 9AD"]}, "geometry": {"type": "Polygon", "coordinates": [[[-3.675894520599321, 50.59365379119587], [-3.6751078520283906, 50.59402492920063], [-3.674314804896394, 50.593708047069995], [-3.674308795359637, 50.5936895435764], [-3.67565190503902, 50.59284222149773], [-3.6762320803659767, 50.5928991509565], [-3.675894520599321, 50.59365379119587]]]}}, {"type": "Feature", "properties": {"type": "postcode-cell", "postcode": "TQ13 9BP", "postcodes": ["TQ13 9BP"]}, "geometry": {"type": "Polygon", "coordinates": [[[-3.67634444031075, 50.58846372762196], [-3.6731988398744115, 50.58979011034196], [-3.6714514113892056, 50.589510185303006], [-3.67073258260687, 50.589277996857795], [-3.669566833839725, 50.587808747215185], [-3.6763627859561723, 50.58802177872162], [-3.67634444031075, 50.58846372762196]]]}}, {"type": "Feature", "properties": {"type": "postcode-cell", "postcode": "TQ13 9YN", "postcodes": ["TQ13 9YN"]}, "geometry": {"type": "Polygon", "coordinates": [[[-3.67596892681855, 50.58389753925633], [-3.675326490064007, 50.58424578246517], [-3.671712549604379, 50.58386063942379], [-3.673902656869129, 50.5828668701044], [-3.6758452616230506, 50.58348211163339], [-3.67596892681855, 50.58389753925633]]]}}, {"type": "Feature", "properties": {"type": "postcode-cell", "postcode": "TQ13 9TT", "postcodes": ["TQ13 9TT"]}, "geometry": {"type": "Polygon", "coordinates": [[[-3.674112406355443, 50.594549514633165], [-3.6749257207661237, 50.59429416995152], [-3.6747431110024094, 50.59525599994497], [-3.674453256345802, 50.595162390042454], [-3.6741750330253, 50.59489911373526], [-3.674112406355443, 50.594549514633165]]]}}, {"type": "Feature", "properties": {"type": "postcode-cell", "postcode": "TQ13 9AH", "postcodes": ["TQ13 9AH"]}, "geometry": {"type": "Polygon", "coordinates": [[[-3.6741750330253, 50.59489911373526], [-3.6733480462758394, 50.59479846180936], [-3.673278942783525, 50.5945756223839], [-3.673902678683842, 50.594485037107624], [-3.674112406355443, 50.594549514633165], [-3.6741750330253, 50.59489911373526]]]}}, {"type": "Feature", "properties": {"type": "postcode-cell", "postcode": "TQ13 9GR", "postcodes": ["TQ13 9GR"]}, "geometry": {"type": "Polygon", "coordinates": [[[-3.674741664960294, 50.58050422482785], [-3.672911277197343, 50.58108326068039], [-3.6729992478984004, 50.58048312328175], [-3.67422997002479, 50.57943252233233], [-3.674989050018597, 50.57999326873827], [-3.674741664960294, 50.58050422482785]]]}}, {"type": "Feature", "properties": {"type": "postcode-cell", "postcode": "TQ13 9DY", "postcodes": ["TQ13 9DY"]}, "geometry": {"type": "Polygon", "coordinates": [[[-3.6753264904981653, 50.586154728040576], [-3.668842673306331, 50.58705957778361], [-3.6683929962892456, 50.586839426190686], [-3.6673700704462733, 50.58617484751122], [-3.670150249316145, 50.584169661508014], [-3.671712549604379, 50.58386063942379], [-3.675326490064007, 50.58424578246517], [-3.6753264904981653, 50.586154728040576]]]}}, {"type": "Feature", "properties": {"type": "postcode-cell", "postcode": "TQ13 9QR", "postcodes": ["TQ13 9QR"]}, "geometry": {"type": "Polygon", "coordinates": [[[-3.6747743563675748, 50.59205191432427], [-3.675608871095829, 50.592832840783416], [-3.6744475964204635, 50.59283156750852], [-3.674416387804818, 50.59260600935431], [-3.674732847378201, 50.59202469309766], [-3.6747743563675748, 50.59205191432427]]]}}, {"type": "Feature", "properties": {"type": "postcode-cell", "postcode": "TQ13 9HE", "postcodes": ["TQ13 9HE"]}, "geometry": {"type": "Polygon", "coordinates": [[[-3.675133157037039, 50.59557115603996], [-3.674879342882923, 50.595751390031744], [-3.6729915494215972, 50.59574251294641], [-3.6737329077799745, 50.595216879662956], [-3.674453256345802, 50.595162390042454], [-3.6747431110024094, 50.59525599994497], [-3.675133157037039, 50.59557115603996]]]}}, {"type": "Feature", "properties": {"type": "postcode-cell", "postcode": "TQ13 9HF", "postcodes": ["TQ13 9HF"]}, "geometry": {"type": "Polygon", "coordinates": [[[-3.6745798731526618, 50.59635877083641], [-3.6725682797841803, 50.59595127895323], [-3.672894691326585, 50.59576354599725], [-3.6729915494215972, 50.59574251294641], [-3.674879342882923, 50.595751390031744], [-3.6745798731526618, 50.59635877083641]]]}}, {"type": "Feature", "properties": {"type": "postcode-cell", "postcode": "TQ13 9AE", "postcodes": ["TQ13 9AE"]}, "geometry": {"type": "Polygon", "coordinates": [[[-3.6749257207661237, 50.59429416995152], [-3.674112406355443, 50.594549514633165], [-3.673902678683842, 50.594485037107624], [-3.6739373979013306, 50.59386991145109], [-3.674314804896394, 50.593708047069995], [-3.6751078520283906, 50.59402492920063], [-3.6751144451232225, 50.59410619726263], [-3.6749257207661237, 50.59429416995152]]]}}, {"type": "Feature", "properties": {"type": "postcode-cell", "postcode": "TQ13 9AG", "postcodes": ["TQ13 9AG"]}, "geometry": {"type": "Polygon", "coordinates": [[[-3.674308795359637, 50.5936895435764], [-3.674081582435355, 50.59334042942375], [-3.6743736631566506, 50.592869481877], [-3.6744475964204635, 50.59283156750852], [-3.675608871095829, 50.592832840783416], [-3.67565190503902, 50.59284222149773], [-3.674308795359637, 50.5936895435764]]]}}, {"type": "Feature", "properties": {"type": "postcode-cell", "postcode": "TQ13 9SD", "postcodes": ["TQ13 9SD"]}, "geometry": {"type": "Polygon", "coordinates": [[[-3.674732847378201, 50.59202469309766], [-3.674416387804818, 50.59260600935431], [-3.673889482402435, 50.59230199807999], [-3.6741997427971858, 50.59202056878844], [-3.6746916686367856, 50.591935824457536], [-3.674732847378201, 50.59202469309766]]]}}, {"type": "Feature", "properties": {"type": "postcode-cell", "postcode": "TQ13 9QX", "postcodes": ["TQ13 9QX"]}, "geometry": {"type": "Polygon", "coordinates": [[[-3.6704690470431047, 50.589778658868475], [-3.6690356326720255, 50.59094923395622], [-3.6668269946617795, 50.591716993657116], [-3.6655204287859355, 50.59140308798991], [-3.6683929962892456, 50.586839426190686], [-3.668842673306331, 50.58705957778361], [-3.669566833839725, 50.587808747215185], [-3.67073258260687, 50.589277996857795], [-3.6704690470431047, 50.589778658868475]]]}}, {"type": "Feature", "properties": {"type": "postcode-cell", "postcode": "TQ13 9QS", "postcodes": ["TQ13 9QS"]}, "geometry": {"type": "Polygon", "coordinates": [[[-3.67073258260687, 50.589277996857795], [-3.6714514113892056, 50.589510185303006], [-3.672885365468125, 50.59166696236265], [-3.673035085909254, 50.59249140178605], [-3.6724096520236116, 50.5930306187089], [-3.672212367730415, 50.5930375998456], [-3.670832834727871, 50.59240025002966], [-3.6704690470431047, 50.589778658868475], [-3.67073258260687, 50.589277996857795]]]}}, {"type": "Feature", "properties": {"type": "postcode-cell", "postcode": "TQ13 9AQ", "postcodes": ["TQ13 9AQ"]}, "geometry": {"type": "Polygon", "coordinates": [[[-3.6744475964204635, 50.59283156750852], [-3.6743736631566506, 50.592869481877], [-3.6730554921442464, 50.59249197998736], [-3.673889482402435, 50.59230199807999], [-3.674416387804818, 50.59260600935431], [-3.6744475964204635, 50.59283156750852]]]}}, {"type": "Feature", "properties": {"type": "postcode-cell", "postcode": "TQ13 9QP", "postcodes": ["TQ13 9QP"]}, "geometry": {"type": "Polygon", "coordinates": [[[-3.6730554921442464, 50.59249197998736], [-3.673035085909254, 50.59249140178605], [-3.672885365468125, 50.59166696236265], [-3.6741997427971858, 50.59202056878844], [-3.673889482402435, 50.59230199807999], [-3.6730554921442464, 50.59249197998736]]]}}, {"type": "Feature", "properties": {"type": "postcode-cell", "postcode": "TQ13 9LR", "postcodes": ["TQ13 9LR"]}, "geometry": {"type": "Polygon", "coordinates": [[[-3.674314804896394, 50.593708047069995], [-3.6739373979013306, 50.59386991145109], [-3.673063085639548, 50.59400970817082], [-3.6724588141892864, 50.593058766627074], [-3.674081582435355, 50.59334042942375], [-3.674308795359637, 50.5936895435764], [-3.674314804896394, 50.593708047069995]]]}}, {"type": "Feature", "properties": {"type": "postcode-cell", "postcode": "TQ13 9SU", "postcodes": ["TQ13 9SU"]}, "geometry": {"type": "Polygon", "coordinates": [[[-3.674081582435355, 50.59334042942375], [-3.6724588141892864, 50.593058766627074], [-3.6724096520236116, 50.5930306187089], [-3.673035085909254, 50.59249140178605], [-3.6730554921442464, 50.59249197998736], [-3.6743736631566506, 50.592869481877], [-3.674081582435355, 50.59334042942375]]]}}, {"type": "Feature", "properties": {"type": "postcode-cell", "postcode": "TQ13 9GN", "postcodes": ["TQ13 9GN"]}, "geometry": {"type": "Polygon", "coordinates": [[[-3.673740988078046, 50.57882566523647], [-3.67422997002479, 50.57943252233233], [-3.6729992478984004, 50.58048312328175], [-3.671373813153154, 50.57988235232856], [-3.67134254125892, 50.579857057625105], [-3.6693672434628084, 50.576082834312814], [-3.6702606950521166, 50.575345913192386], [-3.673740988078046, 50.57882566523647]]]}}, {"type": "Feature", "properties": {"type": "postcode-cell", "postcode": "TQ13 9AJ", "postcodes": ["TQ13 9AJ"]}, "geometry": {"type": "Polygon", "coordinates": [[[-3.6741750330253, 50.59489911373526], [-3.674453256345802, 50.595162390042454], [-3.6737329077799745, 50.595216879662956], [-3.6733185103517028, 50.594880220135735], [-3.6733480462758394, 50.59479846180936], [-3.6741750330253, 50.59489911373526]]]}}, {"type": "Feature", "properties": {"type": "postcode-cell", "postcode": "TQ13 9HG", "postcodes": ["TQ13 9HG"]}, "geometry": {"type": "Polygon", "coordinates": [[[-3.6745221659626153, 50.597484747649155], [-3.674501606599861, 50.59749821370926], [-3.6710363460240334, 50.597353612376885], [-3.6715262289271378, 50.59635441655493], [-3.6725682797841803, 50.59595127895323], [-3.6745798731526618, 50.59635877083641], [-3.6745221659626153, 50.597484747649155]]]}}, {"type": "Feature", "properties": {"type": "postcode-cell", "postcode": "TQ13 9AB", "postcodes": ["TQ13 9AB"]}, "geometry": {"type": "Polygon", "coordinates": [[[-3.673902678683842, 50.594485037107624], [-3.673278942783525, 50.5945756223839], [-3.672864796224564, 50.594331712977116], [-3.6728316706013, 50.59429014633315], [-3.673063085639548, 50.59400970817082], [-3.6739373979013306, 50.59386991145109], [-3.673902678683842, 50.594485037107624]]]}}, {"type": "Feature", "properties": {"type": "postcode-cell", "postcode": "TQ13 9AA", "postcodes": ["TQ13 9AA"]}, "geometry": {"type": "Polygon", "coordinates": [[[-3.6733480462758394, 50.59479846180936], [-3.6733185103517028, 50.594880220135735], [-3.6729599666052715, 50.59510639082048], [-3.672700244528674, 50.59499323409912], [-3.672620254352522, 50.594742858570875], [-3.672864796224564, 50.594331712977116], [-3.673278942783525, 50.5945756223839], [-3.6733480462758394, 50.59479846180936]]]}}, {"type": "Feature", "properties": {"type": "postcode-cell", "postcode": "TQ13 9QY", "postcodes": ["TQ13 9QY"]}, "geometry": {"type": "Polygon", "coordinates": [[[-3.6724588141892864, 50.593058766627074], [-3.673063085639548, 50.59400970817082], [-3.6728316706013, 50.59429014633315], [-3.6716177514562593, 50.594276060126305], [-3.6714286364427746, 50.59381550366742], [-3.672212367730415, 50.5930375998456], [-3.6724096520236116, 50.5930306187089], [-3.6724588141892864, 50.593058766627074]]]}}, {"type": "Feature", "properties": {"type": "postcode-cell", "postcode": "TQ13 9JA", "postcodes": ["TQ13 9JA"]}, "geometry": {"type": "Polygon", "coordinates": [[[-3.6729915494215972, 50.59574251294641], [-3.672894691326585, 50.59576354599725], [-3.6729599666052715, 50.59510639082048], [-3.6733185103517028, 50.594880220135735], [-3.6737329077799745, 50.595216879662956], [-3.6729915494215972, 50.59574251294641]]]}}, {"type": "Feature", "properties": {"type": "postcode-cell", "postcode": "TQ13 9EH", "postcodes": ["TQ13 9EH"]}, "geometry": {"type": "Polygon", "coordinates": [[[-3.672894691326585, 50.59576354599725], [-3.6725682797841803, 50.59595127895323], [-3.6715262289271378, 50.59635441655493], [-3.6714197005766396, 50.59606707034752], [-3.671595466260672, 50.59514181523492], [-3.672700244528674, 50.59499323409912], [-3.6729599666052715, 50.59510639082048], [-3.672894691326585, 50.59576354599725]]]}}, {"type": "Feature", "properties": {"type": "postcode-cell", "postcode": "TQ13 9EQ", "postcodes": ["TQ13 9EQ"]}, "geometry": {"type": "Polygon", "coordinates": [[[-3.672864796224564, 50.594331712977116], [-3.672620254352522, 50.594742858570875], [-3.6715840676220726, 50.595056544212355], [-3.671572718019128, 50.595028820063156], [-3.671453025241314, 50.59446766049668], [-3.6716177514562593, 50.594276060126305], [-3.6728316706013, 50.59429014633315], [-3.672864796224564, 50.594331712977116]]]}}, {"type": "Feature", "properties": {"type": "postcode-cell", "postcode": "TQ13 9TY", "postcodes": ["TQ13 9TY"]}, "geometry": {"type": "Polygon", "coordinates": [[[-3.672615032686475, 50.58135524994357], [-3.671373813153154, 50.57988235232856], [-3.6729992478984004, 50.58048312328175], [-3.672911277197343, 50.58108326068039], [-3.672615032686475, 50.58135524994357]]]}}, {"type": "Feature", "properties": {"type": "postcode-cell", "postcode": "TQ13 9DX", "postcodes": ["TQ13 9DX"]}, "geometry": {"type": "Polygon", "coordinates": [[[-3.672614938530039, 50.58135555518099], [-3.6721104949389662, 50.58159489772407], [-3.671024366993399, 50.58079248389613], [-3.67134254125892, 50.579857057625105], [-3.671373813153154, 50.57988235232856], [-3.672615032686475, 50.58135524994357], [-3.672614938530039, 50.58135555518099]]]}}, {"type": "Feature", "properties": {"type": "postcode-cell", "postcode": "TQ13 9EG", "postcodes": ["TQ13 9EG"]}, "geometry": {"type": "Polygon", "coordinates": [[[-3.672700244528674, 50.59499323409912], [-3.671595466260672, 50.59514181523492], [-3.6715840676220726, 50.595056544212355], [-3.672620254352522, 50.594742858570875], [-3.672700244528674, 50.59499323409912]]]}}, {"type": "Feature", "properties": {"type": "postcode-cell", "postcode": "TQ13 9EE", "postcodes": ["TQ13 9EE"]}, "geometry": {"type": "Polygon", "coordinates": [[[-3.6715262289271378, 50.59635441655493], [-3.6710363460240334, 50.597353612376885], [-3.6683723704439637, 50.598673025702396], [-3.6677719929710153, 50.596235009509314], [-3.6680692496018796, 50.59587724568374], [-3.669383235818457, 50.59479132470429], [-3.669443064110342, 50.594771063545615], [-3.669477012579283, 50.59478981120941], [-3.6714197005766396, 50.59606707034752], [-3.6715262289271378, 50.59635441655493]]]}}, {"type": "Feature", "properties": {"type": "postcode-cell", "postcode": "TQ13 9EJ", "postcodes": ["TQ13 9EJ"]}, "geometry": {"type": "Polygon", "coordinates": [[[-3.6715840676220726, 50.595056544212355], [-3.671595466260672, 50.59514181523492], [-3.6714197005766396, 50.59606707034752], [-3.669477012579283, 50.59478981120941], [-3.671572718019128, 50.595028820063156], [-3.6715840676220726, 50.595056544212355]]]}}, {"type": "Feature", "properties": {"type": "postcode-cell", "postcode": "TQ13 9EL", "postcodes": ["TQ13 9EL"]}, "geometry": {"type": "Polygon", "coordinates": [[[-3.671572718019128, 50.595028820063156], [-3.669477012579283, 50.59478981120941], [-3.669443064110342, 50.594771063545615], [-3.6696340360582465, 50.59453649883445], [-3.671453025241314, 50.59446766049668], [-3.671572718019128, 50.595028820063156]]]}}, {"type": "Feature", "properties": {"type": "postcode-cell", "postcode": "TQ13 9SA", "postcodes": ["TQ13 9SA"]}, "geometry": {"type": "Polygon", "coordinates": [[[-3.6704690470431047, 50.589778658868475], [-3.670832834727871, 50.59240025002966], [-3.6703765381605105, 50.592718598659964], [-3.6684439297120104, 50.592501555176014], [-3.6690356326720255, 50.59094923395622], [-3.6704690470431047, 50.589778658868475]]]}}, {"type": "Feature", "properties": {"type": "postcode-cell", "postcode": "TQ13 9DT", "postcodes": ["TQ13 9DT"]}, "geometry": {"type": "Polygon", "coordinates": [[[-3.670586101583131, 50.582858737115686], [-3.669825387383497, 50.58129061834404], [-3.671024366993399, 50.58079248389613], [-3.6721104949389662, 50.58159489772407], [-3.670586101583131, 50.582858737115686]]]}}, {"type": "Feature", "properties": {"type": "postcode-cell", "postcode": "TQ13 9QT", "postcodes": ["TQ13 9QT"]}, "geometry": {"type": "Polygon", "coordinates": [[[-3.6714286364427746, 50.59381550366742], [-3.6698220790918055, 50.593543820411966], [-3.6703765381605105, 50.592718598659964], [-3.670832834727871, 50.59240025002966], [-3.672212367730415, 50.5930375998456], [-3.6714286364427746, 50.59381550366742]]]}}, {"type": "Feature", "properties": {"type": "postcode-cell", "postcode": "TQ13 9JH", "postcodes": ["TQ13 9JH"]}, "geometry": {"type": "Polygon", "coordinates": [[[-3.670150249316145, 50.584169661508014], [-3.6673700704462733, 50.58617484751122], [-3.6651217643988017, 50.5857996582995], [-3.6638913927976455, 50.58551467925798], [-3.6631944874360576, 50.585194010035856], [-3.6621545375526505, 50.58401739788383], [-3.667313977550622, 50.57920964974819], [-3.669825387383497, 50.58129061834404], [-3.670586101583131, 50.582858737115686], [-3.670150249316145, 50.584169661508014]]]}}, {"type": "Feature", "properties": {"type": "postcode-cell", "postcode": "TQ13 9PQ", "postcodes": ["TQ13 9PQ"]}, "geometry": {"type": "Polygon", "coordinates": [[[-3.6714286364427746, 50.59381550366742], [-3.6716177514562593, 50.594276060126305], [-3.671453025241314, 50.59446766049668], [-3.6696340360582465, 50.59453649883445], [-3.6696014855529095, 50.59363615066969], [-3.6698220790918055, 50.593543820411966], [-3.6714286364427746, 50.59381550366742]]]}}, {"type": "Feature", "properties": {"type": "postcode-cell", "postcode": "TQ13 9QU", "postcodes": ["TQ13 9QU"]}, "geometry": {"type": "Polygon", "coordinates": [[[-3.6698220790918055, 50.593543820411966], [-3.6696014855529095, 50.59363615066969], [-3.6689430415375335, 50.59349565160387], [-3.6680025243368624, 50.59290627174471], [-3.6684439297120104, 50.592501555176014], [-3.6703765381605105, 50.592718598659964], [-3.6698220790918055, 50.593543820411966]]]}}, {"type": "Feature", "properties": {"type": "postcode-cell", "postcode": "TQ13 9JD", "postcodes": ["TQ13 9JD"]}, "geometry": {"type": "Polygon", "coordinates": [[[-3.669443064110342, 50.594771063545615], [-3.669383235818457, 50.59479132470429], [-3.6677626006788957, 50.59426469042993], [-3.6689430415375335, 50.59349565160387], [-3.6696014855529095, 50.59363615066969], [-3.6696340360582465, 50.59453649883445], [-3.669443064110342, 50.594771063545615]]]}}, {"type": "Feature", "properties": {"type": "postcode-cell", "postcode": "TQ13 9EW", "postcodes": ["TQ13 9EW"]}, "geometry": {"type": "Polygon", "coordinates": [[[-3.6680692496018796, 50.59587724568374], [-3.6677132717458973, 50.594268973187624], [-3.6677626006788957, 50.59426469042993], [-3.669383235818457, 50.59479132470429], [-3.6680692496018796, 50.59587724568374]]]}}, {"type": "Feature", "properties": {"type": "postcode-cell", "postcode": "TQ13 9EN", "postcodes": ["TQ13 9EN"]}, "geometry": {"type": "Polygon", "coordinates": [[[-3.6677719929710153, 50.596235009509314], [-3.667358027029486, 50.59595157401732], [-3.666839541030746, 50.59414646495949], [-3.6677132717458973, 50.594268973187624], [-3.6680692496018796, 50.59587724568374], [-3.6677719929710153, 50.596235009509314]]]}}, {"type": "Feature", "properties": {"type": "postcode-cell", "postcode": "TQ13 9JB", "postcodes": ["TQ13 9JB"]}, "geometry": {"type": "Polygon", "coordinates": [[[-3.6677626006788957, 50.59426469042993], [-3.6677132717458973, 50.594268973187624], [-3.666839541030746, 50.59414646495949], [-3.666287473237736, 50.593893591996704], [-3.667211693513602, 50.5929537944904], [-3.6680025243368624, 50.59290627174471], [-3.6689430415375335, 50.59349565160387], [-3.6677626006788957, 50.59426469042993]]]}}, {"type": "Feature", "properties": {"type": "postcode-cell", "postcode": "TQ12 6UT", "postcodes": ["TQ12 6UT"]}, "geometry": {"type": "Polygon", "coordinates": [[[-3.667313977550622, 50.57920964974819], [-3.6621545375526505, 50.58401739788383], [-3.6585290323970274, 50.58238051613158], [-3.6602845953835605, 50.58008277451958], [-3.662831474471029, 50.577217126449256], [-3.6635906246007766, 50.577050008786856], [-3.6686532518981725, 50.5765080931669], [-3.667313977550622, 50.57920964974819]]]}}, {"type": "Feature", "properties": {"type": "postcode-cell", "postcode": "TQ13 9QZ", "postcodes": ["TQ13 9QZ"]}, "geometry": {"type": "Polygon", "coordinates": [[[-3.6680025243368624, 50.59290627174471], [-3.667211693513602, 50.5929537944904], [-3.666946550561436, 50.59270225268003], [-3.6668269946617795, 50.591716993657116], [-3.6690356326720255, 50.59094923395622], [-3.6684439297120104, 50.592501555176014], [-3.6680025243368624, 50.59290627174471]]]}}, {"type": "Feature", "properties": {"type": "postcode-cell", "postcode": "TQ13 9FX", "postcodes": ["TQ13 9FX"]}, "geometry": {"type": "Polygon", "coordinates": [[[-3.667211693513602, 50.5929537944904], [-3.666287473237736, 50.593893591996704], [-3.6659782868078983, 50.59394005915027], [-3.6655211046131804, 50.59378412000753], [-3.6646565178262347, 50.59250188337083], [-3.664765505911069, 50.59234824942902], [-3.666946550561436, 50.59270225268003], [-3.667211693513602, 50.5929537944904]]]}}, {"type": "Feature", "properties": {"type": "postcode-cell", "postcode": "TQ13 9EP", "postcodes": ["TQ13 9EP"]}, "geometry": {"type": "Polygon", "coordinates": [[[-3.666839541030746, 50.59414646495949], [-3.667358027029486, 50.59595157401732], [-3.6652618605711607, 50.59514245067228], [-3.6659782868078983, 50.59394005915027], [-3.666287473237736, 50.593893591996704], [-3.666839541030746, 50.59414646495949]]]}}, {"type": "Feature", "properties": {"type": "postcode-cell", "postcode": "TQ13 9ER", "postcodes": ["TQ13 9ER"]}, "geometry": {"type": "Polygon", "coordinates": [[[-3.666946550561436, 50.59270225268003], [-3.664765505911069, 50.59234824942902], [-3.6647484921306854, 50.59171374513215], [-3.6648875504042766, 50.59158224701992], [-3.6655204287859355, 50.59140308798991], [-3.6668269946617795, 50.591716993657116], [-3.666946550561436, 50.59270225268003]]]}}, {"type": "Feature", "properties": {"type": "postcode-cell", "postcode": "TQ13 9YW", "postcodes": ["TQ13 9YW"]}, "geometry": {"type": "Polygon", "coordinates": [[[-3.6655204287859355, 50.59140308798991], [-3.6648875504042766, 50.59158224701992], [-3.6647225224253694, 50.59138519232673], [-3.6645204783306995, 50.589286724169995], [-3.6651217643988017, 50.5857996582995], [-3.6673700704462733, 50.58617484751122], [-3.6683929962892456, 50.586839426190686], [-3.6655204287859355, 50.59140308798991]]]}}, {"type": "Feature", "properties": {"type": "postcode-cell", "postcode": "TQ13 9ES", "postcodes": ["TQ13 9ES"]}, "geometry": {"type": "Polygon", "coordinates": [[[-3.665088626401422, 50.59518909132647], [-3.6643835088805186, 50.5952573329397], [-3.663745512418375, 50.59416224098456], [-3.6642618599371124, 50.59387925111447], [-3.6655211046131804, 50.59378412000753], [-3.6659782868078983, 50.59394005915027], [-3.6652618605711607, 50.59514245067228], [-3.665088626401422, 50.59518909132647]]]}}, {"type": "Feature", "properties": {"type": "postcode-cell", "postcode": "TQ13 9YR", "postcodes": ["TQ13 9YR"]}, "geometry": {"type": "Polygon", "coordinates": [[[-3.6645204783306995, 50.589286724169995], [-3.6638495761494463, 50.59081276225648], [-3.6622509765245512, 50.590757386960874], [-3.662357328628403, 50.588531152456184], [-3.6638913927976455, 50.58551467925798], [-3.6651217643988017, 50.5857996582995], [-3.6645204783306995, 50.589286724169995]]]}}, {"type": "Feature", "properties": {"type": "postcode-cell", "postcode": "TQ13 9QW", "postcodes": ["TQ13 9QW"]}, "geometry": {"type": "Polygon", "coordinates": [[[-3.6648875504042766, 50.59158224701992], [-3.6647484921306854, 50.59171374513215], [-3.662439525445527, 50.59160485501357], [-3.662004113749663, 50.59117135138075], [-3.6622509765245512, 50.590757386960874], [-3.6638495761494463, 50.59081276225648], [-3.6647225224253694, 50.59138519232673], [-3.6648875504042766, 50.59158224701992]]]}}, {"type": "Feature", "properties": {"type": "postcode-cell", "postcode": "TQ13 9HB", "postcodes": ["TQ13 9HB"]}, "geometry": {"type": "Polygon", "coordinates": [[[-3.663396817094452, 50.598744542066775], [-3.6624035352831577, 50.596141700697906], [-3.6643835088805186, 50.5952573329397], [-3.665088626401422, 50.59518909132647], [-3.6657409739140414, 50.599000605953655], [-3.663396817094452, 50.598744542066775]]]}}, {"type": "Feature", "properties": {"type": "postcode-cell", "postcode": "TQ13 9HA", "postcodes": ["TQ13 9HA"]}, "geometry": {"type": "Polygon", "coordinates": [[[-3.6624035352831577, 50.596141700697906], [-3.6600281426041765, 50.59459999976858], [-3.6621994427618887, 50.59415092097595], [-3.663745512418375, 50.59416224098456], [-3.6643835088805186, 50.5952573329397], [-3.6624035352831577, 50.596141700697906]]]}}, {"type": "Feature", "properties": {"type": "postcode-cell", "postcode": "TQ13 9GU", "postcodes": ["TQ13 9GU"]}, "geometry": {"type": "Polygon", "coordinates": [[[-3.6635212618552107, 50.59308546083313], [-3.663537482186576, 50.592869108617066], [-3.6646565178262347, 50.59250188337083], [-3.6655211046131804, 50.59378412000753], [-3.6642618599371124, 50.59387925111447], [-3.6635212618552107, 50.59308546083313]]]}}, {"type": "Feature", "properties": {"type": "postcode-cell", "postcode": "TQ13 9ET", "postcodes": ["TQ13 9ET"]}, "geometry": {"type": "Polygon", "coordinates": [[[-3.6642618599371124, 50.59387925111447], [-3.663745512418375, 50.59416224098456], [-3.6621994427618887, 50.59415092097595], [-3.6635212618552107, 50.59308546083313], [-3.6642618599371124, 50.59387925111447]]]}}, {"type": "Feature", "properties": {"type": "postcode-cell", "postcode": "TQ13 9EU", "postcodes": ["TQ13 9EU"]}, "geometry": {"type": "Polygon", "coordinates": [[[-3.6646565178262347, 50.59250188337083], [-3.663537482186576, 50.592869108617066], [-3.6622595750841276, 50.59250887088492], [-3.662439525445527, 50.59160485501357], [-3.6647484921306854, 50.59171374513215], [-3.664765505911069, 50.59234824942902], [-3.6646565178262347, 50.59250188337083]]]}}, {"type": "Feature", "properties": {"type": "postcode-cell", "postcode": "TQ13 9YP", "postcodes": ["TQ13 9YP"]}, "geometry": {"type": "Polygon", "coordinates": [[[-3.6645204783306995, 50.589286724169995], [-3.6647225224253694, 50.59138519232673], [-3.6638495761494463, 50.59081276225648], [-3.6645204783306995, 50.589286724169995]]]}}, {"type": "Feature", "properties": {"type": "postcode-cell", "postcode": "TQ13 9EZ", "postcodes": ["TQ13 9EZ"]}, "geometry": {"type": "Polygon", "coordinates": [[[-3.6600281426041765, 50.59459999976858], [-3.6587342802739653, 50.59421098543375], [-3.6622595750841276, 50.59250887088492], [-3.663537482186576, 50.592869108617066], [-3.6635212618552107, 50.59308546083313], [-3.6621994427618887, 50.59415092097595], [-3.6600281426041765, 50.59459999976858]]]}}, {"type": "Feature", "properties": {"type": "postcode-cell", "postcode": "TQ13 9EX", "postcodes": ["TQ13 9EX"]}, "geometry": {"type": "Polygon", "coordinates": [[[-3.6622595750841276, 50.59250887088492], [-3.6587342802739653, 50.59421098543375], [-3.6585630565247595, 50.594194141057464], [-3.660588082713743, 50.591462630546324], [-3.6615133034008918, 50.5912121907773], [-3.662004113749663, 50.59117135138075], [-3.662439525445527, 50.59160485501357], [-3.6622595750841276, 50.59250887088492]]]}}, {"type": "Feature", "properties": {"type": "postcode-cell", "postcode": "TQ13 9GX", "postcodes": ["TQ13 9GX"]}, "geometry": {"type": "Polygon", "coordinates": [[[-3.662357328628403, 50.588531152456184], [-3.660362659325845, 50.58996268294974], [-3.6586301433523274, 50.58983752633594], [-3.658473369675529, 50.589670658380584], [-3.6594369928081227, 50.58703886772095], [-3.6631944874360576, 50.585194010035856], [-3.6638913927976455, 50.58551467925798], [-3.662357328628403, 50.588531152456184]]]}}, {"type": "Feature", "properties": {"type": "postcode-cell", "postcode": "TQ13 9FU", "postcodes": ["TQ13 9FU"]}, "geometry": {"type": "Polygon", "coordinates": [[[-3.6622509765245512, 50.590757386960874], [-3.662004113749663, 50.59117135138075], [-3.6615133034008918, 50.5912121907773], [-3.6601876663047834, 50.5902809408347], [-3.660362659325845, 50.58996268294974], [-3.662357328628403, 50.588531152456184], [-3.6622509765245512, 50.590757386960874]]]}}, {"type": "Feature", "properties": {"type": "postcode-cell", "postcode": "TQ13 9PH", "postcodes": ["TQ13 9PH"]}, "geometry": {"type": "Polygon", "coordinates": [[[-3.663396817094452, 50.598744542066775], [-3.6535950328474076, 50.601433126769685], [-3.6495522330693246, 50.600723040737265], [-3.649769989882789, 50.59944999464427], [-3.64807998988227, 50.59826999464337], [-3.647979989882433, 50.59778999464299], [-3.648989349283726, 50.595786042322885], [-3.6553048156606107, 50.594453181754545], [-3.6577633455365457, 50.594232500136144], [-3.6585630565247595, 50.594194141057464], [-3.6587342802739653, 50.59421098543375], [-3.6600281426041765, 50.59459999976858], [-3.6624035352831577, 50.596141700697906], [-3.663396817094452, 50.598744542066775]]]}}, {"type": "Feature", "properties": {"type": "postcode-cell", "postcode": "TQ12 6FJ", "postcodes": ["TQ12 6FJ"]}, "geometry": {"type": "Polygon", "coordinates": [[[-3.662831474471029, 50.577217126449256], [-3.6600991826638456, 50.57659277426559], [-3.6594097785264035, 50.57568072159417], [-3.6610544798172087, 50.57464708846811], [-3.661191095397117, 50.57466109875852], [-3.6635906246007766, 50.577050008786856], [-3.662831474471029, 50.577217126449256]]]}}, {"type": "Feature", "properties": {"type": "postcode-cell", "postcode": "TQ12 6TR", "postcodes": ["TQ12 6TR"]}, "geometry": {"type": "Polygon", "coordinates": [[[-3.6610544798172087, 50.57464708846811], [-3.6594097785264035, 50.57568072159417], [-3.659080040041074, 50.57555062881867], [-3.658948342913012, 50.575391107604034], [-3.658894012014029, 50.57473085423396], [-3.6604127398153494, 50.57376769529928], [-3.6610544798172087, 50.57464708846811]]]}}, {"type": "Feature", "properties": {"type": "postcode-cell", "postcode": "TQ12 6SD", "postcodes": ["TQ12 6SD"]}, "geometry": {"type": "Polygon", "coordinates": [[[-3.65634940159827, 50.56834558584125], [-3.6559100627704693, 50.56846668259822], [-3.654858151661118, 50.568336971819974], [-3.6547065062674227, 50.56809347833001], [-3.6556160066872088, 50.56653892053106], [-3.657163532375866, 50.56795637974585], [-3.65634940159827, 50.56834558584125]]]}}, {"type": "Feature", "properties": {"type": "postcode-cell", "postcode": "TQ12 6SL", "postcodes": ["TQ12 6SL"]}, "geometry": {"type": "Polygon", "coordinates": [[[-3.6602845953835605, 50.58008277451958], [-3.659329957091738, 50.576986350688856], [-3.6600991826638456, 50.57659277426559], [-3.662831474471029, 50.577217126449256], [-3.6602845953835605, 50.58008277451958]]]}}, {"type": "Feature", "properties": {"type": "postcode-cell", "postcode": "TQ12 6GJ", "postcodes": ["TQ12 6GJ"]}, "geometry": {"type": "Polygon", "coordinates": [[[-3.658198859993284, 50.56987898055368], [-3.6596086817588236, 50.57154288482297], [-3.6577004161764575, 50.57196112110213], [-3.656819964859121, 50.57135026933969], [-3.6567594827622267, 50.57094293433355], [-3.6573558757884523, 50.57016262308975], [-3.658198859993284, 50.56987898055368]]]}}, {"type": "Feature", "properties": {"type": "postcode-cell", "postcode": "TQ12 6RZ", "postcodes": ["TQ12 6RZ"]}, "geometry": {"type": "Polygon", "coordinates": [[[-3.6573558757884523, 50.57016262308975], [-3.6564806001454917, 50.5697965884398], [-3.65634940159827, 50.56834558584125], [-3.657163532375866, 50.56795637974585], [-3.65881712965563, 50.569470876804424], [-3.658198859993284, 50.56987898055368], [-3.6573558757884523, 50.57016262308975]]]}}, {"type": "Feature", "properties": {"type": "postcode-cell", "postcode": "TQ12 6TZ", "postcodes": ["TQ12 6TZ"]}, "geometry": {"type": "Polygon", "coordinates": [[[-3.658894012014029, 50.57473085423396], [-3.657958224025794, 50.57351812086254], [-3.660338659998051, 50.57336584517237], [-3.6604127398153494, 50.57376769529928], [-3.658894012014029, 50.57473085423396]]]}}, {"type": "Feature", "properties": {"type": "postcode-cell", "postcode": "TQ12 6RA", "postcodes": ["TQ12 6RA"]}, "geometry": {"type": "Polygon", "coordinates": [[[-3.6585290323970274, 50.58238051613158], [-3.656774563291937, 50.58203965388578], [-3.6566835487786196, 50.58187388152332], [-3.6574803355314156, 50.577809603152424], [-3.657962818910343, 50.57751915619817], [-3.659329957091738, 50.576986350688856], [-3.6602845953835605, 50.58008277451958], [-3.6585290323970274, 50.58238051613158]]]}}, {"type": "Feature", "properties": {"type": "postcode-cell", "postcode": "TQ13 9GY", "postcodes": ["TQ13 9GY"]}, "geometry": {"type": "Polygon", "coordinates": [[[-3.6601876663047834, 50.5902809408347], [-3.659463957083391, 50.5907222397506], [-3.6587628284701537, 50.59044816882065], [-3.6586301433523274, 50.58983752633594], [-3.660362659325845, 50.58996268294974], [-3.6601876663047834, 50.5902809408347]]]}}, {"type": "Feature", "properties": {"type": "postcode-cell", "postcode": "TQ13 9GW", "postcodes": ["TQ13 9GW"]}, "geometry": {"type": "Polygon", "coordinates": [[[-3.660588082713743, 50.591462630546324], [-3.659525502016591, 50.590928752306546], [-3.659463957083391, 50.5907222397506], [-3.6601876663047834, 50.5902809408347], [-3.6615133034008918, 50.5912121907773], [-3.660588082713743, 50.591462630546324]]]}}, {"type": "Feature", "properties": {"type": "postcode-cell", "postcode": "TQ12 6RW", "postcodes": ["TQ12 6RW"]}, "geometry": {"type": "Polygon", "coordinates": [[[-3.6594097785264035, 50.57568072159417], [-3.6600991826638456, 50.57659277426559], [-3.659329957091738, 50.576986350688856], [-3.657962818910343, 50.57751915619817], [-3.6573890632734978, 50.57595113441943], [-3.659080040041074, 50.57555062881867], [-3.6594097785264035, 50.57568072159417]]]}}, {"type": "Feature", "properties": {"type": "postcode-cell", "postcode": "TQ13 9PL", "postcodes": ["TQ13 9PL"]}, "geometry": {"type": "Polygon", "coordinates": [[[-3.6631944874360576, 50.585194010035856], [-3.6594369928081227, 50.58703886772095], [-3.653967563506539, 50.588541082309355], [-3.6463523781599143, 50.58977398348112], [-3.646319990153027, 50.589778715730624], [-3.643763686321711, 50.586572924512716], [-3.645469629888733, 50.5854250347129], [-3.656774563291937, 50.58203965388578], [-3.6585290323970274, 50.58238051613158], [-3.6621545375526505, 50.58401739788383], [-3.6631944874360576, 50.585194010035856]]]}}, {"type": "Feature", "properties": {"type": "postcode-cell", "postcode": "TQ12 6TG", "postcodes": ["TQ12 6TG", "TQ12 6TQ"]}, "geometry": {"type": "Polygon", "coordinates": [[[-3.6575827153293448, 50.57342224721661], [-3.657853750083096, 50.57244281662221], [-3.6613741268453928, 50.57245937334786], [-3.660338659998051, 50.57336584517237], [-3.657958224025794, 50.57351812086254], [-3.6575827153293448, 50.57342224721661]]]}}, {"type": "Feature", "properties": {"type": "postcode-cell", "postcode": "TQ12 6UD", "postcodes": ["TQ12 6UD"]}, "geometry": {"type": "Polygon", "coordinates": [[[-3.657958224025794, 50.57351812086254], [-3.658894012014029, 50.57473085423396], [-3.658948342913012, 50.575391107604034], [-3.657824657406146, 50.57502474584681], [-3.6570427663405116, 50.57356479642255], [-3.6575827153293448, 50.57342224721661], [-3.657958224025794, 50.57351812086254]]]}}, {"type": "Feature", "properties": {"type": "postcode-cell", "postcode": "TQ13 9GH", "postcodes": ["TQ13 9GH"]}, "geometry": {"type": "Polygon", "coordinates": [[[-3.6574983286735616, 50.59053484272083], [-3.6575514330420247, 50.59057634528283], [-3.6574297126014934, 50.59173494529529], [-3.6553048156606107, 50.594453181754545], [-3.648989349283726, 50.595786042322885], [-3.649349989884591, 50.59506999464085], [-3.6492399898852934, 50.59343999463957], [-3.6473650079529953, 50.59108909979167], [-3.6574983286735616, 50.59053484272083]]]}}, {"type": "Feature", "properties": {"type": "postcode-cell", "postcode": "TQ13 9SZ", "postcodes": ["TQ13 9SZ"]}, "geometry": {"type": "Polygon", "coordinates": [[[-3.660588082713743, 50.591462630546324], [-3.6585630565247595, 50.594194141057464], [-3.6577633455365457, 50.594232500136144], [-3.6594183348103315, 50.59099882866153], [-3.659525502016591, 50.590928752306546], [-3.660588082713743, 50.591462630546324]]]}}, {"type": "Feature", "properties": {"type": "postcode-cell", "postcode": "TQ12 6TJ", "postcodes": ["TQ12 6TJ", "TQ12 6TL"]}, "geometry": {"type": "Polygon", "coordinates": [[[-3.6613741268453928, 50.57245937334786], [-3.657853750083096, 50.57244281662221], [-3.6577004161764575, 50.57196112110213], [-3.6596086817588236, 50.57154288482297], [-3.661600036644628, 50.572019409607805], [-3.6618060806924593, 50.57220808699102], [-3.6613741268453928, 50.57245937334786]]]}}, {"type": "Feature", "properties": {"type": "postcode-cell", "postcode": "TQ12 6SQ", "postcodes": ["TQ12 6SQ"]}, "geometry": {"type": "Polygon", "coordinates": [[[-3.657853750083096, 50.57244281662221], [-3.6575827153293448, 50.57342224721661], [-3.6570427663405116, 50.57356479642255], [-3.6567016520446596, 50.57361096934637], [-3.6565380450704676, 50.573559659025456], [-3.655576549184732, 50.57290026298414], [-3.656617984142757, 50.571476419684664], [-3.656819964859121, 50.57135026933969], [-3.6577004161764575, 50.57196112110213], [-3.657853750083096, 50.57244281662221]]]}}, {"type": "Feature", "properties": {"type": "postcode-cell", "postcode": "TQ13 9GF", "postcodes": ["TQ13 9GF"]}, "geometry": {"type": "Polygon", "coordinates": [[[-3.658635142739634, 50.590494730917364], [-3.6575514330420247, 50.59057634528283], [-3.6574983286735616, 50.59053484272083], [-3.6574907567304704, 50.590501089931905], [-3.6581615112646846, 50.589733707512465], [-3.658473369675529, 50.589670658380584], [-3.6586301433523274, 50.58983752633594], [-3.6587628284701537, 50.59044816882065], [-3.658635142739634, 50.590494730917364]]]}}, {"type": "Feature", "properties": {"type": "postcode-cell", "postcode": "TQ13 9GZ", "postcodes": ["TQ13 9GZ"]}, "geometry": {"type": "Polygon", "coordinates": [[[-3.6587628284701537, 50.59044816882065], [-3.659463957083391, 50.5907222397506], [-3.659525502016591, 50.590928752306546], [-3.6594183348103315, 50.59099882866153], [-3.658004385992648, 50.59139431625408], [-3.658635142739634, 50.590494730917364], [-3.6587628284701537, 50.59044816882065]]]}}, {"type": "Feature", "properties": {"type": "postcode-cell", "postcode": "TQ13 9SY", "postcodes": ["TQ13 9SY"]}, "geometry": {"type": "Polygon", "coordinates": [[[-3.658004385992648, 50.59139431625408], [-3.6594183348103315, 50.59099882866153], [-3.6577633455365457, 50.594232500136144], [-3.6553048156606107, 50.594453181754545], [-3.6574297126014934, 50.59173494529529], [-3.658004385992648, 50.59139431625408]]]}}, {"type": "Feature", "properties": {"type": "postcode-cell", "postcode": "TQ13 9GG", "postcodes": ["TQ13 9GG"]}, "geometry": {"type": "Polygon", "coordinates": [[[-3.6574297126014934, 50.59173494529529], [-3.6575514330420247, 50.59057634528283], [-3.658635142739634, 50.590494730917364], [-3.658004385992648, 50.59139431625408], [-3.6574297126014934, 50.59173494529529]]]}}, {"type": "Feature", "properties": {"type": "postcode-cell", "postcode": "TQ13 9GD", "postcodes": ["TQ13 9GD"]}, "geometry": {"type": "Polygon", "coordinates": [[[-3.6581615112646846, 50.589733707512465], [-3.6573510179202717, 50.58974529619833], [-3.653967563506539, 50.588541082309355], [-3.6594369928081227, 50.58703886772095], [-3.658473369675529, 50.589670658380584], [-3.6581615112646846, 50.589733707512465]]]}}, {"type": "Feature", "properties": {"type": "postcode-cell", "postcode": "TQ12 6RS", "postcodes": ["TQ12 6RS"]}, "geometry": {"type": "Polygon", "coordinates": [[[-3.6573890632734978, 50.57595113441943], [-3.656000592891463, 50.57593805602171], [-3.6570261700383053, 50.575015382934694], [-3.657824657406146, 50.57502474584681], [-3.658948342913012, 50.575391107604034], [-3.659080040041074, 50.57555062881867], [-3.6573890632734978, 50.57595113441943]]]}}, {"type": "Feature", "properties": {"type": "postcode-cell", "postcode": "TQ12 6RN", "postcodes": ["TQ12 6RN"]}, "geometry": {"type": "Polygon", "coordinates": [[[-3.6574803355314156, 50.577809603152424], [-3.6548270234121456, 50.57618003918111], [-3.656000592891463, 50.57593805602171], [-3.6573890632734978, 50.57595113441943], [-3.657962818910343, 50.57751915619817], [-3.6574803355314156, 50.577809603152424]]]}}, {"type": "Feature", "properties": {"type": "postcode-cell", "postcode": "TQ12 6TT", "postcodes": ["TQ12 6TT"]}, "geometry": {"type": "Polygon", "coordinates": [[[-3.6570427663405116, 50.57356479642255], [-3.657824657406146, 50.57502474584681], [-3.6570261700383053, 50.575015382934694], [-3.656376796325688, 50.57422072455459], [-3.6567016520446596, 50.57361096934637], [-3.6570427663405116, 50.57356479642255]]]}}, {"type": "Feature", "properties": {"type": "postcode-cell", "postcode": "TQ12 6RT", "postcodes": ["TQ12 6RT"]}, "geometry": {"type": "Polygon", "coordinates": [[[-3.6570261700383053, 50.575015382934694], [-3.656000592891463, 50.57593805602171], [-3.6548270234121456, 50.57618003918111], [-3.65375721040284, 50.57602956521264], [-3.656376796325688, 50.57422072455459], [-3.6570261700383053, 50.575015382934694]]]}}, {"type": "Feature", "properties": {"type": "postcode-cell", "postcode": "TQ13 9GQ", "postcodes": ["TQ13 9GQ"]}, "geometry": {"type": "Polygon", "coordinates": [[[-3.6573510179202717, 50.58974529619833], [-3.657216327596563, 50.59020773428734], [-3.6463523781599143, 50.58977398348112], [-3.653967563506539, 50.588541082309355], [-3.6573510179202717, 50.58974529619833]]]}}, {"type": "Feature", "properties": {"type": "postcode-cell", "postcode": "TQ13 9GJ", "postcodes": ["TQ13 9GJ"]}, "geometry": {"type": "Polygon", "coordinates": [[[-3.6574907567304704, 50.590501089931905], [-3.657216327596563, 50.59020773428734], [-3.6573510179202717, 50.58974529619833], [-3.6581615112646846, 50.589733707512465], [-3.6574907567304704, 50.590501089931905]]]}}, {"type": "Feature", "properties": {"type": "postcode-cell", "postcode": "TQ12 6RH", "postcodes": ["TQ12 6RH"]}, "geometry": {"type": "Polygon", "coordinates": [[[-3.6566835487786196, 50.58187388152332], [-3.6516564527301494, 50.57757064960201], [-3.65367166669396, 50.57603260760766], [-3.65375721040284, 50.57602956521264], [-3.6548270234121456, 50.57618003918111], [-3.6574803355314156, 50.577809603152424], [-3.6566835487786196, 50.58187388152332]]]}}, {"type": "Feature", "properties": {"type": "postcode-cell", "postcode": "TQ12 6SA", "postcodes": ["TQ12 6SA"]}, "geometry": {"type": "Polygon", "coordinates": [[[-3.65634940159827, 50.56834558584125], [-3.6564806001454917, 50.5697965884398], [-3.6556132759129727, 50.569537491497556], [-3.6555755380067385, 50.56951211659106], [-3.6559100627704693, 50.56846668259822], [-3.65634940159827, 50.56834558584125]]]}}, {"type": "Feature", "properties": {"type": "postcode-cell", "postcode": "TQ12 6RY", "postcodes": ["TQ12 6RY"]}, "geometry": {"type": "Polygon", "coordinates": [[[-3.656617984142757, 50.571476419684664], [-3.656530452321473, 50.57149848529959], [-3.652961498191752, 50.5714984757663], [-3.652971509168399, 50.571466400778675], [-3.6540278207533547, 50.570808622777655], [-3.6567594827622267, 50.57094293433355], [-3.656819964859121, 50.57135026933969], [-3.656617984142757, 50.571476419684664]]]}}, {"type": "Feature", "properties": {"type": "postcode-cell", "postcode": "TQ12 6RJ", "postcodes": ["TQ12 6RJ"]}, "geometry": {"type": "Polygon", "coordinates": [[[-3.6573558757884523, 50.57016262308975], [-3.6567594827622267, 50.57094293433355], [-3.6540278207533547, 50.570808622777655], [-3.6540433493375706, 50.57065887532516], [-3.6556132759129727, 50.569537491497556], [-3.6564806001454917, 50.5697965884398], [-3.6573558757884523, 50.57016262308975]]]}}, {"type": "Feature", "properties": {"type": "postcode-cell", "postcode": "TQ12 6RU", "postcodes": ["TQ12 6RU"]}, "geometry": {"type": "Polygon", "coordinates": [[[-3.656376796325688, 50.57422072455459], [-3.65375721040284, 50.57602956521264], [-3.65367166669396, 50.57603260760766], [-3.652769343234178, 50.57432637968644], [-3.6529134146432938, 50.574282703488365], [-3.6565380450704676, 50.573559659025456], [-3.6567016520446596, 50.57361096934637], [-3.656376796325688, 50.57422072455459]]]}}, {"type": "Feature", "properties": {"type": "postcode-cell", "postcode": "TQ12 6RD", "postcodes": ["TQ12 6RD"]}, "geometry": {"type": "Polygon", "coordinates": [[[-3.647298789863141, 50.577278200142224], [-3.647695899331977, 50.577574318413916], [-3.645469629888733, 50.5854250347129], [-3.643763686321711, 50.586572924512716], [-3.6435699898850538, 50.58632999463414], [-3.643839989885377, 50.586009994633876], [-3.642659989885271, 50.58464999463285], [-3.641379989886153, 50.58106999463007], [-3.640069989885767, 50.58012999462938], [-3.638129989884842, 50.579479994628876], [-3.6412099898884644, 50.5759699946261], [-3.6415423511677987, 50.57571759790901], [-3.647298789863141, 50.577278200142224]]]}}, {"type": "Feature", "properties": {"type": "postcode-cell", "postcode": "TQ13 9GE", "postcodes": ["TQ13 9GE"]}, "geometry": {"type": "Polygon", "coordinates": [[[-3.6574983286735616, 50.59053484272083], [-3.6473650079529953, 50.59108909979167], [-3.646319990153027, 50.589778715730624], [-3.6463523781599143, 50.58977398348112], [-3.657216327596563, 50.59020773428734], [-3.6574907567304704, 50.590501089931905], [-3.6574983286735616, 50.59053484272083]]]}}, {"type": "Feature", "properties": {"type": "postcode-cell", "postcode": "TQ12 6SZ", "postcodes": ["TQ12 6SZ"]}, "geometry": {"type": "Polygon", "coordinates": [[[-3.655576549184732, 50.57290026298414], [-3.655455024518766, 50.57287721084046], [-3.653795265348772, 50.57219762672979], [-3.656530452321473, 50.57149848529959], [-3.656617984142757, 50.571476419684664], [-3.655576549184732, 50.57290026298414]]]}}, {"type": "Feature", "properties": {"type": "postcode-cell", "postcode": "TQ12 6SB", "postcodes": ["TQ12 6SB"]}, "geometry": {"type": "Polygon", "coordinates": [[[-3.6555755380067385, 50.56951211659106], [-3.6545677030447528, 50.56920619274504], [-3.654436313509839, 50.56903900192882], [-3.654858151661118, 50.568336971819974], [-3.6559100627704693, 50.56846668259822], [-3.6555755380067385, 50.56951211659106]]]}}, {"type": "Feature", "properties": {"type": "postcode-cell", "postcode": "TQ12 6TS", "postcodes": ["TQ12 6TS"]}, "geometry": {"type": "Polygon", "coordinates": [[[-3.6547065062674227, 50.56809347833001], [-3.6530900429479103, 50.56802156313229], [-3.652335839058278, 50.56671319063833], [-3.654029989901559, 50.56553999461776], [-3.6544599899018597, 50.56547999461768], [-3.6556160066872088, 50.56653892053106], [-3.6547065062674227, 50.56809347833001]]]}}, {"type": "Feature", "properties": {"type": "postcode-cell", "postcode": "TQ12 6SE", "postcodes": ["TQ12 6SE"]}, "geometry": {"type": "Polygon", "coordinates": [[[-3.654858151661118, 50.568336971819974], [-3.654436313509839, 50.56903900192882], [-3.6537030276839473, 50.5688991511359], [-3.653051076410422, 50.568131818544], [-3.6530900429479103, 50.56802156313229], [-3.6547065062674227, 50.56809347833001], [-3.654858151661118, 50.568336971819974]]]}}, {"type": "Feature", "properties": {"type": "postcode-cell", "postcode": "TQ12 6UE", "postcodes": ["TQ12 6UE"]}, "geometry": {"type": "Polygon", "coordinates": [[[-3.652769343234178, 50.57432637968644], [-3.6515492739424693, 50.57342254989566], [-3.651748391431946, 50.572689317165754], [-3.652789281787251, 50.572040679086555], [-3.653795265348772, 50.57219762672979], [-3.655455024518766, 50.57287721084046], [-3.6529134146432938, 50.574282703488365], [-3.652769343234178, 50.57432637968644]]]}}, {"type": "Feature", "properties": {"type": "postcode-cell", "postcode": "TQ12 6RP", "postcodes": ["TQ12 6RP"]}, "geometry": {"type": "Polygon", "coordinates": [[[-3.6555755380067385, 50.56951211659106], [-3.6556132759129727, 50.569537491497556], [-3.6540433493375706, 50.57065887532516], [-3.6537324973877885, 50.56990003896045], [-3.6545677030447528, 50.56920619274504], [-3.6555755380067385, 50.56951211659106]]]}}, {"type": "Feature", "properties": {"type": "postcode-cell", "postcode": "TQ12 6GY", "postcodes": ["TQ12 6GY"]}, "geometry": {"type": "Polygon", "coordinates": [[[-3.6565380450704676, 50.573559659025456], [-3.6529134146432938, 50.574282703488365], [-3.655455024518766, 50.57287721084046], [-3.655576549184732, 50.57290026298414], [-3.6565380450704676, 50.573559659025456]]]}}, {"type": "Feature", "properties": {"type": "postcode-cell", "postcode": "TQ12 6TN", "postcodes": ["TQ12 6TN"]}, "geometry": {"type": "Polygon", "coordinates": [[[-3.652789281787251, 50.572040679086555], [-3.652961498191752, 50.5714984757663], [-3.656530452321473, 50.57149848529959], [-3.653795265348772, 50.57219762672979], [-3.652789281787251, 50.572040679086555]]]}}, {"type": "Feature", "properties": {"type": "postcode-cell", "postcode": "TQ12 6SG", "postcodes": ["TQ12 6SG"]}, "geometry": {"type": "Polygon", "coordinates": [[[-3.652971509168399, 50.571466400778675], [-3.6520650334486517, 50.570620302947], [-3.6520871692839445, 50.57006923763533], [-3.652795299488788, 50.56961096500601], [-3.6537324973877885, 50.56990003896045], [-3.6540433493375706, 50.57065887532516], [-3.6540278207533547, 50.570808622777655], [-3.652971509168399, 50.571466400778675]]]}}, {"type": "Feature", "properties": {"type": "postcode-cell", "postcode": "TQ12 6GX", "postcodes": ["TQ12 6GX"]}, "geometry": {"type": "Polygon", "coordinates": [[[-3.652795299488788, 50.56961096500601], [-3.652735004491795, 50.569313948605256], [-3.6537030276839473, 50.5688991511359], [-3.654436313509839, 50.56903900192882], [-3.6545677030447528, 50.56920619274504], [-3.6537324973877885, 50.56990003896045], [-3.652795299488788, 50.56961096500601]]]}}, {"type": "Feature", "properties": {"type": "postcode-cell", "postcode": "TQ13 9PN", "postcodes": ["TQ13 9PN"]}, "geometry": {"type": "Polygon", "coordinates": [[[-3.656774563291937, 50.58203965388578], [-3.645469629888733, 50.5854250347129], [-3.647695899331977, 50.577574318413916], [-3.6516564527301494, 50.57757064960201], [-3.6566835487786196, 50.58187388152332], [-3.656774563291937, 50.58203965388578]]]}}, {"type": "Feature", "properties": {"type": "postcode-cell", "postcode": "TQ12 6RQ", "postcodes": ["TQ12 6RQ"]}, "geometry": {"type": "Polygon", "coordinates": [[[-3.65367166669396, 50.57603260760766], [-3.6516564527301494, 50.57757064960201], [-3.647695899331977, 50.577574318413916], [-3.647298789863141, 50.577278200142224], [-3.6491188692905, 50.57409364448031], [-3.6515492739424693, 50.57342254989566], [-3.652769343234178, 50.57432637968644], [-3.65367166669396, 50.57603260760766]]]}}, {"type": "Feature", "properties": {"type": "postcode-cell", "postcode": "TQ12 6TD", "postcodes": ["TQ12 6TD"]}, "geometry": {"type": "Polygon", "coordinates": [[[-3.651630023381909, 50.569832864662885], [-3.6516054307783095, 50.56980477580641], [-3.6520011670361394, 50.568890925873546], [-3.652735004491795, 50.569313948605256], [-3.652795299488788, 50.56961096500601], [-3.6520871692839445, 50.57006923763533], [-3.651630023381909, 50.569832864662885]]]}}, {"type": "Feature", "properties": {"type": "postcode-cell", "postcode": "TQ12 6SP", "postcodes": ["TQ12 6SP"]}, "geometry": {"type": "Polygon", "coordinates": [[[-3.6520871692839445, 50.57006923763533], [-3.6520650334486517, 50.570620302947], [-3.650812353917262, 50.57052333854165], [-3.650260521200506, 50.57020524976551], [-3.651630023381909, 50.569832864662885], [-3.6520871692839445, 50.57006923763533]]]}}, {"type": "Feature", "properties": {"type": "postcode-cell", "postcode": "TQ12 6SW", "postcodes": ["TQ12 6SW"]}, "geometry": {"type": "Polygon", "coordinates": [[[-3.652961498191752, 50.5714984757663], [-3.652789281787251, 50.572040679086555], [-3.651748391431946, 50.572689317165754], [-3.6507161545673017, 50.572154491480624], [-3.650451810315448, 50.57138541605292], [-3.6504605132620274, 50.57118846035268], [-3.650812353917262, 50.57052333854165], [-3.6520650334486517, 50.570620302947], [-3.652971509168399, 50.571466400778675], [-3.652961498191752, 50.5714984757663]]]}}, {"type": "Feature", "properties": {"type": "postcode-cell", "postcode": "TQ12 6SU", "postcodes": ["TQ12 6SU"]}, "geometry": {"type": "Polygon", "coordinates": [[[-3.6537030276839473, 50.5688991511359], [-3.652735004491795, 50.569313948605256], [-3.6520011670361394, 50.568890925873546], [-3.6519247359691027, 50.56882031411569], [-3.653051076410422, 50.568131818544], [-3.6537030276839473, 50.5688991511359]]]}}, {"type": "Feature", "properties": {"type": "postcode-cell", "postcode": "TQ12 6SY", "postcodes": ["TQ12 6SY"]}, "geometry": {"type": "Polygon", "coordinates": [[[-3.6530900429479103, 50.56802156313229], [-3.653051076410422, 50.568131818544], [-3.6519247359691027, 50.56882031411569], [-3.651638615438969, 50.56877906259862], [-3.650618470252337, 50.56790238107828], [-3.652335839058278, 50.56671319063833], [-3.6530900429479103, 50.56802156313229]]]}}, {"type": "Feature", "properties": {"type": "postcode-cell", "postcode": "TQ12 6SH", "postcodes": ["TQ12 6SH"]}, "geometry": {"type": "Polygon", "coordinates": [[[-3.6519247359691027, 50.56882031411569], [-3.6520011670361394, 50.568890925873546], [-3.6516054307783095, 50.56980477580641], [-3.650716277085442, 50.56934784634128], [-3.650718602919275, 50.56933850927026], [-3.651638615438969, 50.56877906259862], [-3.6519247359691027, 50.56882031411569]]]}}, {"type": "Feature", "properties": {"type": "postcode-cell", "postcode": "TQ12 6SN", "postcodes": ["TQ12 6SN"]}, "geometry": {"type": "Polygon", "coordinates": [[[-3.6516054307783095, 50.56980477580641], [-3.651630023381909, 50.569832864662885], [-3.650260521200506, 50.57020524976551], [-3.6501347273134197, 50.57016226503306], [-3.650012505311792, 50.569901459623686], [-3.650716277085442, 50.56934784634128], [-3.6516054307783095, 50.56980477580641]]]}}, {"type": "Feature", "properties": {"type": "postcode-cell", "postcode": "TQ12 6ST", "postcodes": ["TQ12 6ST"]}, "geometry": {"type": "Polygon", "coordinates": [[[-3.650260521200506, 50.57020524976551], [-3.650812353917262, 50.57052333854165], [-3.6504605132620274, 50.57118846035268], [-3.649605554649851, 50.57054575367515], [-3.6501347273134197, 50.57016226503306], [-3.650260521200506, 50.57020524976551]]]}}, {"type": "Feature", "properties": {"type": "postcode-cell", "postcode": "TQ12 6TX", "postcodes": ["TQ12 6TX"]}, "geometry": {"type": "Polygon", "coordinates": [[[-3.651638615438969, 50.56877906259862], [-3.650718602919275, 50.56933850927026], [-3.6495935712796137, 50.56861203114273], [-3.650618470252337, 50.56790238107828], [-3.651638615438969, 50.56877906259862]]]}}, {"type": "Feature", "properties": {"type": "postcode-cell", "postcode": "TQ12 6UQ", "postcodes": ["TQ12 6UQ"]}, "geometry": {"type": "Polygon", "coordinates": [[[-3.6515492739424693, 50.57342254989566], [-3.6491188692905, 50.57409364448031], [-3.648062555971819, 50.57352760847252], [-3.647490255552195, 50.5715805359613], [-3.6476506700412394, 50.57155178457336], [-3.6507161545673017, 50.572154491480624], [-3.651748391431946, 50.572689317165754], [-3.6515492739424693, 50.57342254989566]]]}}, {"type": "Feature", "properties": {"type": "postcode-cell", "postcode": "TQ12 6SS", "postcodes": ["TQ12 6SS"]}, "geometry": {"type": "Polygon", "coordinates": [[[-3.650716277085442, 50.56934784634128], [-3.650012505311792, 50.569901459623686], [-3.6484866794158437, 50.56939144640307], [-3.6484780928063527, 50.5693843651221], [-3.6495935712796137, 50.56861203114273], [-3.650718602919275, 50.56933850927026], [-3.650716277085442, 50.56934784634128]]]}}, {"type": "Feature", "properties": {"type": "postcode-cell", "postcode": "TQ12 6TB", "postcodes": ["TQ12 6TB"]}, "geometry": {"type": "Polygon", "coordinates": [[[-3.650451810315448, 50.57138541605292], [-3.6491198023201603, 50.57075000458037], [-3.649605554649851, 50.57054575367515], [-3.6504605132620274, 50.57118846035268], [-3.650451810315448, 50.57138541605292]]]}}, {"type": "Feature", "properties": {"type": "postcode-cell", "postcode": "TQ12 6UY", "postcodes": ["TQ12 6UY"]}, "geometry": {"type": "Polygon", "coordinates": [[[-3.6491188692905, 50.57409364448031], [-3.647298789863141, 50.577278200142224], [-3.6415423511677987, 50.57571759790901], [-3.642537125461892, 50.574962140024724], [-3.646432649856155, 50.57357051816762], [-3.648062555971819, 50.57352760847252], [-3.6491188692905, 50.57409364448031]]]}}, {"type": "Feature", "properties": {"type": "postcode-cell", "postcode": "TQ12 6RE", "postcodes": ["TQ12 6RE"]}, "geometry": {"type": "Polygon", "coordinates": [[[-3.6507161545673017, 50.572154491480624], [-3.6476506700412394, 50.57155178457336], [-3.648563897011198, 50.570875955293545], [-3.6491198023201603, 50.57075000458037], [-3.650451810315448, 50.57138541605292], [-3.6507161545673017, 50.572154491480624]]]}}, {"type": "Feature", "properties": {"type": "postcode-cell", "postcode": "TQ12 6FS", "postcodes": ["TQ12 6FS"]}, "geometry": {"type": "Polygon", "coordinates": [[[-3.6484866794158437, 50.56939144640307], [-3.648563897011198, 50.570875955293545], [-3.6476506700412394, 50.57155178457336], [-3.647490255552195, 50.5715805359613], [-3.6463611540948486, 50.57136086644426], [-3.6480799898958227, 50.56965999462106], [-3.6484780928063527, 50.5693843651221], [-3.6484866794158437, 50.56939144640307]]]}}, {"type": "Feature", "properties": {"type": "postcode-cell", "postcode": "TQ12 6SR", "postcodes": ["TQ12 6SR"]}, "geometry": {"type": "Polygon", "coordinates": [[[-3.6501347273134197, 50.57016226503306], [-3.649605554649851, 50.57054575367515], [-3.6491198023201603, 50.57075000458037], [-3.648563897011198, 50.570875955293545], [-3.6484866794158437, 50.56939144640307], [-3.650012505311792, 50.569901459623686], [-3.6501347273134197, 50.57016226503306]]]}}, {"type": "Feature", "properties": {"type": "postcode-cell", "postcode": "TQ12 6RL", "postcodes": ["TQ12 6RL"]}, "geometry": {"type": "Polygon", "coordinates": [[[-3.648062555971819, 50.57352760847252], [-3.646432649856155, 50.57357051816762], [-3.6457640337471497, 50.57195171188973], [-3.6463611540948486, 50.57136086644426], [-3.647490255552195, 50.5715805359613], [-3.648062555971819, 50.57352760847252]]]}}, {"type": "Feature", "properties": {"type": "postcode-cell", "postcode": "TQ12 6RG", "postcodes": ["TQ12 6RG"]}, "geometry": {"type": "Polygon", "coordinates": [[[-3.646432649856155, 50.57357051816762], [-3.642537125461892, 50.574962140024724], [-3.643329989890575, 50.5743599946248], [-3.6457640337471497, 50.57195171188973], [-3.646432649856155, 50.57357051816762]]]}}]}