{"type": "FeatureCollection", "features": [{"type": "Feature", "properties": {"type": "ward-outline", "name": "Dunkeswell & Otterhead"}, "geometry": {"type": "Polygon", "coordinates": [[[-3.0524, 50.90827], [-3.05133, 50.90632], [-3.05039, 50.90598], [-3.05052, 50.90457], [-3.0499, 50.90392], [-3.05014, 50.90301], [-3.05147, 50.90171], [-3.05137, 50.90133], [-3.05175, 50.90089], [-3.05235, 50.9008], [-3.05231, 50.89999], [-3.05325, 50.89867], [-3.05304, 50.89768], [-3.05471, 50.89659], [-3.05477, 50.89609], [-3.05387, 50.89546], [-3.05509, 50.89459], [-3.0554, 50.89254], [-3.05486, 50.89202], [-3.05552, 50.89174], [-3.05568, 50.89113], [-3.05539, 50.89019], [-3.05373, 50.88857], [-3.05335, 50.88679], [-3.0523, 50.88603], [-3.05223, 50.88489], [-3.05298, 50.88437], [-3.05329, 50.88342], [-3.05177, 50.88266], [-3.05191, 50.88022], [-3.05251, 50.879], [-3.05384, 50.87839], [-3.05359, 50.87768], [-3.05436, 50.87681], [-3.05394, 50.87597], [-3.05464, 50.87576], [-3.05431, 50.87472], [-3.05498, 50.87451], [-3.05375, 50.87364], [-3.05406, 50.87304], [-3.05378, 50.8723], [-3.0547, 50.87171], [-3.05405, 50.87114], [-3.0542, 50.87062], [-3.05472, 50.87058], [-3.05495, 50.86979], [-3.05606, 50.86936], [-3.05594, 50.869], [-3.05709, 50.86831], [-3.05698, 50.86788], [-3.05803, 50.86757], [-3.05888, 50.86668], [-3.05995, 50.86644], [-3.05915, 50.86585], [-3.05941, 50.86491], [-3.05799, 50.86393], [-3.05725, 50.86407], [-3.05696, 50.86339], [-3.05706, 50.86244], [-3.05828, 50.86098], [-3.05788, 50.85819], [-3.05889, 50.85696], [-3.05886, 50.85622], [-3.058, 50.85556], [-3.05826, 50.85498], [-3.05764, 50.85482], [-3.05728, 50.85385], [-3.05881, 50.85306], [-3.05829, 50.85195], [-3.05909, 50.8511], [-3.05896, 50.8504], [-3.05958, 50.84971], [-3.05891, 50.84938], [-3.05885, 50.84882], [-3.05969, 50.8484], [-3.06011, 50.84647], [-3.05883, 50.84541], [-3.05911, 50.8433], [-3.06051, 50.84177], [-3.06102, 50.83996], [-3.06066, 50.83945], [-3.05941, 50.83898], [-3.05883, 50.83803], [-3.06014, 50.83673], [-3.05944, 50.83513], [-3.06017, 50.83511], [-3.06074, 50.8346], [-3.05989, 50.83364], [-3.06035, 50.83322], [-3.05991, 50.83252], [-3.05882, 50.83262], [-3.05798, 50.83235], [-3.05766, 50.83163], [-3.05873, 50.83061], [-3.05607, 50.82981], [-3.0561, 50.82927], [-3.05561, 50.82927], [-3.05551, 50.82881], [-3.05484, 50.82851], [-3.05495, 50.82815], [-3.05357, 50.82808], [-3.05326, 50.82746], [-3.0537, 50.82632], [-3.05314, 50.82635], [-3.05237, 50.82555], [-3.05169, 50.82539], [-3.05101, 50.82385], [-3.05128, 50.82298], [-3.0502, 50.82227], [-3.05076, 50.82067], [-3.05018, 50.82033], [-3.0498, 50.8193], [-3.04992, 50.81815], [-3.04925, 50.81759], [-3.04947, 50.81687], [-3.04822, 50.81635], [-3.04772, 50.81547], [-3.04792, 50.81503], [-3.04714, 50.81488], [-3.04634, 50.8141], [-3.04627, 50.81318], [-3.04536, 50.81253], [-3.04516, 50.81095], [-3.04609, 50.81098], [-3.04643, 50.81066], [-3.04625, 50.81029], [-3.04546, 50.81028], [-3.04466, 50.80968], [-3.04427, 50.80822], [-3.04705, 50.80731], [-3.05081, 50.80673], [-3.05452, 50.80658], [-3.05965, 50.80573], [-3.06623, 50.80354], [-3.06627, 50.80324], [-3.06717, 50.80279], [-3.0672, 50.8031], [-3.06893, 50.802], [-3.07265, 50.80074], [-3.07493, 50.80011], [-3.07921, 50.7996], [-3.08633, 50.80012], [-3.08929, 50.80095], [-3.09344, 50.80064], [-3.10112, 50.80292], [-3.10557, 50.80266], [-3.10772, 50.80222], [-3.11108, 50.80085], [-3.11577, 50.79747], [-3.11699, 50.79808], [-3.11792, 50.79929], [-3.11804, 50.80122], [-3.11939, 50.80248], [-3.1192, 50.803], [-3.12455, 50.80269], [-3.12838, 50.80316], [-3.13388, 50.80308], [-3.13468, 50.80331], [-3.13916, 50.80285], [-3.14003, 50.80255], [-3.14089, 50.80084], [-3.14215, 50.79946], [-3.14554, 50.79791], [-3.148, 50.79743], [-3.1502, 50.7979], [-3.15573, 50.80033], [-3.15688, 50.80125], [-3.15516, 50.80268], [-3.15328, 50.80594], [-3.15548, 50.80692], [-3.16123, 50.80738], [-3.16319, 50.80706], [-3.16509, 50.80892], [-3.16723, 50.81012], [-3.17081, 50.81371], [-3.17336, 50.81427], [-3.17479, 50.8137], [-3.17429, 50.81291], [-3.17455, 50.81249], [-3.17556, 50.81241], [-3.17563, 50.81208], [-3.17832, 50.8108], [-3.17936, 50.8096], [-3.18057, 50.8096], [-3.18234, 50.80759], [-3.1848, 50.80624], [-3.18521, 50.80551], [-3.18618, 50.80519], [-3.18603, 50.80482], [-3.18669, 50.80405], [-3.18736, 50.80403], [-3.18793, 50.80441], [-3.18979, 50.8039], [-3.19086, 50.80449], [-3.19238, 50.80391], [-3.1946, 50.80365], [-3.19587, 50.80413], [-3.19577, 50.80466], [-3.19638, 50.80513], [-3.20124, 50.80527], [-3.20464, 50.80332], [-3.20412, 50.80313], [-3.20507, 50.80293], [-3.20508, 50.8024], [-3.20446, 50.80188], [-3.20488, 50.80131], [-3.20454, 50.80131], [-3.20445, 50.80061], [-3.20524, 50.79945], [-3.20626, 50.7984], [-3.2066, 50.79838], [-3.20752, 50.79942], [-3.20874, 50.79856], [-3.21274, 50.79801], [-3.21377, 50.7971], [-3.2135, 50.796], [-3.21473, 50.79553], [-3.21605, 50.79439], [-3.21855, 50.7936], [-3.21884, 50.79404], [-3.21854, 50.79418], [-3.2189, 50.79431], [-3.22119, 50.79368], [-3.22207, 50.79512], [-3.22171, 50.79548], [-3.22249, 50.79567], [-3.22038, 50.79718], [-3.2214, 50.79833], [-3.2218, 50.79814], [-3.22246, 50.79854], [-3.22137, 50.79891], [-3.22222, 50.79963], [-3.22429, 50.80003], [-3.2252, 50.8013], [-3.22597, 50.80164], [-3.22649, 50.80124], [-3.2278, 50.80209], [-3.22832, 50.80195], [-3.2287, 50.80218], [-3.22923, 50.80157], [-3.2291, 50.80051], [-3.23112, 50.80089], [-3.23269, 50.80142], [-3.23248, 50.80164], [-3.23437, 50.80384], [-3.23829, 50.8053], [-3.23943, 50.80666], [-3.24153, 50.80601], [-3.24287, 50.80654], [-3.24359, 50.80653], [-3.245, 50.80745], [-3.24931, 50.80831], [-3.25132, 50.80916], [-3.25325, 50.8109], [-3.25282, 50.81186], [-3.25297, 50.81451], [-3.25227, 50.81606], [-3.25627, 50.81668], [-3.25948, 50.8181], [-3.26108, 50.81786], [-3.25953, 50.82141], [-3.26093, 50.82333], [-3.26106, 50.82503], [-3.25896, 50.82996], [-3.25617, 50.83232], [-3.25646, 50.83246], [-3.25522, 50.8335], [-3.25392, 50.83539], [-3.25193, 50.83711], [-3.24954, 50.84123], [-3.24796, 50.84185], [-3.2452, 50.84216], [-3.24087, 50.842], [-3.24093, 50.84303], [-3.24221, 50.84301], [-3.24222, 50.84359], [-3.24185, 50.84545], [-3.24074, 50.84604], [-3.24365, 50.84694], [-3.24281, 50.84789], [-3.2431, 50.84809], [-3.24621, 50.84772], [-3.24714, 50.84785], [-3.25627, 50.85186], [-3.25532, 50.85287], [-3.26244, 50.85258], [-3.26861, 50.85356], [-3.27575, 50.85394], [-3.27711, 50.85413], [-3.28128, 50.85581], [-3.27697, 50.85805], [-3.27587, 50.85909], [-3.27645, 50.8597], [-3.2794, 50.86107], [-3.28321, 50.86348], [-3.28268, 50.8663], [-3.27803, 50.86786], [-3.27485, 50.86818], [-3.26871, 50.87047], [-3.26538, 50.872], [-3.2625, 50.87392], [-3.25902, 50.877], [-3.25674, 50.87815], [-3.25414, 50.87862], [-3.2532, 50.87908], [-3.25295, 50.87979], [-3.25353, 50.88042], [-3.25278, 50.88119], [-3.25181, 50.88396], [-3.24916, 50.88639], [-3.24717, 50.88755], [-3.24587, 50.88722], [-3.24422, 50.88737], [-3.24312, 50.8886], [-3.24365, 50.88946], [-3.2388, 50.89037], [-3.23484, 50.8929], [-3.23403, 50.89431], [-3.23304, 50.89505], [-3.23144, 50.89502], [-3.23037, 50.89436], [-3.22864, 50.89404], [-3.22703, 50.89474], [-3.22596, 50.89465], [-3.22191, 50.89399], [-3.22055, 50.89334], [-3.21759, 50.89289], [-3.21806, 50.88938], [-3.21869, 50.88815], [-3.2183, 50.8876], [-3.21582, 50.88759], [-3.21563, 50.88682], [-3.21821, 50.88637], [-3.21808, 50.88474], [-3.21607, 50.88283], [-3.2153, 50.88258], [-3.21409, 50.88079], [-3.21278, 50.87985], [-3.21198, 50.87966], [-3.21108, 50.87864], [-3.20864, 50.87751], [-3.20865, 50.87726], [-3.20723, 50.87708], [-3.20511, 50.87759], [-3.20168, 50.87764], [-3.20098, 50.87814], [-3.19833, 50.87748], [-3.19686, 50.87799], [-3.1896, 50.87876], [-3.18753, 50.8787], [-3.18769, 50.87736], [-3.18215, 50.87643], [-3.18121, 50.87711], [-3.17811, 50.87824], [-3.17616, 50.87708], [-3.17056, 50.87884], [-3.16846, 50.88012], [-3.16667, 50.88043], [-3.16583, 50.8814], [-3.16365, 50.8823], [-3.16525, 50.88425], [-3.15128, 50.88648], [-3.14243, 50.88925], [-3.14419, 50.8914], [-3.14324, 50.89177], [-3.14183, 50.8917], [-3.14156, 50.89233], [-3.14014, 50.89207], [-3.13963, 50.89146], [-3.13513, 50.89511], [-3.1311, 50.89725], [-3.12634, 50.90172], [-3.12326, 50.89945], [-3.12208, 50.89816], [-3.11829, 50.89936], [-3.11587, 50.9008], [-3.11205, 50.9024], [-3.11057, 50.90267], [-3.10959, 50.90244], [-3.107, 50.90285], [-3.10357, 50.90411], [-3.10147, 50.90407], [-3.09948, 50.90465], [-3.09545, 50.90493], [-3.08985, 50.90611], [-3.08789, 50.90625], [-3.08055, 50.90543], [-3.07809, 50.90543], [-3.06007, 50.90846], [-3.0572, 50.90842], [-3.05621, 50.90804], [-3.05311, 50.90874], [-3.0524, 50.90827]]]}}, {"type": "Feature", "properties": {"type": "postcode-cell", "postcode": "EX15 2HE", "postcodes": ["EX15 2HE"]}, "geometry": {"type": "Polygon", "coordinates": [[[-3.2655597281132676, 50.870986726901336], [-3.2644841613410733, 50.866181708665344], [-3.266793197314312, 50.86459856935914], [-3.279724859077223, 50.86127550446277], [-3.2832099895253974, 50.86347999485753], [-3.2826799895237087, 50.866299994859745], [-3.278029989520052, 50.86785999486106], [-3.2748499895179095, 50.868179994861364], [-3.268709989512968, 50.87046999486323], [-3.2659429345476454, 50.87174135809613], [-3.2655597281132676, 50.870986726901336]]]}}, {"type": "Feature", "properties": {"type": "postcode-cell", "postcode": "EX14 4QP", "postcodes": ["EX14 4QP"]}, "geometry": {"type": "Polygon", "coordinates": [[[-3.2644841613410733, 50.866181708665344], [-3.2612410140831907, 50.86417250621161], [-3.2660292569727356, 50.8567174856274], [-3.269823748895439, 50.85566540294963], [-3.266793197314312, 50.86459856935914], [-3.2644841613410733, 50.866181708665344]]]}}, {"type": "Feature", "properties": {"type": "postcode-cell", "postcode": "EX14 4QW", "postcodes": ["EX14 4QW"]}, "geometry": {"type": "Polygon", "coordinates": [[[-3.2660292569727356, 50.8567174856274], [-3.254000885322405, 50.857859435073436], [-3.252066994885307, 50.85001416725152], [-3.2562699895141747, 50.85185999484868], [-3.2553199895130973, 50.85286999484951], [-3.2624399895176754, 50.85257999484918], [-3.2686099895210527, 50.853559994849896], [-3.2730826574522696, 50.85379808789379], [-3.269823748895439, 50.85566540294963], [-3.2660292569727356, 50.8567174856274]]]}}, {"type": "Feature", "properties": {"type": "postcode-cell", "postcode": "EX15 2DU", "postcodes": ["EX15 2DU"]}, "geometry": {"type": "Polygon", "coordinates": [[[-3.266793197314312, 50.86459856935914], [-3.269823748895439, 50.85566540294963], [-3.2730826574522696, 50.85379808789379], [-3.2757499895253273, 50.85393999485009], [-3.2771099895260845, 50.85412999485021], [-3.2812799895278824, 50.85580999485149], [-3.27696998952411, 50.8580499948533], [-3.275869989522922, 50.85908999485415], [-3.2764499895229906, 50.8596999948546], [-3.2793999895241757, 50.861069994855676], [-3.279724859077223, 50.86127550446277], [-3.266793197314312, 50.86459856935914]]]}}, {"type": "Feature", "properties": {"type": "postcode-cell", "postcode": "EX14 3PY", "postcodes": ["EX14 3PY"]}, "geometry": {"type": "Polygon", "coordinates": [[[-3.248151320942967, 50.82625049348805], [-3.248419668020153, 50.81942738494489], [-3.249184265818395, 50.81921820380579], [-3.259154848330917, 50.81795617089211], [-3.2594799895324784, 50.81809999482204], [-3.2610799895335902, 50.81785999482184], [-3.2595299895309084, 50.82140999482468], [-3.2609299895308532, 50.82332999482614], [-3.2610599895301124, 50.82502999482748], [-3.258959989526425, 50.829959994831405], [-3.2585837163042055, 50.830278293793704], [-3.248151320942967, 50.82625049348805]]]}}, {"type": "Feature", "properties": {"type": "postcode-cell", "postcode": "EX14 4QS", "postcodes": ["EX14 4QS"]}, "geometry": {"type": "Polygon", "coordinates": [[[-3.2644841613410733, 50.866181708665344], [-3.2655597281132676, 50.870986726901336], [-3.2484569023913767, 50.86625565585981], [-3.2466434850603556, 50.86543935545798], [-3.247587171224306, 50.86297679367439], [-3.248400919017513, 50.862217854933434], [-3.2523971202087947, 50.86074204748072], [-3.2612410140831907, 50.86417250621161], [-3.2644841613410733, 50.866181708665344]]]}}, {"type": "Feature", "properties": {"type": "postcode-cell", "postcode": "EX14 4QR", "postcodes": ["EX14 4QR"]}, "geometry": {"type": "Polygon", "coordinates": [[[-3.2612410140831907, 50.86417250621161], [-3.2523971202087947, 50.86074204748072], [-3.254000885322405, 50.857859435073436], [-3.2660292569727356, 50.8567174856274], [-3.2612410140831907, 50.86417250621161]]]}}, {"type": "Feature", "properties": {"type": "postcode-cell", "postcode": "EX14 4QY", "postcodes": ["EX14 4QY"]}, "geometry": {"type": "Polygon", "coordinates": [[[-3.2523971202087947, 50.86074204748072], [-3.248400919017513, 50.862217854933434], [-3.2373936366804807, 50.8543644289501], [-3.2367214822100996, 50.853040133691756], [-3.237145255436045, 50.852446959238286], [-3.2497438592986776, 50.848993788153784], [-3.252066994885307, 50.85001416725152], [-3.254000885322405, 50.857859435073436], [-3.2523971202087947, 50.86074204748072]]]}}, {"type": "Feature", "properties": {"type": "postcode-cell", "postcode": "EX14 4QT", "postcodes": ["EX14 4QT"]}, "geometry": {"type": "Polygon", "coordinates": [[[-3.2659429345476454, 50.87174135809613], [-3.265379989510151, 50.87199999486451], [-3.2630731577174092, 50.87353790087387], [-3.256372690608109, 50.87265326520261], [-3.2484569023913767, 50.86625565585981], [-3.2655597281132676, 50.870986726901336], [-3.2659429345476454, 50.87174135809613]]]}}, {"type": "Feature", "properties": {"type": "postcode-cell", "postcode": "EX14 4QU", "postcodes": ["EX14 4QU"]}, "geometry": {"type": "Polygon", "coordinates": [[[-3.2484569023913767, 50.86625565585981], [-3.256372690608109, 50.87265326520261], [-3.248212694416484, 50.872854659968105], [-3.245196558250407, 50.8674292993142], [-3.2455311283713093, 50.86643209471188], [-3.2466434850603556, 50.86543935545798], [-3.2484569023913767, 50.86625565585981]]]}}, {"type": "Feature", "properties": {"type": "postcode-cell", "postcode": "EX14 3QA", "postcodes": ["EX14 3QA"]}, "geometry": {"type": "Polygon", "coordinates": [[[-3.249184265818395, 50.81921820380579], [-3.2498495392336966, 50.809549190340114], [-3.2503473883241347, 50.808748704036645], [-3.251319989531728, 50.80915999481513], [-3.2532499895320868, 50.81089999481649], [-3.2528199895313534, 50.811859994817226], [-3.2529699895301656, 50.814509994819325], [-3.2522699895289797, 50.81605999482055], [-3.2562699895311686, 50.81667999482098], [-3.259154848330917, 50.81795617089211], [-3.249184265818395, 50.81921820380579]]]}}, {"type": "Feature", "properties": {"type": "postcode-cell", "postcode": "EX15 2JF", "postcodes": ["EX15 2JF"]}, "geometry": {"type": "Polygon", "coordinates": [[[-3.2445883758771097, 50.87713876680723], [-3.248212694416484, 50.872854659968105], [-3.256372690608109, 50.87265326520261], [-3.2630731577174092, 50.87353790087387], [-3.262499989507428, 50.87391999486606], [-3.2590199895037713, 50.87699999486854], [-3.256739989501793, 50.87814999486946], [-3.2541399894999428, 50.87861999486989], [-3.2531999894991355, 50.87907999487025], [-3.2529499894986365, 50.87978999487082], [-3.253529989498695, 50.88041999487132], [-3.2527799894978555, 50.88118999487192], [-3.2518099894959147, 50.88395999487414], [-3.2514867542827823, 50.88425641211902], [-3.2445883758771097, 50.87713876680723]]]}}, {"type": "Feature", "properties": {"type": "postcode-cell", "postcode": "EX14 3PX", "postcodes": ["EX14 3PX"]}, "geometry": {"type": "MultiPolygon", "coordinates": [[[[-3.2420256124835882, 50.84301287659941], [-3.242209989509695, 50.843009994841914], [-3.242211507175933, 50.84309802088987], [-3.2420256124835882, 50.84301287659941]]], [[[-3.2356474949283593, 50.84009117348468], [-3.234958531037194, 50.837114259984986], [-3.23493325251611, 50.83578317766093], [-3.2541183918158025, 50.83510155911866], [-3.253919989520664, 50.83538999483576], [-3.2519299895185942, 50.83710999483713], [-3.2495399895151182, 50.84122999484043], [-3.247959989513833, 50.84184999484091], [-3.2451999895119648, 50.842159994841204], [-3.2408699895093505, 50.84199999484114], [-3.240898930143348, 50.84249681561002], [-3.2356474949283593, 50.84009117348468]]]]}}, {"type": "Feature", "properties": {"type": "postcode-cell", "postcode": "EX14 3QB", "postcodes": ["EX14 3QB"]}, "geometry": {"type": "Polygon", "coordinates": [[[-3.2498495392336966, 50.809549190340114], [-3.2430158983669983, 50.81722504448583], [-3.239556481678966, 50.81594978544754], [-3.239517610604029, 50.81572440434032], [-3.2425038295958886, 50.8072355329515], [-3.242915880026667, 50.80653935757787], [-3.2435899895282003, 50.806529994813175], [-3.244999989528632, 50.807449994813894], [-3.2493099895308912, 50.80830999481451], [-3.2503473883241347, 50.808748704036645], [-3.2498495392336966, 50.809549190340114]]]}}, {"type": "Feature", "properties": {"type": "postcode-cell", "postcode": "EX14 4SD", "postcodes": ["EX14 4SD"]}, "geometry": {"type": "Polygon", "coordinates": [[[-3.2287901996364337, 50.885335192962884], [-3.2388861391008854, 50.886856242514156], [-3.2431833650038024, 50.888702832448345], [-3.2436499894881727, 50.88945999487859], [-3.238799989484707, 50.89036999487937], [-3.234839989481017, 50.89289999488144], [-3.234029989479832, 50.894309994882555], [-3.2330399894788577, 50.89504999488314], [-3.2314399894778747, 50.89501999488316], [-3.2303699894775257, 50.894359994882635], [-3.228639989476601, 50.894039994882405], [-3.227029989475261, 50.89473999488298], [-3.2259599894746382, 50.89464999488292], [-3.222852531955262, 50.8941436086546], [-3.2287901996364337, 50.885335192962884]]]}}, {"type": "Feature", "properties": {"type": "postcode-cell", "postcode": "EX14 4LJ", "postcodes": ["EX14 4LJ"]}, "geometry": {"type": "Polygon", "coordinates": [[[-3.2466434850603556, 50.86543935545798], [-3.2455311283713093, 50.86643209471188], [-3.232615366972336, 50.8661275779983], [-3.23253968710599, 50.86420593509172], [-3.234413422606215, 50.86164637877249], [-3.234816133454405, 50.86148094082973], [-3.247587171224306, 50.86297679367439], [-3.2466434850603556, 50.86543935545798]]]}}, {"type": "Feature", "properties": {"type": "postcode-cell", "postcode": "EX14 4LT", "postcodes": ["EX14 4LT"]}, "geometry": {"type": "Polygon", "coordinates": [[[-3.247587171224306, 50.86297679367439], [-3.234816133454405, 50.86148094082973], [-3.2373936366804807, 50.8543644289501], [-3.248400919017513, 50.862217854933434], [-3.247587171224306, 50.86297679367439]]]}}, {"type": "Feature", "properties": {"type": "postcode-cell", "postcode": "EX14 3PZ", "postcodes": ["EX14 3PZ"]}, "geometry": {"type": "Polygon", "coordinates": [[[-3.248419668020153, 50.81942738494489], [-3.243901528888883, 50.81824343324802], [-3.2430158983669983, 50.81722504448583], [-3.2498495392336966, 50.809549190340114], [-3.249184265818395, 50.81921820380579], [-3.248419668020153, 50.81942738494489]]]}}, {"type": "Feature", "properties": {"type": "postcode-cell", "postcode": "EX14 3PN", "postcodes": ["EX14 3PN"]}, "geometry": {"type": "Polygon", "coordinates": [[[-3.2425038295958886, 50.8072355329515], [-3.236183457039971, 50.81291596466913], [-3.2328876955663106, 50.81275395897195], [-3.2385515107402023, 50.805611993121076], [-3.2394299895255543, 50.80665999481335], [-3.241529989527173, 50.80600999481282], [-3.2428699895277475, 50.80653999481321], [-3.242915880026667, 50.80653935757787], [-3.2425038295958886, 50.8072355329515]]]}}, {"type": "Feature", "properties": {"type": "postcode-cell", "postcode": "EX14 3PJ", "postcodes": ["EX14 3PJ"]}, "geometry": {"type": "Polygon", "coordinates": [[[-3.2345165436640215, 50.80735203872382], [-3.2251943807149437, 50.808506331880274], [-3.234546104544895, 50.803905593482796], [-3.2382899895255073, 50.8052999948123], [-3.2384394147922833, 50.805478261744824], [-3.2345165436640215, 50.80735203872382]]]}}, {"type": "Feature", "properties": {"type": "postcode-cell", "postcode": "EX14 4QN", "postcodes": ["EX14 4QN"]}, "geometry": {"type": "Polygon", "coordinates": [[[-3.240898930143348, 50.84249681561002], [-3.240929989508888, 50.84302999484195], [-3.2420256124835882, 50.84301287659941], [-3.242211507175933, 50.84309802088987], [-3.242219989509421, 50.84358999484239], [-3.2418499895082924, 50.84544999484385], [-3.240739989507318, 50.84603999484433], [-3.243649989508693, 50.84693999484499], [-3.2428099895077107, 50.84788999484577], [-3.243099989507794, 50.848089994845914], [-3.246209989509908, 50.84771999484557], [-3.247139989510425, 50.847849994845674], [-3.2497438592986776, 50.848993788153784], [-3.237145255436045, 50.852446959238286], [-3.233949108109437, 50.849311366113376], [-3.2311844915747714, 50.8455519873196], [-3.2356474949283593, 50.84009117348468], [-3.240898930143348, 50.84249681561002]]]}}, {"type": "Feature", "properties": {"type": "postcode-cell", "postcode": "EX14 3PU", "postcodes": ["EX14 3PU"]}, "geometry": {"type": "Polygon", "coordinates": [[[-3.2585837163042055, 50.830278293793704], [-3.2561699895235474, 50.8323199948333], [-3.2564599895236612, 50.83245999483339], [-3.2552199895223866, 50.83349999483425], [-3.2541183918158025, 50.83510155911866], [-3.23493325251611, 50.83578317766093], [-3.2302075357448317, 50.83172727744748], [-3.2319980067633245, 50.82749880503463], [-3.23347265531369, 50.827013257134645], [-3.248151320942967, 50.82625049348805], [-3.2585837163042055, 50.830278293793704]]]}}, {"type": "Feature", "properties": {"type": "postcode-cell", "postcode": "EX14 3PS", "postcodes": ["EX14 3PS"]}, "geometry": {"type": "Polygon", "coordinates": [[[-3.2430158983669983, 50.81722504448583], [-3.243901528888883, 50.81824343324802], [-3.236535833398743, 50.82372478135968], [-3.236473626921775, 50.81651960684786], [-3.239556481678966, 50.81594978544754], [-3.2430158983669983, 50.81722504448583]]]}}, {"type": "Feature", "properties": {"type": "postcode-cell", "postcode": "EX14 4QX", "postcodes": ["EX14 4QX"]}, "geometry": {"type": "Polygon", "coordinates": [[[-3.248212694416484, 50.872854659968105], [-3.2445883758771097, 50.87713876680723], [-3.2329413977660524, 50.87459096738427], [-3.245196558250407, 50.8674292993142], [-3.248212694416484, 50.872854659968105]]]}}, {"type": "Feature", "properties": {"type": "postcode-cell", "postcode": "EX14 4QL", "postcodes": ["EX14 4QL"]}, "geometry": {"type": "Polygon", "coordinates": [[[-3.2356474949283593, 50.84009117348468], [-3.2311844915747714, 50.8455519873196], [-3.2199850980555085, 50.84606042737678], [-3.2189702344765303, 50.843663904389125], [-3.234958531037194, 50.837114259984986], [-3.2356474949283593, 50.84009117348468]]]}}, {"type": "Feature", "properties": {"type": "postcode-cell", "postcode": "EX14 3PT", "postcodes": ["EX14 3PT"]}, "geometry": {"type": "Polygon", "coordinates": [[[-3.248151320942967, 50.82625049348805], [-3.23347265531369, 50.827013257134645], [-3.236535833398743, 50.82372478135968], [-3.243901528888883, 50.81824343324802], [-3.248419668020153, 50.81942738494489], [-3.248151320942967, 50.82625049348805]]]}}, {"type": "Feature", "properties": {"type": "postcode-cell", "postcode": "EX14 4SE", "postcodes": ["EX14 4SE"]}, "geometry": {"type": "Polygon", "coordinates": [[[-3.2514867542827823, 50.88425641211902], [-3.24915998949309, 50.88638999487608], [-3.247169989491289, 50.88754999487704], [-3.245869989490637, 50.887219994876794], [-3.244219989489534, 50.88736999487693], [-3.2431199894882554, 50.88859999487791], [-3.2431833650038024, 50.888702832448345], [-3.2388861391008854, 50.886856242514156], [-3.231873045744624, 50.87619212758287], [-3.23252877693229, 50.8746058914486], [-3.2329413977660524, 50.87459096738427], [-3.2445883758771097, 50.87713876680723], [-3.2514867542827823, 50.88425641211902]]]}}, {"type": "Feature", "properties": {"type": "postcode-cell", "postcode": "EX14 4AH", "postcodes": ["EX14 4AH"]}, "geometry": {"type": "Polygon", "coordinates": [[[-3.245196558250407, 50.8674292993142], [-3.2329413977660524, 50.87459096738427], [-3.23252877693229, 50.8746058914486], [-3.2289458052940447, 50.87235740495289], [-3.229013364416953, 50.871999126070264], [-3.2304095613357386, 50.868278713635824], [-3.232615366972336, 50.8661275779983], [-3.2455311283713093, 50.86643209471188], [-3.245196558250407, 50.8674292993142]]]}}, {"type": "Feature", "properties": {"type": "postcode-cell", "postcode": "EX14 3PL", "postcodes": ["EX14 3PL"]}, "geometry": {"type": "Polygon", "coordinates": [[[-3.2384394147922833, 50.805478261744824], [-3.2385515107402023, 50.805611993121076], [-3.2328876955663106, 50.81275395897195], [-3.2237683805341213, 50.81621993335321], [-3.2204229043642605, 50.816673794400906], [-3.2197978559370823, 50.81644656484174], [-3.2201808293339123, 50.815612059013795], [-3.2345165436640215, 50.80735203872382], [-3.2384394147922833, 50.805478261744824]]]}}, {"type": "Feature", "properties": {"type": "postcode-cell", "postcode": "EX14 3PW", "postcodes": ["EX14 3PW"]}, "geometry": {"type": "Polygon", "coordinates": [[[-3.239517610604029, 50.81572440434032], [-3.236183457039971, 50.81291596466913], [-3.2425038295958886, 50.8072355329515], [-3.239517610604029, 50.81572440434032]]]}}, {"type": "Feature", "properties": {"type": "postcode-cell", "postcode": "EX14 3PR", "postcodes": ["EX14 3PR"]}, "geometry": {"type": "Polygon", "coordinates": [[[-3.2319980067633245, 50.82749880503463], [-3.2204229043642605, 50.816673794400906], [-3.2237683805341213, 50.81621993335321], [-3.236473626921775, 50.81651960684786], [-3.236535833398743, 50.82372478135968], [-3.23347265531369, 50.827013257134645], [-3.2319980067633245, 50.82749880503463]]]}}, {"type": "Feature", "properties": {"type": "postcode-cell", "postcode": "EX14 4LH", "postcodes": ["EX14 4LH"]}, "geometry": {"type": "Polygon", "coordinates": [[[-3.234816133454405, 50.86148094082973], [-3.234413422606215, 50.86164637877249], [-3.2298813581245662, 50.85980521664059], [-3.229848262533292, 50.85559758715712], [-3.230910971626968, 50.85494099574691], [-3.233720561882635, 50.853786084790954], [-3.2367214822100996, 50.853040133691756], [-3.2373936366804807, 50.8543644289501], [-3.234816133454405, 50.86148094082973]]]}}, {"type": "Feature", "properties": {"type": "postcode-cell", "postcode": "EX14 4QJ", "postcodes": ["EX14 4QJ"]}, "geometry": {"type": "Polygon", "coordinates": [[[-3.233949108109437, 50.849311366113376], [-3.2263617235448856, 50.85029621065146], [-3.224658933420787, 50.85013593090222], [-3.224561745491448, 50.850108084230776], [-3.221900795981919, 50.84901968547883], [-3.2194491398598153, 50.84670174077869], [-3.2199850980555085, 50.84606042737678], [-3.2311844915747714, 50.8455519873196], [-3.233949108109437, 50.849311366113376]]]}}, {"type": "Feature", "properties": {"type": "postcode-cell", "postcode": "EX14 3PP", "postcodes": ["EX14 3PP"]}, "geometry": {"type": "Polygon", "coordinates": [[[-3.239556481678966, 50.81594978544754], [-3.236473626921775, 50.81651960684786], [-3.2237683805341213, 50.81621993335321], [-3.2328876955663106, 50.81275395897195], [-3.236183457039971, 50.81291596466913], [-3.239517610604029, 50.81572440434032], [-3.239556481678966, 50.81594978544754]]]}}, {"type": "Feature", "properties": {"type": "postcode-cell", "postcode": "EX14 4LG", "postcodes": ["EX14 4LG"]}, "geometry": {"type": "Polygon", "coordinates": [[[-3.232615366972336, 50.8661275779983], [-3.2304095613357386, 50.868278713635824], [-3.230277853981847, 50.86819636613494], [-3.2262389476629596, 50.86435553226808], [-3.228039480283451, 50.86284100543336], [-3.23253968710599, 50.86420593509172], [-3.232615366972336, 50.8661275779983]]]}}, {"type": "Feature", "properties": {"type": "postcode-cell", "postcode": "EX14 4RN", "postcodes": ["EX14 4RN"]}, "geometry": {"type": "Polygon", "coordinates": [[[-3.231873045744624, 50.87619212758287], [-3.2292593685436226, 50.878368554261534], [-3.214855997967041, 50.88192319868515], [-3.2140899894739436, 50.880789994872124], [-3.2127799894735825, 50.8798499948714], [-3.2119799894731775, 50.87965999487125], [-3.2110799894731104, 50.87863999487046], [-3.20863998947214, 50.87750999486961], [-3.2086499894722693, 50.87725999486941], [-3.2076262197400647, 50.87713022312316], [-3.2128890047745653, 50.872759701295884], [-3.2289458052940447, 50.87235740495289], [-3.23252877693229, 50.8746058914486], [-3.231873045744624, 50.87619212758287]]]}}, {"type": "Feature", "properties": {"type": "postcode-cell", "postcode": "EX14 4AJ", "postcodes": ["EX14 4AJ"]}, "geometry": {"type": "Polygon", "coordinates": [[[-3.229730255365077, 50.859844001698164], [-3.2258160143811625, 50.86009413626971], [-3.225086434147166, 50.859481496550565], [-3.2270077975344966, 50.8564235237088], [-3.2277959561900484, 50.856037416476966], [-3.229848262533292, 50.85559758715712], [-3.2298813581245662, 50.85980521664059], [-3.229730255365077, 50.859844001698164]]]}}, {"type": "Feature", "properties": {"type": "postcode-cell", "postcode": "EX14 4LE", "postcodes": ["EX14 4LE"]}, "geometry": {"type": "Polygon", "coordinates": [[[-3.2298813581245662, 50.85980521664059], [-3.234413422606215, 50.86164637877249], [-3.23253968710599, 50.86420593509172], [-3.228039480283451, 50.86284100543336], [-3.227722169609698, 50.862639900396964], [-3.229730255365077, 50.859844001698164], [-3.2298813581245662, 50.85980521664059]]]}}, {"type": "Feature", "properties": {"type": "postcode-cell", "postcode": "EX14 4AA", "postcodes": ["EX14 4AA"]}, "geometry": {"type": "Polygon", "coordinates": [[[-3.2367214822100996, 50.853040133691756], [-3.233720561882635, 50.853786084790954], [-3.228097085168156, 50.85213138925388], [-3.2263617235448856, 50.85029621065146], [-3.233949108109437, 50.849311366113376], [-3.237145255436045, 50.852446959238286], [-3.2367214822100996, 50.853040133691756]]]}}, {"type": "Feature", "properties": {"type": "postcode-cell", "postcode": "EX14 3NU", "postcodes": ["EX14 3NU"]}, "geometry": {"type": "Polygon", "coordinates": [[[-3.223739697535376, 50.809037057089384], [-3.2207027187698487, 50.81258486616195], [-3.2178547663846913, 50.80656031609885], [-3.224050385909315, 50.80473405388173], [-3.2238391062139877, 50.80867117087507], [-3.223739697535376, 50.809037057089384]]]}}, {"type": "Feature", "properties": {"type": "postcode-cell", "postcode": "EX14 3GA", "postcodes": ["EX14 3GA"]}, "geometry": {"type": "Polygon", "coordinates": [[[-3.2238391062139877, 50.80867117087507], [-3.232556892806008, 50.80137506536324], [-3.232689989523915, 50.801419994809336], [-3.2324799895236778, 50.80163999480952], [-3.2343699895237834, 50.80383999481122], [-3.234546104544895, 50.803905593482796], [-3.2251943807149437, 50.808506331880274], [-3.223739697535376, 50.809037057089384], [-3.2238391062139877, 50.80867117087507]]]}}, {"type": "Feature", "properties": {"type": "postcode-cell", "postcode": "EX14 4SG", "postcodes": ["EX14 4SG"]}, "geometry": {"type": "Polygon", "coordinates": [[[-3.2204229043642605, 50.816673794400906], [-3.2319980067633245, 50.82749880503463], [-3.2302075357448317, 50.83172727744748], [-3.2191874001187735, 50.83362544740336], [-3.208414960481454, 50.82485219270158], [-3.210033313609322, 50.820674892145426], [-3.211993162382578, 50.81716569169856], [-3.2197978559370823, 50.81644656484174], [-3.2204229043642605, 50.816673794400906]]]}}, {"type": "Feature", "properties": {"type": "postcode-cell", "postcode": "EX14 4RW", "postcodes": ["EX14 4RW"]}, "geometry": {"type": "Polygon", "coordinates": [[[-3.2388861391008854, 50.886856242514156], [-3.2287901996364337, 50.885335192962884], [-3.2278466157881796, 50.88481058257099], [-3.2292593685436226, 50.878368554261534], [-3.231873045744624, 50.87619212758287], [-3.2388861391008854, 50.886856242514156]]]}}, {"type": "Feature", "properties": {"type": "postcode-cell", "postcode": "EX14 3GB", "postcodes": ["EX14 3GB"]}, "geometry": {"type": "Polygon", "coordinates": [[[-3.2201808293339123, 50.815612059013795], [-3.2207027187698487, 50.81258486616195], [-3.223739697535376, 50.809037057089384], [-3.2251943807149437, 50.808506331880274], [-3.2345165436640215, 50.80735203872382], [-3.2201808293339123, 50.815612059013795]]]}}, {"type": "Feature", "properties": {"type": "postcode-cell", "postcode": "EX14 3PF", "postcodes": ["EX14 3PF"]}, "geometry": {"type": "Polygon", "coordinates": [[[-3.22016531024238, 50.79587947945389], [-3.220332530229378, 50.79391589694511], [-3.2211899895205462, 50.79367999480343], [-3.222069989520392, 50.79511999480455], [-3.221709989519994, 50.79547999480485], [-3.2224899895203856, 50.795669994804975], [-3.221163670822153, 50.796619177002405], [-3.22016531024238, 50.79587947945389]]]}}, {"type": "Feature", "properties": {"type": "postcode-cell", "postcode": "EX14 4LB", "postcodes": ["EX14 4LB"]}, "geometry": {"type": "Polygon", "coordinates": [[[-3.227722169609698, 50.862639900396964], [-3.226134504878976, 50.86217849671164], [-3.225552607235662, 50.86131068054554], [-3.2255538320199375, 50.861147346908744], [-3.2258160143811625, 50.86009413626971], [-3.229730255365077, 50.859844001698164], [-3.227722169609698, 50.862639900396964]]]}}, {"type": "Feature", "properties": {"type": "postcode-cell", "postcode": "EX14 4RP", "postcodes": ["EX14 4RP"]}, "geometry": {"type": "Polygon", "coordinates": [[[-3.222852531955262, 50.8941436086546], [-3.2219099894724317, 50.89398999488246], [-3.220549989471898, 50.89333999488196], [-3.2175899894702744, 50.89288999488165], [-3.2180599894722612, 50.88937999487887], [-3.2186899894732464, 50.888149994877885], [-3.218299989473272, 50.887599994877434], [-3.2158199894717323, 50.88758999487748], [-3.215629989471985, 50.88681999487685], [-3.218209989473809, 50.886369994876475], [-3.218079989474515, 50.884739994875176], [-3.2175188323888544, 50.884206775501], [-3.2278466157881796, 50.88481058257099], [-3.2287901996364337, 50.885335192962884], [-3.222852531955262, 50.8941436086546]]]}}, {"type": "Feature", "properties": {"type": "postcode-cell", "postcode": "EX14 4LF", "postcodes": ["EX14 4LF"]}, "geometry": {"type": "Polygon", "coordinates": [[[-3.228039480283451, 50.86284100543336], [-3.2262389476629596, 50.86435553226808], [-3.225529470998773, 50.86425731639459], [-3.2260259553069295, 50.862251813663065], [-3.226134504878976, 50.86217849671164], [-3.227722169609698, 50.862639900396964], [-3.228039480283451, 50.86284100543336]]]}}, {"type": "Feature", "properties": {"type": "postcode-cell", "postcode": "EX14 4RD", "postcodes": ["EX14 4RD"]}, "geometry": {"type": "Polygon", "coordinates": [[[-3.2304095613357386, 50.868278713635824], [-3.229013364416953, 50.871999126070264], [-3.2230489903037234, 50.86680915914439], [-3.223577797574224, 50.86579281269414], [-3.2246746152092824, 50.865599324137385], [-3.230277853981847, 50.86819636613494], [-3.2304095613357386, 50.868278713635824]]]}}, {"type": "Feature", "properties": {"type": "postcode-cell", "postcode": "EX14 3PH", "postcodes": ["EX14 3PH"]}, "geometry": {"type": "Polygon", "coordinates": [[[-3.2238391062139877, 50.80867117087507], [-3.224050385909315, 50.80473405388173], [-3.2246412458303713, 50.80330541484826], [-3.2276448262653283, 50.80198931876456], [-3.227799989520558, 50.80208999480994], [-3.22831998952095, 50.80194999480982], [-3.228699989521072, 50.80217999480998], [-3.2292299895216976, 50.801569994809526], [-3.2291979458358386, 50.801308720329345], [-3.230443712621825, 50.80076277900011], [-3.2311199895231986, 50.80088999480895], [-3.232556892806008, 50.80137506536324], [-3.2238391062139877, 50.80867117087507]]]}}, {"type": "Feature", "properties": {"type": "postcode-cell", "postcode": "EX14 4SQ", "postcodes": ["EX14 4SQ"]}, "geometry": {"type": "Polygon", "coordinates": [[[-3.234958531037194, 50.837114259984986], [-3.2189702344765303, 50.843663904389125], [-3.2139828350388755, 50.8374139496064], [-3.2191874001187735, 50.83362544740336], [-3.2302075357448317, 50.83172727744748], [-3.23493325251611, 50.83578317766093], [-3.234958531037194, 50.837114259984986]]]}}, {"type": "Feature", "properties": {"type": "postcode-cell", "postcode": "EX14 4QH", "postcodes": ["EX14 4QH"]}, "geometry": {"type": "Polygon", "coordinates": [[[-3.228097085168156, 50.85213138925388], [-3.2267724125452446, 50.85192187813513], [-3.224658933420787, 50.85013593090222], [-3.2263617235448856, 50.85029621065146], [-3.228097085168156, 50.85213138925388]]]}}, {"type": "Feature", "properties": {"type": "postcode-cell", "postcode": "EX14 4UT", "postcodes": ["EX14 4UT"]}, "geometry": {"type": "Polygon", "coordinates": [[[-3.233720561882635, 50.853786084790954], [-3.230910971626968, 50.85494099574691], [-3.225457981058541, 50.85330799616914], [-3.22510506752082, 50.852721584206755], [-3.2255157281632623, 50.8521402416602], [-3.2267724125452446, 50.85192187813513], [-3.228097085168156, 50.85213138925388], [-3.233720561882635, 50.853786084790954]]]}}, {"type": "Feature", "properties": {"type": "postcode-cell", "postcode": "EX14 4RB", "postcodes": ["EX14 4RB"]}, "geometry": {"type": "Polygon", "coordinates": [[[-3.230277853981847, 50.86819636613494], [-3.2246746152092824, 50.865599324137385], [-3.22465510881687, 50.86551081549969], [-3.224750641097361, 50.86504581596651], [-3.22519605152021, 50.86429386685031], [-3.225529470998773, 50.86425731639459], [-3.2262389476629596, 50.86435553226808], [-3.230277853981847, 50.86819636613494]]]}}, {"type": "Feature", "properties": {"type": "postcode-cell", "postcode": "EX14 4UZ", "postcodes": ["EX14 4UZ"]}, "geometry": {"type": "Polygon", "coordinates": [[[-3.224658933420787, 50.85013593090222], [-3.2267724125452446, 50.85192187813513], [-3.2255157281632623, 50.8521402416602], [-3.225331164520618, 50.85204118818803], [-3.224561745491448, 50.850108084230776], [-3.224658933420787, 50.85013593090222]]]}}, {"type": "Feature", "properties": {"type": "postcode-cell", "postcode": "EX14 4UR", "postcodes": ["EX14 4UR"]}, "geometry": {"type": "Polygon", "coordinates": [[[-3.229848262533292, 50.85559758715712], [-3.2277959561900484, 50.856037416476966], [-3.2244695717958907, 50.85484551971936], [-3.2239605024950033, 50.85367912151962], [-3.225457981058541, 50.85330799616914], [-3.230910971626968, 50.85494099574691], [-3.229848262533292, 50.85559758715712]]]}}, {"type": "Feature", "properties": {"type": "postcode-cell", "postcode": "EX14 4UY", "postcodes": ["EX14 4UY"]}, "geometry": {"type": "Polygon", "coordinates": [[[-3.225331164520618, 50.85204118818803], [-3.223863718503459, 50.851858694292574], [-3.2230265057301373, 50.85110246122266], [-3.222009027215674, 50.84936417869737], [-3.221900795981919, 50.84901968547883], [-3.224561745491448, 50.850108084230776], [-3.225331164520618, 50.85204118818803]]]}}, {"type": "Feature", "properties": {"type": "postcode-cell", "postcode": "EX14 4XQ", "postcodes": ["EX14 4XQ"]}, "geometry": {"type": "Polygon", "coordinates": [[[-3.2260259553069295, 50.862251813663065], [-3.2246214989443307, 50.862897481253874], [-3.223011678001123, 50.86315978258472], [-3.2223081536795983, 50.86228410958374], [-3.2232667044919174, 50.861792864669795], [-3.225552607235662, 50.86131068054554], [-3.226134504878976, 50.86217849671164], [-3.2260259553069295, 50.862251813663065]]]}}, {"type": "Feature", "properties": {"type": "postcode-cell", "postcode": "EX14 4LD", "postcodes": ["EX14 4LD"]}, "geometry": {"type": "Polygon", "coordinates": [[[-3.225529470998773, 50.86425731639459], [-3.22519605152021, 50.86429386685031], [-3.2249801974809196, 50.86420052110636], [-3.2246214989443307, 50.862897481253874], [-3.2260259553069295, 50.862251813663065], [-3.225529470998773, 50.86425731639459]]]}}, {"type": "Feature", "properties": {"type": "postcode-cell", "postcode": "EX14 4XB", "postcodes": ["EX14 4XB"]}, "geometry": {"type": "Polygon", "coordinates": [[[-3.2230265057301373, 50.85110246122266], [-3.222704488112627, 50.85273317988369], [-3.2224251560774833, 50.852868957695634], [-3.2220260018439433, 50.852830474669034], [-3.221854991678412, 50.850337766996255], [-3.222009027215674, 50.84936417869737], [-3.2230265057301373, 50.85110246122266]]]}}, {"type": "Feature", "properties": {"type": "postcode-cell", "postcode": "EX14 4RR", "postcodes": ["EX14 4RR"]}, "geometry": {"type": "Polygon", "coordinates": [[[-3.2278466157881796, 50.88481058257099], [-3.2175188323888544, 50.884206775501], [-3.2160699894741884, 50.8828299948737], [-3.21529998947383, 50.88257999487351], [-3.214855997967041, 50.88192319868515], [-3.2292593685436226, 50.878368554261534], [-3.2278466157881796, 50.88481058257099]]]}}, {"type": "Feature", "properties": {"type": "postcode-cell", "postcode": "EX14 4QG", "postcodes": ["EX14 4QG"]}, "geometry": {"type": "Polygon", "coordinates": [[[-3.225086434147166, 50.859481496550565], [-3.2214684493956582, 50.859062651101674], [-3.222335846209803, 50.85753998769988], [-3.224022497093615, 50.85670686147244], [-3.2270077975344966, 50.8564235237088], [-3.225086434147166, 50.859481496550565]]]}}, {"type": "Feature", "properties": {"type": "postcode-cell", "postcode": "EX14 4UU", "postcodes": ["EX14 4UU"]}, "geometry": {"type": "Polygon", "coordinates": [[[-3.225457981058541, 50.85330799616914], [-3.2239605024950033, 50.85367912151962], [-3.2239455688416965, 50.853674486519004], [-3.2237433377692892, 50.852738202474555], [-3.2240219591695642, 50.852558272894335], [-3.22510506752082, 50.852721584206755], [-3.225457981058541, 50.85330799616914]]]}}, {"type": "Feature", "properties": {"type": "postcode-cell", "postcode": "EX14 4RE", "postcodes": ["EX14 4RE"]}, "geometry": {"type": "Polygon", "coordinates": [[[-3.2255538320199375, 50.861147346908744], [-3.222674711887753, 50.86091775928453], [-3.2204983037210924, 50.859905866894906], [-3.220680655592837, 50.859298166096075], [-3.2214684493956582, 50.859062651101674], [-3.225086434147166, 50.859481496550565], [-3.2258160143811625, 50.86009413626971], [-3.2255538320199375, 50.861147346908744]]]}}, {"type": "Feature", "properties": {"type": "postcode-cell", "postcode": "EX14 4UX", "postcodes": ["EX14 4UX"]}, "geometry": {"type": "Polygon", "coordinates": [[[-3.2255157281632623, 50.8521402416602], [-3.22510506752082, 50.852721584206755], [-3.2240219591695642, 50.852558272894335], [-3.223863718503459, 50.851858694292574], [-3.225331164520618, 50.85204118818803], [-3.2255157281632623, 50.8521402416602]]]}}, {"type": "Feature", "properties": {"type": "postcode-cell", "postcode": "EX14 4XD", "postcodes": ["EX14 4XD"]}, "geometry": {"type": "Polygon", "coordinates": [[[-3.2237433377692892, 50.852738202474555], [-3.222704488112627, 50.85273317988369], [-3.2230265057301373, 50.85110246122266], [-3.223863718503459, 50.851858694292574], [-3.2240219591695642, 50.852558272894335], [-3.2237433377692892, 50.852738202474555]]]}}, {"type": "Feature", "properties": {"type": "postcode-cell", "postcode": "EX14 4QF", "postcodes": ["EX14 4QF"]}, "geometry": {"type": "Polygon", "coordinates": [[[-3.221854991678412, 50.850337766996255], [-3.221070435591468, 50.85286743950918], [-3.2201062332103954, 50.8527549823241], [-3.2199474970370794, 50.852609458962185], [-3.2183749499074326, 50.84722079214012], [-3.2194491398598153, 50.84670174077869], [-3.221900795981919, 50.84901968547883], [-3.222009027215674, 50.84936417869737], [-3.221854991678412, 50.850337766996255]]]}}, {"type": "Feature", "properties": {"type": "postcode-cell", "postcode": "EX14 3NP", "postcodes": ["EX14 3NP"]}, "geometry": {"type": "Polygon", "coordinates": [[[-3.2197978559370823, 50.81644656484174], [-3.211993162382578, 50.81716569169856], [-3.2100018710816265, 50.816276989737624], [-3.207821796164112, 50.81481077174445], [-3.2066795051228456, 50.813530706244855], [-3.212482781376376, 50.80530416291853], [-3.2169501453289473, 50.805378505203656], [-3.2178547663846913, 50.80656031609885], [-3.2207027187698487, 50.81258486616195], [-3.2201808293339123, 50.815612059013795], [-3.2197978559370823, 50.81644656484174]]]}}, {"type": "Feature", "properties": {"type": "postcode-cell", "postcode": "EX14 4RJ", "postcodes": ["EX14 4RJ"]}, "geometry": {"type": "Polygon", "coordinates": [[[-3.223577797574224, 50.86579281269414], [-3.2217194632352895, 50.86519571684608], [-3.2235880314485894, 50.86492749088993], [-3.22465510881687, 50.86551081549969], [-3.2246746152092824, 50.865599324137385], [-3.223577797574224, 50.86579281269414]]]}}, {"type": "Feature", "properties": {"type": "postcode-cell", "postcode": "EX14 4PQ", "postcodes": ["EX14 4PQ"]}, "geometry": {"type": "Polygon", "coordinates": [[[-3.22519605152021, 50.86429386685031], [-3.224750641097361, 50.86504581596651], [-3.223825502324361, 50.864604730767674], [-3.224708194950258, 50.86417669214032], [-3.2249801974809196, 50.86420052110636], [-3.22519605152021, 50.86429386685031]]]}}, {"type": "Feature", "properties": {"type": "postcode-cell", "postcode": "EX14 4XH", "postcodes": ["EX14 4XH"]}, "geometry": {"type": "Polygon", "coordinates": [[[-3.224022497093615, 50.85670686147244], [-3.222949532645519, 50.85598312163556], [-3.2228111933087717, 50.85547940827317], [-3.223811644236239, 50.85488800088513], [-3.2244695717958907, 50.85484551971936], [-3.2277959561900484, 50.856037416476966], [-3.2270077975344966, 50.8564235237088], [-3.224022497093615, 50.85670686147244]]]}}, {"type": "Feature", "properties": {"type": "postcode-cell", "postcode": "EX14 4LA", "postcodes": ["EX14 4LA"]}, "geometry": {"type": "Polygon", "coordinates": [[[-3.2249801974809196, 50.86420052110636], [-3.224708194950258, 50.86417669214032], [-3.223540970638047, 50.86388612917516], [-3.2228116705348477, 50.8635400638227], [-3.223011678001123, 50.86315978258472], [-3.2246214989443307, 50.862897481253874], [-3.2249801974809196, 50.86420052110636]]]}}, {"type": "Feature", "properties": {"type": "postcode-cell", "postcode": "EX14 4PG", "postcodes": ["EX14 4PG"]}, "geometry": {"type": "Polygon", "coordinates": [[[-3.224708194950258, 50.86417669214032], [-3.223825502324361, 50.864604730767674], [-3.223733001535727, 50.86460446220645], [-3.223540970638047, 50.86388612917516], [-3.224708194950258, 50.86417669214032]]]}}, {"type": "Feature", "properties": {"type": "postcode-cell", "postcode": "EX14 4PP", "postcodes": ["EX14 4PP"]}, "geometry": {"type": "Polygon", "coordinates": [[[-3.2235880314485894, 50.86492749088993], [-3.2236436284386083, 50.86465008942474], [-3.223733001535727, 50.86460446220645], [-3.223825502324361, 50.864604730767674], [-3.224750641097361, 50.86504581596651], [-3.22465510881687, 50.86551081549969], [-3.2235880314485894, 50.86492749088993]]]}}, {"type": "Feature", "properties": {"type": "postcode-cell", "postcode": "EX14 4PF", "postcodes": ["EX14 4PF"]}, "geometry": {"type": "Polygon", "coordinates": [[[-3.223733001535727, 50.86460446220645], [-3.2236436284386083, 50.86465008942474], [-3.221974976861447, 50.86436669011997], [-3.222057188958632, 50.86397714916104], [-3.2228116705348477, 50.8635400638227], [-3.223540970638047, 50.86388612917516], [-3.223733001535727, 50.86460446220645]]]}}, {"type": "Feature", "properties": {"type": "postcode-cell", "postcode": "EX14 4XS", "postcodes": ["EX14 4XS"]}, "geometry": {"type": "Polygon", "coordinates": [[[-3.224022497093615, 50.85670686147244], [-3.222335846209803, 50.85753998769988], [-3.2212059163333846, 50.856550165396285], [-3.221239516555117, 50.856339991028264], [-3.2214302835995614, 50.85606591017917], [-3.222949532645519, 50.85598312163556], [-3.224022497093615, 50.85670686147244]]]}}, {"type": "Feature", "properties": {"type": "postcode-cell", "postcode": "EX14 4QZ", "postcodes": ["EX14 4QZ"]}, "geometry": {"type": "Polygon", "coordinates": [[[-3.2228116705348477, 50.8635400638227], [-3.222057188958632, 50.86397714916104], [-3.220917073956163, 50.86360881361455], [-3.2205893662138982, 50.86230736143745], [-3.2209928519237683, 50.861924014993285], [-3.2223081536795983, 50.86228410958374], [-3.223011678001123, 50.86315978258472], [-3.2228116705348477, 50.8635400638227]]]}}, {"type": "Feature", "properties": {"type": "postcode-cell", "postcode": "EX14 4JP", "postcodes": ["EX14 4JP"]}, "geometry": {"type": "Polygon", "coordinates": [[[-3.2244695717958907, 50.85484551971936], [-3.223811644236239, 50.85488800088513], [-3.22233847266021, 50.85438912293719], [-3.222704184405653, 50.85404675759151], [-3.2228476889732303, 50.8539744677783], [-3.2238134459992174, 50.85367843044704], [-3.2239455688416965, 50.853674486519004], [-3.2239605024950033, 50.85367912151962], [-3.2244695717958907, 50.85484551971936]]]}}, {"type": "Feature", "properties": {"type": "postcode-cell", "postcode": "EX14 4AE", "postcodes": ["EX14 4AE"]}, "geometry": {"type": "Polygon", "coordinates": [[[-3.225552607235662, 50.86131068054554], [-3.2232667044919174, 50.861792864669795], [-3.222674711887753, 50.86091775928453], [-3.2255538320199375, 50.861147346908744], [-3.225552607235662, 50.86131068054554]]]}}, {"type": "Feature", "properties": {"type": "postcode-cell", "postcode": "EX14 4XA", "postcodes": ["EX14 4XA"]}, "geometry": {"type": "Polygon", "coordinates": [[[-3.2238134459992174, 50.85367843044704], [-3.2225535357071418, 50.85309286995109], [-3.2224251560774833, 50.852868957695634], [-3.222704488112627, 50.85273317988369], [-3.2237433377692892, 50.852738202474555], [-3.2239455688416965, 50.853674486519004], [-3.2238134459992174, 50.85367843044704]]]}}, {"type": "Feature", "properties": {"type": "postcode-cell", "postcode": "EX14 4SP", "postcodes": ["EX14 4SP"]}, "geometry": {"type": "Polygon", "coordinates": [[[-3.1549376371366726, 50.88238136592288], [-3.1557932177042924, 50.86940477358366], [-3.157452417065306, 50.868646360880504], [-3.1779399860604918, 50.87684299270618], [-3.1783473459896303, 50.87815347941181], [-3.1781099894528446, 50.87823999487058], [-3.176159989452198, 50.87707999486968], [-3.1705599894478773, 50.87883999487115], [-3.1684599894459566, 50.8801199948722], [-3.1666699894446984, 50.88042999487246], [-3.165829989443706, 50.881399994873235], [-3.163649989441922, 50.882299994873975], [-3.165249989441964, 50.88424999487549], [-3.1578564847944177, 50.8854304379012], [-3.1549376371366726, 50.88238136592288]]]}}, {"type": "Feature", "properties": {"type": "postcode-cell", "postcode": "EX14 9RG", "postcodes": ["EX14 9RG"]}, "geometry": {"type": "Polygon", "coordinates": [[[-3.1578564847944177, 50.8854304379012], [-3.1512799894322394, 50.88647999487744], [-3.1478796981761628, 50.887544384730475], [-3.1396611042197984, 50.88634002603804], [-3.1392314102978442, 50.8850097018716], [-3.14137979322337, 50.87887702225365], [-3.1549376371366726, 50.88238136592288], [-3.1578564847944177, 50.8854304379012]]]}}, {"type": "Feature", "properties": {"type": "postcode-cell", "postcode": "EX14 4SS", "postcodes": ["EX14 4SS"]}, "geometry": {"type": "Polygon", "coordinates": [[[-3.1779399860604918, 50.87684299270618], [-3.181533981979939, 50.87080315194184], [-3.1913340108829646, 50.86539464751621], [-3.205907053616816, 50.87739825411344], [-3.2051099894699084, 50.877589994869695], [-3.201679989467756, 50.87763999486981], [-3.200979989467076, 50.8781399948702], [-3.1983299894657518, 50.87747999486971], [-3.196859989464592, 50.877989994870134], [-3.1895999894597145, 50.87875999487084], [-3.1875299894584606, 50.87869999487082], [-3.1876899894592077, 50.87735999486976], [-3.1821499894562244, 50.876429994869106], [-3.1812099894553123, 50.87710999486964], [-3.1783473459896303, 50.87815347941181], [-3.1779399860604918, 50.87684299270618]]]}}, {"type": "Feature", "properties": {"type": "postcode-cell", "postcode": "EX14 4AB", "postcodes": ["EX14 4AB"]}, "geometry": {"type": "Polygon", "coordinates": [[[-3.2225535357071418, 50.85309286995109], [-3.2238134459992174, 50.85367843044704], [-3.2228476889732303, 50.8539744677783], [-3.2224949394183717, 50.85323799797036], [-3.2225535357071418, 50.85309286995109]]]}}, {"type": "Feature", "properties": {"type": "postcode-cell", "postcode": "EX14 4XY", "postcodes": ["EX14 4XY"]}, "geometry": {"type": "Polygon", "coordinates": [[[-3.2224949394183717, 50.85323799797036], [-3.222196869584962, 50.85355475858586], [-3.2214651479493392, 50.85364761575928], [-3.2212240131719607, 50.85323313698304], [-3.2212020874545497, 50.85292424329857], [-3.2220260018439433, 50.852830474669034], [-3.2224251560774833, 50.852868957695634], [-3.2225535357071418, 50.85309286995109], [-3.2224949394183717, 50.85323799797036]]]}}, {"type": "Feature", "properties": {"type": "postcode-cell", "postcode": "EX14 4PB", "postcodes": ["EX14 4PB"]}, "geometry": {"type": "Polygon", "coordinates": [[[-3.2230489903037234, 50.86680915914439], [-3.2195109046468224, 50.86610441118054], [-3.2215719898488024, 50.865167939592105], [-3.2217194632352895, 50.86519571684608], [-3.223577797574224, 50.86579281269414], [-3.2230489903037234, 50.86680915914439]]]}}, {"type": "Feature", "properties": {"type": "postcode-cell", "postcode": "EX14 4XR", "postcodes": ["EX14 4XR"]}, "geometry": {"type": "Polygon", "coordinates": [[[-3.223811644236239, 50.85488800088513], [-3.2228111933087717, 50.85547940827317], [-3.222057491498089, 50.85520856719], [-3.221832992047821, 50.85449329972441], [-3.22233847266021, 50.85438912293719], [-3.223811644236239, 50.85488800088513]]]}}, {"type": "Feature", "properties": {"type": "postcode-cell", "postcode": "EX14 4RS", "postcodes": ["EX14 4RS"]}, "geometry": {"type": "Polygon", "coordinates": [[[-3.2289458052940447, 50.87235740495289], [-3.2128890047745653, 50.872759701295884], [-3.212811732681604, 50.87201787223802], [-3.217199057199959, 50.86659002991758], [-3.2195109046468224, 50.86610441118054], [-3.2230489903037234, 50.86680915914439], [-3.229013364416953, 50.871999126070264], [-3.2289458052940447, 50.87235740495289]]]}}, {"type": "Feature", "properties": {"type": "postcode-cell", "postcode": "EX14 4PE", "postcodes": ["EX14 4PE"]}, "geometry": {"type": "Polygon", "coordinates": [[[-3.2235880314485894, 50.86492749088993], [-3.2217194632352895, 50.86519571684608], [-3.2215719898488024, 50.865167939592105], [-3.221974976861447, 50.86436669011997], [-3.2236436284386083, 50.86465008942474], [-3.2235880314485894, 50.86492749088993]]]}}, {"type": "Feature", "properties": {"type": "postcode-cell", "postcode": "EX14 4RF", "postcodes": ["EX14 4RF"]}, "geometry": {"type": "Polygon", "coordinates": [[[-3.2223081536795983, 50.86228410958374], [-3.2209928519237683, 50.861924014993285], [-3.2201750983584017, 50.86041619338604], [-3.2204983037210924, 50.859905866894906], [-3.222674711887753, 50.86091775928453], [-3.2232667044919174, 50.861792864669795], [-3.2223081536795983, 50.86228410958374]]]}}, {"type": "Feature", "properties": {"type": "postcode-cell", "postcode": "EX14 3NX", "postcodes": ["EX14 3NX"]}, "geometry": {"type": "Polygon", "coordinates": [[[-3.224050385909315, 50.80473405388173], [-3.2178547663846913, 50.80656031609885], [-3.2169501453289473, 50.805378505203656], [-3.218311185278019, 50.803245070063156], [-3.2246412458303713, 50.80330541484826], [-3.224050385909315, 50.80473405388173]]]}}, {"type": "Feature", "properties": {"type": "postcode-cell", "postcode": "EX14 4XG", "postcodes": ["EX14 4XG"]}, "geometry": {"type": "Polygon", "coordinates": [[[-3.2214684493956582, 50.859062651101674], [-3.220680655592837, 50.859298166096075], [-3.2186949388255504, 50.85843449783166], [-3.2190351904273484, 50.85685739589215], [-3.2212059163333846, 50.856550165396285], [-3.222335846209803, 50.85753998769988], [-3.2214684493956582, 50.859062651101674]]]}}, {"type": "Feature", "properties": {"type": "postcode-cell", "postcode": "EX14 3NZ", "postcodes": ["EX14 3NZ"]}, "geometry": {"type": "Polygon", "coordinates": [[[-3.218746953597559, 50.79543069472447], [-3.213782436623806, 50.795892069835446], [-3.214729989515652, 50.795529994805], [-3.2160499895170225, 50.79438999480408], [-3.2185499895189515, 50.793599994803415], [-3.218839989518916, 50.79403999480374], [-3.218539989518664, 50.79417999480386], [-3.2188999895188237, 50.79430999480395], [-3.2189917637752337, 50.79428474805145], [-3.218746953597559, 50.79543069472447]]]}}, {"type": "Feature", "properties": {"type": "postcode-cell", "postcode": "EX14 3NN", "postcodes": ["EX14 3NN"]}, "geometry": {"type": "MultiPolygon", "coordinates": [[[[-3.2291979458358386, 50.801308720329345], [-3.2290999895221306, 50.80050999480868], [-3.230443712621825, 50.80076277900011], [-3.2291979458358386, 50.801308720329345]]], [[[-3.2246412458303713, 50.80330541484826], [-3.218311185278019, 50.803245070063156], [-3.217132673868364, 50.80148416817652], [-3.2194143844529166, 50.799662438006365], [-3.2217506010192043, 50.79923239868232], [-3.2222199895182957, 50.7996299948081], [-3.2242899895193835, 50.800029994808376], [-3.2251999895193326, 50.80129999480935], [-3.225969989519644, 50.80163999480962], [-3.2264899895201586, 50.80123999480928], [-3.2276448262653283, 50.80198931876456], [-3.2246412458303713, 50.80330541484826]]]]}}, {"type": "Feature", "properties": {"type": "postcode-cell", "postcode": "EX14 4AN", "postcodes": ["EX14 4AN"]}, "geometry": {"type": "Polygon", "coordinates": [[[-3.222704184405653, 50.85404675759151], [-3.222196869584962, 50.85355475858586], [-3.2224949394183717, 50.85323799797036], [-3.2228476889732303, 50.8539744677783], [-3.222704184405653, 50.85404675759151]]]}}, {"type": "Feature", "properties": {"type": "postcode-cell", "postcode": "EX14 3NY", "postcodes": ["EX14 3NY"]}, "geometry": {"type": "Polygon", "coordinates": [[[-3.2194143844529166, 50.799662438006365], [-3.2169005789542737, 50.79728514887584], [-3.2208744114176024, 50.79682617890475], [-3.220379989518346, 50.79717999480617], [-3.22139998951842, 50.79832999480708], [-3.221799989518759, 50.79813999480691], [-3.222459989518973, 50.798539994807236], [-3.2213699895181183, 50.79890999480754], [-3.2217506010192043, 50.79923239868232], [-3.2194143844529166, 50.799662438006365]]]}}, {"type": "Feature", "properties": {"type": "postcode-cell", "postcode": "EX14 4XZ", "postcodes": ["EX14 4XZ"]}, "geometry": {"type": "Polygon", "coordinates": [[[-3.22233847266021, 50.85438912293719], [-3.221832992047821, 50.85449329972441], [-3.2215061145282142, 50.85441657358878], [-3.2213879927839852, 50.85435225766058], [-3.2214651479493392, 50.85364761575928], [-3.222196869584962, 50.85355475858586], [-3.222704184405653, 50.85404675759151], [-3.22233847266021, 50.85438912293719]]]}}, {"type": "Feature", "properties": {"type": "postcode-cell", "postcode": "EX14 4QE", "postcodes": ["EX14 4QE"]}, "geometry": {"type": "Polygon", "coordinates": [[[-3.221854991678412, 50.850337766996255], [-3.2220260018439433, 50.852830474669034], [-3.2212020874545497, 50.85292424329857], [-3.221070435591468, 50.85286743950918], [-3.221854991678412, 50.850337766996255]]]}}, {"type": "Feature", "properties": {"type": "postcode-cell", "postcode": "EX14 4XP", "postcodes": ["EX14 4XP"]}, "geometry": {"type": "Polygon", "coordinates": [[[-3.222949532645519, 50.85598312163556], [-3.2214302835995614, 50.85606591017917], [-3.221317996096349, 50.855693084915615], [-3.222057491498089, 50.85520856719], [-3.2228111933087717, 50.85547940827317], [-3.222949532645519, 50.85598312163556]]]}}, {"type": "Feature", "properties": {"type": "postcode-cell", "postcode": "EX14 4XF", "postcodes": ["EX14 4XF"]}, "geometry": {"type": "Polygon", "coordinates": [[[-3.221239516555117, 50.856339991028264], [-3.2190369479925334, 50.855576069721984], [-3.2191504219000273, 50.85541670016307], [-3.2191784707407196, 50.85541000661164], [-3.220571692666125, 50.85539534000344], [-3.221317996096349, 50.855693084915615], [-3.2214302835995614, 50.85606591017917], [-3.221239516555117, 50.856339991028264]]]}}, {"type": "Feature", "properties": {"type": "postcode-cell", "postcode": "EX14 4RL", "postcodes": ["EX14 4RL"]}, "geometry": {"type": "Polygon", "coordinates": [[[-3.221974976861447, 50.86436669011997], [-3.2215719898488024, 50.865167939592105], [-3.2195109046468224, 50.86610441118054], [-3.217199057199959, 50.86659002991758], [-3.216982820816175, 50.864179631827255], [-3.220917073956163, 50.86360881361455], [-3.222057188958632, 50.86397714916104], [-3.221974976861447, 50.86436669011997]]]}}, {"type": "Feature", "properties": {"type": "postcode-cell", "postcode": "EX14 4TB", "postcodes": ["EX14 4TB"]}, "geometry": {"type": "Polygon", "coordinates": [[[-3.2194491398598153, 50.84670174077869], [-3.2183749499074326, 50.84722079214012], [-3.21527807738385, 50.848373825146474], [-3.2067579210445842, 50.84589300927865], [-3.2057323624809477, 50.84463080567988], [-3.212966517397142, 50.83751891841214], [-3.2139828350388755, 50.8374139496064], [-3.2189702344765303, 50.843663904389125], [-3.2199850980555085, 50.84606042737678], [-3.2194491398598153, 50.84670174077869]]]}}, {"type": "Feature", "properties": {"type": "postcode-cell", "postcode": "EX14 4QA", "postcodes": ["EX14 4QA"]}, "geometry": {"type": "Polygon", "coordinates": [[[-3.216752892539871, 50.863694093747554], [-3.2205893662138982, 50.86230736143745], [-3.220917073956163, 50.86360881361455], [-3.216982820816175, 50.864179631827255], [-3.216752892539871, 50.863694093747554]]]}}, {"type": "Feature", "properties": {"type": "postcode-cell", "postcode": "EX14 4RH", "postcodes": ["EX14 4RH"]}, "geometry": {"type": "Polygon", "coordinates": [[[-3.216982820816175, 50.864179631827255], [-3.217199057199959, 50.86659002991758], [-3.212811732681604, 50.87201787223802], [-3.206786369319842, 50.864750301754036], [-3.2122921736880823, 50.86112602562137], [-3.2151516699109757, 50.862142131014004], [-3.216752892539871, 50.863694093747554], [-3.216982820816175, 50.864179631827255]]]}}, {"type": "Feature", "properties": {"type": "postcode-cell", "postcode": "EX14 4XJ", "postcodes": ["EX14 4XJ"]}, "geometry": {"type": "Polygon", "coordinates": [[[-3.222057491498089, 50.85520856719], [-3.221317996096349, 50.855693084915615], [-3.220571692666125, 50.85539534000344], [-3.2215061145282142, 50.85441657358878], [-3.221832992047821, 50.85449329972441], [-3.222057491498089, 50.85520856719]]]}}, {"type": "Feature", "properties": {"type": "postcode-cell", "postcode": "EX14 4XN", "postcodes": ["EX14 4XN"]}, "geometry": {"type": "Polygon", "coordinates": [[[-3.2213879927839852, 50.85435225766058], [-3.2213646733865158, 50.85435031539473], [-3.220343465018605, 50.85372473459069], [-3.2212240131719607, 50.85323313698304], [-3.2214651479493392, 50.85364761575928], [-3.2213879927839852, 50.85435225766058]]]}}, {"type": "Feature", "properties": {"type": "postcode-cell", "postcode": "EX14 4QQ", "postcodes": ["EX14 4QQ"]}, "geometry": {"type": "Polygon", "coordinates": [[[-3.2199474970370794, 50.852609458962185], [-3.218141864162121, 50.85277465457573], [-3.214740455474466, 50.84908144055555], [-3.21527807738385, 50.848373825146474], [-3.2183749499074326, 50.84722079214012], [-3.2199474970370794, 50.852609458962185]]]}}, {"type": "Feature", "properties": {"type": "postcode-cell", "postcode": "EX14 4QD", "postcodes": ["EX14 4QD"]}, "geometry": {"type": "Polygon", "coordinates": [[[-3.2215061145282142, 50.85441657358878], [-3.220571692666125, 50.85539534000344], [-3.2191784707407196, 50.85541000661164], [-3.2204353808776567, 50.854455145817404], [-3.2213646733865158, 50.85435031539473], [-3.2213879927839852, 50.85435225766058], [-3.2215061145282142, 50.85441657358878]]]}}, {"type": "Feature", "properties": {"type": "postcode-cell", "postcode": "EX14 4XW", "postcodes": ["EX14 4XW"]}, "geometry": {"type": "Polygon", "coordinates": [[[-3.2212240131719607, 50.85323313698304], [-3.220343465018605, 50.85372473459069], [-3.2194216113691554, 50.853614178225065], [-3.2201062332103954, 50.8527549823241], [-3.221070435591468, 50.85286743950918], [-3.2212020874545497, 50.85292424329857], [-3.2212240131719607, 50.85323313698304]]]}}, {"type": "Feature", "properties": {"type": "postcode-cell", "postcode": "EX14 4RG", "postcodes": ["EX14 4RG"]}, "geometry": {"type": "Polygon", "coordinates": [[[-3.2205893662138982, 50.86230736143745], [-3.216752892539871, 50.863694093747554], [-3.2151516699109757, 50.862142131014004], [-3.2201750983584017, 50.86041619338604], [-3.2209928519237683, 50.861924014993285], [-3.2205893662138982, 50.86230736143745]]]}}, {"type": "Feature", "properties": {"type": "postcode-cell", "postcode": "EX14 4XL", "postcodes": ["EX14 4XL"]}, "geometry": {"type": "Polygon", "coordinates": [[[-3.2194216113691554, 50.853614178225065], [-3.2190902694647385, 50.853778779178384], [-3.2181875929292967, 50.853950727632345], [-3.218141864162121, 50.85277465457573], [-3.2199474970370794, 50.852609458962185], [-3.2201062332103954, 50.8527549823241], [-3.2194216113691554, 50.853614178225065]]]}}, {"type": "Feature", "properties": {"type": "postcode-cell", "postcode": "EX14 3NT", "postcodes": ["EX14 3NT"]}, "geometry": {"type": "Polygon", "coordinates": [[[-3.217132673868364, 50.80148416817652], [-3.2145036729028513, 50.800979342417996], [-3.2124008790647944, 50.79805662830488], [-3.2127399895132167, 50.79800999480697], [-3.2137699895142937, 50.79709999480623], [-3.2135638471697834, 50.79626016052947], [-3.2163510041305794, 50.797023674110555], [-3.2169005789542737, 50.79728514887584], [-3.2194143844529166, 50.799662438006365], [-3.217132673868364, 50.80148416817652]]]}}, {"type": "Feature", "properties": {"type": "postcode-cell", "postcode": "EX14 3GE", "postcodes": ["EX14 3GE"]}, "geometry": {"type": "Polygon", "coordinates": [[[-3.2169005789542737, 50.79728514887584], [-3.2163510041305794, 50.797023674110555], [-3.2193755212379016, 50.7958762267294], [-3.22016531024238, 50.79587947945389], [-3.221163670822153, 50.796619177002405], [-3.2208744114176024, 50.79682617890475], [-3.2169005789542737, 50.79728514887584]]]}}, {"type": "Feature", "properties": {"type": "postcode-cell", "postcode": "EX14 3PE", "postcodes": ["EX14 3PE"]}, "geometry": {"type": "Polygon", "coordinates": [[[-3.22016531024238, 50.79587947945389], [-3.2193755212379016, 50.7958762267294], [-3.218746953597559, 50.79543069472447], [-3.2189917637752337, 50.79428474805145], [-3.220332530229378, 50.79391589694511], [-3.22016531024238, 50.79587947945389]]]}}, {"type": "Feature", "properties": {"type": "postcode-cell", "postcode": "EX14 4AL", "postcodes": ["EX14 4AL"]}, "geometry": {"type": "Polygon", "coordinates": [[[-3.2190369479925334, 50.855576069721984], [-3.2185794491161634, 50.855988802082514], [-3.209476130992419, 50.85555457648761], [-3.208576381261234, 50.85484989331499], [-3.208888236611506, 50.8546477629625], [-3.2181355737682473, 50.853985594741815], [-3.2191504219000273, 50.85541670016307], [-3.2190369479925334, 50.855576069721984]]]}}, {"type": "Feature", "properties": {"type": "postcode-cell", "postcode": "EX14 4XU", "postcodes": ["EX14 4XU"]}, "geometry": {"type": "Polygon", "coordinates": [[[-3.2204353808776567, 50.854455145817404], [-3.2190902694647385, 50.853778779178384], [-3.2194216113691554, 50.853614178225065], [-3.220343465018605, 50.85372473459069], [-3.2213646733865158, 50.85435031539473], [-3.2204353808776567, 50.854455145817404]]]}}, {"type": "Feature", "properties": {"type": "postcode-cell", "postcode": "EX14 4RQ", "postcodes": ["EX14 4RQ"]}, "geometry": {"type": "Polygon", "coordinates": [[[-3.2204983037210924, 50.859905866894906], [-3.2201750983584017, 50.86041619338604], [-3.2151516699109757, 50.862142131014004], [-3.2122921736880823, 50.86112602562137], [-3.2119805138113775, 50.85839751959131], [-3.2186949388255504, 50.85843449783166], [-3.220680655592837, 50.859298166096075], [-3.2204983037210924, 50.859905866894906]]]}}, {"type": "Feature", "properties": {"type": "postcode-cell", "postcode": "EX14 4XT", "postcodes": ["EX14 4XT"]}, "geometry": {"type": "Polygon", "coordinates": [[[-3.2191504219000273, 50.85541670016307], [-3.2181355737682473, 50.853985594741815], [-3.2181875929292967, 50.853950727632345], [-3.2190902694647385, 50.853778779178384], [-3.2204353808776567, 50.854455145817404], [-3.2191784707407196, 50.85541000661164], [-3.2191504219000273, 50.85541670016307]]]}}, {"type": "Feature", "properties": {"type": "postcode-cell", "postcode": "EX14 4XE", "postcodes": ["EX14 4XE"]}, "geometry": {"type": "Polygon", "coordinates": [[[-3.2190351904273484, 50.85685739589215], [-3.2185794491161634, 50.855988802082514], [-3.2190369479925334, 50.855576069721984], [-3.221239516555117, 50.856339991028264], [-3.2212059163333846, 50.856550165396285], [-3.2190351904273484, 50.85685739589215]]]}}, {"type": "Feature", "properties": {"type": "postcode-cell", "postcode": "EX14 3PA", "postcodes": ["EX14 3PA"]}, "geometry": {"type": "Polygon", "coordinates": [[[-3.2163510041305794, 50.797023674110555], [-3.2135638471697834, 50.79626016052947], [-3.213499989514662, 50.79599999480537], [-3.213782436623806, 50.795892069835446], [-3.218746953597559, 50.79543069472447], [-3.2193755212379016, 50.7958762267294], [-3.2163510041305794, 50.797023674110555]]]}}, {"type": "Feature", "properties": {"type": "postcode-cell", "postcode": "EX14 4AF", "postcodes": ["EX14 4AF"]}, "geometry": {"type": "Polygon", "coordinates": [[[-3.2190351904273484, 50.85685739589215], [-3.2186949388255504, 50.85843449783166], [-3.2119805138113775, 50.85839751959131], [-3.209476130992419, 50.85555457648761], [-3.2185794491161634, 50.855988802082514], [-3.2190351904273484, 50.85685739589215]]]}}, {"type": "Feature", "properties": {"type": "postcode-cell", "postcode": "EX14 3NS", "postcodes": ["EX14 3NS"]}, "geometry": {"type": "Polygon", "coordinates": [[[-3.218311185278019, 50.803245070063156], [-3.2169501453289473, 50.805378505203656], [-3.212482781376376, 50.80530416291853], [-3.209779530377613, 50.80318109874771], [-3.2145036729028513, 50.800979342417996], [-3.217132673868364, 50.80148416817652], [-3.218311185278019, 50.803245070063156]]]}}, {"type": "Feature", "properties": {"type": "postcode-cell", "postcode": "EX14 4XX", "postcodes": ["EX14 4XX"]}, "geometry": {"type": "Polygon", "coordinates": [[[-3.218141864162121, 50.85277465457573], [-3.2181875929292967, 50.853950727632345], [-3.2181355737682473, 50.853985594741815], [-3.208888236611506, 50.8546477629625], [-3.214740455474466, 50.84908144055555], [-3.218141864162121, 50.85277465457573]]]}}, {"type": "Feature", "properties": {"type": "postcode-cell", "postcode": "EX14 3NR", "postcodes": ["EX14 3NR"]}, "geometry": {"type": "Polygon", "coordinates": [[[-3.2145036729028513, 50.800979342417996], [-3.209779530377613, 50.80318109874771], [-3.2094531707847547, 50.8031381496218], [-3.204770622563064, 50.800139199335995], [-3.2052399895078776, 50.79944999480821], [-3.206259989509018, 50.798399994807376], [-3.206599989509239, 50.798379994807355], [-3.207519989509304, 50.79941999480817], [-3.208739989510474, 50.79855999480745], [-3.2124008790647944, 50.79805662830488], [-3.2145036729028513, 50.800979342417996]]]}}, {"type": "Feature", "properties": {"type": "postcode-cell", "postcode": "EX14 4SH", "postcodes": ["EX14 4SH"]}, "geometry": {"type": "Polygon", "coordinates": [[[-3.2122921736880823, 50.86112602562137], [-3.206786369319842, 50.864750301754036], [-3.194704860373753, 50.86193493418936], [-3.199772891290157, 50.85469311798386], [-3.2006638693806106, 50.85456009669688], [-3.208576381261234, 50.85484989331499], [-3.209476130992419, 50.85555457648761], [-3.2119805138113775, 50.85839751959131], [-3.2122921736880823, 50.86112602562137]]]}}, {"type": "Feature", "properties": {"type": "postcode-cell", "postcode": "EX14 4SZ", "postcodes": ["EX14 4SZ"]}, "geometry": {"type": "Polygon", "coordinates": [[[-3.214740455474466, 50.84908144055555], [-3.208888236611506, 50.8546477629625], [-3.208576381261234, 50.85484989331499], [-3.2006638693806106, 50.85456009669688], [-3.2067579210445842, 50.84589300927865], [-3.21527807738385, 50.848373825146474], [-3.214740455474466, 50.84908144055555]]]}}, {"type": "Feature", "properties": {"type": "postcode-cell", "postcode": "EX14 4UQ", "postcodes": ["EX14 4UQ"]}, "geometry": {"type": "Polygon", "coordinates": [[[-3.210033313609322, 50.820674892145426], [-3.1924266097606844, 50.82329761916664], [-3.1923538182924425, 50.82124815391877], [-3.2100018710816265, 50.816276989737624], [-3.211993162382578, 50.81716569169856], [-3.210033313609322, 50.820674892145426]]]}}, {"type": "Feature", "properties": {"type": "postcode-cell", "postcode": "EX14 4ST", "postcodes": ["EX14 4ST"]}, "geometry": {"type": "Polygon", "coordinates": [[[-3.2128890047745653, 50.872759701295884], [-3.2076262197400647, 50.87713022312316], [-3.207229989471473, 50.877079994869284], [-3.205907053616816, 50.87739825411344], [-3.1913340108829646, 50.86539464751621], [-3.1925278402753228, 50.862917783430134], [-3.194704860373753, 50.86193493418936], [-3.206786369319842, 50.864750301754036], [-3.212811732681604, 50.87201787223802], [-3.2128890047745653, 50.872759701295884]]]}}, {"type": "Feature", "properties": {"type": "postcode-cell", "postcode": "EX14 3NW", "postcodes": ["EX14 3NW"]}, "geometry": {"type": "Polygon", "coordinates": [[[-3.212482781376376, 50.80530416291853], [-3.2066795051228456, 50.813530706244855], [-3.2064381155920008, 50.81336234198248], [-3.2026790849412787, 50.80854827209287], [-3.2094531707847547, 50.8031381496218], [-3.209779530377613, 50.80318109874771], [-3.212482781376376, 50.80530416291853]]]}}, {"type": "Feature", "properties": {"type": "postcode-cell", "postcode": "EX14 4UJ", "postcodes": ["EX14 4UJ"]}, "geometry": {"type": "Polygon", "coordinates": [[[-3.2139828350388755, 50.8374139496064], [-3.212966517397142, 50.83751891841214], [-3.202066808477754, 50.83559302290903], [-3.1988412595144955, 50.82932322571875], [-3.208414960481454, 50.82485219270158], [-3.2191874001187735, 50.83362544740336], [-3.2139828350388755, 50.8374139496064]]]}}, {"type": "Feature", "properties": {"type": "postcode-cell", "postcode": "EX14 4TW", "postcodes": ["EX14 4TW"]}, "geometry": {"type": "Polygon", "coordinates": [[[-3.1888819278212317, 50.81165261099028], [-3.188775481331153, 50.81192215589439], [-3.1887010397218325, 50.812013990218475], [-3.188017532721301, 50.81268891257691], [-3.1848595638550865, 50.8154195323897], [-3.176498763492402, 50.81628749646234], [-3.1743379077004894, 50.81518669423683], [-3.173996471381483, 50.814016296109685], [-3.174789989482148, 50.81369999481985], [-3.174289989482223, 50.812909994819236], [-3.174549989482589, 50.812489994818904], [-3.1755599894832502, 50.81240999481883], [-3.1756299894834537, 50.812079994818575], [-3.1783199894857357, 50.810799994817515], [-3.1793599894869633, 50.809599994816566], [-3.1805699894877066, 50.80959999481654], [-3.1823399894897784, 50.807589994814926], [-3.1847999894919545, 50.80623999481384], [-3.185209989492563, 50.80550999481327], [-3.186179989493316, 50.80518999481301], [-3.1860299894934037, 50.8048199948127], [-3.1861528566480866, 50.804676651982746], [-3.1888819278212317, 50.81165261099028]]]}}, {"type": "Feature", "properties": {"type": "postcode-cell", "postcode": "EX14 9HH", "postcodes": ["EX14 9HH"]}, "geometry": {"type": "Polygon", "coordinates": [[[-3.1429571270919925, 50.80886052212612], [-3.1404637285045434, 50.807136823785825], [-3.1413990788531763, 50.80028243207092], [-3.1421499894689986, 50.79945999480918], [-3.1455399894718394, 50.79790999480793], [-3.147999989473585, 50.7974299948075], [-3.150199989474707, 50.79789999480784], [-3.1557299894769213, 50.80032999480966], [-3.1568799894771815, 50.80124999481036], [-3.155159989475424, 50.80267999481151], [-3.1535478788243707, 50.80547549251523], [-3.1429571270919925, 50.80886052212612]]]}}, {"type": "Feature", "properties": {"type": "postcode-cell", "postcode": "EX14 3SL", "postcodes": ["EX14 3SL"]}, "geometry": {"type": "MultiPolygon", "coordinates": [[[[-3.2094531707847547, 50.8031381496218], [-3.2026790849412787, 50.80854827209287], [-3.1973083652842047, 50.80515675386576], [-3.2012399895025796, 50.805269994812825], [-3.2046399895056283, 50.803319994811254], [-3.2041199895053993, 50.80312999481113], [-3.2050699895060832, 50.80292999481095], [-3.205079989506347, 50.80239999481052], [-3.2044599895062165, 50.801879994810136], [-3.2048799895067535, 50.801309994809685], [-3.204539989506543, 50.80130999480968], [-3.204449989506829, 50.80060999480914], [-3.204770622563064, 50.800139199335995], [-3.2094531707847547, 50.8031381496218]]], [[[-3.1954035076662364, 50.803953689485624], [-3.195869989499815, 50.80412999481204], [-3.195850041787227, 50.804235718612944], [-3.1954035076662364, 50.803953689485624]]]]}}, {"type": "Feature", "properties": {"type": "postcode-cell", "postcode": "EX14 4TA", "postcodes": ["EX14 4TA"]}, "geometry": {"type": "Polygon", "coordinates": [[[-3.212966517397142, 50.83751891841214], [-3.2057323624809477, 50.84463080567988], [-3.1965005221591194, 50.84370074253251], [-3.196313297479364, 50.84334544251769], [-3.1962127262557445, 50.83916154631111], [-3.202066808477754, 50.83559302290903], [-3.212966517397142, 50.83751891841214]]]}}, {"type": "Feature", "properties": {"type": "postcode-cell", "postcode": "EX14 4UH", "postcodes": ["EX14 4UH"]}, "geometry": {"type": "Polygon", "coordinates": [[[-3.208414960481454, 50.82485219270158], [-3.1988412595144955, 50.82932322571875], [-3.1911748058992377, 50.827841743621754], [-3.1924266097606844, 50.82329761916664], [-3.210033313609322, 50.820674892145426], [-3.208414960481454, 50.82485219270158]]]}}, {"type": "Feature", "properties": {"type": "postcode-cell", "postcode": "EX14 4SY", "postcodes": ["EX14 4SY"]}, "geometry": {"type": "Polygon", "coordinates": [[[-3.2067579210445842, 50.84589300927865], [-3.2006638693806106, 50.85456009669688], [-3.199772891290157, 50.85469311798386], [-3.1989097320505233, 50.85406956663231], [-3.1958466516477086, 50.84490522612314], [-3.1965005221591194, 50.84370074253251], [-3.2057323624809477, 50.84463080567988], [-3.2067579210445842, 50.84589300927865]]]}}, {"type": "Feature", "properties": {"type": "postcode-cell", "postcode": "EX14 4SU", "postcodes": ["EX14 4SU"]}, "geometry": {"type": "Polygon", "coordinates": [[[-3.194704860373753, 50.86193493418936], [-3.1925278402753228, 50.862917783430134], [-3.1842158556270124, 50.85956138129967], [-3.185578479472683, 50.85255157927556], [-3.186690317847942, 50.851293439260374], [-3.1989097320505233, 50.85406956663231], [-3.199772891290157, 50.85469311798386], [-3.194704860373753, 50.86193493418936]]]}}, {"type": "Feature", "properties": {"type": "postcode-cell", "postcode": "EX14 4UF", "postcodes": ["EX14 4UF"]}, "geometry": {"type": "Polygon", "coordinates": [[[-3.202066808477754, 50.83559302290903], [-3.1962127262557445, 50.83916154631111], [-3.1852014406024662, 50.836420283492785], [-3.1841186165439472, 50.83500055338309], [-3.1881254013135947, 50.828479337459314], [-3.1911748058992377, 50.827841743621754], [-3.1988412595144955, 50.82932322571875], [-3.202066808477754, 50.83559302290903]]]}}, {"type": "Feature", "properties": {"type": "postcode-cell", "postcode": "EX14 4UG", "postcodes": ["EX14 4UG"]}, "geometry": {"type": "Polygon", "coordinates": [[[-3.1923538182924425, 50.82124815391877], [-3.1924266097606844, 50.82329761916664], [-3.1911748058992377, 50.827841743621754], [-3.1881254013135947, 50.828479337459314], [-3.1783500294675395, 50.82465207326318], [-3.1786859267034067, 50.82312945100884], [-3.1884332395138824, 50.81901696206426], [-3.190763128209833, 50.8196392857296], [-3.1923538182924425, 50.82124815391877]]]}}, {"type": "Feature", "properties": {"type": "postcode-cell", "postcode": "EX14 4UL", "postcodes": ["EX14 4UL"]}, "geometry": {"type": "Polygon", "coordinates": [[[-3.190763128209833, 50.8196392857296], [-3.1922643571332765, 50.81807311373333], [-3.192944416690547, 50.817513878360195], [-3.193933321828496, 50.816992311731376], [-3.1965896772184244, 50.81612187538492], [-3.207821796164112, 50.81481077174445], [-3.2100018710816265, 50.816276989737624], [-3.1923538182924425, 50.82124815391877], [-3.190763128209833, 50.8196392857296]]]}}, {"type": "Feature", "properties": {"type": "postcode-cell", "postcode": "EX14 4SX", "postcodes": ["EX14 4SX"]}, "geometry": {"type": "Polygon", "coordinates": [[[-3.1989097320505233, 50.85406956663231], [-3.186690317847942, 50.851293439260374], [-3.1842661379064396, 50.84841532402522], [-3.1958466516477086, 50.84490522612314], [-3.1989097320505233, 50.85406956663231]]]}}, {"type": "Feature", "properties": {"type": "postcode-cell", "postcode": "EX14 4TJ", "postcodes": ["EX14 4TJ"]}, "geometry": {"type": "Polygon", "coordinates": [[[-3.1922643571332765, 50.81807311373333], [-3.188017532721301, 50.81268891257691], [-3.1887010397218325, 50.812013990218475], [-3.192944416690547, 50.817513878360195], [-3.1922643571332765, 50.81807311373333]]]}}, {"type": "Feature", "properties": {"type": "postcode-cell", "postcode": "EX14 4AG", "postcodes": ["EX14 4AG"]}, "geometry": {"type": "Polygon", "coordinates": [[[-3.2066795051228456, 50.813530706244855], [-3.207821796164112, 50.81481077174445], [-3.1965896772184244, 50.81612187538492], [-3.1912107931962113, 50.813546648633846], [-3.188775481331153, 50.81192215589439], [-3.1888819278212317, 50.81165261099028], [-3.2064381155920008, 50.81336234198248], [-3.2066795051228456, 50.813530706244855]]]}}, {"type": "Feature", "properties": {"type": "postcode-cell", "postcode": "EX14 4TG", "postcodes": ["EX14 4TG"]}, "geometry": {"type": "Polygon", "coordinates": [[[-3.2064381155920008, 50.81336234198248], [-3.1888819278212317, 50.81165261099028], [-3.1861528566480866, 50.804676651982746], [-3.186689989494185, 50.8040499948121], [-3.1873599894946096, 50.804029994812055], [-3.1879299894947764, 50.80440999481237], [-3.189789989496171, 50.80389999481193], [-3.1908599894965444, 50.804489994812386], [-3.1923799894977676, 50.8039099948119], [-3.194599989499263, 50.803649994811686], [-3.1954035076662364, 50.803953689485624], [-3.195850041787227, 50.804235718612944], [-3.195769989499496, 50.804659994812425], [-3.196379989499643, 50.80512999481279], [-3.1973083652842047, 50.80515675386576], [-3.2026790849412787, 50.80854827209287], [-3.2064381155920008, 50.81336234198248]]]}}, {"type": "Feature", "properties": {"type": "postcode-cell", "postcode": "EX14 9QQ", "postcodes": ["EX14 9QQ"]}, "geometry": {"type": "Polygon", "coordinates": [[[-3.1743379077004894, 50.81518669423683], [-3.1631022567889784, 50.819442689745365], [-3.1583285809970523, 50.81669187054159], [-3.1567753778809258, 50.813640915094155], [-3.162434756853682, 50.80718330250904], [-3.1631899894782314, 50.807059994814814], [-3.1650899894784965, 50.808919994816236], [-3.1672299894792295, 50.81011999481715], [-3.1708099894796877, 50.81370999481991], [-3.173359989480989, 50.81426999482033], [-3.173996471381483, 50.814016296109685], [-3.1743379077004894, 50.81518669423683]]]}}, {"type": "Feature", "properties": {"type": "postcode-cell", "postcode": "EX14 4TQ", "postcodes": ["EX14 4TQ"]}, "geometry": {"type": "Polygon", "coordinates": [[[-3.193933321828496, 50.816992311731376], [-3.1912107931962113, 50.813546648633846], [-3.1965896772184244, 50.81612187538492], [-3.193933321828496, 50.816992311731376]]]}}, {"type": "Feature", "properties": {"type": "postcode-cell", "postcode": "EX14 4TH", "postcodes": ["EX14 4TH"]}, "geometry": {"type": "Polygon", "coordinates": [[[-3.1912107931962113, 50.813546648633846], [-3.193933321828496, 50.816992311731376], [-3.192944416690547, 50.817513878360195], [-3.1887010397218325, 50.812013990218475], [-3.188775481331153, 50.81192215589439], [-3.1912107931962113, 50.813546648633846]]]}}, {"type": "Feature", "properties": {"type": "postcode-cell", "postcode": "EX14 4UD", "postcodes": ["EX14 4UD"]}, "geometry": {"type": "Polygon", "coordinates": [[[-3.1965005221591194, 50.84370074253251], [-3.1958466516477086, 50.84490522612314], [-3.1842661379064396, 50.84841532402522], [-3.1835149903734457, 50.848127117966236], [-3.182723556728173, 50.84751176979084], [-3.181384596160316, 50.84598571533789], [-3.1827194977516204, 50.84360201286119], [-3.183674293028284, 50.842656332060024], [-3.196313297479364, 50.84334544251769], [-3.1965005221591194, 50.84370074253251]]]}}, {"type": "Feature", "properties": {"type": "postcode-cell", "postcode": "EX14 4UE", "postcodes": ["EX14 4UE"]}, "geometry": {"type": "Polygon", "coordinates": [[[-3.196313297479364, 50.84334544251769], [-3.183674293028284, 50.842656332060024], [-3.1845681469996667, 50.83766632984364], [-3.1852014406024662, 50.836420283492785], [-3.1962127262557445, 50.83916154631111], [-3.196313297479364, 50.84334544251769]]]}}, {"type": "Feature", "properties": {"type": "postcode-cell", "postcode": "EX14 4TL", "postcodes": ["EX14 4TL"]}, "geometry": {"type": "Polygon", "coordinates": [[[-3.190763128209833, 50.8196392857296], [-3.1884332395138824, 50.81901696206426], [-3.1848595638550865, 50.8154195323897], [-3.188017532721301, 50.81268891257691], [-3.1922643571332765, 50.81807311373333], [-3.190763128209833, 50.8196392857296]]]}}, {"type": "Feature", "properties": {"type": "postcode-cell", "postcode": "EX14 4RY", "postcodes": ["EX14 4RY"]}, "geometry": {"type": "Polygon", "coordinates": [[[-3.1837390095188964, 50.85950847327567], [-3.1797501564001593, 50.85409313848102], [-3.185578479472683, 50.85255157927556], [-3.1842158556270124, 50.85956138129967], [-3.1837390095188964, 50.85950847327567]]]}}, {"type": "Feature", "properties": {"type": "postcode-cell", "postcode": "EX14 4RZ", "postcodes": ["EX14 4RZ"]}, "geometry": {"type": "Polygon", "coordinates": [[[-3.1842158556270124, 50.85956138129967], [-3.1925278402753228, 50.862917783430134], [-3.1913340108829646, 50.86539464751621], [-3.181533981979939, 50.87080315194184], [-3.1706861694739916, 50.861951260170095], [-3.176560645099719, 50.8597243693137], [-3.1837390095188964, 50.85950847327567], [-3.1842158556270124, 50.85956138129967]]]}}, {"type": "Feature", "properties": {"type": "postcode-cell", "postcode": "EX14 4TZ", "postcodes": ["EX14 4TZ"]}, "geometry": {"type": "Polygon", "coordinates": [[[-3.1845681469996667, 50.83766632984364], [-3.17663846179986, 50.84052323248492], [-3.1725520968280065, 50.84038703036179], [-3.1721557144512103, 50.83475154668383], [-3.1841186165439472, 50.83500055338309], [-3.1852014406024662, 50.836420283492785], [-3.1845681469996667, 50.83766632984364]]]}}, {"type": "Feature", "properties": {"type": "postcode-cell", "postcode": "EX14 4RT", "postcodes": ["EX14 4RT"]}, "geometry": {"type": "Polygon", "coordinates": [[[-3.1842661379064396, 50.84841532402522], [-3.186690317847942, 50.851293439260374], [-3.185578479472683, 50.85255157927556], [-3.1797501564001593, 50.85409313848102], [-3.17617914982052, 50.853335760962224], [-3.1835149903734457, 50.848127117966236], [-3.1842661379064396, 50.84841532402522]]]}}, {"type": "Feature", "properties": {"type": "postcode-cell", "postcode": "EX14 4UB", "postcodes": ["EX14 4UB"]}, "geometry": {"type": "Polygon", "coordinates": [[[-3.183674293028284, 50.842656332060024], [-3.1827194977516204, 50.84360201286119], [-3.17663846179986, 50.84052323248492], [-3.1845681469996667, 50.83766632984364], [-3.183674293028284, 50.842656332060024]]]}}, {"type": "Feature", "properties": {"type": "postcode-cell", "postcode": "EX14 4TY", "postcodes": ["EX14 4TY"]}, "geometry": {"type": "Polygon", "coordinates": [[[-3.1841186165439472, 50.83500055338309], [-3.1721557144512103, 50.83475154668383], [-3.1690653706731045, 50.833221040781254], [-3.168507048600771, 50.82720815081177], [-3.1783500294675395, 50.82465207326318], [-3.1881254013135947, 50.828479337459314], [-3.1841186165439472, 50.83500055338309]]]}}, {"type": "Feature", "properties": {"type": "postcode-cell", "postcode": "EX14 4TN", "postcodes": ["EX14 4TN"]}, "geometry": {"type": "Polygon", "coordinates": [[[-3.1786859267034067, 50.82312945100884], [-3.176498763492402, 50.81628749646234], [-3.1848595638550865, 50.8154195323897], [-3.1884332395138824, 50.81901696206426], [-3.1786859267034067, 50.82312945100884]]]}}, {"type": "Feature", "properties": {"type": "postcode-cell", "postcode": "EX14 4RX", "postcodes": ["EX14 4RX"]}, "geometry": {"type": "Polygon", "coordinates": [[[-3.1797501564001593, 50.85409313848102], [-3.1837390095188964, 50.85950847327567], [-3.176560645099719, 50.8597243693137], [-3.1753191376657144, 50.85347943265354], [-3.17617914982052, 50.853335760962224], [-3.1797501564001593, 50.85409313848102]]]}}, {"type": "Feature", "properties": {"type": "postcode-cell", "postcode": "EX14 4UA", "postcodes": ["EX14 4UA"]}, "geometry": {"type": "Polygon", "coordinates": [[[-3.181384596160316, 50.84598571533789], [-3.180720179313419, 50.84591696614523], [-3.178168265288384, 50.84519748915316], [-3.1721897693838663, 50.84161171044059], [-3.172438519924507, 50.840565047396666], [-3.1725520968280065, 50.84038703036179], [-3.17663846179986, 50.84052323248492], [-3.1827194977516204, 50.84360201286119], [-3.181384596160316, 50.84598571533789]]]}}, {"type": "Feature", "properties": {"type": "postcode-cell", "postcode": "EX14 4TP", "postcodes": ["EX14 4TP"]}, "geometry": {"type": "Polygon", "coordinates": [[[-3.1783500294675395, 50.82465207326318], [-3.168507048600771, 50.82720815081177], [-3.164003013498695, 50.82521431711604], [-3.1631022567889784, 50.819442689745365], [-3.1743379077004894, 50.81518669423683], [-3.176498763492402, 50.81628749646234], [-3.1786859267034067, 50.82312945100884], [-3.1783500294675395, 50.82465207326318]]]}}, {"type": "Feature", "properties": {"type": "postcode-cell", "postcode": "EX14 4SA", "postcodes": ["EX14 4SA"]}, "geometry": {"type": "Polygon", "coordinates": [[[-3.1779399860604918, 50.87684299270618], [-3.157452417065306, 50.868646360880504], [-3.1602172924483707, 50.862769076587576], [-3.162393940905593, 50.861513256722084], [-3.1706861694739916, 50.861951260170095], [-3.181533981979939, 50.87080315194184], [-3.1779399860604918, 50.87684299270618]]]}}, {"type": "Feature", "properties": {"type": "postcode-cell", "postcode": "EX14 4RU", "postcodes": ["EX14 4RU"]}, "geometry": {"type": "Polygon", "coordinates": [[[-3.17617914982052, 50.853335760962224], [-3.1753191376657144, 50.85347943265354], [-3.173733035787835, 50.85300421334328], [-3.1737791917480602, 50.85053015675774], [-3.182723556728173, 50.84751176979084], [-3.1835149903734457, 50.848127117966236], [-3.17617914982052, 50.853335760962224]]]}}, {"type": "Feature", "properties": {"type": "postcode-cell", "postcode": "EX14 4TX", "postcodes": ["EX14 4TX"]}, "geometry": {"type": "Polygon", "coordinates": [[[-3.1725520968280065, 50.84038703036179], [-3.172438519924507, 50.840565047396666], [-3.166049622033448, 50.840128937993335], [-3.1610512611695434, 50.836272246114824], [-3.1690653706731045, 50.833221040781254], [-3.1721557144512103, 50.83475154668383], [-3.1725520968280065, 50.84038703036179]]]}}, {"type": "Feature", "properties": {"type": "postcode-cell", "postcode": "EX14 4SL", "postcodes": ["EX14 4SL"]}, "geometry": {"type": "Polygon", "coordinates": [[[-3.180720179313419, 50.84591696614523], [-3.1725099703599007, 50.84876209725462], [-3.167580341811709, 50.84689334294059], [-3.178168265288384, 50.84519748915316], [-3.180720179313419, 50.84591696614523]]]}}, {"type": "Feature", "properties": {"type": "postcode-cell", "postcode": "EX14 4SJ", "postcodes": ["EX14 4SJ"]}, "geometry": {"type": "Polygon", "coordinates": [[[-3.181384596160316, 50.84598571533789], [-3.182723556728173, 50.84751176979084], [-3.1737791917480602, 50.85053015675774], [-3.1725099703599007, 50.84876209725462], [-3.180720179313419, 50.84591696614523], [-3.181384596160316, 50.84598571533789]]]}}, {"type": "Feature", "properties": {"type": "postcode-cell", "postcode": "EX14 4SW", "postcodes": ["EX14 4SW"]}, "geometry": {"type": "Polygon", "coordinates": [[[-3.173733035787835, 50.85300421334328], [-3.163017918156166, 50.85438802275129], [-3.159455839802375, 50.84949578063337], [-3.161847078728059, 50.8470315831126], [-3.164328108676177, 50.84641019665383], [-3.1645758328988003, 50.84637103578053], [-3.167580341811709, 50.84689334294059], [-3.1725099703599007, 50.84876209725462], [-3.1737791917480602, 50.85053015675774], [-3.173733035787835, 50.85300421334328]]]}}, {"type": "Feature", "properties": {"type": "postcode-cell", "postcode": "EX14 4SB", "postcodes": ["EX14 4SB"]}, "geometry": {"type": "Polygon", "coordinates": [[[-3.1753191376657144, 50.85347943265354], [-3.176560645099719, 50.8597243693137], [-3.1706861694739916, 50.861951260170095], [-3.162393940905593, 50.861513256722084], [-3.163017918156166, 50.85438802275129], [-3.173733035787835, 50.85300421334328], [-3.1753191376657144, 50.85347943265354]]]}}, {"type": "Feature", "properties": {"type": "postcode-cell", "postcode": "EX14 4SN", "postcodes": ["EX14 4SN"]}, "geometry": {"type": "Polygon", "coordinates": [[[-3.178168265288384, 50.84519748915316], [-3.167580341811709, 50.84689334294059], [-3.1645758328988003, 50.84637103578053], [-3.1721897693838663, 50.84161171044059], [-3.178168265288384, 50.84519748915316]]]}}, {"type": "Feature", "properties": {"type": "postcode-cell", "postcode": "EX14 9QE", "postcodes": ["EX14 9QE"]}, "geometry": {"type": "Polygon", "coordinates": [[[-3.162393940905593, 50.861513256722084], [-3.1602172924483707, 50.862769076587576], [-3.1470950584352186, 50.85842594468266], [-3.152848823980976, 50.849517013369386], [-3.159455839802375, 50.84949578063337], [-3.163017918156166, 50.85438802275129], [-3.162393940905593, 50.861513256722084]]]}}, {"type": "Feature", "properties": {"type": "postcode-cell", "postcode": "EX14 4TR", "postcodes": ["EX14 4TR"]}, "geometry": {"type": "Polygon", "coordinates": [[[-3.1610512611695434, 50.836272246114824], [-3.1560156272453703, 50.83735942494122], [-3.153966528366146, 50.83692334290887], [-3.1525646016754627, 50.83583038235854], [-3.1542805176120847, 50.82929044547953], [-3.1608854512175735, 50.82578399013772], [-3.164003013498695, 50.82521431711604], [-3.168507048600771, 50.82720815081177], [-3.1690653706731045, 50.833221040781254], [-3.1610512611695434, 50.836272246114824]]]}}, {"type": "Feature", "properties": {"type": "postcode-cell", "postcode": "EX14 4TU", "postcodes": ["EX14 4TU"]}, "geometry": {"type": "Polygon", "coordinates": [[[-3.164328108676177, 50.84641019665383], [-3.166049622033448, 50.840128937993335], [-3.172438519924507, 50.840565047396666], [-3.1721897693838663, 50.84161171044059], [-3.1645758328988003, 50.84637103578053], [-3.164328108676177, 50.84641019665383]]]}}, {"type": "Feature", "properties": {"type": "postcode-cell", "postcode": "EX14 4TS", "postcodes": ["EX14 4TS"]}, "geometry": {"type": "Polygon", "coordinates": [[[-3.159455839802375, 50.84949578063337], [-3.152848823980976, 50.849517013369386], [-3.145950888931442, 50.847557127288376], [-3.145155742787582, 50.84687107482487], [-3.145078173580023, 50.84440048120355], [-3.153966528366146, 50.83692334290887], [-3.1560156272453703, 50.83735942494122], [-3.161847078728059, 50.8470315831126], [-3.159455839802375, 50.84949578063337]]]}}, {"type": "Feature", "properties": {"type": "postcode-cell", "postcode": "EX14 4TT", "postcodes": ["EX14 4TT"]}, "geometry": {"type": "Polygon", "coordinates": [[[-3.166049622033448, 50.840128937993335], [-3.164328108676177, 50.84641019665383], [-3.161847078728059, 50.8470315831126], [-3.1560156272453703, 50.83735942494122], [-3.1610512611695434, 50.836272246114824], [-3.166049622033448, 50.840128937993335]]]}}, {"type": "Feature", "properties": {"type": "postcode-cell", "postcode": "EX14 9RF", "postcodes": ["EX14 9RF"]}, "geometry": {"type": "Polygon", "coordinates": [[[-3.135794359290675, 50.888687686811984], [-3.1396611042197984, 50.88634002603804], [-3.1478796981761628, 50.887544384730475], [-3.1424299894254224, 50.88924999487975], [-3.144189989425466, 50.89139999488143], [-3.143239989424699, 50.89176999488172], [-3.1418299894238624, 50.89169999488168], [-3.14155998942339, 50.892329994882196], [-3.140139989422637, 50.89206999488201], [-3.1396299894226196, 50.89145999488153], [-3.139075510724216, 50.89190977870891], [-3.135794359290675, 50.888687686811984]]]}}, {"type": "Feature", "properties": {"type": "postcode-cell", "postcode": "EX14 9RH", "postcodes": ["EX14 9RH"]}, "geometry": {"type": "Polygon", "coordinates": [[[-3.157452417065306, 50.868646360880504], [-3.1557932177042924, 50.86940477358366], [-3.1460570369382888, 50.86991942992539], [-3.1428109548305985, 50.86805744568575], [-3.1415815192138212, 50.86552055720397], [-3.1411912005292715, 50.86402009199343], [-3.141544309773628, 50.859462285940936], [-3.141834603980734, 50.85859825697067], [-3.1470950584352186, 50.85842594468266], [-3.1602172924483707, 50.862769076587576], [-3.157452417065306, 50.868646360880504]]]}}, {"type": "Feature", "properties": {"type": "postcode-cell", "postcode": "EX14 9QH", "postcodes": ["EX14 9QH"]}, "geometry": {"type": "Polygon", "coordinates": [[[-3.164003013498695, 50.82521431711604], [-3.1608854512175735, 50.82578399013772], [-3.1561152579353227, 50.82433508897794], [-3.151159998758093, 50.82018193145645], [-3.1583285809970523, 50.81669187054159], [-3.1631022567889784, 50.819442689745365], [-3.164003013498695, 50.82521431711604]]]}}, {"type": "Feature", "properties": {"type": "postcode-cell", "postcode": "EX14 9NP", "postcodes": ["EX14 9NP"]}, "geometry": {"type": "Polygon", "coordinates": [[[-3.1583285809970523, 50.81669187054159], [-3.151159998758093, 50.82018193145645], [-3.1485818360870286, 50.820549284716755], [-3.144290231438147, 50.81297484793998], [-3.1443407262198493, 50.812926060479114], [-3.1567753778809258, 50.813640915094155], [-3.1583285809970523, 50.81669187054159]]]}}, {"type": "Feature", "properties": {"type": "postcode-cell", "postcode": "EX14 9QN", "postcodes": ["EX14 9QN"]}, "geometry": {"type": "Polygon", "coordinates": [[[-3.1525646016754627, 50.83583038235854], [-3.1434919225699587, 50.83421958841965], [-3.1431248462028285, 50.83381829668351], [-3.1475077566349943, 50.82697028561294], [-3.1542805176120847, 50.82929044547953], [-3.1525646016754627, 50.83583038235854]]]}}, {"type": "Feature", "properties": {"type": "postcode-cell", "postcode": "EX14 9QL", "postcodes": ["EX14 9QL"]}, "geometry": {"type": "Polygon", "coordinates": [[[-3.1608854512175735, 50.82578399013772], [-3.1542805176120847, 50.82929044547953], [-3.1475077566349943, 50.82697028561294], [-3.1448459813052856, 50.8242268375217], [-3.1561152579353227, 50.82433508897794], [-3.1608854512175735, 50.82578399013772]]]}}, {"type": "Feature", "properties": {"type": "postcode-cell", "postcode": "EX14 9QJ", "postcodes": ["EX14 9QJ"]}, "geometry": {"type": "Polygon", "coordinates": [[[-3.151159998758093, 50.82018193145645], [-3.1561152579353227, 50.82433508897794], [-3.1448459813052856, 50.8242268375217], [-3.1441786314991362, 50.8238408976254], [-3.1485818360870286, 50.820549284716755], [-3.151159998758093, 50.82018193145645]]]}}, {"type": "Feature", "properties": {"type": "postcode-cell", "postcode": "EX14 9QP", "postcodes": ["EX14 9QP"]}, "geometry": {"type": "Polygon", "coordinates": [[[-3.153966528366146, 50.83692334290887], [-3.145078173580023, 50.84440048120355], [-3.138159099123554, 50.83996265290859], [-3.1382671465116356, 50.83822968991031], [-3.1434919225699587, 50.83421958841965], [-3.1525646016754627, 50.83583038235854], [-3.153966528366146, 50.83692334290887]]]}}, {"type": "Feature", "properties": {"type": "postcode-cell", "postcode": "EX14 9NL", "postcodes": ["EX14 9NL"]}, "geometry": {"type": "Polygon", "coordinates": [[[-3.1485818360870286, 50.820549284716755], [-3.1441786314991362, 50.8238408976254], [-3.143675561332997, 50.823827542671815], [-3.137678829896381, 50.81689072142786], [-3.1384172203783622, 50.81573267052872], [-3.144290231438147, 50.81297484793998], [-3.1485818360870286, 50.820549284716755]]]}}, {"type": "Feature", "properties": {"type": "postcode-cell", "postcode": "EX14 9NN", "postcodes": ["EX14 9NN"]}, "geometry": {"type": "Polygon", "coordinates": [[[-3.1567753778809258, 50.813640915094155], [-3.1443407262198493, 50.812926060479114], [-3.1429571270919925, 50.80886052212612], [-3.1535478788243707, 50.80547549251523], [-3.153279989472678, 50.80593999481407], [-3.155479989473554, 50.80691999481481], [-3.1612299894768694, 50.8073799948151], [-3.162434756853682, 50.80718330250904], [-3.1567753778809258, 50.813640915094155]]]}}, {"type": "Feature", "properties": {"type": "postcode-cell", "postcode": "EX14 9HQ", "postcodes": ["EX14 9HQ"]}, "geometry": {"type": "Polygon", "coordinates": [[[-3.144290231438147, 50.81297484793998], [-3.1384172203783622, 50.81573267052872], [-3.137729076216659, 50.815414142492585], [-3.133819355469469, 50.81295606690118], [-3.1317782914708507, 50.808104300907154], [-3.1324446876204783, 50.807680526017485], [-3.1404637285045434, 50.807136823785825], [-3.1429571270919925, 50.80886052212612], [-3.1443407262198493, 50.812926060479114], [-3.144290231438147, 50.81297484793998]]]}}, {"type": "Feature", "properties": {"type": "postcode-cell", "postcode": "EX14 9QW", "postcodes": ["EX14 9QW"]}, "geometry": {"type": "Polygon", "coordinates": [[[-3.1448459813052856, 50.8242268375217], [-3.1475077566349943, 50.82697028561294], [-3.1431248462028285, 50.83381829668351], [-3.142903617921292, 50.83369669552017], [-3.1396527926903586, 50.825308728986165], [-3.143675561332997, 50.823827542671815], [-3.1441786314991362, 50.8238408976254], [-3.1448459813052856, 50.8242268375217]]]}}, {"type": "Feature", "properties": {"type": "postcode-cell", "postcode": "EX14 9QD", "postcodes": ["EX14 9QD"]}, "geometry": {"type": "Polygon", "coordinates": [[[-3.152848823980976, 50.849517013369386], [-3.1470950584352186, 50.85842594468266], [-3.141834603980734, 50.85859825697067], [-3.1405205763836577, 50.8578296635247], [-3.1405084718064322, 50.85729103099029], [-3.1415310687657323, 50.852527184248935], [-3.145950888931442, 50.847557127288376], [-3.152848823980976, 50.849517013369386]]]}}, {"type": "Feature", "properties": {"type": "postcode-cell", "postcode": "EX14 9SQ", "postcodes": ["EX14 9SQ"]}, "geometry": {"type": "Polygon", "coordinates": [[[-3.1404637285045434, 50.807136823785825], [-3.1324446876204783, 50.807680526017485], [-3.129427359426943, 50.80314478034558], [-3.1338799894621534, 50.803079994812165], [-3.13467998946253, 50.80330999481231], [-3.1391599894655067, 50.80284999481189], [-3.1400299894661865, 50.80254999481162], [-3.1408899894675533, 50.800839994810296], [-3.1413990788531763, 50.80028243207092], [-3.1404637285045434, 50.807136823785825]]]}}, {"type": "Feature", "properties": {"type": "postcode-cell", "postcode": "EX14 9RQ", "postcodes": ["EX14 9RQ"]}, "geometry": {"type": "Polygon", "coordinates": [[[-3.1549376371366726, 50.88238136592288], [-3.14137979322337, 50.87887702225365], [-3.138808767453717, 50.87684296400589], [-3.1460570369382888, 50.86991942992539], [-3.1557932177042924, 50.86940477358366], [-3.1549376371366726, 50.88238136592288]]]}}, {"type": "Feature", "properties": {"type": "postcode-cell", "postcode": "EX14 9QF", "postcodes": ["EX14 9QF"]}, "geometry": {"type": "Polygon", "coordinates": [[[-3.1415815192138212, 50.86552055720397], [-3.1349256959282794, 50.86493959839037], [-3.1346409347844304, 50.86480223338191], [-3.135351264382606, 50.863999344138655], [-3.136296271147211, 50.863736452410734], [-3.1411912005292715, 50.86402009199343], [-3.1415815192138212, 50.86552055720397]]]}}, {"type": "Feature", "properties": {"type": "postcode-cell", "postcode": "EX14 9QS", "postcodes": ["EX14 9QS"]}, "geometry": {"type": "Polygon", "coordinates": [[[-3.1405084718064322, 50.85729103099029], [-3.1347524908931454, 50.85234475234296], [-3.1350081137073578, 50.85227813067605], [-3.1395460738508203, 50.85216687303583], [-3.1415310687657323, 50.852527184248935], [-3.1405084718064322, 50.85729103099029]]]}}, {"type": "Feature", "properties": {"type": "postcode-cell", "postcode": "EX14 9PT", "postcodes": ["EX14 9PT"]}, "geometry": {"type": "Polygon", "coordinates": [[[-3.1395460738508203, 50.85216687303583], [-3.137049335468984, 50.85108544276377], [-3.1369263200602737, 50.85060079427811], [-3.1423764732275035, 50.84699410597066], [-3.145155742787582, 50.84687107482487], [-3.145950888931442, 50.847557127288376], [-3.1415310687657323, 50.852527184248935], [-3.1395460738508203, 50.85216687303583]]]}}, {"type": "Feature", "properties": {"type": "postcode-cell", "postcode": "EX14 9HW", "postcodes": ["EX14 9HW"]}, "geometry": {"type": "Polygon", "coordinates": [[[-3.143675561332997, 50.823827542671815], [-3.1396527926903586, 50.825308728986165], [-3.1351005811153243, 50.82580106139132], [-3.133539698678907, 50.82077394341367], [-3.134759120752727, 50.81799180462695], [-3.137678829896381, 50.81689072142786], [-3.143675561332997, 50.823827542671815]]]}}, {"type": "Feature", "properties": {"type": "postcode-cell", "postcode": "EX14 9QR", "postcodes": ["EX14 9QR"]}, "geometry": {"type": "Polygon", "coordinates": [[[-3.145155742787582, 50.84687107482487], [-3.1423764732275035, 50.84699410597066], [-3.1377932947846743, 50.84692780823431], [-3.1308827155438164, 50.842845525444496], [-3.138159099123554, 50.83996265290859], [-3.145078173580023, 50.84440048120355], [-3.145155742787582, 50.84687107482487]]]}}, {"type": "Feature", "properties": {"type": "postcode-cell", "postcode": "EX14 9HX", "postcodes": ["EX14 9HX"]}, "geometry": {"type": "Polygon", "coordinates": [[[-3.1431248462028285, 50.83381829668351], [-3.1434919225699587, 50.83421958841965], [-3.1382671465116356, 50.83822968991031], [-3.12797187778038, 50.835025221610984], [-3.132116251694771, 50.8308934426095], [-3.142903617921292, 50.83369669552017], [-3.1431248462028285, 50.83381829668351]]]}}, {"type": "Feature", "properties": {"type": "postcode-cell", "postcode": "TA3 7PL", "postcodes": ["TA3 7PL"]}, "geometry": {"type": "Polygon", "coordinates": [[[-3.1186643908998537, 50.89710113766149], [-3.13014267314731, 50.89564214927802], [-3.132010685211992, 50.89676642881468], [-3.131099989414537, 50.8972499948862], [-3.126339989409424, 50.90171999488981], [-3.1232599894086275, 50.89944999488804], [-3.122079989408528, 50.89815999488704], [-3.11907775687757, 50.89911058499608], [-3.1186643908998537, 50.89710113766149]]]}}, {"type": "Feature", "properties": {"type": "postcode-cell", "postcode": "EX14 9RD", "postcodes": ["EX14 9RD"]}, "geometry": {"type": "Polygon", "coordinates": [[[-3.139075510724216, 50.89190977870891], [-3.135129989418065, 50.89510999488447], [-3.132010685211992, 50.89676642881468], [-3.13014267314731, 50.89564214927802], [-3.1279566753868924, 50.88892607300487], [-3.135794359290675, 50.888687686811984], [-3.139075510724216, 50.89190977870891]]]}}, {"type": "Feature", "properties": {"type": "postcode-cell", "postcode": "EX14 9NJ", "postcodes": ["EX14 9NJ"]}, "geometry": {"type": "Polygon", "coordinates": [[[-3.142903617921292, 50.83369669552017], [-3.132116251694771, 50.8308934426095], [-3.131509303996648, 50.82728136555447], [-3.1351005811153243, 50.82580106139132], [-3.1396527926903586, 50.825308728986165], [-3.142903617921292, 50.83369669552017]]]}}, {"type": "Feature", "properties": {"type": "postcode-cell", "postcode": "EX14 9TA", "postcodes": ["EX14 9TA"]}, "geometry": {"type": "Polygon", "coordinates": [[[-3.1369263200602737, 50.85060079427811], [-3.1345902659866938, 50.84988944140806], [-3.1329749541516234, 50.84919118482388], [-3.1377932947846743, 50.84692780823431], [-3.1423764732275035, 50.84699410597066], [-3.1369263200602737, 50.85060079427811]]]}}, {"type": "Feature", "properties": {"type": "postcode-cell", "postcode": "EX14 9PW", "postcodes": ["EX14 9PW"]}, "geometry": {"type": "Polygon", "coordinates": [[[-3.141544309773628, 50.859462285940936], [-3.136259990096398, 50.86174408514105], [-3.1326702278911918, 50.86235983885346], [-3.128596669062102, 50.86074264391351], [-3.139620084162644, 50.85780406192606], [-3.1405205763836577, 50.8578296635247], [-3.141834603980734, 50.85859825697067], [-3.141544309773628, 50.859462285940936]]]}}, {"type": "Feature", "properties": {"type": "postcode-cell", "postcode": "EX14 9PU", "postcodes": ["EX14 9PU"]}, "geometry": {"type": "Polygon", "coordinates": [[[-3.1369263200602737, 50.85060079427811], [-3.137049335468984, 50.85108544276377], [-3.1363048844068016, 50.851282471755596], [-3.1345902659866938, 50.84988944140806], [-3.1369263200602737, 50.85060079427811]]]}}, {"type": "Feature", "properties": {"type": "postcode-cell", "postcode": "EX14 9HY", "postcodes": ["EX14 9HY"]}, "geometry": {"type": "Polygon", "coordinates": [[[-3.138159099123554, 50.83996265290859], [-3.1308827155438164, 50.842845525444496], [-3.1307588565872573, 50.842848477128534], [-3.123442276000507, 50.8386391797116], [-3.125083181290292, 50.83601157042263], [-3.12797187778038, 50.835025221610984], [-3.1382671465116356, 50.83822968991031], [-3.138159099123554, 50.83996265290859]]]}}, {"type": "Feature", "properties": {"type": "postcode-cell", "postcode": "EX14 9PX", "postcodes": ["EX14 9PX"]}, "geometry": {"type": "Polygon", "coordinates": [[[-3.1345902659866938, 50.84988944140806], [-3.1363048844068016, 50.851282471755596], [-3.1350081137073578, 50.85227813067605], [-3.1347524908931454, 50.85234475234296], [-3.13218961460502, 50.85203497063289], [-3.1321679197654997, 50.849404061224675], [-3.1329749541516234, 50.84919118482388], [-3.1345902659866938, 50.84988944140806]]]}}, {"type": "Feature", "properties": {"type": "postcode-cell", "postcode": "EX14 9PN", "postcodes": ["EX14 9PN"]}, "geometry": {"type": "Polygon", "coordinates": [[[-3.1411912005292715, 50.86402009199343], [-3.136296271147211, 50.863736452410734], [-3.134867692672838, 50.86304124282536], [-3.136259990096398, 50.86174408514105], [-3.141544309773628, 50.859462285940936], [-3.1411912005292715, 50.86402009199343]]]}}, {"type": "Feature", "properties": {"type": "postcode-cell", "postcode": "EX14 9QT", "postcodes": ["EX14 9QT"]}, "geometry": {"type": "Polygon", "coordinates": [[[-3.1460570369382888, 50.86991942992539], [-3.138808767453717, 50.87684296400589], [-3.137428781033662, 50.876856439796434], [-3.1367034019933464, 50.87664642474105], [-3.1333643326157246, 50.87374386189734], [-3.131206197129605, 50.86859587771628], [-3.1342926708987116, 50.86829852763801], [-3.1428109548305985, 50.86805744568575], [-3.1460570369382888, 50.86991942992539]]]}}, {"type": "Feature", "properties": {"type": "postcode-cell", "postcode": "EX14 9PS", "postcodes": ["EX14 9PS"]}, "geometry": {"type": "Polygon", "coordinates": [[[-3.1395460738508203, 50.85216687303583], [-3.1350081137073578, 50.85227813067605], [-3.1363048844068016, 50.851282471755596], [-3.137049335468984, 50.85108544276377], [-3.1395460738508203, 50.85216687303583]]]}}, {"type": "Feature", "properties": {"type": "postcode-cell", "postcode": "EX14 9HL", "postcodes": ["EX14 9HL"]}, "geometry": {"type": "Polygon", "coordinates": [[[-3.1384172203783622, 50.81573267052872], [-3.137678829896381, 50.81689072142786], [-3.134759120752727, 50.81799180462695], [-3.1312565476418595, 50.81783999460251], [-3.1272968857162424, 50.81691646590207], [-3.1292465032092998, 50.81450893970518], [-3.137729076216659, 50.815414142492585], [-3.1384172203783622, 50.81573267052872]]]}}, {"type": "Feature", "properties": {"type": "postcode-cell", "postcode": "EX14 9PY", "postcodes": ["EX14 9PY"]}, "geometry": {"type": "Polygon", "coordinates": [[[-3.1377932947846743, 50.84692780823431], [-3.1329749541516234, 50.84919118482388], [-3.1321679197654997, 50.849404061224675], [-3.127082928681614, 50.847573862345534], [-3.1307588565872573, 50.842848477128534], [-3.1308827155438164, 50.842845525444496], [-3.1377932947846743, 50.84692780823431]]]}}, {"type": "Feature", "properties": {"type": "postcode-cell", "postcode": "EX14 9HP", "postcodes": ["EX14 9HP"]}, "geometry": {"type": "Polygon", "coordinates": [[[-3.131509303996648, 50.82728136555447], [-3.126008869377976, 50.82574426293848], [-3.1254541302340093, 50.82499359552212], [-3.124765402231257, 50.82295121363675], [-3.128048321867186, 50.82156440696489], [-3.133539698678907, 50.82077394341367], [-3.1351005811153243, 50.82580106139132], [-3.131509303996648, 50.82728136555447]]]}}, {"type": "Feature", "properties": {"type": "postcode-cell", "postcode": "EX14 9PR", "postcodes": ["EX14 9PR"]}, "geometry": {"type": "Polygon", "coordinates": [[[-3.1347524908931454, 50.85234475234296], [-3.1405084718064322, 50.85729103099029], [-3.1405205763836577, 50.8578296635247], [-3.139620084162644, 50.85780406192606], [-3.1310865705064788, 50.854898706645535], [-3.1304198506946563, 50.85372263920773], [-3.13218961460502, 50.85203497063289], [-3.1347524908931454, 50.85234475234296]]]}}, {"type": "Feature", "properties": {"type": "postcode-cell", "postcode": "EX14 9PJ", "postcodes": ["EX14 9PJ"]}, "geometry": {"type": "Polygon", "coordinates": [[[-3.135351264382606, 50.863999344138655], [-3.1336284283876323, 50.86361096226722], [-3.1336214950771035, 50.86315467600984], [-3.134867692672838, 50.86304124282536], [-3.136296271147211, 50.863736452410734], [-3.135351264382606, 50.863999344138655]]]}}, {"type": "Feature", "properties": {"type": "postcode-cell", "postcode": "EX14 9RA", "postcodes": ["EX14 9RA"]}, "geometry": {"type": "Polygon", "coordinates": [[[-3.14137979322337, 50.87887702225365], [-3.1392314102978442, 50.8850097018716], [-3.1310850216787434, 50.88272307041978], [-3.137428781033662, 50.876856439796434], [-3.138808767453717, 50.87684296400589], [-3.14137979322337, 50.87887702225365]]]}}, {"type": "Feature", "properties": {"type": "postcode-cell", "postcode": "EX14 9JZ", "postcodes": ["EX14 9JZ"]}, "geometry": {"type": "Polygon", "coordinates": [[[-3.118467368420093, 50.80629212974116], [-3.1119815439261242, 50.80775748676948], [-3.1050582129525006, 50.80268990513849], [-3.105569989445005, 50.80265999481228], [-3.107719989446535, 50.80221999481188], [-3.1110799894492636, 50.80084999481077], [-3.1157699894537902, 50.79746999480806], [-3.1169899894542383, 50.7980799948085], [-3.1179199894542164, 50.79928999480943], [-3.1180399894533464, 50.80121999481094], [-3.119389989453557, 50.80247999481191], [-3.1191999894531866, 50.80299999481231], [-3.1198041104856045, 50.802965002152185], [-3.118467368420093, 50.80629212974116]]]}}, {"type": "Feature", "properties": {"type": "postcode-cell", "postcode": "EX14 9RB", "postcodes": ["EX14 9RB"]}, "geometry": {"type": "Polygon", "coordinates": [[[-3.1392314102978442, 50.8850097018716], [-3.1396611042197984, 50.88634002603804], [-3.135794359290675, 50.888687686811984], [-3.1279566753868924, 50.88892607300487], [-3.126663442497036, 50.88830582485898], [-3.1289262938924716, 50.883920448312054], [-3.1310606562791308, 50.882732600535036], [-3.1310850216787434, 50.88272307041978], [-3.1392314102978442, 50.8850097018716]]]}}, {"type": "Feature", "properties": {"type": "postcode-cell", "postcode": "EX14 9AS", "postcodes": ["EX14 9AS"]}, "geometry": {"type": "Polygon", "coordinates": [[[-3.1428109548305985, 50.86805744568575], [-3.1342926708987116, 50.86829852763801], [-3.1349256959282794, 50.86493959839037], [-3.1415815192138212, 50.86552055720397], [-3.1428109548305985, 50.86805744568575]]]}}, {"type": "Feature", "properties": {"type": "postcode-cell", "postcode": "EX14 9RJ", "postcodes": ["EX14 9RJ"]}, "geometry": {"type": "Polygon", "coordinates": [[[-3.1349256959282794, 50.86493959839037], [-3.1342926708987116, 50.86829852763801], [-3.131206197129605, 50.86859587771628], [-3.1270974259246627, 50.867327934644294], [-3.1330485001741972, 50.864657278047424], [-3.1346409347844304, 50.86480223338191], [-3.1349256959282794, 50.86493959839037]]]}}, {"type": "Feature", "properties": {"type": "postcode-cell", "postcode": "EX14 9QG", "postcodes": ["EX14 9QG"]}, "geometry": {"type": "Polygon", "coordinates": [[[-3.135351264382606, 50.863999344138655], [-3.1346409347844304, 50.86480223338191], [-3.1330485001741972, 50.864657278047424], [-3.1336284283876323, 50.86361096226722], [-3.135351264382606, 50.863999344138655]]]}}, {"type": "Feature", "properties": {"type": "postcode-cell", "postcode": "EX14 9PL", "postcodes": ["EX14 9PL"]}, "geometry": {"type": "Polygon", "coordinates": [[[-3.136259990096398, 50.86174408514105], [-3.134867692672838, 50.86304124282536], [-3.1336214950771035, 50.86315467600984], [-3.1326702278911918, 50.86235983885346], [-3.136259990096398, 50.86174408514105]]]}}, {"type": "Feature", "properties": {"type": "postcode-cell", "postcode": "EX14 9NX", "postcodes": ["EX14 9NX"]}, "geometry": {"type": "Polygon", "coordinates": [[[-3.1336284283876323, 50.86361096226722], [-3.1330485001741972, 50.864657278047424], [-3.1270974259246627, 50.867327934644294], [-3.1246093918962363, 50.866963184479516], [-3.123614109343861, 50.86536998636835], [-3.1270128596051823, 50.8608158297897], [-3.128596669062102, 50.86074264391351], [-3.1326702278911918, 50.86235983885346], [-3.1336214950771035, 50.86315467600984], [-3.1336284283876323, 50.86361096226722]]]}}, {"type": "Feature", "properties": {"type": "postcode-cell", "postcode": "EX14 9QB", "postcodes": ["EX14 9QB"]}, "geometry": {"type": "Polygon", "coordinates": [[[-3.13218961460502, 50.85203497063289], [-3.1304198506946563, 50.85372263920773], [-3.122496866698769, 50.85247277574925], [-3.1248139075680528, 50.84808284746994], [-3.127082928681614, 50.847573862345534], [-3.1321679197654997, 50.849404061224675], [-3.13218961460502, 50.85203497063289]]]}}, {"type": "Feature", "properties": {"type": "postcode-cell", "postcode": "EX14 9QY", "postcodes": ["EX14 9QY"]}, "geometry": {"type": "Polygon", "coordinates": [[[-3.137428781033662, 50.876856439796434], [-3.1310850216787434, 50.88272307041978], [-3.1310606562791308, 50.882732600535036], [-3.1269396479096416, 50.87831769240774], [-3.128585698881142, 50.87709242677618], [-3.1367034019933464, 50.87664642474105], [-3.137428781033662, 50.876856439796434]]]}}, {"type": "Feature", "properties": {"type": "postcode-cell", "postcode": "EX14 9QU", "postcodes": ["EX14 9QU"]}, "geometry": {"type": "Polygon", "coordinates": [[[-3.1270974259246627, 50.867327934644294], [-3.131206197129605, 50.86859587771628], [-3.1333643326157246, 50.87374386189734], [-3.1247102043059343, 50.87270762006787], [-3.1225800547400846, 50.86960961634206], [-3.1246093918962363, 50.866963184479516], [-3.1270974259246627, 50.867327934644294]]]}}, {"type": "Feature", "properties": {"type": "postcode-cell", "postcode": "EX14 9PP", "postcodes": ["EX14 9PP"]}, "geometry": {"type": "Polygon", "coordinates": [[[-3.139620084162644, 50.85780406192606], [-3.128596669062102, 50.86074264391351], [-3.1270128596051823, 50.8608158297897], [-3.1262141718107572, 50.859332307374636], [-3.1310865705064788, 50.854898706645535], [-3.139620084162644, 50.85780406192606]]]}}, {"type": "Feature", "properties": {"type": "postcode-cell", "postcode": "EX14 9HJ", "postcodes": ["EX14 9HJ"]}, "geometry": {"type": "Polygon", "coordinates": [[[-3.1292465032092998, 50.81450893970518], [-3.129207970961692, 50.81318756821318], [-3.133819355469469, 50.81295606690118], [-3.137729076216659, 50.815414142492585], [-3.1292465032092998, 50.81450893970518]]]}}, {"type": "Feature", "properties": {"type": "postcode-cell", "postcode": "EX14 9HU", "postcodes": ["EX14 9HU"]}, "geometry": {"type": "Polygon", "coordinates": [[[-3.132116251694771, 50.8308934426095], [-3.12797187778038, 50.835025221610984], [-3.125083181290292, 50.83601157042263], [-3.1177946243254957, 50.83047492866961], [-3.126008869377976, 50.82574426293848], [-3.131509303996648, 50.82728136555447], [-3.132116251694771, 50.8308934426095]]]}}, {"type": "Feature", "properties": {"type": "postcode-cell", "postcode": "EX14 9HG", "postcodes": ["EX14 9HG"]}, "geometry": {"type": "Polygon", "coordinates": [[[-3.133819355469469, 50.81295606690118], [-3.129207970961692, 50.81318756821318], [-3.1250152268637277, 50.809967605685344], [-3.1317782914708507, 50.808104300907154], [-3.133819355469469, 50.81295606690118]]]}}, {"type": "Feature", "properties": {"type": "postcode-cell", "postcode": "EX14 9SY", "postcodes": ["EX14 9SY"]}, "geometry": {"type": "Polygon", "coordinates": [[[-3.1250152268637277, 50.809967605685344], [-3.123427184333542, 50.810007702411916], [-3.118467368420093, 50.80629212974116], [-3.1198041104856045, 50.802965002152185], [-3.1245499894566175, 50.802689994812], [-3.1283799894587374, 50.8031599948123], [-3.129427359426943, 50.80314478034558], [-3.1324446876204783, 50.807680526017485], [-3.1317782914708507, 50.808104300907154], [-3.1250152268637277, 50.809967605685344]]]}}, {"type": "Feature", "properties": {"type": "postcode-cell", "postcode": "EX14 9HD", "postcodes": ["EX14 9HD"]}, "geometry": {"type": "Polygon", "coordinates": [[[-3.1312565476418595, 50.81783999460251], [-3.128048321867186, 50.82156440696489], [-3.124765402231257, 50.82295121363675], [-3.121091884451688, 50.819405957799816], [-3.1254782123510654, 50.81708681781564], [-3.1272968857162424, 50.81691646590207], [-3.1312565476418595, 50.81783999460251]]]}}, {"type": "Feature", "properties": {"type": "postcode-cell", "postcode": "EX14 9HF", "postcodes": ["EX14 9HF"]}, "geometry": {"type": "Polygon", "coordinates": [[[-3.1292465032092998, 50.81450893970518], [-3.1272968857162424, 50.81691646590207], [-3.1254782123510654, 50.81708681781564], [-3.1232898812629837, 50.810223017178394], [-3.123427184333542, 50.810007702411916], [-3.1250152268637277, 50.809967605685344], [-3.129207970961692, 50.81318756821318], [-3.1292465032092998, 50.81450893970518]]]}}, {"type": "Feature", "properties": {"type": "postcode-cell", "postcode": "EX14 9HN", "postcodes": ["EX14 9HN"]}, "geometry": {"type": "Polygon", "coordinates": [[[-3.133539698678907, 50.82077394341367], [-3.128048321867186, 50.82156440696489], [-3.1312565476418595, 50.81783999460251], [-3.134759120752727, 50.81799180462695], [-3.133539698678907, 50.82077394341367]]]}}, {"type": "Feature", "properties": {"type": "postcode-cell", "postcode": "EX14 9QA", "postcodes": ["EX14 9QA"]}, "geometry": {"type": "Polygon", "coordinates": [[[-3.1310865705064788, 50.854898706645535], [-3.1262141718107572, 50.859332307374636], [-3.1210581957138306, 50.85623097175848], [-3.119656131047756, 50.853905719622], [-3.122496866698769, 50.85247277574925], [-3.1304198506946563, 50.85372263920773], [-3.1310865705064788, 50.854898706645535]]]}}, {"type": "Feature", "properties": {"type": "postcode-cell", "postcode": "EX14 9PZ", "postcodes": ["EX14 9PZ"]}, "geometry": {"type": "Polygon", "coordinates": [[[-3.1307588565872573, 50.842848477128534], [-3.127082928681614, 50.847573862345534], [-3.1248139075680528, 50.84808284746994], [-3.116556390800708, 50.84400275854274], [-3.1205603347233994, 50.839675491009885], [-3.123442276000507, 50.8386391797116], [-3.1307588565872573, 50.842848477128534]]]}}, {"type": "Feature", "properties": {"type": "postcode-cell", "postcode": "EX14 9QX", "postcodes": ["EX14 9QX"]}, "geometry": {"type": "Polygon", "coordinates": [[[-3.1333643326157246, 50.87374386189734], [-3.1367034019933464, 50.87664642474105], [-3.128585698881142, 50.87709242677618], [-3.1247582010862507, 50.8746816005808], [-3.1247102043059343, 50.87270762006787], [-3.1333643326157246, 50.87374386189734]]]}}, {"type": "Feature", "properties": {"type": "postcode-cell", "postcode": "EX14 9PQ", "postcodes": ["EX14 9PQ"]}, "geometry": {"type": "Polygon", "coordinates": [[[-3.1270128596051823, 50.8608158297897], [-3.123614109343861, 50.86536998636835], [-3.1173352968135375, 50.86381944729121], [-3.1163126810432265, 50.86075805565915], [-3.1210581957138306, 50.85623097175848], [-3.1262141718107572, 50.859332307374636], [-3.1270128596051823, 50.8608158297897]]]}}, {"type": "Feature", "properties": {"type": "postcode-cell", "postcode": "EX14 9PF", "postcodes": ["EX14 9PF"]}, "geometry": {"type": "Polygon", "coordinates": [[[-3.1246093918962363, 50.866963184479516], [-3.1225800547400846, 50.86960961634206], [-3.11164826475601, 50.87334875113382], [-3.1060294530850636, 50.872087700841035], [-3.1036029035277837, 50.8681966160973], [-3.1050957959907493, 50.866071113967216], [-3.1173352968135375, 50.86381944729121], [-3.123614109343861, 50.86536998636835], [-3.1246093918962363, 50.866963184479516]]]}}, {"type": "Feature", "properties": {"type": "postcode-cell", "postcode": "EX14 9NZ", "postcodes": ["EX14 9NZ"]}, "geometry": {"type": "Polygon", "coordinates": [[[-3.1269396479096416, 50.87831769240774], [-3.123430340465009, 50.879908797751284], [-3.1171378008604322, 50.87961077484803], [-3.116770391026855, 50.87850848176678], [-3.1247582010862507, 50.8746816005808], [-3.128585698881142, 50.87709242677618], [-3.1269396479096416, 50.87831769240774]]]}}, {"type": "Feature", "properties": {"type": "postcode-cell", "postcode": "EX14 9QZ", "postcodes": ["EX14 9QZ"]}, "geometry": {"type": "Polygon", "coordinates": [[[-3.1289262938924716, 50.883920448312054], [-3.123430340465009, 50.879908797751284], [-3.1269396479096416, 50.87831769240774], [-3.1310606562791308, 50.882732600535036], [-3.1289262938924716, 50.883920448312054]]]}}, {"type": "Feature", "properties": {"type": "postcode-cell", "postcode": "EX14 9HT", "postcodes": ["EX14 9HT"]}, "geometry": {"type": "Polygon", "coordinates": [[[-3.1254541302340093, 50.82499359552212], [-3.116425064026657, 50.82475755428109], [-3.1137625182197226, 50.819838239348], [-3.1166237002338044, 50.81868260056949], [-3.121091884451688, 50.819405957799816], [-3.124765402231257, 50.82295121363675], [-3.1254541302340093, 50.82499359552212]]]}}, {"type": "Feature", "properties": {"type": "postcode-cell", "postcode": "EX14 9NY", "postcodes": ["EX14 9NY"]}, "geometry": {"type": "Polygon", "coordinates": [[[-3.1247582010862507, 50.8746816005808], [-3.116770391026855, 50.87850848176678], [-3.11164826475601, 50.87334875113382], [-3.1225800547400846, 50.86960961634206], [-3.1247102043059343, 50.87270762006787], [-3.1247582010862507, 50.8746816005808]]]}}, {"type": "Feature", "properties": {"type": "postcode-cell", "postcode": "EX14 9PA", "postcodes": ["EX14 9PA"]}, "geometry": {"type": "Polygon", "coordinates": [[[-3.126663442497036, 50.88830582485898], [-3.1212042271989904, 50.88835006136582], [-3.115544873741895, 50.88292169760985], [-3.115786819115239, 50.881733387014584], [-3.1171378008604322, 50.87961077484803], [-3.123430340465009, 50.879908797751284], [-3.1289262938924716, 50.883920448312054], [-3.126663442497036, 50.88830582485898]]]}}, {"type": "Feature", "properties": {"type": "postcode-cell", "postcode": "EX14 9NH", "postcodes": ["EX14 9NH"]}, "geometry": {"type": "Polygon", "coordinates": [[[-3.122496866698769, 50.85247277574925], [-3.119656131047756, 50.853905719622], [-3.111222392963369, 50.852822318051096], [-3.108478252057926, 50.85118722624409], [-3.107625889343308, 50.84646298102803], [-3.116556390800708, 50.84400275854274], [-3.1248139075680528, 50.84808284746994], [-3.122496866698769, 50.85247277574925]]]}}, {"type": "Feature", "properties": {"type": "postcode-cell", "postcode": "EX14 9HE", "postcodes": ["EX14 9HE"]}, "geometry": {"type": "Polygon", "coordinates": [[[-3.121091884451688, 50.819405957799816], [-3.1166237002338044, 50.81868260056949], [-3.1160994191220897, 50.81512295181938], [-3.1232898812629837, 50.810223017178394], [-3.1254782123510654, 50.81708681781564], [-3.121091884451688, 50.819405957799816]]]}}, {"type": "Feature", "properties": {"type": "postcode-cell", "postcode": "EX14 9HR", "postcodes": ["EX14 9HR"]}, "geometry": {"type": "Polygon", "coordinates": [[[-3.1177946243254957, 50.83047492866961], [-3.115221869631186, 50.83028646347971], [-3.1138747247415584, 50.82900618441835], [-3.116425064026657, 50.82475755428109], [-3.1254541302340093, 50.82499359552212], [-3.126008869377976, 50.82574426293848], [-3.1177946243254957, 50.83047492866961]]]}}, {"type": "Feature", "properties": {"type": "postcode-cell", "postcode": "EX14 9HZ", "postcodes": ["EX14 9HZ"]}, "geometry": {"type": "Polygon", "coordinates": [[[-3.123442276000507, 50.8386391797116], [-3.1205603347233994, 50.839675491009885], [-3.1089852959298927, 50.83515173198279], [-3.115221869631186, 50.83028646347971], [-3.1177946243254957, 50.83047492866961], [-3.125083181290292, 50.83601157042263], [-3.123442276000507, 50.8386391797116]]]}}, {"type": "Feature", "properties": {"type": "postcode-cell", "postcode": "TA20 3QW", "postcodes": ["TA20 3QW"]}, "geometry": {"type": "Polygon", "coordinates": [[[-3.0760841938472328, 50.89838080124651], [-3.076294408232119, 50.89813030850907], [-3.077402545528091, 50.89750975696833], [-3.083444408839334, 50.89723692562657], [-3.0963396755865618, 50.9048681927103], [-3.0954499893888205, 50.90492999489273], [-3.089849989384799, 50.90610999489374], [-3.087889989383525, 50.90624999489389], [-3.080549989379412, 50.905429994893346], [-3.0780899893779012, 50.90542999489339], [-3.0750568243149314, 50.9059402328065], [-3.0760841938472328, 50.89838080124651]]]}}, {"type": "Feature", "properties": {"type": "postcode-cell", "postcode": "TA3 7PN", "postcodes": ["TA3 7PN"]}, "geometry": {"type": "Polygon", "coordinates": [[[-3.1279566753868924, 50.88892607300487], [-3.13014267314731, 50.89564214927802], [-3.1186643908998537, 50.89710113766149], [-3.1138844579800575, 50.893637508909656], [-3.1212042271989904, 50.88835006136582], [-3.126663442497036, 50.88830582485898], [-3.1279566753868924, 50.88892607300487]]]}}, {"type": "Feature", "properties": {"type": "postcode-cell", "postcode": "EX14 9PE", "postcodes": ["EX14 9PE"]}, "geometry": {"type": "Polygon", "coordinates": [[[-3.116770391026855, 50.87850848176678], [-3.1171378008604322, 50.87961077484803], [-3.115786819115239, 50.881733387014584], [-3.0993125432144892, 50.87849683872469], [-3.1060294530850636, 50.872087700841035], [-3.11164826475601, 50.87334875113382], [-3.116770391026855, 50.87850848176678]]]}}, {"type": "Feature", "properties": {"type": "postcode-cell", "postcode": "EX14 9LA", "postcodes": ["EX14 9LA"]}, "geometry": {"type": "Polygon", "coordinates": [[[-3.123427184333542, 50.810007702411916], [-3.1232898812629837, 50.810223017178394], [-3.1160994191220897, 50.81512295181938], [-3.108916726626221, 50.81090069430704], [-3.1119815439261242, 50.80775748676948], [-3.118467368420093, 50.80629212974116], [-3.123427184333542, 50.810007702411916]]]}}, {"type": "Feature", "properties": {"type": "postcode-cell", "postcode": "EX14 9PB", "postcodes": ["EX14 9PB"]}, "geometry": {"type": "Polygon", "coordinates": [[[-3.1212042271989904, 50.88835006136582], [-3.1138844579800575, 50.893637508909656], [-3.1070372199026504, 50.89380372671256], [-3.0999552249937747, 50.88837768187685], [-3.1006137119126285, 50.887202288079344], [-3.115544873741895, 50.88292169760985], [-3.1212042271989904, 50.88835006136582]]]}}, {"type": "Feature", "properties": {"type": "postcode-cell", "postcode": "TA3 7RP", "postcodes": ["TA3 7RP"]}, "geometry": {"type": "Polygon", "coordinates": [[[-3.1186643908998537, 50.89710113766149], [-3.11907775687757, 50.89911058499608], [-3.118289989405606, 50.89935999488804], [-3.1158699894034125, 50.900799994889205], [-3.112049989400279, 50.90239999489054], [-3.1105699893992345, 50.90266999489075], [-3.1095899893987426, 50.902439994890585], [-3.106999989396947, 50.90284999489094], [-3.1035699893942215, 50.90410999489199], [-3.101469989392946, 50.90406999489198], [-3.1006918199587497, 50.904296803783396], [-3.1070372199026504, 50.89380372671256], [-3.1138844579800575, 50.893637508909656], [-3.1186643908998537, 50.89710113766149]]]}}, {"type": "Feature", "properties": {"type": "postcode-cell", "postcode": "EX14 9NQ", "postcodes": ["EX14 9NQ"]}, "geometry": {"type": "Polygon", "coordinates": [[[-3.1163126810432265, 50.86075805565915], [-3.110798657139916, 50.85798183813196], [-3.111222392963369, 50.852822318051096], [-3.119656131047756, 50.853905719622], [-3.1210581957138306, 50.85623097175848], [-3.1163126810432265, 50.86075805565915]]]}}, {"type": "Feature", "properties": {"type": "postcode-cell", "postcode": "EX14 9HS", "postcodes": ["EX14 9HS"]}, "geometry": {"type": "Polygon", "coordinates": [[[-3.116425064026657, 50.82475755428109], [-3.1138747247415584, 50.82900618441835], [-3.110806865630997, 50.827623394618875], [-3.113337863109096, 50.81990713948401], [-3.1137625182197226, 50.819838239348], [-3.116425064026657, 50.82475755428109]]]}}, {"type": "Feature", "properties": {"type": "postcode-cell", "postcode": "EX14 9JD", "postcodes": ["EX14 9JD"]}, "geometry": {"type": "Polygon", "coordinates": [[[-3.1160994191220897, 50.81512295181938], [-3.1166237002338044, 50.81868260056949], [-3.1137625182197226, 50.819838239348], [-3.113337863109096, 50.81990713948401], [-3.1032856068377854, 50.8197609300599], [-3.099828790851368, 50.815572123524156], [-3.099580115559389, 50.81413665022106], [-3.0997600978793654, 50.813824267999046], [-3.1012342523078678, 50.812723135992655], [-3.108916726626221, 50.81090069430704], [-3.1160994191220897, 50.81512295181938]]]}}, {"type": "Feature", "properties": {"type": "postcode-cell", "postcode": "EX14 9JB", "postcodes": ["EX14 9JB"]}, "geometry": {"type": "Polygon", "coordinates": [[[-3.115221869631186, 50.83028646347971], [-3.1089852959298927, 50.83515173198279], [-3.1079002873751187, 50.83537709877271], [-3.104242561271842, 50.832943575798275], [-3.1032073087265064, 50.83017129219768], [-3.105837461592659, 50.82689778372007], [-3.110806865630997, 50.827623394618875], [-3.1138747247415584, 50.82900618441835], [-3.115221869631186, 50.83028646347971]]]}}, {"type": "Feature", "properties": {"type": "postcode-cell", "postcode": "EX14 9JA", "postcodes": ["EX14 9JA"]}, "geometry": {"type": "Polygon", "coordinates": [[[-3.116556390800708, 50.84400275854274], [-3.107625889343308, 50.84646298102803], [-3.104420505331266, 50.84475742751664], [-3.102565558900682, 50.84104995463219], [-3.1079002873751187, 50.83537709877271], [-3.1089852959298927, 50.83515173198279], [-3.1205603347233994, 50.839675491009885], [-3.116556390800708, 50.84400275854274]]]}}, {"type": "Feature", "properties": {"type": "postcode-cell", "postcode": "EX14 9NE", "postcodes": ["EX14 9NE"]}, "geometry": {"type": "Polygon", "coordinates": [[[-3.1173352968135375, 50.86381944729121], [-3.1050957959907493, 50.866071113967216], [-3.1044758872768132, 50.86313762644378], [-3.110798657139916, 50.85798183813196], [-3.1163126810432265, 50.86075805565915], [-3.1173352968135375, 50.86381944729121]]]}}, {"type": "Feature", "properties": {"type": "postcode-cell", "postcode": "EX14 9EA", "postcodes": ["EX14 9EA"]}, "geometry": {"type": "Polygon", "coordinates": [[[-3.110798657139916, 50.85798183813196], [-3.1044758872768132, 50.86313762644378], [-3.0987108004957817, 50.8583061131696], [-3.1000510734492748, 50.85492643983101], [-3.108478252057926, 50.85118722624409], [-3.111222392963369, 50.852822318051096], [-3.110798657139916, 50.85798183813196]]]}}, {"type": "Feature", "properties": {"type": "postcode-cell", "postcode": "EX13 7HH", "postcodes": ["EX13 7HH"]}, "geometry": {"type": "Polygon", "coordinates": [[[-3.06594298344056, 50.81066444062526], [-3.060725404187473, 50.81356656077283], [-3.0551146805238227, 50.80648147236799], [-3.059649989415451, 50.80572999481538], [-3.06549470288672, 50.80378474634476], [-3.06594298344056, 50.81066444062526]]]}}, {"type": "Feature", "properties": {"type": "postcode-cell", "postcode": "EX14 9LF", "postcodes": ["EX14 9LF"]}, "geometry": {"type": "Polygon", "coordinates": [[[-3.110806865630997, 50.827623394618875], [-3.105837461592659, 50.82689778372007], [-3.1022199875165497, 50.82333556402928], [-3.101751663060597, 50.82267784859496], [-3.1032856068377854, 50.8197609300599], [-3.113337863109096, 50.81990713948401], [-3.110806865630997, 50.827623394618875]]]}}, {"type": "Feature", "properties": {"type": "postcode-cell", "postcode": "EX14 9PD", "postcodes": ["EX14 9PD"]}, "geometry": {"type": "Polygon", "coordinates": [[[-3.0993125432144892, 50.87849683872469], [-3.115786819115239, 50.881733387014584], [-3.115544873741895, 50.88292169760985], [-3.1006137119126285, 50.887202288079344], [-3.0989334081678255, 50.87873463481468], [-3.0993125432144892, 50.87849683872469]]]}}, {"type": "Feature", "properties": {"type": "postcode-cell", "postcode": "EX14 9ND", "postcodes": ["EX14 9ND"]}, "geometry": {"type": "Polygon", "coordinates": [[[-3.0989334081678255, 50.87873463481468], [-3.090395841664081, 50.877578074115426], [-3.08908857997108, 50.87721737577933], [-3.0881877627513608, 50.87256503334573], [-3.0936960683512718, 50.86764631305897], [-3.1036029035277837, 50.8681966160973], [-3.1060294530850636, 50.872087700841035], [-3.0993125432144892, 50.87849683872469], [-3.0989334081678255, 50.87873463481468]]]}}, {"type": "Feature", "properties": {"type": "postcode-cell", "postcode": "EX14 9EP", "postcodes": ["EX14 9EP"]}, "geometry": {"type": "Polygon", "coordinates": [[[-3.1012342523078678, 50.812723135992655], [-3.0994251592882915, 50.80241690499471], [-3.1011199894421537, 50.80291999481254], [-3.1050582129525006, 50.80268990513849], [-3.1119815439261242, 50.80775748676948], [-3.108916726626221, 50.81090069430704], [-3.1012342523078678, 50.812723135992655]]]}}, {"type": "Feature", "properties": {"type": "postcode-cell", "postcode": "EX14 9LQ", "postcodes": ["EX14 9LQ"]}, "geometry": {"type": "Polygon", "coordinates": [[[-3.1022199875165497, 50.82333556402928], [-3.0986735382856585, 50.828797544764676], [-3.09660601759338, 50.82880796086831], [-3.0950226166107377, 50.828427161441795], [-3.094630106574596, 50.82660799368098], [-3.097872585842678, 50.82371327293417], [-3.101751663060597, 50.82267784859496], [-3.1022199875165497, 50.82333556402928]]]}}, {"type": "Feature", "properties": {"type": "postcode-cell", "postcode": "EX14 9EB", "postcodes": ["EX14 9EB"]}, "geometry": {"type": "Polygon", "coordinates": [[[-3.1050957959907493, 50.866071113967216], [-3.1036029035277837, 50.8681966160973], [-3.0936960683512718, 50.86764631305897], [-3.088829748206257, 50.864384944711816], [-3.090113514204478, 50.85998235911925], [-3.0987108004957817, 50.8583061131696], [-3.1044758872768132, 50.86313762644378], [-3.1050957959907493, 50.866071113967216]]]}}, {"type": "Feature", "properties": {"type": "postcode-cell", "postcode": "EX14 9DY", "postcodes": ["EX14 9DY"]}, "geometry": {"type": "Polygon", "coordinates": [[[-3.108478252057926, 50.85118722624409], [-3.1000510734492748, 50.85492643983101], [-3.0851649328105015, 50.84953119587776], [-3.0851509876013234, 50.849469822627555], [-3.104420505331266, 50.84475742751664], [-3.107625889343308, 50.84646298102803], [-3.108478252057926, 50.85118722624409]]]}}, {"type": "Feature", "properties": {"type": "postcode-cell", "postcode": "EX14 9BY", "postcodes": ["EX14 9BY"]}, "geometry": {"type": "Polygon", "coordinates": [[[-3.1079002873751187, 50.83537709877271], [-3.102565558900682, 50.84104995463219], [-3.094206581692705, 50.83834110781719], [-3.095578207671106, 50.83355176419519], [-3.0955986367499766, 50.83354523955609], [-3.104242561271842, 50.832943575798275], [-3.1079002873751187, 50.83537709877271]]]}}, {"type": "Feature", "properties": {"type": "postcode-cell", "postcode": "EX14 9LZ", "postcodes": ["EX14 9LZ"]}, "geometry": {"type": "Polygon", "coordinates": [[[-3.1070372199026504, 50.89380372671256], [-3.1006918199587497, 50.904296803783396], [-3.0994799893914378, 50.90464999489247], [-3.0963396755865618, 50.9048681927103], [-3.083444408839334, 50.89723692562657], [-3.0910577005826667, 50.889775273275774], [-3.0913102720697663, 50.88969254392602], [-3.0999552249937747, 50.88837768187685], [-3.1070372199026504, 50.89380372671256]]]}}, {"type": "Feature", "properties": {"type": "postcode-cell", "postcode": "EX14 9EW", "postcodes": ["EX14 9EW"]}, "geometry": {"type": "Polygon", "coordinates": [[[-3.1012342523078678, 50.812723135992655], [-3.0997600978793654, 50.813824267999046], [-3.089860445218054, 50.80728847798075], [-3.0899663288364025, 50.80089948341196], [-3.093439989438574, 50.80063999481088], [-3.0994251592882915, 50.80241690499471], [-3.1012342523078678, 50.812723135992655]]]}}, {"type": "Feature", "properties": {"type": "postcode-cell", "postcode": "EX14 9LG", "postcodes": ["EX14 9LG"]}, "geometry": {"type": "Polygon", "coordinates": [[[-3.105837461592659, 50.82689778372007], [-3.1032073087265064, 50.83017129219768], [-3.1015839881368805, 50.830005825786984], [-3.0986735382856585, 50.828797544764676], [-3.1022199875165497, 50.82333556402928], [-3.105837461592659, 50.82689778372007]]]}}, {"type": "Feature", "properties": {"type": "postcode-cell", "postcode": "EX14 9DQ", "postcodes": ["EX14 9DQ"]}, "geometry": {"type": "Polygon", "coordinates": [[[-3.101751663060597, 50.82267784859496], [-3.097872585842678, 50.82371327293417], [-3.092299720733286, 50.82268159426926], [-3.091440240331813, 50.82222924054], [-3.0897698783774405, 50.81971986791961], [-3.099828790851368, 50.815572123524156], [-3.1032856068377854, 50.8197609300599], [-3.101751663060597, 50.82267784859496]]]}}, {"type": "Feature", "properties": {"type": "postcode-cell", "postcode": "EX14 9BZ", "postcodes": ["EX14 9BZ"]}, "geometry": {"type": "Polygon", "coordinates": [[[-3.0978853592336195, 50.831144442228634], [-3.1015839881368805, 50.830005825786984], [-3.1032073087265064, 50.83017129219768], [-3.104242561271842, 50.832943575798275], [-3.0955986367499766, 50.83354523955609], [-3.0978853592336195, 50.831144442228634]]]}}, {"type": "Feature", "properties": {"type": "postcode-cell", "postcode": "EX14 9LH", "postcodes": ["EX14 9LH"]}, "geometry": {"type": "Polygon", "coordinates": [[[-3.0955986367499766, 50.83354523955609], [-3.095578207671106, 50.83355176419519], [-3.0935294820657813, 50.832118008433255], [-3.09312338587493, 50.830044287622115], [-3.0950226166107377, 50.828427161441795], [-3.09660601759338, 50.82880796086831], [-3.0978853592336195, 50.831144442228634], [-3.0955986367499766, 50.83354523955609]]]}}, {"type": "Feature", "properties": {"type": "postcode-cell", "postcode": "EX14 9DX", "postcodes": ["EX14 9DX"]}, "geometry": {"type": "Polygon", "coordinates": [[[-3.104420505331266, 50.84475742751664], [-3.0851509876013234, 50.849469822627555], [-3.081977453305524, 50.84682156035776], [-3.081732796693331, 50.8450212359142], [-3.0930899102823086, 50.8384631598699], [-3.094206581692705, 50.83834110781719], [-3.102565558900682, 50.84104995463219], [-3.104420505331266, 50.84475742751664]]]}}, {"type": "Feature", "properties": {"type": "postcode-cell", "postcode": "EX14 9DA", "postcodes": ["EX14 9DA"]}, "geometry": {"type": "Polygon", "coordinates": [[[-3.0978853592336195, 50.831144442228634], [-3.09660601759338, 50.82880796086831], [-3.0986735382856585, 50.828797544764676], [-3.1015839881368805, 50.830005825786984], [-3.0978853592336195, 50.831144442228634]]]}}, {"type": "Feature", "properties": {"type": "postcode-cell", "postcode": "EX14 9BX", "postcodes": ["EX14 9BX"]}, "geometry": {"type": "Polygon", "coordinates": [[[-3.094206581692705, 50.83834110781719], [-3.0930899102823086, 50.8384631598699], [-3.0826940001877077, 50.83315324866035], [-3.082679632219335, 50.83308443010294], [-3.0935294820657813, 50.832118008433255], [-3.095578207671106, 50.83355176419519], [-3.094206581692705, 50.83834110781719]]]}}, {"type": "Feature", "properties": {"type": "postcode-cell", "postcode": "EX14 9DG", "postcodes": ["EX14 9DG"]}, "geometry": {"type": "Polygon", "coordinates": [[[-3.094630106574596, 50.82660799368098], [-3.0913353274084527, 50.82639432873987], [-3.0899168182779597, 50.82555718226394], [-3.092299720733286, 50.82268159426926], [-3.097872585842678, 50.82371327293417], [-3.094630106574596, 50.82660799368098]]]}}, {"type": "Feature", "properties": {"type": "postcode-cell", "postcode": "EX13 7HL", "postcodes": ["EX13 7HL"]}, "geometry": {"type": "Polygon", "coordinates": [[[-3.081479382204566, 50.8111608490205], [-3.0763546106611828, 50.80873814409644], [-3.078144245181726, 50.79972700339737], [-3.0792099894303897, 50.799599994810286], [-3.0863299894344833, 50.800119994810586], [-3.0876419249193474, 50.800487881571165], [-3.081479382204566, 50.8111608490205]]]}}, {"type": "Feature", "properties": {"type": "postcode-cell", "postcode": "EX14 9LY", "postcodes": ["EX14 9LY"]}, "geometry": {"type": "Polygon", "coordinates": [[[-3.0999552249937747, 50.88837768187685], [-3.0913102720697663, 50.88969254392602], [-3.08939292587424, 50.8847442994876], [-3.090395841664081, 50.877578074115426], [-3.0989334081678255, 50.87873463481468], [-3.1006137119126285, 50.887202288079344], [-3.0999552249937747, 50.88837768187685]]]}}, {"type": "Feature", "properties": {"type": "postcode-cell", "postcode": "EX14 9DZ", "postcodes": ["EX14 9DZ"]}, "geometry": {"type": "Polygon", "coordinates": [[[-3.0987108004957817, 50.8583061131696], [-3.090113514204478, 50.85998235911925], [-3.083130007060304, 50.8546386980025], [-3.0851649328105015, 50.84953119587776], [-3.1000510734492748, 50.85492643983101], [-3.0987108004957817, 50.8583061131696]]]}}, {"type": "Feature", "properties": {"type": "postcode-cell", "postcode": "EX14 9NA", "postcodes": ["EX14 9NA"]}, "geometry": {"type": "Polygon", "coordinates": [[[-3.0910577005826667, 50.889775273275774], [-3.0803710074277437, 50.885202023917344], [-3.0799075756043774, 50.88174895836859], [-3.08326283969858, 50.880303697034414], [-3.08939292587424, 50.8847442994876], [-3.0913102720697663, 50.88969254392602], [-3.0910577005826667, 50.889775273275774]]]}}, {"type": "Feature", "properties": {"type": "postcode-cell", "postcode": "EX14 9EL", "postcodes": ["EX14 9EL"]}, "geometry": {"type": "Polygon", "coordinates": [[[-3.099828790851368, 50.815572123524156], [-3.0897698783774405, 50.81971986791961], [-3.087634085153304, 50.81947964633999], [-3.0883549727515662, 50.81383886346087], [-3.099580115559389, 50.81413665022106], [-3.099828790851368, 50.815572123524156]]]}}, {"type": "Feature", "properties": {"type": "postcode-cell", "postcode": "EX14 9EN", "postcodes": ["EX14 9EN"]}, "geometry": {"type": "Polygon", "coordinates": [[[-3.099580115559389, 50.81413665022106], [-3.0883549727515662, 50.81383886346087], [-3.083281378098753, 50.81245684010356], [-3.0831403085567715, 50.812118741235125], [-3.089860445218054, 50.80728847798075], [-3.0997600978793654, 50.813824267999046], [-3.099580115559389, 50.81413665022106]]]}}, {"type": "Feature", "properties": {"type": "postcode-cell", "postcode": "EX14 9DB", "postcodes": ["EX14 9DB"]}, "geometry": {"type": "Polygon", "coordinates": [[[-3.0950226166107377, 50.828427161441795], [-3.09312338587493, 50.830044287622115], [-3.088542553878544, 50.82907653446086], [-3.0913353274084527, 50.82639432873987], [-3.094630106574596, 50.82660799368098], [-3.0950226166107377, 50.828427161441795]]]}}, {"type": "Feature", "properties": {"type": "postcode-cell", "postcode": "EX14 9NB", "postcodes": ["EX14 9NB"]}, "geometry": {"type": "Polygon", "coordinates": [[[-3.090395841664081, 50.877578074115426], [-3.08939292587424, 50.8847442994876], [-3.08326283969858, 50.880303697034414], [-3.0873124705700064, 50.87770501087], [-3.08908857997108, 50.87721737577933], [-3.090395841664081, 50.877578074115426]]]}}, {"type": "Feature", "properties": {"type": "postcode-cell", "postcode": "EX14 9LT", "postcodes": ["EX14 9LT"]}, "geometry": {"type": "Polygon", "coordinates": [[[-3.0936960683512718, 50.86764631305897], [-3.0881877627513608, 50.87256503334573], [-3.0830155528613736, 50.871261691482175], [-3.082172710199253, 50.86962519668187], [-3.083878554844084, 50.865914827356704], [-3.084588373277256, 50.864858642607594], [-3.088829748206257, 50.864384944711816], [-3.0936960683512718, 50.86764631305897]]]}}, {"type": "Feature", "properties": {"type": "postcode-cell", "postcode": "EX14 9LW", "postcodes": ["EX14 9LW"]}, "geometry": {"type": "Polygon", "coordinates": [[[-3.0851649328105015, 50.84953119587776], [-3.083130007060304, 50.8546386980025], [-3.083106885565189, 50.85464942452919], [-3.0702937811151023, 50.855332935014445], [-3.0645496751299808, 50.850007874359754], [-3.081977453305524, 50.84682156035776], [-3.0851509876013234, 50.849469822627555], [-3.0851649328105015, 50.84953119587776]]]}}, {"type": "Feature", "properties": {"type": "postcode-cell", "postcode": "EX14 9DJ", "postcodes": ["EX14 9DJ"]}, "geometry": {"type": "Polygon", "coordinates": [[[-3.092299720733286, 50.82268159426926], [-3.0899168182779597, 50.82555718226394], [-3.0887210478356546, 50.82539759899847], [-3.0879006440281587, 50.82490769738211], [-3.088963925259965, 50.823184438606546], [-3.091440240331813, 50.82222924054], [-3.092299720733286, 50.82268159426926]]]}}, {"type": "Feature", "properties": {"type": "postcode-cell", "postcode": "EX14 9BU", "postcodes": ["EX14 9BU"]}, "geometry": {"type": "Polygon", "coordinates": [[[-3.0935294820657813, 50.832118008433255], [-3.082679632219335, 50.83308443010294], [-3.0826352797085868, 50.83302123750608], [-3.0882358298976467, 50.82911427884105], [-3.088542553878544, 50.82907653446086], [-3.09312338587493, 50.830044287622115], [-3.0935294820657813, 50.832118008433255]]]}}, {"type": "Feature", "properties": {"type": "postcode-cell", "postcode": "EX13 7HN", "postcodes": ["EX13 7HN"]}, "geometry": {"type": "Polygon", "coordinates": [[[-3.089860445218054, 50.80728847798075], [-3.0831403085567715, 50.812118741235125], [-3.081479382204566, 50.8111608490205], [-3.0876419249193474, 50.800487881571165], [-3.0892899894358847, 50.8009499948112], [-3.0899663288364025, 50.80089948341196], [-3.089860445218054, 50.80728847798075]]]}}, {"type": "Feature", "properties": {"type": "postcode-cell", "postcode": "EX14 9DU", "postcodes": ["EX14 9DU"]}, "geometry": {"type": "Polygon", "coordinates": [[[-3.0930899102823086, 50.8384631598699], [-3.081732796693331, 50.8450212359142], [-3.0798187453152717, 50.843247204877954], [-3.0795280371912312, 50.84146643988907], [-3.081380055742379, 50.83505008252599], [-3.0826940001877077, 50.83315324866035], [-3.0930899102823086, 50.8384631598699]]]}}, {"type": "Feature", "properties": {"type": "postcode-cell", "postcode": "EX14 9DD", "postcodes": ["EX14 9DD"]}, "geometry": {"type": "Polygon", "coordinates": [[[-3.0913353274084527, 50.82639432873987], [-3.088542553878544, 50.82907653446086], [-3.0882358298976467, 50.82911427884105], [-3.086843668639763, 50.82743945014417], [-3.0887210478356546, 50.82539759899847], [-3.0899168182779597, 50.82555718226394], [-3.0913353274084527, 50.82639432873987]]]}}, {"type": "Feature", "properties": {"type": "postcode-cell", "postcode": "EX14 9DE", "postcodes": ["EX14 9DE"]}, "geometry": {"type": "Polygon", "coordinates": [[[-3.0882358298976467, 50.82911427884105], [-3.0826352797085868, 50.83302123750608], [-3.0788072543125087, 50.830843747700214], [-3.078620182892749, 50.830276659410465], [-3.0830705941369376, 50.826397914731004], [-3.086843668639763, 50.82743945014417], [-3.0882358298976467, 50.82911427884105]]]}}, {"type": "Feature", "properties": {"type": "postcode-cell", "postcode": "EX14 9DH", "postcodes": ["EX14 9DH"]}, "geometry": {"type": "Polygon", "coordinates": [[[-3.0897698783774405, 50.81971986791961], [-3.091440240331813, 50.82222924054], [-3.088963925259965, 50.823184438606546], [-3.0836575995736326, 50.82176703626589], [-3.0850780552902473, 50.81984847748154], [-3.087634085153304, 50.81947964633999], [-3.0897698783774405, 50.81971986791961]]]}}, {"type": "Feature", "properties": {"type": "postcode-cell", "postcode": "EX14 9BR", "postcodes": ["EX14 9BR"]}, "geometry": {"type": "Polygon", "coordinates": [[[-3.0826940001877077, 50.83315324866035], [-3.081380055742379, 50.83505008252599], [-3.075703693092163, 50.835966007730505], [-3.0752682083297342, 50.83588251394692], [-3.0732541060582648, 50.8347700469188], [-3.0724839281452523, 50.83377162800858], [-3.0737434623196935, 50.83242662125031], [-3.0788072543125087, 50.830843747700214], [-3.0826352797085868, 50.83302123750608], [-3.082679632219335, 50.83308443010294], [-3.0826940001877077, 50.83315324866035]]]}}, {"type": "Feature", "properties": {"type": "postcode-cell", "postcode": "EX14 9DF", "postcodes": ["EX14 9DF"]}, "geometry": {"type": "Polygon", "coordinates": [[[-3.086843668639763, 50.82743945014417], [-3.0830705941369376, 50.826397914731004], [-3.0834177863444894, 50.82425557261137], [-3.0879006440281587, 50.82490769738211], [-3.0887210478356546, 50.82539759899847], [-3.086843668639763, 50.82743945014417]]]}}, {"type": "Feature", "properties": {"type": "postcode-cell", "postcode": "EX14 9EJ", "postcodes": ["EX14 9EJ"]}, "geometry": {"type": "Polygon", "coordinates": [[[-3.087634085153304, 50.81947964633999], [-3.0850780552902473, 50.81984847748154], [-3.080864833286977, 50.816594248985346], [-3.081030655013453, 50.81508277485604], [-3.083281378098753, 50.81245684010356], [-3.0883549727515662, 50.81383886346087], [-3.087634085153304, 50.81947964633999]]]}}, {"type": "Feature", "properties": {"type": "postcode-cell", "postcode": "EX14 9DL", "postcodes": ["EX14 9DL"]}, "geometry": {"type": "Polygon", "coordinates": [[[-3.0879006440281587, 50.82490769738211], [-3.0834177863444894, 50.82425557261137], [-3.082394421174177, 50.822858616192484], [-3.0836575995736326, 50.82176703626589], [-3.088963925259965, 50.823184438606546], [-3.0879006440281587, 50.82490769738211]]]}}, {"type": "Feature", "properties": {"type": "postcode-cell", "postcode": "EX14 9EH", "postcodes": ["EX14 9EH"]}, "geometry": {"type": "Polygon", "coordinates": [[[-3.0836575995736326, 50.82176703626589], [-3.082394421174177, 50.822858616192484], [-3.0764447392412886, 50.82275527135892], [-3.075927042403059, 50.81898539967846], [-3.080864833286977, 50.816594248985346], [-3.0850780552902473, 50.81984847748154], [-3.0836575995736326, 50.82176703626589]]]}}, {"type": "Feature", "properties": {"type": "postcode-cell", "postcode": "EX14 9LU", "postcodes": ["EX14 9LU"]}, "geometry": {"type": "Polygon", "coordinates": [[[-3.08908857997108, 50.87721737577933], [-3.0873124705700064, 50.87770501087], [-3.0762680163516585, 50.874242893922535], [-3.076077303566437, 50.873594829746665], [-3.0830155528613736, 50.871261691482175], [-3.0881877627513608, 50.87256503334573], [-3.08908857997108, 50.87721737577933]]]}}, {"type": "Feature", "properties": {"type": "postcode-cell", "postcode": "EX14 9BJ", "postcodes": ["EX14 9BJ"]}, "geometry": {"type": "Polygon", "coordinates": [[[-3.088829748206257, 50.864384944711816], [-3.084588373277256, 50.864858642607594], [-3.0823639974355883, 50.864351059074465], [-3.077642985897385, 50.86033833146479], [-3.083106885565189, 50.85464942452919], [-3.083130007060304, 50.8546386980025], [-3.090113514204478, 50.85998235911925], [-3.088829748206257, 50.864384944711816]]]}}, {"type": "Feature", "properties": {"type": "postcode-cell", "postcode": "EX14 9ES", "postcodes": ["EX14 9ES"]}, "geometry": {"type": "Polygon", "coordinates": [[[-3.0831403085567715, 50.812118741235125], [-3.083281378098753, 50.81245684010356], [-3.081030655013453, 50.81508277485604], [-3.0744799248116887, 50.814648026780446], [-3.0715991116358263, 50.81028598625517], [-3.0763546106611828, 50.80873814409644], [-3.081479382204566, 50.8111608490205], [-3.0831403085567715, 50.812118741235125]]]}}, {"type": "Feature", "properties": {"type": "postcode-cell", "postcode": "EX14 9DN", "postcodes": ["EX14 9DN"]}, "geometry": {"type": "Polygon", "coordinates": [[[-3.0834177863444894, 50.82425557261137], [-3.0830705941369376, 50.826397914731004], [-3.078620182892749, 50.830276659410465], [-3.072161876756062, 50.825201253195864], [-3.0721620226183823, 50.825195584164646], [-3.0764447392412886, 50.82275527135892], [-3.082394421174177, 50.822858616192484], [-3.0834177863444894, 50.82425557261137]]]}}, {"type": "Feature", "properties": {"type": "postcode-cell", "postcode": "EX14 9AW", "postcodes": ["EX14 9AW"]}, "geometry": {"type": "Polygon", "coordinates": [[[-3.0910577005826667, 50.889775273275774], [-3.083444408839334, 50.89723692562657], [-3.077402545528091, 50.89750975696833], [-3.071853069166259, 50.89007245915503], [-3.072027365641197, 50.889260388226454], [-3.0803710074277437, 50.885202023917344], [-3.0910577005826667, 50.889775273275774]]]}}, {"type": "Feature", "properties": {"type": "postcode-cell", "postcode": "EX13 7HJ", "postcodes": ["EX13 7HJ"]}, "geometry": {"type": "Polygon", "coordinates": [[[-3.0763546106611828, 50.80873814409644], [-3.0715991116358263, 50.81028598625517], [-3.06594298344056, 50.81066444062526], [-3.06549470288672, 50.80378474634476], [-3.066229989420538, 50.80353999481357], [-3.066269989420711, 50.80323999481335], [-3.06716998942148, 50.802789994812976], [-3.0671999894213458, 50.803099994813216], [-3.0689299894229416, 50.80199999481233], [-3.072649989425828, 50.80073999481131], [-3.07492998942753, 50.800109994810754], [-3.078144245181726, 50.79972700339737], [-3.0763546106611828, 50.80873814409644]]]}}, {"type": "Feature", "properties": {"type": "postcode-cell", "postcode": "EX14 9LJ", "postcodes": ["EX14 9LJ"]}, "geometry": {"type": "Polygon", "coordinates": [[[-3.081977453305524, 50.84682156035776], [-3.0645496751299808, 50.850007874359754], [-3.061054304700017, 50.84944924870951], [-3.072136944411095, 50.84184564726867], [-3.0798187453152717, 50.843247204877954], [-3.081732796693331, 50.8450212359142], [-3.081977453305524, 50.84682156035776]]]}}, {"type": "Feature", "properties": {"type": "postcode-cell", "postcode": "EX14 9LR", "postcodes": ["EX14 9LR"]}, "geometry": {"type": "Polygon", "coordinates": [[[-3.083878554844084, 50.865914827356704], [-3.077478694557371, 50.868577730371086], [-3.0760995022780087, 50.86654192552645], [-3.0763262856581486, 50.8661224309295], [-3.0823639974355883, 50.864351059074465], [-3.084588373277256, 50.864858642607594], [-3.083878554844084, 50.865914827356704]]]}}, {"type": "Feature", "properties": {"type": "postcode-cell", "postcode": "EX14 9LX", "postcodes": ["EX14 9LX"]}, "geometry": {"type": "Polygon", "coordinates": [[[-3.08326283969858, 50.880303697034414], [-3.0799075756043774, 50.88174895836859], [-3.076262866807542, 50.88061558624378], [-3.0751089963871747, 50.876323349663664], [-3.0762680163516585, 50.874242893922535], [-3.0873124705700064, 50.87770501087], [-3.08326283969858, 50.880303697034414]]]}}, {"type": "Feature", "properties": {"type": "postcode-cell", "postcode": "EX14 9LS", "postcodes": ["EX14 9LS"]}, "geometry": {"type": "Polygon", "coordinates": [[[-3.082172710199253, 50.86962519668187], [-3.07749226291231, 50.86862008909705], [-3.077478694557371, 50.868577730371086], [-3.083878554844084, 50.865914827356704], [-3.082172710199253, 50.86962519668187]]]}}, {"type": "Feature", "properties": {"type": "postcode-cell", "postcode": "EX14 9AQ", "postcodes": ["EX14 9AQ"]}, "geometry": {"type": "Polygon", "coordinates": [[[-3.071853069166259, 50.89007245915503], [-3.0661466866954865, 50.89063188374468], [-3.0627481404880337, 50.88927035004988], [-3.058767946526114, 50.88642851412829], [-3.070263207296666, 50.8873146423338], [-3.072027365641197, 50.889260388226454], [-3.071853069166259, 50.89007245915503]]]}}, {"type": "Feature", "properties": {"type": "postcode-cell", "postcode": "EX14 9ER", "postcodes": ["EX14 9ER"]}, "geometry": {"type": "Polygon", "coordinates": [[[-3.075927042403059, 50.81898539967846], [-3.0721934163588043, 50.81774823879361], [-3.0713947737462033, 50.81714415619185], [-3.0744799248116887, 50.814648026780446], [-3.081030655013453, 50.81508277485604], [-3.080864833286977, 50.816594248985346], [-3.075927042403059, 50.81898539967846]]]}}, {"type": "Feature", "properties": {"type": "postcode-cell", "postcode": "EX14 9LP", "postcodes": ["EX14 9LP"]}, "geometry": {"type": "Polygon", "coordinates": [[[-3.0830155528613736, 50.871261691482175], [-3.076077303566437, 50.873594829746665], [-3.0749034644896893, 50.87284540156136], [-3.075502682956485, 50.87101843792483], [-3.075955136817077, 50.87029075461388], [-3.07749226291231, 50.86862008909705], [-3.082172710199253, 50.86962519668187], [-3.0830155528613736, 50.871261691482175]]]}}, {"type": "Feature", "properties": {"type": "postcode-cell", "postcode": "EX14 9BE", "postcodes": ["EX14 9BE"]}, "geometry": {"type": "Polygon", "coordinates": [[[-3.0763262856581486, 50.8661224309295], [-3.071119526012885, 50.861645812158464], [-3.0712957613738925, 50.861410731829984], [-3.077642985897385, 50.86033833146479], [-3.0823639974355883, 50.864351059074465], [-3.0763262856581486, 50.8661224309295]]]}}, {"type": "Feature", "properties": {"type": "postcode-cell", "postcode": "EX14 9BN", "postcodes": ["EX14 9BN"]}, "geometry": {"type": "Polygon", "coordinates": [[[-3.0749034644896893, 50.87284540156136], [-3.0645733436744087, 50.87130965714948], [-3.0670808166629113, 50.86962197187521], [-3.0702383139962643, 50.86767575854865], [-3.0716296955769438, 50.867643152000454], [-3.075502682956485, 50.87101843792483], [-3.0749034644896893, 50.87284540156136]]]}}, {"type": "Feature", "properties": {"type": "postcode-cell", "postcode": "EX14 9BT", "postcodes": ["EX14 9BT"]}, "geometry": {"type": "Polygon", "coordinates": [[[-3.0795280371912312, 50.84146643988907], [-3.0748948390739135, 50.838213640498324], [-3.0746981216958527, 50.83779514535679], [-3.075703693092163, 50.835966007730505], [-3.081380055742379, 50.83505008252599], [-3.0795280371912312, 50.84146643988907]]]}}, {"type": "Feature", "properties": {"type": "postcode-cell", "postcode": "EX14 9BD", "postcodes": ["EX14 9BD"]}, "geometry": {"type": "Polygon", "coordinates": [[[-3.075955136817077, 50.87029075461388], [-3.0727710340291976, 50.867466453635934], [-3.0760995022780087, 50.86654192552645], [-3.077478694557371, 50.868577730371086], [-3.07749226291231, 50.86862008909705], [-3.075955136817077, 50.87029075461388]]]}}, {"type": "Feature", "properties": {"type": "postcode-cell", "postcode": "EX14 9AP", "postcodes": ["EX14 9AP"]}, "geometry": {"type": "Polygon", "coordinates": [[[-3.0803710074277437, 50.885202023917344], [-3.072027365641197, 50.889260388226454], [-3.070263207296666, 50.8873146423338], [-3.0680955523435514, 50.88204665008384], [-3.076262866807542, 50.88061558624378], [-3.0799075756043774, 50.88174895836859], [-3.0803710074277437, 50.885202023917344]]]}}, {"type": "Feature", "properties": {"type": "postcode-cell", "postcode": "EX14 9AA", "postcodes": ["EX14 9AA"]}, "geometry": {"type": "Polygon", "coordinates": [[[-3.075502682956485, 50.87101843792483], [-3.0716296955769438, 50.867643152000454], [-3.0727710340291976, 50.867466453635934], [-3.075955136817077, 50.87029075461388], [-3.075502682956485, 50.87101843792483]]]}}, {"type": "Feature", "properties": {"type": "postcode-cell", "postcode": "EX14 9AB", "postcodes": ["EX14 9AB"]}, "geometry": {"type": "Polygon", "coordinates": [[[-3.0762680163516585, 50.874242893922535], [-3.0751089963871747, 50.876323349663664], [-3.064457598924989, 50.87751174510561], [-3.0607489226100775, 50.87189914514203], [-3.0645733436744087, 50.87130965714948], [-3.0749034644896893, 50.87284540156136], [-3.076077303566437, 50.873594829746665], [-3.0762680163516585, 50.874242893922535]]]}}, {"type": "Feature", "properties": {"type": "postcode-cell", "postcode": "EX14 9DT", "postcodes": ["EX14 9DT"]}, "geometry": {"type": "Polygon", "coordinates": [[[-3.0798187453152717, 50.843247204877954], [-3.072136944411095, 50.84184564726867], [-3.06206096538554, 50.837821171472086], [-3.0627985374309317, 50.837653953037766], [-3.0635124062025247, 50.83763419477443], [-3.0748948390739135, 50.838213640498324], [-3.0795280371912312, 50.84146643988907], [-3.0798187453152717, 50.843247204877954]]]}}, {"type": "Feature", "properties": {"type": "postcode-cell", "postcode": "EX14 9EU", "postcodes": ["EX14 9EU"]}, "geometry": {"type": "Polygon", "coordinates": [[[-3.0764447392412886, 50.82275527135892], [-3.0721620226183823, 50.825195584164646], [-3.0686293276666783, 50.82311354006686], [-3.0721934163588043, 50.81774823879361], [-3.075927042403059, 50.81898539967846], [-3.0764447392412886, 50.82275527135892]]]}}, {"type": "Feature", "properties": {"type": "postcode-cell", "postcode": "EX14 9ET", "postcodes": ["EX14 9ET"]}, "geometry": {"type": "Polygon", "coordinates": [[[-3.0713947737462033, 50.81714415619185], [-3.0606123604021405, 50.81506583501737], [-3.0601169484999486, 50.81456329028869], [-3.060725404187473, 50.81356656077283], [-3.06594298344056, 50.81066444062526], [-3.0715991116358263, 50.81028598625517], [-3.0744799248116887, 50.814648026780446], [-3.0713947737462033, 50.81714415619185]]]}}, {"type": "Feature", "properties": {"type": "postcode-cell", "postcode": "EX14 9BS", "postcodes": ["EX14 9BS"]}, "geometry": {"type": "Polygon", "coordinates": [[[-3.0746981216958527, 50.83779514535679], [-3.073606465879964, 50.836907160888366], [-3.074338199245736, 50.83627462215818], [-3.0752682083297342, 50.83588251394692], [-3.075703693092163, 50.835966007730505], [-3.0746981216958527, 50.83779514535679]]]}}, {"type": "Feature", "properties": {"type": "postcode-cell", "postcode": "EX14 9EQ", "postcodes": ["EX14 9EQ"]}, "geometry": {"type": "Polygon", "coordinates": [[[-3.0788072543125087, 50.830843747700214], [-3.0737434623196935, 50.83242662125031], [-3.0646309109446097, 50.82978893035605], [-3.072161876756062, 50.825201253195864], [-3.078620182892749, 50.830276659410465], [-3.0788072543125087, 50.830843747700214]]]}}, {"type": "Feature", "properties": {"type": "postcode-cell", "postcode": "EX14 9BP", "postcodes": ["EX14 9BP"]}, "geometry": {"type": "Polygon", "coordinates": [[[-3.0752682083297342, 50.83588251394692], [-3.074338199245736, 50.83627462215818], [-3.073249680740465, 50.835744237088754], [-3.0732541060582648, 50.8347700469188], [-3.0752682083297342, 50.83588251394692]]]}}, {"type": "Feature", "properties": {"type": "postcode-cell", "postcode": "EX14 9DR", "postcodes": ["EX14 9DR"]}, "geometry": {"type": "Polygon", "coordinates": [[[-3.073606465879964, 50.836907160888366], [-3.072963724746483, 50.83668645751172], [-3.073249680740465, 50.835744237088754], [-3.074338199245736, 50.83627462215818], [-3.073606465879964, 50.836907160888366]]]}}, {"type": "Feature", "properties": {"type": "postcode-cell", "postcode": "EX14 9BH", "postcodes": ["EX14 9BH"]}, "geometry": {"type": "Polygon", "coordinates": [[[-3.077642985897385, 50.86033833146479], [-3.0712957613738925, 50.861410731829984], [-3.0692873710586546, 50.85850308598381], [-3.0702937811151023, 50.855332935014445], [-3.083106885565189, 50.85464942452919], [-3.077642985897385, 50.86033833146479]]]}}, {"type": "Feature", "properties": {"type": "postcode-cell", "postcode": "EX14 9EF", "postcodes": ["EX14 9EF"]}, "geometry": {"type": "Polygon", "coordinates": [[[-3.0732541060582648, 50.8347700469188], [-3.073249680740465, 50.835744237088754], [-3.072963724746483, 50.83668645751172], [-3.0635124062025247, 50.83763419477443], [-3.0627985374309317, 50.837653953037766], [-3.0724839281452523, 50.83377162800858], [-3.0732541060582648, 50.8347700469188]]]}}, {"type": "Feature", "properties": {"type": "postcode-cell", "postcode": "EX14 9AT", "postcodes": ["EX14 9AT"]}, "geometry": {"type": "Polygon", "coordinates": [[[-3.0763262856581486, 50.8661224309295], [-3.0760995022780087, 50.86654192552645], [-3.0727710340291976, 50.867466453635934], [-3.0716296955769438, 50.867643152000454], [-3.0702383139962643, 50.86767575854865], [-3.069904065079268, 50.86232849845095], [-3.071119526012885, 50.861645812158464], [-3.0763262856581486, 50.8661224309295]]]}}, {"type": "Feature", "properties": {"type": "postcode-cell", "postcode": "EX14 9DS", "postcodes": ["EX14 9DS"]}, "geometry": {"type": "Polygon", "coordinates": [[[-3.0748948390739135, 50.838213640498324], [-3.0635124062025247, 50.83763419477443], [-3.072963724746483, 50.83668645751172], [-3.073606465879964, 50.836907160888366], [-3.0746981216958527, 50.83779514535679], [-3.0748948390739135, 50.838213640498324]]]}}, {"type": "Feature", "properties": {"type": "postcode-cell", "postcode": "EX14 9BG", "postcodes": ["EX14 9BG"]}, "geometry": {"type": "Polygon", "coordinates": [[[-3.071119526012885, 50.861645812158464], [-3.069904065079268, 50.86232849845095], [-3.0675136579391657, 50.8627950205354], [-3.0584474966398307, 50.864245745738366], [-3.057989989385875, 50.863929994861], [-3.0572499893853524, 50.86406999486109], [-3.056959989385509, 50.863389994860604], [-3.0570599893860373, 50.86243999485981], [-3.058279989387499, 50.86097999485867], [-3.057879989388621, 50.85818999485649], [-3.0581183798368086, 50.85789968435456], [-3.0692873710586546, 50.85850308598381], [-3.0712957613738925, 50.861410731829984], [-3.071119526012885, 50.861645812158464]]]}}, {"type": "Feature", "properties": {"type": "postcode-cell", "postcode": "EX14 9AN", "postcodes": ["EX14 9AN"]}, "geometry": {"type": "Polygon", "coordinates": [[[-3.077402545528091, 50.89750975696833], [-3.076294408232119, 50.89813030850907], [-3.058872750742344, 50.895601286297286], [-3.0596510878050407, 50.89428331120224], [-3.0661466866954865, 50.89063188374468], [-3.071853069166259, 50.89007245915503], [-3.077402545528091, 50.89750975696833]]]}}, {"type": "Feature", "properties": {"type": "postcode-cell", "postcode": "EX14 9EZ", "postcodes": ["EX14 9EZ"]}, "geometry": {"type": "Polygon", "coordinates": [[[-3.072161876756062, 50.825201253195864], [-3.0646309109446097, 50.82978893035605], [-3.057707123184797, 50.83158506470248], [-3.05872998940267, 50.830609994834866], [-3.056069989401439, 50.82980999483427], [-3.0560999894017202, 50.82926999483383], [-3.055609989401423, 50.82926999483385], [-3.0555099894015885, 50.8288099948335], [-3.0548399894013265, 50.828509994833276], [-3.0549499894015715, 50.828149994832984], [-3.054249798130979, 50.82811447995214], [-3.0621805916213045, 50.82106433840606], [-3.0686293276666783, 50.82311354006686], [-3.0721620226183823, 50.825195584164646], [-3.072161876756062, 50.825201253195864]]]}}, {"type": "Feature", "properties": {"type": "postcode-cell", "postcode": "EX14 9EG", "postcodes": ["EX14 9EG"]}, "geometry": {"type": "Polygon", "coordinates": [[[-3.06206096538554, 50.837821171472086], [-3.0591853543167877, 50.83767735117987], [-3.060139989400527, 50.83672999483964], [-3.059439989400885, 50.83512999483839], [-3.060169989401339, 50.835109994838376], [-3.060739989401939, 50.834599994837944], [-3.0598899894018903, 50.83363999483721], [-3.0603499894023773, 50.833219994836874], [-3.0599099894024517, 50.83251999483634], [-3.0588199894017367, 50.83261999483642], [-3.0579799894013586, 50.83234999483623], [-3.0576599894015155, 50.83162999483568], [-3.057707123184797, 50.83158506470248], [-3.0646309109446097, 50.82978893035605], [-3.0737434623196935, 50.83242662125031], [-3.0724839281452523, 50.83377162800858], [-3.0627985374309317, 50.837653953037766], [-3.06206096538554, 50.837821171472086]]]}}, {"type": "Feature", "properties": {"type": "postcode-cell", "postcode": "EX14 9EX", "postcodes": ["EX14 9EX"]}, "geometry": {"type": "Polygon", "coordinates": [[[-3.0713947737462033, 50.81714415619185], [-3.0721934163588043, 50.81774823879361], [-3.0686293276666783, 50.82311354006686], [-3.0621805916213045, 50.82106433840606], [-3.0606123604021405, 50.81506583501737], [-3.0713947737462033, 50.81714415619185]]]}}, {"type": "Feature", "properties": {"type": "postcode-cell", "postcode": "EX14 9AD", "postcodes": ["EX14 9AD"]}, "geometry": {"type": "Polygon", "coordinates": [[[-3.076262866807542, 50.88061558624378], [-3.0680955523435514, 50.88204665008384], [-3.0648279437982446, 50.880858282017634], [-3.064457598924989, 50.87751174510561], [-3.0751089963871747, 50.876323349663664], [-3.076262866807542, 50.88061558624378]]]}}, {"type": "Feature", "properties": {"type": "postcode-cell", "postcode": "EX14 9BQ", "postcodes": ["EX14 9BQ"]}, "geometry": {"type": "Polygon", "coordinates": [[[-3.0645496751299808, 50.850007874359754], [-3.0702937811151023, 50.855332935014445], [-3.0692873710586546, 50.85850308598381], [-3.0581183798368086, 50.85789968435456], [-3.0588899893898414, 50.856959994855494], [-3.058859989390187, 50.856219994854925], [-3.0579999893899834, 50.855559994854424], [-3.058259989390427, 50.85497999485394], [-3.0576399893901276, 50.85481999485384], [-3.057279989390383, 50.853849994853086], [-3.0588099893917042, 50.85305999485246], [-3.0582899893919304, 50.85194999485159], [-3.0590899893928363, 50.85109999485093], [-3.0589599893931005, 50.85039999485037], [-3.0595799893938174, 50.84970999484982], [-3.058909989393569, 50.84937999484956], [-3.0588981493000276, 50.849269488453004], [-3.061054304700017, 50.84944924870951], [-3.0645496751299808, 50.850007874359754]]]}}, {"type": "Feature", "properties": {"type": "postcode-cell", "postcode": "EX14 9AU", "postcodes": ["EX14 9AU"]}, "geometry": {"type": "Polygon", "coordinates": [[[-3.0670808166629113, 50.86962197187521], [-3.0675136579391657, 50.8627950205354], [-3.069904065079268, 50.86232849845095], [-3.0702383139962643, 50.86767575854865], [-3.0670808166629113, 50.86962197187521]]]}}, {"type": "Feature", "properties": {"type": "postcode-cell", "postcode": "EX14 9BW", "postcodes": ["EX14 9BW"]}, "geometry": {"type": "Polygon", "coordinates": [[[-3.0607489226100775, 50.87189914514203], [-3.0548393717345235, 50.87016994574891], [-3.0549499893811447, 50.869789994865656], [-3.056059989382034, 50.86935999486528], [-3.055939989382136, 50.868999994864986], [-3.0570899893831793, 50.86830999486444], [-3.0569799893833225, 50.86787999486412], [-3.058029989384117, 50.86756999486385], [-3.058879989385072, 50.866679994863134], [-3.059949989385844, 50.86643999486292], [-3.059149989385644, 50.86584999486247], [-3.059409989386265, 50.864909994861726], [-3.0584474966398307, 50.864245745738366], [-3.0675136579391657, 50.8627950205354], [-3.0670808166629113, 50.86962197187521], [-3.0645733436744087, 50.87130965714948], [-3.0607489226100775, 50.87189914514203]]]}}, {"type": "Feature", "properties": {"type": "postcode-cell", "postcode": "EX14 9AG", "postcodes": ["EX14 9AG"]}, "geometry": {"type": "Polygon", "coordinates": [[[-3.070263207296666, 50.8873146423338], [-3.058767946526114, 50.88642851412829], [-3.056800891786913, 50.88564307219669], [-3.0637396077933383, 50.88128378401901], [-3.0648279437982446, 50.880858282017634], [-3.0680955523435514, 50.88204665008384], [-3.070263207296666, 50.8873146423338]]]}}, {"type": "Feature", "properties": {"type": "postcode-cell", "postcode": "EX14 9LL", "postcodes": ["EX14 9LL"]}, "geometry": {"type": "Polygon", "coordinates": [[[-3.061054304700017, 50.84944924870951], [-3.0588981493000276, 50.849269488453004], [-3.058849989393808, 50.848819994849116], [-3.0596899893945277, 50.84839999484876], [-3.060109989395731, 50.84646999484725], [-3.0588299893954676, 50.84540999484646], [-3.059109989396675, 50.84329999484479], [-3.060509989398281, 50.84176999484358], [-3.0610199893994796, 50.83995999484214], [-3.0606599893995092, 50.839449994841736], [-3.0594099893989775, 50.8389799948414], [-3.0588299893990896, 50.83802999484068], [-3.0591853543167877, 50.83767735117987], [-3.06206096538554, 50.837821171472086], [-3.072136944411095, 50.84184564726867], [-3.061054304700017, 50.84944924870951]]]}}, {"type": "Feature", "properties": {"type": "postcode-cell", "postcode": "EX14 9EY", "postcodes": ["EX14 9EY"]}, "geometry": {"type": "Polygon", "coordinates": [[[-3.0601169484999486, 50.81456329028869], [-3.0606123604021405, 50.81506583501737], [-3.0621805916213045, 50.82106433840606], [-3.054249798130979, 50.82811447995214], [-3.0535699894007635, 50.82807999483297], [-3.0532599894008787, 50.82745999483248], [-3.0536999894017067, 50.826319994831586], [-3.0531399894013505, 50.82634999483161], [-3.0523699894012744, 50.82554999483099], [-3.0516899894009377, 50.825389994830886], [-3.051009989401282, 50.82384999482968], [-3.0512799894018743, 50.82297999482901], [-3.050199989401563, 50.82226999482846], [-3.0507599894026898, 50.82066999482721], [-3.050179989402505, 50.82032999482695], [-3.0497999894027803, 50.81929999482618], [-3.049919989403418, 50.81814999482525], [-3.049249989403284, 50.817589994824814], [-3.0494699894037716, 50.816869994824245], [-3.048219989403267, 50.81634999482388], [-3.0479238328957994, 50.8158287636978], [-3.0601169484999486, 50.81456329028869]]]}}, {"type": "Feature", "properties": {"type": "postcode-cell", "postcode": "TA20 3SB", "postcodes": ["TA20 3SB"]}, "geometry": {"type": "Polygon", "coordinates": [[[-3.0760841938472328, 50.89838080124651], [-3.0750568243149314, 50.9059402328065], [-3.060069989365356, 50.908459994895985], [-3.0571999893636153, 50.908419994896], [-3.0562099893631935, 50.90803999489572], [-3.0531099893609515, 50.9087399948963], [-3.052399989360746, 50.90826999489593], [-3.051665652033809, 50.906931735522186], [-3.0760841938472328, 50.89838080124651]]]}}, {"type": "Feature", "properties": {"type": "postcode-cell", "postcode": "EX14 9AL", "postcodes": ["EX14 9AL"]}, "geometry": {"type": "Polygon", "coordinates": [[[-3.0545904527411474, 50.88601219542995], [-3.0587648058265873, 50.8914929240507], [-3.0596510878050407, 50.89428331120224], [-3.058872750742344, 50.895601286297286], [-3.053078321951944, 50.897860708934395], [-3.05303998936632, 50.89767999488759], [-3.0547099893678737, 50.8965899948867], [-3.0547699893681566, 50.89608999488631], [-3.0538699893679127, 50.895459994885826], [-3.0550899893690864, 50.894589994885145], [-3.0553999893702795, 50.8925399948835], [-3.054859989370203, 50.892019994883114], [-3.0555199893707448, 50.891739994882876], [-3.055679989371142, 50.891129994882384], [-3.055389989371424, 50.89018999488166], [-3.0537299893712, 50.88856999488042], [-3.0533499893718394, 50.88678999487902], [-3.052299989371568, 50.88602999487842], [-3.0522952541109483, 50.8859528797532], [-3.0545904527411474, 50.88601219542995]]]}}, {"type": "Feature", "properties": {"type": "postcode-cell", "postcode": "EX14 9AE", "postcodes": ["EX14 9AE"]}, "geometry": {"type": "Polygon", "coordinates": [[[-3.0648279437982446, 50.880858282017634], [-3.0637396077933383, 50.88128378401901], [-3.052896428628641, 50.878822759010774], [-3.053839989376253, 50.878389994872414], [-3.0535899893764467, 50.87767999487185], [-3.0543599893773443, 50.87680999487115], [-3.053939989377498, 50.8759699948705], [-3.0546399893780305, 50.87575999487031], [-3.0543099893783365, 50.87471999486951], [-3.0549799893788516, 50.87450999486934], [-3.0537499893785243, 50.873639994868675], [-3.054059989379008, 50.8730399948682], [-3.0537799893791995, 50.872299994867625], [-3.05469998938005, 50.87170999486715], [-3.054049989379932, 50.8711399948667], [-3.0541999893802796, 50.8706199948663], [-3.0547199893806174, 50.87057999486627], [-3.0548393717345235, 50.87016994574891], [-3.0607489226100775, 50.87189914514203], [-3.064457598924989, 50.87751174510561], [-3.0648279437982446, 50.880858282017634]]]}}, {"type": "Feature", "properties": {"type": "postcode-cell", "postcode": "EX14 9AH", "postcodes": ["EX14 9AH"]}, "geometry": {"type": "Polygon", "coordinates": [[[-3.0661466866954865, 50.89063188374468], [-3.0596510878050407, 50.89428331120224], [-3.0587648058265873, 50.8914929240507], [-3.0627481404880337, 50.88927035004988], [-3.0661466866954865, 50.89063188374468]]]}}, {"type": "Feature", "properties": {"type": "postcode-cell", "postcode": "TA20 3RY", "postcodes": ["TA20 3RY"]}, "geometry": {"type": "Polygon", "coordinates": [[[-3.0760841938472328, 50.89838080124651], [-3.051665652033809, 50.906931735522186], [-3.0513299893610437, 50.90631999489443], [-3.0503899893606343, 50.90597999489415], [-3.0505199893614035, 50.90456999489304], [-3.04989998936134, 50.90391999489255], [-3.050139989361933, 50.90300999489182], [-3.0514699893633854, 50.9017099948908], [-3.0513699893635087, 50.90132999489048], [-3.051749989363958, 50.900889994890136], [-3.0523499893643704, 50.90079999489006], [-3.052309989364741, 50.89998999488941], [-3.053249989365962, 50.898669994888365], [-3.053078321951944, 50.897860708934395], [-3.058872750742344, 50.895601286297286], [-3.076294408232119, 50.89813030850907], [-3.0760841938472328, 50.89838080124651]]]}}, {"type": "Feature", "properties": {"type": "postcode-cell", "postcode": "EX14 9AJ", "postcodes": ["EX14 9AJ"]}, "geometry": {"type": "Polygon", "coordinates": [[[-3.0627481404880337, 50.88927035004988], [-3.0587648058265873, 50.8914929240507], [-3.0545904527411474, 50.88601219542995], [-3.056800891786913, 50.88564307219669], [-3.058767946526114, 50.88642851412829], [-3.0627481404880337, 50.88927035004988]]]}}, {"type": "Feature", "properties": {"type": "postcode-cell", "postcode": "EX14 9AF", "postcodes": ["EX14 9AF"]}, "geometry": {"type": "Polygon", "coordinates": [[[-3.0637396077933383, 50.88128378401901], [-3.056800891786913, 50.88564307219669], [-3.0545904527411474, 50.88601219542995], [-3.0522952541109483, 50.8859528797532], [-3.0522299893720835, 50.88488999487754], [-3.0529799893727962, 50.88436999487711], [-3.0532899893734524, 50.883419994876384], [-3.0517699893728945, 50.882659994875794], [-3.0519099893741752, 50.88021999487386], [-3.05250998937514, 50.87899999487289], [-3.052896428628641, 50.878822759010774], [-3.0637396077933383, 50.88128378401901]]]}}, {"type": "Feature", "properties": {"type": "postcode-cell", "postcode": "EX13 7HQ", "postcodes": ["EX13 7HQ"]}, "geometry": {"type": "Polygon", "coordinates": [[[-3.060725404187473, 50.81356656077283], [-3.0601169484999486, 50.81456329028869], [-3.0479238328957994, 50.8158287636978], [-3.0477199894033946, 50.81546999482318], [-3.047919989403734, 50.815029994822844], [-3.047139989403332, 50.814879994822725], [-3.0463399894032275, 50.81409999482215], [-3.046269989403638, 50.81317999482142], [-3.0453599894034036, 50.81252999482092], [-3.0451599894040595, 50.81094999481971], [-3.0460899894046105, 50.81097999481969], [-3.0464299894049747, 50.81065999481946], [-3.0462499894050477, 50.81028999481917], [-3.0454599894045713, 50.81027999481919], [-3.044659989404379, 50.809679994818694], [-3.044269989404861, 50.8082199948176], [-3.0470499894069993, 50.80730999481682], [-3.050809989409573, 50.80672999481631], [-3.0545199894119075, 50.806579994816126], [-3.0551146805238227, 50.80648147236799], [-3.060725404187473, 50.81356656077283]]]}}]}