{"type": "FeatureCollection", "features": [{"type": "Feature", "properties": {"type": "ward-outline", "name": "Exmouth Town"}, "geometry": {"type": "Polygon", "coordinates": [[[-3.40574, 50.62666], [-3.40395, 50.62686], [-3.40259, 50.62627], [-3.40127, 50.62505], [-3.40067, 50.62485], [-3.39996, 50.62518], [-3.39914, 50.6245], [-3.40125, 50.62379], [-3.40021, 50.6225], [-3.40364, 50.62128], [-3.40436, 50.62163], [-3.40841, 50.62062], [-3.40777, 50.61916], [-3.41155, 50.61794], [-3.41021, 50.61672], [-3.41218, 50.61587], [-3.40969, 50.6145], [-3.41028, 50.61419], [-3.41124, 50.61423], [-3.41179, 50.61385], [-3.41358, 50.61497], [-3.41483, 50.61545], [-3.4158, 50.61582], [-3.423, 50.61663], [-3.42443, 50.61644], [-3.42381, 50.61733], [-3.42299, 50.61719], [-3.42232, 50.61785], [-3.42417, 50.61849], [-3.42482, 50.61794], [-3.4239, 50.61752], [-3.42454, 50.61688], [-3.42476, 50.6174], [-3.42541, 50.61737], [-3.42644, 50.61798], [-3.42652, 50.61805], [-3.42409, 50.6196], [-3.4217, 50.6196], [-3.42062, 50.61924], [-3.42051, 50.6197], [-3.42219, 50.62044], [-3.42148, 50.62142], [-3.41992, 50.62158], [-3.41874, 50.62101], [-3.41763, 50.62096], [-3.41669, 50.62129], [-3.41561, 50.62398], [-3.41625, 50.62741], [-3.41552, 50.62919], [-3.41272, 50.62739], [-3.40985, 50.62619], [-3.4072, 50.62572], [-3.40574, 50.62666]]]}}, {"type": "Feature", "properties": {"type": "postcode-cell", "postcode": "EX8 1FD", "postcodes": ["EX8 1FD"]}, "geometry": {"type": "Polygon", "coordinates": [[[-3.4254392137877505, 50.61801103615111], [-3.4254614434279866, 50.61800351479284], [-3.4264821427219916, 50.618074136923326], [-3.4258985918458658, 50.6184463740051], [-3.4254392137877505, 50.61801103615111]]]}}, {"type": "Feature", "properties": {"type": "postcode-cell", "postcode": "EX8 1FB", "postcodes": ["EX8 1FB"]}, "geometry": {"type": "Polygon", "coordinates": [[[-3.4254614434279866, 50.61800351479284], [-3.4258485095646174, 50.61762970365785], [-3.426439989733099, 50.61797999466282], [-3.4265199897331153, 50.61804999466287], [-3.4264821427219916, 50.618074136923326], [-3.4254614434279866, 50.61800351479284]]]}}, {"type": "Feature", "properties": {"type": "postcode-cell", "postcode": "EX8 1DU", "postcodes": ["EX8 1DU"]}, "geometry": {"type": "MultiPolygon", "coordinates": [[[[-3.4242605623997138, 50.617159424541775], [-3.4245399897324442, 50.616879994662], [-3.4246031991908206, 50.61702940008837], [-3.4242605623997138, 50.617159424541775]]], [[[-3.4236799213243376, 50.61715284479835], [-3.4238941340000575, 50.61651119450737], [-3.4244299897325856, 50.61643999466165], [-3.4238388849437964, 50.617288516861194], [-3.4236799213243376, 50.61715284479835]]]]}}, {"type": "Feature", "properties": {"type": "postcode-cell", "postcode": "EX8 1EU", "postcodes": ["EX8 1EU"]}, "geometry": {"type": "Polygon", "coordinates": [[[-3.4254614434279866, 50.61800351479284], [-3.4254392137877505, 50.61801103615111], [-3.425299189226951, 50.61801810157626], [-3.425277259316356, 50.61800708048321], [-3.424982587780507, 50.61738972131861], [-3.42540998973275, 50.61736999466235], [-3.4258485095646174, 50.61762970365785], [-3.4254614434279866, 50.61800351479284]]]}}, {"type": "Feature", "properties": {"type": "postcode-cell", "postcode": "EX8 1XN", "postcodes": ["EX8 1XN"]}, "geometry": {"type": "Polygon", "coordinates": [[[-3.4248288946097376, 50.61857970069511], [-3.424837086251398, 50.61848998470795], [-3.425164072465892, 50.61826160881215], [-3.4256405391736426, 50.61861097858338], [-3.425256805699947, 50.61885574826468], [-3.4248288946097376, 50.61857970069511]]]}}, {"type": "Feature", "properties": {"type": "postcode-cell", "postcode": "EX8 1XL", "postcodes": ["EX8 1XL"]}, "geometry": {"type": "Polygon", "coordinates": [[[-3.4258985918458658, 50.6184463740051], [-3.4256405391736426, 50.61861097858338], [-3.425164072465892, 50.61826160881215], [-3.425299189226951, 50.61801810157626], [-3.4254392137877505, 50.61801103615111], [-3.4258985918458658, 50.6184463740051]]]}}, {"type": "Feature", "properties": {"type": "postcode-cell", "postcode": "EX8 1XW", "postcodes": ["EX8 1XW"]}, "geometry": {"type": "Polygon", "coordinates": [[[-3.425299189226951, 50.61801810157626], [-3.425164072465892, 50.61826160881215], [-3.424837086251398, 50.61848998470795], [-3.4244279515235365, 50.61827172125586], [-3.424771881793022, 50.61798070194025], [-3.425277259316356, 50.61800708048321], [-3.425299189226951, 50.61801810157626]]]}}, {"type": "Feature", "properties": {"type": "postcode-cell", "postcode": "EX8 1EG", "postcodes": ["EX8 1EG"]}, "geometry": {"type": "Polygon", "coordinates": [[[-3.4240394370481684, 50.61883697819292], [-3.4241278767317227, 50.618834410363164], [-3.424829681545175, 50.61912819084126], [-3.4241103091877894, 50.61958703432248], [-3.4240394370481684, 50.61883697819292]]]}}, {"type": "Feature", "properties": {"type": "postcode-cell", "postcode": "EX8 1XS", "postcodes": ["EX8 1XS"]}, "geometry": {"type": "Polygon", "coordinates": [[[-3.424837086251398, 50.61848998470795], [-3.4248288946097376, 50.61857970069511], [-3.4241278767317227, 50.618834410363164], [-3.4240394370481684, 50.61883697819292], [-3.423924123908243, 50.61879378938824], [-3.4239848630603587, 50.618425952962326], [-3.424169989731436, 50.61848999466325], [-3.4244279515235365, 50.61827172125586], [-3.424837086251398, 50.61848998470795]]]}}, {"type": "Feature", "properties": {"type": "postcode-cell", "postcode": "EX8 1DA", "postcodes": ["EX8 1DA"]}, "geometry": {"type": "Polygon", "coordinates": [[[-3.425277259316356, 50.61800708048321], [-3.424771881793022, 50.61798070194025], [-3.4248199897321068, 50.61793999466281], [-3.424404979454085, 50.61775053529115], [-3.4249472657035187, 50.617391351531566], [-3.424982587780507, 50.61738972131861], [-3.425277259316356, 50.61800708048321]]]}}, {"type": "Feature", "properties": {"type": "postcode-cell", "postcode": "EX8 1XZ", "postcodes": ["EX8 1XZ"]}, "geometry": {"type": "Polygon", "coordinates": [[[-3.425256805699947, 50.61885574826468], [-3.424829681545175, 50.61912819084126], [-3.4241278767317227, 50.618834410363164], [-3.4248288946097376, 50.61857970069511], [-3.425256805699947, 50.61885574826468]]]}}, {"type": "Feature", "properties": {"type": "postcode-cell", "postcode": "EX8 1AN", "postcodes": ["EX8 1AN"]}, "geometry": {"type": "Polygon", "coordinates": [[[-3.4246031991908206, 50.61702940008837], [-3.4247599897323298, 50.617399994662385], [-3.4249472657035187, 50.617391351531566], [-3.424404979454085, 50.61775053529115], [-3.4238999897317353, 50.61751999466249], [-3.4242605623997138, 50.617159424541775], [-3.4246031991908206, 50.61702940008837]]]}}, {"type": "Feature", "properties": {"type": "postcode-cell", "postcode": "EX8 3EF", "postcodes": ["EX8 3EF"]}, "geometry": {"type": "Polygon", "coordinates": [[[-3.4161308776036408, 50.62677166846317], [-3.416249989722195, 50.62740999467033], [-3.4155199897208814, 50.62918999467172], [-3.4127199897200016, 50.62738999467036], [-3.411958664182044, 50.62707168335515], [-3.4161308776036408, 50.62677166846317]]]}}, {"type": "Feature", "properties": {"type": "postcode-cell", "postcode": "EX8 1XU", "postcodes": ["EX8 1XU"]}, "geometry": {"type": "Polygon", "coordinates": [[[-3.423924123908243, 50.61879378938824], [-3.4235264409853623, 50.61882248001174], [-3.423194793322619, 50.61855952254911], [-3.4235125717355834, 50.61826256896671], [-3.4239848630603587, 50.618425952962326], [-3.423924123908243, 50.61879378938824]]]}}, {"type": "Feature", "properties": {"type": "postcode-cell", "postcode": "EX8 1XA", "postcodes": ["EX8 1XA"]}, "geometry": {"type": "Polygon", "coordinates": [[[-3.4238388849437964, 50.617288516861194], [-3.4238099897317715, 50.61732999466236], [-3.4229899897313274, 50.617189994662255], [-3.422979830407881, 50.617200002519326], [-3.422918382839922, 50.61697790050453], [-3.423302874945534, 50.616959238220076], [-3.4236799213243376, 50.61715284479835], [-3.4238388849437964, 50.617288516861194]]]}}, {"type": "Feature", "properties": {"type": "postcode-cell", "postcode": "EX8 1FE", "postcodes": ["EX8 1FE"]}, "geometry": {"type": "Polygon", "coordinates": [[[-3.423302874945534, 50.616959238220076], [-3.422918382839922, 50.61697790050453], [-3.42276265096391, 50.61691017635428], [-3.4226717708691106, 50.61659308035156], [-3.4229999897316024, 50.6166299946618], [-3.4237765142862067, 50.61652682243333], [-3.423302874945534, 50.616959238220076]]]}}, {"type": "Feature", "properties": {"type": "postcode-cell", "postcode": "EX8 1XY", "postcodes": ["EX8 1XY"]}, "geometry": {"type": "Polygon", "coordinates": [[[-3.4240394370481684, 50.61883697819292], [-3.4241103091877894, 50.61958703432248], [-3.4240899897308528, 50.6195999946641], [-3.4233103457307243, 50.6196000000531], [-3.4231363492233737, 50.61912328998052], [-3.4235264409853623, 50.61882248001174], [-3.423924123908243, 50.61879378938824], [-3.4240394370481684, 50.61883697819292]]]}}, {"type": "Feature", "properties": {"type": "postcode-cell", "postcode": "EX8 1ER", "postcodes": ["EX8 1ER"]}, "geometry": {"type": "Polygon", "coordinates": [[[-3.4236799213243376, 50.61715284479835], [-3.423302874945534, 50.616959238220076], [-3.4237765142862067, 50.61652682243333], [-3.4238941340000575, 50.61651119450737], [-3.4236799213243376, 50.61715284479835]]]}}, {"type": "Feature", "properties": {"type": "postcode-cell", "postcode": "EX8 1EQ", "postcodes": ["EX8 1EQ"]}, "geometry": {"type": "MultiPolygon", "coordinates": [[[[-3.421697438901876, 50.62022304271286], [-3.422189989729261, 50.620439994664785], [-3.4214799897283457, 50.62141999466557], [-3.421119238405594, 50.621456996751135], [-3.421697438901876, 50.62022304271286]]], [[[-3.4221792841641063, 50.61919467253998], [-3.4225490698232965, 50.61901965740714], [-3.4231363492233737, 50.61912328998052], [-3.4233103457307243, 50.6196000000531], [-3.4219893708791296, 50.61959999727331], [-3.4221792841641063, 50.61919467253998]]]]}}, {"type": "Feature", "properties": {"type": "postcode-cell", "postcode": "EX8 1EF", "postcodes": ["EX8 1EF"]}, "geometry": {"type": "Polygon", "coordinates": [[[-3.423194793322619, 50.61855952254911], [-3.4235264409853623, 50.61882248001174], [-3.4231363492233737, 50.61912328998052], [-3.4225490698232965, 50.61901965740714], [-3.4224119182368455, 50.618456413472636], [-3.4227422433402848, 50.618438404858075], [-3.423194793322619, 50.61855952254911]]]}}, {"type": "Feature", "properties": {"type": "postcode-cell", "postcode": "EX8 1XP", "postcodes": ["EX8 1XP"]}, "geometry": {"type": "Polygon", "coordinates": [[[-3.4227422433402848, 50.618438404858075], [-3.4231052903750263, 50.618121671989485], [-3.4235125717355834, 50.61826256896671], [-3.423194793322619, 50.61855952254911], [-3.4227422433402848, 50.618438404858075]]]}}, {"type": "Feature", "properties": {"type": "postcode-cell", "postcode": "EX8 1XR", "postcodes": ["EX8 1XR"]}, "geometry": {"type": "Polygon", "coordinates": [[[-3.4227422433402848, 50.618438404858075], [-3.4224119182368455, 50.618456413472636], [-3.4223868139145, 50.61844658444029], [-3.4221571146505294, 50.61830000277221], [-3.422303894123412, 50.617977839102956], [-3.4224475927840294, 50.6178941399339], [-3.4231052903750263, 50.618121671989485], [-3.4227422433402848, 50.618438404858075]]]}}, {"type": "Feature", "properties": {"type": "postcode-cell", "postcode": "EX8 2AZ", "postcodes": ["EX8 2AZ"]}, "geometry": {"type": "Polygon", "coordinates": [[[-3.413751180491738, 50.616082655011034], [-3.412002818574352, 50.615946441671774], [-3.4121799897252205, 50.61586999466141], [-3.40989154970619, 50.6146108981157], [-3.409724742774189, 50.614481734778145], [-3.4102799897248466, 50.61418999466015], [-3.4112399897254257, 50.614229994660164], [-3.41178998972595, 50.61384999465987], [-3.4135799897265264, 50.61496999466072], [-3.414817902031425, 50.61544535309782], [-3.413751180491738, 50.616082655011034]]]}}, {"type": "Feature", "properties": {"type": "postcode-cell", "postcode": "EX8 1DY", "postcodes": ["EX8 1DY"]}, "geometry": {"type": "Polygon", "coordinates": [[[-3.4220299978448785, 50.61724087465988], [-3.42276265096391, 50.61691017635428], [-3.422918382839922, 50.61697790050453], [-3.422979830407881, 50.617200002519326], [-3.4226175257319, 50.617556902230376], [-3.4220299978448785, 50.61724087465988]]]}}, {"type": "Feature", "properties": {"type": "postcode-cell", "postcode": "EX8 1ET", "postcodes": ["EX8 1ET"]}, "geometry": {"type": "Polygon", "coordinates": [[[-3.4226175257319, 50.617556902230376], [-3.4223199897305903, 50.61784999466278], [-3.4224475927840294, 50.6178941399339], [-3.422303894123412, 50.617977839102956], [-3.421574722747927, 50.617515025316635], [-3.4216020965407368, 50.61723386630198], [-3.4220299978448785, 50.61724087465988], [-3.4226175257319, 50.617556902230376]]]}}, {"type": "Feature", "properties": {"type": "postcode-cell", "postcode": "EX8 1EE", "postcodes": ["EX8 1EE"]}, "geometry": {"type": "Polygon", "coordinates": [[[-3.4224119182368455, 50.618456413472636], [-3.4225490698232965, 50.61901965740714], [-3.4221792841641063, 50.61919467253998], [-3.421757631952917, 50.61894433241131], [-3.4223868139145, 50.61844658444029], [-3.4224119182368455, 50.618456413472636]]]}}, {"type": "Feature", "properties": {"type": "postcode-cell", "postcode": "EX8 1EN", "postcodes": ["EX8 1EN"]}, "geometry": {"type": "Polygon", "coordinates": [[[-3.414948163692791, 50.62099786171985], [-3.414945206101357, 50.62098897284388], [-3.4151896554107943, 50.62073988422681], [-3.4166635742454083, 50.620493078803456], [-3.4172046806083203, 50.62110930681841], [-3.4166899897254193, 50.621289994665574], [-3.4164582558392134, 50.62186720981504], [-3.414948163692791, 50.62099786171985]]]}}, {"type": "Feature", "properties": {"type": "postcode-cell", "postcode": "EX8 1SR", "postcodes": ["EX8 1SR"]}, "geometry": {"type": "Polygon", "coordinates": [[[-3.414032022020021, 50.62427010095576], [-3.41422016182711, 50.623191755438555], [-3.41596503672624, 50.62309569883327], [-3.4156099897234484, 50.623979994667664], [-3.415693151349156, 50.62442571909014], [-3.414032022020021, 50.62427010095576]]]}}, {"type": "Feature", "properties": {"type": "postcode-cell", "postcode": "EX8 1EH", "postcodes": ["EX8 1EH"]}, "geometry": {"type": "Polygon", "coordinates": [[[-3.4221792841641063, 50.61919467253998], [-3.4219893708791296, 50.61959999727331], [-3.4216999897293605, 50.619599994664135], [-3.4206199897288587, 50.619239994663886], [-3.42050998972857, 50.619699994664245], [-3.421697438901876, 50.62022304271286], [-3.421119238405594, 50.621456996751135], [-3.420936984528203, 50.621475689995584], [-3.4198272485805576, 50.61993650565686], [-3.4199511605174755, 50.61954556054221], [-3.420822320531487, 50.61890654837631], [-3.4211469019181897, 50.6188389615227], [-3.421757631952917, 50.61894433241131], [-3.4221792841641063, 50.61919467253998]]]}}, {"type": "Feature", "properties": {"type": "postcode-cell", "postcode": "EX8 1BQ", "postcodes": ["EX8 1BQ"]}, "geometry": {"type": "Polygon", "coordinates": [[[-3.421457316344264, 50.61706290526666], [-3.4207113566526908, 50.616922527133106], [-3.4205078830410276, 50.61634968630006], [-3.421675665314464, 50.616481043740635], [-3.421457316344264, 50.61706290526666]]]}}, {"type": "Feature", "properties": {"type": "postcode-cell", "postcode": "EX8 1DS", "postcodes": ["EX8 1DS"]}, "geometry": {"type": "Polygon", "coordinates": [[[-3.4220299978448785, 50.61724087465988], [-3.4216020965407368, 50.61723386630198], [-3.4215329892367614, 50.61718680545565], [-3.421457316344264, 50.61706290526666], [-3.421675665314464, 50.616481043740635], [-3.4226717708691106, 50.61659308035156], [-3.42276265096391, 50.61691017635428], [-3.4220299978448785, 50.61724087465988]]]}}, {"type": "Feature", "properties": {"type": "postcode-cell", "postcode": "EX8 1DT", "postcodes": ["EX8 1DT"]}, "geometry": {"type": "Polygon", "coordinates": [[[-3.4221571146505294, 50.61830000277221], [-3.4218906909764724, 50.61830704462795], [-3.4214041297586286, 50.6181018504229], [-3.421257266708769, 50.61785838332983], [-3.421574722747927, 50.617515025316635], [-3.422303894123412, 50.617977839102956], [-3.4221571146505294, 50.61830000277221]]]}}, {"type": "Feature", "properties": {"type": "postcode-cell", "postcode": "EX8 1ED", "postcodes": ["EX8 1ED"]}, "geometry": {"type": "Polygon", "coordinates": [[[-3.4223868139145, 50.61844658444029], [-3.421757631952917, 50.61894433241131], [-3.4211469019181897, 50.6188389615227], [-3.4218906909764724, 50.61830704462795], [-3.4221571146505294, 50.61830000277221], [-3.4223868139145, 50.61844658444029]]]}}, {"type": "Feature", "properties": {"type": "postcode-cell", "postcode": "EX8 1XT", "postcodes": ["EX8 1XT"]}, "geometry": {"type": "Polygon", "coordinates": [[[-3.4211469019181897, 50.6188389615227], [-3.420822320531487, 50.61890654837631], [-3.4207812585665254, 50.618390225167516], [-3.4214041297586286, 50.6181018504229], [-3.4218906909764724, 50.61830704462795], [-3.4211469019181897, 50.6188389615227]]]}}, {"type": "Feature", "properties": {"type": "postcode-cell", "postcode": "EX8 1DR", "postcodes": ["EX8 1DR"]}, "geometry": {"type": "Polygon", "coordinates": [[[-3.421574722747927, 50.617515025316635], [-3.421257266708769, 50.61785838332983], [-3.4201370553672468, 50.61782221311793], [-3.4201478333880013, 50.61761537492635], [-3.4215329892367614, 50.61718680545565], [-3.4216020965407368, 50.61723386630198], [-3.421574722747927, 50.617515025316635]]]}}, {"type": "Feature", "properties": {"type": "postcode-cell", "postcode": "EX8 1EB", "postcodes": ["EX8 1EB"]}, "geometry": {"type": "Polygon", "coordinates": [[[-3.4192302622921256, 50.61979210987508], [-3.4181351772300657, 50.61853817338276], [-3.4185725261816495, 50.618380191908], [-3.4196293863015166, 50.61890725790741], [-3.4199511605174755, 50.61954556054221], [-3.4198272485805576, 50.61993650565686], [-3.4192302622921256, 50.61979210987508]]]}}, {"type": "Feature", "properties": {"type": "postcode-cell", "postcode": "EX8 1DG", "postcodes": ["EX8 1DG"]}, "geometry": {"type": "Polygon", "coordinates": [[[-3.4198272485805576, 50.61993650565686], [-3.420936984528203, 50.621475689995584], [-3.419919989727295, 50.62157999466573], [-3.4187399897268334, 50.62100999466531], [-3.4176299897261657, 50.62095999466527], [-3.4172046806083203, 50.62110930681841], [-3.4166635742454083, 50.620493078803456], [-3.4166595193816227, 50.620393723031675], [-3.4173310250857036, 50.61970094071027], [-3.4177376052736412, 50.619586194223444], [-3.4192302622921256, 50.61979210987508], [-3.4198272485805576, 50.61993650565686]]]}}, {"type": "Feature", "properties": {"type": "postcode-cell", "postcode": "EX8 1EJ", "postcodes": ["EX8 1EJ"]}, "geometry": {"type": "Polygon", "coordinates": [[[-3.4199511605174755, 50.61954556054221], [-3.4196293863015166, 50.61890725790741], [-3.4198374880998568, 50.61798882565115], [-3.420093246614994, 50.6178730476869], [-3.4207812585665254, 50.618390225167516], [-3.420822320531487, 50.61890654837631], [-3.4199511605174755, 50.61954556054221]]]}}, {"type": "Feature", "properties": {"type": "postcode-cell", "postcode": "EX8 1BG", "postcodes": ["EX8 1BG"]}, "geometry": {"type": "Polygon", "coordinates": [[[-3.4197738114408396, 50.616647629919605], [-3.4193886584245203, 50.61702632041879], [-3.4185123400774993, 50.61655298145819], [-3.418572432631898, 50.61613195060997], [-3.419844547562166, 50.61627506576699], [-3.4197738114408396, 50.616647629919605]]]}}, {"type": "Feature", "properties": {"type": "postcode-cell", "postcode": "EX8 1AT", "postcodes": ["EX8 1AT"]}, "geometry": {"type": "Polygon", "coordinates": [[[-3.4201478333880013, 50.61761537492635], [-3.420040302186698, 50.617440089810806], [-3.42041631364966, 50.617010421963606], [-3.4207113566526908, 50.616922527133106], [-3.421457316344264, 50.61706290526666], [-3.4215329892367614, 50.61718680545565], [-3.4201478333880013, 50.61761537492635]]]}}, {"type": "Feature", "properties": {"type": "postcode-cell", "postcode": "EX8 1XX", "postcodes": ["EX8 1XX"]}, "geometry": {"type": "Polygon", "coordinates": [[[-3.4214041297586286, 50.6181018504229], [-3.4207812585665254, 50.618390225167516], [-3.420093246614994, 50.6178730476869], [-3.4201370553672468, 50.61782221311793], [-3.421257266708769, 50.61785838332983], [-3.4214041297586286, 50.6181018504229]]]}}, {"type": "Feature", "properties": {"type": "postcode-cell", "postcode": "EX8 1BH", "postcodes": ["EX8 1BH"]}, "geometry": {"type": "Polygon", "coordinates": [[[-3.420040302186698, 50.617440089810806], [-3.419385584318901, 50.617141373303944], [-3.4193886584245203, 50.61702632041879], [-3.4197738114408396, 50.616647629919605], [-3.42041631364966, 50.617010421963606], [-3.420040302186698, 50.617440089810806]]]}}, {"type": "Feature", "properties": {"type": "postcode-cell", "postcode": "EX8 1AS", "postcodes": ["EX8 1AS"]}, "geometry": {"type": "Polygon", "coordinates": [[[-3.4201478333880013, 50.61761537492635], [-3.4201370553672468, 50.61782221311793], [-3.420093246614994, 50.6178730476869], [-3.4198374880998568, 50.61798882565115], [-3.418760978894346, 50.61789724279367], [-3.418569617004096, 50.61773092715489], [-3.4186724387645993, 50.617414299960906], [-3.419385584318901, 50.617141373303944], [-3.420040302186698, 50.617440089810806], [-3.4201478333880013, 50.61761537492635]]]}}, {"type": "Feature", "properties": {"type": "postcode-cell", "postcode": "EX8 1BJ", "postcodes": ["EX8 1BJ"]}, "geometry": {"type": "Polygon", "coordinates": [[[-3.42041631364966, 50.617010421963606], [-3.4197738114408396, 50.616647629919605], [-3.419844547562166, 50.61627506576699], [-3.4205078830410276, 50.61634968630006], [-3.4207113566526908, 50.616922527133106], [-3.42041631364966, 50.617010421963606]]]}}, {"type": "Feature", "properties": {"type": "postcode-cell", "postcode": "EX8 1DP", "postcodes": ["EX8 1DP"]}, "geometry": {"type": "Polygon", "coordinates": [[[-3.4196293863015166, 50.61890725790741], [-3.4185725261816495, 50.618380191908], [-3.418760978894346, 50.61789724279367], [-3.4198374880998568, 50.61798882565115], [-3.4196293863015166, 50.61890725790741]]]}}, {"type": "Feature", "properties": {"type": "postcode-cell", "postcode": "EX8 1BT", "postcodes": ["EX8 1BT"]}, "geometry": {"type": "Polygon", "coordinates": [[[-3.4186724387645993, 50.617414299960906], [-3.4181152604748677, 50.61695768003859], [-3.4185123400774993, 50.61655298145819], [-3.4193886584245203, 50.61702632041879], [-3.419385584318901, 50.617141373303944], [-3.4186724387645993, 50.617414299960906]]]}}, {"type": "Feature", "properties": {"type": "postcode-cell", "postcode": "EX8 1AZ", "postcodes": ["EX8 1AZ"]}, "geometry": {"type": "Polygon", "coordinates": [[[-3.4181351772300657, 50.61853817338276], [-3.418118434120568, 50.61853911918698], [-3.417350523991629, 50.618367460462196], [-3.417310999992932, 50.61830931614828], [-3.4176243462626346, 50.61778445404509], [-3.418569617004096, 50.61773092715489], [-3.418760978894346, 50.61789724279367], [-3.4185725261816495, 50.618380191908], [-3.4181351772300657, 50.61853817338276]]]}}, {"type": "Feature", "properties": {"type": "postcode-cell", "postcode": "EX8 1BE", "postcodes": ["EX8 1BE"]}, "geometry": {"type": "Polygon", "coordinates": [[[-3.4181152604748677, 50.61695768003859], [-3.417344034053817, 50.617022226831246], [-3.4167463408602234, 50.61592648622162], [-3.418572432631898, 50.61613195060997], [-3.4185123400774993, 50.61655298145819], [-3.4181152604748677, 50.61695768003859]]]}}, {"type": "Feature", "properties": {"type": "postcode-cell", "postcode": "EX8 1EW", "postcodes": ["EX8 1EW"]}, "geometry": {"type": "Polygon", "coordinates": [[[-3.4192302622921256, 50.61979210987508], [-3.4177376052736412, 50.619586194223444], [-3.417670773865436, 50.61939887581494], [-3.418118434120568, 50.61853911918698], [-3.4181351772300657, 50.61853817338276], [-3.4192302622921256, 50.61979210987508]]]}}, {"type": "Feature", "properties": {"type": "postcode-cell", "postcode": "EX8 1BA", "postcodes": ["EX8 1BA"]}, "geometry": {"type": "Polygon", "coordinates": [[[-3.4172771871018837, 50.61748076080915], [-3.4172346795414343, 50.61714221533067], [-3.417344034053817, 50.617022226831246], [-3.4181152604748677, 50.61695768003859], [-3.4186724387645993, 50.617414299960906], [-3.418569617004096, 50.61773092715489], [-3.4176243462626346, 50.61778445404509], [-3.4172771871018837, 50.61748076080915]]]}}, {"type": "Feature", "properties": {"type": "postcode-cell", "postcode": "EX8 1AR", "postcodes": ["EX8 1AR"]}, "geometry": {"type": "Polygon", "coordinates": [[[-3.4176243462626346, 50.61778445404509], [-3.417310999992932, 50.61830931614828], [-3.416306373539711, 50.61812878905741], [-3.4165211555531414, 50.61772762130735], [-3.4172771871018837, 50.61748076080915], [-3.4176243462626346, 50.61778445404509]]]}}, {"type": "Feature", "properties": {"type": "postcode-cell", "postcode": "EX8 1DW", "postcodes": ["EX8 1DW"]}, "geometry": {"type": "Polygon", "coordinates": [[[-3.418118434120568, 50.61853911918698], [-3.417670773865436, 50.61939887581494], [-3.4171082870174136, 50.61876000234626], [-3.417350523991629, 50.618367460462196], [-3.418118434120568, 50.61853911918698]]]}}, {"type": "Feature", "properties": {"type": "postcode-cell", "postcode": "EX8 1DH", "postcodes": ["EX8 1DH"]}, "geometry": {"type": "Polygon", "coordinates": [[[-3.417670773865436, 50.61939887581494], [-3.4177376052736412, 50.619586194223444], [-3.4173310250857036, 50.61970094071027], [-3.416570628596461, 50.61942270165291], [-3.4163642725617662, 50.61891297829351], [-3.4171082870174136, 50.61876000234626], [-3.417670773865436, 50.61939887581494]]]}}, {"type": "Feature", "properties": {"type": "postcode-cell", "postcode": "EX8 1DQ", "postcodes": ["EX8 1DQ"]}, "geometry": {"type": "Polygon", "coordinates": [[[-3.4166595193816227, 50.620393723031675], [-3.415835589242209, 50.61998501737104], [-3.4160142566777627, 50.619537546005674], [-3.416570628596461, 50.61942270165291], [-3.4173310250857036, 50.61970094071027], [-3.4166595193816227, 50.620393723031675]]]}}, {"type": "Feature", "properties": {"type": "postcode-cell", "postcode": "EX8 1AU", "postcodes": ["EX8 1AU"]}, "geometry": {"type": "Polygon", "coordinates": [[[-3.417310999992932, 50.61830931614828], [-3.417350523991629, 50.618367460462196], [-3.4171082870174136, 50.61876000234626], [-3.4163642725617662, 50.61891297829351], [-3.416226693721049, 50.618869641468635], [-3.416175373209483, 50.618815558375445], [-3.4160284829440375, 50.61819645775933], [-3.416306373539711, 50.61812878905741], [-3.417310999992932, 50.61830931614828]]]}}, {"type": "Feature", "properties": {"type": "postcode-cell", "postcode": "EX8 1AY", "postcodes": ["EX8 1AY"]}, "geometry": {"type": "Polygon", "coordinates": [[[-3.4172771871018837, 50.61748076080915], [-3.4165211555531414, 50.61772762130735], [-3.416104995120574, 50.6173851079519], [-3.41651991095733, 50.61715099938275], [-3.4172346795414343, 50.61714221533067], [-3.4172771871018837, 50.61748076080915]]]}}, {"type": "Feature", "properties": {"type": "postcode-cell", "postcode": "EX8 1DL", "postcodes": ["EX8 1DL"]}, "geometry": {"type": "Polygon", "coordinates": [[[-3.416570628596461, 50.61942270165291], [-3.4160142566777627, 50.619537546005674], [-3.415501252856209, 50.61928329139654], [-3.416226693721049, 50.618869641468635], [-3.4163642725617662, 50.61891297829351], [-3.416570628596461, 50.61942270165291]]]}}, {"type": "Feature", "properties": {"type": "postcode-cell", "postcode": "EX8 1BB", "postcodes": ["EX8 1BB"]}, "geometry": {"type": "Polygon", "coordinates": [[[-3.416104995120574, 50.6173851079519], [-3.41502361580948, 50.61739816928297], [-3.4156258012075553, 50.61638309594541], [-3.41651991095733, 50.61715099938275], [-3.416104995120574, 50.6173851079519]]]}}, {"type": "Feature", "properties": {"type": "postcode-cell", "postcode": "EX8 1BD", "postcodes": ["EX8 1BD"]}, "geometry": {"type": "Polygon", "coordinates": [[[-3.4172346795414343, 50.61714221533067], [-3.41651991095733, 50.61715099938275], [-3.4156258012075553, 50.61638309594541], [-3.4157211291260006, 50.61578991433583], [-3.4157999897275007, 50.61581999466133], [-3.4167463408602234, 50.61592648622162], [-3.417344034053817, 50.617022226831246], [-3.4172346795414343, 50.61714221533067]]]}}, {"type": "Feature", "properties": {"type": "postcode-cell", "postcode": "EX8 1AX", "postcodes": ["EX8 1AX"]}, "geometry": {"type": "Polygon", "coordinates": [[[-3.4165211555531414, 50.61772762130735], [-3.416306373539711, 50.61812878905741], [-3.4160284829440375, 50.61819645775933], [-3.4154932203430257, 50.61809762930028], [-3.414932276137943, 50.617712578106], [-3.4148699093348394, 50.61749601999421], [-3.41502361580948, 50.61739816928297], [-3.416104995120574, 50.6173851079519], [-3.4165211555531414, 50.61772762130735]]]}}, {"type": "Feature", "properties": {"type": "postcode-cell", "postcode": "EX8 1DJ", "postcodes": ["EX8 1DJ"]}, "geometry": {"type": "Polygon", "coordinates": [[[-3.4160142566777627, 50.619537546005674], [-3.415835589242209, 50.61998501737104], [-3.415757335217703, 50.61998533332083], [-3.415396863525793, 50.61984675264843], [-3.415243152644103, 50.61960053431003], [-3.415314711016773, 50.61928102929148], [-3.415501252856209, 50.61928329139654], [-3.4160142566777627, 50.619537546005674]]]}}, {"type": "Feature", "properties": {"type": "postcode-cell", "postcode": "EX8 2SW", "postcodes": ["EX8 2SW"]}, "geometry": {"type": "Polygon", "coordinates": [[[-3.4156258012075553, 50.61638309594541], [-3.41502361580948, 50.61739816928297], [-3.4148699093348394, 50.61749601999421], [-3.414571521082529, 50.61742432419145], [-3.4135773249273518, 50.61664279469222], [-3.413751180491738, 50.616082655011034], [-3.414817902031425, 50.61544535309782], [-3.414829989727075, 50.615449994661056], [-3.4157211291260006, 50.61578991433583], [-3.4156258012075553, 50.61638309594541]]]}}, {"type": "Feature", "properties": {"type": "postcode-cell", "postcode": "EX8 1BL", "postcodes": ["EX8 1BL"]}, "geometry": {"type": "Polygon", "coordinates": [[[-3.416226693721049, 50.618869641468635], [-3.415501252856209, 50.61928329139654], [-3.415314711016773, 50.61928102929148], [-3.415137545945345, 50.619200556794475], [-3.4152619333177405, 50.6187720634039], [-3.416175373209483, 50.618815558375445], [-3.416226693721049, 50.618869641468635]]]}}, {"type": "Feature", "properties": {"type": "postcode-cell", "postcode": "EX8 1AP", "postcodes": ["EX8 1AP"]}, "geometry": {"type": "Polygon", "coordinates": [[[-3.4160284829440375, 50.61819645775933], [-3.416175373209483, 50.618815558375445], [-3.4152619333177405, 50.6187720634039], [-3.415173414492065, 50.61862803124268], [-3.4154932203430257, 50.61809762930028], [-3.4160284829440375, 50.61819645775933]]]}}, {"type": "Feature", "properties": {"type": "postcode-cell", "postcode": "EX8 1DB", "postcodes": ["EX8 1DB"]}, "geometry": {"type": "Polygon", "coordinates": [[[-3.4166635742454083, 50.620493078803456], [-3.4151896554107943, 50.62073988422681], [-3.4150979418121743, 50.62042592717062], [-3.415475444641707, 50.620148605428575], [-3.415757335217703, 50.61998533332083], [-3.415835589242209, 50.61998501737104], [-3.4166595193816227, 50.620393723031675], [-3.4166635742454083, 50.620493078803456]]]}}, {"type": "Feature", "properties": {"type": "postcode-cell", "postcode": "EX8 1BY", "postcodes": ["EX8 1BY"]}, "geometry": {"type": "Polygon", "coordinates": [[[-3.414945206101357, 50.62098897284388], [-3.41476331830311, 50.62094082370532], [-3.414150139257551, 50.62046517878452], [-3.414786834400597, 50.620220880749656], [-3.4150979418121743, 50.62042592717062], [-3.4151896554107943, 50.62073988422681], [-3.414945206101357, 50.62098897284388]]]}}, {"type": "Feature", "properties": {"type": "postcode-cell", "postcode": "EX8 1BS", "postcodes": ["EX8 1BS"]}, "geometry": {"type": "Polygon", "coordinates": [[[-3.414894607900842, 50.61996710480551], [-3.41487567899932, 50.61994974478162], [-3.4149771889136273, 50.61967037230617], [-3.415243152644103, 50.61960053431003], [-3.415396863525793, 50.61984675264843], [-3.414894607900842, 50.61996710480551]]]}}, {"type": "Feature", "properties": {"type": "postcode-cell", "postcode": "EX8 1DE", "postcodes": ["EX8 1DE"]}, "geometry": {"type": "Polygon", "coordinates": [[[-3.415396863525793, 50.61984675264843], [-3.415757335217703, 50.61998533332083], [-3.415475444641707, 50.620148605428575], [-3.4148835421654655, 50.62000487038103], [-3.414894607900842, 50.61996710480551], [-3.415396863525793, 50.61984675264843]]]}}, {"type": "Feature", "properties": {"type": "postcode-cell", "postcode": "EX8 1AW", "postcodes": ["EX8 1AW"]}, "geometry": {"type": "Polygon", "coordinates": [[[-3.415173414492065, 50.61862803124268], [-3.4146287687189143, 50.6186498579296], [-3.414434307213038, 50.61852019039692], [-3.4143528300140704, 50.618171168948095], [-3.414932276137943, 50.617712578106], [-3.4154932203430257, 50.61809762930028], [-3.415173414492065, 50.61862803124268]]]}}, {"type": "Feature", "properties": {"type": "postcode-cell", "postcode": "EX8 1AG", "postcodes": ["EX8 1AG"]}, "geometry": {"type": "Polygon", "coordinates": [[[-3.415243152644103, 50.61960053431003], [-3.4149771889136273, 50.61967037230617], [-3.4142874005834063, 50.61961298373846], [-3.4143111045263135, 50.61952077210388], [-3.414742637337019, 50.61921153476532], [-3.415137545945345, 50.619200556794475], [-3.415314711016773, 50.61928102929148], [-3.415243152644103, 50.61960053431003]]]}}, {"type": "Feature", "properties": {"type": "postcode-cell", "postcode": "EX8 1DF", "postcodes": ["EX8 1DF"]}, "geometry": {"type": "Polygon", "coordinates": [[[-3.4150979418121743, 50.62042592717062], [-3.414786834400597, 50.620220880749656], [-3.414782549411961, 50.62020992911421], [-3.4148835421654655, 50.62000487038103], [-3.415475444641707, 50.620148605428575], [-3.4150979418121743, 50.62042592717062]]]}}, {"type": "Feature", "properties": {"type": "postcode-cell", "postcode": "EX8 1BZ", "postcodes": ["EX8 1BZ"]}, "geometry": {"type": "Polygon", "coordinates": [[[-3.4164582558392134, 50.62186720981504], [-3.4162199787914496, 50.622460708140174], [-3.4141032758592487, 50.6218893392201], [-3.4140512411901045, 50.62185512874164], [-3.414948163692791, 50.62099786171985], [-3.4164582558392134, 50.62186720981504]]]}}, {"type": "Feature", "properties": {"type": "postcode-cell", "postcode": "EX8 1AF", "postcodes": ["EX8 1AF"]}, "geometry": {"type": "Polygon", "coordinates": [[[-3.41487567899932, 50.61994974478162], [-3.414270681332621, 50.6196382975964], [-3.4142874005834063, 50.61961298373846], [-3.4149771889136273, 50.61967037230617], [-3.41487567899932, 50.61994974478162]]]}}, {"type": "Feature", "properties": {"type": "postcode-cell", "postcode": "EX8 1AD", "postcodes": ["EX8 1AD"]}, "geometry": {"type": "Polygon", "coordinates": [[[-3.4148835421654655, 50.62000487038103], [-3.414782549411961, 50.62020992911421], [-3.4141347748328243, 50.61999145319711], [-3.414154744412874, 50.61971245276967], [-3.414270681332621, 50.6196382975964], [-3.41487567899932, 50.61994974478162], [-3.414894607900842, 50.61996710480551], [-3.4148835421654655, 50.62000487038103]]]}}, {"type": "Feature", "properties": {"type": "postcode-cell", "postcode": "EX8 1AQ", "postcodes": ["EX8 1AQ"]}, "geometry": {"type": "Polygon", "coordinates": [[[-3.415137545945345, 50.619200556794475], [-3.414742637337019, 50.61921153476532], [-3.4144935931096483, 50.6189922813242], [-3.4144928972589117, 50.6189810156493], [-3.4146287687189143, 50.6186498579296], [-3.415173414492065, 50.61862803124268], [-3.4152619333177405, 50.6187720634039], [-3.415137545945345, 50.619200556794475]]]}}, {"type": "Feature", "properties": {"type": "postcode-cell", "postcode": "EX8 1SP", "postcodes": ["EX8 1SP"]}, "geometry": {"type": "Polygon", "coordinates": [[[-3.4134095368548754, 50.62454209969196], [-3.4133941059484525, 50.62451736198666], [-3.4136022435091675, 50.62438550909487], [-3.414032022020021, 50.62427010095576], [-3.415693151349156, 50.62442571909014], [-3.416037631477312, 50.62627194619301], [-3.4134095368548754, 50.62454209969196]]]}}, {"type": "Feature", "properties": {"type": "postcode-cell", "postcode": "EX8 1RR", "postcodes": ["EX8 1RR"]}, "geometry": {"type": "Polygon", "coordinates": [[[-3.4140512411901045, 50.62185512874164], [-3.4140438489168083, 50.621853887679706], [-3.414039524144717, 50.621849572214636], [-3.4137503616673666, 50.620978572713526], [-3.41476331830311, 50.62094082370532], [-3.414945206101357, 50.62098897284388], [-3.414948163692791, 50.62099786171985], [-3.4140512411901045, 50.62185512874164]]]}}, {"type": "Feature", "properties": {"type": "postcode-cell", "postcode": "EX8 1AL", "postcodes": ["EX8 1AL"]}, "geometry": {"type": "Polygon", "coordinates": [[[-3.414742637337019, 50.61921153476532], [-3.4143111045263135, 50.61952077210388], [-3.4138762113816195, 50.61926245303355], [-3.413919905041607, 50.6191736138494], [-3.414237927192905, 50.6190052167435], [-3.4144935931096483, 50.6189922813242], [-3.414742637337019, 50.61921153476532]]]}}, {"type": "Feature", "properties": {"type": "postcode-cell", "postcode": "EX8 1BR", "postcodes": ["EX8 1BR"]}, "geometry": {"type": "Polygon", "coordinates": [[[-3.414270681332621, 50.6196382975964], [-3.414154744412874, 50.61971245276967], [-3.4135125737972043, 50.61969852979525], [-3.4134210539067524, 50.61965604621884], [-3.4134084263412516, 50.61962140634949], [-3.413406163286534, 50.619597556806774], [-3.4136204197365556, 50.61926163140593], [-3.4138762113816195, 50.61926245303355], [-3.4143111045263135, 50.61952077210388], [-3.4142874005834063, 50.61961298373846], [-3.414270681332621, 50.6196382975964]]]}}, {"type": "Feature", "properties": {"type": "postcode-cell", "postcode": "EX8 2AF", "postcodes": ["EX8 2AF"]}, "geometry": {"type": "Polygon", "coordinates": [[[-3.4135773249273518, 50.61664279469222], [-3.412657565382999, 50.617056153179334], [-3.412631812686517, 50.617062895710305], [-3.4125828785086845, 50.61705884776316], [-3.4119303568193358, 50.61597770781313], [-3.412002818574352, 50.615946441671774], [-3.413751180491738, 50.616082655011034], [-3.4135773249273518, 50.61664279469222]]]}}, {"type": "Feature", "properties": {"type": "postcode-cell", "postcode": "EX8 1PB", "postcodes": ["EX8 1PB"]}, "geometry": {"type": "Polygon", "coordinates": [[[-3.414932276137943, 50.617712578106], [-3.4143528300140704, 50.618171168948095], [-3.413730432556656, 50.61826050301249], [-3.4138666205402033, 50.61757145389025], [-3.414571521082529, 50.61742432419145], [-3.4148699093348394, 50.61749601999421], [-3.414932276137943, 50.617712578106]]]}}, {"type": "Feature", "properties": {"type": "postcode-cell", "postcode": "EX8 1AH", "postcodes": ["EX8 1AH"]}, "geometry": {"type": "Polygon", "coordinates": [[[-3.4146287687189143, 50.6186498579296], [-3.4144928972589117, 50.6189810156493], [-3.4140212653331465, 50.61869294262001], [-3.414434307213038, 50.61852019039692], [-3.4146287687189143, 50.6186498579296]]]}}, {"type": "Feature", "properties": {"type": "postcode-cell", "postcode": "EX8 1AB", "postcodes": ["EX8 1AB"]}, "geometry": {"type": "Polygon", "coordinates": [[[-3.414150139257551, 50.62046517878452], [-3.4140345183127114, 50.62043656690835], [-3.413973622976354, 50.620149816074424], [-3.4141347748328243, 50.61999145319711], [-3.414782549411961, 50.62020992911421], [-3.414786834400597, 50.620220880749656], [-3.414150139257551, 50.62046517878452]]]}}, {"type": "Feature", "properties": {"type": "postcode-cell", "postcode": "EX8 1SN", "postcodes": ["EX8 1SN"]}, "geometry": {"type": "Polygon", "coordinates": [[[-3.4136022435091675, 50.62438550909487], [-3.4131612131641353, 50.62348651474447], [-3.4137415642388507, 50.62311382342978], [-3.4137742033032183, 50.623108809714], [-3.4138289875405987, 50.623107214333245], [-3.41422016182711, 50.623191755438555], [-3.414032022020021, 50.62427010095576], [-3.4136022435091675, 50.62438550909487]]]}}, {"type": "Feature", "properties": {"type": "postcode-cell", "postcode": "EX8 1SS", "postcodes": ["EX8 1SS"]}, "geometry": {"type": "Polygon", "coordinates": [[[-3.4162199787914496, 50.622460708140174], [-3.41596503672624, 50.62309569883327], [-3.41422016182711, 50.623191755438555], [-3.4138289875405987, 50.623107214333245], [-3.4141032758592487, 50.6218893392201], [-3.4162199787914496, 50.622460708140174]]]}}, {"type": "Feature", "properties": {"type": "postcode-cell", "postcode": "EX8 1NX", "postcodes": ["EX8 1NX"]}, "geometry": {"type": "Polygon", "coordinates": [[[-3.4144928972589117, 50.6189810156493], [-3.4144935931096483, 50.6189922813242], [-3.414237927192905, 50.6190052167435], [-3.413855120105099, 50.618874991423354], [-3.4139621938168188, 50.61869854415736], [-3.4140212653331465, 50.61869294262001], [-3.4144928972589117, 50.6189810156493]]]}}, {"type": "Feature", "properties": {"type": "postcode-cell", "postcode": "EX8 1NY", "postcodes": ["EX8 1NY"]}, "geometry": {"type": "Polygon", "coordinates": [[[-3.414434307213038, 50.61852019039692], [-3.4140212653331465, 50.61869294262001], [-3.4139621938168188, 50.61869854415736], [-3.413672966006441, 50.61851458411201], [-3.413574317058912, 50.61840570559195], [-3.4136629548122275, 50.6182748274386], [-3.413730432556656, 50.61826050301249], [-3.4143528300140704, 50.618171168948095], [-3.414434307213038, 50.61852019039692]]]}}, {"type": "Feature", "properties": {"type": "postcode-cell", "postcode": "EX8 1NU", "postcodes": ["EX8 1NU"]}, "geometry": {"type": "Polygon", "coordinates": [[[-3.414237927192905, 50.6190052167435], [-3.413919905041607, 50.6191736138494], [-3.4137934897750717, 50.61890392724248], [-3.413855120105099, 50.618874991423354], [-3.414237927192905, 50.6190052167435]]]}}, {"type": "Feature", "properties": {"type": "postcode-cell", "postcode": "EX8 1RS", "postcodes": ["EX8 1RS"]}, "geometry": {"type": "Polygon", "coordinates": [[[-3.414150139257551, 50.62046517878452], [-3.41476331830311, 50.62094082370532], [-3.4137503616673666, 50.620978572713526], [-3.413620992692357, 50.62093196797703], [-3.41361475700994, 50.62073099293391], [-3.4138283763568116, 50.62051605068839], [-3.4140345183127114, 50.62043656690835], [-3.414150139257551, 50.62046517878452]]]}}, {"type": "Feature", "properties": {"type": "postcode-cell", "postcode": "EX8 1SL", "postcodes": ["EX8 1SL"]}, "geometry": {"type": "Polygon", "coordinates": [[[-3.4140512411901045, 50.62185512874164], [-3.4141032758592487, 50.6218893392201], [-3.4138289875405987, 50.623107214333245], [-3.4137742033032183, 50.623108809714], [-3.413187474817917, 50.62215147863754], [-3.4136976195729063, 50.62193684672216], [-3.4140438489168083, 50.621853887679706], [-3.4140512411901045, 50.62185512874164]]]}}, {"type": "Feature", "properties": {"type": "postcode-cell", "postcode": "EX8 1NS", "postcodes": ["EX8 1NS"]}, "geometry": {"type": "Polygon", "coordinates": [[[-3.4136629548122275, 50.6182748274386], [-3.4132957815237206, 50.61799236299652], [-3.4133921049475, 50.61776105194856], [-3.413816679796381, 50.6175789543831], [-3.4138666205402033, 50.61757145389025], [-3.413730432556656, 50.61826050301249], [-3.4136629548122275, 50.6182748274386]]]}}, {"type": "Feature", "properties": {"type": "postcode-cell", "postcode": "EX8 1HL", "postcodes": ["EX8 1HL"]}, "geometry": {"type": "Polygon", "coordinates": [[[-3.413973622976354, 50.620149816074424], [-3.413416768132551, 50.620099208437594], [-3.4135125737972043, 50.61969852979525], [-3.414154744412874, 50.61971245276967], [-3.4141347748328243, 50.61999145319711], [-3.413973622976354, 50.620149816074424]]]}}, {"type": "Feature", "properties": {"type": "postcode-cell", "postcode": "EX8 1FG", "postcodes": ["EX8 1FG"]}, "geometry": {"type": "Polygon", "coordinates": [[[-3.4138762113816195, 50.61926245303355], [-3.4136204197365556, 50.61926163140593], [-3.413592764833952, 50.61924526920957], [-3.4133155838502294, 50.618988677258976], [-3.4133367506636354, 50.61897282545651], [-3.4134903277233235, 50.618928999669514], [-3.4137934897750717, 50.61890392724248], [-3.413919905041607, 50.6191736138494], [-3.4138762113816195, 50.61926245303355]]]}}, {"type": "Feature", "properties": {"type": "postcode-cell", "postcode": "EX8 1FH", "postcodes": ["EX8 1FH"]}, "geometry": {"type": "Polygon", "coordinates": [[[-3.413855120105099, 50.618874991423354], [-3.4137934897750717, 50.61890392724248], [-3.4134903277233235, 50.618928999669514], [-3.413672966006441, 50.61851458411201], [-3.4139621938168188, 50.61869854415736], [-3.413855120105099, 50.618874991423354]]]}}, {"type": "Feature", "properties": {"type": "postcode-cell", "postcode": "EX8 2AG", "postcodes": ["EX8 2AG"]}, "geometry": {"type": "Polygon", "coordinates": [[[-3.4138666205402033, 50.61757145389025], [-3.413816679796381, 50.6175789543831], [-3.412657565382999, 50.617056153179334], [-3.4135773249273518, 50.61664279469222], [-3.414571521082529, 50.61742432419145], [-3.4138666205402033, 50.61757145389025]]]}}, {"type": "Feature", "properties": {"type": "postcode-cell", "postcode": "EX8 1NN", "postcodes": ["EX8 1NN"]}, "geometry": {"type": "Polygon", "coordinates": [[[-3.413574317058912, 50.61840570559195], [-3.4135100142178514, 50.61842589801119], [-3.4129021904512395, 50.61842286113498], [-3.4127433652465866, 50.61839790910667], [-3.412697165083526, 50.618275697779154], [-3.4128408577950777, 50.618066259654555], [-3.4132957815237206, 50.61799236299652], [-3.4136629548122275, 50.6182748274386], [-3.413574317058912, 50.61840570559195]]]}}, {"type": "Feature", "properties": {"type": "postcode-cell", "postcode": "EX8 1NT", "postcodes": ["EX8 1NT"]}, "geometry": {"type": "Polygon", "coordinates": [[[-3.4133367506636354, 50.61897282545651], [-3.4132914528124507, 50.61866697756591], [-3.4135100142178514, 50.61842589801119], [-3.413574317058912, 50.61840570559195], [-3.413672966006441, 50.61851458411201], [-3.4134903277233235, 50.618928999669514], [-3.4133367506636354, 50.61897282545651]]]}}, {"type": "Feature", "properties": {"type": "postcode-cell", "postcode": "EX8 1RJ", "postcodes": ["EX8 1RJ"]}, "geometry": {"type": "Polygon", "coordinates": [[[-3.4140345183127114, 50.62043656690835], [-3.4138283763568116, 50.62051605068839], [-3.4131856237518376, 50.620235485616874], [-3.413171229009555, 50.620208729652624], [-3.413416768132551, 50.620099208437594], [-3.413973622976354, 50.620149816074424], [-3.4140345183127114, 50.62043656690835]]]}}, {"type": "Feature", "properties": {"type": "postcode-cell", "postcode": "EX8 1HP", "postcodes": ["EX8 1HP"]}, "geometry": {"type": "Polygon", "coordinates": [[[-3.4135125737972043, 50.61969852979525], [-3.413416768132551, 50.620099208437594], [-3.413171229009555, 50.620208729652624], [-3.412609937878526, 50.62007384754789], [-3.412542290584632, 50.61986964767378], [-3.4134210539067524, 50.61965604621884], [-3.4135125737972043, 50.61969852979525]]]}}, {"type": "Feature", "properties": {"type": "postcode-cell", "postcode": "EX8 1HE", "postcodes": ["EX8 1HE"]}, "geometry": {"type": "Polygon", "coordinates": [[[-3.4136204197365556, 50.61926163140593], [-3.413406163286534, 50.619597556806774], [-3.4131223303178326, 50.61934999132221], [-3.413592764833952, 50.61924526920957], [-3.4136204197365556, 50.61926163140593]]]}}, {"type": "Feature", "properties": {"type": "postcode-cell", "postcode": "EX8 1RP", "postcodes": ["EX8 1RP"]}, "geometry": {"type": "Polygon", "coordinates": [[[-3.4137503616673666, 50.620978572713526], [-3.414039524144717, 50.621849572214636], [-3.4129742940682677, 50.62123098430145], [-3.4129751265081008, 50.62112974803613], [-3.413620992692357, 50.62093196797703], [-3.4137503616673666, 50.620978572713526]]]}}, {"type": "Feature", "properties": {"type": "postcode-cell", "postcode": "EX8 1SW", "postcodes": ["EX8 1SW"]}, "geometry": {"type": "Polygon", "coordinates": [[[-3.416037631477312, 50.62627194619301], [-3.4160755741808067, 50.62647528912829], [-3.41412786432875, 50.626031988905766], [-3.4133279361397353, 50.62545929336123], [-3.4134095368548754, 50.62454209969196], [-3.416037631477312, 50.62627194619301]]]}}, {"type": "Feature", "properties": {"type": "postcode-cell", "postcode": "EX8 3EE", "postcodes": ["EX8 3EE"]}, "geometry": {"type": "Polygon", "coordinates": [[[-3.411958664182044, 50.62707168335515], [-3.4118013349575507, 50.62700590261147], [-3.4122629693463233, 50.62616270862539], [-3.41412786432875, 50.626031988905766], [-3.4160755741808067, 50.62647528912829], [-3.4161308776036408, 50.62677166846317], [-3.411958664182044, 50.62707168335515]]]}}, {"type": "Feature", "properties": {"type": "postcode-cell", "postcode": "EX8 1RT", "postcodes": ["EX8 1RT"]}, "geometry": {"type": "Polygon", "coordinates": [[[-3.4136976195729063, 50.62193684672216], [-3.4125796288595773, 50.62156584087006], [-3.4129742940682677, 50.62123098430145], [-3.414039524144717, 50.621849572214636], [-3.4140438489168083, 50.621853887679706], [-3.4136976195729063, 50.62193684672216]]]}}, {"type": "Feature", "properties": {"type": "postcode-cell", "postcode": "EX8 1SQ", "postcodes": ["EX8 1SQ"]}, "geometry": {"type": "Polygon", "coordinates": [[[-3.4133941059484525, 50.62451736198666], [-3.4126945405983786, 50.624512354160295], [-3.4125823997585463, 50.624425852983954], [-3.412693431350639, 50.623566113760425], [-3.4131612131641353, 50.62348651474447], [-3.4136022435091675, 50.62438550909487], [-3.4133941059484525, 50.62451736198666]]]}}, {"type": "Feature", "properties": {"type": "postcode-cell", "postcode": "EX8 1RL", "postcodes": ["EX8 1RL"]}, "geometry": {"type": "Polygon", "coordinates": [[[-3.41361475700994, 50.62073099293391], [-3.413143400152585, 50.62055251157263], [-3.4131856237518376, 50.620235485616874], [-3.4138283763568116, 50.62051605068839], [-3.41361475700994, 50.62073099293391]]]}}, {"type": "Feature", "properties": {"type": "postcode-cell", "postcode": "EX8 1RH", "postcodes": ["EX8 1RH"]}, "geometry": {"type": "Polygon", "coordinates": [[[-3.413620992692357, 50.62093196797703], [-3.4129751265081008, 50.62112974803613], [-3.412655734616257, 50.62093065651419], [-3.412654020225047, 50.62074921907818], [-3.413143400152585, 50.62055251157263], [-3.41361475700994, 50.62073099293391], [-3.413620992692357, 50.62093196797703]]]}}, {"type": "Feature", "properties": {"type": "postcode-cell", "postcode": "EX8 1EY", "postcodes": ["EX8 1EY"]}, "geometry": {"type": "Polygon", "coordinates": [[[-3.413592764833952, 50.61924526920957], [-3.4131223303178326, 50.61934999132221], [-3.4130895964397805, 50.619335157861116], [-3.412936000930553, 50.61919921582004], [-3.4129250236142354, 50.619182861878514], [-3.4130366157748453, 50.619053705976334], [-3.413133509169658, 50.61901263821854], [-3.4133155838502294, 50.618988677258976], [-3.413592764833952, 50.61924526920957]]]}}, {"type": "Feature", "properties": {"type": "postcode-cell", "postcode": "EX8 2SJ", "postcodes": ["EX8 2SJ"]}, "geometry": {"type": "Polygon", "coordinates": [[[-3.4133921049475, 50.61776105194856], [-3.4128095695264506, 50.617528216716735], [-3.412631812686517, 50.617062895710305], [-3.412657565382999, 50.617056153179334], [-3.413816679796381, 50.6175789543831], [-3.4133921049475, 50.61776105194856]]]}}, {"type": "Feature", "properties": {"type": "postcode-cell", "postcode": "EX8 1RW", "postcodes": ["EX8 1RW"]}, "geometry": {"type": "Polygon", "coordinates": [[[-3.4131856237518376, 50.620235485616874], [-3.413143400152585, 50.62055251157263], [-3.412654020225047, 50.62074921907818], [-3.4122995646185563, 50.62038454519879], [-3.412609937878526, 50.62007384754789], [-3.413171229009555, 50.620208729652624], [-3.4131856237518376, 50.620235485616874]]]}}, {"type": "Feature", "properties": {"type": "postcode-cell", "postcode": "EX8 1HA", "postcodes": ["EX8 1HA"]}, "geometry": {"type": "Polygon", "coordinates": [[[-3.4134084263412516, 50.61962140634949], [-3.4129551822073294, 50.61949836536951], [-3.4130895964397805, 50.619335157861116], [-3.4131223303178326, 50.61934999132221], [-3.413406163286534, 50.619597556806774], [-3.4134084263412516, 50.61962140634949]]]}}, {"type": "Feature", "properties": {"type": "postcode-cell", "postcode": "EX8 1FA", "postcodes": ["EX8 1FA"]}, "geometry": {"type": "Polygon", "coordinates": [[[-3.4133155838502294, 50.618988677258976], [-3.413133509169658, 50.61901263821854], [-3.4129416073225824, 50.61874078744957], [-3.413100477726764, 50.618661925577314], [-3.4132914528124507, 50.61866697756591], [-3.4133367506636354, 50.61897282545651], [-3.4133155838502294, 50.618988677258976]]]}}, {"type": "Feature", "properties": {"type": "postcode-cell", "postcode": "EX8 1NR", "postcodes": ["EX8 1NR"]}, "geometry": {"type": "Polygon", "coordinates": [[[-3.4132914528124507, 50.61866697756591], [-3.413100477726764, 50.618661925577314], [-3.4129021904512395, 50.61842286113498], [-3.4135100142178514, 50.61842589801119], [-3.4132914528124507, 50.61866697756591]]]}}, {"type": "Feature", "properties": {"type": "postcode-cell", "postcode": "EX8 1AE", "postcodes": ["EX8 1AE"]}, "geometry": {"type": "Polygon", "coordinates": [[[-3.4134210539067524, 50.61965604621884], [-3.412542290584632, 50.61986964767378], [-3.4124802143513184, 50.61981881515846], [-3.4124814263561785, 50.61973444234372], [-3.412803126876227, 50.61953479827006], [-3.4129551822073294, 50.61949836536951], [-3.4134084263412516, 50.61962140634949], [-3.4134210539067524, 50.61965604621884]]]}}, {"type": "Feature", "properties": {"type": "postcode-cell", "postcode": "EX8 1SJ", "postcodes": ["EX8 1SJ"]}, "geometry": {"type": "Polygon", "coordinates": [[[-3.4137742033032183, 50.623108809714], [-3.4137415642388507, 50.62311382342978], [-3.412848346672569, 50.62281462397325], [-3.412518137169652, 50.62225496991026], [-3.413187474817917, 50.62215147863754], [-3.4137742033032183, 50.623108809714]]]}}, {"type": "Feature", "properties": {"type": "postcode-cell", "postcode": "EX8 2SR", "postcodes": ["EX8 2SR"]}, "geometry": {"type": "Polygon", "coordinates": [[[-3.4128408577950777, 50.618066259654555], [-3.412565908680394, 50.61783764233242], [-3.4128095695264506, 50.617528216716735], [-3.4133921049475, 50.61776105194856], [-3.4132957815237206, 50.61799236299652], [-3.4128408577950777, 50.618066259654555]]]}}, {"type": "Feature", "properties": {"type": "postcode-cell", "postcode": "EX8 1NP", "postcodes": ["EX8 1NP"]}, "geometry": {"type": "Polygon", "coordinates": [[[-3.413100477726764, 50.618661925577314], [-3.4129416073225824, 50.61874078744957], [-3.4125593969848715, 50.61860725658293], [-3.4127433652465866, 50.61839790910667], [-3.4129021904512395, 50.61842286113498], [-3.413100477726764, 50.618661925577314]]]}}, {"type": "Feature", "properties": {"type": "postcode-cell", "postcode": "EX8 1RU", "postcodes": ["EX8 1RU"]}, "geometry": {"type": "Polygon", "coordinates": [[[-3.412518137169652, 50.62225496991026], [-3.4123257637950615, 50.622202463265864], [-3.412281528051076, 50.62215298436683], [-3.4123286507624124, 50.621669472564925], [-3.4125796288595773, 50.62156584087006], [-3.4136976195729063, 50.62193684672216], [-3.413187474817917, 50.62215147863754], [-3.412518137169652, 50.62225496991026]]]}}, {"type": "Feature", "properties": {"type": "postcode-cell", "postcode": "EX8 1PW", "postcodes": ["EX8 1PW"]}, "geometry": {"type": "Polygon", "coordinates": [[[-3.4129742940682677, 50.62123098430145], [-3.4125796288595773, 50.62156584087006], [-3.4123286507624124, 50.621669472564925], [-3.411952621673596, 50.6214649244465], [-3.4119044272799592, 50.621312658727824], [-3.412347967009797, 50.62098884784693], [-3.412655734616257, 50.62093065651419], [-3.4129751265081008, 50.62112974803613], [-3.4129742940682677, 50.62123098430145]]]}}, {"type": "Feature", "properties": {"type": "postcode-cell", "postcode": "EX8 1EZ", "postcodes": ["EX8 1EZ"]}, "geometry": {"type": "Polygon", "coordinates": [[[-3.4130895964397805, 50.619335157861116], [-3.4129551822073294, 50.61949836536951], [-3.412803126876227, 50.61953479827006], [-3.412936000930553, 50.61919921582004], [-3.4130895964397805, 50.619335157861116]]]}}, {"type": "Feature", "properties": {"type": "postcode-cell", "postcode": "EX8 1NJ", "postcodes": ["EX8 1NJ"]}, "geometry": {"type": "Polygon", "coordinates": [[[-3.4130366157748453, 50.619053705976334], [-3.4126321148709806, 50.6188931050257], [-3.412547523762319, 50.618613036715985], [-3.4125593969848715, 50.61860725658293], [-3.4129416073225824, 50.61874078744957], [-3.413133509169658, 50.61901263821854], [-3.4130366157748453, 50.619053705976334]]]}}, {"type": "Feature", "properties": {"type": "postcode-cell", "postcode": "EX8 2SH", "postcodes": ["EX8 2SH"]}, "geometry": {"type": "Polygon", "coordinates": [[[-3.4127433652465866, 50.61839790910667], [-3.4125593969848715, 50.61860725658293], [-3.412547523762319, 50.618613036715985], [-3.4125136969259726, 50.61861623332643], [-3.412264445573758, 50.61857582396099], [-3.4120236449800485, 50.618270986000674], [-3.4120586578917003, 50.61819760511315], [-3.4120800778798235, 50.6181857803552], [-3.412697165083526, 50.618275697779154], [-3.4127433652465866, 50.61839790910667]]]}}, {"type": "Feature", "properties": {"type": "postcode-cell", "postcode": "EX8 2SS", "postcodes": ["EX8 2SS"]}, "geometry": {"type": "Polygon", "coordinates": [[[-3.412697165083526, 50.618275697779154], [-3.4120800778798235, 50.6181857803552], [-3.412140659113302, 50.61785368118904], [-3.412565908680394, 50.61783764233242], [-3.4128408577950777, 50.618066259654555], [-3.412697165083526, 50.618275697779154]]]}}, {"type": "Feature", "properties": {"type": "postcode-cell", "postcode": "EX8 1HW", "postcodes": ["EX8 1HW"]}, "geometry": {"type": "Polygon", "coordinates": [[[-3.412542290584632, 50.61986964767378], [-3.412609937878526, 50.62007384754789], [-3.4122995646185563, 50.62038454519879], [-3.4117222017826436, 50.62044530630365], [-3.4112396090621107, 50.6201340922029], [-3.4114666975294554, 50.61980938534123], [-3.4124802143513184, 50.61981881515846], [-3.412542290584632, 50.61986964767378]]]}}, {"type": "Feature", "properties": {"type": "postcode-cell", "postcode": "EX8 1HB", "postcodes": ["EX8 1HB"]}, "geometry": {"type": "Polygon", "coordinates": [[[-3.4124814263561785, 50.61973444234372], [-3.412339572956375, 50.619414683819535], [-3.4126719126690888, 50.61922454827682], [-3.4129250236142354, 50.619182861878514], [-3.412936000930553, 50.61919921582004], [-3.412803126876227, 50.61953479827006], [-3.4124814263561785, 50.61973444234372]]]}}, {"type": "Feature", "properties": {"type": "postcode-cell", "postcode": "EX8 1SG", "postcodes": ["EX8 1SG"]}, "geometry": {"type": "Polygon", "coordinates": [[[-3.4133941059484525, 50.62451736198666], [-3.4134095368548754, 50.62454209969196], [-3.4133279361397353, 50.62545929336123], [-3.412693372208772, 50.625364981073034], [-3.41266926957151, 50.6245373729339], [-3.4126945405983786, 50.624512354160295], [-3.4133941059484525, 50.62451736198666]]]}}, {"type": "Feature", "properties": {"type": "postcode-cell", "postcode": "EX8 1SH", "postcodes": ["EX8 1SH"]}, "geometry": {"type": "Polygon", "coordinates": [[[-3.4131612131641353, 50.62348651474447], [-3.412693431350639, 50.623566113760425], [-3.4120868204794634, 50.62343456014716], [-3.4123208718520126, 50.623020252848974], [-3.412848346672569, 50.62281462397325], [-3.4137415642388507, 50.62311382342978], [-3.4131612131641353, 50.62348651474447]]]}}, {"type": "Feature", "properties": {"type": "postcode-cell", "postcode": "EX8 1HS", "postcodes": ["EX8 1HS"]}, "geometry": {"type": "Polygon", "coordinates": [[[-3.4124802143513184, 50.61981881515846], [-3.4114666975294554, 50.61980938534123], [-3.411438404263726, 50.61974513469873], [-3.4114455702613484, 50.6195284390068], [-3.4121790913145778, 50.61934719612295], [-3.412339572956375, 50.619414683819535], [-3.4124814263561785, 50.61973444234372], [-3.4124802143513184, 50.61981881515846]]]}}, {"type": "Feature", "properties": {"type": "postcode-cell", "postcode": "EX8 1NH", "postcodes": ["EX8 1NH"]}, "geometry": {"type": "Polygon", "coordinates": [[[-3.412408143221256, 50.61900811919114], [-3.4126321148709806, 50.6188931050257], [-3.4130366157748453, 50.619053705976334], [-3.4129250236142354, 50.619182861878514], [-3.4126719126690888, 50.61922454827682], [-3.412408143221256, 50.61900811919114]]]}}, {"type": "Feature", "properties": {"type": "postcode-cell", "postcode": "EX8 1HR", "postcodes": ["EX8 1HR"]}, "geometry": {"type": "Polygon", "coordinates": [[[-3.4126719126690888, 50.61922454827682], [-3.412339572956375, 50.619414683819535], [-3.4121790913145778, 50.61934719612295], [-3.411982190509042, 50.61901894616394], [-3.4120677782824194, 50.618997914193], [-3.412408143221256, 50.61900811919114], [-3.4126719126690888, 50.61922454827682]]]}}, {"type": "Feature", "properties": {"type": "postcode-cell", "postcode": "EX8 1UA", "postcodes": ["EX8 1UA"]}, "geometry": {"type": "Polygon", "coordinates": [[[-3.411134498618313, 50.62604754643173], [-3.4120549907513387, 50.625964551960685], [-3.4120858473649944, 50.62597310229761], [-3.4122629693463233, 50.62616270862539], [-3.4118013349575507, 50.62700590261147], [-3.4108523095895396, 50.626609098220094], [-3.411134498618313, 50.62604754643173]]]}}, {"type": "Feature", "properties": {"type": "postcode-cell", "postcode": "EX8 2SU", "postcodes": ["EX8 2SU"]}, "geometry": {"type": "Polygon", "coordinates": [[[-3.4128095695264506, 50.617528216716735], [-3.412565908680394, 50.61783764233242], [-3.412140659113302, 50.61785368118904], [-3.411552577165141, 50.617502062496314], [-3.4118550402554164, 50.61718609430976], [-3.4125828785086845, 50.61705884776316], [-3.412631812686517, 50.617062895710305], [-3.4128095695264506, 50.617528216716735]]]}}, {"type": "Feature", "properties": {"type": "postcode-cell", "postcode": "EX8 1SB", "postcodes": ["EX8 1SB"]}, "geometry": {"type": "Polygon", "coordinates": [[[-3.41266926957151, 50.6245373729339], [-3.411759145825796, 50.62500724472683], [-3.4112409927922096, 50.62482675514564], [-3.4110440946607437, 50.62466384723376], [-3.4110706955706505, 50.62460838216244], [-3.4118001896532046, 50.62417004586907], [-3.4125823997585463, 50.624425852983954], [-3.4126945405983786, 50.624512354160295], [-3.41266926957151, 50.6245373729339]]]}}, {"type": "Feature", "properties": {"type": "postcode-cell", "postcode": "EX8 1SF", "postcodes": ["EX8 1SF"]}, "geometry": {"type": "Polygon", "coordinates": [[[-3.4120858473649944, 50.62597310229761], [-3.4123883920129554, 50.625449520209045], [-3.412693372208772, 50.625364981073034], [-3.4133279361397353, 50.62545929336123], [-3.41412786432875, 50.626031988905766], [-3.4122629693463233, 50.62616270862539], [-3.4120858473649944, 50.62597310229761]]]}}, {"type": "Feature", "properties": {"type": "postcode-cell", "postcode": "EX8 2ST", "postcodes": ["EX8 2ST"]}, "geometry": {"type": "Polygon", "coordinates": [[[-3.4125828785086845, 50.61705884776316], [-3.4118550402554164, 50.61718609430976], [-3.4113334769468526, 50.61674330668414], [-3.4113762276118673, 50.61621680326121], [-3.4119303568193358, 50.61597770781313], [-3.4125828785086845, 50.61705884776316]]]}}, {"type": "Feature", "properties": {"type": "postcode-cell", "postcode": "EX8 1NW", "postcodes": ["EX8 1NW"]}, "geometry": {"type": "Polygon", "coordinates": [[[-3.412408143221256, 50.61900811919114], [-3.4120677782824194, 50.618997914193], [-3.4125136969259726, 50.61861623332643], [-3.412547523762319, 50.618613036715985], [-3.4126321148709806, 50.6188931050257], [-3.412408143221256, 50.61900811919114]]]}}, {"type": "Feature", "properties": {"type": "postcode-cell", "postcode": "EX8 1SE", "postcodes": ["EX8 1SE"]}, "geometry": {"type": "Polygon", "coordinates": [[[-3.4120858473649944, 50.62597310229761], [-3.4120549907513387, 50.625964551960685], [-3.4113539035981315, 50.625523519748135], [-3.411772328505566, 50.62507381165539], [-3.4123883920129554, 50.625449520209045], [-3.4120858473649944, 50.62597310229761]]]}}, {"type": "Feature", "properties": {"type": "postcode-cell", "postcode": "EX8 1RX", "postcodes": ["EX8 1RX"]}, "geometry": {"type": "Polygon", "coordinates": [[[-3.412848346672569, 50.62281462397325], [-3.4123208718520126, 50.623020252848974], [-3.412004377063298, 50.6228036338267], [-3.4118685608470773, 50.62255497381525], [-3.4123257637950615, 50.622202463265864], [-3.412518137169652, 50.62225496991026], [-3.412848346672569, 50.62281462397325]]]}}, {"type": "Feature", "properties": {"type": "postcode-cell", "postcode": "EX8 1SD", "postcodes": ["EX8 1SD"]}, "geometry": {"type": "Polygon", "coordinates": [[[-3.412693372208772, 50.625364981073034], [-3.4123883920129554, 50.625449520209045], [-3.411772328505566, 50.62507381165539], [-3.411759145825796, 50.62500724472683], [-3.41266926957151, 50.6245373729339], [-3.412693372208772, 50.625364981073034]]]}}, {"type": "Feature", "properties": {"type": "postcode-cell", "postcode": "EX8 1RD", "postcodes": ["EX8 1RD"]}, "geometry": {"type": "Polygon", "coordinates": [[[-3.412655734616257, 50.62093065651419], [-3.412347967009797, 50.62098884784693], [-3.4117846133934346, 50.62079986280175], [-3.411662511946732, 50.620596329161714], [-3.4117222017826436, 50.62044530630365], [-3.4122995646185563, 50.62038454519879], [-3.412654020225047, 50.62074921907818], [-3.412655734616257, 50.62093065651419]]]}}, {"type": "Feature", "properties": {"type": "postcode-cell", "postcode": "EX8 2SN", "postcodes": ["EX8 2SN"]}, "geometry": {"type": "Polygon", "coordinates": [[[-3.412264445573758, 50.61857582396099], [-3.41172689704998, 50.618696787856976], [-3.4116032751869048, 50.61861556048449], [-3.4115747330303283, 50.618542677822084], [-3.4120236449800485, 50.618270986000674], [-3.412264445573758, 50.61857582396099]]]}}, {"type": "Feature", "properties": {"type": "postcode-cell", "postcode": "EX8 2SQ", "postcodes": ["EX8 2SQ"]}, "geometry": {"type": "Polygon", "coordinates": [[[-3.4120800778798235, 50.6181857803552], [-3.4120586578917003, 50.61819760511315], [-3.4111991809725306, 50.61805322644129], [-3.411549989723829, 50.61793999466305], [-3.4112020810198276, 50.61762324961867], [-3.411552577165141, 50.617502062496314], [-3.412140659113302, 50.61785368118904], [-3.4120800778798235, 50.6181857803552]]]}}, {"type": "Feature", "properties": {"type": "postcode-cell", "postcode": "EX8 1HQ", "postcodes": ["EX8 1HQ"]}, "geometry": {"type": "Polygon", "coordinates": [[[-3.4120677782824194, 50.618997914193], [-3.411982190509042, 50.61901894616394], [-3.411832355156839, 50.61897915836114], [-3.41172689704998, 50.618696787856976], [-3.412264445573758, 50.61857582396099], [-3.4125136969259726, 50.61861623332643], [-3.4120677782824194, 50.618997914193]]]}}, {"type": "Feature", "properties": {"type": "postcode-cell", "postcode": "EX8 1PT", "postcodes": ["EX8 1PT"]}, "geometry": {"type": "Polygon", "coordinates": [[[-3.412281528051076, 50.62215298436683], [-3.411287774346436, 50.62199537169225], [-3.4116123385714947, 50.6215622422404], [-3.411952621673596, 50.6214649244465], [-3.4123286507624124, 50.621669472564925], [-3.412281528051076, 50.62215298436683]]]}}, {"type": "Feature", "properties": {"type": "postcode-cell", "postcode": "EX8 1SA", "postcodes": ["EX8 1SA"]}, "geometry": {"type": "Polygon", "coordinates": [[[-3.4125823997585463, 50.624425852983954], [-3.4118001896532046, 50.62417004586907], [-3.4114284592309025, 50.62360704186947], [-3.4114367164636072, 50.62356374667572], [-3.411883255942012, 50.62347059374977], [-3.4120868204794634, 50.62343456014716], [-3.412693431350639, 50.623566113760425], [-3.4125823997585463, 50.624425852983954]]]}}, {"type": "Feature", "properties": {"type": "postcode-cell", "postcode": "EX8 1QA", "postcodes": ["EX8 1QA"]}, "geometry": {"type": "Polygon", "coordinates": [[[-3.4114284592309025, 50.62360704186947], [-3.4106730628765134, 50.62404760165236], [-3.409970797904522, 50.62407555981374], [-3.409707924699613, 50.62388296498537], [-3.4100026370890517, 50.623387074301114], [-3.411241246315008, 50.6234237124219], [-3.4114367164636072, 50.62356374667572], [-3.4114284592309025, 50.62360704186947]]]}}, {"type": "Feature", "properties": {"type": "postcode-cell", "postcode": "EX8 1PN", "postcodes": ["EX8 1PN"]}, "geometry": {"type": "Polygon", "coordinates": [[[-3.4119044272799592, 50.621312658727824], [-3.4115828588703905, 50.62114946104652], [-3.4117846133934346, 50.62079986280175], [-3.412347967009797, 50.62098884784693], [-3.4119044272799592, 50.621312658727824]]]}}, {"type": "Feature", "properties": {"type": "postcode-cell", "postcode": "EX8 1RY", "postcodes": ["EX8 1RY"]}, "geometry": {"type": "Polygon", "coordinates": [[[-3.4123208718520126, 50.623020252848974], [-3.4120868204794634, 50.62343456014716], [-3.411883255942012, 50.62347059374977], [-3.411862988448666, 50.6228964764612], [-3.412004377063298, 50.6228036338267], [-3.4123208718520126, 50.623020252848974]]]}}, {"type": "Feature", "properties": {"type": "postcode-cell", "postcode": "EX8 2AE", "postcodes": ["EX8 2AE"]}, "geometry": {"type": "MultiPolygon", "coordinates": [[[[-3.40989154970619, 50.6146108981157], [-3.409689989724328, 50.61449999466041], [-3.409724742774189, 50.614481734778145], [-3.40989154970619, 50.6146108981157]]], [[[-3.4113334769468526, 50.61674330668414], [-3.4104502784786055, 50.61693877088308], [-3.410209989723582, 50.61671999466213], [-3.4113762276118673, 50.61621680326121], [-3.4113334769468526, 50.61674330668414]]]]}}, {"type": "Feature", "properties": {"type": "postcode-cell", "postcode": "EX8 2RS", "postcodes": ["EX8 2RS"]}, "geometry": {"type": "Polygon", "coordinates": [[[-3.4120236449800485, 50.618270986000674], [-3.4115747330303283, 50.618542677822084], [-3.4109332776241104, 50.61813905194119], [-3.4111991809725306, 50.61805322644129], [-3.4120586578917003, 50.61819760511315], [-3.4120236449800485, 50.618270986000674]]]}}, {"type": "Feature", "properties": {"type": "postcode-cell", "postcode": "EX8 1AA", "postcodes": ["EX8 1AA", "EX8 2ZA", "EX8 5YP", "EX8 9AZ", "EX8 9BQ", "EX8 9BS", "EX8 9BY", "EX8 9DL", "EX8 9DT", "EX8 9EB", "EX8 9ES", "EX8 9EU", "EX8 9EW"]}, "geometry": {"type": "Polygon", "coordinates": [[[-3.4121790913145778, 50.61934719612295], [-3.4114455702613484, 50.6195284390068], [-3.4113988178526005, 50.61946239763618], [-3.4116535493110063, 50.61905239495278], [-3.411832355156839, 50.61897915836114], [-3.411982190509042, 50.61901894616394], [-3.4121790913145778, 50.61934719612295]]]}}, {"type": "Feature", "properties": {"type": "postcode-cell", "postcode": "EX8 2FB", "postcodes": ["EX8 2FB"]}, "geometry": {"type": "Polygon", "coordinates": [[[-3.411832355156839, 50.61897915836114], [-3.4116535493110063, 50.61905239495278], [-3.4110176035999764, 50.61897223715052], [-3.4109639198459427, 50.61885771089843], [-3.4116032751869048, 50.61861556048449], [-3.41172689704998, 50.618696787856976], [-3.411832355156839, 50.61897915836114]]]}}, {"type": "Feature", "properties": {"type": "postcode-cell", "postcode": "EX8 1PU", "postcodes": ["EX8 1PU"]}, "geometry": {"type": "Polygon", "coordinates": [[[-3.4123257637950615, 50.622202463265864], [-3.4118685608470773, 50.62255497381525], [-3.4115600860326696, 50.62261053228718], [-3.411233837642998, 50.622514062932005], [-3.411088300853629, 50.622015962181656], [-3.411287774346436, 50.62199537169225], [-3.412281528051076, 50.62215298436683], [-3.4123257637950615, 50.622202463265864]]]}}, {"type": "Feature", "properties": {"type": "postcode-cell", "postcode": "EX8 1PL", "postcodes": ["EX8 1PL"]}, "geometry": {"type": "Polygon", "coordinates": [[[-3.4117846133934346, 50.62079986280175], [-3.4115828588703905, 50.62114946104652], [-3.4112596054881776, 50.62114178159966], [-3.411143537533769, 50.62105263342842], [-3.4112890237920745, 50.62075506778069], [-3.411662511946732, 50.620596329161714], [-3.4117846133934346, 50.62079986280175]]]}}, {"type": "Feature", "properties": {"type": "postcode-cell", "postcode": "EX8 2SX", "postcodes": ["EX8 2SX"]}, "geometry": {"type": "Polygon", "coordinates": [[[-3.4115747330303283, 50.618542677822084], [-3.4116032751869048, 50.61861556048449], [-3.4109639198459427, 50.61885771089843], [-3.410590941843153, 50.61865565898561], [-3.410354228959819, 50.61832594804072], [-3.4109332776241104, 50.61813905194119], [-3.4115747330303283, 50.618542677822084]]]}}, {"type": "Feature", "properties": {"type": "postcode-cell", "postcode": "EX8 1HT", "postcodes": ["EX8 1HT"]}, "geometry": {"type": "Polygon", "coordinates": [[[-3.4114455702613484, 50.6195284390068], [-3.411438404263726, 50.61974513469873], [-3.41061395511759, 50.619602129242324], [-3.4104592681535086, 50.6195005444465], [-3.4105803486984874, 50.61931961654608], [-3.4108668061588308, 50.6192538362422], [-3.4113988178526005, 50.61946239763618], [-3.4114455702613484, 50.6195284390068]]]}}, {"type": "Feature", "properties": {"type": "postcode-cell", "postcode": "EX8 2AB", "postcodes": ["EX8 2AB"]}, "geometry": {"type": "Polygon", "coordinates": [[[-3.411552577165141, 50.617502062496314], [-3.4112020810198276, 50.61762324961867], [-3.4104502784786055, 50.61693877088308], [-3.4113334769468526, 50.61674330668414], [-3.4118550402554164, 50.61718609430976], [-3.411552577165141, 50.617502062496314]]]}}, {"type": "Feature", "properties": {"type": "postcode-cell", "postcode": "EX8 1PP", "postcodes": ["EX8 1PP"]}, "geometry": {"type": "Polygon", "coordinates": [[[-3.411952621673596, 50.6214649244465], [-3.4116123385714947, 50.6215622422404], [-3.4112174039629037, 50.62147792233822], [-3.4111314574290006, 50.62133879099406], [-3.4112596054881776, 50.62114178159966], [-3.4115828588703905, 50.62114946104652], [-3.4119044272799592, 50.621312658727824], [-3.411952621673596, 50.6214649244465]]]}}, {"type": "Feature", "properties": {"type": "postcode-cell", "postcode": "EX8 1JL", "postcodes": ["EX8 1JL"]}, "geometry": {"type": "Polygon", "coordinates": [[[-3.411662511946732, 50.620596329161714], [-3.4112890237920745, 50.62075506778069], [-3.4109809182213695, 50.62068058202188], [-3.4106956995314217, 50.62040837783638], [-3.41099156331873, 50.62017121157833], [-3.4112396090621107, 50.6201340922029], [-3.4117222017826436, 50.62044530630365], [-3.411662511946732, 50.620596329161714]]]}}, {"type": "Feature", "properties": {"type": "postcode-cell", "postcode": "EX8 1RZ", "postcodes": ["EX8 1RZ"]}, "geometry": {"type": "Polygon", "coordinates": [[[-3.4114367164636072, 50.62356374667572], [-3.411241246315008, 50.6234237124219], [-3.411209993855706, 50.62321309249615], [-3.4112918434876383, 50.62311680344517], [-3.411862988448666, 50.6228964764612], [-3.411883255942012, 50.62347059374977], [-3.4114367164636072, 50.62356374667572]]]}}, {"type": "Feature", "properties": {"type": "postcode-cell", "postcode": "EX8 1ST", "postcodes": ["EX8 1ST"]}, "geometry": {"type": "Polygon", "coordinates": [[[-3.411862988448666, 50.6228964764612], [-3.4112918434876383, 50.62311680344517], [-3.4115600860326696, 50.62261053228718], [-3.4118685608470773, 50.62255497381525], [-3.412004377063298, 50.6228036338267], [-3.411862988448666, 50.6228964764612]]]}}, {"type": "Feature", "properties": {"type": "postcode-cell", "postcode": "EX8 1QF", "postcodes": ["EX8 1QF"]}, "geometry": {"type": "Polygon", "coordinates": [[[-3.4120549907513387, 50.625964551960685], [-3.411134498618313, 50.62604754643173], [-3.4107605759030615, 50.62577837547309], [-3.4108132581744766, 50.625549276015725], [-3.4113539035981315, 50.625523519748135], [-3.4120549907513387, 50.625964551960685]]]}}, {"type": "Feature", "properties": {"type": "postcode-cell", "postcode": "EX8 1PE", "postcodes": ["EX8 1PE"]}, "geometry": {"type": "Polygon", "coordinates": [[[-3.4113988178526005, 50.61946239763618], [-3.4108668061588308, 50.6192538362422], [-3.4110176035999764, 50.61897223715052], [-3.4116535493110063, 50.61905239495278], [-3.4113988178526005, 50.61946239763618]]]}}, {"type": "Feature", "properties": {"type": "postcode-cell", "postcode": "EX8 1PX", "postcodes": ["EX8 1PX"]}, "geometry": {"type": "Polygon", "coordinates": [[[-3.4115600860326696, 50.62261053228718], [-3.4112918434876383, 50.62311680344517], [-3.411209993855706, 50.62321309249615], [-3.410620013962608, 50.62270888871238], [-3.411233837642998, 50.622514062932005], [-3.4115600860326696, 50.62261053228718]]]}}, {"type": "Feature", "properties": {"type": "postcode-cell", "postcode": "EX8 1QE", "postcodes": ["EX8 1QE"]}, "geometry": {"type": "Polygon", "coordinates": [[[-3.411772328505566, 50.62507381165539], [-3.4113539035981315, 50.625523519748135], [-3.4108132581744766, 50.625549276015725], [-3.41069574246426, 50.62546628176481], [-3.4112409927922096, 50.62482675514564], [-3.411759145825796, 50.62500724472683], [-3.411772328505566, 50.62507381165539]]]}}, {"type": "Feature", "properties": {"type": "postcode-cell", "postcode": "EX8 1QD", "postcodes": ["EX8 1QD"]}, "geometry": {"type": "Polygon", "coordinates": [[[-3.4118001896532046, 50.62417004586907], [-3.4110706955706505, 50.62460838216244], [-3.4106730628765134, 50.62404760165236], [-3.4114284592309025, 50.62360704186947], [-3.4118001896532046, 50.62417004586907]]]}}, {"type": "Feature", "properties": {"type": "postcode-cell", "postcode": "EX8 1PS", "postcodes": ["EX8 1PS"]}, "geometry": {"type": "Polygon", "coordinates": [[[-3.4116123385714947, 50.6215622422404], [-3.411287774346436, 50.62199537169225], [-3.411088300853629, 50.622015962181656], [-3.410986316615649, 50.621993370978], [-3.4109481934865964, 50.62177566155711], [-3.4112174039629037, 50.62147792233822], [-3.4116123385714947, 50.6215622422404]]]}}, {"type": "Feature", "properties": {"type": "postcode-cell", "postcode": "EX8 1JA", "postcodes": ["EX8 1JA"]}, "geometry": {"type": "Polygon", "coordinates": [[[-3.4114666975294554, 50.61980938534123], [-3.4112396090621107, 50.6201340922029], [-3.41099156331873, 50.62017121157833], [-3.410751567311529, 50.620053265570576], [-3.41061395511759, 50.619602129242324], [-3.411438404263726, 50.61974513469873], [-3.4114666975294554, 50.61980938534123]]]}}, {"type": "Feature", "properties": {"type": "postcode-cell", "postcode": "EX8 1PJ", "postcodes": ["EX8 1PJ"]}, "geometry": {"type": "Polygon", "coordinates": [[[-3.411143537533769, 50.62105263342842], [-3.4108758349066908, 50.62101539110891], [-3.4107880193795537, 50.62089477086383], [-3.4109809182213695, 50.62068058202188], [-3.4112890237920745, 50.62075506778069], [-3.411143537533769, 50.62105263342842]]]}}, {"type": "Feature", "properties": {"type": "postcode-cell", "postcode": "EX8 1LN", "postcodes": ["EX8 1LN"]}, "geometry": {"type": "Polygon", "coordinates": [[[-3.4112596054881776, 50.62114178159966], [-3.4111314574290006, 50.62133879099406], [-3.4108218338261005, 50.62138086139435], [-3.410614404543042, 50.62112901787643], [-3.4108758349066908, 50.62101539110891], [-3.411143537533769, 50.62105263342842], [-3.4112596054881776, 50.62114178159966]]]}}, {"type": "Feature", "properties": {"type": "postcode-cell", "postcode": "EX8 2TA", "postcodes": ["EX8 2TA"]}, "geometry": {"type": "Polygon", "coordinates": [[[-3.4110176035999764, 50.61897223715052], [-3.4108668061588308, 50.6192538362422], [-3.4105803486984874, 50.61931961654608], [-3.410298886887276, 50.619121104199415], [-3.410590941843153, 50.61865565898561], [-3.4109639198459427, 50.61885771089843], [-3.4110176035999764, 50.61897223715052]]]}}, {"type": "Feature", "properties": {"type": "postcode-cell", "postcode": "EX8 1QG", "postcodes": ["EX8 1QG"]}, "geometry": {"type": "Polygon", "coordinates": [[[-3.4102328835174633, 50.62611830940567], [-3.4107605759030615, 50.62577837547309], [-3.411134498618313, 50.62604754643173], [-3.4108523095895396, 50.626609098220094], [-3.4102221002605884, 50.62634558845766], [-3.4102328835174633, 50.62611830940567]]]}}, {"type": "Feature", "properties": {"type": "postcode-cell", "postcode": "EX8 1LH", "postcodes": ["EX8 1LH"]}, "geometry": {"type": "Polygon", "coordinates": [[[-3.4109481934865964, 50.62177566155711], [-3.4106456730884087, 50.621508301629994], [-3.4108218338261005, 50.62138086139435], [-3.4111314574290006, 50.62133879099406], [-3.4112174039629037, 50.62147792233822], [-3.4109481934865964, 50.62177566155711]]]}}, {"type": "Feature", "properties": {"type": "postcode-cell", "postcode": "EX8 1PY", "postcodes": ["EX8 1PY"]}, "geometry": {"type": "Polygon", "coordinates": [[[-3.411088300853629, 50.622015962181656], [-3.411233837642998, 50.622514062932005], [-3.410620013962608, 50.62270888871238], [-3.410324440621816, 50.6226433814496], [-3.410341470982139, 50.62239816255529], [-3.410938378563875, 50.62200287881869], [-3.410986316615649, 50.621993370978], [-3.411088300853629, 50.622015962181656]]]}}, {"type": "Feature", "properties": {"type": "postcode-cell", "postcode": "EX8 1PZ", "postcodes": ["EX8 1PZ"]}, "geometry": {"type": "Polygon", "coordinates": [[[-3.411241246315008, 50.6234237124219], [-3.4100026370890517, 50.623387074301114], [-3.4097773212291, 50.62309474501758], [-3.410136178008547, 50.622724962565975], [-3.410324440621816, 50.6226433814496], [-3.410620013962608, 50.62270888871238], [-3.411209993855706, 50.62321309249615], [-3.411241246315008, 50.6234237124219]]]}}, {"type": "Feature", "properties": {"type": "postcode-cell", "postcode": "EX8 1TW", "postcodes": ["EX8 1TW"]}, "geometry": {"type": "Polygon", "coordinates": [[[-3.4108132581744766, 50.625549276015725], [-3.4107605759030615, 50.62577837547309], [-3.4102328835174633, 50.62611830940567], [-3.4097071303105153, 50.62574297423115], [-3.410198454475343, 50.62531551253468], [-3.41069574246426, 50.62546628176481], [-3.4108132581744766, 50.625549276015725]]]}}, {"type": "Feature", "properties": {"type": "postcode-cell", "postcode": "EX8 1QH", "postcodes": ["EX8 1QH"]}, "geometry": {"type": "Polygon", "coordinates": [[[-3.4110440946607437, 50.62466384723376], [-3.409950666041273, 50.62480246779132], [-3.409970797904522, 50.62407555981374], [-3.4106730628765134, 50.62404760165236], [-3.4110706955706505, 50.62460838216244], [-3.4110440946607437, 50.62466384723376]]]}}, {"type": "Feature", "properties": {"type": "postcode-cell", "postcode": "EX8 1QQ", "postcodes": ["EX8 1QQ"]}, "geometry": {"type": "Polygon", "coordinates": [[[-3.4112409927922096, 50.62482675514564], [-3.41069574246426, 50.62546628176481], [-3.410198454475343, 50.62531551253468], [-3.4099169548292867, 50.62492210685245], [-3.4099237822326662, 50.6248614346212], [-3.4099488256845425, 50.62480391010342], [-3.409950666041273, 50.62480246779132], [-3.4110440946607437, 50.62466384723376], [-3.4112409927922096, 50.62482675514564]]]}}, {"type": "Feature", "properties": {"type": "postcode-cell", "postcode": "EX8 2SY", "postcodes": ["EX8 2SY"]}, "geometry": {"type": "Polygon", "coordinates": [[[-3.410590941843153, 50.61865565898561], [-3.410298886887276, 50.619121104199415], [-3.4099633259478517, 50.619092631923934], [-3.4094877538187944, 50.61860560696724], [-3.410354228959819, 50.61832594804072], [-3.410590941843153, 50.61865565898561]]]}}, {"type": "Feature", "properties": {"type": "postcode-cell", "postcode": "EX8 1LR", "postcodes": ["EX8 1LR"]}, "geometry": {"type": "Polygon", "coordinates": [[[-3.4109809182213695, 50.62068058202188], [-3.4107880193795537, 50.62089477086383], [-3.4103159576928674, 50.62068188619743], [-3.4104914654864324, 50.62047748022226], [-3.4106956995314217, 50.62040837783638], [-3.4109809182213695, 50.62068058202188]]]}}, {"type": "Feature", "properties": {"type": "postcode-cell", "postcode": "EX8 1UD", "postcodes": ["EX8 1UD"]}, "geometry": {"type": "Polygon", "coordinates": [[[-3.41099156331873, 50.62017121157833], [-3.4106956995314217, 50.62040837783638], [-3.4104914654864324, 50.62047748022226], [-3.4101113633630473, 50.620297553283514], [-3.4100383285407307, 50.62021806161577], [-3.4100652529386775, 50.61991730421295], [-3.410751567311529, 50.620053265570576], [-3.41099156331873, 50.62017121157833]]]}}, {"type": "Feature", "properties": {"type": "postcode-cell", "postcode": "EX8 1LQ", "postcodes": ["EX8 1LQ"]}, "geometry": {"type": "Polygon", "coordinates": [[[-3.4109481934865964, 50.62177566155711], [-3.410986316615649, 50.621993370978], [-3.410938378563875, 50.62200287881869], [-3.4103371487316987, 50.621844794364776], [-3.410360959774419, 50.621551258310234], [-3.4104505601936714, 50.62149597674894], [-3.4106456730884087, 50.621508301629994], [-3.4109481934865964, 50.62177566155711]]]}}, {"type": "Feature", "properties": {"type": "postcode-cell", "postcode": "EX8 1LL", "postcodes": ["EX8 1LL"]}, "geometry": {"type": "Polygon", "coordinates": [[[-3.4108218338261005, 50.62138086139435], [-3.4106456730884087, 50.621508301629994], [-3.4104505601936714, 50.62149597674894], [-3.410300254542562, 50.62124673826437], [-3.410344610497035, 50.62114474305405], [-3.410614404543042, 50.62112901787643], [-3.4108218338261005, 50.62138086139435]]]}}, {"type": "Feature", "properties": {"type": "postcode-cell", "postcode": "EX8 1LP", "postcodes": ["EX8 1LP"]}, "geometry": {"type": "Polygon", "coordinates": [[[-3.4108758349066908, 50.62101539110891], [-3.410614404543042, 50.62112901787643], [-3.410344610497035, 50.62114474305405], [-3.4102577735504522, 50.621066827726615], [-3.4102351719080697, 50.62071980732905], [-3.4103159576928674, 50.62068188619743], [-3.4107880193795537, 50.62089477086383], [-3.4108758349066908, 50.62101539110891]]]}}, {"type": "Feature", "properties": {"type": "postcode-cell", "postcode": "EX8 1HZ", "postcodes": ["EX8 1HZ"]}, "geometry": {"type": "Polygon", "coordinates": [[[-3.41061395511759, 50.619602129242324], [-3.410751567311529, 50.620053265570576], [-3.4100652529386775, 50.61991730421295], [-3.4098261870577864, 50.61971895137017], [-3.4104592681535086, 50.6195005444465], [-3.41061395511759, 50.619602129242324]]]}}, {"type": "Feature", "properties": {"type": "postcode-cell", "postcode": "EX8 1HU", "postcodes": ["EX8 1HU"]}, "geometry": {"type": "Polygon", "coordinates": [[[-3.4105803486984874, 50.61931961654608], [-3.4104592681535086, 50.6195005444465], [-3.4098261870577864, 50.61971895137017], [-3.409677727579847, 50.619695516736776], [-3.4095477876910874, 50.61965020643326], [-3.4095331171205565, 50.61956837566582], [-3.4099633259478517, 50.619092631923934], [-3.410298886887276, 50.619121104199415], [-3.4105803486984874, 50.61931961654608]]]}}, {"type": "Feature", "properties": {"type": "postcode-cell", "postcode": "EX8 1TE", "postcodes": ["EX8 1TE"]}, "geometry": {"type": "Polygon", "coordinates": [[[-3.408835943052251, 50.62584580386939], [-3.408916537955189, 50.62580656598894], [-3.4097071303105153, 50.62574297423115], [-3.4102328835174633, 50.62611830940567], [-3.4102221002605884, 50.62634558845766], [-3.4098499897187917, 50.62618999466948], [-3.4086968175346994, 50.6259854783851], [-3.408835943052251, 50.62584580386939]]]}}, {"type": "Feature", "properties": {"type": "postcode-cell", "postcode": "EX8 1JJ", "postcodes": ["EX8 1JJ"]}, "geometry": {"type": "Polygon", "coordinates": [[[-3.4103159576928674, 50.62068188619743], [-3.4102351719080697, 50.62071980732905], [-3.4098958694858896, 50.62070863667452], [-3.4096071295213313, 50.62060973632763], [-3.4095944853505036, 50.62058371024278], [-3.4101113633630473, 50.620297553283514], [-3.4104914654864324, 50.62047748022226], [-3.4103159576928674, 50.62068188619743]]]}}, {"type": "Feature", "properties": {"type": "postcode-cell", "postcode": "EX8 1LF", "postcodes": ["EX8 1LF"]}, "geometry": {"type": "Polygon", "coordinates": [[[-3.410938378563875, 50.62200287881869], [-3.410341470982139, 50.62239816255529], [-3.409687553565448, 50.62196370142551], [-3.4103371487316987, 50.621844794364776], [-3.410938378563875, 50.62200287881869]]]}}, {"type": "Feature", "properties": {"type": "postcode-cell", "postcode": "EX8 1LG", "postcodes": ["EX8 1LG"]}, "geometry": {"type": "Polygon", "coordinates": [[[-3.4103371487316987, 50.621844794364776], [-3.409687553565448, 50.62196370142551], [-3.409486627717902, 50.62192103483014], [-3.409479745084055, 50.621913386591885], [-3.409948218167431, 50.62155656108843], [-3.410360959774419, 50.621551258310234], [-3.4103371487316987, 50.621844794364776]]]}}, {"type": "Feature", "properties": {"type": "postcode-cell", "postcode": "EX8 1LJ", "postcodes": ["EX8 1LJ"]}, "geometry": {"type": "Polygon", "coordinates": [[[-3.410360959774419, 50.621551258310234], [-3.409948218167431, 50.62155656108843], [-3.4099215510396372, 50.62135807759369], [-3.410300254542562, 50.62124673826437], [-3.4104505601936714, 50.62149597674894], [-3.410360959774419, 50.621551258310234]]]}}, {"type": "Feature", "properties": {"type": "postcode-cell", "postcode": "EX8 1EX", "postcodes": ["EX8 1EX"]}, "geometry": {"type": "Polygon", "coordinates": [[[-3.409687553565448, 50.62196370142551], [-3.410341470982139, 50.62239816255529], [-3.410324440621816, 50.6226433814496], [-3.410136178008547, 50.622724962565975], [-3.4092651987562546, 50.62234624414917], [-3.409486627717902, 50.62192103483014], [-3.409687553565448, 50.62196370142551]]]}}, {"type": "Feature", "properties": {"type": "postcode-cell", "postcode": "EX8 1QJ", "postcodes": ["EX8 1QJ"]}, "geometry": {"type": "Polygon", "coordinates": [[[-3.409950666041273, 50.62480246779132], [-3.4099488256845425, 50.62480391010342], [-3.4087591775178745, 50.624402558259085], [-3.4091383572548697, 50.623911454776106], [-3.409707924699613, 50.62388296498537], [-3.409970797904522, 50.62407555981374], [-3.409950666041273, 50.62480246779132]]]}}, {"type": "Feature", "properties": {"type": "postcode-cell", "postcode": "EX8 1JF", "postcodes": ["EX8 1JF"]}, "geometry": {"type": "Polygon", "coordinates": [[[-3.4100383285407307, 50.62021806161577], [-3.409549404876477, 50.62029440055329], [-3.409677727579847, 50.619695516736776], [-3.4098261870577864, 50.61971895137017], [-3.4100652529386775, 50.61991730421295], [-3.4100383285407307, 50.62021806161577]]]}}, {"type": "Feature", "properties": {"type": "postcode-cell", "postcode": "EX8 2SZ", "postcodes": ["EX8 2SZ"]}, "geometry": {"type": "Polygon", "coordinates": [[[-3.4099633259478517, 50.619092631923934], [-3.4095331171205565, 50.61956837566582], [-3.408819979376435, 50.618821127674806], [-3.4094877538187944, 50.61860560696724], [-3.4099633259478517, 50.619092631923934]]]}}, {"type": "Feature", "properties": {"type": "postcode-cell", "postcode": "EX8 1BW", "postcodes": ["EX8 1BW"]}, "geometry": {"type": "Polygon", "coordinates": [[[-3.410300254542562, 50.62124673826437], [-3.4099215510396372, 50.62135807759369], [-3.409624859588957, 50.62123068335362], [-3.4096454753601537, 50.62112345586178], [-3.409695524793915, 50.621099737474005], [-3.4102577735504522, 50.621066827726615], [-3.410344610497035, 50.62114474305405], [-3.410300254542562, 50.62124673826437]]]}}, {"type": "Feature", "properties": {"type": "postcode-cell", "postcode": "EX8 1LB", "postcodes": ["EX8 1LB"]}, "geometry": {"type": "Polygon", "coordinates": [[[-3.409948218167431, 50.62155656108843], [-3.409479745084055, 50.621913386591885], [-3.408933093829367, 50.62163475689157], [-3.409624859588957, 50.62123068335362], [-3.4099215510396372, 50.62135807759369], [-3.409948218167431, 50.62155656108843]]]}}, {"type": "Feature", "properties": {"type": "postcode-cell", "postcode": "EX8 1QN", "postcodes": ["EX8 1QN"]}, "geometry": {"type": "Polygon", "coordinates": [[[-3.4100026370890517, 50.623387074301114], [-3.409707924699613, 50.62388296498537], [-3.4091383572548697, 50.623911454776106], [-3.4087741732964574, 50.62370894161847], [-3.408734426838991, 50.623482072467894], [-3.4091683432438185, 50.623028455864656], [-3.4097773212291, 50.62309474501758], [-3.4100026370890517, 50.623387074301114]]]}}, {"type": "Feature", "properties": {"type": "postcode-cell", "postcode": "EX8 1TN", "postcodes": ["EX8 1TN"]}, "geometry": {"type": "Polygon", "coordinates": [[[-3.410198454475343, 50.62531551253468], [-3.4097071303105153, 50.62574297423115], [-3.408916537955189, 50.62580656598894], [-3.4091436540295446, 50.62526738613243], [-3.4099169548292867, 50.62492210685245], [-3.410198454475343, 50.62531551253468]]]}}, {"type": "Feature", "properties": {"type": "postcode-cell", "postcode": "EX8 1LE", "postcodes": ["EX8 1LE"]}, "geometry": {"type": "Polygon", "coordinates": [[[-3.4098958694858896, 50.62070863667452], [-3.409695524793915, 50.621099737474005], [-3.4096454753601537, 50.62112345586178], [-3.409356349661068, 50.620972163279575], [-3.409318360415383, 50.62080665906299], [-3.4096071295213313, 50.62060973632763], [-3.4098958694858896, 50.62070863667452]]]}}, {"type": "Feature", "properties": {"type": "postcode-cell", "postcode": "EX8 1JE", "postcodes": ["EX8 1JE"]}, "geometry": {"type": "Polygon", "coordinates": [[[-3.4101113633630473, 50.620297553283514], [-3.4095944853505036, 50.62058371024278], [-3.4094176521704953, 50.6204017313074], [-3.40942217500131, 50.62039446259003], [-3.409549404876477, 50.62029440055329], [-3.4100383285407307, 50.62021806161577], [-3.4101113633630473, 50.620297553283514]]]}}, {"type": "Feature", "properties": {"type": "postcode-cell", "postcode": "EX8 1LW", "postcodes": ["EX8 1LW"]}, "geometry": {"type": "Polygon", "coordinates": [[[-3.4098958694858896, 50.62070863667452], [-3.4102351719080697, 50.62071980732905], [-3.4102577735504522, 50.621066827726615], [-3.409695524793915, 50.621099737474005], [-3.4098958694858896, 50.62070863667452]]]}}, {"type": "Feature", "properties": {"type": "postcode-cell", "postcode": "EX8 1QS", "postcodes": ["EX8 1QS"]}, "geometry": {"type": "Polygon", "coordinates": [[[-3.4097773212291, 50.62309474501758], [-3.4091683432438185, 50.623028455864656], [-3.4088217220925694, 50.622766982154076], [-3.408798076117098, 50.622604905903444], [-3.4092651987562546, 50.62234624414917], [-3.410136178008547, 50.622724962565975], [-3.4097773212291, 50.62309474501758]]]}}, {"type": "Feature", "properties": {"type": "postcode-cell", "postcode": "EX8 1JG", "postcodes": ["EX8 1JG"]}, "geometry": {"type": "Polygon", "coordinates": [[[-3.40942217500131, 50.62039446259003], [-3.4090625637166743, 50.61978675237146], [-3.4095477876910874, 50.61965020643326], [-3.409677727579847, 50.619695516736776], [-3.409549404876477, 50.62029440055329], [-3.40942217500131, 50.62039446259003]]]}}, {"type": "Feature", "properties": {"type": "postcode-cell", "postcode": "EX8 1JZ", "postcodes": ["EX8 1JZ"]}, "geometry": {"type": "Polygon", "coordinates": [[[-3.409479745084055, 50.621913386591885], [-3.409486627717902, 50.62192103483014], [-3.4092651987562546, 50.62234624414917], [-3.408798076117098, 50.622604905903444], [-3.4081394057264087, 50.622279954642806], [-3.4081453399872923, 50.622116890480854], [-3.4088279937268373, 50.62161523226641], [-3.408933093829367, 50.62163475689157], [-3.409479745084055, 50.621913386591885]]]}}, {"type": "Feature", "properties": {"type": "postcode-cell", "postcode": "EX8 1JH", "postcodes": ["EX8 1JH"]}, "geometry": {"type": "Polygon", "coordinates": [[[-3.4096071295213313, 50.62060973632763], [-3.409318360415383, 50.62080665906299], [-3.4092658882250557, 50.62080082574024], [-3.408669727605545, 50.62056920074254], [-3.408617408515066, 50.620431099207394], [-3.40867150200036, 50.62040104580413], [-3.4094176521704953, 50.6204017313074], [-3.4095944853505036, 50.62058371024278], [-3.4096071295213313, 50.62060973632763]]]}}, {"type": "Feature", "properties": {"type": "postcode-cell", "postcode": "EX8 1HY", "postcodes": ["EX8 1HY"]}, "geometry": {"type": "Polygon", "coordinates": [[[-3.4095331171205565, 50.61956837566582], [-3.4095477876910874, 50.61965020643326], [-3.4090625637166743, 50.61978675237146], [-3.4088943342406335, 50.61980982694453], [-3.4079240427999915, 50.61951143707347], [-3.4077699897208835, 50.61915999466407], [-3.408819979376435, 50.618821127674806], [-3.4095331171205565, 50.61956837566582]]]}}, {"type": "Feature", "properties": {"type": "postcode-cell", "postcode": "EX8 1JQ", "postcodes": ["EX8 1JQ"]}, "geometry": {"type": "Polygon", "coordinates": [[[-3.4094176521704953, 50.6204017313074], [-3.40867150200036, 50.62040104580413], [-3.4088943342406335, 50.61980982694453], [-3.4090625637166743, 50.61978675237146], [-3.40942217500131, 50.62039446259003], [-3.4094176521704953, 50.6204017313074]]]}}, {"type": "Feature", "properties": {"type": "postcode-cell", "postcode": "EX8 1LD", "postcodes": ["EX8 1LD"]}, "geometry": {"type": "Polygon", "coordinates": [[[-3.409624859588957, 50.62123068335362], [-3.408933093829367, 50.62163475689157], [-3.4088279937268373, 50.62161523226641], [-3.4086693610903973, 50.62146084968262], [-3.408883767305886, 50.62117554991026], [-3.409356349661068, 50.620972163279575], [-3.4096454753601537, 50.62112345586178], [-3.409624859588957, 50.62123068335362]]]}}, {"type": "Feature", "properties": {"type": "postcode-cell", "postcode": "EX8 1TJ", "postcodes": ["EX8 1TJ"]}, "geometry": {"type": "Polygon", "coordinates": [[[-3.404142780005408, 50.62491532829814], [-3.4057949795597904, 50.62488341883866], [-3.4075042799670694, 50.625565408285894], [-3.407584207243778, 50.62578814324391], [-3.4071999897173644, 50.62571999466921], [-3.4057399897160012, 50.626659994669936], [-3.40394998971479, 50.62685999467013], [-3.402589989714226, 50.626269994669684], [-3.402424971810299, 50.62611748245486], [-3.404142780005408, 50.62491532829814]]]}}, {"type": "Feature", "properties": {"type": "postcode-cell", "postcode": "EX8 1TH", "postcodes": ["EX8 1TH"]}, "geometry": {"type": "Polygon", "coordinates": [[[-3.408835943052251, 50.62584580386939], [-3.408135887263612, 50.6250581520094], [-3.4084264222315688, 50.62491057370037], [-3.4091436540295446, 50.62526738613243], [-3.408916537955189, 50.62580656598894], [-3.408835943052251, 50.62584580386939]]]}}, {"type": "Feature", "properties": {"type": "postcode-cell", "postcode": "EX8 1LT", "postcodes": ["EX8 1LT"]}, "geometry": {"type": "Polygon", "coordinates": [[[-3.409356349661068, 50.620972163279575], [-3.408883767305886, 50.62117554991026], [-3.4088635623413963, 50.62093607677732], [-3.4092658882250557, 50.62080082574024], [-3.409318360415383, 50.62080665906299], [-3.409356349661068, 50.620972163279575]]]}}, {"type": "Feature", "properties": {"type": "postcode-cell", "postcode": "EX8 1TG", "postcodes": ["EX8 1TG"]}, "geometry": {"type": "Polygon", "coordinates": [[[-3.4099488256845425, 50.62480391010342], [-3.4099237822326662, 50.6248614346212], [-3.4084478158540046, 50.62488001719134], [-3.4085177490031144, 50.62454314859239], [-3.408726555870406, 50.62441382459443], [-3.4087591775178745, 50.624402558259085], [-3.4099488256845425, 50.62480391010342]]]}}, {"type": "Feature", "properties": {"type": "postcode-cell", "postcode": "EX8 1TF", "postcodes": ["EX8 1TF"]}, "geometry": {"type": "Polygon", "coordinates": [[[-3.4099169548292867, 50.62492210685245], [-3.4091436540295446, 50.62526738613243], [-3.4084264222315688, 50.62491057370037], [-3.4084478158540046, 50.62488001719134], [-3.4099237822326662, 50.6248614346212], [-3.4099169548292867, 50.62492210685245]]]}}, {"type": "Feature", "properties": {"type": "postcode-cell", "postcode": "EX8 1QU", "postcodes": ["EX8 1QU"]}, "geometry": {"type": "Polygon", "coordinates": [[[-3.4091383572548697, 50.623911454776106], [-3.4087591775178745, 50.624402558259085], [-3.408726555870406, 50.62441382459443], [-3.4079323513485162, 50.623865074623374], [-3.4087741732964574, 50.62370894161847], [-3.4091383572548697, 50.623911454776106]]]}}, {"type": "Feature", "properties": {"type": "postcode-cell", "postcode": "EX8 1JN", "postcodes": ["EX8 1JN"]}, "geometry": {"type": "Polygon", "coordinates": [[[-3.408617408515066, 50.620431099207394], [-3.4083179200018847, 50.62040996656422], [-3.4079240427999915, 50.61951143707347], [-3.4088943342406335, 50.61980982694453], [-3.40867150200036, 50.62040104580413], [-3.408617408515066, 50.620431099207394]]]}}, {"type": "Feature", "properties": {"type": "postcode-cell", "postcode": "EX8 1LS", "postcodes": ["EX8 1LS"]}, "geometry": {"type": "Polygon", "coordinates": [[[-3.4092658882250557, 50.62080082574024], [-3.4088635623413963, 50.62093607677732], [-3.408633401322249, 50.62072885347397], [-3.408669727605545, 50.62056920074254], [-3.4092658882250557, 50.62080082574024]]]}}, {"type": "Feature", "properties": {"type": "postcode-cell", "postcode": "EX8 1JT", "postcodes": ["EX8 1JT"]}, "geometry": {"type": "Polygon", "coordinates": [[[-3.4086693610903973, 50.62146084968262], [-3.4083229792981946, 50.621330559063686], [-3.408218182606503, 50.62105163098827], [-3.408633401322249, 50.62072885347397], [-3.4088635623413963, 50.62093607677732], [-3.408883767305886, 50.62117554991026], [-3.4086693610903973, 50.62146084968262]]]}}, {"type": "Feature", "properties": {"type": "postcode-cell", "postcode": "EX8 1QR", "postcodes": ["EX8 1QR"]}, "geometry": {"type": "Polygon", "coordinates": [[[-3.4091683432438185, 50.623028455864656], [-3.408734426838991, 50.623482072467894], [-3.4078561240339664, 50.62316180084589], [-3.4078548871951986, 50.623122260111494], [-3.4088217220925694, 50.622766982154076], [-3.4091683432438185, 50.623028455864656]]]}}, {"type": "Feature", "properties": {"type": "postcode-cell", "postcode": "EX8 1JR", "postcodes": ["EX8 1JR"]}, "geometry": {"type": "Polygon", "coordinates": [[[-3.408669727605545, 50.62056920074254], [-3.408633401322249, 50.62072885347397], [-3.408218182606503, 50.62105163098827], [-3.4077728580579407, 50.620778896448726], [-3.4084099897205795, 50.6206199946652], [-3.4083179200018847, 50.62040996656422], [-3.408617408515066, 50.620431099207394], [-3.408669727605545, 50.62056920074254]]]}}, {"type": "Feature", "properties": {"type": "postcode-cell", "postcode": "EX8 1JS", "postcodes": ["EX8 1JS"]}, "geometry": {"type": "Polygon", "coordinates": [[[-3.407338000203803, 50.621474063475404], [-3.407138291123299, 50.62165190268746], [-3.406504707002916, 50.621825716045684], [-3.405739844681232, 50.621285903289575], [-3.4072422866019276, 50.62091121846047], [-3.407338000203803, 50.621474063475404]]]}}, {"type": "Feature", "properties": {"type": "postcode-cell", "postcode": "EX8 1JY", "postcodes": ["EX8 1JY"]}, "geometry": {"type": "Polygon", "coordinates": [[[-3.4088217220925694, 50.622766982154076], [-3.4078548871951986, 50.623122260111494], [-3.4077062033887464, 50.62299606604844], [-3.4078886033102003, 50.622395654165146], [-3.4081394057264087, 50.622279954642806], [-3.408798076117098, 50.622604905903444], [-3.4088217220925694, 50.622766982154076]]]}}, {"type": "Feature", "properties": {"type": "postcode-cell", "postcode": "EX8 1SU", "postcodes": ["EX8 1SU"]}, "geometry": {"type": "Polygon", "coordinates": [[[-3.4084264222315688, 50.62491057370037], [-3.408135887263612, 50.6250581520094], [-3.4079899779330196, 50.62507439373234], [-3.40702080745138, 50.62462403636047], [-3.407451889159762, 50.62429295583386], [-3.4085177490031144, 50.62454314859239], [-3.4084478158540046, 50.62488001719134], [-3.4084264222315688, 50.62491057370037]]]}}, {"type": "Feature", "properties": {"type": "postcode-cell", "postcode": "EX8 1JX", "postcodes": ["EX8 1JX"]}, "geometry": {"type": "Polygon", "coordinates": [[[-3.4088279937268373, 50.62161523226641], [-3.4081453399872923, 50.622116890480854], [-3.407138291123299, 50.62165190268746], [-3.407338000203803, 50.621474063475404], [-3.4083229792981946, 50.621330559063686], [-3.4086693610903973, 50.62146084968262], [-3.4088279937268373, 50.62161523226641]]]}}, {"type": "Feature", "properties": {"type": "postcode-cell", "postcode": "EX8 1TL", "postcodes": ["EX8 1TL"]}, "geometry": {"type": "Polygon", "coordinates": [[[-3.4086968175346994, 50.6259854783851], [-3.407584207243778, 50.62578814324391], [-3.4075042799670694, 50.625565408285894], [-3.4079899779330196, 50.62507439373234], [-3.408135887263612, 50.6250581520094], [-3.408835943052251, 50.62584580386939], [-3.4086968175346994, 50.6259854783851]]]}}, {"type": "Feature", "properties": {"type": "postcode-cell", "postcode": "EX8 2LH", "postcodes": ["EX8 2LH"]}, "geometry": {"type": "Polygon", "coordinates": [[[-3.4050295051042574, 50.622353438114985], [-3.405022226678137, 50.62236031090271], [-3.4035688996090108, 50.62219319849873], [-3.403274610395514, 50.62190264006432], [-3.4031474332194875, 50.62145519973847], [-3.4036399897172886, 50.621279994665805], [-3.4043599897175665, 50.62162999466603], [-3.404867437597424, 50.621503455987444], [-3.4050295051042574, 50.622353438114985]]]}}, {"type": "Feature", "properties": {"type": "postcode-cell", "postcode": "EX8 1QL", "postcodes": ["EX8 1QL"]}, "geometry": {"type": "Polygon", "coordinates": [[[-3.408726555870406, 50.62441382459443], [-3.4085177490031144, 50.62454314859239], [-3.407451889159762, 50.62429295583386], [-3.407498492452451, 50.624098410777854], [-3.4077358297639315, 50.62386401368633], [-3.4079323513485162, 50.623865074623374], [-3.408726555870406, 50.62441382459443]]]}}, {"type": "Feature", "properties": {"type": "postcode-cell", "postcode": "EX8 1QW", "postcodes": ["EX8 1QW"]}, "geometry": {"type": "Polygon", "coordinates": [[[-3.4087741732964574, 50.62370894161847], [-3.4079323513485162, 50.623865074623374], [-3.4077358297639315, 50.62386401368633], [-3.407569107027084, 50.62350153960353], [-3.4078561240339664, 50.62316180084589], [-3.408734426838991, 50.623482072467894], [-3.4087741732964574, 50.62370894161847]]]}}, {"type": "Feature", "properties": {"type": "postcode-cell", "postcode": "EX8 1JU", "postcodes": ["EX8 1JU"]}, "geometry": {"type": "Polygon", "coordinates": [[[-3.408218182606503, 50.62105163098827], [-3.4083229792981946, 50.621330559063686], [-3.407338000203803, 50.621474063475404], [-3.4072422866019276, 50.62091121846047], [-3.4077728580579407, 50.620778896448726], [-3.408218182606503, 50.62105163098827]]]}}, {"type": "Feature", "properties": {"type": "postcode-cell", "postcode": "EX8 1QT", "postcodes": ["EX8 1QT"]}, "geometry": {"type": "Polygon", "coordinates": [[[-3.4077358297639315, 50.62386401368633], [-3.407498492452451, 50.624098410777854], [-3.405962739790397, 50.62357957520603], [-3.4063476323720128, 50.623391891811515], [-3.407569107027084, 50.62350153960353], [-3.4077358297639315, 50.62386401368633]]]}}, {"type": "Feature", "properties": {"type": "postcode-cell", "postcode": "EX8 1TY", "postcodes": ["EX8 1TY"]}, "geometry": {"type": "Polygon", "coordinates": [[[-3.4077062033887464, 50.62299606604844], [-3.407187542840071, 50.622885618967075], [-3.407336844036245, 50.62239609789675], [-3.4078886033102003, 50.622395654165146], [-3.4077062033887464, 50.62299606604844]]]}}, {"type": "Feature", "properties": {"type": "postcode-cell", "postcode": "EX8 1QP", "postcodes": ["EX8 1QP"]}, "geometry": {"type": "Polygon", "coordinates": [[[-3.4078561240339664, 50.62316180084589], [-3.407569107027084, 50.62350153960353], [-3.4063476323720128, 50.623391891811515], [-3.406656771067013, 50.62292835522711], [-3.407187542840071, 50.622885618967075], [-3.4077062033887464, 50.62299606604844], [-3.4078548871951986, 50.623122260111494], [-3.4078561240339664, 50.62316180084589]]]}}, {"type": "Feature", "properties": {"type": "postcode-cell", "postcode": "EX8 1TQ", "postcodes": ["EX8 1TQ"]}, "geometry": {"type": "Polygon", "coordinates": [[[-3.4079899779330196, 50.62507439373234], [-3.4075042799670694, 50.625565408285894], [-3.4057949795597904, 50.62488341883866], [-3.40702080745138, 50.62462403636047], [-3.4079899779330196, 50.62507439373234]]]}}, {"type": "Feature", "properties": {"type": "postcode-cell", "postcode": "EX8 1TX", "postcodes": ["EX8 1TX"]}, "geometry": {"type": "Polygon", "coordinates": [[[-3.4078886033102003, 50.622395654165146], [-3.407336844036245, 50.62239609789675], [-3.406442447620598, 50.62208107726269], [-3.406504707002916, 50.621825716045684], [-3.407138291123299, 50.62165190268746], [-3.4081453399872923, 50.622116890480854], [-3.4081394057264087, 50.622279954642806], [-3.4078886033102003, 50.622395654165146]]]}}, {"type": "Feature", "properties": {"type": "postcode-cell", "postcode": "EX8 1TD", "postcodes": ["EX8 1TD"]}, "geometry": {"type": "Polygon", "coordinates": [[[-3.4057949795597904, 50.62488341883866], [-3.404142780005408, 50.62491532829814], [-3.4043661218806203, 50.62445862885626], [-3.4057812983841877, 50.62362740598556], [-3.405962739790397, 50.62357957520603], [-3.407498492452451, 50.624098410777854], [-3.407451889159762, 50.62429295583386], [-3.40702080745138, 50.62462403636047], [-3.4057949795597904, 50.62488341883866]]]}}, {"type": "Feature", "properties": {"type": "postcode-cell", "postcode": "EX8 1TU", "postcodes": ["EX8 1TU"]}, "geometry": {"type": "Polygon", "coordinates": [[[-3.407187542840071, 50.622885618967075], [-3.406656771067013, 50.62292835522711], [-3.406402413943945, 50.62251272283198], [-3.406439452966737, 50.62208409501758], [-3.406442447620598, 50.62208107726269], [-3.407336844036245, 50.62239609789675], [-3.407187542840071, 50.622885618967075]]]}}, {"type": "Feature", "properties": {"type": "postcode-cell", "postcode": "EX8 2JX", "postcodes": ["EX8 2JX"]}, "geometry": {"type": "Polygon", "coordinates": [[[-3.4063476323720128, 50.623391891811515], [-3.405962739790397, 50.62357957520603], [-3.4057812983841877, 50.62362740598556], [-3.405562172762666, 50.62281667328943], [-3.406402413943945, 50.62251272283198], [-3.406656771067013, 50.62292835522711], [-3.4063476323720128, 50.623391891811515]]]}}, {"type": "Feature", "properties": {"type": "postcode-cell", "postcode": "EX8 2JS", "postcodes": ["EX8 2JS"]}, "geometry": {"type": "Polygon", "coordinates": [[[-3.403274610395514, 50.62190264006432], [-3.4020967321385696, 50.62284823295916], [-3.4007230089020974, 50.62313634593231], [-3.400209989714562, 50.62249999466681], [-3.4031474332194875, 50.62145519973847], [-3.403274610395514, 50.62190264006432]]]}}, {"type": "Feature", "properties": {"type": "postcode-cell", "postcode": "EX8 1JD", "postcodes": ["EX8 1JD"]}, "geometry": {"type": "Polygon", "coordinates": [[[-3.406439452966737, 50.62208409501758], [-3.4050295051042574, 50.622353438114985], [-3.404867437597424, 50.621503455987444], [-3.405739844681232, 50.621285903289575], [-3.406504707002916, 50.621825716045684], [-3.406442447620598, 50.62208107726269], [-3.406439452966737, 50.62208409501758]]]}}, {"type": "Feature", "properties": {"type": "postcode-cell", "postcode": "EX8 2LL", "postcodes": ["EX8 2LL"]}, "geometry": {"type": "Polygon", "coordinates": [[[-3.405024436055321, 50.622516779388654], [-3.405562172762666, 50.62281667328943], [-3.4057812983841877, 50.62362740598556], [-3.4043661218806203, 50.62445862885626], [-3.404030272860357, 50.623380630487084], [-3.405024436055321, 50.622516779388654]]]}}, {"type": "Feature", "properties": {"type": "postcode-cell", "postcode": "EX8 2LJ", "postcodes": ["EX8 2LJ"]}, "geometry": {"type": "Polygon", "coordinates": [[[-3.404030272860357, 50.623380630487084], [-3.4037089227986006, 50.62308373791658], [-3.4035688996090108, 50.62219319849873], [-3.405022226678137, 50.62236031090271], [-3.405024436055321, 50.622516779388654], [-3.404030272860357, 50.623380630487084]]]}}, {"type": "Feature", "properties": {"type": "postcode-cell", "postcode": "EX8 1TT", "postcodes": ["EX8 1TT"]}, "geometry": {"type": "Polygon", "coordinates": [[[-3.406402413943945, 50.62251272283198], [-3.405562172762666, 50.62281667328943], [-3.405024436055321, 50.622516779388654], [-3.405022226678137, 50.62236031090271], [-3.4050295051042574, 50.622353438114985], [-3.406439452966737, 50.62208409501758], [-3.406402413943945, 50.62251272283198]]]}}, {"type": "Feature", "properties": {"type": "postcode-cell", "postcode": "EX8 2JY", "postcodes": ["EX8 2JY"]}, "geometry": {"type": "Polygon", "coordinates": [[[-3.4020967321385696, 50.62284823295916], [-3.4037089227986006, 50.62308373791658], [-3.404030272860357, 50.623380630487084], [-3.4043661218806203, 50.62445862885626], [-3.404142780005408, 50.62491532829814], [-3.402424971810299, 50.62611748245486], [-3.401269989713991, 50.62504999466874], [-3.400669989713715, 50.62484999466864], [-3.3999599897131123, 50.625179994668876], [-3.3991399897129306, 50.62449999466838], [-3.4012499897145867, 50.62378999466777], [-3.4007230089020974, 50.62313634593231], [-3.4020967321385696, 50.62284823295916]]]}}, {"type": "Feature", "properties": {"type": "postcode-cell", "postcode": "EX8 2LN", "postcodes": ["EX8 2LN"]}, "geometry": {"type": "Polygon", "coordinates": [[[-3.4035688996090108, 50.62219319849873], [-3.4037089227986006, 50.62308373791658], [-3.4020967321385696, 50.62284823295916], [-3.403274610395514, 50.62190264006432], [-3.4035688996090108, 50.62219319849873]]]}}]}