{"type": "FeatureCollection", "features": [{"type": "Feature", "properties": {"type": "ward-outline", "name": "Ilfracombe East"}, "geometry": {"type": "Polygon", "coordinates": [[[-4.07707, 51.21538], [-4.07747, 51.21486], [-4.08152, 51.21395], [-4.08252, 51.21412], [-4.08326, 51.21505], [-4.08407, 51.2153], [-4.08653, 51.21308], [-4.08339, 51.21159], [-4.08208, 51.21135], [-4.08246, 51.20857], [-4.08365, 51.20787], [-4.08353, 51.20628], [-4.08246, 51.20633], [-4.08341, 51.20522], [-4.08238, 51.19862], [-4.08265, 51.19646], [-4.08339, 51.19486], [-4.08463, 51.19363], [-4.08413, 51.19286], [-4.08408, 51.18972], [-4.08658, 51.18481], [-4.09115, 51.18162], [-4.09244, 51.18018], [-4.09594, 51.17851], [-4.09777, 51.17534], [-4.09919, 51.17574], [-4.10003, 51.17794], [-4.10229, 51.18147], [-4.10452, 51.18393], [-4.10612, 51.18706], [-4.10658, 51.18893], [-4.10616, 51.19414], [-4.10715, 51.19701], [-4.1107, 51.19956], [-4.11197, 51.20091], [-4.11431, 51.20171], [-4.11664, 51.20209], [-4.12026, 51.20442], [-4.12188, 51.20503], [-4.12506, 51.20551], [-4.12588, 51.20628], [-4.12644, 51.20567], [-4.12725, 51.20549], [-4.12731, 51.20514], [-4.12988, 51.2051], [-4.13167, 51.20362], [-4.13181, 51.20268], [-4.13275, 51.2023], [-4.13246, 51.20148], [-4.13837, 51.20214], [-4.14516, 51.20333], [-4.1461, 51.20409], [-4.14609, 51.2041], [-4.14481, 51.2049], [-4.14492, 51.20522], [-4.14373, 51.20556], [-4.14308, 51.20622], [-4.14312, 51.20695], [-4.14363, 51.20714], [-4.14306, 51.2071], [-4.14218, 51.20639], [-4.14242, 51.20626], [-4.14205, 51.20625], [-4.142, 51.20656], [-4.14167, 51.20642], [-4.14198, 51.20759], [-4.14126, 51.20749], [-4.1405, 51.20674], [-4.14029, 51.20696], [-4.13976, 51.20668], [-4.13998, 51.20712], [-4.13945, 51.20674], [-4.13936, 51.20721], [-4.1374, 51.20733], [-4.13789, 51.20777], [-4.13623, 51.20746], [-4.13599, 51.208], [-4.13532, 51.20813], [-4.13566, 51.20861], [-4.13488, 51.20844], [-4.13548, 51.20918], [-4.13515, 51.20929], [-4.13474, 51.20911], [-4.13379, 51.20866], [-4.13184, 51.20865], [-4.12913, 51.20957], [-4.12842, 51.21026], [-4.12788, 51.21007], [-4.12794, 51.21035], [-4.12713, 51.21044], [-4.12771, 51.21078], [-4.12738, 51.21074], [-4.12749, 51.21109], [-4.12624, 51.21077], [-4.12467, 51.21103], [-4.1219, 51.21048], [-4.12181, 51.21044], [-4.12179, 51.21043], [-4.12187, 51.21048], [-4.12165, 51.21043], [-4.12135, 51.21073], [-4.12168, 51.21088], [-4.12095, 51.21098], [-4.12197, 51.21214], [-4.12158, 51.21263], [-4.11949, 51.21216], [-4.11755, 51.21103], [-4.11591, 51.21116], [-4.11374, 51.21092], [-4.11388, 51.21129], [-4.11348, 51.21144], [-4.11219, 51.2112], [-4.11193, 51.21131], [-4.11253, 51.21149], [-4.1118, 51.2115], [-4.11166, 51.21151], [-4.11164, 51.21093], [-4.11104, 51.21085], [-4.11343, 51.21045], [-4.11313, 51.20972], [-4.11354, 51.21043], [-4.11517, 51.21053], [-4.11566, 51.20972], [-4.11451, 51.20931], [-4.1126, 51.20914], [-4.11153, 51.20948], [-4.11064, 51.20903], [-4.11046, 51.2098], [-4.10867, 51.20983], [-4.10814, 51.20946], [-4.10768, 51.20972], [-4.10787, 51.21008], [-4.1064, 51.20982], [-4.10652, 51.2102], [-4.10584, 51.21005], [-4.10556, 51.21081], [-4.10613, 51.21133], [-4.10562, 51.21138], [-4.10502, 51.21094], [-4.10526, 51.21122], [-4.10467, 51.21134], [-4.10517, 51.21167], [-4.10514, 51.21169], [-4.10399, 51.21144], [-4.10405, 51.21166], [-4.10326, 51.21189], [-4.10256, 51.21257], [-4.10276, 51.21281], [-4.10239, 51.21274], [-4.10337, 51.21306], [-4.10296, 51.21318], [-4.10316, 51.21336], [-4.10202, 51.21281], [-4.10232, 51.21322], [-4.10077, 51.21316], [-4.09986, 51.21263], [-4.10049, 51.21232], [-4.09916, 51.212], [-4.09905, 51.21219], [-4.09867, 51.21196], [-4.09906, 51.21193], [-4.09824, 51.21165], [-4.09809, 51.21088], [-4.09805, 51.21097], [-4.09801, 51.21082], [-4.097, 51.2109], [-4.09579, 51.21189], [-4.09661, 51.21219], [-4.09638, 51.2126], [-4.09553, 51.21239], [-4.09552, 51.21278], [-4.09443, 51.21276], [-4.09477, 51.21297], [-4.09338, 51.21291], [-4.09371, 51.21328], [-4.09298, 51.21293], [-4.09235, 51.21352], [-4.09254, 51.21395], [-4.09143, 51.21372], [-4.09138, 51.21398], [-4.09018, 51.21403], [-4.08841, 51.2156], [-4.08902, 51.21628], [-4.08832, 51.2169], [-4.08878, 51.21707], [-4.08823, 51.21698], [-4.08782, 51.21732], [-4.08559, 51.21709], [-4.08589, 51.21663], [-4.08414, 51.21635], [-4.08341, 51.21591], [-4.08335, 51.21621], [-4.0822, 51.2161], [-4.08236, 51.21732], [-4.08207, 51.21741], [-4.08143, 51.21758], [-4.08133, 51.21767], [-4.08018, 51.21806], [-4.07998, 51.21791], [-4.07998, 51.21791], [-4.07998, 51.21791], [-4.07772, 51.2163], [-4.07792, 51.21529], [-4.07711, 51.21536], [-4.07707, 51.21538]]]}}, {"type": "Feature", "properties": {"type": "postcode-cell", "postcode": "EX34 8BB", "postcodes": ["EX34 8BB"]}, "geometry": {"type": "Polygon", "coordinates": [[[-4.132625645106031, 51.20469633241117], [-4.1341120348933424, 51.20344713498109], [-4.1458075447955185, 51.20427652689424], [-4.144809989935081, 51.20489999512916], [-4.144919989935016, 51.205219995129426], [-4.143729989934045, 51.20555999512968], [-4.143079989933308, 51.20621999513026], [-4.143119989933017, 51.20694999513086], [-4.1436299899332845, 51.20713999513102], [-4.143059989932911, 51.20709999513097], [-4.142179989932613, 51.20638999513039], [-4.142419989932836, 51.20625999513028], [-4.1420499899325876, 51.20624999513028], [-4.141999989932415, 51.206559995130526], [-4.141669989932249, 51.20641999513042], [-4.141979989931949, 51.2075899951314], [-4.141259989931495, 51.207489995131304], [-4.140499989931303, 51.2067399951307], [-4.140289989931059, 51.20695999513087], [-4.139759989930817, 51.20667999513064], [-4.139979989930778, 51.207119995131016], [-4.1394499899305774, 51.2067399951307], [-4.139359989930309, 51.20720999513108], [-4.137399989928907, 51.20732999513119], [-4.13788998992905, 51.20776999513154], [-4.136229989928044, 51.2074599951313], [-4.136032265192833, 51.20790487670788], [-4.132625645106031, 51.20469633241117]]]}}, {"type": "Feature", "properties": {"type": "postcode-cell", "postcode": "EX34 8BD", "postcodes": ["EX34 8BD"]}, "geometry": {"type": "Polygon", "coordinates": [[[-4.1341120348933424, 51.20344713498109], [-4.133343631665396, 51.202885565598116], [-4.133924589379774, 51.20164358415143], [-4.138369989931856, 51.20213999512684], [-4.145159989936013, 51.20332999512784], [-4.146099989936325, 51.20408999512849], [-4.146089989936316, 51.20409999512849], [-4.1458075447955185, 51.20427652689424], [-4.1341120348933424, 51.20344713498109]]]}}, {"type": "Feature", "properties": {"type": "postcode-cell", "postcode": "EX34 8FY", "postcodes": ["EX34 8FY"]}, "geometry": {"type": "Polygon", "coordinates": [[[-4.103105427737315, 51.19493173873226], [-4.103728434730525, 51.1830568353257], [-4.1045199899165885, 51.18392999511172], [-4.1061199899163086, 51.18705999511432], [-4.1065799899158, 51.188929995115885], [-4.106159989913214, 51.19413999512021], [-4.106640716726738, 51.19553366507073], [-4.103105427737315, 51.19493173873226]]]}}, {"type": "Feature", "properties": {"type": "postcode-cell", "postcode": "EX34 8EA", "postcodes": ["EX34 8EA"]}, "geometry": {"type": "Polygon", "coordinates": [[[-4.133343631665396, 51.202885565598116], [-4.1341120348933424, 51.20344713498109], [-4.132625645106031, 51.20469633241117], [-4.13251831386102, 51.204695893418], [-4.131080013517649, 51.204107810198664], [-4.131669989926587, 51.203619995128086], [-4.1318099899271, 51.20267999512732], [-4.131818414916975, 51.202676589341195], [-4.133343631665396, 51.202885565598116]]]}}, {"type": "Feature", "properties": {"type": "postcode-cell", "postcode": "EX34 8BE", "postcodes": ["EX34 8BE"]}, "geometry": {"type": "Polygon", "coordinates": [[[-4.133343631665396, 51.202885565598116], [-4.131818414916975, 51.202676589341195], [-4.132749989927911, 51.202299995126985], [-4.132459989928072, 51.2014799951263], [-4.133924589379774, 51.20164358415143], [-4.133343631665396, 51.202885565598116]]]}}, {"type": "Feature", "properties": {"type": "postcode-cell", "postcode": "EX34 8AZ", "postcodes": ["EX34 8AZ"]}, "geometry": {"type": "Polygon", "coordinates": [[[-4.136032265192833, 51.20790487670788], [-4.13598998992764, 51.20799999513175], [-4.135574184881905, 51.208080674258206], [-4.130917868787474, 51.20669895845029], [-4.130350159214591, 51.20589147928323], [-4.130345324605024, 51.205877460967585], [-4.13251831386102, 51.204695893418], [-4.132625645106031, 51.20469633241117], [-4.136032265192833, 51.20790487670788]]]}}, {"type": "Feature", "properties": {"type": "postcode-cell", "postcode": "EX34 8HA", "postcodes": ["EX34 8HA"]}, "geometry": {"type": "Polygon", "coordinates": [[[-4.126818639151308, 51.20644100470821], [-4.12623093725493, 51.206480978923324], [-4.125914468996648, 51.2062764561054], [-4.12589790604173, 51.20626047964314], [-4.126439989922088, 51.20566999512981], [-4.126915112055512, 51.20556441327945], [-4.126818639151308, 51.20644100470821]]]}}, {"type": "Feature", "properties": {"type": "postcode-cell", "postcode": "EX34 8ED", "postcodes": ["EX34 8ED"]}, "geometry": {"type": "Polygon", "coordinates": [[[-4.13251831386102, 51.204695893418], [-4.130345324605024, 51.205877460967585], [-4.1291682757210095, 51.20511107805146], [-4.129879989924705, 51.20509999512935], [-4.131080013517649, 51.204107810198664], [-4.13251831386102, 51.204695893418]]]}}, {"type": "Feature", "properties": {"type": "postcode-cell", "postcode": "EX34 8AU", "postcodes": ["EX34 8AU"]}, "geometry": {"type": "Polygon", "coordinates": [[[-4.129742459116044, 51.20791657527336], [-4.130357241560615, 51.20693657058776], [-4.130917868787474, 51.20669895845029], [-4.135574184881905, 51.208080674258206], [-4.135319989927122, 51.20812999513185], [-4.135659989927144, 51.20860999513225], [-4.1348799899266835, 51.208439995132125], [-4.135479989926771, 51.209179995132736], [-4.135149989926493, 51.20928999513283], [-4.134739989926291, 51.20910999513268], [-4.133789989925835, 51.208659995132315], [-4.1318399899244955, 51.20864999513229], [-4.130520563818383, 51.20909793072546], [-4.129742459116044, 51.20791657527336]]]}}, {"type": "Feature", "properties": {"type": "postcode-cell", "postcode": "EX34 8DD", "postcodes": ["EX34 8DD"]}, "geometry": {"type": "Polygon", "coordinates": [[[-4.130345324605024, 51.205877460967585], [-4.130350159214591, 51.20589147928323], [-4.128642858676644, 51.20641836662926], [-4.128223262952475, 51.2051257872363], [-4.1291682757210095, 51.20511107805146], [-4.130345324605024, 51.205877460967585]]]}}, {"type": "Feature", "properties": {"type": "postcode-cell", "postcode": "EX34 8DB", "postcodes": ["EX34 8DB"]}, "geometry": {"type": "Polygon", "coordinates": [[[-4.130357241560615, 51.20693657058776], [-4.1284444099849065, 51.20715717162523], [-4.128251093592744, 51.206882762473015], [-4.128295196218793, 51.20662739583628], [-4.128642858676644, 51.20641836662926], [-4.130350159214591, 51.20589147928323], [-4.130917868787474, 51.20669895845029], [-4.130357241560615, 51.20693657058776]]]}}, {"type": "Feature", "properties": {"type": "postcode-cell", "postcode": "EX34 8FD", "postcodes": ["EX34 8FD"]}, "geometry": {"type": "Polygon", "coordinates": [[[-4.130520563818383, 51.20909793072546], [-4.13001355529444, 51.20927005021413], [-4.128680653442099, 51.20876602621045], [-4.128960896246252, 51.20787756628754], [-4.129742459116044, 51.20791657527336], [-4.130520563818383, 51.20909793072546]]]}}, {"type": "Feature", "properties": {"type": "postcode-cell", "postcode": "EX34 8AY", "postcodes": ["EX34 8AY"]}, "geometry": {"type": "Polygon", "coordinates": [[[-4.129742459116044, 51.20791657527336], [-4.128960896246252, 51.20787756628754], [-4.128330625333896, 51.20749630250635], [-4.128330879273784, 51.20730263310695], [-4.1284444099849065, 51.20715717162523], [-4.130357241560615, 51.20693657058776], [-4.129742459116044, 51.20791657527336]]]}}, {"type": "Feature", "properties": {"type": "postcode-cell", "postcode": "EX34 8BY", "postcodes": ["EX34 8BY"]}, "geometry": {"type": "Polygon", "coordinates": [[[-4.128251093592744, 51.206882762473015], [-4.1270899722439, 51.206650308047735], [-4.1269393580019464, 51.20648787945366], [-4.127395083131635, 51.206312114180925], [-4.128234500011137, 51.2065553644915], [-4.128295196218793, 51.20662739583628], [-4.128251093592744, 51.206882762473015]]]}}, {"type": "Feature", "properties": {"type": "postcode-cell", "postcode": "EX34 8AX", "postcodes": ["EX34 8AX"]}, "geometry": {"type": "Polygon", "coordinates": [[[-4.127335089790519, 51.20947962956122], [-4.127711904160478, 51.20889477994355], [-4.128044172778334, 51.208681978363224], [-4.128680653442099, 51.20876602621045], [-4.13001355529444, 51.20927005021413], [-4.129129989922223, 51.20956999513306], [-4.128419989921433, 51.21025999513363], [-4.127879989921145, 51.2100699951335], [-4.127933582341224, 51.210320093270006], [-4.127335089790519, 51.20947962956122]]]}}, {"type": "Feature", "properties": {"type": "postcode-cell", "postcode": "EX34 8PA", "postcodes": ["EX34 8PA"]}, "geometry": {"type": "Polygon", "coordinates": [[[-4.128295196218793, 51.20662739583628], [-4.128234500011137, 51.2065553644915], [-4.127915142832524, 51.20591257109112], [-4.128065638088157, 51.205128239933934], [-4.128223262952475, 51.2051257872363], [-4.128642858676644, 51.20641836662926], [-4.128295196218793, 51.20662739583628]]]}}, {"type": "Feature", "properties": {"type": "postcode-cell", "postcode": "EX34 8FW", "postcodes": ["EX34 8FW"]}, "geometry": {"type": "Polygon", "coordinates": [[[-4.128960896246252, 51.20787756628754], [-4.128680653442099, 51.20876602621045], [-4.128044172778334, 51.208681978363224], [-4.127758680864042, 51.208367595543066], [-4.12791183561926, 51.207882318347544], [-4.128330625333896, 51.20749630250635], [-4.128960896246252, 51.20787756628754]]]}}, {"type": "Feature", "properties": {"type": "postcode-cell", "postcode": "EX34 8BL", "postcodes": ["EX34 8BL"]}, "geometry": {"type": "Polygon", "coordinates": [[[-4.127915142832524, 51.20591257109112], [-4.127395083131635, 51.206312114180925], [-4.1269393580019464, 51.20648787945366], [-4.126818639151308, 51.20644100470821], [-4.126915112055512, 51.20556441327945], [-4.127249989922721, 51.20548999512966], [-4.127309989922919, 51.20513999512937], [-4.128065638088157, 51.205128239933934], [-4.127915142832524, 51.20591257109112]]]}}, {"type": "Feature", "properties": {"type": "postcode-cell", "postcode": "EX34 8BN", "postcodes": ["EX34 8BN"]}, "geometry": {"type": "Polygon", "coordinates": [[[-4.1284444099849065, 51.20715717162523], [-4.128330879273784, 51.20730263310695], [-4.127474132997059, 51.207302067921454], [-4.126928262527602, 51.20700147960506], [-4.1270899722439, 51.206650308047735], [-4.128251093592744, 51.206882762473015], [-4.1284444099849065, 51.20715717162523]]]}}, {"type": "Feature", "properties": {"type": "postcode-cell", "postcode": "EX34 8AN", "postcodes": ["EX34 8AN"]}, "geometry": {"type": "Polygon", "coordinates": [[[-4.127711904160478, 51.20889477994355], [-4.126608036157756, 51.20881844959279], [-4.126477377645596, 51.20843225273553], [-4.127740311524445, 51.20836546687082], [-4.127758680864042, 51.208367595543066], [-4.128044172778334, 51.208681978363224], [-4.127711904160478, 51.20889477994355]]]}}, {"type": "Feature", "properties": {"type": "postcode-cell", "postcode": "EX34 8JB", "postcodes": ["EX34 8JB"]}, "geometry": {"type": "Polygon", "coordinates": [[[-4.124744996705752, 51.20616540609745], [-4.124377886897187, 51.20603747390422], [-4.124482150966323, 51.205422781358784], [-4.125059989921206, 51.205509995129674], [-4.125535489407176, 51.205956504649556], [-4.124744996705752, 51.20616540609745]]]}}, {"type": "Feature", "properties": {"type": "postcode-cell", "postcode": "EX34 8BZ", "postcodes": ["EX34 8BZ"]}, "geometry": {"type": "Polygon", "coordinates": [[[-4.128234500011137, 51.2065553644915], [-4.127395083131635, 51.206312114180925], [-4.127915142832524, 51.20591257109112], [-4.128234500011137, 51.2065553644915]]]}}, {"type": "Feature", "properties": {"type": "postcode-cell", "postcode": "EX34 8BX", "postcodes": ["EX34 8BX"]}, "geometry": {"type": "Polygon", "coordinates": [[[-4.1270899722439, 51.206650308047735], [-4.126928262527602, 51.20700147960506], [-4.126789908862256, 51.20705870393762], [-4.126155931281166, 51.20687479406219], [-4.126143239245167, 51.20660735372191], [-4.12623093725493, 51.206480978923324], [-4.126818639151308, 51.20644100470821], [-4.1269393580019464, 51.20648787945366], [-4.1270899722439, 51.206650308047735]]]}}, {"type": "Feature", "properties": {"type": "postcode-cell", "postcode": "EX34 8BW", "postcodes": ["EX34 8BW"]}, "geometry": {"type": "Polygon", "coordinates": [[[-4.128330625333896, 51.20749630250635], [-4.12791183561926, 51.207882318347544], [-4.126999758374518, 51.20771365658914], [-4.126985447852963, 51.20752269646317], [-4.127474132997059, 51.207302067921454], [-4.128330879273784, 51.20730263310695], [-4.128330625333896, 51.20749630250635]]]}}, {"type": "Feature", "properties": {"type": "postcode-cell", "postcode": "EX34 8BU", "postcodes": ["EX34 8BU"]}, "geometry": {"type": "Polygon", "coordinates": [[[-4.126985447852963, 51.20752269646317], [-4.126610907547511, 51.20736514095164], [-4.126579463722591, 51.20731121143969], [-4.126789908862256, 51.20705870393762], [-4.126928262527602, 51.20700147960506], [-4.127474132997059, 51.207302067921454], [-4.126985447852963, 51.20752269646317]]]}}, {"type": "Feature", "properties": {"type": "postcode-cell", "postcode": "EX34 8AD", "postcodes": ["EX34 8AD"]}, "geometry": {"type": "Polygon", "coordinates": [[[-4.127758680864042, 51.208367595543066], [-4.127740311524445, 51.20836546687082], [-4.126750172153818, 51.20789834839631], [-4.126999758374518, 51.20771365658914], [-4.12791183561926, 51.207882318347544], [-4.127758680864042, 51.208367595543066]]]}}, {"type": "Feature", "properties": {"type": "postcode-cell", "postcode": "EX34 8BS", "postcodes": ["EX34 8BS"]}, "geometry": {"type": "Polygon", "coordinates": [[[-4.127740311524445, 51.20836546687082], [-4.126477377645596, 51.20843225273553], [-4.1264380743700455, 51.2084118258915], [-4.126593912784624, 51.20793377508005], [-4.126750172153818, 51.20789834839631], [-4.127740311524445, 51.20836546687082]]]}}, {"type": "Feature", "properties": {"type": "postcode-cell", "postcode": "EX34 8BT", "postcodes": ["EX34 8BT"]}, "geometry": {"type": "Polygon", "coordinates": [[[-4.126999758374518, 51.20771365658914], [-4.126750172153818, 51.20789834839631], [-4.126593912784624, 51.20793377508005], [-4.126179238946586, 51.207755313072504], [-4.126610907547511, 51.20736514095164], [-4.126985447852963, 51.20752269646317], [-4.126999758374518, 51.20771365658914]]]}}, {"type": "Feature", "properties": {"type": "postcode-cell", "postcode": "EX34 8AW", "postcodes": ["EX34 8AW"]}, "geometry": {"type": "Polygon", "coordinates": [[[-4.127335089790519, 51.20947962956122], [-4.126591733204503, 51.20936395473291], [-4.126402563263812, 51.20905101144608], [-4.126608036157756, 51.20881844959279], [-4.127711904160478, 51.20889477994355], [-4.127335089790519, 51.20947962956122]]]}}, {"type": "Feature", "properties": {"type": "postcode-cell", "postcode": "EX34 8BJ", "postcodes": ["EX34 8BJ"]}, "geometry": {"type": "Polygon", "coordinates": [[[-4.126593912784624, 51.20793377508005], [-4.1264380743700455, 51.2084118258915], [-4.126183949307536, 51.20841239841287], [-4.12608546274374, 51.208352416984795], [-4.125826909197341, 51.207774311927636], [-4.12593572949786, 51.20774167611673], [-4.126179238946586, 51.207755313072504], [-4.126593912784624, 51.20793377508005]]]}}, {"type": "Feature", "properties": {"type": "postcode-cell", "postcode": "EX34 8AS", "postcodes": ["EX34 8AS"]}, "geometry": {"type": "Polygon", "coordinates": [[[-4.127933582341224, 51.210320093270006], [-4.127939989921061, 51.21034999513372], [-4.1271299899204665, 51.21043999513378], [-4.127709989920716, 51.21077999513407], [-4.127379989920505, 51.21073999513405], [-4.127489477627879, 51.21108836512578], [-4.12611747113391, 51.209953724778885], [-4.1261167029221255, 51.20963244907543], [-4.126173634550902, 51.20958289674408], [-4.126591733204503, 51.20936395473291], [-4.127335089790519, 51.20947962956122], [-4.127933582341224, 51.210320093270006]]]}}, {"type": "Feature", "properties": {"type": "postcode-cell", "postcode": "EX34 9QA", "postcodes": ["EX34 9QA"]}, "geometry": {"type": "Polygon", "coordinates": [[[-4.126477377645596, 51.20843225273553], [-4.126608036157756, 51.20881844959279], [-4.126402563263812, 51.20905101144608], [-4.125897447530426, 51.20899126272508], [-4.125848339269934, 51.208964743189476], [-4.12598673855668, 51.208521928828105], [-4.126183949307536, 51.20841239841287], [-4.1264380743700455, 51.2084118258915], [-4.126477377645596, 51.20843225273553]]]}}, {"type": "Feature", "properties": {"type": "postcode-cell", "postcode": "EX34 8AE", "postcodes": ["EX34 8AE"]}, "geometry": {"type": "Polygon", "coordinates": [[[-4.126789908862256, 51.20705870393762], [-4.126579463722591, 51.20731121143969], [-4.126130905365328, 51.207230802307755], [-4.126019762234998, 51.207043363070916], [-4.126155931281166, 51.20687479406219], [-4.126789908862256, 51.20705870393762]]]}}, {"type": "Feature", "properties": {"type": "postcode-cell", "postcode": "EX34 8BR", "postcodes": ["EX34 8BR"]}, "geometry": {"type": "Polygon", "coordinates": [[[-4.126610907547511, 51.20736514095164], [-4.126179238946586, 51.207755313072504], [-4.12593572949786, 51.20774167611673], [-4.125949017846269, 51.207375296042166], [-4.126130905365328, 51.207230802307755], [-4.126579463722591, 51.20731121143969], [-4.126610907547511, 51.20736514095164]]]}}, {"type": "Feature", "properties": {"type": "postcode-cell", "postcode": "EX34 8FE", "postcodes": ["EX34 8FE"]}, "geometry": {"type": "Polygon", "coordinates": [[[-4.124645187931364, 51.21003033472689], [-4.124735206983462, 51.21002252560387], [-4.124891665799517, 51.21003553675722], [-4.1271330286495695, 51.21099861487819], [-4.126239989919708, 51.21076999513407], [-4.124669989918512, 51.211029995134304], [-4.124268824077525, 51.21095034617047], [-4.124645187931364, 51.21003033472689]]]}}, {"type": "Feature", "properties": {"type": "postcode-cell", "postcode": "EX34 8FT", "postcodes": ["EX34 8FT"]}, "geometry": {"type": "Polygon", "coordinates": [[[-4.1261167029221255, 51.20963244907543], [-4.1255886551930825, 51.20953741753624], [-4.125450186404158, 51.209362458238175], [-4.125785708530385, 51.209216538146954], [-4.126173634550902, 51.20958289674408], [-4.1261167029221255, 51.20963244907543]]]}}, {"type": "Feature", "properties": {"type": "postcode-cell", "postcode": "EX34 9NQ", "postcodes": ["EX34 9NQ"]}, "geometry": {"type": "Polygon", "coordinates": [[[-4.125914468996648, 51.2062764561054], [-4.125236232088778, 51.20668937634183], [-4.125141687505458, 51.20656669756132], [-4.125660433199261, 51.20607382915553], [-4.125879989921434, 51.20627999513032], [-4.12589790604173, 51.20626047964314], [-4.125914468996648, 51.2062764561054]]]}}, {"type": "Feature", "properties": {"type": "postcode-cell", "postcode": "EX34 8DA", "postcodes": ["EX34 8DA"]}, "geometry": {"type": "Polygon", "coordinates": [[[-4.126019762234998, 51.207043363070916], [-4.125778970655156, 51.20704770686421], [-4.125568056252283, 51.2067546834708], [-4.126143239245167, 51.20660735372191], [-4.126155931281166, 51.20687479406219], [-4.126019762234998, 51.207043363070916]]]}}, {"type": "Feature", "properties": {"type": "postcode-cell", "postcode": "EX34 9QD", "postcodes": ["EX34 9QD"]}, "geometry": {"type": "Polygon", "coordinates": [[[-4.125949017846269, 51.207375296042166], [-4.125543794765181, 51.207299015668966], [-4.1254538844891675, 51.2071262863902], [-4.125778970655156, 51.20704770686421], [-4.126019762234998, 51.207043363070916], [-4.126130905365328, 51.207230802307755], [-4.125949017846269, 51.207375296042166]]]}}, {"type": "Feature", "properties": {"type": "postcode-cell", "postcode": "EX34 8FU", "postcodes": ["EX34 8FU"]}, "geometry": {"type": "Polygon", "coordinates": [[[-4.125826909197341, 51.207774311927636], [-4.1256434845589, 51.207788340662525], [-4.125238640765078, 51.207681490739915], [-4.125543794765181, 51.207299015668966], [-4.125949017846269, 51.207375296042166], [-4.12593572949786, 51.20774167611673], [-4.125826909197341, 51.207774311927636]]]}}, {"type": "Feature", "properties": {"type": "postcode-cell", "postcode": "EX34 8FG", "postcodes": ["EX34 8FG"]}, "geometry": {"type": "Polygon", "coordinates": [[[-4.12608546274374, 51.208352416984795], [-4.125486506039064, 51.20820178907729], [-4.1256434845589, 51.207788340662525], [-4.125826909197341, 51.207774311927636], [-4.12608546274374, 51.208352416984795]]]}}, {"type": "Feature", "properties": {"type": "postcode-cell", "postcode": "EX34 8AR", "postcodes": ["EX34 8AR"]}, "geometry": {"type": "Polygon", "coordinates": [[[-4.126591733204503, 51.20936395473291], [-4.126173634550902, 51.20958289674408], [-4.125785708530385, 51.209216538146954], [-4.125897447530426, 51.20899126272508], [-4.126402563263812, 51.20905101144608], [-4.126591733204503, 51.20936395473291]]]}}, {"type": "Feature", "properties": {"type": "postcode-cell", "postcode": "EX34 9AQ", "postcodes": ["EX34 9AQ"]}, "geometry": {"type": "Polygon", "coordinates": [[[-4.125848339269934, 51.208964743189476], [-4.125567666334164, 51.20893599757225], [-4.125368771089403, 51.20871495604298], [-4.12551555711548, 51.208564694911296], [-4.12598673855668, 51.208521928828105], [-4.125848339269934, 51.208964743189476]]]}}, {"type": "Feature", "properties": {"type": "postcode-cell", "postcode": "EX34 9QE", "postcodes": ["EX34 9QE"]}, "geometry": {"type": "Polygon", "coordinates": [[[-4.125568056252283, 51.2067546834708], [-4.125251249281212, 51.2067606895471], [-4.125236232088778, 51.20668937634183], [-4.125914468996648, 51.2062764561054], [-4.12623093725493, 51.206480978923324], [-4.126143239245167, 51.20660735372191], [-4.125568056252283, 51.2067546834708]]]}}, {"type": "Feature", "properties": {"type": "postcode-cell", "postcode": "EX34 8AL", "postcodes": ["EX34 8AL"]}, "geometry": {"type": "Polygon", "coordinates": [[[-4.126183949307536, 51.20841239841287], [-4.12598673855668, 51.208521928828105], [-4.12551555711548, 51.208564694911296], [-4.125277602454013, 51.208285850795335], [-4.125486506039064, 51.20820178907729], [-4.12608546274374, 51.208352416984795], [-4.126183949307536, 51.20841239841287]]]}}, {"type": "Feature", "properties": {"type": "postcode-cell", "postcode": "EX34 9AS", "postcodes": ["EX34 9AS"]}, "geometry": {"type": "Polygon", "coordinates": [[[-4.125897447530426, 51.20899126272508], [-4.125785708530385, 51.209216538146954], [-4.125450186404158, 51.209362458238175], [-4.125047204709371, 51.20920861923587], [-4.125567666334164, 51.20893599757225], [-4.125848339269934, 51.208964743189476], [-4.125897447530426, 51.20899126272508]]]}}, {"type": "Feature", "properties": {"type": "postcode-cell", "postcode": "EX34 8FJ", "postcodes": ["EX34 8FJ"]}, "geometry": {"type": "Polygon", "coordinates": [[[-4.127489477627879, 51.21108836512578], [-4.127489989920425, 51.21108999513434], [-4.1271330286495695, 51.21099861487819], [-4.124891665799517, 51.21003553675722], [-4.12611747113391, 51.209953724778885], [-4.127489477627879, 51.21108836512578]]]}}, {"type": "Feature", "properties": {"type": "postcode-cell", "postcode": "EX34 8FR", "postcodes": ["EX34 8FR"]}, "geometry": {"type": "Polygon", "coordinates": [[[-4.1256434845589, 51.207788340662525], [-4.125486506039064, 51.20820178907729], [-4.125277602454013, 51.208285850795335], [-4.124912097964875, 51.20827546430318], [-4.124681676856994, 51.2081751591064], [-4.124628564333542, 51.20787602480926], [-4.124636406688723, 51.20784428904658], [-4.124840723276771, 51.207700113199564], [-4.124933427017796, 51.20767747585956], [-4.125238640765078, 51.207681490739915], [-4.1256434845589, 51.207788340662525]]]}}, {"type": "Feature", "properties": {"type": "postcode-cell", "postcode": "EX34 9FW", "postcodes": ["EX34 9FW"]}, "geometry": {"type": "Polygon", "coordinates": [[[-4.1254538844891675, 51.2071262863902], [-4.125110679840757, 51.20702598325473], [-4.12506020679099, 51.206980066713605], [-4.125061223880745, 51.20695537269578], [-4.125251249281212, 51.2067606895471], [-4.125568056252283, 51.2067546834708], [-4.125778970655156, 51.20704770686421], [-4.1254538844891675, 51.2071262863902]]]}}, {"type": "Feature", "properties": {"type": "postcode-cell", "postcode": "EX34 9QB", "postcodes": ["EX34 9QB"]}, "geometry": {"type": "Polygon", "coordinates": [[[-4.125238640765078, 51.207681490739915], [-4.124933427017796, 51.20767747585956], [-4.125110679840757, 51.20702598325473], [-4.1254538844891675, 51.2071262863902], [-4.125543794765181, 51.207299015668966], [-4.125238640765078, 51.207681490739915]]]}}, {"type": "Feature", "properties": {"type": "postcode-cell", "postcode": "EX34 8AP", "postcodes": ["EX34 8AP"]}, "geometry": {"type": "Polygon", "coordinates": [[[-4.12551555711548, 51.208564694911296], [-4.125368771089403, 51.20871495604298], [-4.124985227085243, 51.20869814123717], [-4.124912097964875, 51.20827546430318], [-4.125277602454013, 51.208285850795335], [-4.12551555711548, 51.208564694911296]]]}}, {"type": "Feature", "properties": {"type": "postcode-cell", "postcode": "EX34 8AQ", "postcodes": ["EX34 8AQ"]}, "geometry": {"type": "Polygon", "coordinates": [[[-4.12611747113391, 51.209953724778885], [-4.124891665799517, 51.21003553675722], [-4.124735206983462, 51.21002252560387], [-4.1255886551930825, 51.20953741753624], [-4.1261167029221255, 51.20963244907543], [-4.12611747113391, 51.209953724778885]]]}}, {"type": "Feature", "properties": {"type": "postcode-cell", "postcode": "EX34 8AH", "postcodes": ["EX34 8AH"]}, "geometry": {"type": "Polygon", "coordinates": [[[-4.125450186404158, 51.209362458238175], [-4.1255886551930825, 51.20953741753624], [-4.124735206983462, 51.21002252560387], [-4.124645187931364, 51.21003033472689], [-4.124405203820345, 51.20978298480366], [-4.124688525742933, 51.20922144255569], [-4.125047204709371, 51.20920861923587], [-4.125450186404158, 51.209362458238175]]]}}, {"type": "Feature", "properties": {"type": "postcode-cell", "postcode": "EX34 9LT", "postcodes": ["EX34 9LT"]}, "geometry": {"type": "Polygon", "coordinates": [[[-4.125251249281212, 51.2067606895471], [-4.125061223880745, 51.20695537269578], [-4.124431077864109, 51.206635400768164], [-4.124736780556764, 51.20639370583286], [-4.125141687505458, 51.20656669756132], [-4.125236232088778, 51.20668937634183], [-4.125251249281212, 51.2067606895471]]]}}, {"type": "Feature", "properties": {"type": "postcode-cell", "postcode": "EX34 9NB", "postcodes": ["EX34 9NB"]}, "geometry": {"type": "Polygon", "coordinates": [[[-4.125141687505458, 51.20656669756132], [-4.124736780556764, 51.20639370583286], [-4.124744996705752, 51.20616540609745], [-4.125535489407176, 51.205956504649556], [-4.125660433199261, 51.20607382915553], [-4.125141687505458, 51.20656669756132]]]}}, {"type": "Feature", "properties": {"type": "postcode-cell", "postcode": "EX34 8AF", "postcodes": ["EX34 8AF"]}, "geometry": {"type": "Polygon", "coordinates": [[[-4.124645187931364, 51.21003033472689], [-4.124268824077525, 51.21095034617047], [-4.124032195688743, 51.21090336430795], [-4.122953826391969, 51.209860551959444], [-4.123174723195678, 51.20960553292574], [-4.124405203820345, 51.20978298480366], [-4.124645187931364, 51.21003033472689]]]}}, {"type": "Feature", "properties": {"type": "postcode-cell", "postcode": "EX34 9NH", "postcodes": ["EX34 9NH"]}, "geometry": {"type": "Polygon", "coordinates": [[[-4.125110679840757, 51.20702598325473], [-4.124933427017796, 51.20767747585956], [-4.124840723276771, 51.207700113199564], [-4.124421725985602, 51.20727281239951], [-4.124640879050809, 51.20709189146546], [-4.12506020679099, 51.206980066713605], [-4.125110679840757, 51.20702598325473]]]}}, {"type": "Feature", "properties": {"type": "postcode-cell", "postcode": "EX34 9FR", "postcodes": ["EX34 9FR"]}, "geometry": {"type": "Polygon", "coordinates": [[[-4.125567666334164, 51.20893599757225], [-4.125047204709371, 51.20920861923587], [-4.124688525742933, 51.20922144255569], [-4.124613314925251, 51.20912366692133], [-4.1246500287057355, 51.20890369100071], [-4.124985227085243, 51.20869814123717], [-4.125368771089403, 51.20871495604298], [-4.125567666334164, 51.20893599757225]]]}}, {"type": "Feature", "properties": {"type": "postcode-cell", "postcode": "EX34 9LZ", "postcodes": ["EX34 9LZ"]}, "geometry": {"type": "Polygon", "coordinates": [[[-4.124736780556764, 51.20639370583286], [-4.124431077864109, 51.206635400768164], [-4.124227230930454, 51.20666916641213], [-4.123617091281781, 51.20617560261637], [-4.124377886897187, 51.20603747390422], [-4.124744996705752, 51.20616540609745], [-4.124736780556764, 51.20639370583286]]]}}, {"type": "Feature", "properties": {"type": "postcode-cell", "postcode": "EX34 9AH", "postcodes": ["EX34 9AH"]}, "geometry": {"type": "Polygon", "coordinates": [[[-4.124688525742933, 51.20922144255569], [-4.124405203820345, 51.20978298480366], [-4.123174723195678, 51.20960553292574], [-4.123150122634049, 51.209561361322514], [-4.123631442700573, 51.20897850015711], [-4.124613314925251, 51.20912366692133], [-4.124688525742933, 51.20922144255569]]]}}, {"type": "Feature", "properties": {"type": "postcode-cell", "postcode": "EX34 9AD", "postcodes": ["EX34 9AD"]}, "geometry": {"type": "Polygon", "coordinates": [[[-4.124985227085243, 51.20869814123717], [-4.1246500287057355, 51.20890369100071], [-4.124172928233987, 51.20848627532305], [-4.124194052217203, 51.208447765323854], [-4.124681676856994, 51.2081751591064], [-4.124912097964875, 51.20827546430318], [-4.124985227085243, 51.20869814123717]]]}}, {"type": "Feature", "properties": {"type": "postcode-cell", "postcode": "EX34 9NJ", "postcodes": ["EX34 9NJ"]}, "geometry": {"type": "Polygon", "coordinates": [[[-4.125061223880745, 51.20695537269578], [-4.12506020679099, 51.206980066713605], [-4.124640879050809, 51.20709189146546], [-4.124120091436351, 51.206801116666256], [-4.124227230930454, 51.20666916641213], [-4.124431077864109, 51.206635400768164], [-4.125061223880745, 51.20695537269578]]]}}, {"type": "Feature", "properties": {"type": "postcode-cell", "postcode": "EX34 8JL", "postcodes": ["EX34 8JL"]}, "geometry": {"type": "Polygon", "coordinates": [[[-4.1233706227631375, 51.20561151305838], [-4.122008439419342, 51.20566107761636], [-4.121595650778758, 51.20506390835642], [-4.1216717970251215, 51.2049516036905], [-4.121879989919227, 51.205029995129294], [-4.123669160485807, 51.2053000705324], [-4.1233706227631375, 51.20561151305838]]]}}, {"type": "Feature", "properties": {"type": "postcode-cell", "postcode": "EX34 4BA", "postcodes": ["EX34 4BA", "EX34 4BD"]}, "geometry": {"type": "Polygon", "coordinates": [[[-4.124681676856994, 51.2081751591064], [-4.124194052217203, 51.208447765323854], [-4.123666751062741, 51.20809696013935], [-4.124628564333542, 51.20787602480926], [-4.124681676856994, 51.2081751591064]]]}}, {"type": "Feature", "properties": {"type": "postcode-cell", "postcode": "EX34 9AB", "postcodes": ["EX34 9AB"]}, "geometry": {"type": "Polygon", "coordinates": [[[-4.124613314925251, 51.20912366692133], [-4.123631442700573, 51.20897850015711], [-4.123573405210357, 51.20882192279763], [-4.123775169450237, 51.20863250926363], [-4.124172928233987, 51.20848627532305], [-4.1246500287057355, 51.20890369100071], [-4.124613314925251, 51.20912366692133]]]}}, {"type": "Feature", "properties": {"type": "postcode-cell", "postcode": "EX34 9FE", "postcodes": ["EX34 9FE"]}, "geometry": {"type": "Polygon", "coordinates": [[[-4.124636406688723, 51.20784428904658], [-4.124540785208239, 51.207817671612766], [-4.123789662453134, 51.20725368568045], [-4.123768019982749, 51.20722758827783], [-4.123767730888777, 51.20722351234631], [-4.124421725985602, 51.20727281239951], [-4.124840723276771, 51.207700113199564], [-4.124636406688723, 51.20784428904658]]]}}, {"type": "Feature", "properties": {"type": "postcode-cell", "postcode": "EX34 9FB", "postcodes": ["EX34 9FB"]}, "geometry": {"type": "Polygon", "coordinates": [[[-4.124640879050809, 51.20709189146546], [-4.124421725985602, 51.20727281239951], [-4.123767730888777, 51.20722351234631], [-4.123618516788733, 51.207091362987214], [-4.124120091436351, 51.206801116666256], [-4.124640879050809, 51.20709189146546]]]}}, {"type": "Feature", "properties": {"type": "postcode-cell", "postcode": "EX34 9JH", "postcodes": ["EX34 9JH"]}, "geometry": {"type": "Polygon", "coordinates": [[[-4.123789662453134, 51.20725368568045], [-4.123904425997513, 51.207526522264274], [-4.123803353333748, 51.20777827341483], [-4.1235050399741455, 51.207829346173575], [-4.123447441932295, 51.20775951577496], [-4.123768019982749, 51.20722758827783], [-4.123789662453134, 51.20725368568045]]]}}, {"type": "Feature", "properties": {"type": "postcode-cell", "postcode": "EX34 9JQ", "postcodes": ["EX34 9JQ"]}, "geometry": {"type": "Polygon", "coordinates": [[[-4.123789662453134, 51.20725368568045], [-4.124540785208239, 51.207817671612766], [-4.124146356874382, 51.20776517566292], [-4.123904425997513, 51.207526522264274], [-4.123789662453134, 51.20725368568045]]]}}, {"type": "Feature", "properties": {"type": "postcode-cell", "postcode": "EX34 9LY", "postcodes": ["EX34 9LY"]}, "geometry": {"type": "Polygon", "coordinates": [[[-4.124120091436351, 51.206801116666256], [-4.123618516788733, 51.207091362987214], [-4.12336611234186, 51.20704244031111], [-4.123308318722798, 51.20699836471912], [-4.123229885217925, 51.20633505602344], [-4.123571889943728, 51.20616938324298], [-4.123617091281781, 51.20617560261637], [-4.124227230930454, 51.20666916641213], [-4.124120091436351, 51.206801116666256]]]}}, {"type": "Feature", "properties": {"type": "postcode-cell", "postcode": "EX34 9ET", "postcodes": ["EX34 9ET"]}, "geometry": {"type": "Polygon", "coordinates": [[[-4.124628564333542, 51.20787602480926], [-4.123666751062741, 51.20809696013935], [-4.123657112131994, 51.208094761908065], [-4.123482080617466, 51.20800089323844], [-4.1235050399741455, 51.207829346173575], [-4.123803353333748, 51.20777827341483], [-4.124146356874382, 51.20776517566292], [-4.124540785208239, 51.207817671612766], [-4.124636406688723, 51.20784428904658], [-4.124628564333542, 51.20787602480926]]]}}, {"type": "Feature", "properties": {"type": "postcode-cell", "postcode": "EX34 9NA", "postcodes": ["EX34 9NA"]}, "geometry": {"type": "Polygon", "coordinates": [[[-4.123669160485807, 51.2053000705324], [-4.124482150966323, 51.205422781358784], [-4.124377886897187, 51.20603747390422], [-4.123617091281781, 51.20617560261637], [-4.123571889943728, 51.20616938324298], [-4.1233706227631375, 51.20561151305838], [-4.123669160485807, 51.2053000705324]]]}}, {"type": "Feature", "properties": {"type": "postcode-cell", "postcode": "EX34 9GA", "postcodes": ["EX34 9GA"]}, "geometry": {"type": "Polygon", "coordinates": [[[-4.123775169450237, 51.20863250926363], [-4.123513745385339, 51.20841108280576], [-4.123657112131994, 51.208094761908065], [-4.123666751062741, 51.20809696013935], [-4.124194052217203, 51.208447765323854], [-4.124172928233987, 51.20848627532305], [-4.123775169450237, 51.20863250926363]]]}}, {"type": "Feature", "properties": {"type": "postcode-cell", "postcode": "EX34 9JG", "postcodes": ["EX34 9JG"]}, "geometry": {"type": "Polygon", "coordinates": [[[-4.124146356874382, 51.20776517566292], [-4.123803353333748, 51.20777827341483], [-4.123904425997513, 51.207526522264274], [-4.124146356874382, 51.20776517566292]]]}}, {"type": "Feature", "properties": {"type": "postcode-cell", "postcode": "EX34 9JJ", "postcodes": ["EX34 9JJ"]}, "geometry": {"type": "Polygon", "coordinates": [[[-4.123768019982749, 51.20722758827783], [-4.123447441932295, 51.20775951577496], [-4.122752835105777, 51.20755677210264], [-4.12336611234186, 51.20704244031111], [-4.123618516788733, 51.207091362987214], [-4.123767730888777, 51.20722351234631], [-4.123768019982749, 51.20722758827783]]]}}, {"type": "Feature", "properties": {"type": "postcode-cell", "postcode": "EX34 9AA", "postcodes": ["EX34 9AA"]}, "geometry": {"type": "Polygon", "coordinates": [[[-4.123573405210357, 51.20882192279763], [-4.12271427604971, 51.208611224025056], [-4.122697283211803, 51.20859174983767], [-4.123143346882015, 51.208375830934784], [-4.123513745385339, 51.20841108280576], [-4.123775169450237, 51.20863250926363], [-4.123573405210357, 51.20882192279763]]]}}, {"type": "Feature", "properties": {"type": "postcode-cell", "postcode": "EX34 9JL", "postcodes": ["EX34 9JL"]}, "geometry": {"type": "Polygon", "coordinates": [[[-4.1235050399741455, 51.207829346173575], [-4.123482080617466, 51.20800089323844], [-4.12333028274682, 51.20805112848167], [-4.122432679623729, 51.208008668177996], [-4.122414781207124, 51.20799372930883], [-4.122578808820937, 51.20759521751054], [-4.122752835105777, 51.20755677210264], [-4.123447441932295, 51.20775951577496], [-4.1235050399741455, 51.207829346173575]]]}}, {"type": "Feature", "properties": {"type": "postcode-cell", "postcode": "EX34 9FN", "postcodes": ["EX34 9FN"]}, "geometry": {"type": "Polygon", "coordinates": [[[-4.123308318722798, 51.20699836471912], [-4.122341920890452, 51.20690793049364], [-4.122184111517618, 51.206681531110256], [-4.122845034571168, 51.20631879284061], [-4.123229885217925, 51.20633505602344], [-4.123308318722798, 51.20699836471912]]]}}, {"type": "Feature", "properties": {"type": "postcode-cell", "postcode": "EX34 9DA", "postcodes": ["EX34 9DA"]}, "geometry": {"type": "Polygon", "coordinates": [[[-4.123657112131994, 51.208094761908065], [-4.123513745385339, 51.20841108280576], [-4.123143346882015, 51.208375830934784], [-4.12333028274682, 51.20805112848167], [-4.123482080617466, 51.20800089323844], [-4.123657112131994, 51.208094761908065]]]}}, {"type": "Feature", "properties": {"type": "postcode-cell", "postcode": "EX34 9BZ", "postcodes": ["EX34 9BZ"]}, "geometry": {"type": "MultiPolygon", "coordinates": [[[[-4.121533573565157, 51.211643686911316], [-4.121969989916164, 51.21213999513521], [-4.12157998991568, 51.21262999513562], [-4.121299454152085, 51.21256691089033], [-4.121533573565157, 51.211643686911316]]], [[[-4.12217598111566, 51.21022142477928], [-4.122953826391969, 51.209860551959444], [-4.124032195688743, 51.21090336430795], [-4.121915146529547, 51.210483004785026], [-4.12217598111566, 51.21022142477928]]]]}}, {"type": "Feature", "properties": {"type": "postcode-cell", "postcode": "EX34 9AL", "postcodes": ["EX34 9AL"]}, "geometry": {"type": "Polygon", "coordinates": [[[-4.123174723195678, 51.20960553292574], [-4.122953826391969, 51.209860551959444], [-4.12217598111566, 51.21022142477928], [-4.122149821297543, 51.210173360530916], [-4.121992988308339, 51.209657328132664], [-4.122145338970102, 51.209374160198095], [-4.123145139501332, 51.209558856924495], [-4.123150122634049, 51.209561361322514], [-4.123174723195678, 51.20960553292574]]]}}, {"type": "Feature", "properties": {"type": "postcode-cell", "postcode": "EX34 9AT", "postcodes": ["EX34 9AT"]}, "geometry": {"type": "Polygon", "coordinates": [[[-4.123631442700573, 51.20897850015711], [-4.123150122634049, 51.209561361322514], [-4.123145139501332, 51.209558856924495], [-4.122643799195619, 51.208930824536274], [-4.12271427604971, 51.208611224025056], [-4.123573405210357, 51.20882192279763], [-4.123631442700573, 51.20897850015711]]]}}, {"type": "Feature", "properties": {"type": "postcode-cell", "postcode": "EX34 9LU", "postcodes": ["EX34 9LU"]}, "geometry": {"type": "Polygon", "coordinates": [[[-4.123229885217925, 51.20633505602344], [-4.122845034571168, 51.20631879284061], [-4.121995869881397, 51.20572265739696], [-4.122008439419342, 51.20566107761636], [-4.1233706227631375, 51.20561151305838], [-4.123571889943728, 51.20616938324298], [-4.123229885217925, 51.20633505602344]]]}}, {"type": "Feature", "properties": {"type": "postcode-cell", "postcode": "EX34 9JW", "postcodes": ["EX34 9JW"]}, "geometry": {"type": "Polygon", "coordinates": [[[-4.122752835105777, 51.20755677210264], [-4.122578808820937, 51.20759521751054], [-4.122086228411871, 51.207308827209616], [-4.122341920890452, 51.20690793049364], [-4.123308318722798, 51.20699836471912], [-4.12336611234186, 51.20704244031111], [-4.122752835105777, 51.20755677210264]]]}}, {"type": "Feature", "properties": {"type": "postcode-cell", "postcode": "EX34 9EY", "postcodes": ["EX34 9EY"]}, "geometry": {"type": "Polygon", "coordinates": [[[-4.123143346882015, 51.208375830934784], [-4.122697283211803, 51.20859174983767], [-4.122627484429042, 51.2085598128585], [-4.122432679623729, 51.208008668177996], [-4.12333028274682, 51.20805112848167], [-4.123143346882015, 51.208375830934784]]]}}, {"type": "Feature", "properties": {"type": "postcode-cell", "postcode": "EX34 9AU", "postcodes": ["EX34 9AU"]}, "geometry": {"type": "Polygon", "coordinates": [[[-4.122643799195619, 51.208930824536274], [-4.122014840605662, 51.209135669567445], [-4.121754812474734, 51.20881869298896], [-4.121745052324425, 51.20868524130546], [-4.121753439194688, 51.20866501653995], [-4.122627484429042, 51.2085598128585], [-4.122697283211803, 51.20859174983767], [-4.12271427604971, 51.208611224025056], [-4.122643799195619, 51.208930824536274]]]}}, {"type": "Feature", "properties": {"type": "postcode-cell", "postcode": "EX34 9BU", "postcodes": ["EX34 9BU"]}, "geometry": {"type": "Polygon", "coordinates": [[[-4.117282121837946, 51.21074355430871], [-4.117362246039261, 51.210610193990114], [-4.120317379943425, 51.21227566215474], [-4.1203714166530805, 51.212358216477476], [-4.119489989914449, 51.21215999513525], [-4.11754998991361, 51.21102999513429], [-4.11727666820628, 51.21105166252343], [-4.117282121837946, 51.21074355430871]]]}}, {"type": "Feature", "properties": {"type": "postcode-cell", "postcode": "EX34 9LR", "postcodes": ["EX34 9LR"]}, "geometry": {"type": "Polygon", "coordinates": [[[-4.121595650778758, 51.20506390835642], [-4.120366144642812, 51.205323057267805], [-4.119156281122788, 51.20424555551034], [-4.119543555401035, 51.20395889260452], [-4.120259989918383, 51.204419995128774], [-4.1216717970251215, 51.2049516036905], [-4.121595650778758, 51.20506390835642]]]}}, {"type": "Feature", "properties": {"type": "postcode-cell", "postcode": "EX34 9JP", "postcodes": ["EX34 9JP"]}, "geometry": {"type": "Polygon", "coordinates": [[[-4.122184111517618, 51.206681531110256], [-4.121252280668179, 51.20642512033165], [-4.121995869881397, 51.20572265739696], [-4.122845034571168, 51.20631879284061], [-4.122184111517618, 51.206681531110256]]]}}, {"type": "Feature", "properties": {"type": "postcode-cell", "postcode": "EX34 9GY", "postcodes": ["EX34 9GY"]}, "geometry": {"type": "Polygon", "coordinates": [[[-4.122627484429042, 51.2085598128585], [-4.121753439194688, 51.20866501653995], [-4.121626069335071, 51.20855115617471], [-4.121629159464244, 51.208213824416084], [-4.122412776606322, 51.20799383437552], [-4.122414781207124, 51.20799372930883], [-4.122432679623729, 51.208008668177996], [-4.122627484429042, 51.2085598128585]]]}}, {"type": "Feature", "properties": {"type": "postcode-cell", "postcode": "EX34 9JS", "postcodes": ["EX34 9JS"]}, "geometry": {"type": "Polygon", "coordinates": [[[-4.122341920890452, 51.20690793049364], [-4.122086228411871, 51.207308827209616], [-4.121228164378884, 51.20739205212834], [-4.120817720456721, 51.20721189797932], [-4.1207051037543225, 51.2065588247769], [-4.121252280668179, 51.20642512033165], [-4.122184111517618, 51.206681531110256], [-4.122341920890452, 51.20690793049364]]]}}, {"type": "Feature", "properties": {"type": "postcode-cell", "postcode": "EX34 9AY", "postcodes": ["EX34 9AY"]}, "geometry": {"type": "Polygon", "coordinates": [[[-4.123145139501332, 51.209558856924495], [-4.122145338970102, 51.209374160198095], [-4.122008118022961, 51.20928898226481], [-4.1219937377325, 51.20923108378778], [-4.122014840605662, 51.209135669567445], [-4.122643799195619, 51.208930824536274], [-4.123145139501332, 51.209558856924495]]]}}, {"type": "Feature", "properties": {"type": "postcode-cell", "postcode": "EX34 9LW", "postcodes": ["EX34 9LW"]}, "geometry": {"type": "Polygon", "coordinates": [[[-4.121252280668179, 51.20642512033165], [-4.1207051037543225, 51.2065588247769], [-4.119691207248295, 51.20617462931151], [-4.119639800481535, 51.206079568589864], [-4.120366144642812, 51.205323057267805], [-4.121595650778758, 51.20506390835642], [-4.122008439419342, 51.20566107761636], [-4.121995869881397, 51.20572265739696], [-4.121252280668179, 51.20642512033165]]]}}, {"type": "Feature", "properties": {"type": "postcode-cell", "postcode": "EX34 9DE", "postcodes": ["EX34 9DE"]}, "geometry": {"type": "Polygon", "coordinates": [[[-4.1219937377325, 51.20923108378778], [-4.121370283886412, 51.209155162617776], [-4.121334837722047, 51.20908382088284], [-4.121754812474734, 51.20881869298896], [-4.122014840605662, 51.209135669567445], [-4.1219937377325, 51.20923108378778]]]}}, {"type": "Feature", "properties": {"type": "postcode-cell", "postcode": "EX34 9JR", "postcodes": ["EX34 9JR"]}, "geometry": {"type": "Polygon", "coordinates": [[[-4.122414781207124, 51.20799372930883], [-4.122412776606322, 51.20799383437552], [-4.121320597732963, 51.20763646119567], [-4.121228164378884, 51.20739205212834], [-4.122086228411871, 51.207308827209616], [-4.122578808820937, 51.20759521751054], [-4.122414781207124, 51.20799372930883]]]}}, {"type": "Feature", "properties": {"type": "postcode-cell", "postcode": "EX34 9AW", "postcodes": ["EX34 9AW"]}, "geometry": {"type": "Polygon", "coordinates": [[[-4.122149821297543, 51.210173360530916], [-4.121511974090761, 51.20958615936713], [-4.121992988308339, 51.209657328132664], [-4.122149821297543, 51.210173360530916]]]}}, {"type": "Feature", "properties": {"type": "postcode-cell", "postcode": "EX34 9GB", "postcodes": ["EX34 9GB"]}, "geometry": {"type": "Polygon", "coordinates": [[[-4.122145338970102, 51.209374160198095], [-4.121992988308339, 51.209657328132664], [-4.121511974090761, 51.20958615936713], [-4.121376036399903, 51.209525942711295], [-4.122008118022961, 51.20928898226481], [-4.122145338970102, 51.209374160198095]]]}}, {"type": "Feature", "properties": {"type": "postcode-cell", "postcode": "EX34 9HH", "postcodes": ["EX34 9HH"]}, "geometry": {"type": "Polygon", "coordinates": [[[-4.122412776606322, 51.20799383437552], [-4.121629159464244, 51.208213824416084], [-4.121248868735334, 51.20801461659551], [-4.121320597732963, 51.20763646119567], [-4.122412776606322, 51.20799383437552]]]}}, {"type": "Feature", "properties": {"type": "postcode-cell", "postcode": "EX34 9HQ", "postcodes": ["EX34 9HQ"]}, "geometry": {"type": "Polygon", "coordinates": [[[-4.121248868735334, 51.20801461659551], [-4.120885949460906, 51.20814133843875], [-4.120565241315808, 51.20815992759904], [-4.120082434653917, 51.20787953250557], [-4.120186757453029, 51.20753968094266], [-4.120817720456721, 51.20721189797932], [-4.121228164378884, 51.20739205212834], [-4.121320597732963, 51.20763646119567], [-4.121248868735334, 51.20801461659551]]]}}, {"type": "Feature", "properties": {"type": "postcode-cell", "postcode": "EX34 9AJ", "postcodes": ["EX34 9AJ"]}, "geometry": {"type": "Polygon", "coordinates": [[[-4.12217598111566, 51.21022142477928], [-4.121915146529547, 51.210483004785026], [-4.121899989916846, 51.210479995133845], [-4.121809989916801, 51.210439995133804], [-4.121789989916793, 51.21042999513379], [-4.121869989916827, 51.21047999513383], [-4.121649989916697, 51.2104299951338], [-4.121637752085282, 51.210442233055275], [-4.121078906094306, 51.209891335296916], [-4.12135366499146, 51.209526603399375], [-4.121376036399903, 51.209525942711295], [-4.121511974090761, 51.20958615936713], [-4.122149821297543, 51.210173360530916], [-4.12217598111566, 51.21022142477928]]]}}, {"type": "Feature", "properties": {"type": "postcode-cell", "postcode": "EX34 9AZ", "postcodes": ["EX34 9AZ"]}, "geometry": {"type": "Polygon", "coordinates": [[[-4.122008118022961, 51.20928898226481], [-4.121376036399903, 51.209525942711295], [-4.12135366499146, 51.209526603399375], [-4.121241294873948, 51.2094368169348], [-4.121370283886412, 51.209155162617776], [-4.1219937377325, 51.20923108378778], [-4.122008118022961, 51.20928898226481]]]}}, {"type": "Feature", "properties": {"type": "postcode-cell", "postcode": "EX34 9DF", "postcodes": ["EX34 9DF"]}, "geometry": {"type": "Polygon", "coordinates": [[[-4.121334837722047, 51.20908382088284], [-4.120997623644523, 51.20899612849489], [-4.121237737950896, 51.208826176323335], [-4.121745052324425, 51.20868524130546], [-4.121754812474734, 51.20881869298896], [-4.121334837722047, 51.20908382088284]]]}}, {"type": "Feature", "properties": {"type": "postcode-cell", "postcode": "EX34 9HG", "postcodes": ["EX34 9HG"]}, "geometry": {"type": "Polygon", "coordinates": [[[-4.121626069335071, 51.20855115617471], [-4.121138834823199, 51.208531286566505], [-4.120885949460906, 51.20814133843875], [-4.121248868735334, 51.20801461659551], [-4.121629159464244, 51.208213824416084], [-4.121626069335071, 51.20855115617471]]]}}, {"type": "Feature", "properties": {"type": "postcode-cell", "postcode": "EX34 9HE", "postcodes": ["EX34 9HE"]}, "geometry": {"type": "Polygon", "coordinates": [[[-4.121745052324425, 51.20868524130546], [-4.121237737950896, 51.208826176323335], [-4.1210515249654085, 51.20871653270711], [-4.121073033238726, 51.20855724966751], [-4.121138834823199, 51.208531286566505], [-4.121626069335071, 51.20855115617471], [-4.121753439194688, 51.20866501653995], [-4.121745052324425, 51.20868524130546]]]}}, {"type": "Feature", "properties": {"type": "postcode-cell", "postcode": "EX34 9BD", "postcodes": ["EX34 9BD"]}, "geometry": {"type": "Polygon", "coordinates": [[[-4.121637752085282, 51.210442233055275], [-4.121349989916357, 51.21072999513404], [-4.121679989916518, 51.210879995134164], [-4.120949989915973, 51.21097999513425], [-4.121533573565157, 51.211643686911316], [-4.121299454152085, 51.21256691089033], [-4.1203714166530805, 51.212358216477476], [-4.120317379943425, 51.21227566215474], [-4.119862161947977, 51.21145589944471], [-4.119762903994559, 51.21049747213732], [-4.12035919136709, 51.209899616659435], [-4.120545225448331, 51.20982156911808], [-4.120552593441688, 51.20982023674582], [-4.121078906094306, 51.209891335296916], [-4.121637752085282, 51.210442233055275]]]}}, {"type": "Feature", "properties": {"type": "postcode-cell", "postcode": "EX34 9BB", "postcodes": ["EX34 9BB"]}, "geometry": {"type": "Polygon", "coordinates": [[[-4.121078906094306, 51.209891335296916], [-4.120552593441688, 51.20982023674582], [-4.120674205303987, 51.20950369183117], [-4.120705731954819, 51.20948278276977], [-4.121009726208158, 51.20938073594673], [-4.121241294873948, 51.2094368169348], [-4.12135366499146, 51.209526603399375], [-4.121078906094306, 51.209891335296916]]]}}, {"type": "Feature", "properties": {"type": "postcode-cell", "postcode": "EX34 9BA", "postcodes": ["EX34 9BA"]}, "geometry": {"type": "Polygon", "coordinates": [[[-4.121241294873948, 51.2094368169348], [-4.121009726208158, 51.20938073594673], [-4.120714509406087, 51.20901337852802], [-4.120997623644523, 51.20899612849489], [-4.121334837722047, 51.20908382088284], [-4.121370283886412, 51.209155162617776], [-4.121241294873948, 51.2094368169348]]]}}, {"type": "Feature", "properties": {"type": "postcode-cell", "postcode": "EX34 9DQ", "postcodes": ["EX34 9DQ"]}, "geometry": {"type": "Polygon", "coordinates": [[[-4.1210515249654085, 51.20871653270711], [-4.1206695961566, 51.209000532467726], [-4.120616697069318, 51.20899229889072], [-4.120547962239824, 51.208597673606015], [-4.121073033238726, 51.20855724966751], [-4.1210515249654085, 51.20871653270711]]]}}, {"type": "Feature", "properties": {"type": "postcode-cell", "postcode": "EX34 9JU", "postcodes": ["EX34 9JU"]}, "geometry": {"type": "Polygon", "coordinates": [[[-4.120186757453029, 51.20753968094266], [-4.119747830308456, 51.20743418360811], [-4.119412883510216, 51.20709259546091], [-4.119331459118714, 51.20648453907412], [-4.119691207248295, 51.20617462931151], [-4.1207051037543225, 51.2065588247769], [-4.120817720456721, 51.20721189797932], [-4.120186757453029, 51.20753968094266]]]}}, {"type": "Feature", "properties": {"type": "postcode-cell", "postcode": "EX34 9EZ", "postcodes": ["EX34 9EZ"]}, "geometry": {"type": "Polygon", "coordinates": [[[-4.121237737950896, 51.208826176323335], [-4.120997623644523, 51.20899612849489], [-4.120714509406087, 51.20901337852802], [-4.1206695961566, 51.209000532467726], [-4.1210515249654085, 51.20871653270711], [-4.121237737950896, 51.208826176323335]]]}}, {"type": "Feature", "properties": {"type": "postcode-cell", "postcode": "EX34 9DG", "postcodes": ["EX34 9DG"]}, "geometry": {"type": "Polygon", "coordinates": [[[-4.121009726208158, 51.20938073594673], [-4.120705731954819, 51.20948278276977], [-4.12050116543689, 51.209181174081586], [-4.12052942556806, 51.209020841869346], [-4.120616697069318, 51.20899229889072], [-4.1206695961566, 51.209000532467726], [-4.120714509406087, 51.20901337852802], [-4.121009726208158, 51.20938073594673]]]}}, {"type": "Feature", "properties": {"type": "postcode-cell", "postcode": "EX34 9GZ", "postcodes": ["EX34 9GZ"]}, "geometry": {"type": "Polygon", "coordinates": [[[-4.121138834823199, 51.208531286566505], [-4.121073033238726, 51.20855724966751], [-4.120547962239824, 51.208597673606015], [-4.120443143614688, 51.20851680424755], [-4.120565241315808, 51.20815992759904], [-4.120885949460906, 51.20814133843875], [-4.121138834823199, 51.208531286566505]]]}}, {"type": "Feature", "properties": {"type": "postcode-cell", "postcode": "EX34 9ES", "postcodes": ["EX34 9ES"]}, "geometry": {"type": "Polygon", "coordinates": [[[-4.12050116543689, 51.209181174081586], [-4.120367969924011, 51.209396875424055], [-4.120184234124815, 51.20945097990756], [-4.12002108966493, 51.209426945983125], [-4.119914425985028, 51.20930512289286], [-4.1198179509290105, 51.209129142789955], [-4.120007210872752, 51.20904113996823], [-4.12052942556806, 51.209020841869346], [-4.12050116543689, 51.209181174081586]]]}}, {"type": "Feature", "properties": {"type": "postcode-cell", "postcode": "EX34 9DS", "postcodes": ["EX34 9DS"]}, "geometry": {"type": "Polygon", "coordinates": [[[-4.12050116543689, 51.209181174081586], [-4.120705731954819, 51.20948278276977], [-4.120674205303987, 51.20950369183117], [-4.120367969924011, 51.209396875424055], [-4.12050116543689, 51.209181174081586]]]}}, {"type": "Feature", "properties": {"type": "postcode-cell", "postcode": "EX34 9HJ", "postcodes": ["EX34 9HJ"]}, "geometry": {"type": "Polygon", "coordinates": [[[-4.12052942556806, 51.209020841869346], [-4.120007210872752, 51.20904113996823], [-4.11990502561447, 51.20856807135045], [-4.120443143614688, 51.20851680424755], [-4.120547962239824, 51.208597673606015], [-4.120616697069318, 51.20899229889072], [-4.12052942556806, 51.209020841869346]]]}}, {"type": "Feature", "properties": {"type": "postcode-cell", "postcode": "EX34 8JP", "postcodes": ["EX34 8JP"]}, "geometry": {"type": "Polygon", "coordinates": [[[-4.119156281122788, 51.20424555551034], [-4.118534962157, 51.20441183823702], [-4.1185142994607435, 51.204411433083266], [-4.117259510916203, 51.203052400642285], [-4.1177028422318855, 51.202774132760695], [-4.119543555401035, 51.20395889260452], [-4.119156281122788, 51.20424555551034]]]}}, {"type": "Feature", "properties": {"type": "postcode-cell", "postcode": "EX34 9BH", "postcodes": ["EX34 9BH"]}, "geometry": {"type": "Polygon", "coordinates": [[[-4.120317379943425, 51.21227566215474], [-4.117362246039261, 51.210610193990114], [-4.117367788504558, 51.21047384870608], [-4.117537189053056, 51.210332201827924], [-4.117782507738335, 51.21038870251629], [-4.118656945292857, 51.21069318947165], [-4.119862161947977, 51.21145589944471], [-4.120317379943425, 51.21227566215474]]]}}, {"type": "Feature", "properties": {"type": "postcode-cell", "postcode": "EX34 9FH", "postcodes": ["EX34 9FH"]}, "geometry": {"type": "Polygon", "coordinates": [[[-4.119762903994559, 51.21049747213732], [-4.1193935646789175, 51.210093975158806], [-4.119568080471223, 51.20969293133346], [-4.119881234556554, 51.20963036258304], [-4.12035919136709, 51.209899616659435], [-4.119762903994559, 51.21049747213732]]]}}, {"type": "Feature", "properties": {"type": "postcode-cell", "postcode": "EX34 9ER", "postcodes": ["EX34 9ER"]}, "geometry": {"type": "Polygon", "coordinates": [[[-4.120552593441688, 51.20982023674582], [-4.120545225448331, 51.20982156911808], [-4.120184234124815, 51.20945097990756], [-4.120367969924011, 51.209396875424055], [-4.120674205303987, 51.20950369183117], [-4.120552593441688, 51.20982023674582]]]}}, {"type": "Feature", "properties": {"type": "postcode-cell", "postcode": "EX34 9DP", "postcodes": ["EX34 9DP"]}, "geometry": {"type": "Polygon", "coordinates": [[[-4.120545225448331, 51.20982156911808], [-4.12035919136709, 51.209899616659435], [-4.119881234556554, 51.20963036258304], [-4.12002108966493, 51.209426945983125], [-4.120184234124815, 51.20945097990756], [-4.120545225448331, 51.20982156911808]]]}}, {"type": "Feature", "properties": {"type": "postcode-cell", "postcode": "EX34 9JE", "postcodes": ["EX34 9JE"]}, "geometry": {"type": "Polygon", "coordinates": [[[-4.1198179509290105, 51.209129142789955], [-4.1196417674021815, 51.209122863480665], [-4.119145149974117, 51.20863299981763], [-4.119703372982946, 51.20849869815966], [-4.11990502561447, 51.20856807135045], [-4.120007210872752, 51.20904113996823], [-4.1198179509290105, 51.209129142789955]]]}}, {"type": "Feature", "properties": {"type": "postcode-cell", "postcode": "EX34 9HN", "postcodes": ["EX34 9HN"]}, "geometry": {"type": "Polygon", "coordinates": [[[-4.120443143614688, 51.20851680424755], [-4.11990502561447, 51.20856807135045], [-4.119703372982946, 51.20849869815966], [-4.119785322631772, 51.208005755365676], [-4.120082434653917, 51.20787953250557], [-4.120565241315808, 51.20815992759904], [-4.120443143614688, 51.20851680424755]]]}}, {"type": "Feature", "properties": {"type": "postcode-cell", "postcode": "EX34 9FT", "postcodes": ["EX34 9FT"]}, "geometry": {"type": "Polygon", "coordinates": [[[-4.12002108966493, 51.209426945983125], [-4.119881234556554, 51.20963036258304], [-4.119568080471223, 51.20969293133346], [-4.119474670765151, 51.20959874765031], [-4.119914425985028, 51.20930512289286], [-4.12002108966493, 51.209426945983125]]]}}, {"type": "Feature", "properties": {"type": "postcode-cell", "postcode": "EX34 9HP", "postcodes": ["EX34 9HP"]}, "geometry": {"type": "Polygon", "coordinates": [[[-4.119703372982946, 51.20849869815966], [-4.119145149974117, 51.20863299981763], [-4.118578887129059, 51.20857420118018], [-4.118946205339414, 51.20796386614465], [-4.119785322631772, 51.208005755365676], [-4.119703372982946, 51.20849869815966]]]}}, {"type": "Feature", "properties": {"type": "postcode-cell", "postcode": "EX34 9HW", "postcodes": ["EX34 9HW"]}, "geometry": {"type": "Polygon", "coordinates": [[[-4.120082434653917, 51.20787953250557], [-4.119785322631772, 51.208005755365676], [-4.118946205339414, 51.20796386614465], [-4.1188220756652765, 51.20779409320214], [-4.118990582655384, 51.207570354533], [-4.119747830308456, 51.20743418360811], [-4.120186757453029, 51.20753968094266], [-4.120082434653917, 51.20787953250557]]]}}, {"type": "Feature", "properties": {"type": "postcode-cell", "postcode": "EX34 9LP", "postcodes": ["EX34 9LP"]}, "geometry": {"type": "Polygon", "coordinates": [[[-4.119639800481535, 51.206079568589864], [-4.11894424600343, 51.20582800825497], [-4.118534962157, 51.20441183823702], [-4.119156281122788, 51.20424555551034], [-4.120366144642812, 51.205323057267805], [-4.119639800481535, 51.206079568589864]]]}}, {"type": "Feature", "properties": {"type": "postcode-cell", "postcode": "EX34 9AR", "postcodes": ["EX34 9AR"]}, "geometry": {"type": "Polygon", "coordinates": [[[-4.119762903994559, 51.21049747213732], [-4.119862161947977, 51.21145589944471], [-4.118656945292857, 51.21069318947165], [-4.118507348154677, 51.21012041666482], [-4.118532651915963, 51.210022843733064], [-4.118798099424998, 51.20996070724942], [-4.118974841801229, 51.20994716394103], [-4.1193935646789175, 51.210093975158806], [-4.119762903994559, 51.21049747213732]]]}}, {"type": "Feature", "properties": {"type": "postcode-cell", "postcode": "EX34 9DW", "postcodes": ["EX34 9DW"]}, "geometry": {"type": "Polygon", "coordinates": [[[-4.119568080471223, 51.20969293133346], [-4.1193935646789175, 51.210093975158806], [-4.118974841801229, 51.20994716394103], [-4.118904942160998, 51.209531994729346], [-4.119373482067867, 51.209531995024925], [-4.119474670765151, 51.20959874765031], [-4.119568080471223, 51.20969293133346]]]}}, {"type": "Feature", "properties": {"type": "postcode-cell", "postcode": "EX34 9DN", "postcodes": ["EX34 9DN"]}, "geometry": {"type": "Polygon", "coordinates": [[[-4.119373482067867, 51.209531995024925], [-4.119510200569817, 51.20917968285701], [-4.1196417674021815, 51.209122863480665], [-4.1198179509290105, 51.209129142789955], [-4.119914425985028, 51.20930512289286], [-4.119474670765151, 51.20959874765031], [-4.119373482067867, 51.209531995024925]]]}}, {"type": "Feature", "properties": {"type": "postcode-cell", "postcode": "EX34 9NL", "postcodes": ["EX34 9NL"]}, "geometry": {"type": "Polygon", "coordinates": [[[-4.1196417674021815, 51.209122863480665], [-4.119510200569817, 51.20917968285701], [-4.1186832869906285, 51.209220578606455], [-4.118378478418603, 51.20899704927362], [-4.1182707996134535, 51.20887755813077], [-4.118332099733843, 51.20866863124963], [-4.118539917201612, 51.2085875622751], [-4.118578887129059, 51.20857420118018], [-4.119145149974117, 51.20863299981763], [-4.1196417674021815, 51.209122863480665]]]}}, {"type": "Feature", "properties": {"type": "postcode-cell", "postcode": "EX34 9LB", "postcodes": ["EX34 9LB"]}, "geometry": {"type": "Polygon", "coordinates": [[[-4.118736829550586, 51.206732634057204], [-4.117523092324686, 51.20681102758388], [-4.11745883291869, 51.20674646937], [-4.117954513676238, 51.20585616203078], [-4.11894424600343, 51.20582800825497], [-4.119639800481535, 51.206079568589864], [-4.119691207248295, 51.20617462931151], [-4.119331459118714, 51.20648453907412], [-4.118736829550586, 51.206732634057204]]]}}, {"type": "Feature", "properties": {"type": "postcode-cell", "postcode": "EX34 9LH", "postcodes": ["EX34 9LH"]}, "geometry": {"type": "Polygon", "coordinates": [[[-4.119331459118714, 51.20648453907412], [-4.119412883510216, 51.20709259546091], [-4.118900351766624, 51.20736144032105], [-4.118694360657077, 51.20722371335665], [-4.118736829550586, 51.206732634057204], [-4.119331459118714, 51.20648453907412]]]}}, {"type": "Feature", "properties": {"type": "postcode-cell", "postcode": "EX34 9FS", "postcodes": ["EX34 9FS"]}, "geometry": {"type": "Polygon", "coordinates": [[[-4.118990582655384, 51.207570354533], [-4.118900351766624, 51.20736144032105], [-4.119412883510216, 51.20709259546091], [-4.119747830308456, 51.20743418360811], [-4.118990582655384, 51.207570354533]]]}}, {"type": "Feature", "properties": {"type": "postcode-cell", "postcode": "EX34 9LA", "postcodes": ["EX34 9LA"]}, "geometry": {"type": "Polygon", "coordinates": [[[-4.118946205339414, 51.20796386614465], [-4.118578887129059, 51.20857420118018], [-4.118539917201612, 51.2085875622751], [-4.118075481484619, 51.20768045659952], [-4.118107603270023, 51.20767682771867], [-4.1188220756652765, 51.20779409320214], [-4.118946205339414, 51.20796386614465]]]}}, {"type": "Feature", "properties": {"type": "postcode-cell", "postcode": "EX34 9JY", "postcodes": ["EX34 9JY"]}, "geometry": {"type": "Polygon", "coordinates": [[[-4.118990582655384, 51.207570354533], [-4.1188220756652765, 51.20779409320214], [-4.118107603270023, 51.20767682771867], [-4.118378348892931, 51.207298289651675], [-4.118694360657077, 51.20722371335665], [-4.118900351766624, 51.20736144032105], [-4.118990582655384, 51.207570354533]]]}}, {"type": "Feature", "properties": {"type": "postcode-cell", "postcode": "EX34 9DJ", "postcodes": ["EX34 9DJ"]}, "geometry": {"type": "Polygon", "coordinates": [[[-4.119373482067867, 51.209531995024925], [-4.118904942160998, 51.209531994729346], [-4.1187509635063915, 51.20943558721575], [-4.1186832869906285, 51.209220578606455], [-4.119510200569817, 51.20917968285701], [-4.119373482067867, 51.209531995024925]]]}}, {"type": "Feature", "properties": {"type": "postcode-cell", "postcode": "EX34 9DZ", "postcodes": ["EX34 9DZ"]}, "geometry": {"type": "Polygon", "coordinates": [[[-4.118974841801229, 51.20994716394103], [-4.118798099424998, 51.20996070724942], [-4.118437646303494, 51.20962887304948], [-4.1187509635063915, 51.20943558721575], [-4.118904942160998, 51.209531994729346], [-4.118974841801229, 51.20994716394103]]]}}, {"type": "Feature", "properties": {"type": "postcode-cell", "postcode": "EX34 9JX", "postcodes": ["EX34 9JX"]}, "geometry": {"type": "Polygon", "coordinates": [[[-4.118694360657077, 51.20722371335665], [-4.118378348892931, 51.207298289651675], [-4.117522737228368, 51.20681388047719], [-4.117523092324686, 51.20681102758388], [-4.118736829550586, 51.206732634057204], [-4.118694360657077, 51.20722371335665]]]}}, {"type": "Feature", "properties": {"type": "postcode-cell", "postcode": "EX34 9BQ", "postcodes": ["EX34 9BQ"]}, "geometry": {"type": "Polygon", "coordinates": [[[-4.118656945292857, 51.21069318947165], [-4.117782507738335, 51.21038870251629], [-4.118507348154677, 51.21012041666482], [-4.118656945292857, 51.21069318947165]]]}}, {"type": "Feature", "properties": {"type": "postcode-cell", "postcode": "EX34 9DU", "postcodes": ["EX34 9DU"]}, "geometry": {"type": "Polygon", "coordinates": [[[-4.1187509635063915, 51.20943558721575], [-4.118437646303494, 51.20962887304948], [-4.118355623378681, 51.20965191214679], [-4.118144167901321, 51.20965216957593], [-4.118076615614621, 51.209590500092716], [-4.118378478418603, 51.20899704927362], [-4.1186832869906285, 51.209220578606455], [-4.1187509635063915, 51.20943558721575]]]}}, {"type": "Feature", "properties": {"type": "postcode-cell", "postcode": "EX34 9ND", "postcodes": ["EX34 9ND"]}, "geometry": {"type": "Polygon", "coordinates": [[[-4.117259510916203, 51.203052400642285], [-4.1185142994607435, 51.204411433083266], [-4.116896341380418, 51.20474407488816], [-4.116417732978071, 51.20451565386721], [-4.11626986513528, 51.20329423485532], [-4.117259510916203, 51.203052400642285]]]}}, {"type": "Feature", "properties": {"type": "postcode-cell", "postcode": "EX34 8AB", "postcodes": ["EX34 8AB"]}, "geometry": {"type": "Polygon", "coordinates": [[[-4.11626986513528, 51.20329423485532], [-4.114322673151804, 51.20265348071888], [-4.115008742009565, 51.201823960252746], [-4.116639989916915, 51.202089995126826], [-4.1177028422318855, 51.202774132760695], [-4.117259510916203, 51.203052400642285], [-4.11626986513528, 51.20329423485532]]]}}, {"type": "Feature", "properties": {"type": "postcode-cell", "postcode": "EX34 9FD", "postcodes": ["EX34 9FD"]}, "geometry": {"type": "Polygon", "coordinates": [[[-4.118437646303494, 51.20962887304948], [-4.118798099424998, 51.20996070724942], [-4.118532651915963, 51.210022843733064], [-4.118445659231824, 51.209997454843034], [-4.118355623378681, 51.20965191214679], [-4.118437646303494, 51.20962887304948]]]}}, {"type": "Feature", "properties": {"type": "postcode-cell", "postcode": "EX34 9JZ", "postcodes": ["EX34 9JZ"]}, "geometry": {"type": "Polygon", "coordinates": [[[-4.118075481484619, 51.20768045659952], [-4.117974490529541, 51.20768619562146], [-4.117428383777086, 51.20742230505636], [-4.117360867950814, 51.207165651905505], [-4.117522737228368, 51.20681388047719], [-4.118378348892931, 51.207298289651675], [-4.118107603270023, 51.20767682771867], [-4.118075481484619, 51.20768045659952]]]}}, {"type": "Feature", "properties": {"type": "postcode-cell", "postcode": "EX34 9HR", "postcodes": ["EX34 9HR"]}, "geometry": {"type": "Polygon", "coordinates": [[[-4.118539917201612, 51.2085875622751], [-4.118332099733843, 51.20866863124963], [-4.117585330772401, 51.20833879452323], [-4.117974490529541, 51.20768619562146], [-4.118075481484619, 51.20768045659952], [-4.118539917201612, 51.2085875622751]]]}}, {"type": "Feature", "properties": {"type": "postcode-cell", "postcode": "EX34 9LN", "postcodes": ["EX34 9LN"]}, "geometry": {"type": "Polygon", "coordinates": [[[-4.11894424600343, 51.20582800825497], [-4.117954513676238, 51.20585616203078], [-4.116891902047876, 51.2053819938038], [-4.116896341380418, 51.20474407488816], [-4.1185142994607435, 51.204411433083266], [-4.118534962157, 51.20441183823702], [-4.11894424600343, 51.20582800825497]]]}}, {"type": "Feature", "properties": {"type": "postcode-cell", "postcode": "EX34 9BG", "postcodes": ["EX34 9BG"]}, "geometry": {"type": "Polygon", "coordinates": [[[-4.118507348154677, 51.21012041666482], [-4.117782507738335, 51.21038870251629], [-4.117537189053056, 51.210332201827924], [-4.117517678194876, 51.21019479721622], [-4.118209923463179, 51.20998227009769], [-4.118445659231824, 51.209997454843034], [-4.118532651915963, 51.210022843733064], [-4.118507348154677, 51.21012041666482]]]}}, {"type": "Feature", "properties": {"type": "postcode-cell", "postcode": "EX34 9EA", "postcodes": ["EX34 9EA"]}, "geometry": {"type": "Polygon", "coordinates": [[[-4.118355623378681, 51.20965191214679], [-4.118445659231824, 51.209997454843034], [-4.118209923463179, 51.20998227009769], [-4.118092043416608, 51.2097181002142], [-4.118144167901321, 51.20965216957593], [-4.118355623378681, 51.20965191214679]]]}}, {"type": "Feature", "properties": {"type": "postcode-cell", "postcode": "EX34 9NN", "postcodes": ["EX34 9NN"]}, "geometry": {"type": "Polygon", "coordinates": [[[-4.1182707996134535, 51.20887755813077], [-4.117996968383887, 51.20898870844317], [-4.117453754115649, 51.20908754127624], [-4.116711159283411, 51.208729764373246], [-4.117041236601241, 51.20832268159974], [-4.117585330772401, 51.20833879452323], [-4.118332099733843, 51.20866863124963], [-4.1182707996134535, 51.20887755813077]]]}}, {"type": "Feature", "properties": {"type": "postcode-cell", "postcode": "EX34 9DY", "postcodes": ["EX34 9DY"]}, "geometry": {"type": "Polygon", "coordinates": [[[-4.118378478418603, 51.20899704927362], [-4.118076615614621, 51.209590500092716], [-4.117747405191906, 51.20951341118853], [-4.117996968383887, 51.20898870844317], [-4.1182707996134535, 51.20887755813077], [-4.118378478418603, 51.20899704927362]]]}}, {"type": "Feature", "properties": {"type": "postcode-cell", "postcode": "EX34 9LD", "postcodes": ["EX34 9LD"]}, "geometry": {"type": "Polygon", "coordinates": [[[-4.117522737228368, 51.20681388047719], [-4.117360867950814, 51.207165651905505], [-4.116156871810546, 51.2073028733208], [-4.116096434578809, 51.207107771601805], [-4.117053143189247, 51.20664084802397], [-4.11745883291869, 51.20674646937], [-4.117523092324686, 51.20681102758388], [-4.117522737228368, 51.20681388047719]]]}}, {"type": "Feature", "properties": {"type": "postcode-cell", "postcode": "EX34 9FJ", "postcodes": ["EX34 9FJ"]}, "geometry": {"type": "Polygon", "coordinates": [[[-4.118092043416608, 51.2097181002142], [-4.117546262715768, 51.209894072025236], [-4.117543629920436, 51.209574655608264], [-4.117747405191906, 51.20951341118853], [-4.118076615614621, 51.209590500092716], [-4.118144167901321, 51.20965216957593], [-4.118092043416608, 51.2097181002142]]]}}, {"type": "Feature", "properties": {"type": "postcode-cell", "postcode": "EX34 9EF", "postcodes": ["EX34 9EF"]}, "geometry": {"type": "Polygon", "coordinates": [[[-4.117537189053056, 51.210332201827924], [-4.117367788504558, 51.21047384870608], [-4.11695628426269, 51.210481408813976], [-4.11645614343119, 51.210140299688874], [-4.116737397056006, 51.20987166752945], [-4.117430608691423, 51.21008428063486], [-4.117517678194876, 51.21019479721622], [-4.117537189053056, 51.210332201827924]]]}}, {"type": "Feature", "properties": {"type": "postcode-cell", "postcode": "EX34 9LJ", "postcodes": ["EX34 9LJ"]}, "geometry": {"type": "Polygon", "coordinates": [[[-4.11745883291869, 51.20674646937], [-4.117053143189247, 51.20664084802397], [-4.11634569902034, 51.206269501602165], [-4.116394419918505, 51.20573630843559], [-4.116891902047876, 51.2053819938038], [-4.117954513676238, 51.20585616203078], [-4.11745883291869, 51.20674646937]]]}}, {"type": "Feature", "properties": {"type": "postcode-cell", "postcode": "EX34 9EB", "postcodes": ["EX34 9EB"]}, "geometry": {"type": "Polygon", "coordinates": [[[-4.118209923463179, 51.20998227009769], [-4.117517678194876, 51.21019479721622], [-4.117430608691423, 51.21008428063486], [-4.117546262715768, 51.209894072025236], [-4.118092043416608, 51.2097181002142], [-4.118209923463179, 51.20998227009769]]]}}, {"type": "Feature", "properties": {"type": "postcode-cell", "postcode": "EX34 9EP", "postcodes": ["EX34 9EP"]}, "geometry": {"type": "Polygon", "coordinates": [[[-4.117747405191906, 51.20951341118853], [-4.117543629920436, 51.209574655608264], [-4.117133472691376, 51.20938711701132], [-4.117453754115649, 51.20908754127624], [-4.117996968383887, 51.20898870844317], [-4.117747405191906, 51.20951341118853]]]}}, {"type": "Feature", "properties": {"type": "postcode-cell", "postcode": "EX34 9ED", "postcodes": ["EX34 9ED"]}, "geometry": {"type": "Polygon", "coordinates": [[[-4.117546262715768, 51.209894072025236], [-4.117430608691423, 51.21008428063486], [-4.116737397056006, 51.20987166752945], [-4.116644860975563, 51.20974180129107], [-4.116771911219742, 51.209446637810856], [-4.117133472691376, 51.20938711701132], [-4.117543629920436, 51.209574655608264], [-4.117546262715768, 51.209894072025236]]]}}, {"type": "Feature", "properties": {"type": "postcode-cell", "postcode": "EX34 9LS", "postcodes": ["EX34 9LS"]}, "geometry": {"type": "Polygon", "coordinates": [[[-4.116394419918505, 51.20573630843559], [-4.114940707628729, 51.20567123394192], [-4.113924564594554, 51.20493338249662], [-4.114002889619646, 51.204748676232484], [-4.116417732978071, 51.20451565386721], [-4.116896341380418, 51.20474407488816], [-4.116891902047876, 51.2053819938038], [-4.116394419918505, 51.20573630843559]]]}}, {"type": "Feature", "properties": {"type": "postcode-cell", "postcode": "EX34 9FL", "postcodes": ["EX34 9FL"]}, "geometry": {"type": "Polygon", "coordinates": [[[-4.117585330772401, 51.20833879452323], [-4.117041236601241, 51.20832268159974], [-4.1169537098196045, 51.208252788534516], [-4.1169429862624005, 51.20774556954922], [-4.117428383777086, 51.20742230505636], [-4.117974490529541, 51.20768619562146], [-4.117585330772401, 51.20833879452323]]]}}, {"type": "Feature", "properties": {"type": "postcode-cell", "postcode": "EX34 9RU", "postcodes": ["EX34 9RU"]}, "geometry": {"type": "Polygon", "coordinates": [[[-4.084182460179117, 51.215198503273406], [-4.086529989891386, 51.21307999513605], [-4.085030928674376, 51.21236867996165], [-4.085089984408746, 51.21217170395223], [-4.090035482734684, 51.214158178749344], [-4.088409989891566, 51.21559999513815], [-4.0890199898916855, 51.21627999513873], [-4.08831998989093, 51.216899995139215], [-4.088779989891171, 51.21706999513936], [-4.088229989890833, 51.2169799951393], [-4.087819989890403, 51.21731999513959], [-4.085589989888975, 51.2170899951394], [-4.08588998988938, 51.216629995139016], [-4.084139989888305, 51.216349995138785], [-4.083883530200888, 51.21619541819345], [-4.084182460179117, 51.215198503273406]]]}}, {"type": "Feature", "properties": {"type": "postcode-cell", "postcode": "EX34 9HU", "postcodes": ["EX34 9HU"]}, "geometry": {"type": "Polygon", "coordinates": [[[-4.117428383777086, 51.20742230505636], [-4.1169429862624005, 51.20774556954922], [-4.116048323502408, 51.207520076786196], [-4.116047106139098, 51.207478856630146], [-4.116156871810546, 51.2073028733208], [-4.117360867950814, 51.207165651905505], [-4.117428383777086, 51.20742230505636]]]}}, {"type": "Feature", "properties": {"type": "postcode-cell", "postcode": "EX34 9EW", "postcodes": ["EX34 9EW"]}, "geometry": {"type": "Polygon", "coordinates": [[[-4.117453754115649, 51.20908754127624], [-4.117133472691376, 51.20938711701132], [-4.116771911219742, 51.209446637810856], [-4.116673188661699, 51.20936776442412], [-4.116406115455621, 51.20887005943796], [-4.116711159283411, 51.208729764373246], [-4.117453754115649, 51.20908754127624]]]}}, {"type": "Feature", "properties": {"type": "postcode-cell", "postcode": "EX34 9HT", "postcodes": ["EX34 9HT"]}, "geometry": {"type": "Polygon", "coordinates": [[[-4.1169537098196045, 51.208252788534516], [-4.116669696363569, 51.208208157459026], [-4.115914293126505, 51.207843422509356], [-4.115933955178847, 51.20764423422455], [-4.116048323502408, 51.207520076786196], [-4.1169429862624005, 51.20774556954922], [-4.1169537098196045, 51.208252788534516]]]}}, {"type": "Feature", "properties": {"type": "postcode-cell", "postcode": "EX34 9TQ", "postcodes": ["EX34 9TQ"]}, "geometry": {"type": "Polygon", "coordinates": [[[-4.117362246039261, 51.210610193990114], [-4.117282121837946, 51.21074355430871], [-4.116664504576663, 51.21086603964603], [-4.116738016104893, 51.21053944739276], [-4.11695628426269, 51.210481408813976], [-4.117367788504558, 51.21047384870608], [-4.117362246039261, 51.210610193990114]]]}}, {"type": "Feature", "properties": {"type": "postcode-cell", "postcode": "EX34 9NW", "postcodes": ["EX34 9NW"]}, "geometry": {"type": "Polygon", "coordinates": [[[-4.117041236601241, 51.20832268159974], [-4.116711159283411, 51.208729764373246], [-4.116406115455621, 51.20887005943796], [-4.1158734832588415, 51.208850792805784], [-4.11558464565472, 51.208426874755126], [-4.116669696363569, 51.208208157459026], [-4.1169537098196045, 51.208252788534516], [-4.117041236601241, 51.20832268159974]]]}}, {"type": "Feature", "properties": {"type": "postcode-cell", "postcode": "EX34 9EQ", "postcodes": ["EX34 9EQ"]}, "geometry": {"type": "Polygon", "coordinates": [[[-4.114965120762766, 51.21105549875035], [-4.1137399899110365, 51.21091999513421], [-4.11387998991097, 51.21128999513451], [-4.113479989910627, 51.21143999513463], [-4.112189989909847, 51.21119999513444], [-4.111929989909619, 51.211309995134535], [-4.112529989909954, 51.211489995134684], [-4.111799989909448, 51.211499995134716], [-4.111659989909345, 51.2115099951347], [-4.111639989909587, 51.210929995134215], [-4.1110399899092105, 51.21084999513415], [-4.1134299899110305, 51.210449995133814], [-4.113129989911144, 51.20971999513322], [-4.113539989911116, 51.21042999513381], [-4.115061994070187, 51.21052337033949], [-4.114965120762766, 51.21105549875035]]]}}, {"type": "Feature", "properties": {"type": "postcode-cell", "postcode": "EX34 9BT", "postcodes": ["EX34 9BT"]}, "geometry": {"type": "Polygon", "coordinates": [[[-4.116664504576663, 51.21086603964603], [-4.117282121837946, 51.21074355430871], [-4.11727666820628, 51.21105166252343], [-4.116263500084467, 51.21113197498821], [-4.116664504576663, 51.21086603964603]]]}}, {"type": "Feature", "properties": {"type": "postcode-cell", "postcode": "EX34 9BW", "postcodes": ["EX34 9BW"]}, "geometry": {"type": "Polygon", "coordinates": [[[-4.116263500084467, 51.21113197498821], [-4.116229852631474, 51.21113464202121], [-4.116214198015036, 51.21079495639443], [-4.11655900759178, 51.21053676294945], [-4.116738016104893, 51.21053944739276], [-4.116664504576663, 51.21086603964603], [-4.116263500084467, 51.21113197498821]]]}}, {"type": "Feature", "properties": {"type": "postcode-cell", "postcode": "EX34 9EE", "postcodes": ["EX34 9EE"]}, "geometry": {"type": "Polygon", "coordinates": [[[-4.116737397056006, 51.20987166752945], [-4.11645614343119, 51.210140299688874], [-4.116120986083197, 51.21027798431925], [-4.115940772358743, 51.21029164316172], [-4.1160992329184225, 51.209924344907876], [-4.116640530248709, 51.209741779815516], [-4.116644860975563, 51.20974180129107], [-4.116737397056006, 51.20987166752945]]]}}, {"type": "Feature", "properties": {"type": "postcode-cell", "postcode": "EX34 9EL", "postcodes": ["EX34 9EL"]}, "geometry": {"type": "Polygon", "coordinates": [[[-4.116644860975563, 51.20974180129107], [-4.116640530248709, 51.209741779815516], [-4.115771857114006, 51.20963303836502], [-4.115824000581713, 51.20940366301578], [-4.116673188661699, 51.20936776442412], [-4.116771911219742, 51.209446637810856], [-4.116644860975563, 51.20974180129107]]]}}, {"type": "Feature", "properties": {"type": "postcode-cell", "postcode": "EX34 9BJ", "postcodes": ["EX34 9BJ"]}, "geometry": {"type": "Polygon", "coordinates": [[[-4.11695628426269, 51.210481408813976], [-4.116738016104893, 51.21053944739276], [-4.11655900759178, 51.21053676294945], [-4.116120986083197, 51.21027798431925], [-4.11645614343119, 51.210140299688874], [-4.11695628426269, 51.210481408813976]]]}}, {"type": "Feature", "properties": {"type": "postcode-cell", "postcode": "EX34 9LE", "postcodes": ["EX34 9LE"]}, "geometry": {"type": "Polygon", "coordinates": [[[-4.116096434578809, 51.207107771601805], [-4.116156871810546, 51.2073028733208], [-4.116047106139098, 51.207478856630146], [-4.115539366875264, 51.20733575341611], [-4.115439115667778, 51.2070136377539], [-4.115997791357168, 51.20702477089205], [-4.116096434578809, 51.207107771601805]]]}}, {"type": "Feature", "properties": {"type": "postcode-cell", "postcode": "EX34 9LQ", "postcodes": ["EX34 9LQ"]}, "geometry": {"type": "Polygon", "coordinates": [[[-4.115997791357168, 51.20702477089205], [-4.115888991993896, 51.206475538855656], [-4.11634569902034, 51.206269501602165], [-4.117053143189247, 51.20664084802397], [-4.116096434578809, 51.207107771601805], [-4.115997791357168, 51.20702477089205]]]}}, {"type": "Feature", "properties": {"type": "postcode-cell", "postcode": "EX34 9BN", "postcodes": ["EX34 9BN"]}, "geometry": {"type": "Polygon", "coordinates": [[[-4.116229852631474, 51.21113464202121], [-4.115909989912427, 51.211159995134395], [-4.115533710733235, 51.21111838207846], [-4.115791219121132, 51.21034021284597], [-4.116214198015036, 51.21079495639443], [-4.116229852631474, 51.21113464202121]]]}}, {"type": "Feature", "properties": {"type": "postcode-cell", "postcode": "EX34 9HS", "postcodes": ["EX34 9HS"]}, "geometry": {"type": "Polygon", "coordinates": [[[-4.11558464565472, 51.208426874755126], [-4.115376465854607, 51.208291086929115], [-4.115914293126505, 51.207843422509356], [-4.116669696363569, 51.208208157459026], [-4.11558464565472, 51.208426874755126]]]}}, {"type": "Feature", "properties": {"type": "postcode-cell", "postcode": "EX34 9BL", "postcodes": ["EX34 9BL"]}, "geometry": {"type": "Polygon", "coordinates": [[[-4.11655900759178, 51.21053676294945], [-4.116214198015036, 51.21079495639443], [-4.115791219121132, 51.21034021284597], [-4.115784560358546, 51.2103217067813], [-4.115940772358743, 51.21029164316172], [-4.116120986083197, 51.21027798431925], [-4.11655900759178, 51.21053676294945]]]}}, {"type": "Feature", "properties": {"type": "postcode-cell", "postcode": "EX34 9EG", "postcodes": ["EX34 9EG"]}, "geometry": {"type": "Polygon", "coordinates": [[[-4.115791219121132, 51.21034021284597], [-4.115533710733235, 51.21111838207846], [-4.114965120762766, 51.21105549875035], [-4.115061994070187, 51.21052337033949], [-4.115169989912195, 51.21052999513389], [-4.11536432813686, 51.210208745715576], [-4.115784560358546, 51.2103217067813], [-4.115791219121132, 51.21034021284597]]]}}, {"type": "Feature", "properties": {"type": "postcode-cell", "postcode": "EX34 9EN", "postcodes": ["EX34 9EN"]}, "geometry": {"type": "Polygon", "coordinates": [[[-4.116673188661699, 51.20936776442412], [-4.115824000581713, 51.20940366301578], [-4.115621106071729, 51.20903501168304], [-4.1158734832588415, 51.208850792805784], [-4.116406115455621, 51.20887005943796], [-4.116673188661699, 51.20936776442412]]]}}, {"type": "Feature", "properties": {"type": "postcode-cell", "postcode": "EX34 9EJ", "postcodes": ["EX34 9EJ"]}, "geometry": {"type": "Polygon", "coordinates": [[[-4.115771857114006, 51.20963303836502], [-4.116640530248709, 51.209741779815516], [-4.1160992329184225, 51.209924344907876], [-4.115635106151472, 51.209761130232415], [-4.115659989912888, 51.2097199951332], [-4.115638766886925, 51.20971242883314], [-4.115771857114006, 51.20963303836502]]]}}, {"type": "Feature", "properties": {"type": "postcode-cell", "postcode": "EX34 9FA", "postcodes": ["EX34 9FA"]}, "geometry": {"type": "Polygon", "coordinates": [[[-4.115638766886925, 51.20971242883314], [-4.114509989912277, 51.20930999513286], [-4.114096544470922, 51.20927319908265], [-4.115621106071729, 51.20903501168304], [-4.115824000581713, 51.20940366301578], [-4.115771857114006, 51.20963303836502], [-4.115638766886925, 51.20971242883314]]]}}, {"type": "Feature", "properties": {"type": "postcode-cell", "postcode": "EX34 9EH", "postcodes": ["EX34 9EH"]}, "geometry": {"type": "Polygon", "coordinates": [[[-4.115940772358743, 51.21029164316172], [-4.115784560358546, 51.2103217067813], [-4.11536432813686, 51.210208745715576], [-4.115635106151472, 51.209761130232415], [-4.1160992329184225, 51.209924344907876], [-4.115940772358743, 51.21029164316172]]]}}, {"type": "Feature", "properties": {"type": "postcode-cell", "postcode": "EX34 9HY", "postcodes": ["EX34 9HY"]}, "geometry": {"type": "Polygon", "coordinates": [[[-4.116048323502408, 51.207520076786196], [-4.115933955178847, 51.20764423422455], [-4.11508066276156, 51.207646111020125], [-4.114679769207722, 51.20728245073177], [-4.115539366875264, 51.20733575341611], [-4.116047106139098, 51.207478856630146], [-4.116048323502408, 51.207520076786196]]]}}, {"type": "Feature", "properties": {"type": "postcode-cell", "postcode": "EX34 9FF", "postcodes": ["EX34 9FF"]}, "geometry": {"type": "Polygon", "coordinates": [[[-4.115621106071729, 51.20903501168304], [-4.114096544470922, 51.20927319908265], [-4.113769441983017, 51.20924408635121], [-4.114898292148534, 51.20824929695228], [-4.115376465854607, 51.208291086929115], [-4.11558464565472, 51.208426874755126], [-4.1158734832588415, 51.208850792805784], [-4.115621106071729, 51.20903501168304]]]}}, {"type": "Feature", "properties": {"type": "postcode-cell", "postcode": "EX34 9LL", "postcodes": ["EX34 9LL"]}, "geometry": {"type": "Polygon", "coordinates": [[[-4.11634569902034, 51.206269501602165], [-4.115888991993896, 51.206475538855656], [-4.115609382839103, 51.206484794077404], [-4.1148735711273305, 51.206176178407716], [-4.114940707628729, 51.20567123394192], [-4.116394419918505, 51.20573630843559], [-4.11634569902034, 51.206269501602165]]]}}, {"type": "Feature", "properties": {"type": "postcode-cell", "postcode": "EX34 9JA", "postcodes": ["EX34 9JA"]}, "geometry": {"type": "Polygon", "coordinates": [[[-4.1148735711273305, 51.206176178407716], [-4.113958463258393, 51.20668729763204], [-4.113838367124738, 51.2066624550497], [-4.1126323196837795, 51.20578823962729], [-4.112683998781281, 51.205703846980775], [-4.113924564594554, 51.20493338249662], [-4.114940707628729, 51.20567123394192], [-4.1148735711273305, 51.206176178407716]]]}}, {"type": "Feature", "properties": {"type": "postcode-cell", "postcode": "EX34 9LG", "postcodes": ["EX34 9LG"]}, "geometry": {"type": "Polygon", "coordinates": [[[-4.115997791357168, 51.20702477089205], [-4.115439115667778, 51.2070136377539], [-4.115051625134916, 51.20692420423683], [-4.115609382839103, 51.206484794077404], [-4.115888991993896, 51.206475538855656], [-4.115997791357168, 51.20702477089205]]]}}, {"type": "Feature", "properties": {"type": "postcode-cell", "postcode": "EX34 9JB", "postcodes": ["EX34 9JB"]}, "geometry": {"type": "Polygon", "coordinates": [[[-4.116417732978071, 51.20451565386721], [-4.114002889619646, 51.204748676232484], [-4.112922400469789, 51.20307475728326], [-4.114322673151804, 51.20265348071888], [-4.11626986513528, 51.20329423485532], [-4.116417732978071, 51.20451565386721]]]}}, {"type": "Feature", "properties": {"type": "postcode-cell", "postcode": "EX34 9HX", "postcodes": ["EX34 9HX"]}, "geometry": {"type": "Polygon", "coordinates": [[[-4.115914293126505, 51.207843422509356], [-4.115376465854607, 51.208291086929115], [-4.114898292148534, 51.20824929695228], [-4.11489708791515, 51.20824787259818], [-4.11508066276156, 51.207646111020125], [-4.115933955178847, 51.20764423422455], [-4.115914293126505, 51.207843422509356]]]}}, {"type": "Feature", "properties": {"type": "postcode-cell", "postcode": "EX34 9LF", "postcodes": ["EX34 9LF"]}, "geometry": {"type": "Polygon", "coordinates": [[[-4.115539366875264, 51.20733575341611], [-4.114679769207722, 51.20728245073177], [-4.114478691893016, 51.20718486252451], [-4.114458279283753, 51.20707344029677], [-4.115051625134916, 51.20692420423683], [-4.115439115667778, 51.2070136377539], [-4.115539366875264, 51.20733575341611]]]}}, {"type": "Feature", "properties": {"type": "postcode-cell", "postcode": "EX34 9JN", "postcodes": ["EX34 9JN"]}, "geometry": {"type": "Polygon", "coordinates": [[[-4.115051625134916, 51.20692420423683], [-4.114458279283753, 51.20707344029677], [-4.113958463258393, 51.20668729763204], [-4.1148735711273305, 51.206176178407716], [-4.115609382839103, 51.206484794077404], [-4.115051625134916, 51.20692420423683]]]}}, {"type": "Feature", "properties": {"type": "postcode-cell", "postcode": "EX34 9NY", "postcodes": ["EX34 9NY"]}, "geometry": {"type": "Polygon", "coordinates": [[[-4.112683998781281, 51.205703846980775], [-4.111418133495148, 51.204833127764], [-4.112063481938046, 51.20338211202192], [-4.112255238786288, 51.20312278706201], [-4.1124502162847145, 51.203008778131846], [-4.112922400469789, 51.20307475728326], [-4.114002889619646, 51.204748676232484], [-4.113924564594554, 51.20493338249662], [-4.112683998781281, 51.205703846980775]]]}}, {"type": "Feature", "properties": {"type": "postcode-cell", "postcode": "EX34 9HZ", "postcodes": ["EX34 9HZ"]}, "geometry": {"type": "Polygon", "coordinates": [[[-4.11508066276156, 51.207646111020125], [-4.11489708791515, 51.20824787259818], [-4.1139229683664365, 51.20776551957775], [-4.114478691893016, 51.20718486252451], [-4.114679769207722, 51.20728245073177], [-4.11508066276156, 51.207646111020125]]]}}, {"type": "Feature", "properties": {"type": "postcode-cell", "postcode": "EX34 9NR", "postcodes": ["EX34 9NR"]}, "geometry": {"type": "Polygon", "coordinates": [[[-4.113769441983017, 51.20924408635121], [-4.112599989911036, 51.209139995132716], [-4.112411577550855, 51.209199865547234], [-4.112460148839703, 51.208974058251435], [-4.113459648664072, 51.20786347709641], [-4.1139229683664365, 51.20776551957775], [-4.11489708791515, 51.20824787259818], [-4.114898292148534, 51.20824929695228], [-4.113769441983017, 51.20924408635121]]]}}, {"type": "Feature", "properties": {"type": "postcode-cell", "postcode": "EX34 9PB", "postcodes": ["EX34 9PB"]}, "geometry": {"type": "Polygon", "coordinates": [[[-4.114478691893016, 51.20718486252451], [-4.1139229683664365, 51.20776551957775], [-4.113459648664072, 51.20786347709641], [-4.112902626863181, 51.20734779413227], [-4.1129284515082345, 51.207236637345744], [-4.113838367124738, 51.2066624550497], [-4.113958463258393, 51.20668729763204], [-4.114458279283753, 51.20707344029677], [-4.114478691893016, 51.20718486252451]]]}}, {"type": "Feature", "properties": {"type": "postcode-cell", "postcode": "EX34 9QZ", "postcodes": ["EX34 9QZ"]}, "geometry": {"type": "Polygon", "coordinates": [[[-4.095180597007817, 51.209079390134946], [-4.10028140381907, 51.20941522382441], [-4.1044271253821, 51.21153502624839], [-4.103989989904102, 51.21143999513466], [-4.104049989904047, 51.21165999513482], [-4.103259989903402, 51.21188999513503], [-4.102559989902621, 51.21256999513558], [-4.102759989902654, 51.212809995135814], [-4.102389989902432, 51.21273999513574], [-4.103369989902963, 51.213059995136014], [-4.1029599899026294, 51.213179995136095], [-4.1031599899026885, 51.21335999513626], [-4.102019989902146, 51.21280999513581], [-4.1023199899021705, 51.21321999513615], [-4.100769989901132, 51.2131599951361], [-4.099859989900741, 51.21262999513565], [-4.100489989901309, 51.212319995135395], [-4.099159989900538, 51.21199999513513], [-4.099049989900378, 51.2121899951353], [-4.098669989900217, 51.21195999513509], [-4.099059989900498, 51.21192999513508], [-4.098239989900058, 51.21164999513484], [-4.098089989900297, 51.2108799951342], [-4.098049989900228, 51.210969995134285], [-4.098009989900265, 51.21081999513412], [-4.096999989899537, 51.21089999513422], [-4.096888473322919, 51.21099123824294], [-4.095180597007817, 51.209079390134946]]]}}, {"type": "Feature", "properties": {"type": "postcode-cell", "postcode": "EX34 9NS", "postcodes": ["EX34 9NS"]}, "geometry": {"type": "Polygon", "coordinates": [[[-4.112071889597083, 51.208199826619165], [-4.11269638880017, 51.20739970609315], [-4.112902626863181, 51.20734779413227], [-4.113459648664072, 51.20786347709641], [-4.112460148839703, 51.208974058251435], [-4.112071889597083, 51.208199826619165]]]}}, {"type": "Feature", "properties": {"type": "postcode-cell", "postcode": "EX34 9NU", "postcodes": ["EX34 9NU"]}, "geometry": {"type": "Polygon", "coordinates": [[[-4.112460148839703, 51.208974058251435], [-4.112411577550855, 51.209199865547234], [-4.111529989910149, 51.20947999513301], [-4.110639989909736, 51.20902999513264], [-4.110459989909272, 51.20979999513326], [-4.108803950041552, 51.2098277509406], [-4.110861536696418, 51.207150118054585], [-4.111475963826248, 51.207468498327344], [-4.112071889597083, 51.208199826619165], [-4.112460148839703, 51.208974058251435]]]}}, {"type": "Feature", "properties": {"type": "postcode-cell", "postcode": "EX34 8PG", "postcodes": ["EX34 8PG"]}, "geometry": {"type": "Polygon", "coordinates": [[[-4.109322626483057, 51.198570668380725], [-4.110699989913946, 51.19955999512473], [-4.111969989914227, 51.200909995125855], [-4.114309989915482, 51.201709995126514], [-4.115008742009565, 51.201823960252746], [-4.114322673151804, 51.20265348071888], [-4.112922400469789, 51.20307475728326], [-4.1124502162847145, 51.203008778131846], [-4.109738946107777, 51.200689073837715], [-4.108876899810467, 51.19880754308917], [-4.109322626483057, 51.198570668380725]]]}}, {"type": "Feature", "properties": {"type": "postcode-cell", "postcode": "EX34 8GA", "postcodes": ["EX34 8GA"]}, "geometry": {"type": "Polygon", "coordinates": [[[-4.108876899810467, 51.19880754308917], [-4.1072865134746745, 51.198962935082974], [-4.105106393265228, 51.1989801976015], [-4.102127710959813, 51.19829579850131], [-4.103105427737315, 51.19493173873226], [-4.106640716726738, 51.19553366507073], [-4.10714998991263, 51.19700999512261], [-4.109322626483057, 51.198570668380725], [-4.108876899810467, 51.19880754308917]]]}}, {"type": "Feature", "properties": {"type": "postcode-cell", "postcode": "EX34 9NZ", "postcodes": ["EX34 9NZ"]}, "geometry": {"type": "Polygon", "coordinates": [[[-4.113838367124738, 51.2066624550497], [-4.1129284515082345, 51.207236637345744], [-4.11132774137401, 51.20633454195815], [-4.1126323196837795, 51.20578823962729], [-4.113838367124738, 51.2066624550497]]]}}, {"type": "Feature", "properties": {"type": "postcode-cell", "postcode": "EX34 9PD", "postcodes": ["EX34 9PD"]}, "geometry": {"type": "Polygon", "coordinates": [[[-4.11269638880017, 51.20739970609315], [-4.111475963826248, 51.207468498327344], [-4.110861536696418, 51.207150118054585], [-4.110827041921237, 51.207034935371276], [-4.110990416091379, 51.20641161119153], [-4.11132774137401, 51.20633454195815], [-4.1129284515082345, 51.207236637345744], [-4.112902626863181, 51.20734779413227], [-4.11269638880017, 51.20739970609315]]]}}, {"type": "Feature", "properties": {"type": "postcode-cell", "postcode": "EX34 9NX", "postcodes": ["EX34 9NX"]}, "geometry": {"type": "Polygon", "coordinates": [[[-4.1126323196837795, 51.20578823962729], [-4.11132774137401, 51.20633454195815], [-4.110990416091379, 51.20641161119153], [-4.110773498048161, 51.206316315514776], [-4.109915452392847, 51.20505070405033], [-4.111418133495148, 51.204833127764], [-4.112683998781281, 51.205703846980775], [-4.1126323196837795, 51.20578823962729]]]}}, {"type": "Feature", "properties": {"type": "postcode-cell", "postcode": "EX34 9NT", "postcodes": ["EX34 9NT"]}, "geometry": {"type": "Polygon", "coordinates": [[[-4.112071889597083, 51.208199826619165], [-4.111475963826248, 51.207468498327344], [-4.11269638880017, 51.20739970609315], [-4.112071889597083, 51.208199826619165]]]}}, {"type": "Feature", "properties": {"type": "postcode-cell", "postcode": "EX34 9FQ", "postcodes": ["EX34 9FQ"]}, "geometry": {"type": "MultiPolygon", "coordinates": [[[[-4.110861536696418, 51.207150118054585], [-4.108803950041552, 51.2098277509406], [-4.108669989908029, 51.209829995133305], [-4.108139989907827, 51.209459995132995], [-4.107679989907396, 51.20971999513322], [-4.1078699899073685, 51.21007999513352], [-4.10686636675931, 51.20990248588688], [-4.108815433678766, 51.207292237739246], [-4.110827041921237, 51.207034935371276], [-4.110861536696418, 51.207150118054585]]], [[[-4.105851043820316, 51.21126210899866], [-4.105933922855302, 51.211151128615], [-4.106129989905623, 51.21132999513454], [-4.105846167921077, 51.211357821106354], [-4.105851043820316, 51.21126210899866]]]]}}, {"type": "Feature", "properties": {"type": "postcode-cell", "postcode": "EX34 9NF", "postcodes": ["EX34 9NF"]}, "geometry": {"type": "Polygon", "coordinates": [[[-4.111418133495148, 51.204833127764], [-4.109915452392847, 51.20505070405033], [-4.1098618437991945, 51.20502550034935], [-4.109892637960814, 51.204824385786424], [-4.112063481938046, 51.20338211202192], [-4.111418133495148, 51.204833127764]]]}}, {"type": "Feature", "properties": {"type": "postcode-cell", "postcode": "EX34 9PJ", "postcodes": ["EX34 9PJ"]}, "geometry": {"type": "Polygon", "coordinates": [[[-4.109915452392847, 51.20505070405033], [-4.110773498048161, 51.206316315514776], [-4.110000809308557, 51.206330281243936], [-4.1090761497168184, 51.20621018275247], [-4.1085842157146475, 51.20605304814004], [-4.108605236236202, 51.20591393342561], [-4.1092951834077045, 51.20507206968406], [-4.1098618437991945, 51.20502550034935], [-4.109915452392847, 51.20505070405033]]]}}, {"type": "Feature", "properties": {"type": "postcode-cell", "postcode": "EX34 9PG", "postcodes": ["EX34 9PG"]}, "geometry": {"type": "Polygon", "coordinates": [[[-4.110827041921237, 51.207034935371276], [-4.108815433678766, 51.207292237739246], [-4.10873711262573, 51.20704867968996], [-4.110000809308557, 51.206330281243936], [-4.110773498048161, 51.206316315514776], [-4.110990416091379, 51.20641161119153], [-4.110827041921237, 51.207034935371276]]]}}, {"type": "Feature", "properties": {"type": "postcode-cell", "postcode": "EX34 9PT", "postcodes": ["EX34 9PT"]}, "geometry": {"type": "Polygon", "coordinates": [[[-4.112063481938046, 51.20338211202192], [-4.109892637960814, 51.204824385786424], [-4.109563370690997, 51.203890345169164], [-4.109724689312588, 51.203699927611986], [-4.112255238786288, 51.20312278706201], [-4.112063481938046, 51.20338211202192]]]}}, {"type": "Feature", "properties": {"type": "postcode-cell", "postcode": "EX34 9PU", "postcodes": ["EX34 9PU"]}, "geometry": {"type": "Polygon", "coordinates": [[[-4.112255238786288, 51.20312278706201], [-4.109724689312588, 51.203699927611986], [-4.108461140107183, 51.202830719835845], [-4.109738946107777, 51.200689073837715], [-4.1124502162847145, 51.203008778131846], [-4.112255238786288, 51.20312278706201]]]}}, {"type": "Feature", "properties": {"type": "postcode-cell", "postcode": "EX34 9PR", "postcodes": ["EX34 9PR"]}, "geometry": {"type": "Polygon", "coordinates": [[[-4.108461140107183, 51.202830719835845], [-4.108215982468745, 51.2029518318848], [-4.10646318785871, 51.202523919561294], [-4.1072865134746745, 51.198962935082974], [-4.108876899810467, 51.19880754308917], [-4.109738946107777, 51.200689073837715], [-4.108461140107183, 51.202830719835845]]]}}, {"type": "Feature", "properties": {"type": "postcode-cell", "postcode": "EX34 9QR", "postcodes": ["EX34 9QR"]}, "geometry": {"type": "Polygon", "coordinates": [[[-4.105846167921077, 51.211357821106354], [-4.105619989905252, 51.211379995134614], [-4.10501998990503, 51.210939995134225], [-4.105259989905071, 51.21121999513447], [-4.104669989904616, 51.21133999513458], [-4.105169989904812, 51.211669995134834], [-4.105139989904782, 51.211689995134854], [-4.104801767857867, 51.2116164700672], [-4.102573758545759, 51.20905427173232], [-4.102184409342789, 51.208455688682584], [-4.101936721460682, 51.20736612513179], [-4.103320631901781, 51.20674424086939], [-4.1054860313574215, 51.208662879975805], [-4.105724747561066, 51.21036279877937], [-4.105559989905459, 51.21080999513412], [-4.105820988746913, 51.211048101174015], [-4.105851043820316, 51.21126210899866], [-4.105846167921077, 51.211357821106354]]]}}, {"type": "Feature", "properties": {"type": "postcode-cell", "postcode": "EX34 9QG", "postcodes": ["EX34 9QG"]}, "geometry": {"type": "MultiPolygon", "coordinates": [[[[-4.108815433678766, 51.207292237739246], [-4.10686636675931, 51.20990248588688], [-4.106399989906473, 51.20981999513331], [-4.1065199899063884, 51.210199995133614], [-4.105839989905986, 51.21004999513349], [-4.105724747561066, 51.21036279877937], [-4.1054860313574215, 51.208662879975805], [-4.1061223028840645, 51.20717262051705], [-4.106403003909967, 51.207080078588234], [-4.1082545886780375, 51.20677057772535], [-4.108669097915401, 51.20698331181698], [-4.10873711262573, 51.20704867968996], [-4.108815433678766, 51.207292237739246]]], [[[-4.105851043820316, 51.21126210899866], [-4.105820988746913, 51.211048101174015], [-4.105933922855302, 51.211151128615], [-4.105851043820316, 51.21126210899866]]]]}}, {"type": "Feature", "properties": {"type": "postcode-cell", "postcode": "EX34 9QQ", "postcodes": ["EX34 9QQ"]}, "geometry": {"type": "Polygon", "coordinates": [[[-4.108669097915401, 51.20698331181698], [-4.1090761497168184, 51.20621018275247], [-4.110000809308557, 51.206330281243936], [-4.10873711262573, 51.20704867968996], [-4.108669097915401, 51.20698331181698]]]}}, {"type": "Feature", "properties": {"type": "postcode-cell", "postcode": "EX34 9PS", "postcodes": ["EX34 9PS"]}, "geometry": {"type": "Polygon", "coordinates": [[[-4.1098618437991945, 51.20502550034935], [-4.1092951834077045, 51.20507206968406], [-4.108673700878553, 51.20491912453691], [-4.108338786635387, 51.204729395691956], [-4.108279954666454, 51.20440715092779], [-4.108914019901141, 51.204001163638424], [-4.109563370690997, 51.203890345169164], [-4.109892637960814, 51.204824385786424], [-4.1098618437991945, 51.20502550034935]]]}}, {"type": "Feature", "properties": {"type": "postcode-cell", "postcode": "EX34 9FP", "postcodes": ["EX34 9FP"]}, "geometry": {"type": "Polygon", "coordinates": [[[-4.1092951834077045, 51.20507206968406], [-4.108605236236202, 51.20591393342561], [-4.107949214151609, 51.20544751062654], [-4.108673700878553, 51.20491912453691], [-4.1092951834077045, 51.20507206968406]]]}}, {"type": "Feature", "properties": {"type": "postcode-cell", "postcode": "EX34 9FG", "postcodes": ["EX34 9FG"]}, "geometry": {"type": "Polygon", "coordinates": [[[-4.109563370690997, 51.203890345169164], [-4.108914019901141, 51.204001163638424], [-4.1079855277540185, 51.203501827465374], [-4.107883947709202, 51.203250774451355], [-4.108215982468745, 51.2029518318848], [-4.108461140107183, 51.202830719835845], [-4.109724689312588, 51.203699927611986], [-4.109563370690997, 51.203890345169164]]]}}, {"type": "Feature", "properties": {"type": "postcode-cell", "postcode": "EX34 9PF", "postcodes": ["EX34 9PF"]}, "geometry": {"type": "Polygon", "coordinates": [[[-4.108279954666454, 51.20440715092779], [-4.107809542899345, 51.20414631129108], [-4.1079855277540185, 51.203501827465374], [-4.108914019901141, 51.204001163638424], [-4.108279954666454, 51.20440715092779]]]}}, {"type": "Feature", "properties": {"type": "postcode-cell", "postcode": "EX34 9QH", "postcodes": ["EX34 9QH"]}, "geometry": {"type": "Polygon", "coordinates": [[[-4.1090761497168184, 51.20621018275247], [-4.108669097915401, 51.20698331181698], [-4.1082545886780375, 51.20677057772535], [-4.108277132932224, 51.20615453101142], [-4.1085842157146475, 51.20605304814004], [-4.1090761497168184, 51.20621018275247]]]}}, {"type": "Feature", "properties": {"type": "postcode-cell", "postcode": "EX34 9PQ", "postcodes": ["EX34 9PQ"]}, "geometry": {"type": "Polygon", "coordinates": [[[-4.108277132932224, 51.20615453101142], [-4.108062154199621, 51.20614589301375], [-4.107252671154867, 51.20579944343057], [-4.107274744177289, 51.205490454897095], [-4.107949214151609, 51.20544751062654], [-4.108605236236202, 51.20591393342561], [-4.1085842157146475, 51.20605304814004], [-4.108277132932224, 51.20615453101142]]]}}, {"type": "Feature", "properties": {"type": "postcode-cell", "postcode": "EX34 9PX", "postcodes": ["EX34 9PX"]}, "geometry": {"type": "Polygon", "coordinates": [[[-4.107809542899345, 51.20414631129108], [-4.106336624924778, 51.20422368920672], [-4.106810552111749, 51.203443534380824], [-4.107883947709202, 51.203250774451355], [-4.1079855277540185, 51.203501827465374], [-4.107809542899345, 51.20414631129108]]]}}, {"type": "Feature", "properties": {"type": "postcode-cell", "postcode": "EX34 9PL", "postcodes": ["EX34 9PL"]}, "geometry": {"type": "Polygon", "coordinates": [[[-4.108673700878553, 51.20491912453691], [-4.107949214151609, 51.20544751062654], [-4.107274744177289, 51.205490454897095], [-4.106817394838126, 51.204997633711805], [-4.108338786635387, 51.204729395691956], [-4.108673700878553, 51.20491912453691]]]}}, {"type": "Feature", "properties": {"type": "postcode-cell", "postcode": "EX34 9QN", "postcodes": ["EX34 9QN"]}, "geometry": {"type": "Polygon", "coordinates": [[[-4.1054860313574215, 51.208662879975805], [-4.103320631901781, 51.20674424086939], [-4.103133587504202, 51.206417301103116], [-4.103690508012253, 51.206022060388264], [-4.105986168470394, 51.20654054043025], [-4.1061223028840645, 51.20717262051705], [-4.1054860313574215, 51.208662879975805]]]}}, {"type": "Feature", "properties": {"type": "postcode-cell", "postcode": "EX34 9QU", "postcodes": ["EX34 9QU"]}, "geometry": {"type": "Polygon", "coordinates": [[[-4.1056199085607, 51.20568889215667], [-4.106536940030147, 51.20490856647079], [-4.106817394838126, 51.204997633711805], [-4.107274744177289, 51.205490454897095], [-4.107252671154867, 51.20579944343057], [-4.106002464729001, 51.20646674798328], [-4.1056199085607, 51.20568889215667]]]}}, {"type": "Feature", "properties": {"type": "postcode-cell", "postcode": "EX34 9QW", "postcodes": ["EX34 9QW"]}, "geometry": {"type": "Polygon", "coordinates": [[[-4.106002464729001, 51.20646674798328], [-4.105986168470394, 51.20654054043025], [-4.103690508012253, 51.206022060388264], [-4.104118559928452, 51.20531518412291], [-4.1056199085607, 51.20568889215667], [-4.106002464729001, 51.20646674798328]]]}}, {"type": "Feature", "properties": {"type": "postcode-cell", "postcode": "EX34 9QJ", "postcodes": ["EX34 9QJ"]}, "geometry": {"type": "Polygon", "coordinates": [[[-4.108277132932224, 51.20615453101142], [-4.1082545886780375, 51.20677057772535], [-4.106403003909967, 51.207080078588234], [-4.108062154199621, 51.20614589301375], [-4.108277132932224, 51.20615453101142]]]}}, {"type": "Feature", "properties": {"type": "postcode-cell", "postcode": "EX34 9QL", "postcodes": ["EX34 9QL"]}, "geometry": {"type": "Polygon", "coordinates": [[[-4.108062154199621, 51.20614589301375], [-4.106403003909967, 51.207080078588234], [-4.1061223028840645, 51.20717262051705], [-4.105986168470394, 51.20654054043025], [-4.106002464729001, 51.20646674798328], [-4.107252671154867, 51.20579944343057], [-4.108062154199621, 51.20614589301375]]]}}, {"type": "Feature", "properties": {"type": "postcode-cell", "postcode": "EX34 9PN", "postcodes": ["EX34 9PN"]}, "geometry": {"type": "Polygon", "coordinates": [[[-4.108338786635387, 51.204729395691956], [-4.106817394838126, 51.204997633711805], [-4.106536940030147, 51.20490856647079], [-4.106134969995253, 51.204350908010696], [-4.106336624924778, 51.20422368920672], [-4.107809542899345, 51.20414631129108], [-4.108279954666454, 51.20440715092779], [-4.108338786635387, 51.204729395691956]]]}}, {"type": "Feature", "properties": {"type": "postcode-cell", "postcode": "EX34 9RR", "postcodes": ["EX34 9RR"]}, "geometry": {"type": "Polygon", "coordinates": [[[-4.106134969995253, 51.204350908010696], [-4.103522302415441, 51.20400846705455], [-4.103331209473628, 51.20389819217179], [-4.104186045055527, 51.20341701852488], [-4.10611173014507, 51.20291536381521], [-4.106810552111749, 51.203443534380824], [-4.106336624924778, 51.20422368920672], [-4.106134969995253, 51.204350908010696]]]}}, {"type": "Feature", "properties": {"type": "postcode-cell", "postcode": "EX34 9PW", "postcodes": ["EX34 9PW"]}, "geometry": {"type": "Polygon", "coordinates": [[[-4.106810552111749, 51.203443534380824], [-4.10611173014507, 51.20291536381521], [-4.10615616286151, 51.202812363014026], [-4.10646318785871, 51.202523919561294], [-4.108215982468745, 51.2029518318848], [-4.107883947709202, 51.203250774451355], [-4.106810552111749, 51.203443534380824]]]}}, {"type": "Feature", "properties": {"type": "postcode-cell", "postcode": "EX34 9PP", "postcodes": ["EX34 9PP"]}, "geometry": {"type": "Polygon", "coordinates": [[[-4.10615616286151, 51.202812363014026], [-4.1049992586675765, 51.20219672956653], [-4.105060310382142, 51.19909274032187], [-4.105106393265228, 51.1989801976015], [-4.1072865134746745, 51.198962935082974], [-4.10646318785871, 51.202523919561294], [-4.10615616286151, 51.202812363014026]]]}}, {"type": "Feature", "properties": {"type": "postcode-cell", "postcode": "EX34 9RY", "postcodes": ["EX34 9RY"]}, "geometry": {"type": "Polygon", "coordinates": [[[-4.103331209473628, 51.20389819217179], [-4.102274644222649, 51.20371502368019], [-4.102097437739997, 51.20364511077604], [-4.105060310382142, 51.19909274032187], [-4.1049992586675765, 51.20219672956653], [-4.104186045055527, 51.20341701852488], [-4.103331209473628, 51.20389819217179]]]}}, {"type": "Feature", "properties": {"type": "postcode-cell", "postcode": "EX34 9RH", "postcodes": ["EX34 9RH"]}, "geometry": {"type": "Polygon", "coordinates": [[[-4.103105427737315, 51.19493173873226], [-4.102127710959813, 51.19829579850131], [-4.098686077577823, 51.19861491076986], [-4.086416672190723, 51.194662787258075], [-4.084534491344483, 51.19348292955486], [-4.084129989898663, 51.19285999511919], [-4.084079989900012, 51.18971999511657], [-4.086579989903896, 51.18480999511249], [-4.091149989908437, 51.18161999510982], [-4.092439989909955, 51.18017999510862], [-4.095939989913096, 51.17850999510722], [-4.097769989915748, 51.17533999510458], [-4.099189989916544, 51.175739995104905], [-4.10002998991615, 51.17793999510673], [-4.102289989916142, 51.181469995109666], [-4.103728434730525, 51.1830568353257], [-4.103105427737315, 51.19493173873226]]]}}, {"type": "Feature", "properties": {"type": "postcode-cell", "postcode": "EX34 9PH", "postcodes": ["EX34 9PH"]}, "geometry": {"type": "Polygon", "coordinates": [[[-4.106134969995253, 51.204350908010696], [-4.106536940030147, 51.20490856647079], [-4.1056199085607, 51.20568889215667], [-4.104118559928452, 51.20531518412291], [-4.103522302415441, 51.20400846705455], [-4.106134969995253, 51.204350908010696]]]}}, {"type": "Feature", "properties": {"type": "postcode-cell", "postcode": "EX34 9RP", "postcodes": ["EX34 9RP"]}, "geometry": {"type": "Polygon", "coordinates": [[[-4.10611173014507, 51.20291536381521], [-4.104186045055527, 51.20341701852488], [-4.1049992586675765, 51.20219672956653], [-4.10615616286151, 51.202812363014026], [-4.10611173014507, 51.20291536381521]]]}}, {"type": "Feature", "properties": {"type": "postcode-cell", "postcode": "EX34 9QP", "postcodes": ["EX34 9QP"]}, "geometry": {"type": "Polygon", "coordinates": [[[-4.104118559928452, 51.20531518412291], [-4.103690508012253, 51.206022060388264], [-4.103133587504202, 51.206417301103116], [-4.101928271467569, 51.206170430402494], [-4.101925426247253, 51.206166907476245], [-4.102274644222649, 51.20371502368019], [-4.103331209473628, 51.20389819217179], [-4.103522302415441, 51.20400846705455], [-4.104118559928452, 51.20531518412291]]]}}, {"type": "Feature", "properties": {"type": "postcode-cell", "postcode": "EX34 9RJ", "postcodes": ["EX34 9RJ"]}, "geometry": {"type": "Polygon", "coordinates": [[[-4.102097437739997, 51.20364511077604], [-4.098437288871638, 51.20332082831762], [-4.098686077577823, 51.19861491076986], [-4.102127710959813, 51.19829579850131], [-4.105106393265228, 51.1989801976015], [-4.105060310382142, 51.19909274032187], [-4.102097437739997, 51.20364511077604]]]}}, {"type": "Feature", "properties": {"type": "postcode-cell", "postcode": "EX34 9QS", "postcodes": ["EX34 9QS"]}, "geometry": {"type": "Polygon", "coordinates": [[[-4.103133587504202, 51.206417301103116], [-4.103320631901781, 51.20674424086939], [-4.101936721460682, 51.20736612513179], [-4.101108562523871, 51.206844997015715], [-4.101928271467569, 51.206170430402494], [-4.103133587504202, 51.206417301103116]]]}}, {"type": "Feature", "properties": {"type": "postcode-cell", "postcode": "EX34 9QF", "postcodes": ["EX34 9QF"]}, "geometry": {"type": "Polygon", "coordinates": [[[-4.102573758545759, 51.20905427173232], [-4.0999691256479585, 51.20766005563098], [-4.100681269044325, 51.20737533692989], [-4.102184409342789, 51.208455688682584], [-4.102573758545759, 51.20905427173232]]]}}, {"type": "Feature", "properties": {"type": "postcode-cell", "postcode": "EX34 9QX", "postcodes": ["EX34 9QX"]}, "geometry": {"type": "Polygon", "coordinates": [[[-4.102184409342789, 51.208455688682584], [-4.100681269044325, 51.20737533692989], [-4.100991624792332, 51.20687649521765], [-4.101108562523871, 51.206844997015715], [-4.101936721460682, 51.20736612513179], [-4.102184409342789, 51.208455688682584]]]}}, {"type": "Feature", "properties": {"type": "postcode-cell", "postcode": "EX34 9RB", "postcodes": ["EX34 9RB"]}, "geometry": {"type": "Polygon", "coordinates": [[[-4.096702567832022, 51.2046950201154], [-4.099910348540696, 51.20662019933873], [-4.099577614950532, 51.207507799983645], [-4.095521364504277, 51.207213238824636], [-4.092290260120841, 51.20650966414546], [-4.092890486842679, 51.20569274370242], [-4.096430757688736, 51.20457679787162], [-4.096702567832022, 51.2046950201154]]]}}, {"type": "Feature", "properties": {"type": "postcode-cell", "postcode": "EX34 9RD", "postcodes": ["EX34 9RD"]}, "geometry": {"type": "Polygon", "coordinates": [[[-4.096430757688736, 51.20457679787162], [-4.098437288871638, 51.20332082831762], [-4.102097437739997, 51.20364511077604], [-4.102274644222649, 51.20371502368019], [-4.101925426247253, 51.206166907476245], [-4.096702567832022, 51.2046950201154], [-4.096430757688736, 51.20457679787162]]]}}, {"type": "Feature", "properties": {"type": "postcode-cell", "postcode": "EX34 9RF", "postcodes": ["EX34 9RF"]}, "geometry": {"type": "Polygon", "coordinates": [[[-4.101928271467569, 51.206170430402494], [-4.101108562523871, 51.206844997015715], [-4.100991624792332, 51.20687649521765], [-4.099910348540696, 51.20662019933873], [-4.096702567832022, 51.2046950201154], [-4.101925426247253, 51.206166907476245], [-4.101928271467569, 51.206170430402494]]]}}, {"type": "Feature", "properties": {"type": "postcode-cell", "postcode": "EX34 9QT", "postcodes": ["EX34 9QT"]}, "geometry": {"type": "Polygon", "coordinates": [[[-4.104801767857867, 51.2116164700672], [-4.1044271253821, 51.21153502624839], [-4.10028140381907, 51.20941522382441], [-4.099536385865942, 51.208639608484276], [-4.099953419943159, 51.20766198660152], [-4.0999691256479585, 51.20766005563098], [-4.102573758545759, 51.20905427173232], [-4.104801767857867, 51.2116164700672]]]}}, {"type": "Feature", "properties": {"type": "postcode-cell", "postcode": "EX34 9RA", "postcodes": ["EX34 9RA"]}, "geometry": {"type": "Polygon", "coordinates": [[[-4.0999691256479585, 51.20766005563098], [-4.099953419943159, 51.20766198660152], [-4.099577614950532, 51.207507799983645], [-4.099910348540696, 51.20662019933873], [-4.100991624792332, 51.20687649521765], [-4.100681269044325, 51.20737533692989], [-4.0999691256479585, 51.20766005563098]]]}}, {"type": "Feature", "properties": {"type": "postcode-cell", "postcode": "EX34 9QY", "postcodes": ["EX34 9QY"]}, "geometry": {"type": "Polygon", "coordinates": [[[-4.10028140381907, 51.20941522382441], [-4.095180597007817, 51.209079390134946], [-4.0919434503699685, 51.206799029085545], [-4.092290260120841, 51.20650966414546], [-4.095521364504277, 51.207213238824636], [-4.099536385865942, 51.208639608484276], [-4.10028140381907, 51.20941522382441]]]}}, {"type": "Feature", "properties": {"type": "postcode-cell", "postcode": "EX34 9PZ", "postcodes": ["EX34 9PZ"]}, "geometry": {"type": "Polygon", "coordinates": [[[-4.099536385865942, 51.208639608484276], [-4.095521364504277, 51.207213238824636], [-4.099577614950532, 51.207507799983645], [-4.099953419943159, 51.20766198660152], [-4.099536385865942, 51.208639608484276]]]}}, {"type": "Feature", "properties": {"type": "postcode-cell", "postcode": "EX34 9RL", "postcodes": ["EX34 9RL"]}, "geometry": {"type": "Polygon", "coordinates": [[[-4.098437288871638, 51.20332082831762], [-4.096430757688736, 51.20457679787162], [-4.092890486842679, 51.20569274370242], [-4.086416672190723, 51.194662787258075], [-4.098686077577823, 51.19861491076986], [-4.098437288871638, 51.20332082831762]]]}}, {"type": "Feature", "properties": {"type": "postcode-cell", "postcode": "EX34 9RS", "postcodes": ["EX34 9RS"]}, "geometry": {"type": "Polygon", "coordinates": [[[-4.090153841625013, 51.20748858748849], [-4.0919434503699685, 51.206799029085545], [-4.095180597007817, 51.209079390134946], [-4.096888473322919, 51.21099123824294], [-4.095789989898268, 51.211889995135024], [-4.096609989898701, 51.21218999513529], [-4.096379989898362, 51.212599995135626], [-4.095529989897872, 51.21238999513545], [-4.095519989897692, 51.21277999513579], [-4.094429989896951, 51.21275999513578], [-4.094769989897092, 51.21296999513595], [-4.093379989896166, 51.21290999513592], [-4.0937099898962295, 51.2132799951362], [-4.093370259157871, 51.213117111777905], [-4.090153841625013, 51.20748858748849]]]}}, {"type": "Feature", "properties": {"type": "postcode-cell", "postcode": "EX34 9RN", "postcodes": ["EX34 9RN"]}, "geometry": {"type": "Polygon", "coordinates": [[[-4.086416672190723, 51.194662787258075], [-4.092890486842679, 51.20569274370242], [-4.092290260120841, 51.20650966414546], [-4.0919434503699685, 51.206799029085545], [-4.090153841625013, 51.20748858748849], [-4.082480859592667, 51.20871560484395], [-4.082441154345682, 51.20870779911223], [-4.082459989890583, 51.20856999513229], [-4.083649989891707, 51.207869995131695], [-4.083529989892327, 51.20627999513039], [-4.0824599898915706, 51.20632999513042], [-4.0834099898927105, 51.20521999512949], [-4.0823799898949185, 51.198619995123984], [-4.082649989896058, 51.196459995122204], [-4.08338998989727, 51.194859995120865], [-4.084629989898663, 51.193629995119835], [-4.084534491344483, 51.19348292955486], [-4.086416672190723, 51.194662787258075]]]}}, {"type": "Feature", "properties": {"type": "postcode-cell", "postcode": "EX34 9RT", "postcodes": ["EX34 9RT"]}, "geometry": {"type": "Polygon", "coordinates": [[[-4.093370259157871, 51.213117111777905], [-4.092979989895883, 51.212929995135916], [-4.0923499898951885, 51.21351999513641], [-4.092539989895127, 51.213949995136744], [-4.091429989894469, 51.21371999513657], [-4.091379989894321, 51.213979995136796], [-4.090179989893475, 51.21402999513684], [-4.090035482734684, 51.214158178749344], [-4.085089984408746, 51.21217170395223], [-4.082480859592667, 51.20871560484395], [-4.090153841625013, 51.20748858748849], [-4.093370259157871, 51.213117111777905]]]}}, {"type": "Feature", "properties": {"type": "postcode-cell", "postcode": "EX34 9RX", "postcodes": ["EX34 9RX"]}, "geometry": {"type": "MultiPolygon", "coordinates": [[[[-4.082480859592667, 51.20871560484395], [-4.085089984408746, 51.21217170395223], [-4.085030928674376, 51.21236867996165], [-4.083389989889888, 51.21158999513481], [-4.082079989889095, 51.21134999513461], [-4.082441154345682, 51.20870779911223], [-4.082480859592667, 51.20871560484395]]], [[[-4.083883530200888, 51.21619541819345], [-4.083409989887995, 51.21590999513842], [-4.083349989887823, 51.216209995138634], [-4.082199989887081, 51.21609999513856], [-4.082359989886655, 51.21731999513958], [-4.082069989886414, 51.21740999513968], [-4.081429989885901, 51.21757999513979], [-4.081329989885792, 51.21766999513988], [-4.080179989884829, 51.21805999514021], [-4.07997998988476, 51.21790999514009], [-4.077719989883919, 51.21629999513874], [-4.077919989884502, 51.21528999513791], [-4.0771099898839145, 51.21535999513796], [-4.077069989883879, 51.21537999513799], [-4.077469989884385, 51.214859995137545], [-4.081519989887564, 51.213949995136765], [-4.082519989888174, 51.214119995136905], [-4.083259989888273, 51.21504999513769], [-4.084069989888718, 51.215299995137904], [-4.084182460179117, 51.215198503273406], [-4.083883530200888, 51.21619541819345]]]]}}]}