{"type": "FeatureCollection", "features": [{"type": "Feature", "properties": {"type": "ward-outline", "name": "Kenn Valley"}, "geometry": {"type": "Polygon", "coordinates": [[[-3.58552, 50.74387], [-3.58308, 50.74156], [-3.58261, 50.74158], [-3.57947, 50.74184], [-3.57338, 50.74411], [-3.56966, 50.745], [-3.56903, 50.74094], [-3.56665, 50.74065], [-3.56471, 50.73998], [-3.56601, 50.73962], [-3.56737, 50.73736], [-3.56447, 50.73556], [-3.56388, 50.7337], [-3.56305, 50.73336], [-3.56272, 50.73228], [-3.56173, 50.73199], [-3.56058, 50.73006], [-3.56079, 50.72974], [-3.56187, 50.72963], [-3.5632, 50.72872], [-3.56573, 50.72925], [-3.56622, 50.72912], [-3.5677, 50.72834], [-3.56689, 50.72744], [-3.57013, 50.72783], [-3.56841, 50.72623], [-3.56785, 50.72617], [-3.56668, 50.72446], [-3.56573, 50.72379], [-3.56608, 50.7231], [-3.56543, 50.72224], [-3.56513, 50.7201], [-3.56478, 50.71999], [-3.56463, 50.71785], [-3.56557, 50.71671], [-3.56575, 50.71541], [-3.56623, 50.71507], [-3.56702, 50.71535], [-3.56823, 50.71525], [-3.56868, 50.71511], [-3.5687, 50.71461], [-3.56689, 50.71418], [-3.5662, 50.71122], [-3.56487, 50.71086], [-3.56511, 50.71059], [-3.56299, 50.70904], [-3.56274, 50.7069], [-3.56005, 50.70615], [-3.5507, 50.70444], [-3.54767, 50.70324], [-3.54548, 50.70191], [-3.543, 50.69941], [-3.53909, 50.69292], [-3.53814, 50.69341], [-3.53371, 50.69273], [-3.52939, 50.69282], [-3.52683, 50.69532], [-3.52509, 50.69366], [-3.52282, 50.69258], [-3.5209, 50.69253], [-3.51878, 50.69303], [-3.51775, 50.69249], [-3.51087, 50.69223], [-3.50678, 50.69112], [-3.50541, 50.69142], [-3.50365, 50.69262], [-3.50326, 50.69242], [-3.50177, 50.69432], [-3.49958, 50.69419], [-3.49603, 50.69296], [-3.49435, 50.69274], [-3.49363, 50.69201], [-3.4936, 50.69114], [-3.49389, 50.69044], [-3.4948, 50.68985], [-3.49276, 50.68889], [-3.49273, 50.68861], [-3.49024, 50.68827], [-3.48782, 50.68888], [-3.48389, 50.68823], [-3.48254, 50.68779], [-3.48234, 50.68659], [-3.48081, 50.68604], [-3.48046, 50.68529], [-3.47962, 50.68532], [-3.47693, 50.68333], [-3.47047, 50.68185], [-3.46983, 50.68225], [-3.46869, 50.68182], [-3.46888, 50.68124], [-3.46766, 50.6758], [-3.46722, 50.67528], [-3.46759, 50.67491], [-3.46771, 50.66749], [-3.46663, 50.66549], [-3.46671, 50.66435], [-3.46608, 50.66329], [-3.4675, 50.66464], [-3.46819, 50.66395], [-3.46737, 50.66338], [-3.46537, 50.66021], [-3.46206, 50.65882], [-3.46067, 50.65788], [-3.45983, 50.65794], [-3.45765, 50.65707], [-3.45654, 50.65615], [-3.45559, 50.65283], [-3.4527, 50.64949], [-3.45126, 50.64708], [-3.45257, 50.64466], [-3.45254, 50.64225], [-3.45252, 50.64222], [-3.45527, 50.64125], [-3.46027, 50.64195], [-3.46397, 50.64191], [-3.46779, 50.64357], [-3.46901, 50.64375], [-3.46982, 50.64356], [-3.47099, 50.64411], [-3.47251, 50.64547], [-3.47313, 50.64554], [-3.4736, 50.64625], [-3.4745, 50.64639], [-3.47454, 50.64667], [-3.47607, 50.64723], [-3.47619, 50.64787], [-3.47753, 50.64809], [-3.47804, 50.64883], [-3.47756, 50.64922], [-3.47835, 50.64992], [-3.47895, 50.64963], [-3.47895, 50.64997], [-3.47924, 50.64984], [-3.47992, 50.65039], [-3.48145, 50.65073], [-3.48207, 50.65044], [-3.48291, 50.65078], [-3.48378, 50.65066], [-3.48517, 50.65137], [-3.48661, 50.65119], [-3.48733, 50.6514], [-3.48764, 50.65115], [-3.48949, 50.6517], [-3.49016, 50.65162], [-3.4901, 50.65127], [-3.49047, 50.65153], [-3.49095, 50.65125], [-3.49185, 50.65142], [-3.49209, 50.65219], [-3.49348, 50.65277], [-3.4937, 50.65247], [-3.49418, 50.65269], [-3.49567, 50.65268], [-3.4959, 50.6524], [-3.49717, 50.65252], [-3.49856, 50.6532], [-3.49865, 50.65382], [-3.5025, 50.65452], [-3.50472, 50.65436], [-3.50469, 50.65367], [-3.50935, 50.65535], [-3.51061, 50.65437], [-3.51153, 50.65206], [-3.51273, 50.65077], [-3.51403, 50.65054], [-3.51467, 50.64909], [-3.51506, 50.64913], [-3.51616, 50.64751], [-3.51984, 50.6449], [-3.5201, 50.64298], [-3.5208, 50.64199], [-3.51963, 50.64095], [-3.52064, 50.63923], [-3.51943, 50.63661], [-3.52218, 50.63607], [-3.52966, 50.63211], [-3.53488, 50.63131], [-3.53656, 50.63019], [-3.54097, 50.6287], [-3.54392, 50.62691], [-3.54492, 50.62735], [-3.55373, 50.63089], [-3.57112, 50.64349], [-3.57554, 50.64552], [-3.58102, 50.64603], [-3.58244, 50.6457], [-3.58399, 50.64577], [-3.58238, 50.64725], [-3.58767, 50.64764], [-3.58882, 50.64811], [-3.59014, 50.65377], [-3.59115, 50.6538], [-3.59467, 50.65553], [-3.59569, 50.65555], [-3.597, 50.65606], [-3.60197, 50.65523], [-3.60242, 50.65582], [-3.60254, 50.65615], [-3.60104, 50.65648], [-3.60061, 50.6569], [-3.60158, 50.65788], [-3.6016, 50.65845], [-3.59891, 50.66007], [-3.59989, 50.6621], [-3.59953, 50.66221], [-3.60027, 50.66321], [-3.59987, 50.66368], [-3.60099, 50.66478], [-3.6003, 50.66547], [-3.60026, 50.66823], [-3.60207, 50.67133], [-3.60318, 50.67242], [-3.60303, 50.67305], [-3.60105, 50.67396], [-3.59989, 50.67503], [-3.60028, 50.67663], [-3.60125, 50.67844], [-3.60517, 50.67939], [-3.60914, 50.6814], [-3.6109, 50.68405], [-3.61289, 50.68503], [-3.61448, 50.68694], [-3.61603, 50.68805], [-3.616, 50.68881], [-3.61697, 50.69052], [-3.61732, 50.69345], [-3.61606, 50.69468], [-3.6165, 50.69571], [-3.61604, 50.69635], [-3.61737, 50.69779], [-3.61595, 50.69805], [-3.61258, 50.70008], [-3.61218, 50.70075], [-3.61251, 50.70137], [-3.61701, 50.70083], [-3.6242, 50.70112], [-3.63064, 50.7005], [-3.63101, 50.69947], [-3.63394, 50.69802], [-3.63552, 50.69678], [-3.63728, 50.69609], [-3.6388, 50.69601], [-3.63929, 50.6956], [-3.644, 50.69418], [-3.64617, 50.69427], [-3.64924, 50.69323], [-3.64979, 50.69323], [-3.6501, 50.69356], [-3.65041, 50.6976], [-3.65141, 50.69942], [-3.65111, 50.69956], [-3.65149, 50.70106], [-3.65086, 50.70179], [-3.65147, 50.70245], [-3.65126, 50.70286], [-3.65266, 50.70462], [-3.65244, 50.70481], [-3.655, 50.70697], [-3.65499, 50.70751], [-3.65611, 50.70868], [-3.65504, 50.71007], [-3.65437, 50.71195], [-3.65488, 50.71396], [-3.65568, 50.71485], [-3.6562, 50.7165], [-3.65511, 50.71848], [-3.65406, 50.71905], [-3.65193, 50.71973], [-3.64791, 50.71994], [-3.6456, 50.72062], [-3.64306, 50.72062], [-3.64241, 50.72096], [-3.64253, 50.72171], [-3.64118, 50.72162], [-3.63999, 50.72256], [-3.6388, 50.72429], [-3.63905, 50.72534], [-3.63841, 50.72763], [-3.63848, 50.73058], [-3.63706, 50.73202], [-3.63647, 50.73378], [-3.63722, 50.73407], [-3.63859, 50.73324], [-3.63977, 50.7333], [-3.64394, 50.73257], [-3.64448, 50.73205], [-3.64419, 50.73051], [-3.64507, 50.72914], [-3.64736, 50.72922], [-3.64966, 50.72969], [-3.64985, 50.72905], [-3.64816, 50.72707], [-3.65201, 50.72867], [-3.65297, 50.72865], [-3.65402, 50.72971], [-3.65359, 50.7299], [-3.654, 50.73012], [-3.65476, 50.73014], [-3.65628, 50.73085], [-3.65809, 50.73107], [-3.65876, 50.73211], [-3.65859, 50.73317], [-3.65952, 50.73431], [-3.65951, 50.73503], [-3.64669, 50.73613], [-3.64297, 50.73616], [-3.6364, 50.73704], [-3.63293, 50.73716], [-3.63237, 50.73829], [-3.63399, 50.73794], [-3.63676, 50.73917], [-3.64401, 50.74041], [-3.64684, 50.74056], [-3.64816, 50.74085], [-3.6495, 50.74169], [-3.65469, 50.7422], [-3.65538, 50.74319], [-3.65525, 50.74427], [-3.65577, 50.74581], [-3.6569, 50.7466], [-3.65801, 50.7469], [-3.65885, 50.74695], [-3.66472, 50.74563], [-3.67185, 50.74541], [-3.67314, 50.74613], [-3.67312, 50.74659], [-3.67375, 50.74646], [-3.67366, 50.74699], [-3.67312, 50.74717], [-3.67401, 50.74789], [-3.67351, 50.74844], [-3.67453, 50.74902], [-3.67488, 50.74978], [-3.67457, 50.75008], [-3.67514, 50.75022], [-3.6764, 50.75157], [-3.67615, 50.75239], [-3.67664, 50.75323], [-3.67589, 50.75431], [-3.67642, 50.75469], [-3.676, 50.7549], [-3.67642, 50.75552], [-3.67728, 50.75574], [-3.67657, 50.75598], [-3.67678, 50.75642], [-3.67617, 50.75638], [-3.67609, 50.75664], [-3.67663, 50.7568], [-3.6759, 50.75687], [-3.67616, 50.75738], [-3.67546, 50.75744], [-3.6758, 50.75778], [-3.67513, 50.75786], [-3.67502, 50.75855], [-3.67454, 50.75865], [-3.67445, 50.75899], [-3.67529, 50.75938], [-3.67514, 50.75971], [-3.67462, 50.75975], [-3.67477, 50.76044], [-3.67442, 50.76036], [-3.67366, 50.76089], [-3.67414, 50.76133], [-3.67391, 50.76179], [-3.67303, 50.76216], [-3.67314, 50.76259], [-3.67271, 50.76273], [-3.6722, 50.76381], [-3.67163, 50.76399], [-3.6703, 50.76307], [-3.66879, 50.76271], [-3.66599, 50.75991], [-3.66187, 50.75964], [-3.65913, 50.75814], [-3.65934, 50.75793], [-3.65882, 50.75748], [-3.65671, 50.7572], [-3.65604, 50.75744], [-3.65608, 50.7571], [-3.65342, 50.75634], [-3.65184, 50.75631], [-3.64807, 50.75689], [-3.64642, 50.75671], [-3.64401, 50.75736], [-3.6415, 50.75862], [-3.64066, 50.75826], [-3.64089, 50.75708], [-3.63972, 50.75526], [-3.63627, 50.75576], [-3.63469, 50.75507], [-3.63198, 50.75482], [-3.62737, 50.75618], [-3.62484, 50.75611], [-3.62318, 50.7555], [-3.62222, 50.75572], [-3.62188, 50.75561], [-3.62125, 50.75311], [-3.62016, 50.75215], [-3.61996, 50.75095], [-3.61839, 50.75108], [-3.61711, 50.75196], [-3.61574, 50.7523], [-3.61435, 50.75396], [-3.60885, 50.7542], [-3.6088, 50.75336], [-3.60766, 50.75275], [-3.60674, 50.75128], [-3.60623, 50.74883], [-3.60325, 50.74742], [-3.602, 50.74596], [-3.60114, 50.74631], [-3.599, 50.74644], [-3.59844, 50.74704], [-3.5967, 50.74686], [-3.5966, 50.74778], [-3.596, 50.74773], [-3.59527, 50.74757], [-3.59359, 50.7463], [-3.59318, 50.74645], [-3.5923, 50.7455], [-3.5919, 50.74499], [-3.59231, 50.74482], [-3.59215, 50.74329], [-3.58788, 50.74402], [-3.58552, 50.74387]]]}}, {"type": "Feature", "properties": {"type": "postcode-cell", "postcode": "EX4 2HU", "postcodes": ["EX4 2HU"]}, "geometry": {"type": "Polygon", "coordinates": [[[-3.640658857771871, 50.746910156106544], [-3.6416014306431825, 50.74588157272538], [-3.6512774559274015, 50.74186468638565], [-3.6546899898186433, 50.74219999475641], [-3.655379989818622, 50.743189994757195], [-3.6552499898180315, 50.744269994758056], [-3.6557699898176437, 50.74580999475926], [-3.6568999898179975, 50.746599994759876], [-3.6580099898185727, 50.74689999476009], [-3.65884998981909, 50.746949994760115], [-3.6647199898234852, 50.74562999475899], [-3.6718499898281802, 50.74540999475872], [-3.6731399898286714, 50.74612999475927], [-3.6731199898284435, 50.746589994759645], [-3.6737499898289117, 50.746459994759526], [-3.673659989828603, 50.746989994759936], [-3.673119989828171, 50.747169994760085], [-3.6740099898284093, 50.747889994760655], [-3.673509989827828, 50.748439994761085], [-3.674529989828215, 50.74901999476154], [-3.674879989828083, 50.74977999476215], [-3.674569989827742, 50.75007999476239], [-3.675139989828043, 50.75021999476248], [-3.6763999898282247, 50.75156999476355], [-3.6761499898276773, 50.752389994764194], [-3.676639989827601, 50.753229994764844], [-3.675889989826613, 50.75430999476572], [-3.6764199898267744, 50.754689994766004], [-3.675999989826406, 50.754899994766184], [-3.676419989826387, 50.75551999476667], [-3.677279989826838, 50.75573999476682], [-3.6765699898262674, 50.75597999476705], [-3.676779989826199, 50.75641999476737], [-3.676169989825822, 50.756379994767364], [-3.6760899898256496, 50.75663999476756], [-3.676629989825921, 50.756799994767675], [-3.6758999898254197, 50.75686999476776], [-3.676159989825348, 50.757379994768144], [-3.6754599898248688, 50.75743999476821], [-3.6757999898249296, 50.75777999476847], [-3.6751299898244594, 50.75785999476855], [-3.6750199898240656, 50.758549994769105], [-3.674539989823707, 50.75864999476917], [-3.674449989823492, 50.75898999476944], [-3.6752899898238494, 50.759379994769766], [-3.675139989823597, 50.75970999477001], [-3.674619989823246, 50.759749994770054], [-3.6747699898230177, 50.760439994770586], [-3.6744199898228302, 50.76035999477053], [-3.67365998982209, 50.76088999477098], [-3.6741399898221956, 50.7613299947713], [-3.67390998982183, 50.76178999477168], [-3.6730299898210914, 50.76215999477197], [-3.6731399898209616, 50.76258999477233], [-3.672709989820618, 50.76272999477244], [-3.672199989819784, 50.76380999477332], [-3.671629989819331, 50.763989994773446], [-3.670299989818904, 50.76306999477273], [-3.668789989818099, 50.76270999477247], [-3.6659899898176085, 50.7599099947703], [-3.6618699898150804, 50.75963999477014], [-3.65912998981402, 50.75813999476898], [-3.6593399898142542, 50.757929994768816], [-3.6588199898141296, 50.75747999476846], [-3.656709989812904, 50.757199994768285], [-3.6560399898123586, 50.75743999476849], [-3.656079989812545, 50.757099994768225], [-3.6534199898111885, 50.756339994767636], [-3.651839989810186, 50.75630999476764], [-3.64806998980749, 50.756889994768144], [-3.646419989806513, 50.756709994768016], [-3.6457169681568504, 50.75689961339224], [-3.640658857771871, 50.746910156106544]]]}}, {"type": "Feature", "properties": {"type": "postcode-cell", "postcode": "EX6 7SE", "postcodes": ["EX6 7SE"]}, "geometry": {"type": "Polygon", "coordinates": [[[-3.640479402943295, 50.70429988644674], [-3.6410463689996773, 50.703211979944264], [-3.65027006495239, 50.69577655714577], [-3.650409989836866, 50.69759999472126], [-3.6514099898366497, 50.69941999472267], [-3.6511099898363915, 50.699559994722804], [-3.65148998983593, 50.70105999472397], [-3.650859989835183, 50.70178999472456], [-3.651469989835261, 50.70244999472507], [-3.6512599898349336, 50.70285999472538], [-3.6526599898350036, 50.70461999472676], [-3.652439989834772, 50.704809994726915], [-3.654999989835398, 50.70696999472857], [-3.6549899898351375, 50.70750999472902], [-3.6561099898353064, 50.70867999472991], [-3.6550399898339667, 50.710069994731015], [-3.6543699898326536, 50.71194999473253], [-3.6546455685716626, 50.713036121913035], [-3.640479402943295, 50.70429988644674]]]}}, {"type": "Feature", "properties": {"type": "postcode-cell", "postcode": "EX6 7RB", "postcodes": ["EX6 7RB"]}, "geometry": {"type": "Polygon", "coordinates": [[[-3.5953927607235396, 50.66463049428832], [-3.5928653613909574, 50.65488887551268], [-3.593078032271884, 50.654747612949706], [-3.594669989821157, 50.65552999468909], [-3.595689989821796, 50.65554999468909], [-3.5969999898223888, 50.656059994689464], [-3.601969989825945, 50.65522999468874], [-3.6024199898259512, 50.6558199946892], [-3.6025399898258716, 50.65614999468946], [-3.60103998982476, 50.65647999468974], [-3.6006099898242874, 50.65689999469007], [-3.60157998982444, 50.65787999469082], [-3.6015999898241815, 50.658449994691274], [-3.5989099898217027, 50.66006999469258], [-3.599889989821364, 50.66209999469417], [-3.599529989821086, 50.662209994694244], [-3.6002699898210815, 50.663209994695016], [-3.5998699898206055, 50.66367999469541], [-3.600989989820798, 50.664779994696254], [-3.600299989820029, 50.66546999469681], [-3.6002858634967003, 50.66644471890461], [-3.5953927607235396, 50.66463049428832]]]}}, {"type": "Feature", "properties": {"type": "postcode-cell", "postcode": "EX4 2HT", "postcodes": ["EX4 2HT"]}, "geometry": {"type": "Polygon", "coordinates": [[[-3.640658857771871, 50.746910156106544], [-3.6457169681568504, 50.75689961339224], [-3.644009989804657, 50.757359994768585], [-3.6414999898024543, 50.75861999476961], [-3.640659989802082, 50.758259994769354], [-3.6408899898027856, 50.75707999476842], [-3.639719989802889, 50.755259994766995], [-3.6362699898004367, 50.755759994767416], [-3.6346899897997464, 50.755069994766906], [-3.6319799897981238, 50.754819994766734], [-3.6273699897945244, 50.75617999476789], [-3.6248399897929344, 50.75610999476786], [-3.623179989792156, 50.75549999476741], [-3.6222199897914367, 50.7557199947676], [-3.6218799897912715, 50.75560999476752], [-3.621256456428804, 50.75313565746215], [-3.640658857771871, 50.746910156106544]]]}}, {"type": "Feature", "properties": {"type": "postcode-cell", "postcode": "EX6 6AQ", "postcodes": ["EX6 6AQ"]}, "geometry": {"type": "Polygon", "coordinates": [[[-3.638426817760968, 50.72833922313041], [-3.6384610388320016, 50.72978140097645], [-3.6294800979403234, 50.73058747375451], [-3.6286787962317333, 50.730141049662805], [-3.6292679590853414, 50.722521011117855], [-3.633420215527533, 50.72179581855148], [-3.6341216311875653, 50.72213043013593], [-3.638426817760968, 50.72833922313041]]]}}, {"type": "Feature", "properties": {"type": "postcode-cell", "postcode": "EX6 6AH", "postcodes": ["EX6 6AH"]}, "geometry": {"type": "MultiPolygon", "coordinates": [[[[-3.6341216311875653, 50.72213043013593], [-3.639588104161734, 50.723144264056536], [-3.6387999898168593, 50.72428999474249], [-3.6390499898165247, 50.72533999474332], [-3.638409989815038, 50.727629994745136], [-3.638426817760968, 50.72833922313041], [-3.6341216311875653, 50.72213043013593]]], [[[-3.6536248993099827, 50.73138244525165], [-3.644333944084846, 50.73028588995465], [-3.6450699898186008, 50.72913999474625], [-3.6473599898200324, 50.729219994746266], [-3.649659989821289, 50.729689994746614], [-3.6498499898217127, 50.729049994746084], [-3.648159989821557, 50.727069994744554], [-3.6520099898232785, 50.72866999474577], [-3.652969989823903, 50.72864999474573], [-3.654019989824078, 50.72970999474656], [-3.653589989823714, 50.72989999474671], [-3.6539999898238746, 50.730119994746886], [-3.6547599898243526, 50.730139994746885], [-3.6562799898249954, 50.730849994747416], [-3.658089989826055, 50.73106999474757], [-3.6583884676689404, 50.73153330994846], [-3.6536248993099827, 50.73138244525165]]]]}}, {"type": "Feature", "properties": {"type": "postcode-cell", "postcode": "EX6 6AJ", "postcodes": ["EX6 6AJ"]}, "geometry": {"type": "Polygon", "coordinates": [[[-3.6341216311875653, 50.72213043013593], [-3.633420215527533, 50.72179581855148], [-3.6387109806715436, 50.71598665893882], [-3.655853093237368, 50.71539927883468], [-3.6561999898316873, 50.71649999473606], [-3.6551099898300574, 50.71847999473767], [-3.6540599898291153, 50.719049994738135], [-3.6519299898274267, 50.7197299947387], [-3.6479099898247482, 50.71993999473892], [-3.6455999898229483, 50.7206199947395], [-3.64305998982132, 50.72061999473952], [-3.6424099898207416, 50.72095999473979], [-3.6425299898204657, 50.7217099947404], [-3.6411799898196433, 50.721619994740365], [-3.6399899898184365, 50.72255999474112], [-3.639588104161734, 50.723144264056536], [-3.6341216311875653, 50.72213043013593]]]}}, {"type": "Feature", "properties": {"type": "postcode-cell", "postcode": "EX6 7SB", "postcodes": ["EX6 7SB"]}, "geometry": {"type": "Polygon", "coordinates": [[[-3.6387109806715436, 50.71598665893882], [-3.62809479267408, 50.71044859073527], [-3.627659095429764, 50.70863602816825], [-3.628233771259507, 50.70728913499845], [-3.640479402943295, 50.70429988644674], [-3.6546455685716626, 50.713036121913035], [-3.6548799898320348, 50.71395999473409], [-3.655679989832129, 50.714849994734784], [-3.655853093237368, 50.71539927883468], [-3.6387109806715436, 50.71598665893882]]]}}, {"type": "Feature", "properties": {"type": "postcode-cell", "postcode": "EX6 7BE", "postcodes": ["EX6 7BE"]}, "geometry": {"type": "Polygon", "coordinates": [[[-3.6410463689996773, 50.703211979944264], [-3.634441188146049, 50.69762665852875], [-3.6355199898277157, 50.696779994720856], [-3.6372799898291683, 50.696089994720275], [-3.638799989830179, 50.69600999472021], [-3.639289989830685, 50.69559999471988], [-3.643999989834369, 50.69417999471868], [-3.646169989835718, 50.69426999471871], [-3.6492399898381755, 50.69322999471784], [-3.6497899898385264, 50.69322999471783], [-3.650099989838568, 50.69355999471808], [-3.65027006495239, 50.69577655714577], [-3.6410463689996773, 50.703211979944264]]]}}, {"type": "Feature", "properties": {"type": "postcode-cell", "postcode": "EX6 7BL", "postcodes": ["EX6 7BL"]}, "geometry": {"type": "Polygon", "coordinates": [[[-3.596948363441876, 50.69250973321364], [-3.594129123707326, 50.68918844885915], [-3.594860155409034, 50.68536488273348], [-3.5957841169479168, 50.68172548849682], [-3.5960544027365255, 50.68159208338449], [-3.6022996948963315, 50.67869440430671], [-3.605169989816544, 50.67938999470765], [-3.609139989818126, 50.68139999470917], [-3.610899989817994, 50.68404999471122], [-3.612889989818801, 50.68502999471196], [-3.614479989818913, 50.686939994713434], [-3.6160299898193786, 50.688049994714284], [-3.6160031221225384, 50.68873064384341], [-3.596948363441876, 50.69250973321364]]]}}, {"type": "Feature", "properties": {"type": "postcode-cell", "postcode": "EX6 7BD", "postcodes": ["EX6 7BD"]}, "geometry": {"type": "Polygon", "coordinates": [[[-3.640479402943295, 50.70429988644674], [-3.628233771259507, 50.70728913499845], [-3.6244257420940156, 50.7032708091016], [-3.623700699812522, 50.7010998709238], [-3.6241999898184285, 50.70111999472446], [-3.630639989822839, 50.70049999472385], [-3.631009989823562, 50.699469994723046], [-3.633939989826121, 50.69801999472184], [-3.634441188146049, 50.69762665852875], [-3.6410463689996773, 50.703211979944264], [-3.640479402943295, 50.70429988644674]]]}}, {"type": "Feature", "properties": {"type": "postcode-cell", "postcode": "EX4 2HJ", "postcodes": ["EX4 2HJ"]}, "geometry": {"type": "Polygon", "coordinates": [[[-3.6306654964998826, 50.73672501471285], [-3.630002627844161, 50.73645401454337], [-3.6294800979403234, 50.73058747375451], [-3.6384610388320016, 50.72978140097645], [-3.638479989813694, 50.730579994747465], [-3.637059989812107, 50.732019994748626], [-3.636469989810901, 50.73377999475004], [-3.637219989811246, 50.73406999475026], [-3.638589989812516, 50.733239994749574], [-3.639769989813242, 50.733299994749615], [-3.643939989816262, 50.732569994748964], [-3.644479989816853, 50.73204999474854], [-3.6441899898173915, 50.73050999474733], [-3.644333944084846, 50.73028588995465], [-3.6536248993099827, 50.73138244525165], [-3.6306654964998826, 50.73672501471285]]]}}, {"type": "Feature", "properties": {"type": "postcode-cell", "postcode": "EX4 2HN", "postcodes": ["EX4 2HN"]}, "geometry": {"type": "Polygon", "coordinates": [[[-3.6536248993099827, 50.73138244525165], [-3.6583884676689404, 50.73153330994846], [-3.6587599898259975, 50.73210999474836], [-3.6585899898253897, 50.73316999474923], [-3.6595199898254522, 50.73430999475009], [-3.6595099898251107, 50.73502999475069], [-3.6466899898163545, 50.73612999475173], [-3.6429699898139525, 50.73615999475183], [-3.636399989809321, 50.737039994752614], [-3.632929989807038, 50.73715999475275], [-3.6327304224372163, 50.73756269960575], [-3.6314996202233547, 50.73741083464917], [-3.6306654964998826, 50.73672501471285], [-3.6536248993099827, 50.73138244525165]]]}}, {"type": "Feature", "properties": {"type": "postcode-cell", "postcode": "EX4 2HL", "postcodes": ["EX4 2HL"]}, "geometry": {"type": "Polygon", "coordinates": [[[-3.6416014306431825, 50.74588157272538], [-3.6335614355290256, 50.74188690583325], [-3.6314996202233547, 50.73741083464917], [-3.6327304224372163, 50.73756269960575], [-3.6323699898061483, 50.738289994753664], [-3.6339899898073513, 50.73793999475337], [-3.6367599898085508, 50.739169994754285], [-3.6440099898126213, 50.74040999475517], [-3.6468399898143695, 50.74055999475524], [-3.648159989815081, 50.74084999475546], [-3.649499989815547, 50.74168999475609], [-3.6512774559274015, 50.74186468638565], [-3.6416014306431825, 50.74588157272538]]]}}, {"type": "Feature", "properties": {"type": "postcode-cell", "postcode": "EX4 2JU", "postcodes": ["EX4 2JU"]}, "geometry": {"type": "Polygon", "coordinates": [[[-3.609711844458881, 50.73841615912816], [-3.609545983061036, 50.73365891849125], [-3.617041321103406, 50.731694413391686], [-3.617289571512677, 50.73855795841642], [-3.6140335679917355, 50.74185354110829], [-3.6121457588166206, 50.7407106563447], [-3.609711844458881, 50.73841615912816]]]}}, {"type": "Feature", "properties": {"type": "postcode-cell", "postcode": "EX4 2LF", "postcodes": ["EX4 2LF"]}, "geometry": {"type": "Polygon", "coordinates": [[[-3.6121457588166206, 50.7407106563447], [-3.598512219899073, 50.73803520998905], [-3.5982638565310854, 50.73678533072554], [-3.5995046603941625, 50.73421009909342], [-3.6031164998115592, 50.734324888994365], [-3.609711844458881, 50.73841615912816], [-3.6121457588166206, 50.7407106563447]]]}}, {"type": "Feature", "properties": {"type": "postcode-cell", "postcode": "EX4 2HR", "postcodes": ["EX4 2HR"]}, "geometry": {"type": "Polygon", "coordinates": [[[-3.6306654964998826, 50.73672501471285], [-3.6314996202233547, 50.73741083464917], [-3.6335614355290256, 50.74188690583325], [-3.625665260633809, 50.74380904732579], [-3.6296545202698014, 50.736564589033165], [-3.630002627844161, 50.73645401454337], [-3.6306654964998826, 50.73672501471285]]]}}, {"type": "Feature", "properties": {"type": "postcode-cell", "postcode": "EX4 2HS", "postcodes": ["EX4 2HS"]}, "geometry": {"type": "Polygon", "coordinates": [[[-3.640658857771871, 50.746910156106544], [-3.621256456428804, 50.75313565746215], [-3.6212499897920427, 50.75310999476555], [-3.6201599897917953, 50.7521499947648], [-3.6199599897922305, 50.75094999476385], [-3.618389989791165, 50.751079994763984], [-3.617109989789929, 50.751959994764675], [-3.6157399897888904, 50.75229999476496], [-3.614349989787218, 50.75395999476632], [-3.612162400550986, 50.75405548454478], [-3.613815490099958, 50.74964991156042], [-3.625665260633809, 50.74380904732579], [-3.6335614355290256, 50.74188690583325], [-3.6416014306431825, 50.74588157272538], [-3.640658857771871, 50.746910156106544]]]}}, {"type": "Feature", "properties": {"type": "postcode-cell", "postcode": "EX6 7SA", "postcodes": ["EX6 7SA"]}, "geometry": {"type": "Polygon", "coordinates": [[[-3.633420215527533, 50.72179581855148], [-3.6292679590853414, 50.722521011117855], [-3.622296130724426, 50.72010105706531], [-3.621036946865263, 50.718584751625734], [-3.62809479267408, 50.71044859073527], [-3.6387109806715436, 50.71598665893882], [-3.633420215527533, 50.72179581855148]]]}}, {"type": "Feature", "properties": {"type": "postcode-cell", "postcode": "EX6 7RT", "postcodes": ["EX6 7RT"]}, "geometry": {"type": "Polygon", "coordinates": [[[-3.6244257420940156, 50.7032708091016], [-3.6162701946190645, 50.70434359515384], [-3.609053948173125, 50.70381447421478], [-3.6115088951956418, 50.69888206200673], [-3.61613256031967, 50.6962212025005], [-3.616039989815464, 50.69634999472082], [-3.617369989815633, 50.697789994721916], [-3.6159499898146046, 50.69804999472216], [-3.612579989811494, 50.7000799947238], [-3.6121799898109224, 50.70074999472435], [-3.612509989810838, 50.70136999472482], [-3.6170099898139694, 50.70082999472434], [-3.623700699812522, 50.7010998709238], [-3.6244257420940156, 50.7032708091016]]]}}, {"type": "Feature", "properties": {"type": "postcode-cell", "postcode": "EX4 2HH", "postcodes": ["EX4 2HH"]}, "geometry": {"type": "Polygon", "coordinates": [[[-3.6292679590853414, 50.722521011117855], [-3.6286787962317333, 50.730141049662805], [-3.617554956564813, 50.73009802401702], [-3.6170351235720153, 50.729652210655296], [-3.6161525248225024, 50.728064394077066], [-3.622296130724426, 50.72010105706531], [-3.6292679590853414, 50.722521011117855]]]}}, {"type": "Feature", "properties": {"type": "postcode-cell", "postcode": "EX6 7RZ", "postcodes": ["EX6 7RZ"]}, "geometry": {"type": "Polygon", "coordinates": [[[-3.62809479267408, 50.71044859073527], [-3.621036946865263, 50.718584751625734], [-3.6160226110242806, 50.71800732698392], [-3.6088631791382886, 50.71405022050117], [-3.6092251502957993, 50.71375027126715], [-3.6144476062095863, 50.71035198352714], [-3.6162409809139193, 50.709737715317765], [-3.627659095429764, 50.70863602816825], [-3.62809479267408, 50.71044859073527]]]}}, {"type": "Feature", "properties": {"type": "postcode-cell", "postcode": "EX4 2HP", "postcodes": ["EX4 2HP"]}, "geometry": {"type": "Polygon", "coordinates": [[[-3.613815490099958, 50.74964991156042], [-3.6140335679917355, 50.74185354110829], [-3.617289571512677, 50.73855795841642], [-3.6296545202698014, 50.736564589033165], [-3.625665260633809, 50.74380904732579], [-3.613815490099958, 50.74964991156042]]]}}, {"type": "Feature", "properties": {"type": "postcode-cell", "postcode": "EX4 2HW", "postcodes": ["EX4 2HW"]}, "geometry": {"type": "Polygon", "coordinates": [[[-3.6296545202698014, 50.736564589033165], [-3.617289571512677, 50.73855795841642], [-3.617041321103406, 50.731694413391686], [-3.617554956564813, 50.73009802401702], [-3.6286787962317333, 50.730141049662805], [-3.6294800979403234, 50.73058747375451], [-3.630002627844161, 50.73645401454337], [-3.6296545202698014, 50.736564589033165]]]}}, {"type": "Feature", "properties": {"type": "postcode-cell", "postcode": "EX4 2LG", "postcodes": ["EX4 2LG"]}, "geometry": {"type": "Polygon", "coordinates": [[[-3.6140335679917355, 50.74185354110829], [-3.613815490099958, 50.74964991156042], [-3.612162400550986, 50.75405548454478], [-3.6088499897835806, 50.75419999476657], [-3.608799989783945, 50.75335999476591], [-3.607659989783502, 50.752749994765466], [-3.6067399897836054, 50.75127999476431], [-3.6062299897844334, 50.74882999476236], [-3.60324998978319, 50.74741999476131], [-3.601999989783079, 50.74595999476017], [-3.6011399897823626, 50.74630999476046], [-3.5989999897809315, 50.74643999476058], [-3.598439989780292, 50.74703999476108], [-3.597612845940211, 50.7469544315758], [-3.5961217320098795, 50.74278661970397], [-3.598512219899073, 50.73803520998905], [-3.6121457588166206, 50.7407106563447], [-3.6140335679917355, 50.74185354110829]]]}}, {"type": "Feature", "properties": {"type": "postcode-cell", "postcode": "EX4 2HQ", "postcodes": ["EX4 2HQ"]}, "geometry": {"type": "Polygon", "coordinates": [[[-3.6161525248225024, 50.728064394077066], [-3.615993504766678, 50.72800368388008], [-3.6088085861816896, 50.7229063536157], [-3.6160226110242806, 50.71800732698392], [-3.621036946865263, 50.718584751625734], [-3.622296130724426, 50.72010105706531], [-3.6161525248225024, 50.728064394077066]]]}}, {"type": "Feature", "properties": {"type": "postcode-cell", "postcode": "EX6 7SW", "postcodes": ["EX6 7SW"]}, "geometry": {"type": "Polygon", "coordinates": [[[-3.627659095429764, 50.70863602816825], [-3.6162409809139193, 50.709737715317765], [-3.6141114984030973, 50.70696300768865], [-3.6162701946190645, 50.70434359515384], [-3.6244257420940156, 50.7032708091016], [-3.628233771259507, 50.70728913499845], [-3.627659095429764, 50.70863602816825]]]}}, {"type": "Feature", "properties": {"type": "postcode-cell", "postcode": "EX6 7RS", "postcodes": ["EX6 7RS"]}, "geometry": {"type": "Polygon", "coordinates": [[[-3.6141114984030973, 50.70696300768865], [-3.6088987754227726, 50.70556338365502], [-3.6077006080239653, 50.70463543057999], [-3.609053948173125, 50.70381447421478], [-3.6162701946190645, 50.70434359515384], [-3.6141114984030973, 50.70696300768865]]]}}, {"type": "Feature", "properties": {"type": "postcode-cell", "postcode": "EX6 7RU", "postcodes": ["EX6 7RU"]}, "geometry": {"type": "Polygon", "coordinates": [[[-3.609053948173125, 50.70381447421478], [-3.6077006080239653, 50.70463543057999], [-3.6047961529076864, 50.705012629029355], [-3.5991277019762817, 50.70231239010067], [-3.598084265625289, 50.69855348483245], [-3.6115088951956418, 50.69888206200673], [-3.609053948173125, 50.70381447421478]]]}}, {"type": "Feature", "properties": {"type": "postcode-cell", "postcode": "EX6 7BB", "postcodes": ["EX6 7BB"]}, "geometry": {"type": "Polygon", "coordinates": [[[-3.6115088951956418, 50.69888206200673], [-3.598084265625289, 50.69855348483245], [-3.594929424245342, 50.69529554826077], [-3.596948363441876, 50.69250973321364], [-3.6160031221225384, 50.68873064384341], [-3.615999989819, 50.68880999471488], [-3.616969989818811, 50.69051999471621], [-3.617319989817652, 50.69344999471852], [-3.6160599898162666, 50.69467999471951], [-3.616499989816062, 50.6957099947203], [-3.61613256031967, 50.6962212025005], [-3.6115088951956418, 50.69888206200673]]]}}, {"type": "Feature", "properties": {"type": "postcode-cell", "postcode": "EX6 7SJ", "postcodes": ["EX6 7SJ"]}, "geometry": {"type": "Polygon", "coordinates": [[[-3.609558729328905, 50.70655129110733], [-3.6092251502957993, 50.71375027126715], [-3.6088631791382886, 50.71405022050117], [-3.6009113420965084, 50.713949881767334], [-3.6047961529076864, 50.705012629029355], [-3.6077006080239653, 50.70463543057999], [-3.6088987754227726, 50.70556338365502], [-3.609558729328905, 50.70655129110733]]]}}, {"type": "Feature", "properties": {"type": "postcode-cell", "postcode": "EX6 7SP", "postcodes": ["EX6 7SP"]}, "geometry": {"type": "Polygon", "coordinates": [[[-3.6088987754227726, 50.70556338365502], [-3.6141114984030973, 50.70696300768865], [-3.6162409809139193, 50.709737715317765], [-3.6144476062095863, 50.71035198352714], [-3.609558729328905, 50.70655129110733], [-3.6088987754227726, 50.70556338365502]]]}}, {"type": "Feature", "properties": {"type": "postcode-cell", "postcode": "EX4 2JN", "postcodes": ["EX4 2JN"]}, "geometry": {"type": "Polygon", "coordinates": [[[-3.6161525248225024, 50.728064394077066], [-3.6170351235720153, 50.729652210655296], [-3.608688267809902, 50.7309625914642], [-3.6073330402030988, 50.73051169692223], [-3.6061757102664185, 50.72927088459373], [-3.6056073011310166, 50.72780807071854], [-3.615993504766678, 50.72800368388008], [-3.6161525248225024, 50.728064394077066]]]}}, {"type": "Feature", "properties": {"type": "postcode-cell", "postcode": "EX4 2JY", "postcodes": ["EX4 2JY"]}, "geometry": {"type": "Polygon", "coordinates": [[[-3.617041321103406, 50.731694413391686], [-3.609545983061036, 50.73365891849125], [-3.607361424900793, 50.73310101998464], [-3.608688267809902, 50.7309625914642], [-3.6170351235720153, 50.729652210655296], [-3.617554956564813, 50.73009802401702], [-3.617041321103406, 50.731694413391686]]]}}, {"type": "Feature", "properties": {"type": "postcode-cell", "postcode": "EX6 7SN", "postcodes": ["EX6 7SN"]}, "geometry": {"type": "Polygon", "coordinates": [[[-3.6092251502957993, 50.71375027126715], [-3.609558729328905, 50.70655129110733], [-3.6144476062095863, 50.71035198352714], [-3.6092251502957993, 50.71375027126715]]]}}, {"type": "Feature", "properties": {"type": "postcode-cell", "postcode": "EX4 2JX", "postcodes": ["EX4 2JX"]}, "geometry": {"type": "Polygon", "coordinates": [[[-3.609711844458881, 50.73841615912816], [-3.6031164998115592, 50.734324888994365], [-3.6034186801445105, 50.73417356714393], [-3.607361424900793, 50.73310101998464], [-3.609545983061036, 50.73365891849125], [-3.609711844458881, 50.73841615912816]]]}}, {"type": "Feature", "properties": {"type": "postcode-cell", "postcode": "EX4 2JT", "postcodes": ["EX4 2JT"]}, "geometry": {"type": "Polygon", "coordinates": [[[-3.607361424900793, 50.73310101998464], [-3.6034186801445105, 50.73417356714393], [-3.6052621100698765, 50.73132554829636], [-3.6073330402030988, 50.73051169692223], [-3.608688267809902, 50.7309625914642], [-3.607361424900793, 50.73310101998464]]]}}, {"type": "Feature", "properties": {"type": "postcode-cell", "postcode": "EX6 7SD", "postcodes": ["EX6 7SD"]}, "geometry": {"type": "Polygon", "coordinates": [[[-3.6160226110242806, 50.71800732698392], [-3.6088085861816896, 50.7229063536157], [-3.6044406533258955, 50.722988176252784], [-3.599262686856021, 50.71836266425228], [-3.598696569188471, 50.7146236068552], [-3.6009113420965084, 50.713949881767334], [-3.6088631791382886, 50.71405022050117], [-3.6160226110242806, 50.71800732698392]]]}}, {"type": "Feature", "properties": {"type": "postcode-cell", "postcode": "EX4 2HG", "postcodes": ["EX4 2HG"]}, "geometry": {"type": "Polygon", "coordinates": [[[-3.615993504766678, 50.72800368388008], [-3.6056073011310166, 50.72780807071854], [-3.604001963879964, 50.727059115095116], [-3.60273782663493, 50.726099589885926], [-3.6044406533258955, 50.722988176252784], [-3.6088085861816896, 50.7229063536157], [-3.615993504766678, 50.72800368388008]]]}}, {"type": "Feature", "properties": {"type": "postcode-cell", "postcode": "EX4 2JS", "postcodes": ["EX4 2JS"]}, "geometry": {"type": "Polygon", "coordinates": [[[-3.6073330402030988, 50.73051169692223], [-3.6052621100698765, 50.73132554829636], [-3.604548286091013, 50.730724935974706], [-3.6046482430391524, 50.73033275608495], [-3.6061757102664185, 50.72927088459373], [-3.6073330402030988, 50.73051169692223]]]}}, {"type": "Feature", "properties": {"type": "postcode-cell", "postcode": "EX4 2JW", "postcodes": ["EX4 2JW"]}, "geometry": {"type": "Polygon", "coordinates": [[[-3.6061757102664185, 50.72927088459373], [-3.6046482430391524, 50.73033275608495], [-3.603220761728753, 50.72989410575088], [-3.604001963879964, 50.727059115095116], [-3.6056073011310166, 50.72780807071854], [-3.6061757102664185, 50.72927088459373]]]}}, {"type": "Feature", "properties": {"type": "postcode-cell", "postcode": "EX6 7SR", "postcodes": ["EX6 7SR"]}, "geometry": {"type": "Polygon", "coordinates": [[[-3.598696569188471, 50.7146236068552], [-3.596758959750411, 50.71417336782138], [-3.589226216165514, 50.709007435570186], [-3.5891807269221427, 50.708296998870075], [-3.5991277019762817, 50.70231239010067], [-3.6047961529076864, 50.705012629029355], [-3.6009113420965084, 50.713949881767334], [-3.598696569188471, 50.7146236068552]]]}}, {"type": "Feature", "properties": {"type": "postcode-cell", "postcode": "EX4 2JR", "postcodes": ["EX4 2JR"]}, "geometry": {"type": "Polygon", "coordinates": [[[-3.6052621100698765, 50.73132554829636], [-3.6034186801445105, 50.73417356714393], [-3.6031164998115592, 50.734324888994365], [-3.5995046603941625, 50.73421009909342], [-3.5986258077247437, 50.73335818294706], [-3.598483941530323, 50.73300881895988], [-3.602457446927155, 50.73077058173015], [-3.604548286091013, 50.730724935974706], [-3.6052621100698765, 50.73132554829636]]]}}, {"type": "Feature", "properties": {"type": "postcode-cell", "postcode": "EX6 7ST", "postcodes": ["EX6 7ST"]}, "geometry": {"type": "Polygon", "coordinates": [[[-3.5991277019762817, 50.70231239010067], [-3.5891807269221427, 50.708296998870075], [-3.583197997462683, 50.70242127559297], [-3.594223755584644, 50.69544345919788], [-3.594929424245342, 50.69529554826077], [-3.598084265625289, 50.69855348483245], [-3.5991277019762817, 50.70231239010067]]]}}, {"type": "Feature", "properties": {"type": "postcode-cell", "postcode": "EX4 2JZ", "postcodes": ["EX4 2JZ"]}, "geometry": {"type": "Polygon", "coordinates": [[[-3.603220761728753, 50.72989410575088], [-3.602457446927155, 50.73077058173015], [-3.598483941530323, 50.73300881895988], [-3.598331395283955, 50.73282238723737], [-3.601826753368729, 50.72637026782401], [-3.60273782663493, 50.726099589885926], [-3.604001963879964, 50.727059115095116], [-3.603220761728753, 50.72989410575088]]]}}, {"type": "Feature", "properties": {"type": "postcode-cell", "postcode": "EX4 2JP", "postcodes": ["EX4 2JP"]}, "geometry": {"type": "Polygon", "coordinates": [[[-3.6046482430391524, 50.73033275608495], [-3.604548286091013, 50.730724935974706], [-3.602457446927155, 50.73077058173015], [-3.603220761728753, 50.72989410575088], [-3.6046482430391524, 50.73033275608495]]]}}, {"type": "Feature", "properties": {"type": "postcode-cell", "postcode": "EX4 2HF", "postcodes": ["EX4 2HF"]}, "geometry": {"type": "Polygon", "coordinates": [[[-3.601826753368729, 50.72637026782401], [-3.5994701701076273, 50.72643873762392], [-3.5918952419049006, 50.72431308145412], [-3.599262686856021, 50.71836266425228], [-3.6044406533258955, 50.722988176252784], [-3.60273782663493, 50.726099589885926], [-3.601826753368729, 50.72637026782401]]]}}, {"type": "Feature", "properties": {"type": "postcode-cell", "postcode": "EX4 2LH", "postcodes": ["EX4 2LH"]}, "geometry": {"type": "Polygon", "coordinates": [[[-3.5982638565310854, 50.73678533072554], [-3.585404133427877, 50.73735278883792], [-3.584439816828451, 50.73709264158335], [-3.585163632150753, 50.73551797217793], [-3.5986258077247437, 50.73335818294706], [-3.5995046603941625, 50.73421009909342], [-3.5982638565310854, 50.73678533072554]]]}}, {"type": "Feature", "properties": {"type": "postcode-cell", "postcode": "EX4 2LD", "postcodes": ["EX4 2LD"]}, "geometry": {"type": "Polygon", "coordinates": [[[-3.5986258077247437, 50.73335818294706], [-3.585163632150753, 50.73551797217793], [-3.58525950866777, 50.732552739898566], [-3.5919466134237337, 50.730907264935674], [-3.5966539352698024, 50.731816215911564], [-3.598331395283955, 50.73282238723737], [-3.598483941530323, 50.73300881895988], [-3.5986258077247437, 50.73335818294706]]]}}, {"type": "Feature", "properties": {"type": "postcode-cell", "postcode": "EX4 2LQ", "postcodes": ["EX4 2LQ"]}, "geometry": {"type": "Polygon", "coordinates": [[[-3.5722313406803785, 50.742643971441986], [-3.584439816828451, 50.73709264158335], [-3.585404133427877, 50.73735278883792], [-3.5961217320098795, 50.74278661970397], [-3.597612845940211, 50.7469544315758], [-3.596699989779263, 50.74685999476095], [-3.596599989778765, 50.74777999476168], [-3.5959999897784054, 50.74772999476165], [-3.5952699897780134, 50.74756999476153], [-3.5935899897775374, 50.74629999476055], [-3.593179989777205, 50.74644999476068], [-3.59229998977709, 50.74549999475995], [-3.5918999897770765, 50.74498999475952], [-3.5923099897774176, 50.7448199947594], [-3.5921499897780387, 50.743289994758214], [-3.5878799897749643, 50.74401999475882], [-3.5855199897735277, 50.743869994758754], [-3.5830799897730614, 50.74155999475698], [-3.5826099897727497, 50.741579994757], [-3.579469989770624, 50.74183999475725], [-3.573379989765664, 50.74410999475912], [-3.5696599897628682, 50.74499999475987], [-3.5695677695115724, 50.744405733931494], [-3.5722313406803785, 50.742643971441986]]]}}, {"type": "Feature", "properties": {"type": "postcode-cell", "postcode": "EX4 2LE", "postcodes": ["EX4 2LE"]}, "geometry": {"type": "Polygon", "coordinates": [[[-3.5961217320098795, 50.74278661970397], [-3.585404133427877, 50.73735278883792], [-3.5982638565310854, 50.73678533072554], [-3.598512219899073, 50.73803520998905], [-3.5961217320098795, 50.74278661970397]]]}}, {"type": "Feature", "properties": {"type": "postcode-cell", "postcode": "EX6 7QY", "postcodes": ["EX6 7QY"]}, "geometry": {"type": "Polygon", "coordinates": [[[-3.5928653613909574, 50.65488887551268], [-3.5953927607235396, 50.66463049428832], [-3.59113931356724, 50.665876601617484], [-3.5889828466726557, 50.66587356053329], [-3.584061262242997, 50.65990193497965], [-3.58499917557951, 50.6578677872245], [-3.5928653613909574, 50.65488887551268]]]}}, {"type": "Feature", "properties": {"type": "postcode-cell", "postcode": "EX6 7XR", "postcodes": ["EX6 7XR"]}, "geometry": {"type": "Polygon", "coordinates": [[[-3.5928653613909574, 50.65488887551268], [-3.58499917557951, 50.6578677872245], [-3.5776549055408196, 50.65599086458298], [-3.5762316693782443, 50.64588638383538], [-3.576416608129931, 50.645601595874226], [-3.5810199898169954, 50.6460299946819], [-3.5824399898180523, 50.64569999468159], [-3.583989989819003, 50.645769994681636], [-3.5823799898172783, 50.64724999468283], [-3.5876699898204523, 50.64763999468304], [-3.5888199898209603, 50.64810999468339], [-3.590139989819113, 50.653769994687785], [-3.59114998981974, 50.65379999468779], [-3.593078032271884, 50.654747612949706], [-3.5928653613909574, 50.65488887551268]]]}}, {"type": "Feature", "properties": {"type": "postcode-cell", "postcode": "EX4 2HE", "postcodes": ["EX4 2HE"]}, "geometry": {"type": "Polygon", "coordinates": [[[-3.599262686856021, 50.71836266425228], [-3.5918952419049006, 50.72431308145412], [-3.5899670490862796, 50.72486210258508], [-3.5862439983803, 50.72468898499475], [-3.585801323730404, 50.71857156280735], [-3.596758959750411, 50.71417336782138], [-3.598696569188471, 50.7146236068552], [-3.599262686856021, 50.71836266425228]]]}}, {"type": "Feature", "properties": {"type": "postcode-cell", "postcode": "EX4 2LA", "postcodes": ["EX4 2LA"]}, "geometry": {"type": "Polygon", "coordinates": [[[-3.598331395283955, 50.73282238723737], [-3.5966539352698024, 50.731816215911564], [-3.596087221606946, 50.72873083066121], [-3.5994701701076273, 50.72643873762392], [-3.601826753368729, 50.72637026782401], [-3.598331395283955, 50.73282238723737]]]}}, {"type": "Feature", "properties": {"type": "postcode-cell", "postcode": "EX6 7BX", "postcodes": ["EX6 7BX"]}, "geometry": {"type": "Polygon", "coordinates": [[[-3.5936123849837163, 50.67428524374416], [-3.5914822542133327, 50.67267802711628], [-3.5911453140806318, 50.67081844408328], [-3.594005309607046, 50.66917475944882], [-3.600469313699481, 50.668588528084406], [-3.602069989818382, 50.67132999470137], [-3.603179989818576, 50.67241999470222], [-3.6030299898181783, 50.673049994702716], [-3.601049989816488, 50.67395999470345], [-3.5998899898152423, 50.67502999470432], [-3.600066247294364, 50.675753116651386], [-3.5936123849837163, 50.67428524374416]]]}}, {"type": "Feature", "properties": {"type": "postcode-cell", "postcode": "EX4 2JL", "postcodes": ["EX4 2JL"]}, "geometry": {"type": "Polygon", "coordinates": [[[-3.5994701701076273, 50.72643873762392], [-3.596087221606946, 50.72873083066121], [-3.5918800319808795, 50.72720852978255], [-3.5899670490862796, 50.72486210258508], [-3.5918952419049006, 50.72431308145412], [-3.5994701701076273, 50.72643873762392]]]}}, {"type": "Feature", "properties": {"type": "postcode-cell", "postcode": "EX6 7RA", "postcodes": ["EX6 7RA"]}, "geometry": {"type": "Polygon", "coordinates": [[[-3.5911453140806318, 50.67081844408328], [-3.5896674443747183, 50.670045475291175], [-3.5877384808537003, 50.667238032383935], [-3.5889828466726557, 50.66587356053329], [-3.59113931356724, 50.665876601617484], [-3.594005309607046, 50.66917475944882], [-3.5911453140806318, 50.67081844408328]]]}}, {"type": "Feature", "properties": {"type": "postcode-cell", "postcode": "EX2 9UA", "postcodes": ["EX2 9UA"]}, "geometry": {"type": "Polygon", "coordinates": [[[-3.600066247294364, 50.675753116651386], [-3.6002799898147355, 50.676629994705564], [-3.6012499898144963, 50.67843999470697], [-3.6022996948963315, 50.67869440430671], [-3.5960544027365255, 50.68159208338449], [-3.5894574527822316, 50.67617930877772], [-3.5936123849837163, 50.67428524374416], [-3.600066247294364, 50.675753116651386]]]}}, {"type": "Feature", "properties": {"type": "postcode-cell", "postcode": "EX6 7QZ", "postcodes": ["EX6 7QZ"]}, "geometry": {"type": "Polygon", "coordinates": [[[-3.594005309607046, 50.66917475944882], [-3.59113931356724, 50.665876601617484], [-3.5953927607235396, 50.66463049428832], [-3.6002858634967003, 50.66644471890461], [-3.600259989818696, 50.66822999469897], [-3.600469313699481, 50.668588528084406], [-3.594005309607046, 50.66917475944882]]]}}, {"type": "Feature", "properties": {"type": "postcode-cell", "postcode": "EX4 2LB", "postcodes": ["EX4 2LB"]}, "geometry": {"type": "Polygon", "coordinates": [[[-3.5966539352698024, 50.731816215911564], [-3.5919466134237337, 50.730907264935674], [-3.5918800319808795, 50.72720852978255], [-3.596087221606946, 50.72873083066121], [-3.5966539352698024, 50.731816215911564]]]}}, {"type": "Feature", "properties": {"type": "postcode-cell", "postcode": "EX6 7YB", "postcodes": ["EX6 7YB"]}, "geometry": {"type": "Polygon", "coordinates": [[[-3.584061262242997, 50.65990193497965], [-3.5770547793620042, 50.66488984078728], [-3.5708307614596455, 50.65952388062115], [-3.5736244039790224, 50.65620870100136], [-3.5776549055408196, 50.65599086458298], [-3.58499917557951, 50.6578677872245], [-3.584061262242997, 50.65990193497965]]]}}, {"type": "Feature", "properties": {"type": "postcode-cell", "postcode": "EX2 9TZ", "postcodes": ["EX2 9TZ"]}, "geometry": {"type": "Polygon", "coordinates": [[[-3.5892828976074704, 50.67624537830738], [-3.5867221147694477, 50.67444910331], [-3.585894446892254, 50.67321929900778], [-3.5914822542133327, 50.67267802711628], [-3.5936123849837163, 50.67428524374416], [-3.5894574527822316, 50.67617930877772], [-3.5892828976074704, 50.67624537830738]]]}}, {"type": "Feature", "properties": {"type": "postcode-cell", "postcode": "EX2 9UB", "postcodes": ["EX2 9UB"]}, "geometry": {"type": "Polygon", "coordinates": [[[-3.5894574527822316, 50.67617930877772], [-3.5960544027365255, 50.68159208338449], [-3.5957841169479168, 50.68172548849682], [-3.5918367211860445, 50.681283312057076], [-3.587506636846797, 50.67751695457694], [-3.5892828976074704, 50.67624537830738], [-3.5894574527822316, 50.67617930877772]]]}}, {"type": "Feature", "properties": {"type": "postcode-cell", "postcode": "EX2 9FF", "postcodes": ["EX2 9FF"]}, "geometry": {"type": "Polygon", "coordinates": [[[-3.596948363441876, 50.69250973321364], [-3.594929424245342, 50.69529554826077], [-3.594223755584644, 50.69544345919788], [-3.5813164691769326, 50.693307470955574], [-3.5787723127968087, 50.690500981117324], [-3.5809197747377537, 50.6885473348103], [-3.5835100383676006, 50.68696254165823], [-3.594129123707326, 50.68918844885915], [-3.596948363441876, 50.69250973321364]]]}}, {"type": "Feature", "properties": {"type": "postcode-cell", "postcode": "EX4 2JJ", "postcodes": ["EX4 2JJ"]}, "geometry": {"type": "Polygon", "coordinates": [[[-3.5842589566971177, 50.731264354680185], [-3.5837107827315338, 50.725751650260676], [-3.5862439983803, 50.72468898499475], [-3.5899670490862796, 50.72486210258508], [-3.5918800319808795, 50.72720852978255], [-3.5919466134237337, 50.730907264935674], [-3.58525950866777, 50.732552739898566], [-3.5842589566971177, 50.731264354680185]]]}}, {"type": "Feature", "properties": {"type": "postcode-cell", "postcode": "EX4 2JQ", "postcodes": ["EX4 2JQ"]}, "geometry": {"type": "Polygon", "coordinates": [[[-3.58525950866777, 50.732552739898566], [-3.585163632150753, 50.73551797217793], [-3.584439816828451, 50.73709264158335], [-3.5722313406803785, 50.742643971441986], [-3.5757133356893527, 50.73128750482017], [-3.5842589566971177, 50.731264354680185], [-3.58525950866777, 50.732552739898566]]]}}, {"type": "Feature", "properties": {"type": "postcode-cell", "postcode": "EX6 7RX", "postcodes": ["EX6 7RX"]}, "geometry": {"type": "Polygon", "coordinates": [[[-3.596758959750411, 50.71417336782138], [-3.585801323730404, 50.71857156280735], [-3.5784563078847533, 50.71650284209208], [-3.586412227795346, 50.70987602978243], [-3.589226216165514, 50.709007435570186], [-3.596758959750411, 50.71417336782138]]]}}, {"type": "Feature", "properties": {"type": "postcode-cell", "postcode": "EX2 9TU", "postcodes": ["EX2 9TU"]}, "geometry": {"type": "Polygon", "coordinates": [[[-3.587506636846797, 50.67751695457694], [-3.58749473694347, 50.67751676999644], [-3.586051709740732, 50.67618345121033], [-3.5867221147694477, 50.67444910331], [-3.5892828976074704, 50.67624537830738], [-3.587506636846797, 50.67751695457694]]]}}, {"type": "Feature", "properties": {"type": "postcode-cell", "postcode": "EX2 9UE", "postcodes": ["EX2 9UE"]}, "geometry": {"type": "Polygon", "coordinates": [[[-3.594860155409034, 50.68536488273348], [-3.5831490643697186, 50.68389289453489], [-3.583122573834435, 50.68374479874993], [-3.588200955706143, 50.682013535703646], [-3.5918367211860445, 50.681283312057076], [-3.5957841169479168, 50.68172548849682], [-3.594860155409034, 50.68536488273348]]]}}, {"type": "Feature", "properties": {"type": "postcode-cell", "postcode": "EX2 9UD", "postcodes": ["EX2 9UD"]}, "geometry": {"type": "Polygon", "coordinates": [[[-3.594129123707326, 50.68918844885915], [-3.5835100383676006, 50.68696254165823], [-3.5831490643697186, 50.68389289453489], [-3.594860155409034, 50.68536488273348], [-3.594129123707326, 50.68918844885915]]]}}, {"type": "Feature", "properties": {"type": "postcode-cell", "postcode": "EX2 9TY", "postcodes": ["EX2 9TY"]}, "geometry": {"type": "Polygon", "coordinates": [[[-3.5914822542133327, 50.67267802711628], [-3.585894446892254, 50.67321929900778], [-3.585248151850375, 50.67312146948895], [-3.5855016701346893, 50.670856724771184], [-3.5896674443747183, 50.670045475291175], [-3.5911453140806318, 50.67081844408328], [-3.5914822542133327, 50.67267802711628]]]}}, {"type": "Feature", "properties": {"type": "postcode-cell", "postcode": "EX2 9TB", "postcodes": ["EX2 9TB"]}, "geometry": {"type": "Polygon", "coordinates": [[[-3.588200955706143, 50.682013535703646], [-3.583122573834435, 50.68374479874993], [-3.5819400694224783, 50.68301462064558], [-3.5822944645784127, 50.68245423889376], [-3.585109302938709, 50.67987815824862], [-3.5860253329964915, 50.67988313768733], [-3.588200955706143, 50.682013535703646]]]}}, {"type": "Feature", "properties": {"type": "postcode-cell", "postcode": "EX2 9UF", "postcodes": ["EX2 9UF"]}, "geometry": {"type": "Polygon", "coordinates": [[[-3.5860253329964915, 50.67988313768733], [-3.5863660729090494, 50.677813033660726], [-3.58749473694347, 50.67751676999644], [-3.587506636846797, 50.67751695457694], [-3.5918367211860445, 50.681283312057076], [-3.588200955706143, 50.682013535703646], [-3.5860253329964915, 50.67988313768733]]]}}, {"type": "Feature", "properties": {"type": "postcode-cell", "postcode": "EX6 7SS", "postcodes": ["EX6 7SS"]}, "geometry": {"type": "Polygon", "coordinates": [[[-3.589226216165514, 50.709007435570186], [-3.586412227795346, 50.70987602978243], [-3.582733611516915, 50.709767889602794], [-3.574921530233633, 50.706907322797186], [-3.577857717888903, 50.70221913087158], [-3.578491702933355, 50.701727059678404], [-3.583197997462683, 50.70242127559297], [-3.5891807269221427, 50.708296998870075], [-3.589226216165514, 50.709007435570186]]]}}, {"type": "Feature", "properties": {"type": "postcode-cell", "postcode": "EX2 9TX", "postcodes": ["EX2 9TX"]}, "geometry": {"type": "Polygon", "coordinates": [[[-3.585894446892254, 50.67321929900778], [-3.5867221147694477, 50.67444910331], [-3.586051709740732, 50.67618345121033], [-3.581685621879875, 50.67401189314205], [-3.585248151850375, 50.67312146948895], [-3.585894446892254, 50.67321929900778]]]}}, {"type": "Feature", "properties": {"type": "postcode-cell", "postcode": "EX6 7YE", "postcodes": ["EX6 7YE"]}, "geometry": {"type": "Polygon", "coordinates": [[[-3.5896674443747183, 50.670045475291175], [-3.5855016701346893, 50.670856724771184], [-3.582252208276118, 50.66841123646351], [-3.5877384808537003, 50.667238032383935], [-3.5896674443747183, 50.670045475291175]]]}}, {"type": "Feature", "properties": {"type": "postcode-cell", "postcode": "EX2 9TT", "postcodes": ["EX2 9TT"]}, "geometry": {"type": "Polygon", "coordinates": [[[-3.586051709740732, 50.67618345121033], [-3.58749473694347, 50.67751676999644], [-3.5863660729090494, 50.677813033660726], [-3.584165708104405, 50.67806535560949], [-3.5820329917703213, 50.67749450396387], [-3.578798149982108, 50.67499152640603], [-3.57828515463884, 50.674307763457776], [-3.5782893096526545, 50.674283728159345], [-3.581685621879875, 50.67401189314205], [-3.586051709740732, 50.67618345121033]]]}}, {"type": "Feature", "properties": {"type": "postcode-cell", "postcode": "EX6 7YD", "postcodes": ["EX6 7YD"]}, "geometry": {"type": "Polygon", "coordinates": [[[-3.5877384808537003, 50.667238032383935], [-3.582252208276118, 50.66841123646351], [-3.575080498522009, 50.66794558830897], [-3.5770547793620042, 50.66488984078728], [-3.584061262242997, 50.65990193497965], [-3.5889828466726557, 50.66587356053329], [-3.5877384808537003, 50.667238032383935]]]}}, {"type": "Feature", "properties": {"type": "postcode-cell", "postcode": "EX6 7YF", "postcodes": ["EX6 7YF"]}, "geometry": {"type": "Polygon", "coordinates": [[[-3.581685621879875, 50.67401189314205], [-3.5782893096526545, 50.674283728159345], [-3.573946678784121, 50.66920188108844], [-3.573817304604884, 50.66893789751885], [-3.573883421935387, 50.66862083764597], [-3.575080498522009, 50.66794558830897], [-3.582252208276118, 50.66841123646351], [-3.5855016701346893, 50.670856724771184], [-3.585248151850375, 50.67312146948895], [-3.581685621879875, 50.67401189314205]]]}}, {"type": "Feature", "properties": {"type": "postcode-cell", "postcode": "EX2 9TN", "postcodes": ["EX2 9TN"]}, "geometry": {"type": "Polygon", "coordinates": [[[-3.583122573834435, 50.68374479874993], [-3.5831490643697186, 50.68389289453489], [-3.5835100383676006, 50.68696254165823], [-3.5809197747377537, 50.6885473348103], [-3.5733304926934575, 50.683643192841764], [-3.577916602410481, 50.68197139413948], [-3.5779204629569983, 50.68197122550847], [-3.579488234922993, 50.68218750374777], [-3.5819400694224783, 50.68301462064558], [-3.583122573834435, 50.68374479874993]]]}}, {"type": "Feature", "properties": {"type": "postcode-cell", "postcode": "EX4 2HD", "postcodes": ["EX4 2HD"]}, "geometry": {"type": "Polygon", "coordinates": [[[-3.5862439983803, 50.72468898499475], [-3.5837107827315338, 50.725751650260676], [-3.575274210580964, 50.72470946770627], [-3.572937558759575, 50.72357200502025], [-3.56970280320013, 50.72133028800321], [-3.5757402489389856, 50.71673198629638], [-3.5784563078847533, 50.71650284209208], [-3.585801323730404, 50.71857156280735], [-3.5862439983803, 50.72468898499475]]]}}, {"type": "Feature", "properties": {"type": "postcode-cell", "postcode": "EX2 9UG", "postcodes": ["EX2 9UG"]}, "geometry": {"type": "Polygon", "coordinates": [[[-3.5860253329964915, 50.67988313768733], [-3.585109302938709, 50.67987815824862], [-3.584154100399106, 50.67815340960657], [-3.584165708104405, 50.67806535560949], [-3.5863660729090494, 50.677813033660726], [-3.5860253329964915, 50.67988313768733]]]}}, {"type": "Feature", "properties": {"type": "postcode-cell", "postcode": "EX2 9UQ", "postcodes": ["EX2 9UQ"]}, "geometry": {"type": "Polygon", "coordinates": [[[-3.585109302938709, 50.67987815824862], [-3.5822944645784127, 50.68245423889376], [-3.584154100399106, 50.67815340960657], [-3.585109302938709, 50.67987815824862]]]}}, {"type": "Feature", "properties": {"type": "postcode-cell", "postcode": "EX2 9UH", "postcodes": ["EX2 9UH"]}, "geometry": {"type": "Polygon", "coordinates": [[[-3.5819400694224783, 50.68301462064558], [-3.579488234922993, 50.68218750374777], [-3.5820329917703213, 50.67749450396387], [-3.584165708104405, 50.67806535560949], [-3.584154100399106, 50.67815340960657], [-3.5822944645784127, 50.68245423889376], [-3.5819400694224783, 50.68301462064558]]]}}, {"type": "Feature", "properties": {"type": "postcode-cell", "postcode": "EX2 9UJ", "postcodes": ["EX2 9UJ"]}, "geometry": {"type": "Polygon", "coordinates": [[[-3.57828515463884, 50.674307763457776], [-3.572967587173328, 50.67787157780492], [-3.5668843268506514, 50.67870770016112], [-3.573946678784121, 50.66920188108844], [-3.5782893096526545, 50.674283728159345], [-3.57828515463884, 50.674307763457776]]]}}, {"type": "Feature", "properties": {"type": "postcode-cell", "postcode": "EX2 9TQ", "postcodes": ["EX2 9TQ"]}, "geometry": {"type": "Polygon", "coordinates": [[[-3.583197997462683, 50.70242127559297], [-3.578491702933355, 50.701727059678404], [-3.5765177339669556, 50.69964631832656], [-3.5813164691769326, 50.693307470955574], [-3.594223755584644, 50.69544345919788], [-3.583197997462683, 50.70242127559297]]]}}, {"type": "Feature", "properties": {"type": "postcode-cell", "postcode": "EX2 9TR", "postcodes": ["EX2 9TR"]}, "geometry": {"type": "Polygon", "coordinates": [[[-3.578798149982108, 50.67499152640603], [-3.5779204629569983, 50.68197122550847], [-3.577916602410481, 50.68197139413948], [-3.572967587173328, 50.67787157780492], [-3.57828515463884, 50.674307763457776], [-3.578798149982108, 50.67499152640603]]]}}, {"type": "Feature", "properties": {"type": "postcode-cell", "postcode": "EX2 9TS", "postcodes": ["EX2 9TS"]}, "geometry": {"type": "Polygon", "coordinates": [[[-3.579488234922993, 50.68218750374777], [-3.5779204629569983, 50.68197122550847], [-3.578798149982108, 50.67499152640603], [-3.5820329917703213, 50.67749450396387], [-3.579488234922993, 50.68218750374777]]]}}, {"type": "Feature", "properties": {"type": "postcode-cell", "postcode": "EX6 7XS", "postcodes": ["EX6 7XS"]}, "geometry": {"type": "Polygon", "coordinates": [[[-3.5579175799751748, 50.64567849665083], [-3.5520686555011847, 50.63699013504498], [-3.552984839866784, 50.63059062819707], [-3.5537299898069046, 50.63088999467054], [-3.5704792544314143, 50.643025914885655], [-3.5579175799751748, 50.64567849665083]]]}}, {"type": "Feature", "properties": {"type": "postcode-cell", "postcode": "EX6 7YA", "postcodes": ["EX6 7YA"]}, "geometry": {"type": "Polygon", "coordinates": [[[-3.575080498522009, 50.66794558830897], [-3.573883421935387, 50.66862083764597], [-3.5688181249116435, 50.666575681830125], [-3.564527050201646, 50.6614601176995], [-3.5708307614596455, 50.65952388062115], [-3.5770547793620042, 50.66488984078728], [-3.575080498522009, 50.66794558830897]]]}}, {"type": "Feature", "properties": {"type": "postcode-cell", "postcode": "EX6 7RY", "postcodes": ["EX6 7RY"]}, "geometry": {"type": "Polygon", "coordinates": [[[-3.5757151387640573, 50.71108991764262], [-3.582733611516915, 50.709767889602794], [-3.586412227795346, 50.70987602978243], [-3.5784563078847533, 50.71650284209208], [-3.5757402489389856, 50.71673198629638], [-3.5750626926086326, 50.715416278106794], [-3.5757151387640573, 50.71108991764262]]]}}, {"type": "Feature", "properties": {"type": "postcode-cell", "postcode": "EX2 9TA", "postcodes": ["EX2 9TA"]}, "geometry": {"type": "Polygon", "coordinates": [[[-3.5750626926086326, 50.715416278106794], [-3.5703753911277163, 50.71287956935182], [-3.5705037813364138, 50.712206236129646], [-3.5735429961837553, 50.70886946168745], [-3.5757151387640573, 50.71108991764262], [-3.5750626926086326, 50.715416278106794]]]}}, {"type": "Feature", "properties": {"type": "postcode-cell", "postcode": "EX4 2JH", "postcodes": ["EX4 2JH"]}, "geometry": {"type": "Polygon", "coordinates": [[[-3.5842589566971177, 50.731264354680185], [-3.5757133356893527, 50.73128750482017], [-3.5744825751660154, 50.73005768737252], [-3.575274210580964, 50.72470946770627], [-3.5837107827315338, 50.725751650260676], [-3.5842589566971177, 50.731264354680185]]]}}, {"type": "Feature", "properties": {"type": "postcode-cell", "postcode": "EX2 9TH", "postcodes": ["EX2 9TH"]}, "geometry": {"type": "Polygon", "coordinates": [[[-3.5813164691769326, 50.693307470955574], [-3.5765177339669556, 50.69964631832656], [-3.5677308613812633, 50.69683120976367], [-3.56267041975762, 50.691509444820205], [-3.5635368038122395, 50.690280900700415], [-3.5787723127968087, 50.690500981117324], [-3.5813164691769326, 50.693307470955574]]]}}, {"type": "Feature", "properties": {"type": "postcode-cell", "postcode": "EX2 9TW", "postcodes": ["EX2 9TW"]}, "geometry": {"type": "Polygon", "coordinates": [[[-3.5787723127968087, 50.690500981117324], [-3.5635368038122395, 50.690280900700415], [-3.5632887049682145, 50.68781872973458], [-3.5655961375650165, 50.68507325909089], [-3.5733304926934575, 50.683643192841764], [-3.5809197747377537, 50.6885473348103], [-3.5787723127968087, 50.690500981117324]]]}}, {"type": "Feature", "properties": {"type": "postcode-cell", "postcode": "EX4 2HB", "postcodes": ["EX4 2HB"]}, "geometry": {"type": "Polygon", "coordinates": [[[-3.5757402489389856, 50.71673198629638], [-3.56970280320013, 50.72133028800321], [-3.5652917775107342, 50.7212541069741], [-3.5651299897717657, 50.72009999474032], [-3.5647799897715933, 50.71998999474023], [-3.5646299897725133, 50.71784999473854], [-3.565569989773651, 50.71670999473764], [-3.5657499897743814, 50.715409994736596], [-3.5662299897748486, 50.71506999473633], [-3.56701998977522, 50.715349994736535], [-3.568229989776037, 50.715249994736446], [-3.568679989776389, 50.71510999473636], [-3.56869998977664, 50.714609994735945], [-3.56688998977569, 50.71417999473564], [-3.5668319874657977, 50.713931188505455], [-3.569033342294041, 50.712732167946264], [-3.5703753911277163, 50.71287956935182], [-3.5750626926086326, 50.715416278106794], [-3.5757402489389856, 50.71673198629638]]]}}, {"type": "Feature", "properties": {"type": "postcode-cell", "postcode": "EX2 9TE", "postcodes": ["EX2 9TE"]}, "geometry": {"type": "Polygon", "coordinates": [[[-3.582733611516915, 50.709767889602794], [-3.5757151387640573, 50.71108991764262], [-3.5735429961837553, 50.70886946168745], [-3.5731152996286735, 50.70818490068016], [-3.574921530233633, 50.706907322797186], [-3.582733611516915, 50.709767889602794]]]}}, {"type": "Feature", "properties": {"type": "postcode-cell", "postcode": "EX2 9TF", "postcodes": ["EX2 9TF"]}, "geometry": {"type": "Polygon", "coordinates": [[[-3.5731152996286735, 50.70818490068016], [-3.5689665697198816, 50.70808803552576], [-3.565744323694425, 50.70494525304748], [-3.566012878139764, 50.70459286499911], [-3.577857717888903, 50.70221913087158], [-3.574921530233633, 50.706907322797186], [-3.5731152996286735, 50.70818490068016]]]}}, {"type": "Feature", "properties": {"type": "postcode-cell", "postcode": "EX2 9TP", "postcodes": ["EX2 9TP"]}, "geometry": {"type": "Polygon", "coordinates": [[[-3.577916602410481, 50.68197139413948], [-3.5733304926934575, 50.683643192841764], [-3.5655961375650165, 50.68507325909089], [-3.565707095102744, 50.67911892372659], [-3.5668843268506514, 50.67870770016112], [-3.572967587173328, 50.67787157780492], [-3.577916602410481, 50.68197139413948]]]}}, {"type": "Feature", "properties": {"type": "postcode-cell", "postcode": "EX2 9TG", "postcodes": ["EX2 9TG"]}, "geometry": {"type": "Polygon", "coordinates": [[[-3.577857717888903, 50.70221913087158], [-3.566012878139764, 50.70459286499911], [-3.565783972931301, 50.702284101863896], [-3.56728367814188, 50.697603867776564], [-3.5677308613812633, 50.69683120976367], [-3.5765177339669556, 50.69964631832656], [-3.578491702933355, 50.701727059678404], [-3.577857717888903, 50.70221913087158]]]}}, {"type": "Feature", "properties": {"type": "postcode-cell", "postcode": "EX4 2JE", "postcodes": ["EX4 2JE"]}, "geometry": {"type": "Polygon", "coordinates": [[[-3.567500294845212, 50.7315784756914], [-3.5744825751660154, 50.73005768737252], [-3.5757133356893527, 50.73128750482017], [-3.5722313406803785, 50.742643971441986], [-3.5695677695115724, 50.744405733931494], [-3.569029989764387, 50.740939994756694], [-3.5666499897630066, 50.740649994756495], [-3.5647099897620875, 50.739979994756], [-3.5660099897630864, 50.73961999475569], [-3.5673699897650217, 50.73735999475388], [-3.5644699897640253, 50.73555999475253], [-3.5638799897645295, 50.73369999475104], [-3.563513379616037, 50.73354981844739], [-3.567500294845212, 50.7315784756914]]]}}, {"type": "Feature", "properties": {"type": "postcode-cell", "postcode": "EX4 2JG", "postcodes": ["EX4 2JG"]}, "geometry": {"type": "Polygon", "coordinates": [[[-3.575274210580964, 50.72470946770627], [-3.5744825751660154, 50.73005768737252], [-3.567500294845212, 50.7315784756914], [-3.5700525029460337, 50.72782066875839], [-3.5701299897712904, 50.72782999474634], [-3.5700786201777253, 50.72778221105516], [-3.572937558759575, 50.72357200502025], [-3.575274210580964, 50.72470946770627]]]}}, {"type": "Feature", "properties": {"type": "postcode-cell", "postcode": "EX6 7YR", "postcodes": ["EX6 7YR"]}, "geometry": {"type": "Polygon", "coordinates": [[[-3.5762316693782443, 50.64588638383538], [-3.5661744696959263, 50.65299293601756], [-3.557298151379357, 50.6532160634958], [-3.5571942750822942, 50.64708655697675], [-3.5579175799751748, 50.64567849665083], [-3.5704792544314143, 50.643025914885655], [-3.5711199898119204, 50.64348999468008], [-3.575539989813759, 50.645519994681585], [-3.576416608129931, 50.645601595874226], [-3.5762316693782443, 50.64588638383538]]]}}, {"type": "Feature", "properties": {"type": "postcode-cell", "postcode": "EX6 7UZ", "postcodes": ["EX6 7UZ"]}, "geometry": {"type": "Polygon", "coordinates": [[[-3.5736244039790224, 50.65620870100136], [-3.5661744696959263, 50.65299293601756], [-3.5762316693782443, 50.64588638383538], [-3.5776549055408196, 50.65599086458298], [-3.5736244039790224, 50.65620870100136]]]}}, {"type": "Feature", "properties": {"type": "postcode-cell", "postcode": "EX2 9TJ", "postcodes": ["EX2 9TJ"]}, "geometry": {"type": "Polygon", "coordinates": [[[-3.56728367814188, 50.697603867776564], [-3.5612500687972757, 50.70095782818963], [-3.557064917819022, 50.70046387198722], [-3.5539757192592165, 50.69969538715413], [-3.5537757330383712, 50.699580643327586], [-3.55131878164499, 50.696220825551656], [-3.5517056243750047, 50.69576950032814], [-3.5545955918032344, 50.69415566476709], [-3.56267041975762, 50.691509444820205], [-3.5677308613812633, 50.69683120976367], [-3.56728367814188, 50.697603867776564]]]}}, {"type": "Feature", "properties": {"type": "postcode-cell", "postcode": "EX2 9QQ", "postcodes": ["EX2 9QQ"]}, "geometry": {"type": "Polygon", "coordinates": [[[-3.56267041975762, 50.691509444820205], [-3.5545955918032344, 50.69415566476709], [-3.546686758753539, 50.687016941070304], [-3.5462118219625007, 50.68529016342995], [-3.5553275206334716, 50.68488445602816], [-3.557218219745514, 50.68514830916194], [-3.5632887049682145, 50.68781872973458], [-3.5635368038122395, 50.690280900700415], [-3.56267041975762, 50.691509444820205]]]}}, {"type": "Feature", "properties": {"type": "postcode-cell", "postcode": "EX2 9UL", "postcodes": ["EX2 9UL"]}, "geometry": {"type": "Polygon", "coordinates": [[[-3.5668843268506514, 50.67870770016112], [-3.565707095102744, 50.67911892372659], [-3.5625955044055044, 50.67706932246683], [-3.5666137036229606, 50.672502560072836], [-3.5724794920241876, 50.66944097539966], [-3.573817304604884, 50.66893789751885], [-3.573946678784121, 50.66920188108844], [-3.5668843268506514, 50.67870770016112]]]}}, {"type": "Feature", "properties": {"type": "postcode-cell", "postcode": "EX6 7XZ", "postcodes": ["EX6 7XZ"]}, "geometry": {"type": "Polygon", "coordinates": [[[-3.5708307614596455, 50.65952388062115], [-3.564527050201646, 50.6614601176995], [-3.557057230605608, 50.659195726956035], [-3.5556809579964748, 50.65457816179238], [-3.557298151379357, 50.6532160634958], [-3.5661744696959263, 50.65299293601756], [-3.5736244039790224, 50.65620870100136], [-3.5708307614596455, 50.65952388062115]]]}}, {"type": "Feature", "properties": {"type": "postcode-cell", "postcode": "EX2 9TD", "postcodes": ["EX2 9TD"]}, "geometry": {"type": "Polygon", "coordinates": [[[-3.5705037813364138, 50.712206236129646], [-3.5686494663503554, 50.70838577277746], [-3.5689665697198816, 50.70808803552576], [-3.5731152996286735, 50.70818490068016], [-3.5735429961837553, 50.70886946168745], [-3.5705037813364138, 50.712206236129646]]]}}, {"type": "Feature", "properties": {"type": "postcode-cell", "postcode": "EX6 8DZ", "postcodes": ["EX6 8DZ"]}, "geometry": {"type": "Polygon", "coordinates": [[[-3.4734190645562015, 50.67071796849124], [-3.478736043600838, 50.6722977951195], [-3.482261816092274, 50.67478101431932], [-3.4833469889575146, 50.67754682085939], [-3.4835907490887466, 50.680213949057354], [-3.4816067904614427, 50.682598505414234], [-3.4793401093022616, 50.685112956501094], [-3.4769299897334025, 50.68332999471285], [-3.4704699897300415, 50.68184999471181], [-3.469829989729448, 50.68224999471213], [-3.468689989728937, 50.68181999471183], [-3.4688799897293348, 50.68123999471136], [-3.467659989731169, 50.675799994707134], [-3.467219989731141, 50.67527999470673], [-3.4675899897315507, 50.67490999470643], [-3.467624007187063, 50.67280666650929], [-3.4734190645562015, 50.67071796849124]]]}}, {"type": "Feature", "properties": {"type": "postcode-cell", "postcode": "EX2 8XU", "postcodes": ["EX2 8XU"]}, "geometry": {"type": "Polygon", "coordinates": [[[-3.517067891825768, 50.691467049570036], [-3.517373617549796, 50.691261566083604], [-3.51990810248399, 50.69034064463957], [-3.5200043765905233, 50.69038494565385], [-3.5211949205049122, 50.69226774126639], [-3.5211221132492176, 50.69253578080967], [-3.5208999897567783, 50.69252999471935], [-3.518779989755199, 50.693029994719765], [-3.517749989754805, 50.69248999471935], [-3.516956569025232, 50.692460031679005], [-3.517067891825768, 50.691467049570036]]]}}, {"type": "Feature", "properties": {"type": "postcode-cell", "postcode": "EX2 8XP", "postcodes": ["EX2 8XP"]}, "geometry": {"type": "Polygon", "coordinates": [[[-3.516956569025232, 50.692460031679005], [-3.5153436800200475, 50.69239910514626], [-3.51540291947639, 50.691431410248114], [-3.517067891825768, 50.691467049570036], [-3.516956569025232, 50.692460031679005]]]}}, {"type": "Feature", "properties": {"type": "postcode-cell", "postcode": "EX2 9SZ", "postcodes": ["EX2 9SZ"]}, "geometry": {"type": "Polygon", "coordinates": [[[-3.5705037813364138, 50.712206236129646], [-3.5703753911277163, 50.71287956935182], [-3.569033342294041, 50.712732167946264], [-3.5655300496508344, 50.71047510347413], [-3.5686494663503554, 50.70838577277746], [-3.5705037813364138, 50.712206236129646]]]}}, {"type": "Feature", "properties": {"type": "postcode-cell", "postcode": "EX4 2FH", "postcodes": ["EX4 2FH"]}, "geometry": {"type": "MultiPolygon", "coordinates": [[[[-3.56970280320013, 50.72133028800321], [-3.572937558759575, 50.72357200502025], [-3.5700786201777253, 50.72778221105516], [-3.568409989770951, 50.72622999474509], [-3.5678499897706235, 50.726169994745064], [-3.5666799897706873, 50.72445999474372], [-3.5657299897703987, 50.72378999474321], [-3.5660799897709508, 50.723099994742654], [-3.5654299897709443, 50.722239994742], [-3.5652917775107342, 50.7212541069741], [-3.56970280320013, 50.72133028800321]]], [[[-3.567500294845212, 50.7315784756914], [-3.563513379616037, 50.73354981844739], [-3.5630499897641625, 50.73335999475078], [-3.562719989764463, 50.73227999474994], [-3.5617299897639687, 50.73198999474974], [-3.5605799897641517, 50.730059994748224], [-3.5607899897644364, 50.72973999474797], [-3.5618699897651758, 50.72962999474788], [-3.563199989766454, 50.728719994747124], [-3.5657299897678136, 50.72924999474752], [-3.5662199897681894, 50.729119994747414], [-3.5676999897695, 50.72833999474676], [-3.5668899897694124, 50.727439994746085], [-3.5700525029460337, 50.72782066875839], [-3.567500294845212, 50.7315784756914]]]]}}, {"type": "Feature", "properties": {"type": "postcode-cell", "postcode": "EX2 9QR", "postcodes": ["EX2 9QR"]}, "geometry": {"type": "Polygon", "coordinates": [[[-3.565707095102744, 50.67911892372659], [-3.5655961375650165, 50.68507325909089], [-3.5632887049682145, 50.68781872973458], [-3.557218219745514, 50.68514830916194], [-3.556609514794786, 50.683715867988404], [-3.556542013923572, 50.6834252966143], [-3.556871476093531, 50.6792965211887], [-3.558592799995836, 50.67595212336241], [-3.5625955044055044, 50.67706932246683], [-3.565707095102744, 50.67911892372659]]]}}, {"type": "Feature", "properties": {"type": "postcode-cell", "postcode": "EX2 9QU", "postcodes": ["EX2 9QU"]}, "geometry": {"type": "Polygon", "coordinates": [[[-3.5686494663503554, 50.70838577277746], [-3.5655300496508344, 50.71047510347413], [-3.5650905748871553, 50.710575800531956], [-3.5640035794048943, 50.70978108042131], [-3.5632127276137284, 50.705909703077644], [-3.564725976749951, 50.70509092020114], [-3.565744323694425, 50.70494525304748], [-3.5689665697198816, 50.70808803552576], [-3.5686494663503554, 50.70838577277746]]]}}, {"type": "Feature", "properties": {"type": "postcode-cell", "postcode": "EX6 7YQ", "postcodes": ["EX6 7YQ"]}, "geometry": {"type": "Polygon", "coordinates": [[[-3.5724794920241876, 50.66944097539966], [-3.562743756487997, 50.6705751484465], [-3.5577381551538707, 50.66809782420675], [-3.5688181249116435, 50.666575681830125], [-3.573883421935387, 50.66862083764597], [-3.573817304604884, 50.66893789751885], [-3.5724794920241876, 50.66944097539966]]]}}, {"type": "Feature", "properties": {"type": "postcode-cell", "postcode": "EX4 2HA", "postcodes": ["EX4 2HA"]}, "geometry": {"type": "Polygon", "coordinates": [[[-3.5668319874657977, 50.713931188505455], [-3.566199989776652, 50.71121999473332], [-3.564869989775978, 50.71085999473304], [-3.565109989776258, 50.71058999473282], [-3.5650905748871553, 50.710575800531956], [-3.5655300496508344, 50.71047510347413], [-3.569033342294041, 50.712732167946264], [-3.5668319874657977, 50.713931188505455]]]}}, {"type": "Feature", "properties": {"type": "postcode-cell", "postcode": "EX6 7YJ", "postcodes": ["EX6 7YJ"]}, "geometry": {"type": "Polygon", "coordinates": [[[-3.5688181249116435, 50.666575681830125], [-3.5577381551538707, 50.66809782420675], [-3.552663558921001, 50.667910965168524], [-3.5514026088904607, 50.66646560920945], [-3.557057230605608, 50.659195726956035], [-3.564527050201646, 50.6614601176995], [-3.5688181249116435, 50.666575681830125]]]}}, {"type": "Feature", "properties": {"type": "postcode-cell", "postcode": "EX2 9UN", "postcodes": ["EX2 9UN"]}, "geometry": {"type": "Polygon", "coordinates": [[[-3.5625955044055044, 50.67706932246683], [-3.558592799995836, 50.67595212336241], [-3.557065499487589, 50.67518428796488], [-3.5635389979429606, 50.67202471554573], [-3.5666137036229606, 50.672502560072836], [-3.5625955044055044, 50.67706932246683]]]}}, {"type": "Feature", "properties": {"type": "postcode-cell", "postcode": "EX2 9QJ", "postcodes": ["EX2 9QJ"]}, "geometry": {"type": "Polygon", "coordinates": [[[-3.5422039832055225, 50.6916385240182], [-3.5448789166812875, 50.69212655454946], [-3.5517056243750047, 50.69576950032814], [-3.55131878164499, 50.696220825551656], [-3.542903560347136, 50.69924996034513], [-3.539660996269064, 50.6938679005747], [-3.5422039832055225, 50.6916385240182]]]}}, {"type": "Feature", "properties": {"type": "postcode-cell", "postcode": "EX2 0DH", "postcodes": ["EX2 0DH"]}, "geometry": {"type": "Polygon", "coordinates": [[[-3.534097828262755, 50.692217105935754], [-3.534248457171804, 50.69209026451501], [-3.5374181088639323, 50.69119258778436], [-3.537635857258435, 50.69118923505902], [-3.537265934138701, 50.693275843112666], [-3.53382135159025, 50.6927470909464], [-3.534097828262755, 50.692217105935754]]]}}, {"type": "Feature", "properties": {"type": "postcode-cell", "postcode": "EX2 9SU", "postcodes": ["EX2 9SU"]}, "geometry": {"type": "Polygon", "coordinates": [[[-3.5632127276137284, 50.705909703077644], [-3.5640035794048943, 50.70978108042131], [-3.5629899897756445, 50.70903999473164], [-3.5627399897764986, 50.70689999472996], [-3.5616341981339037, 50.70659169898934], [-3.5632127276137284, 50.705909703077644]]]}}, {"type": "Feature", "properties": {"type": "postcode-cell", "postcode": "EX6 7YG", "postcodes": ["EX6 7YG"]}, "geometry": {"type": "Polygon", "coordinates": [[[-3.5666137036229606, 50.672502560072836], [-3.5635389979429606, 50.67202471554573], [-3.5627142846776607, 50.67111393005809], [-3.562743756487997, 50.6705751484465], [-3.5724794920241876, 50.66944097539966], [-3.5666137036229606, 50.672502560072836]]]}}, {"type": "Feature", "properties": {"type": "postcode-cell", "postcode": "EX6 7XX", "postcodes": ["EX6 7XX"]}, "geometry": {"type": "Polygon", "coordinates": [[[-3.557298151379357, 50.6532160634958], [-3.5556809579964748, 50.65457816179238], [-3.5474247908084604, 50.654310721519266], [-3.542975089469886, 50.65259789988882], [-3.5425995506387635, 50.651137123463876], [-3.5500038162770875, 50.64642778674501], [-3.5571942750822942, 50.64708655697675], [-3.557298151379357, 50.6532160634958]]]}}, {"type": "Feature", "properties": {"type": "postcode-cell", "postcode": "EX6 7XW", "postcodes": ["EX6 7XW"]}, "geometry": {"type": "Polygon", "coordinates": [[[-3.5520686555011847, 50.63699013504498], [-3.539903825693991, 50.64441784111863], [-3.534479443839899, 50.643566373585216], [-3.5307573155470644, 50.63194184375375], [-3.534879989794793, 50.6313099946712], [-3.536559989796386, 50.630189994670275], [-3.5409699897998808, 50.62869999466905], [-3.5439199898025997, 50.6269099946676], [-3.544919989803022, 50.627349994667924], [-3.552984839866784, 50.63059062819707], [-3.5520686555011847, 50.63699013504498]]]}}, {"type": "Feature", "properties": {"type": "postcode-cell", "postcode": "EX6 7YH", "postcodes": ["EX6 7YH"]}, "geometry": {"type": "Polygon", "coordinates": [[[-3.5627142846776607, 50.67111393005809], [-3.5562567875508275, 50.67486729579936], [-3.5530062873363795, 50.67383569371952], [-3.552871549262517, 50.673770437736934], [-3.552663558921001, 50.667910965168524], [-3.5577381551538707, 50.66809782420675], [-3.562743756487997, 50.6705751484465], [-3.5627142846776607, 50.67111393005809]]]}}, {"type": "Feature", "properties": {"type": "postcode-cell", "postcode": "EX2 9SA", "postcodes": ["EX2 9SA"]}, "geometry": {"type": "Polygon", "coordinates": [[[-3.565783972931301, 50.702284101863896], [-3.5650738185889512, 50.7022072915427], [-3.5614091858555215, 50.70137323557533], [-3.5612500687972757, 50.70095782818963], [-3.56728367814188, 50.697603867776564], [-3.565783972931301, 50.702284101863896]]]}}, {"type": "Feature", "properties": {"type": "postcode-cell", "postcode": "EX2 9RE", "postcodes": ["EX2 9RE"]}, "geometry": {"type": "Polygon", "coordinates": [[[-3.565744323694425, 50.70494525304748], [-3.564725976749951, 50.70509092020114], [-3.5637326827512554, 50.70474048318129], [-3.5612668888525207, 50.70302680718792], [-3.561262869714188, 50.70216178722485], [-3.5650738185889512, 50.7022072915427], [-3.565783972931301, 50.702284101863896], [-3.566012878139764, 50.70459286499911], [-3.565744323694425, 50.70494525304748]]]}}, {"type": "Feature", "properties": {"type": "postcode-cell", "postcode": "EX2 9UW", "postcodes": ["EX2 9UW"]}, "geometry": {"type": "Polygon", "coordinates": [[[-3.5635389979429606, 50.67202471554573], [-3.557065499487589, 50.67518428796488], [-3.5562567875508275, 50.67486729579936], [-3.5627142846776607, 50.67111393005809], [-3.5635389979429606, 50.67202471554573]]]}}, {"type": "Feature", "properties": {"type": "postcode-cell", "postcode": "EX2 9UP", "postcodes": ["EX2 9UP"]}, "geometry": {"type": "Polygon", "coordinates": [[[-3.556871476093531, 50.6792965211887], [-3.5545127933218437, 50.68019827126934], [-3.553083631624152, 50.67929485228007], [-3.5530062873363795, 50.67383569371952], [-3.5562567875508275, 50.67486729579936], [-3.557065499487589, 50.67518428796488], [-3.558592799995836, 50.67595212336241], [-3.556871476093531, 50.6792965211887]]]}}, {"type": "Feature", "properties": {"type": "postcode-cell", "postcode": "EX6 7XA", "postcodes": ["EX6 7XA"]}, "geometry": {"type": "Polygon", "coordinates": [[[-3.5571942750822942, 50.64708655697675], [-3.5500038162770875, 50.64642778674501], [-3.5407358704004137, 50.645200193596956], [-3.539903825693991, 50.64441784111863], [-3.5520686555011847, 50.63699013504498], [-3.5579175799751748, 50.64567849665083], [-3.5571942750822942, 50.64708655697675]]]}}, {"type": "Feature", "properties": {"type": "postcode-cell", "postcode": "EX2 9RT", "postcodes": ["EX2 9RT"]}, "geometry": {"type": "Polygon", "coordinates": [[[-3.5612668888525207, 50.70302680718792], [-3.559699161699232, 50.702974174533914], [-3.5602292717821076, 50.702047736393176], [-3.5611495768131585, 50.7020525445928], [-3.561262869714188, 50.70216178722485], [-3.5612668888525207, 50.70302680718792]]]}}, {"type": "Feature", "properties": {"type": "postcode-cell", "postcode": "EX2 9RH", "postcodes": ["EX2 9RH"]}, "geometry": {"type": "Polygon", "coordinates": [[[-3.5584746073383675, 50.704717969656365], [-3.5586910031931884, 50.70446467835859], [-3.5599329102325137, 50.704176257943516], [-3.560135072451384, 50.70425379099916], [-3.5586919726649113, 50.70574433550973], [-3.5584746073383675, 50.704717969656365]]]}}, {"type": "Feature", "properties": {"type": "postcode-cell", "postcode": "EX2 9RQ", "postcodes": ["EX2 9RQ"]}, "geometry": {"type": "Polygon", "coordinates": [[[-3.5586919726649113, 50.70574433550973], [-3.5586640996625487, 50.705896587915475], [-3.556447052409116, 50.705491165810365], [-3.5564987319228245, 50.70507550720841], [-3.5569389252084265, 50.704427256529016], [-3.5584746073383675, 50.704717969656365], [-3.5586919726649113, 50.70574433550973]]]}}, {"type": "Feature", "properties": {"type": "postcode-cell", "postcode": "EX2 9QT", "postcodes": ["EX2 9QT"]}, "geometry": {"type": "Polygon", "coordinates": [[[-3.556542013923572, 50.6834252966143], [-3.556609514794786, 50.683715867988404], [-3.5529100504142375, 50.68091104179669], [-3.552865548930372, 50.680814734165885], [-3.553023448138712, 50.68054102543862], [-3.5546102474080614, 50.68068637360318], [-3.556542013923572, 50.6834252966143]]]}}, {"type": "Feature", "properties": {"type": "postcode-cell", "postcode": "EX2 9QS", "postcodes": ["EX2 9QS"]}, "geometry": {"type": "Polygon", "coordinates": [[[-3.5546102474080614, 50.68068637360318], [-3.5545127933218437, 50.68019827126934], [-3.556871476093531, 50.6792965211887], [-3.556542013923572, 50.6834252966143], [-3.5546102474080614, 50.68068637360318]]]}}, {"type": "Feature", "properties": {"type": "postcode-cell", "postcode": "EX2 9RP", "postcodes": ["EX2 9RP"]}, "geometry": {"type": "Polygon", "coordinates": [[[-3.5614091858555215, 50.70137323557533], [-3.5611495768131585, 50.7020525445928], [-3.5602292717821076, 50.702047736393176], [-3.557064917819022, 50.70046387198722], [-3.5612500687972757, 50.70095782818963], [-3.5614091858555215, 50.70137323557533]]]}}, {"type": "Feature", "properties": {"type": "postcode-cell", "postcode": "EX2 9RS", "postcodes": ["EX2 9RS"]}, "geometry": {"type": "Polygon", "coordinates": [[[-3.5650738185889512, 50.7022072915427], [-3.561262869714188, 50.70216178722485], [-3.5611495768131585, 50.7020525445928], [-3.5614091858555215, 50.70137323557533], [-3.5650738185889512, 50.7022072915427]]]}}, {"type": "Feature", "properties": {"type": "postcode-cell", "postcode": "EX2 9RJ", "postcodes": ["EX2 9RJ"]}, "geometry": {"type": "Polygon", "coordinates": [[[-3.564725976749951, 50.70509092020114], [-3.5632127276137284, 50.705909703077644], [-3.5616341981339037, 50.70659169898934], [-3.560049989775144, 50.706149994729415], [-3.5586640996625487, 50.705896587915475], [-3.5586919726649113, 50.70574433550973], [-3.560135072451384, 50.70425379099916], [-3.5637326827512554, 50.70474048318129], [-3.564725976749951, 50.70509092020114]]]}}, {"type": "Feature", "properties": {"type": "postcode-cell", "postcode": "EX2 9RW", "postcodes": ["EX2 9RW"]}, "geometry": {"type": "Polygon", "coordinates": [[[-3.557064917819022, 50.70046387198722], [-3.5602292717821076, 50.702047736393176], [-3.559699161699232, 50.702974174533914], [-3.559048864907098, 50.70315309523249], [-3.557149534151104, 50.7027974102127], [-3.5539757192592165, 50.69969538715413], [-3.557064917819022, 50.70046387198722]]]}}, {"type": "Feature", "properties": {"type": "postcode-cell", "postcode": "EX2 9RU", "postcodes": ["EX2 9RU"]}, "geometry": {"type": "Polygon", "coordinates": [[[-3.5637326827512554, 50.70474048318129], [-3.560135072451384, 50.70425379099916], [-3.5599329102325137, 50.704176257943516], [-3.559048864907098, 50.70315309523249], [-3.559699161699232, 50.702974174533914], [-3.5612668888525207, 50.70302680718792], [-3.5637326827512554, 50.70474048318129]]]}}, {"type": "Feature", "properties": {"type": "postcode-cell", "postcode": "EX2 9RN", "postcodes": ["EX2 9RN"]}, "geometry": {"type": "Polygon", "coordinates": [[[-3.5599329102325137, 50.704176257943516], [-3.5586910031931884, 50.70446467835859], [-3.557143206178885, 50.703026053724315], [-3.557149534151104, 50.7027974102127], [-3.559048864907098, 50.70315309523249], [-3.5599329102325137, 50.704176257943516]]]}}, {"type": "Feature", "properties": {"type": "postcode-cell", "postcode": "EX2 9RL", "postcodes": ["EX2 9RL"]}, "geometry": {"type": "Polygon", "coordinates": [[[-3.5584746073383675, 50.704717969656365], [-3.5569389252084265, 50.704427256529016], [-3.5569720047873483, 50.70353387446618], [-3.557143206178885, 50.703026053724315], [-3.5586910031931884, 50.70446467835859], [-3.5584746073383675, 50.704717969656365]]]}}, {"type": "Feature", "properties": {"type": "postcode-cell", "postcode": "EX2 9QN", "postcodes": ["EX2 9QN"]}, "geometry": {"type": "Polygon", "coordinates": [[[-3.5528623944888444, 50.67958240711197], [-3.5512609884392776, 50.680379777531776], [-3.5455615005404617, 50.68036312955145], [-3.54097479038816, 50.67956389569718], [-3.540413041265148, 50.67820579278353], [-3.552871549262517, 50.673770437736934], [-3.5530062873363795, 50.67383569371952], [-3.553083631624152, 50.67929485228007], [-3.5528623944888444, 50.67958240711197]]]}}, {"type": "Feature", "properties": {"type": "postcode-cell", "postcode": "EX2 9UR", "postcodes": ["EX2 9UR"]}, "geometry": {"type": "Polygon", "coordinates": [[[-3.553083631624152, 50.67929485228007], [-3.5545127933218437, 50.68019827126934], [-3.5546102474080614, 50.68068637360318], [-3.553023448138712, 50.68054102543862], [-3.5528623944888444, 50.67958240711197], [-3.553083631624152, 50.67929485228007]]]}}, {"type": "Feature", "properties": {"type": "postcode-cell", "postcode": "EX2 9RR", "postcodes": ["EX2 9RR"]}, "geometry": {"type": "Polygon", "coordinates": [[[-3.557149534151104, 50.7027974102127], [-3.557143206178885, 50.703026053724315], [-3.5569720047873483, 50.70353387446618], [-3.555556193714715, 50.70421223644289], [-3.5528294360598722, 50.704092803676275], [-3.5526024491360815, 50.70406750356382], [-3.5537757330383712, 50.699580643327586], [-3.5539757192592165, 50.69969538715413], [-3.557149534151104, 50.7027974102127]]]}}, {"type": "Feature", "properties": {"type": "postcode-cell", "postcode": "EX2 9RZ", "postcodes": ["EX2 9RZ"]}, "geometry": {"type": "Polygon", "coordinates": [[[-3.55575557839198, 50.7046528988261], [-3.555556193714715, 50.70421223644289], [-3.5569720047873483, 50.70353387446618], [-3.5569389252084265, 50.704427256529016], [-3.5564987319228245, 50.70507550720841], [-3.55575557839198, 50.7046528988261]]]}}, {"type": "Feature", "properties": {"type": "postcode-cell", "postcode": "EX2 9RY", "postcodes": ["EX2 9RY"]}, "geometry": {"type": "Polygon", "coordinates": [[[-3.5564987319228245, 50.70507550720841], [-3.556447052409116, 50.705491165810365], [-3.5522060195867327, 50.70471548839936], [-3.5526024491360815, 50.70406750356382], [-3.5528294360598722, 50.704092803676275], [-3.55575557839198, 50.7046528988261], [-3.5564987319228245, 50.70507550720841]]]}}, {"type": "Feature", "properties": {"type": "postcode-cell", "postcode": "EX2 9SP", "postcodes": ["EX2 9SP"]}, "geometry": {"type": "Polygon", "coordinates": [[[-3.55575557839198, 50.7046528988261], [-3.5528294360598722, 50.704092803676275], [-3.555556193714715, 50.70421223644289], [-3.55575557839198, 50.7046528988261]]]}}, {"type": "Feature", "properties": {"type": "postcode-cell", "postcode": "EX2 9UT", "postcodes": ["EX2 9UT"]}, "geometry": {"type": "Polygon", "coordinates": [[[-3.553023448138712, 50.68054102543862], [-3.552865548930372, 50.680814734165885], [-3.551747235814027, 50.680722945050924], [-3.5512609884392776, 50.680379777531776], [-3.5528623944888444, 50.67958240711197], [-3.553023448138712, 50.68054102543862]]]}}, {"type": "Feature", "properties": {"type": "postcode-cell", "postcode": "EX2 9QP", "postcodes": ["EX2 9QP"]}, "geometry": {"type": "Polygon", "coordinates": [[[-3.557218219745514, 50.68514830916194], [-3.5553275206334716, 50.68488445602816], [-3.5514978975682117, 50.682209950790984], [-3.5518291184469044, 50.68148911011615], [-3.5529100504142375, 50.68091104179669], [-3.556609514794786, 50.683715867988404], [-3.557218219745514, 50.68514830916194]]]}}, {"type": "Feature", "properties": {"type": "postcode-cell", "postcode": "EX2 9QH", "postcodes": ["EX2 9QH"]}, "geometry": {"type": "Polygon", "coordinates": [[[-3.5517056243750047, 50.69576950032814], [-3.5448789166812875, 50.69212655454946], [-3.544116287347448, 50.689270394212336], [-3.546686758753539, 50.687016941070304], [-3.5545955918032344, 50.69415566476709], [-3.5517056243750047, 50.69576950032814]]]}}, {"type": "Feature", "properties": {"type": "postcode-cell", "postcode": "EX2 9FB", "postcodes": ["EX2 9FB"]}, "geometry": {"type": "Polygon", "coordinates": [[[-3.55131878164499, 50.696220825551656], [-3.5537757330383712, 50.699580643327586], [-3.5526024491360815, 50.70406750356382], [-3.5522060195867327, 50.70471548839936], [-3.5506999897700133, 50.70443999472822], [-3.5476699897686577, 50.70323999472732], [-3.5454799897679, 50.7019099947263], [-3.5429999897675133, 50.699409994724384], [-3.542903560347136, 50.69924996034513], [-3.55131878164499, 50.696220825551656]]]}}, {"type": "Feature", "properties": {"type": "postcode-cell", "postcode": "EX2 9UU", "postcodes": ["EX2 9UU"]}, "geometry": {"type": "Polygon", "coordinates": [[[-3.5518291184469044, 50.68148911011615], [-3.551747235814027, 50.680722945050924], [-3.552865548930372, 50.680814734165885], [-3.5529100504142375, 50.68091104179669], [-3.5518291184469044, 50.68148911011615]]]}}, {"type": "Feature", "properties": {"type": "postcode-cell", "postcode": "EX2 9QW", "postcodes": ["EX2 9QW"]}, "geometry": {"type": "Polygon", "coordinates": [[[-3.5514978975682117, 50.682209950790984], [-3.5455615005404617, 50.68036312955145], [-3.5512609884392776, 50.680379777531776], [-3.551747235814027, 50.680722945050924], [-3.5518291184469044, 50.68148911011615], [-3.5514978975682117, 50.682209950790984]]]}}, {"type": "Feature", "properties": {"type": "postcode-cell", "postcode": "EX6 7YL", "postcodes": ["EX6 7YL"]}, "geometry": {"type": "Polygon", "coordinates": [[[-3.552663558921001, 50.667910965168524], [-3.552871549262517, 50.673770437736934], [-3.540413041265148, 50.67820579278353], [-3.5398447701150304, 50.67796220229997], [-3.539574441019641, 50.67777475516472], [-3.5373759545345775, 50.67466615113989], [-3.539801454917564, 50.67148943061192], [-3.5441096728369934, 50.66718108383641], [-3.5446109286292065, 50.666706056709934], [-3.5457334831578398, 50.666015515609274], [-3.5460096581330984, 50.665998122320154], [-3.5514026088904607, 50.66646560920945], [-3.552663558921001, 50.667910965168524]]]}}, {"type": "Feature", "properties": {"type": "postcode-cell", "postcode": "EX6 7XY", "postcodes": ["EX6 7XY"]}, "geometry": {"type": "Polygon", "coordinates": [[[-3.557057230605608, 50.659195726956035], [-3.5514026088904607, 50.66646560920945], [-3.5460096581330984, 50.665998122320154], [-3.5437310009397187, 50.657839533885046], [-3.5474247908084604, 50.654310721519266], [-3.5556809579964748, 50.65457816179238], [-3.557057230605608, 50.659195726956035]]]}}, {"type": "Feature", "properties": {"type": "postcode-cell", "postcode": "EX2 9QL", "postcodes": ["EX2 9QL"]}, "geometry": {"type": "Polygon", "coordinates": [[[-3.5514978975682117, 50.682209950790984], [-3.5553275206334716, 50.68488445602816], [-3.5462118219625007, 50.68529016342995], [-3.541011399245666, 50.682684334121284], [-3.54097479038816, 50.67956389569718], [-3.5455615005404617, 50.68036312955145], [-3.5514978975682117, 50.682209950790984]]]}}, {"type": "Feature", "properties": {"type": "postcode-cell", "postcode": "EX6 7YW", "postcodes": ["EX6 7YW"]}, "geometry": {"type": "Polygon", "coordinates": [[[-3.5474247908084604, 50.654310721519266], [-3.5437310009397187, 50.657839533885046], [-3.5421374410191433, 50.65845471410406], [-3.538465669151794, 50.65863559043569], [-3.5353862378557626, 50.65735846114697], [-3.5348523435641637, 50.65672802482074], [-3.5371019521762537, 50.65335566648116], [-3.542975089469886, 50.65259789988882], [-3.5474247908084604, 50.654310721519266]]]}}, {"type": "Feature", "properties": {"type": "postcode-cell", "postcode": "EX6 7XL", "postcodes": ["EX6 7XL"]}, "geometry": {"type": "Polygon", "coordinates": [[[-3.5407358704004137, 50.645200193596956], [-3.5425995506387635, 50.651137123463876], [-3.542975089469886, 50.65259789988882], [-3.5371019521762537, 50.65335566648116], [-3.5345474290014325, 50.652458919846104], [-3.5295680877448286, 50.645990221543286], [-3.534479443839899, 50.643566373585216], [-3.539903825693991, 50.64441784111863], [-3.5407358704004137, 50.645200193596956]]]}}, {"type": "Feature", "properties": {"type": "postcode-cell", "postcode": "EX6 7XU", "postcodes": ["EX6 7XU"]}, "geometry": {"type": "Polygon", "coordinates": [[[-3.5425995506387635, 50.651137123463876], [-3.5407358704004137, 50.645200193596956], [-3.5500038162770875, 50.64642778674501], [-3.5425995506387635, 50.651137123463876]]]}}, {"type": "Feature", "properties": {"type": "postcode-cell", "postcode": "EX6 7BT", "postcodes": ["EX6 7BT"]}, "geometry": {"type": "Polygon", "coordinates": [[[-3.5460096581330984, 50.665998122320154], [-3.5457334831578398, 50.666015515609274], [-3.5434554279458976, 50.66518566481364], [-3.5400654846057447, 50.66193745831863], [-3.5400381309640996, 50.661803736883165], [-3.5421374410191433, 50.65845471410406], [-3.5437310009397187, 50.657839533885046], [-3.5460096581330984, 50.665998122320154]]]}}, {"type": "Feature", "properties": {"type": "postcode-cell", "postcode": "EX2 9QG", "postcodes": ["EX2 9QG"]}, "geometry": {"type": "Polygon", "coordinates": [[[-3.546686758753539, 50.687016941070304], [-3.544116287347448, 50.689270394212336], [-3.5439425884260363, 50.68923246551214], [-3.539261809267814, 50.685794405474766], [-3.5394519447599295, 50.684025088242116], [-3.541011399245666, 50.682684334121284], [-3.5462118219625007, 50.68529016342995], [-3.546686758753539, 50.687016941070304]]]}}, {"type": "Feature", "properties": {"type": "postcode-cell", "postcode": "EX6 7TN", "postcodes": ["EX6 7TN"]}, "geometry": {"type": "Polygon", "coordinates": [[[-3.5373759545345775, 50.67466615113989], [-3.533241669011321, 50.67261655711043], [-3.533177033210391, 50.672414123538736], [-3.5372042703962365, 50.668984593724204], [-3.537251593220053, 50.66897307908973], [-3.5373771575461315, 50.669040314370925], [-3.539801454917564, 50.67148943061192], [-3.5373759545345775, 50.67466615113989]]]}}, {"type": "Feature", "properties": {"type": "postcode-cell", "postcode": "EX2 9SJ", "postcodes": ["EX2 9SJ"]}, "geometry": {"type": "Polygon", "coordinates": [[[-3.54097479038816, 50.67956389569718], [-3.541011399245666, 50.682684334121284], [-3.5394519447599295, 50.684025088242116], [-3.531695492321917, 50.68574003225915], [-3.528924845429899, 50.68550630742109], [-3.5258476853506724, 50.68391575868221], [-3.5259559214022973, 50.68335197611852], [-3.5398447701150304, 50.67796220229997], [-3.540413041265148, 50.67820579278353], [-3.54097479038816, 50.67956389569718]]]}}, {"type": "Feature", "properties": {"type": "postcode-cell", "postcode": "EX6 7UE", "postcodes": ["EX6 7UE"]}, "geometry": {"type": "Polygon", "coordinates": [[[-3.5441096728369934, 50.66718108383641], [-3.5373771575461315, 50.669040314370925], [-3.537251593220053, 50.66897307908973], [-3.5373588423869586, 50.66783817939218], [-3.5446109286292065, 50.666706056709934], [-3.5441096728369934, 50.66718108383641]]]}}, {"type": "Feature", "properties": {"type": "postcode-cell", "postcode": "EX2 9QD", "postcodes": ["EX2 9QD"]}, "geometry": {"type": "Polygon", "coordinates": [[[-3.544116287347448, 50.689270394212336], [-3.5448789166812875, 50.69212655454946], [-3.5422039832055225, 50.6916385240182], [-3.5390469589551365, 50.690718504864634], [-3.5426401713605116, 50.68924284497463], [-3.5439425884260363, 50.68923246551214], [-3.544116287347448, 50.689270394212336]]]}}, {"type": "Feature", "properties": {"type": "postcode-cell", "postcode": "EX2 9QF", "postcodes": ["EX2 9QF"]}, "geometry": {"type": "Polygon", "coordinates": [[[-3.5389323799790344, 50.68698138559175], [-3.539261809267814, 50.685794405474766], [-3.5439425884260363, 50.68923246551214], [-3.5426401713605116, 50.68924284497463], [-3.5389323799790344, 50.68698138559175]]]}}, {"type": "Feature", "properties": {"type": "postcode-cell", "postcode": "EX2 9QE", "postcodes": ["EX2 9QE"]}, "geometry": {"type": "Polygon", "coordinates": [[[-3.5426401713605116, 50.68924284497463], [-3.5390469589551365, 50.690718504864634], [-3.538396208743318, 50.69060947830097], [-3.537977336584755, 50.689061584422205], [-3.5389323799790344, 50.68698138559175], [-3.5426401713605116, 50.68924284497463]]]}}, {"type": "Feature", "properties": {"type": "postcode-cell", "postcode": "EX6 7YN", "postcodes": ["EX6 7YN"]}, "geometry": {"type": "Polygon", "coordinates": [[[-3.5400381309640996, 50.661803736883165], [-3.5377367421929184, 50.66025281203395], [-3.538465669151794, 50.65863559043569], [-3.5421374410191433, 50.65845471410406], [-3.5400381309640996, 50.661803736883165]]]}}, {"type": "Feature", "properties": {"type": "postcode-cell", "postcode": "EX6 7TW", "postcodes": ["EX6 7TW"]}, "geometry": {"type": "Polygon", "coordinates": [[[-3.539801454917564, 50.67148943061192], [-3.5373771575461315, 50.669040314370925], [-3.5441096728369934, 50.66718108383641], [-3.539801454917564, 50.67148943061192]]]}}, {"type": "Feature", "properties": {"type": "postcode-cell", "postcode": "EX2 8UD", "postcodes": ["EX2 8UD"]}, "geometry": {"type": "Polygon", "coordinates": [[[-3.537635857258435, 50.69118923505902], [-3.538396208743318, 50.69060947830097], [-3.5390469589551365, 50.690718504864634], [-3.5422039832055225, 50.6916385240182], [-3.539660996269064, 50.6938679005747], [-3.539089989768118, 50.69291999471935], [-3.538139989767282, 50.69340999471974], [-3.537265934138701, 50.693275843112666], [-3.537635857258435, 50.69118923505902]]]}}, {"type": "Feature", "properties": {"type": "postcode-cell", "postcode": "EX2 9SH", "postcodes": ["EX2 9SH"]}, "geometry": {"type": "Polygon", "coordinates": [[[-3.539261809267814, 50.685794405474766], [-3.5389323799790344, 50.68698138559175], [-3.537977336584755, 50.689061584422205], [-3.534040808160386, 50.68884518724844], [-3.53339381593146, 50.68844849598155], [-3.5328855104083337, 50.687920922507885], [-3.532340776701045, 50.6871659164083], [-3.531695492321917, 50.68574003225915], [-3.5394519447599295, 50.684025088242116], [-3.539261809267814, 50.685794405474766]]]}}, {"type": "Feature", "properties": {"type": "postcode-cell", "postcode": "EX6 7TP", "postcodes": ["EX6 7TP"]}, "geometry": {"type": "Polygon", "coordinates": [[[-3.5446109286292065, 50.666706056709934], [-3.5373588423869586, 50.66783817939218], [-3.5372249611985986, 50.66782997990201], [-3.5363265094657126, 50.667211400492725], [-3.536158946594228, 50.66700706669314], [-3.536172159974844, 50.666822616646385], [-3.5361721698090585, 50.6668225969091], [-3.538112157241444, 50.66533761380386], [-3.539192791335316, 50.664981246054815], [-3.539226335284927, 50.66497753231746], [-3.5434554279458976, 50.66518566481364], [-3.5457334831578398, 50.666015515609274], [-3.5446109286292065, 50.666706056709934]]]}}, {"type": "Feature", "properties": {"type": "postcode-cell", "postcode": "EX2 0DB", "postcodes": ["EX2 0DB"]}, "geometry": {"type": "Polygon", "coordinates": [[[-3.53382135159025, 50.6927470909464], [-3.533709989764798, 50.69272999471927], [-3.5318846733271063, 50.69276804171429], [-3.5318834970148623, 50.692655379461556], [-3.5328543139913378, 50.69213288699733], [-3.534097828262755, 50.692217105935754], [-3.53382135159025, 50.6927470909464]]]}}, {"type": "Feature", "properties": {"type": "postcode-cell", "postcode": "EX6 7UD", "postcodes": ["EX6 7UD"]}, "geometry": {"type": "Polygon", "coordinates": [[[-3.5400381309640996, 50.661803736883165], [-3.5400654846057447, 50.66193745831863], [-3.5392276381797068, 50.66198312284749], [-3.536958796251524, 50.661587981047695], [-3.5367218213725455, 50.66042434525817], [-3.5377367421929184, 50.66025281203395], [-3.5400381309640996, 50.661803736883165]]]}}, {"type": "Feature", "properties": {"type": "postcode-cell", "postcode": "EX6 7UY", "postcodes": ["EX6 7UY"]}, "geometry": {"type": "Polygon", "coordinates": [[[-3.5434554279458976, 50.66518566481364], [-3.539226335284927, 50.66497753231746], [-3.5360377940367633, 50.66273301173187], [-3.5392276381797068, 50.66198312284749], [-3.5400654846057447, 50.66193745831863], [-3.5434554279458976, 50.66518566481364]]]}}, {"type": "Feature", "properties": {"type": "postcode-cell", "postcode": "EX6 7UA", "postcodes": ["EX6 7UA"]}, "geometry": {"type": "Polygon", "coordinates": [[[-3.5360377940367633, 50.66273301173187], [-3.5341959706305954, 50.66237997693407], [-3.536958796251524, 50.661587981047695], [-3.5392276381797068, 50.66198312284749], [-3.5360377940367633, 50.66273301173187]]]}}, {"type": "Feature", "properties": {"type": "postcode-cell", "postcode": "EX6 7UX", "postcodes": ["EX6 7UX"]}, "geometry": {"type": "Polygon", "coordinates": [[[-3.5377367421929184, 50.66025281203395], [-3.5367218213725455, 50.66042434525817], [-3.534593018855969, 50.66039167338452], [-3.5353862378557626, 50.65735846114697], [-3.538465669151794, 50.65863559043569], [-3.5377367421929184, 50.66025281203395]]]}}, {"type": "Feature", "properties": {"type": "postcode-cell", "postcode": "EX6 7UB", "postcodes": ["EX6 7UB"]}, "geometry": {"type": "Polygon", "coordinates": [[[-3.536958796251524, 50.661587981047695], [-3.5341959706305954, 50.66237997693407], [-3.5320657288751063, 50.6622589464135], [-3.5320658075463074, 50.66197658976268], [-3.534593018855969, 50.66039167338452], [-3.5367218213725455, 50.66042434525817], [-3.536958796251524, 50.661587981047695]]]}}, {"type": "Feature", "properties": {"type": "postcode-cell", "postcode": "EX6 7UN", "postcodes": ["EX6 7UN"]}, "geometry": {"type": "Polygon", "coordinates": [[[-3.5345474290014325, 50.652458919846104], [-3.5263353587889843, 50.65425869111353], [-3.5262718771137487, 50.654245368707684], [-3.5218138663668226, 50.65302944861461], [-3.5214751719670843, 50.652214198490704], [-3.5259291298604754, 50.64645773034359], [-3.5295680877448286, 50.645990221543286], [-3.5345474290014325, 50.652458919846104]]]}}, {"type": "Feature", "properties": {"type": "postcode-cell", "postcode": "EX6 7TZ", "postcodes": ["EX6 7TZ"]}, "geometry": {"type": "Polygon", "coordinates": [[[-3.539226335284927, 50.66497753231746], [-3.539192791335316, 50.664981246054815], [-3.5328477824399966, 50.6637915050169], [-3.5317292224005183, 50.66274875337858], [-3.5320657288751063, 50.6622589464135], [-3.5341959706305954, 50.66237997693407], [-3.5360377940367633, 50.66273301173187], [-3.539226335284927, 50.66497753231746]]]}}, {"type": "Feature", "properties": {"type": "postcode-cell", "postcode": "EX6 7TL", "postcodes": ["EX6 7TL"]}, "geometry": {"type": "Polygon", "coordinates": [[[-3.533177033210391, 50.672414123538736], [-3.533120291075857, 50.67226620289953], [-3.5338667733094313, 50.67128736656744], [-3.536312800397271, 50.66894365839647], [-3.5372042703962365, 50.668984593724204], [-3.533177033210391, 50.672414123538736]]]}}, {"type": "Feature", "properties": {"type": "postcode-cell", "postcode": "EX6 7TE", "postcodes": ["EX6 7TE"]}, "geometry": {"type": "Polygon", "coordinates": [[[-3.533120291075857, 50.67226620289953], [-3.5304034262231223, 50.66839437221008], [-3.532447845562243, 50.66744400182645], [-3.532582198908827, 50.66744467192266], [-3.535105967273564, 50.66849545683119], [-3.5347519146988367, 50.669672952357814], [-3.5338667733094313, 50.67128736656744], [-3.533120291075857, 50.67226620289953]]]}}, {"type": "Feature", "properties": {"type": "postcode-cell", "postcode": "EX6 7TJ", "postcodes": ["EX6 7TJ"]}, "geometry": {"type": "Polygon", "coordinates": [[[-3.537251593220053, 50.66897307908973], [-3.5372042703962365, 50.668984593724204], [-3.536312800397271, 50.66894365839647], [-3.5362905498183714, 50.66867675550401], [-3.536747725256234, 50.668006632544696], [-3.5372249611985986, 50.66782997990201], [-3.5373588423869586, 50.66783817939218], [-3.537251593220053, 50.66897307908973]]]}}, {"type": "Feature", "properties": {"type": "postcode-cell", "postcode": "EX6 7UR", "postcodes": ["EX6 7UR"]}, "geometry": {"type": "Polygon", "coordinates": [[[-3.5320657288751063, 50.6622589464135], [-3.5317292224005183, 50.66274875337858], [-3.522677051616254, 50.66594674635356], [-3.5220832636234145, 50.66594825162672], [-3.521457471513689, 50.66379979646483], [-3.5276054075570578, 50.660016574481645], [-3.5279598743388902, 50.659956093812745], [-3.5297314682217653, 50.66031632644456], [-3.53117338335399, 50.66104873460339], [-3.5320658075463074, 50.66197658976268], [-3.5320657288751063, 50.6622589464135]]]}}, {"type": "Feature", "properties": {"type": "postcode-cell", "postcode": "EX6 7UF", "postcodes": ["EX6 7UF"]}, "geometry": {"type": "Polygon", "coordinates": [[[-3.5353862378557626, 50.65735846114697], [-3.534593018855969, 50.66039167338452], [-3.5320658075463074, 50.66197658976268], [-3.53117338335399, 50.66104873460339], [-3.5323052113626, 50.65815409522808], [-3.5332026970885027, 50.65700806945893], [-3.5348523435641637, 50.65672802482074], [-3.5353862378557626, 50.65735846114697]]]}}, {"type": "Feature", "properties": {"type": "postcode-cell", "postcode": "EX6 7UT", "postcodes": ["EX6 7UT"]}, "geometry": {"type": "Polygon", "coordinates": [[[-3.533228404860384, 50.66469516324947], [-3.533423840147003, 50.66541742516173], [-3.532447845562243, 50.66744400182645], [-3.5304034262231223, 50.66839437221008], [-3.522677051616254, 50.66594674635356], [-3.5317292224005183, 50.66274875337858], [-3.5328477824399966, 50.6637915050169], [-3.533228404860384, 50.66469516324947]]]}}, {"type": "Feature", "properties": {"type": "postcode-cell", "postcode": "EX6 7TY", "postcodes": ["EX6 7TY"]}, "geometry": {"type": "Polygon", "coordinates": [[[-3.5328477824399966, 50.6637915050169], [-3.539192791335316, 50.664981246054815], [-3.538112157241444, 50.66533761380386], [-3.5370586858048125, 50.665480601308495], [-3.533228404860384, 50.66469516324947], [-3.5328477824399966, 50.6637915050169]]]}}, {"type": "Feature", "properties": {"type": "postcode-cell", "postcode": "EX6 7TS", "postcodes": ["EX6 7TS"]}, "geometry": {"type": "Polygon", "coordinates": [[[-3.5361721698090585, 50.6668225969091], [-3.5353353147980773, 50.6660792213116], [-3.5353058449432937, 50.66587498557833], [-3.5370586858048125, 50.665480601308495], [-3.538112157241444, 50.66533761380386], [-3.5361721698090585, 50.6668225969091]]]}}, {"type": "Feature", "properties": {"type": "postcode-cell", "postcode": "EX6 7TQ", "postcodes": ["EX6 7TQ"]}, "geometry": {"type": "Polygon", "coordinates": [[[-3.536312800397271, 50.66894365839647], [-3.5338667733094313, 50.67128736656744], [-3.5347519146988367, 50.669672952357814], [-3.5356852170315896, 50.66865864613933], [-3.5362905498183714, 50.66867675550401], [-3.536312800397271, 50.66894365839647]]]}}, {"type": "Feature", "properties": {"type": "postcode-cell", "postcode": "EX6 7TT", "postcodes": ["EX6 7TT"]}, "geometry": {"type": "Polygon", "coordinates": [[[-3.536172159974844, 50.666822616646385], [-3.5350114603402876, 50.66659252927476], [-3.5353353147980773, 50.6660792213116], [-3.5361721698090585, 50.6668225969091], [-3.536172159974844, 50.666822616646385]]]}}, {"type": "Feature", "properties": {"type": "postcode-cell", "postcode": "EX6 7TG", "postcodes": ["EX6 7TG"]}, "geometry": {"type": "Polygon", "coordinates": [[[-3.536747725256234, 50.668006632544696], [-3.5362905498183714, 50.66867675550401], [-3.5356852170315896, 50.66865864613933], [-3.5356376205813143, 50.66857369633534], [-3.536665627234638, 50.66801295449659], [-3.536747725256234, 50.668006632544696]]]}}, {"type": "Feature", "properties": {"type": "postcode-cell", "postcode": "EX6 7TB", "postcodes": ["EX6 7TB"]}, "geometry": {"type": "Polygon", "coordinates": [[[-3.536665627234638, 50.66801295449659], [-3.535582258181319, 50.668034836676846], [-3.53492625868033, 50.667757241496886], [-3.5363265094657126, 50.667211400492725], [-3.5372249611985986, 50.66782997990201], [-3.536747725256234, 50.668006632544696], [-3.536665627234638, 50.66801295449659]]]}}, {"type": "Feature", "properties": {"type": "postcode-cell", "postcode": "EX6 7TF", "postcodes": ["EX6 7TF"]}, "geometry": {"type": "Polygon", "coordinates": [[[-3.5356376205813143, 50.66857369633534], [-3.535365582564521, 50.66839256876786], [-3.535582258181319, 50.668034836676846], [-3.536665627234638, 50.66801295449659], [-3.5356376205813143, 50.66857369633534]]]}}, {"type": "Feature", "properties": {"type": "postcode-cell", "postcode": "EX6 7TH", "postcodes": ["EX6 7TH"]}, "geometry": {"type": "Polygon", "coordinates": [[[-3.5347519146988367, 50.669672952357814], [-3.535105967273564, 50.66849545683119], [-3.535365582564521, 50.66839256876786], [-3.5356376205813143, 50.66857369633534], [-3.5356852170315896, 50.66865864613933], [-3.5347519146988367, 50.669672952357814]]]}}, {"type": "Feature", "properties": {"type": "postcode-cell", "postcode": "EX6 7LR", "postcodes": ["EX6 7LR"]}, "geometry": {"type": "Polygon", "coordinates": [[[-3.533241669011321, 50.67261655711043], [-3.5216553073114594, 50.67394593315618], [-3.5160688812632306, 50.67019186228463], [-3.5220832636234145, 50.66594825162672], [-3.522677051616254, 50.66594674635356], [-3.5304034262231223, 50.66839437221008], [-3.533120291075857, 50.67226620289953], [-3.533177033210391, 50.672414123538736], [-3.533241669011321, 50.67261655711043]]]}}, {"type": "Feature", "properties": {"type": "postcode-cell", "postcode": "EX6 7TX", "postcodes": ["EX6 7TX"]}, "geometry": {"type": "Polygon", "coordinates": [[[-3.5353058449432937, 50.66587498557833], [-3.533423840147003, 50.66541742516173], [-3.533228404860384, 50.66469516324947], [-3.5370586858048125, 50.665480601308495], [-3.5353058449432937, 50.66587498557833]]]}}, {"type": "Feature", "properties": {"type": "postcode-cell", "postcode": "EX6 7TU", "postcodes": ["EX6 7TU"]}, "geometry": {"type": "Polygon", "coordinates": [[[-3.5353058449432937, 50.66587498557833], [-3.5353353147980773, 50.6660792213116], [-3.5350114603402876, 50.66659252927476], [-3.5336424305068923, 50.66726559613333], [-3.533093073057927, 50.667414970688725], [-3.532582198908827, 50.66744467192266], [-3.532447845562243, 50.66744400182645], [-3.533423840147003, 50.66541742516173], [-3.5353058449432937, 50.66587498557833]]]}}, {"type": "Feature", "properties": {"type": "postcode-cell", "postcode": "EX6 7TA", "postcodes": ["EX6 7TA"]}, "geometry": {"type": "Polygon", "coordinates": [[[-3.5363265094657126, 50.667211400492725], [-3.53492625868033, 50.667757241496886], [-3.533093073057927, 50.667414970688725], [-3.5336424305068923, 50.66726559613333], [-3.536158946594228, 50.66700706669314], [-3.5363265094657126, 50.667211400492725]]]}}, {"type": "Feature", "properties": {"type": "postcode-cell", "postcode": "EX6 7TR", "postcodes": ["EX6 7TR"]}, "geometry": {"type": "Polygon", "coordinates": [[[-3.5336424305068923, 50.66726559613333], [-3.5350114603402876, 50.66659252927476], [-3.536172159974844, 50.666822616646385], [-3.536158946594228, 50.66700706669314], [-3.5336424305068923, 50.66726559613333]]]}}, {"type": "Feature", "properties": {"type": "postcode-cell", "postcode": "EX6 7TD", "postcodes": ["EX6 7TD"]}, "geometry": {"type": "Polygon", "coordinates": [[[-3.535365582564521, 50.66839256876786], [-3.535105967273564, 50.66849545683119], [-3.532582198908827, 50.66744467192266], [-3.533093073057927, 50.667414970688725], [-3.53492625868033, 50.667757241496886], [-3.535582258181319, 50.668034836676846], [-3.535365582564521, 50.66839256876786]]]}}, {"type": "Feature", "properties": {"type": "postcode-cell", "postcode": "EX2 0AD", "postcodes": ["EX2 0AD"]}, "geometry": {"type": "Polygon", "coordinates": [[[-3.534045092681794, 50.69027986427671], [-3.5334142000325506, 50.689678392919454], [-3.534040808160386, 50.68884518724844], [-3.537977336584755, 50.689061584422205], [-3.538396208743318, 50.69060947830097], [-3.537635857258435, 50.69118923505902], [-3.5374181088639323, 50.69119258778436], [-3.5353364279236223, 50.6909292847937], [-3.534045092681794, 50.69027986427671]]]}}, {"type": "Feature", "properties": {"type": "postcode-cell", "postcode": "EX2 0AE", "postcodes": ["EX2 0AE"]}, "geometry": {"type": "Polygon", "coordinates": [[[-3.5353364279236223, 50.6909292847937], [-3.5341274191996748, 50.69107943410823], [-3.533580214774289, 50.691108740217324], [-3.533252025745842, 50.69058463647788], [-3.534045092681794, 50.69027986427671], [-3.5353364279236223, 50.6909292847937]]]}}, {"type": "Feature", "properties": {"type": "postcode-cell", "postcode": "EX2 9SL", "postcodes": ["EX2 9SL"]}, "geometry": {"type": "Polygon", "coordinates": [[[-3.5398447701150304, 50.67796220229997], [-3.5259559214022973, 50.68335197611852], [-3.5232660418104875, 50.67805319423252], [-3.539574441019641, 50.67777475516472], [-3.5398447701150304, 50.67796220229997]]]}}, {"type": "Feature", "properties": {"type": "postcode-cell", "postcode": "EX2 8ET", "postcodes": ["EX2 8ET"]}, "geometry": {"type": "Polygon", "coordinates": [[[-3.527645166015427, 50.69315325191189], [-3.527019658308521, 50.692214817045354], [-3.5292320374182684, 50.69237563717338], [-3.5296046503353575, 50.69281552641135], [-3.529389989762015, 50.69281999471943], [-3.528524665321985, 50.693665073817584], [-3.527645166015427, 50.69315325191189]]]}}, {"type": "Feature", "properties": {"type": "postcode-cell", "postcode": "EX2 0DD", "postcodes": ["EX2 0DD"]}, "geometry": {"type": "Polygon", "coordinates": [[[-3.5336927758687873, 50.691838032215834], [-3.5341274191996748, 50.69107943410823], [-3.5353364279236223, 50.6909292847937], [-3.5374181088639323, 50.69119258778436], [-3.534248457171804, 50.69209026451501], [-3.5336927758687873, 50.691838032215834]]]}}, {"type": "Feature", "properties": {"type": "postcode-cell", "postcode": "EX2 0DA", "postcodes": ["EX2 0DA"]}, "geometry": {"type": "Polygon", "coordinates": [[[-3.534248457171804, 50.69209026451501], [-3.534097828262755, 50.692217105935754], [-3.5328543139913378, 50.69213288699733], [-3.5332148284294167, 50.69172498458781], [-3.5336927758687873, 50.691838032215834], [-3.534248457171804, 50.69209026451501]]]}}, {"type": "Feature", "properties": {"type": "postcode-cell", "postcode": "EX2 0AA", "postcodes": ["EX2 0AA"]}, "geometry": {"type": "Polygon", "coordinates": [[[-3.534045092681794, 50.69027986427671], [-3.533252025745842, 50.69058463647788], [-3.532224661598589, 50.690204534321225], [-3.532427676522136, 50.69002154032101], [-3.5334142000325506, 50.689678392919454], [-3.534045092681794, 50.69027986427671]]]}}, {"type": "Feature", "properties": {"type": "postcode-cell", "postcode": "EX6 7XJ", "postcodes": ["EX6 7XJ"]}, "geometry": {"type": "Polygon", "coordinates": [[[-3.5348523435641637, 50.65672802482074], [-3.5332026970885027, 50.65700806945893], [-3.5291312982289957, 50.656512284796804], [-3.528919614968278, 50.6564030480702], [-3.5263353587889843, 50.65425869111353], [-3.5345474290014325, 50.652458919846104], [-3.5371019521762537, 50.65335566648116], [-3.5348523435641637, 50.65672802482074]]]}}, {"type": "Feature", "properties": {"type": "postcode-cell", "postcode": "EX2 0AN", "postcodes": ["EX2 0AN"]}, "geometry": {"type": "Polygon", "coordinates": [[[-3.5334142000325506, 50.689678392919454], [-3.532427676522136, 50.69002154032101], [-3.532031777298913, 50.68946554822653], [-3.5325153477907913, 50.688939274015645], [-3.53339381593146, 50.68844849598155], [-3.534040808160386, 50.68884518724844], [-3.5334142000325506, 50.689678392919454]]]}}, {"type": "Feature", "properties": {"type": "postcode-cell", "postcode": "EX2 0DF", "postcodes": ["EX2 0DF"]}, "geometry": {"type": "Polygon", "coordinates": [[[-3.5336927758687873, 50.691838032215834], [-3.5332148284294167, 50.69172498458781], [-3.5330597101664134, 50.691280982388086], [-3.533580214774289, 50.691108740217324], [-3.5341274191996748, 50.69107943410823], [-3.5336927758687873, 50.691838032215834]]]}}, {"type": "Feature", "properties": {"type": "postcode-cell", "postcode": "EX2 0AB", "postcodes": ["EX2 0AB"]}, "geometry": {"type": "Polygon", "coordinates": [[[-3.533580214774289, 50.691108740217324], [-3.5330597101664134, 50.691280982388086], [-3.5330466393145348, 50.691279051081565], [-3.5319692979366577, 50.69033182652612], [-3.532224661598589, 50.690204534321225], [-3.533252025745842, 50.69058463647788], [-3.533580214774289, 50.691108740217324]]]}}, {"type": "Feature", "properties": {"type": "postcode-cell", "postcode": "EX2 0BU", "postcodes": ["EX2 0BU"]}, "geometry": {"type": "Polygon", "coordinates": [[[-3.5318846733271063, 50.69276804171429], [-3.5296046503353575, 50.69281552641135], [-3.5292320374182684, 50.69237563717338], [-3.529443268490784, 50.69215024035601], [-3.5298978138880885, 50.69193516240732], [-3.5309517027519073, 50.69191334129788], [-3.5315222670660047, 50.69206861444829], [-3.5318834970148623, 50.692655379461556], [-3.5318846733271063, 50.69276804171429]]]}}, {"type": "Feature", "properties": {"type": "postcode-cell", "postcode": "EX2 0DG", "postcodes": ["EX2 0DG"]}, "geometry": {"type": "Polygon", "coordinates": [[[-3.5332148284294167, 50.69172498458781], [-3.5328543139913378, 50.69213288699733], [-3.5318834970148623, 50.692655379461556], [-3.5315222670660047, 50.69206861444829], [-3.5318049924467134, 50.691593537623234], [-3.5330466393145348, 50.691279051081565], [-3.5330597101664134, 50.691280982388086], [-3.5332148284294167, 50.69172498458781]]]}}, {"type": "Feature", "properties": {"type": "postcode-cell", "postcode": "EX2 0AP", "postcodes": ["EX2 0AP"]}, "geometry": {"type": "Polygon", "coordinates": [[[-3.532224661598589, 50.690204534321225], [-3.5319692979366577, 50.69033182652612], [-3.5312699785508777, 50.69045861289633], [-3.529906966042858, 50.69027838220163], [-3.529756345856021, 50.69023844422789], [-3.528663530690202, 50.68976093830975], [-3.53081260857997, 50.68916730606487], [-3.5313187753491038, 50.68916409749817], [-3.532031777298913, 50.68946554822653], [-3.532427676522136, 50.69002154032101], [-3.532224661598589, 50.690204534321225]]]}}, {"type": "Feature", "properties": {"type": "postcode-cell", "postcode": "EX2 8UA", "postcodes": ["EX2 8UA"]}, "geometry": {"type": "Polygon", "coordinates": [[[-3.5267240480628006, 50.693844061482], [-3.527645166015427, 50.69315325191189], [-3.528524665321985, 50.693665073817584], [-3.5268299897592055, 50.695319994721416], [-3.5263707248647114, 50.69488185957872], [-3.5267240480628006, 50.693844061482]]]}}, {"type": "Feature", "properties": {"type": "postcode-cell", "postcode": "EX2 0BY", "postcodes": ["EX2 0BY"]}, "geometry": {"type": "Polygon", "coordinates": [[[-3.5315222670660047, 50.69206861444829], [-3.5309517027519073, 50.69191334129788], [-3.529906966042858, 50.69027838220163], [-3.5312699785508777, 50.69045861289633], [-3.5318049924467134, 50.691593537623234], [-3.5315222670660047, 50.69206861444829]]]}}, {"type": "Feature", "properties": {"type": "postcode-cell", "postcode": "EX6 7UU", "postcodes": ["EX6 7UU"]}, "geometry": {"type": "Polygon", "coordinates": [[[-3.5290695573801525, 50.657472480774175], [-3.5278002980976346, 50.658999224115945], [-3.526532595539903, 50.658260421121376], [-3.528919614968278, 50.6564030480702], [-3.5291312982289957, 50.656512284796804], [-3.5290695573801525, 50.657472480774175]]]}}, {"type": "Feature", "properties": {"type": "postcode-cell", "postcode": "EX6 7UQ", "postcodes": ["EX6 7UQ"]}, "geometry": {"type": "Polygon", "coordinates": [[[-3.5291312982289957, 50.656512284796804], [-3.5332026970885027, 50.65700806945893], [-3.5323052113626, 50.65815409522808], [-3.52986775824093, 50.65875692009782], [-3.5290695573801525, 50.657472480774175], [-3.5291312982289957, 50.656512284796804]]]}}, {"type": "Feature", "properties": {"type": "postcode-cell", "postcode": "EX2 0AH", "postcodes": ["EX2 0AH"]}, "geometry": {"type": "Polygon", "coordinates": [[[-3.532031777298913, 50.68946554822653], [-3.5313187753491038, 50.68916409749817], [-3.531338342638976, 50.68915535003568], [-3.5325153477907913, 50.688939274015645], [-3.532031777298913, 50.68946554822653]]]}}, {"type": "Feature", "properties": {"type": "postcode-cell", "postcode": "EX2 0AF", "postcodes": ["EX2 0AF"]}, "geometry": {"type": "Polygon", "coordinates": [[[-3.5330466393145348, 50.691279051081565], [-3.5318049924467134, 50.691593537623234], [-3.5312699785508777, 50.69045861289633], [-3.5319692979366577, 50.69033182652612], [-3.5330466393145348, 50.691279051081565]]]}}, {"type": "Feature", "properties": {"type": "postcode-cell", "postcode": "EX6 7XD", "postcodes": ["EX6 7XD"]}, "geometry": {"type": "Polygon", "coordinates": [[[-3.539574441019641, 50.67777475516472], [-3.5232660418104875, 50.67805319423252], [-3.52298893571704, 50.67789169807416], [-3.5216553073114594, 50.67394593315618], [-3.533241669011321, 50.67261655711043], [-3.5373759545345775, 50.67466615113989], [-3.539574441019641, 50.67777475516472]]]}}, {"type": "Feature", "properties": {"type": "postcode-cell", "postcode": "EX2 0AL", "postcodes": ["EX2 0AL"]}, "geometry": {"type": "Polygon", "coordinates": [[[-3.5328855104083337, 50.687920922507885], [-3.531338342638976, 50.68915535003568], [-3.5313187753491038, 50.68916409749817], [-3.53081260857997, 50.68916730606487], [-3.532340776701045, 50.6871659164083], [-3.5328855104083337, 50.687920922507885]]]}}, {"type": "Feature", "properties": {"type": "postcode-cell", "postcode": "EX2 0AG", "postcodes": ["EX2 0AG"]}, "geometry": {"type": "Polygon", "coordinates": [[[-3.5325153477907913, 50.688939274015645], [-3.531338342638976, 50.68915535003568], [-3.5328855104083337, 50.687920922507885], [-3.53339381593146, 50.68844849598155], [-3.5325153477907913, 50.688939274015645]]]}}, {"type": "Feature", "properties": {"type": "postcode-cell", "postcode": "EX2 0AJ", "postcodes": ["EX2 0AJ"]}, "geometry": {"type": "Polygon", "coordinates": [[[-3.532340776701045, 50.6871659164083], [-3.53081260857997, 50.68916730606487], [-3.528663530690202, 50.68976093830975], [-3.528474857259537, 50.68972492146517], [-3.528241113507455, 50.689332435077276], [-3.528042996458563, 50.68888274600406], [-3.528924845429899, 50.68550630742109], [-3.531695492321917, 50.68574003225915], [-3.532340776701045, 50.6871659164083]]]}}, {"type": "Feature", "properties": {"type": "postcode-cell", "postcode": "EX6 7UG", "postcodes": ["EX6 7UG"]}, "geometry": {"type": "Polygon", "coordinates": [[[-3.53117338335399, 50.66104873460339], [-3.5297314682217653, 50.66031632644456], [-3.52986775824093, 50.65875692009782], [-3.5323052113626, 50.65815409522808], [-3.53117338335399, 50.66104873460339]]]}}, {"type": "Feature", "properties": {"type": "postcode-cell", "postcode": "EX6 7UH", "postcodes": ["EX6 7UH"]}, "geometry": {"type": "Polygon", "coordinates": [[[-3.5297314682217653, 50.66031632644456], [-3.5279598743388902, 50.659956093812745], [-3.5278002980976346, 50.658999224115945], [-3.5290695573801525, 50.657472480774175], [-3.52986775824093, 50.65875692009782], [-3.5297314682217653, 50.66031632644456]]]}}, {"type": "Feature", "properties": {"type": "postcode-cell", "postcode": "EX2 0BX", "postcodes": ["EX2 0BX"]}, "geometry": {"type": "Polygon", "coordinates": [[[-3.529756345856021, 50.69023844422789], [-3.5298978138880885, 50.69193516240732], [-3.529443268490784, 50.69215024035601], [-3.5280687371047166, 50.69010527068997], [-3.528474857259537, 50.68972492146517], [-3.528663530690202, 50.68976093830975], [-3.529756345856021, 50.69023844422789]]]}}, {"type": "Feature", "properties": {"type": "postcode-cell", "postcode": "EX2 0BT", "postcodes": ["EX2 0BT"]}, "geometry": {"type": "Polygon", "coordinates": [[[-3.5309517027519073, 50.69191334129788], [-3.5298978138880885, 50.69193516240732], [-3.529756345856021, 50.69023844422789], [-3.529906966042858, 50.69027838220163], [-3.5309517027519073, 50.69191334129788]]]}}, {"type": "Feature", "properties": {"type": "postcode-cell", "postcode": "EX6 7UL", "postcodes": ["EX6 7UL"]}, "geometry": {"type": "Polygon", "coordinates": [[[-3.526532595539903, 50.658260421121376], [-3.525812088952502, 50.65831968025511], [-3.5262718771137487, 50.654245368707684], [-3.5263353587889843, 50.65425869111353], [-3.528919614968278, 50.6564030480702], [-3.526532595539903, 50.658260421121376]]]}}, {"type": "Feature", "properties": {"type": "postcode-cell", "postcode": "EX6 7XH", "postcodes": ["EX6 7XH"]}, "geometry": {"type": "Polygon", "coordinates": [[[-3.534479443839899, 50.643566373585216], [-3.5295680877448286, 50.645990221543286], [-3.5259291298604754, 50.64645773034359], [-3.520038989623789, 50.643430470393945], [-3.5200999897798937, 50.64297999468055], [-3.520799989780809, 50.64198999467978], [-3.519629989780567, 50.64094999467899], [-3.520639989782026, 50.639229994677656], [-3.519429989782512, 50.636609994675595], [-3.522179989784506, 50.63606999467515], [-3.5296599897911154, 50.63210999467191], [-3.5307573155470644, 50.63194184375375], [-3.534479443839899, 50.643566373585216]]]}}, {"type": "Feature", "properties": {"type": "postcode-cell", "postcode": "EX2 0BW", "postcodes": ["EX2 0BW"]}, "geometry": {"type": "Polygon", "coordinates": [[[-3.5292320374182684, 50.69237563717338], [-3.527019658308521, 50.692214817045354], [-3.526400177279366, 50.691915823992474], [-3.5261458143949906, 50.69146667932818], [-3.5280687371047166, 50.69010527068997], [-3.529443268490784, 50.69215024035601], [-3.5292320374182684, 50.69237563717338]]]}}, {"type": "Feature", "properties": {"type": "postcode-cell", "postcode": "EX2 0BZ", "postcodes": ["EX2 0BZ"]}, "geometry": {"type": "Polygon", "coordinates": [[[-3.528924845429899, 50.68550630742109], [-3.528042996458563, 50.68888274600406], [-3.5250767698256547, 50.68872353911058], [-3.523278477433769, 50.68660543180506], [-3.5228373124177943, 50.68499861489545], [-3.5258476853506724, 50.68391575868221], [-3.528924845429899, 50.68550630742109]]]}}, {"type": "Feature", "properties": {"type": "postcode-cell", "postcode": "EX2 8XW", "postcodes": ["EX2 8XW"]}, "geometry": {"type": "Polygon", "coordinates": [[[-3.526400177279366, 50.691915823992474], [-3.5258666312176863, 50.69266706713261], [-3.52484241230313, 50.6935422091676], [-3.522819989757971, 50.69257999471935], [-3.5211221132492176, 50.69253578080967], [-3.5211949205049122, 50.69226774126639], [-3.5254242118995673, 50.6913609996601], [-3.5261458143949906, 50.69146667932818], [-3.526400177279366, 50.691915823992474]]]}}, {"type": "Feature", "properties": {"type": "postcode-cell", "postcode": "EX2 8QB", "postcodes": ["EX2 8QB"]}, "geometry": {"type": "Polygon", "coordinates": [[[-3.527019658308521, 50.692214817045354], [-3.527645166015427, 50.69315325191189], [-3.5267240480628006, 50.693844061482], [-3.5258666312176863, 50.69266706713261], [-3.526400177279366, 50.691915823992474], [-3.527019658308521, 50.692214817045354]]]}}, {"type": "Feature", "properties": {"type": "postcode-cell", "postcode": "EX2 0BJ", "postcodes": ["EX2 0BJ"]}, "geometry": {"type": "Polygon", "coordinates": [[[-3.528474857259537, 50.68972492146517], [-3.5280687371047166, 50.69010527068997], [-3.5261458143949906, 50.69146667932818], [-3.5254242118995673, 50.6913609996601], [-3.5252293069676557, 50.69115666209787], [-3.524757609946483, 50.68975155235191], [-3.528241113507455, 50.689332435077276], [-3.528474857259537, 50.68972492146517]]]}}, {"type": "Feature", "properties": {"type": "postcode-cell", "postcode": "EX2 0AR", "postcodes": ["EX2 0AR"]}, "geometry": {"type": "Polygon", "coordinates": [[[-3.5250767698256547, 50.68872353911058], [-3.524811922544826, 50.68889402405293], [-3.5237362681830193, 50.688925464348316], [-3.5231039828541486, 50.68800850275888], [-3.5230125731564277, 50.68776107223992], [-3.523278477433769, 50.68660543180506], [-3.5250767698256547, 50.68872353911058]]]}}, {"type": "Feature", "properties": {"type": "postcode-cell", "postcode": "EX6 7UJ", "postcodes": ["EX6 7UJ"]}, "geometry": {"type": "Polygon", "coordinates": [[[-3.5279598743388902, 50.659956093812745], [-3.5276054075570578, 50.660016574481645], [-3.524503700198307, 50.65880414534747], [-3.525812088952502, 50.65831968025511], [-3.526532595539903, 50.658260421121376], [-3.5278002980976346, 50.658999224115945], [-3.5279598743388902, 50.659956093812745]]]}}, {"type": "Feature", "properties": {"type": "postcode-cell", "postcode": "EX2 8TQ", "postcodes": ["EX2 8TQ"]}, "geometry": {"type": "Polygon", "coordinates": [[[-3.5258666312176863, 50.69266706713261], [-3.5267240480628006, 50.693844061482], [-3.5263707248647114, 50.69488185957872], [-3.525089989758893, 50.693659994720164], [-3.52484241230313, 50.6935422091676], [-3.5258666312176863, 50.69266706713261]]]}}, {"type": "Feature", "properties": {"type": "postcode-cell", "postcode": "EX6 7UW", "postcodes": ["EX6 7UW"]}, "geometry": {"type": "Polygon", "coordinates": [[[-3.521457471513689, 50.66379979646483], [-3.5183368889918136, 50.65894465163442], [-3.524503700198307, 50.65880414534747], [-3.5276054075570578, 50.660016574481645], [-3.521457471513689, 50.66379979646483]]]}}, {"type": "Feature", "properties": {"type": "postcode-cell", "postcode": "EX6 8JQ", "postcodes": ["EX6 8JQ"]}, "geometry": {"type": "Polygon", "coordinates": [[[-3.465821505518094, 50.647273022571895], [-3.4525577769797886, 50.643678957909316], [-3.4525399897377547, 50.64224999468119], [-3.452519989737758, 50.642219994681184], [-3.4552699897399477, 50.64124999468038], [-3.460269989742747, 50.64194999468082], [-3.4639699897450873, 50.64190999468072], [-3.4677899897466897, 50.643569994681975], [-3.4687549565802107, 50.64371236801153], [-3.465821505518094, 50.647273022571895]]]}}, {"type": "Feature", "properties": {"type": "postcode-cell", "postcode": "EX6 7XE", "postcodes": ["EX6 7XE"]}, "geometry": {"type": "Polygon", "coordinates": [[[-3.525812088952502, 50.65831968025511], [-3.524503700198307, 50.65880414534747], [-3.5183368889918136, 50.65894465163442], [-3.5177722181624884, 50.658463567382796], [-3.5218138663668226, 50.65302944861461], [-3.5262718771137487, 50.654245368707684], [-3.525812088952502, 50.65831968025511]]]}}, {"type": "Feature", "properties": {"type": "postcode-cell", "postcode": "EX6 7UP", "postcodes": ["EX6 7UP"]}, "geometry": {"type": "Polygon", "coordinates": [[[-3.5220832636234145, 50.66594825162672], [-3.5160688812632306, 50.67019186228463], [-3.515997963084272, 50.67019515751094], [-3.5139398834282614, 50.66934718213648], [-3.5075166610557944, 50.6604053451605], [-3.5150681797099805, 50.658505802470025], [-3.5177722181624884, 50.658463567382796], [-3.5183368889918136, 50.65894465163442], [-3.521457471513689, 50.66379979646483], [-3.5220832636234145, 50.66594825162672]]]}}, {"type": "Feature", "properties": {"type": "postcode-cell", "postcode": "EX2 0BP", "postcodes": ["EX2 0BP"]}, "geometry": {"type": "Polygon", "coordinates": [[[-3.5250767698256547, 50.68872353911058], [-3.528042996458563, 50.68888274600406], [-3.528241113507455, 50.689332435077276], [-3.524757609946483, 50.68975155235191], [-3.5245512542639172, 50.68955539573704], [-3.524811922544826, 50.68889402405293], [-3.5250767698256547, 50.68872353911058]]]}}, {"type": "Feature", "properties": {"type": "postcode-cell", "postcode": "EX2 8XZ", "postcodes": ["EX2 8XZ"]}, "geometry": {"type": "Polygon", "coordinates": [[[-3.5258476853506724, 50.68391575868221], [-3.5228373124177943, 50.68499861489545], [-3.5169322422833167, 50.68561385902292], [-3.519101169862851, 50.67940005078154], [-3.52298893571704, 50.67789169807416], [-3.5232660418104875, 50.67805319423252], [-3.5259559214022973, 50.68335197611852], [-3.5258476853506724, 50.68391575868221]]]}}, {"type": "Feature", "properties": {"type": "postcode-cell", "postcode": "EX2 8YP", "postcodes": ["EX2 8YP"]}, "geometry": {"type": "Polygon", "coordinates": [[[-3.5230125731564277, 50.68776107223992], [-3.5223575079337435, 50.68854368000323], [-3.5179249355305466, 50.68819173158643], [-3.5156830785759685, 50.68601400717134], [-3.5169322422833167, 50.68561385902292], [-3.5228373124177943, 50.68499861489545], [-3.523278477433769, 50.68660543180506], [-3.5230125731564277, 50.68776107223992]]]}}, {"type": "Feature", "properties": {"type": "postcode-cell", "postcode": "EX6 7XQ", "postcodes": ["EX6 7XQ"]}, "geometry": {"type": "Polygon", "coordinates": [[[-3.5214751719670843, 50.652214198490704], [-3.513888601248595, 50.6505650103887], [-3.514029989772457, 50.65053999468659], [-3.5146699897735516, 50.64908999468543], [-3.5150599897737793, 50.64912999468547], [-3.516159989775247, 50.64750999468417], [-3.5198399897788155, 50.64489999468208], [-3.520038989623789, 50.643430470393945], [-3.5259291298604754, 50.64645773034359], [-3.5214751719670843, 50.652214198490704]]]}}, {"type": "Feature", "properties": {"type": "postcode-cell", "postcode": "EX2 0BS", "postcodes": ["EX2 0BS"]}, "geometry": {"type": "Polygon", "coordinates": [[[-3.5252293069676557, 50.69115666209787], [-3.5234029487388523, 50.690151339667146], [-3.5241053328811907, 50.68963134384824], [-3.5245512542639172, 50.68955539573704], [-3.524757609946483, 50.68975155235191], [-3.5252293069676557, 50.69115666209787]]]}}, {"type": "Feature", "properties": {"type": "postcode-cell", "postcode": "EX2 0AS", "postcodes": ["EX2 0AS"]}, "geometry": {"type": "Polygon", "coordinates": [[[-3.5231039828541486, 50.68800850275888], [-3.523032954290544, 50.68891469585709], [-3.522217893278934, 50.68922108010165], [-3.5223575079337435, 50.68854368000323], [-3.5230125731564277, 50.68776107223992], [-3.5231039828541486, 50.68800850275888]]]}}, {"type": "Feature", "properties": {"type": "postcode-cell", "postcode": "EX2 0BR", "postcodes": ["EX2 0BR"]}, "geometry": {"type": "Polygon", "coordinates": [[[-3.5245512542639172, 50.68955539573704], [-3.5241053328811907, 50.68963134384824], [-3.5234558158325555, 50.68935820442341], [-3.5237140957229505, 50.6889355181354], [-3.5237362681830193, 50.688925464348316], [-3.524811922544826, 50.68889402405293], [-3.5245512542639172, 50.68955539573704]]]}}, {"type": "Feature", "properties": {"type": "postcode-cell", "postcode": "EX2 8XT", "postcodes": ["EX2 8XT"]}, "geometry": {"type": "Polygon", "coordinates": [[[-3.5137031543027155, 50.69122830020956], [-3.5143392330759893, 50.69077692797208], [-3.51540291947639, 50.691431410248114], [-3.5153436800200475, 50.69239910514626], [-3.5137117849727812, 50.69233743776705], [-3.5137031543027155, 50.69122830020956]]]}}, {"type": "Feature", "properties": {"type": "postcode-cell", "postcode": "EX2 0BL", "postcodes": ["EX2 0BL"]}, "geometry": {"type": "Polygon", "coordinates": [[[-3.5200043765905233, 50.69038494565385], [-3.5214085073940997, 50.689977526065164], [-3.5234029487388523, 50.690151339667146], [-3.5252293069676557, 50.69115666209787], [-3.5254242118995673, 50.6913609996601], [-3.5211949205049122, 50.69226774126639], [-3.5200043765905233, 50.69038494565385]]]}}, {"type": "Feature", "properties": {"type": "postcode-cell", "postcode": "EX2 0BN", "postcodes": ["EX2 0BN"]}, "geometry": {"type": "Polygon", "coordinates": [[[-3.5234029487388523, 50.690151339667146], [-3.5214085073940997, 50.689977526065164], [-3.5217706486255893, 50.68973364091135], [-3.5234558158325555, 50.68935820442341], [-3.5241053328811907, 50.68963134384824], [-3.5234029487388523, 50.690151339667146]]]}}, {"type": "Feature", "properties": {"type": "postcode-cell", "postcode": "EX2 0AT", "postcodes": ["EX2 0AT"]}, "geometry": {"type": "Polygon", "coordinates": [[[-3.5237140957229505, 50.6889355181354], [-3.523032954290544, 50.68891469585709], [-3.5231039828541486, 50.68800850275888], [-3.5237362681830193, 50.688925464348316], [-3.5237140957229505, 50.6889355181354]]]}}, {"type": "Feature", "properties": {"type": "postcode-cell", "postcode": "EX2 0AQ", "postcodes": ["EX2 0AQ"]}, "geometry": {"type": "Polygon", "coordinates": [[[-3.5217706486255893, 50.68973364091135], [-3.522217893278934, 50.68922108010165], [-3.523032954290544, 50.68891469585709], [-3.5237140957229505, 50.6889355181354], [-3.5234558158325555, 50.68935820442341], [-3.5217706486255893, 50.68973364091135]]]}}, {"type": "Feature", "properties": {"type": "postcode-cell", "postcode": "EX6 8BB", "postcodes": ["EX6 8BB"]}, "geometry": {"type": "Polygon", "coordinates": [[[-3.519101169862851, 50.67940005078154], [-3.5133883773203416, 50.67962637881942], [-3.5101730178680244, 50.67796148286114], [-3.5100132318190593, 50.67708256005158], [-3.5118332215193964, 50.67368209905676], [-3.515997963084272, 50.67019515751094], [-3.5160688812632306, 50.67019186228463], [-3.5216553073114594, 50.67394593315618], [-3.52298893571704, 50.67789169807416], [-3.519101169862851, 50.67940005078154]]]}}, {"type": "Feature", "properties": {"type": "postcode-cell", "postcode": "EX2 8XX", "postcodes": ["EX2 8XX"]}, "geometry": {"type": "Polygon", "coordinates": [[[-3.5200043765905233, 50.69038494565385], [-3.51990810248399, 50.69034064463957], [-3.5179249355305466, 50.68819173158643], [-3.5223575079337435, 50.68854368000323], [-3.522217893278934, 50.68922108010165], [-3.5217706486255893, 50.68973364091135], [-3.5214085073940997, 50.689977526065164], [-3.5200043765905233, 50.69038494565385]]]}}, {"type": "Feature", "properties": {"type": "postcode-cell", "postcode": "EX2 8XL", "postcodes": ["EX2 8XL"]}, "geometry": {"type": "Polygon", "coordinates": [[[-3.5156830785759685, 50.68601400717134], [-3.514548078208551, 50.686026656515914], [-3.514359109869066, 50.68598141281235], [-3.5139611220214513, 50.68584941206143], [-3.5133883773203416, 50.67962637881942], [-3.519101169862851, 50.67940005078154], [-3.5169322422833167, 50.68561385902292], [-3.5156830785759685, 50.68601400717134]]]}}, {"type": "Feature", "properties": {"type": "postcode-cell", "postcode": "EX2 8XS", "postcodes": ["EX2 8XS"]}, "geometry": {"type": "Polygon", "coordinates": [[[-3.51990810248399, 50.69034064463957], [-3.517373617549796, 50.691261566083604], [-3.5145060693483314, 50.68980616995336], [-3.5143208695917707, 50.68752615676043], [-3.514548078208551, 50.686026656515914], [-3.5156830785759685, 50.68601400717134], [-3.5179249355305466, 50.68819173158643], [-3.51990810248399, 50.69034064463957]]]}}, {"type": "Feature", "properties": {"type": "postcode-cell", "postcode": "EX6 7XF", "postcodes": ["EX6 7XF"]}, "geometry": {"type": "Polygon", "coordinates": [[[-3.5218138663668226, 50.65302944861461], [-3.5177722181624884, 50.658463567382796], [-3.5150681797099805, 50.658505802470025], [-3.510855549470411, 50.65375344863892], [-3.5115299897701533, 50.652059994687804], [-3.5127299897715245, 50.650769994686776], [-3.513888601248595, 50.6505650103887], [-3.5214751719670843, 50.652214198490704], [-3.5218138663668226, 50.65302944861461]]]}}, {"type": "Feature", "properties": {"type": "postcode-cell", "postcode": "EX6 8JS", "postcodes": ["EX6 8JS"]}, "geometry": {"type": "Polygon", "coordinates": [[[-3.473257574430721, 50.65206050106639], [-3.468415888164827, 50.65288618592492], [-3.465821505518094, 50.647273022571895], [-3.4687549565802107, 50.64371236801153], [-3.469009989747369, 50.64374999468207], [-3.4698199897479682, 50.643559994681915], [-3.47098998974844, 50.64410999468231], [-3.4725099897487435, 50.64546999468337], [-3.473129989749099, 50.64553999468338], [-3.473599989749055, 50.64624999468394], [-3.474499989749552, 50.646389994684036], [-3.4745399897494424, 50.64666999468425], [-3.4760699897501364, 50.64722999468464], [-3.4761899897499036, 50.64786999468515], [-3.477529989750642, 50.64808999468531], [-3.4780399897506085, 50.64882999468586], [-3.4775599897501195, 50.6492199946862], [-3.4777201025810527, 50.64936186895956], [-3.473257574430721, 50.65206050106639]]]}}, {"type": "Feature", "properties": {"type": "postcode-cell", "postcode": "EX2 0AU", "postcodes": ["EX2 0AU"]}, "geometry": {"type": "Polygon", "coordinates": [[[-3.5121421655848235, 50.691343948557595], [-3.5137031543027155, 50.69122830020956], [-3.5137117849727812, 50.69233743776705], [-3.5112060904076636, 50.692242705708345], [-3.5121421655848235, 50.691343948557595]]]}}, {"type": "Feature", "properties": {"type": "postcode-cell", "postcode": "EX2 8DW", "postcodes": ["EX2 8DW"]}, "geometry": {"type": "Polygon", "coordinates": [[[-3.517067891825768, 50.691467049570036], [-3.51540291947639, 50.691431410248114], [-3.5143392330759893, 50.69077692797208], [-3.5145060693483314, 50.68980616995336], [-3.517373617549796, 50.691261566083604], [-3.517067891825768, 50.691467049570036]]]}}, {"type": "Feature", "properties": {"type": "postcode-cell", "postcode": "EX2 0BH", "postcodes": ["EX2 0BH"]}, "geometry": {"type": "Polygon", "coordinates": [[[-3.5143392330759893, 50.69077692797208], [-3.5137031543027155, 50.69122830020956], [-3.5121421655848235, 50.691343948557595], [-3.511735190774563, 50.690878784775364], [-3.5117787876252367, 50.69053786562934], [-3.5143208695917707, 50.68752615676043], [-3.5145060693483314, 50.68980616995336], [-3.5143392330759893, 50.69077692797208]]]}}, {"type": "Feature", "properties": {"type": "postcode-cell", "postcode": "EX2 0AX", "postcodes": ["EX2 0AX"]}, "geometry": {"type": "Polygon", "coordinates": [[[-3.5143208695917707, 50.68752615676043], [-3.5117787876252367, 50.69053786562934], [-3.510593292129988, 50.690344801980665], [-3.5103363333987816, 50.68998940081721], [-3.514359109869066, 50.68598141281235], [-3.514548078208551, 50.686026656515914], [-3.5143208695917707, 50.68752615676043]]]}}, {"type": "Feature", "properties": {"type": "postcode-cell", "postcode": "EX6 8ES", "postcodes": ["EX6 8ES"]}, "geometry": {"type": "Polygon", "coordinates": [[[-3.5150681797099805, 50.658505802470025], [-3.5075166610557944, 50.6604053451605], [-3.4991034397552694, 50.6590764861177], [-3.498695503214175, 50.65828870148582], [-3.5000482511135633, 50.65407424121614], [-3.5024999897632854, 50.6545199946899], [-3.5047199897647605, 50.654359994689734], [-3.5046899897650716, 50.65366999468919], [-3.5093499897672062, 50.65534999469041], [-3.5106099897684695, 50.65436999468963], [-3.510855549470411, 50.65375344863892], [-3.5150681797099805, 50.658505802470025]]]}}, {"type": "Feature", "properties": {"type": "postcode-cell", "postcode": "EX6 8AA", "postcodes": ["EX6 8AA"]}, "geometry": {"type": "Polygon", "coordinates": [[[-3.4990152025427745, 50.68739820095126], [-3.5059407559775115, 50.68674787769814], [-3.5071897764615945, 50.68688874836898], [-3.5063885673277415, 50.69075037492625], [-3.5061035330343344, 50.69126812640842], [-3.5054099897475113, 50.691419994718736], [-3.503649989745827, 50.692619994719706], [-3.5032599897456747, 50.69241999471953], [-3.5017699897438295, 50.69431999472106], [-3.499579989742506, 50.69418999472099], [-3.4960299897408516, 50.6929599947201], [-3.4943499897398946, 50.692739994719936], [-3.493629989739789, 50.69200999471938], [-3.4935999897401837, 50.691139994718704], [-3.4938899897407, 50.69043999471814], [-3.4947999897415576, 50.68984999471766], [-3.4943985594593245, 50.68966109232493], [-3.4990152025427745, 50.68739820095126]]]}}, {"type": "Feature", "properties": {"type": "postcode-cell", "postcode": "EX6 8BQ", "postcodes": ["EX6 8BQ"]}, "geometry": {"type": "Polygon", "coordinates": [[[-3.5139611220214513, 50.68584941206143], [-3.5112206321162516, 50.68569434020405], [-3.5083487002857168, 50.68169932141101], [-3.509225260712, 50.678721045381025], [-3.5101730178680244, 50.67796148286114], [-3.5133883773203416, 50.67962637881942], [-3.5139611220214513, 50.68584941206143]]]}}, {"type": "Feature", "properties": {"type": "postcode-cell", "postcode": "EX2 0AY", "postcodes": ["EX2 0AY"]}, "geometry": {"type": "Polygon", "coordinates": [[[-3.510968104880487, 50.690917933550786], [-3.511735190774563, 50.690878784775364], [-3.5121421655848235, 50.691343948557595], [-3.5112060904076636, 50.692242705708345], [-3.5108699897505757, 50.69222999471926], [-3.509836692668252, 50.6919495830705], [-3.510968104880487, 50.690917933550786]]]}}, {"type": "Feature", "properties": {"type": "postcode-cell", "postcode": "EX6 8AB", "postcodes": ["EX6 8AB"]}, "geometry": {"type": "Polygon", "coordinates": [[[-3.5083487002857168, 50.68169932141101], [-3.506372034664578, 50.68197315246205], [-3.5054131870057237, 50.68090440605637], [-3.5060676049451116, 50.679554054646886], [-3.509225260712, 50.678721045381025], [-3.5083487002857168, 50.68169932141101]]]}}, {"type": "Feature", "properties": {"type": "postcode-cell", "postcode": "EX2 0AW", "postcodes": ["EX2 0AW"]}, "geometry": {"type": "Polygon", "coordinates": [[[-3.5117787876252367, 50.69053786562934], [-3.511735190774563, 50.690878784775364], [-3.510968104880487, 50.690917933550786], [-3.510527112245204, 50.6906560074241], [-3.510593292129988, 50.690344801980665], [-3.5117787876252367, 50.69053786562934]]]}}, {"type": "Feature", "properties": {"type": "postcode-cell", "postcode": "EX2 0BA", "postcodes": ["EX2 0BA"]}, "geometry": {"type": "Polygon", "coordinates": [[[-3.510593292129988, 50.690344801980665], [-3.510527112245204, 50.6906560074241], [-3.508310479311454, 50.691535382938916], [-3.50677998974852, 50.691119994718484], [-3.5061035330343344, 50.69126812640842], [-3.5063885673277415, 50.69075037492625], [-3.5103363333987816, 50.68998940081721], [-3.510593292129988, 50.690344801980665]]]}}, {"type": "Feature", "properties": {"type": "postcode-cell", "postcode": "EX2 0BB", "postcodes": ["EX2 0BB"]}, "geometry": {"type": "Polygon", "coordinates": [[[-3.514359109869066, 50.68598141281235], [-3.5103363333987816, 50.68998940081721], [-3.5063885673277415, 50.69075037492625], [-3.5071897764615945, 50.68688874836898], [-3.5104142140270103, 50.68583512981521], [-3.5112206321162516, 50.68569434020405], [-3.5139611220214513, 50.68584941206143], [-3.514359109869066, 50.68598141281235]]]}}, {"type": "Feature", "properties": {"type": "postcode-cell", "postcode": "EX2 0AZ", "postcodes": ["EX2 0AZ"]}, "geometry": {"type": "Polygon", "coordinates": [[[-3.510968104880487, 50.690917933550786], [-3.509836692668252, 50.6919495830705], [-3.508310479311454, 50.691535382938916], [-3.510527112245204, 50.6906560074241], [-3.510968104880487, 50.690917933550786]]]}}, {"type": "Feature", "properties": {"type": "postcode-cell", "postcode": "EX6 8ER", "postcodes": ["EX6 8ER"]}, "geometry": {"type": "Polygon", "coordinates": [[[-3.498695503214175, 50.65828870148582], [-3.490030545190062, 50.65693240858733], [-3.4874800801658568, 50.65646464719083], [-3.4860387259673775, 50.653580193021426], [-3.48651835043451, 50.651201450172564], [-3.4866099897548684, 50.65118999468756], [-3.4873299897552226, 50.65139999468774], [-3.487639989755537, 50.65114999468753], [-3.4894899897564366, 50.651699994687895], [-3.4901599897568976, 50.65161999468786], [-3.490099989757027, 50.65126999468757], [-3.4904699897571367, 50.65152999468776], [-3.4909499897575724, 50.65124999468754], [-3.4918499897580584, 50.65141999468767], [-3.4920899897578415, 50.65218999468824], [-3.4934799897584377, 50.652769994688676], [-3.4936999897587193, 50.652469994688445], [-3.494179989758917, 50.652689994688615], [-3.495669989759861, 50.65267999468857], [-3.4958999897601384, 50.652399994688345], [-3.4971699897608826, 50.65251999468843], [-3.4985599897614317, 50.653199994688926], [-3.4986499897611916, 50.65381999468941], [-3.5000482511135633, 50.65407424121614], [-3.498695503214175, 50.65828870148582]]]}}, {"type": "Feature", "properties": {"type": "postcode-cell", "postcode": "EX6 8AY", "postcodes": ["EX6 8AY"]}, "geometry": {"type": "Polygon", "coordinates": [[[-3.515997963084272, 50.67019515751094], [-3.5118332215193964, 50.67368209905676], [-3.5016554824640562, 50.67367674695363], [-3.501486738295611, 50.67364710697225], [-3.4994187916531634, 50.6729502160797], [-3.4991055110445006, 50.67282324637075], [-3.4990210724543154, 50.67261464358471], [-3.500039153846943, 50.66835298407795], [-3.5139398834282614, 50.66934718213648], [-3.515997963084272, 50.67019515751094]]]}}, {"type": "Feature", "properties": {"type": "postcode-cell", "postcode": "EX6 8TP", "postcodes": ["EX6 8TP"]}, "geometry": {"type": "Polygon", "coordinates": [[[-3.503995651185921, 50.682967404790936], [-3.5044485476911538, 50.682882129438376], [-3.5056358367633864, 50.68324899479078], [-3.5056455287867654, 50.68328447908862], [-3.5043839463383826, 50.68367502119298], [-3.503995651185921, 50.682967404790936]]]}}, {"type": "Feature", "properties": {"type": "postcode-cell", "postcode": "EX6 8TR", "postcodes": ["EX6 8TR"]}, "geometry": {"type": "Polygon", "coordinates": [[[-3.5043839463383826, 50.68367502119298], [-3.503654407070844, 50.684158147584284], [-3.5022077323016303, 50.68378042366278], [-3.5022079833897295, 50.683700075990004], [-3.503953152326704, 50.68295213338536], [-3.503995651185921, 50.682967404790936], [-3.5043839463383826, 50.68367502119298]]]}}, {"type": "Feature", "properties": {"type": "postcode-cell", "postcode": "EX6 8TH", "postcodes": ["EX6 8TH"]}, "geometry": {"type": "Polygon", "coordinates": [[[-3.5071897764615945, 50.68688874836898], [-3.5059407559775115, 50.68674787769814], [-3.503654407070844, 50.684158147584284], [-3.5043839463383826, 50.68367502119298], [-3.5056455287867654, 50.68328447908862], [-3.5104142140270103, 50.68583512981521], [-3.5071897764615945, 50.68688874836898]]]}}, {"type": "Feature", "properties": {"type": "postcode-cell", "postcode": "EX6 8TJ", "postcodes": ["EX6 8TJ"]}, "geometry": {"type": "Polygon", "coordinates": [[[-3.5112206321162516, 50.68569434020405], [-3.5104142140270103, 50.68583512981521], [-3.5056455287867654, 50.68328447908862], [-3.5056358367633864, 50.68324899479078], [-3.505731608604396, 50.68245163772309], [-3.5059110304264296, 50.68215303186014], [-3.506372034664578, 50.68197315246205], [-3.5083487002857168, 50.68169932141101], [-3.5112206321162516, 50.68569434020405]]]}}, {"type": "Feature", "properties": {"type": "postcode-cell", "postcode": "EX6 8BS", "postcodes": ["EX6 8BS"]}, "geometry": {"type": "Polygon", "coordinates": [[[-3.5139398834282614, 50.66934718213648], [-3.500039153846943, 50.66835298407795], [-3.495551865595349, 50.66452404652099], [-3.4991034397552694, 50.6590764861177], [-3.5075166610557944, 50.6604053451605], [-3.5139398834282614, 50.66934718213648]]]}}, {"type": "Feature", "properties": {"type": "postcode-cell", "postcode": "EX6 8AU", "postcodes": ["EX6 8AU"]}, "geometry": {"type": "Polygon", "coordinates": [[[-3.497589834163806, 50.674632596283736], [-3.4991055110445006, 50.67282324637075], [-3.4994187916531634, 50.6729502160797], [-3.5016302090807834, 50.67754543743674], [-3.5008349179213885, 50.67771746895444], [-3.5003181529146907, 50.67770310766932], [-3.4981038044241974, 50.67735603529234], [-3.4975819925794265, 50.67554591672615], [-3.497589834163806, 50.674632596283736]]]}}, {"type": "Feature", "properties": {"type": "postcode-cell", "postcode": "EX6 8BL", "postcodes": ["EX6 8BL"]}, "geometry": {"type": "Polygon", "coordinates": [[[-3.4975819925794265, 50.67554591672615], [-3.494426715445281, 50.67686512349658], [-3.494147919673427, 50.676886256279786], [-3.4939254534104656, 50.67582636480021], [-3.494750509076278, 50.67507925503226], [-3.497589834163806, 50.674632596283736], [-3.4975819925794265, 50.67554591672615]]]}}, {"type": "Feature", "properties": {"type": "postcode-cell", "postcode": "EX6 8BG", "postcodes": ["EX6 8BG"]}, "geometry": {"type": "Polygon", "coordinates": [[[-3.5101730178680244, 50.67796148286114], [-3.509225260712, 50.678721045381025], [-3.5060676049451116, 50.679554054646886], [-3.5044598742829396, 50.679629090051975], [-3.503515952832604, 50.67945497293213], [-3.5026351837242453, 50.677469918657685], [-3.502739890203331, 50.677414350684636], [-3.505538644195027, 50.67685119746923], [-3.5100132318190593, 50.67708256005158], [-3.5101730178680244, 50.67796148286114]]]}}, {"type": "Feature", "properties": {"type": "postcode-cell", "postcode": "EX6 8AZ", "postcodes": ["EX6 8AZ"]}, "geometry": {"type": "Polygon", "coordinates": [[[-3.5100132318190593, 50.67708256005158], [-3.505538644195027, 50.67685119746923], [-3.5016554824640562, 50.67367674695363], [-3.5118332215193964, 50.67368209905676], [-3.5100132318190593, 50.67708256005158]]]}}, {"type": "Feature", "properties": {"type": "postcode-cell", "postcode": "EX6 8TQ", "postcodes": ["EX6 8TQ"]}, "geometry": {"type": "Polygon", "coordinates": [[[-3.5054131870057237, 50.68090440605637], [-3.504301040469548, 50.681425829252056], [-3.5041610961154777, 50.68140531968063], [-3.5037936862094483, 50.68126722319016], [-3.5044598742829396, 50.679629090051975], [-3.5060676049451116, 50.679554054646886], [-3.5054131870057237, 50.68090440605637]]]}}, {"type": "Feature", "properties": {"type": "postcode-cell", "postcode": "EX6 8TL", "postcodes": ["EX6 8TL"]}, "geometry": {"type": "Polygon", "coordinates": [[[-3.5059110304264296, 50.68215303186014], [-3.5049288760903172, 50.681845112342685], [-3.504301040469548, 50.681425829252056], [-3.5054131870057237, 50.68090440605637], [-3.506372034664578, 50.68197315246205], [-3.5059110304264296, 50.68215303186014]]]}}, {"type": "Feature", "properties": {"type": "postcode-cell", "postcode": "EX6 8AX", "postcodes": ["EX6 8AX"]}, "geometry": {"type": "Polygon", "coordinates": [[[-3.501486738295611, 50.67364710697225], [-3.502739890203331, 50.677414350684636], [-3.5026351837242453, 50.677469918657685], [-3.5016302090807834, 50.67754543743674], [-3.4994187916531634, 50.6729502160797], [-3.501486738295611, 50.67364710697225]]]}}, {"type": "Feature", "properties": {"type": "postcode-cell", "postcode": "EX6 8TS", "postcodes": ["EX6 8TS"]}, "geometry": {"type": "Polygon", "coordinates": [[[-3.5056358367633864, 50.68324899479078], [-3.5044485476911538, 50.682882129438376], [-3.5044524148305176, 50.68271120668547], [-3.5044528071590384, 50.6827089640966], [-3.504725165660218, 50.6825195146227], [-3.505731608604396, 50.68245163772309], [-3.5056358367633864, 50.68324899479078]]]}}, {"type": "Feature", "properties": {"type": "postcode-cell", "postcode": "EX6 8TN", "postcodes": ["EX6 8TN"]}, "geometry": {"type": "Polygon", "coordinates": [[[-3.505731608604396, 50.68245163772309], [-3.504725165660218, 50.6825195146227], [-3.504178839318142, 50.6823415330667], [-3.5049288760903172, 50.681845112342685], [-3.5059110304264296, 50.68215303186014], [-3.505731608604396, 50.68245163772309]]]}}, {"type": "Feature", "properties": {"type": "postcode-cell", "postcode": "EX6 8TT", "postcodes": ["EX6 8TT"]}, "geometry": {"type": "Polygon", "coordinates": [[[-3.504725165660218, 50.6825195146227], [-3.5044528071590384, 50.6827089640966], [-3.5041913011111028, 50.68257289675248], [-3.5041704534771707, 50.682342884329714], [-3.504178839318142, 50.6823415330667], [-3.504725165660218, 50.6825195146227]]]}}, {"type": "Feature", "properties": {"type": "postcode-cell", "postcode": "EX6 8TW", "postcodes": ["EX6 8TW"]}, "geometry": {"type": "Polygon", "coordinates": [[[-3.5041704534771707, 50.682342884329714], [-3.504093347383898, 50.68233021769344], [-3.5038219736842677, 50.682173911172995], [-3.5041610961154777, 50.68140531968063], [-3.504301040469548, 50.681425829252056], [-3.5049288760903172, 50.681845112342685], [-3.504178839318142, 50.6823415330667], [-3.5041704534771707, 50.682342884329714]]]}}, {"type": "Feature", "properties": {"type": "postcode-cell", "postcode": "EX6 8UJ", "postcodes": ["EX6 8UJ"]}, "geometry": {"type": "Polygon", "coordinates": [[[-3.5035891341232714, 50.682681204698966], [-3.5032783141711117, 50.68263427629839], [-3.5037091607568214, 50.682185245863124], [-3.5038219736842677, 50.682173911172995], [-3.504093347383898, 50.68233021769344], [-3.5035891341232714, 50.682681204698966]]]}}, {"type": "Feature", "properties": {"type": "postcode-cell", "postcode": "EX6 8UL", "postcodes": ["EX6 8UL"]}, "geometry": {"type": "Polygon", "coordinates": [[[-3.504093347383898, 50.68233021769344], [-3.5041704534771707, 50.682342884329714], [-3.5041913011111028, 50.68257289675248], [-3.504025976319113, 50.68271758184721], [-3.5038646713154016, 50.68283198812166], [-3.5035891341232714, 50.682681204698966], [-3.504093347383898, 50.68233021769344]]]}}, {"type": "Feature", "properties": {"type": "postcode-cell", "postcode": "EX6 8TY", "postcodes": ["EX6 8TY"]}, "geometry": {"type": "Polygon", "coordinates": [[[-3.5044528071590384, 50.6827089640966], [-3.5044524148305176, 50.68271120668547], [-3.504025976319113, 50.68271758184721], [-3.5041913011111028, 50.68257289675248], [-3.5044528071590384, 50.6827089640966]]]}}, {"type": "Feature", "properties": {"type": "postcode-cell", "postcode": "EX6 8BA", "postcodes": ["EX6 8BA"]}, "geometry": {"type": "Polygon", "coordinates": [[[-3.502739890203331, 50.677414350684636], [-3.501486738295611, 50.67364710697225], [-3.5016554824640562, 50.67367674695363], [-3.505538644195027, 50.67685119746923], [-3.502739890203331, 50.677414350684636]]]}}, {"type": "Feature", "properties": {"type": "postcode-cell", "postcode": "EX6 8TZ", "postcodes": ["EX6 8TZ"]}, "geometry": {"type": "Polygon", "coordinates": [[[-3.5044485476911538, 50.682882129438376], [-3.503995651185921, 50.682967404790936], [-3.503953152326704, 50.68295213338536], [-3.5038646713154016, 50.68283198812166], [-3.504025976319113, 50.68271758184721], [-3.5044524148305176, 50.68271120668547], [-3.5044485476911538, 50.682882129438376]]]}}, {"type": "Feature", "properties": {"type": "postcode-cell", "postcode": "EX6 8TU", "postcodes": ["EX6 8TU"]}, "geometry": {"type": "Polygon", "coordinates": [[[-3.5038219736842677, 50.682173911172995], [-3.5037091607568214, 50.682185245863124], [-3.5020551694037536, 50.68178584426092], [-3.5019946733683813, 50.68151453256341], [-3.5020905012701626, 50.68136818667913], [-3.5037936862094483, 50.68126722319016], [-3.5041610961154777, 50.68140531968063], [-3.5038219736842677, 50.682173911172995]]]}}, {"type": "Feature", "properties": {"type": "postcode-cell", "postcode": "EX6 8UH", "postcodes": ["EX6 8UH"]}, "geometry": {"type": "Polygon", "coordinates": [[[-3.503953152326704, 50.68295213338536], [-3.5022079833897295, 50.683700075990004], [-3.501984626893357, 50.682742312507585], [-3.5019924246476797, 50.68272988009762], [-3.5032783141711117, 50.68263427629839], [-3.5035891341232714, 50.682681204698966], [-3.5038646713154016, 50.68283198812166], [-3.503953152326704, 50.68295213338536]]]}}, {"type": "Feature", "properties": {"type": "postcode-cell", "postcode": "EX6 8SL", "postcodes": ["EX6 8SL"]}, "geometry": {"type": "Polygon", "coordinates": [[[-3.5037936862094483, 50.68126722319016], [-3.5020905012701626, 50.68136818667913], [-3.5018006666875903, 50.68067151675055], [-3.5018455082596383, 50.680597349856974], [-3.5025586875572934, 50.679776159019234], [-3.503515952832604, 50.67945497293213], [-3.5044598742829396, 50.679629090051975], [-3.5037936862094483, 50.68126722319016]]]}}, {"type": "Feature", "properties": {"type": "postcode-cell", "postcode": "EX6 8TX", "postcodes": ["EX6 8TX"]}, "geometry": {"type": "Polygon", "coordinates": [[[-3.5037091607568214, 50.682185245863124], [-3.5032783141711117, 50.68263427629839], [-3.5019924246476797, 50.68272988009762], [-3.5020551694037536, 50.68178584426092], [-3.5037091607568214, 50.682185245863124]]]}}, {"type": "Feature", "properties": {"type": "postcode-cell", "postcode": "EX6 8AG", "postcodes": ["EX6 8AG"]}, "geometry": {"type": "Polygon", "coordinates": [[[-3.4816067904614427, 50.682598505414234], [-3.49218435208204, 50.681438204538125], [-3.492311907804291, 50.68163841867872], [-3.4848236082116975, 50.688384423666804], [-3.483889989735448, 50.688229994716586], [-3.4825399897348084, 50.68778999471626], [-3.482339989735255, 50.68658999471533], [-3.480809989734553, 50.686039994714925], [-3.480459989734689, 50.68528999471433], [-3.4796199897341467, 50.68531999471437], [-3.4793401093022616, 50.685112956501094], [-3.4816067904614427, 50.682598505414234]]]}}, {"type": "Feature", "properties": {"type": "postcode-cell", "postcode": "EX6 8FN", "postcodes": ["EX6 8FN"]}, "geometry": {"type": "Polygon", "coordinates": [[[-3.5059407559775115, 50.68674787769814], [-3.4990152025427745, 50.68739820095126], [-3.499985611110964, 50.684902585809546], [-3.5022077323016303, 50.68378042366278], [-3.503654407070844, 50.684158147584284], [-3.5059407559775115, 50.68674787769814]]]}}, {"type": "Feature", "properties": {"type": "postcode-cell", "postcode": "EX6 8TA", "postcodes": ["EX6 8TA"]}, "geometry": {"type": "Polygon", "coordinates": [[[-3.4984734174242567, 50.681646565110505], [-3.4995275779803596, 50.68129095451957], [-3.5003317428526315, 50.68168960092999], [-3.4995550324796176, 50.68270368201039], [-3.4986595744951634, 50.68301200329672], [-3.4984734174242567, 50.681646565110505]]]}}, {"type": "Feature", "properties": {"type": "postcode-cell", "postcode": "EX6 8FE", "postcodes": ["EX6 8FE"]}, "geometry": {"type": "Polygon", "coordinates": [[[-3.4986595744951634, 50.68301200329672], [-3.4986557099237805, 50.68301581481851], [-3.498552372729928, 50.68301630714593], [-3.497691719346901, 50.68288702776854], [-3.4963134137725187, 50.68157642946773], [-3.4966554150253932, 50.68114977905805], [-3.496680230869859, 50.681135997510836], [-3.497324919309588, 50.681104149086316], [-3.497480914754075, 50.6811406042084], [-3.4984734174242567, 50.681646565110505], [-3.4986595744951634, 50.68301200329672]]]}}, {"type": "Feature", "properties": {"type": "postcode-cell", "postcode": "EX6 8SP", "postcodes": ["EX6 8SP"]}, "geometry": {"type": "Polygon", "coordinates": [[[-3.5018455082596383, 50.680597349856974], [-3.500383512575021, 50.67951814728654], [-3.5012584966355034, 50.67923265820102], [-3.5025586875572934, 50.679776159019234], [-3.5018455082596383, 50.680597349856974]]]}}, {"type": "Feature", "properties": {"type": "postcode-cell", "postcode": "EX6 8BE", "postcodes": ["EX6 8BE"]}, "geometry": {"type": "Polygon", "coordinates": [[[-3.5025586875572934, 50.679776159019234], [-3.5012584966355034, 50.67923265820102], [-3.5008349179213885, 50.67771746895444], [-3.5016302090807834, 50.67754543743674], [-3.5026351837242453, 50.677469918657685], [-3.503515952832604, 50.67945497293213], [-3.5025586875572934, 50.679776159019234]]]}}, {"type": "Feature", "properties": {"type": "postcode-cell", "postcode": "EX6 8AT", "postcodes": ["EX6 8AT"]}, "geometry": {"type": "Polygon", "coordinates": [[[-3.5022077323016303, 50.68378042366278], [-3.499985611110964, 50.684902585809546], [-3.4986557099237805, 50.68301581481851], [-3.4986595744951634, 50.68301200329672], [-3.4995550324796176, 50.68270368201039], [-3.501984626893357, 50.682742312507585], [-3.5022079833897295, 50.683700075990004], [-3.5022077323016303, 50.68378042366278]]]}}, {"type": "Feature", "properties": {"type": "postcode-cell", "postcode": "EX6 8SX", "postcodes": ["EX6 8SX"]}, "geometry": {"type": "Polygon", "coordinates": [[[-3.5018006666875903, 50.68067151675055], [-3.501095261534445, 50.68059397253706], [-3.499618644659831, 50.67969334085739], [-3.499871943857569, 50.67957975878505], [-3.500383512575021, 50.67951814728654], [-3.5018455082596383, 50.680597349856974], [-3.5018006666875903, 50.68067151675055]]]}}, {"type": "Feature", "properties": {"type": "postcode-cell", "postcode": "EX6 8TB", "postcodes": ["EX6 8TB"]}, "geometry": {"type": "Polygon", "coordinates": [[[-3.501984626893357, 50.682742312507585], [-3.4995550324796176, 50.68270368201039], [-3.5003317428526315, 50.68168960092999], [-3.5019946733683813, 50.68151453256341], [-3.5020551694037536, 50.68178584426092], [-3.5019924246476797, 50.68272988009762], [-3.501984626893357, 50.682742312507585]]]}}, {"type": "Feature", "properties": {"type": "postcode-cell", "postcode": "EX6 8SY", "postcodes": ["EX6 8SY"]}, "geometry": {"type": "Polygon", "coordinates": [[[-3.5019946733683813, 50.68151453256341], [-3.5003317428526315, 50.68168960092999], [-3.4995275779803596, 50.68129095451957], [-3.499600003419551, 50.680840719340544], [-3.501095261534445, 50.68059397253706], [-3.5018006666875903, 50.68067151675055], [-3.5020905012701626, 50.68136818667913], [-3.5019946733683813, 50.68151453256341]]]}}, {"type": "Feature", "properties": {"type": "postcode-cell", "postcode": "EX6 8BD", "postcodes": ["EX6 8BD"]}, "geometry": {"type": "Polygon", "coordinates": [[[-3.497756637443749, 50.67838791300482], [-3.497358640747193, 50.678813271741525], [-3.4960693237617337, 50.67916073805457], [-3.4957187650748285, 50.67904492904184], [-3.495315775849833, 50.67852052153225], [-3.4967002738840054, 50.67768866331236], [-3.497008701023147, 50.677584333789156], [-3.4980894415076103, 50.67736894782731], [-3.497964172441149, 50.678080820409], [-3.497756637443749, 50.67838791300482]]]}}, {"type": "Feature", "properties": {"type": "postcode-cell", "postcode": "EX6 8SS", "postcodes": ["EX6 8SS"]}, "geometry": {"type": "Polygon", "coordinates": [[[-3.497964172441149, 50.678080820409], [-3.4995948570909405, 50.67969656469688], [-3.4990994991298874, 50.68000930463976], [-3.498625026260912, 50.6799800939765], [-3.497756637443749, 50.67838791300482], [-3.497964172441149, 50.678080820409]]]}}, {"type": "Feature", "properties": {"type": "postcode-cell", "postcode": "EX6 8SW", "postcodes": ["EX6 8SW"]}, "geometry": {"type": "Polygon", "coordinates": [[[-3.500383512575021, 50.67951814728654], [-3.499871943857569, 50.67957975878505], [-3.5003181529146907, 50.67770310766932], [-3.5008349179213885, 50.67771746895444], [-3.5012584966355034, 50.67923265820102], [-3.500383512575021, 50.67951814728654]]]}}, {"type": "Feature", "properties": {"type": "postcode-cell", "postcode": "EX6 8AL", "postcodes": ["EX6 8AL"]}, "geometry": {"type": "Polygon", "coordinates": [[[-3.497358640747193, 50.678813271741525], [-3.497756637443749, 50.67838791300482], [-3.498625026260912, 50.6799800939765], [-3.4981297105146933, 50.68002923250649], [-3.4973358814958186, 50.679699332296764], [-3.497358640747193, 50.678813271741525]]]}}, {"type": "Feature", "properties": {"type": "postcode-cell", "postcode": "EX6 8AN", "postcodes": ["EX6 8AN"]}, "geometry": {"type": "Polygon", "coordinates": [[[-3.4973358814958186, 50.679699332296764], [-3.4963468315581774, 50.68010435822821], [-3.4959635428001095, 50.67994098157541], [-3.4960693237617337, 50.67916073805457], [-3.497358640747193, 50.678813271741525], [-3.4973358814958186, 50.679699332296764]]]}}, {"type": "Feature", "properties": {"type": "postcode-cell", "postcode": "EX6 8FF", "postcodes": ["EX6 8FF"]}, "geometry": {"type": "Polygon", "coordinates": [[[-3.4990152025427745, 50.68739820095126], [-3.4943985594593245, 50.68966109232493], [-3.4927599897407267, 50.688889994716945], [-3.4927299897408415, 50.688609994716735], [-3.4906522759580927, 50.688326294853944], [-3.49086411147118, 50.68810341978063], [-3.498552372729928, 50.68301630714593], [-3.4986557099237805, 50.68301581481851], [-3.499985611110964, 50.684902585809546], [-3.4990152025427745, 50.68739820095126]]]}}, {"type": "Feature", "properties": {"type": "postcode-cell", "postcode": "EX6 8ST", "postcodes": ["EX6 8ST"]}, "geometry": {"type": "Polygon", "coordinates": [[[-3.499871943857569, 50.67957975878505], [-3.499618644659831, 50.67969334085739], [-3.4995948570909405, 50.67969656469688], [-3.497964172441149, 50.678080820409], [-3.4980894415076103, 50.67736894782731], [-3.4981038044241974, 50.67735603529234], [-3.5003181529146907, 50.67770310766932], [-3.499871943857569, 50.67957975878505]]]}}, {"type": "Feature", "properties": {"type": "postcode-cell", "postcode": "EX6 8SU", "postcodes": ["EX6 8SU"]}, "geometry": {"type": "Polygon", "coordinates": [[[-3.501095261534445, 50.68059397253706], [-3.499600003419551, 50.680840719340544], [-3.499245127235217, 50.68055021673439], [-3.4990994991298874, 50.68000930463976], [-3.4995948570909405, 50.67969656469688], [-3.499618644659831, 50.67969334085739], [-3.501095261534445, 50.68059397253706]]]}}, {"type": "Feature", "properties": {"type": "postcode-cell", "postcode": "EX6 8SZ", "postcodes": ["EX6 8SZ"]}, "geometry": {"type": "Polygon", "coordinates": [[[-3.4995275779803596, 50.68129095451957], [-3.4984734174242567, 50.681646565110505], [-3.497480914754075, 50.6811406042084], [-3.499245127235217, 50.68055021673439], [-3.499600003419551, 50.680840719340544], [-3.4995275779803596, 50.68129095451957]]]}}, {"type": "Feature", "properties": {"type": "postcode-cell", "postcode": "EX6 8SR", "postcodes": ["EX6 8SR"]}, "geometry": {"type": "Polygon", "coordinates": [[[-3.499245127235217, 50.68055021673439], [-3.497480914754075, 50.6811406042084], [-3.497324919309588, 50.681104149086316], [-3.4981297105146933, 50.68002923250649], [-3.498625026260912, 50.6799800939765], [-3.4990994991298874, 50.68000930463976], [-3.499245127235217, 50.68055021673439]]]}}, {"type": "Feature", "properties": {"type": "postcode-cell", "postcode": "EX6 8AW", "postcodes": ["EX6 8AW"]}, "geometry": {"type": "Polygon", "coordinates": [[[-3.497324919309588, 50.681104149086316], [-3.496680230869859, 50.681135997510836], [-3.4963468315581774, 50.68010435822821], [-3.4973358814958186, 50.679699332296764], [-3.4981297105146933, 50.68002923250649], [-3.497324919309588, 50.681104149086316]]]}}, {"type": "Feature", "properties": {"type": "postcode-cell", "postcode": "EX6 8DG", "postcodes": ["EX6 8DG"]}, "geometry": {"type": "Polygon", "coordinates": [[[-3.4980894415076103, 50.67736894782731], [-3.497008701023147, 50.677584333789156], [-3.495045515777913, 50.67721259625427], [-3.494426715445281, 50.67686512349658], [-3.4975819925794265, 50.67554591672615], [-3.4981038044241974, 50.67735603529234], [-3.4980894415076103, 50.67736894782731]]]}}, {"type": "Feature", "properties": {"type": "postcode-cell", "postcode": "EX6 8FG", "postcodes": ["EX6 8FG"]}, "geometry": {"type": "Polygon", "coordinates": [[[-3.498552372729928, 50.68301630714593], [-3.49086411147118, 50.68810341978063], [-3.4948692192294852, 50.68337062328227], [-3.497691719346901, 50.68288702776854], [-3.498552372729928, 50.68301630714593]]]}}, {"type": "Feature", "properties": {"type": "postcode-cell", "postcode": "EX6 8BH", "postcodes": ["EX6 8BH"]}, "geometry": {"type": "Polygon", "coordinates": [[[-3.4906522759580927, 50.688326294853944], [-3.4904387992526176, 50.688297143538556], [-3.493069294112163, 50.68202433251511], [-3.4948672250274075, 50.682550202539815], [-3.4948692192294852, 50.68337062328227], [-3.49086411147118, 50.68810341978063], [-3.4906522759580927, 50.688326294853944]]]}}, {"type": "Feature", "properties": {"type": "postcode-cell", "postcode": "EX6 8AP", "postcodes": ["EX6 8AP"]}, "geometry": {"type": "Polygon", "coordinates": [[[-3.4966554150253932, 50.68114977905805], [-3.494831359601482, 50.680704145109964], [-3.494609595616885, 50.68019107379329], [-3.495197476686564, 50.67994681156454], [-3.4959635428001095, 50.67994098157541], [-3.4963468315581774, 50.68010435822821], [-3.496680230869859, 50.681135997510836], [-3.4966554150253932, 50.68114977905805]]]}}, {"type": "Feature", "properties": {"type": "postcode-cell", "postcode": "EX6 8FJ", "postcodes": ["EX6 8FJ"]}, "geometry": {"type": "Polygon", "coordinates": [[[-3.497691719346901, 50.68288702776854], [-3.4948692192294852, 50.68337062328227], [-3.4948672250274075, 50.682550202539815], [-3.4951351195209224, 50.682056857778754], [-3.4963134137725187, 50.68157642946773], [-3.497691719346901, 50.68288702776854]]]}}, {"type": "Feature", "properties": {"type": "postcode-cell", "postcode": "EX6 8AF", "postcodes": ["EX6 8AF"]}, "geometry": {"type": "Polygon", "coordinates": [[[-3.4948672250274075, 50.682550202539815], [-3.493069294112163, 50.68202433251511], [-3.4928631539083383, 50.68178550671587], [-3.4941365342298223, 50.68132511983234], [-3.4941775075561035, 50.681329492770175], [-3.4951351195209224, 50.682056857778754], [-3.4948672250274075, 50.682550202539815]]]}}, {"type": "Feature", "properties": {"type": "postcode-cell", "postcode": "EX6 8AJ", "postcodes": ["EX6 8AJ"]}, "geometry": {"type": "Polygon", "coordinates": [[[-3.4959635428001095, 50.67994098157541], [-3.495197476686564, 50.67994681156454], [-3.4950269709213373, 50.67948294250965], [-3.4952351489216573, 50.67923821043348], [-3.4957187650748285, 50.67904492904184], [-3.4960693237617337, 50.67916073805457], [-3.4959635428001095, 50.67994098157541]]]}}, {"type": "Feature", "properties": {"type": "postcode-cell", "postcode": "EX6 8AR", "postcodes": ["EX6 8AR"]}, "geometry": {"type": "Polygon", "coordinates": [[[-3.4951351195209224, 50.682056857778754], [-3.4941775075561035, 50.681329492770175], [-3.494831359601482, 50.680704145109964], [-3.4966554150253932, 50.68114977905805], [-3.4963134137725187, 50.68157642946773], [-3.4951351195209224, 50.682056857778754]]]}}, {"type": "Feature", "properties": {"type": "postcode-cell", "postcode": "EX6 8DW", "postcodes": ["EX6 8DW"]}, "geometry": {"type": "Polygon", "coordinates": [[[-3.4991055110445006, 50.67282324637075], [-3.497589834163806, 50.674632596283736], [-3.494750509076278, 50.67507925503226], [-3.493708358876358, 50.67489784584111], [-3.4925808235354254, 50.67351712377116], [-3.492452317571593, 50.67255613967838], [-3.4990210724543154, 50.67261464358471], [-3.4991055110445006, 50.67282324637075]]]}}, {"type": "Feature", "properties": {"type": "postcode-cell", "postcode": "EX6 8DB", "postcodes": ["EX6 8DB"]}, "geometry": {"type": "Polygon", "coordinates": [[[-3.4952351489216573, 50.67923821043348], [-3.4943733947538207, 50.678793358834334], [-3.4943264094885973, 50.67857652877723], [-3.4945480357939807, 50.67853475290439], [-3.495315775849833, 50.67852052153225], [-3.4957187650748285, 50.67904492904184], [-3.4952351489216573, 50.67923821043348]]]}}, {"type": "Feature", "properties": {"type": "postcode-cell", "postcode": "EX6 8HU", "postcodes": ["EX6 8HU"]}, "geometry": {"type": "Polygon", "coordinates": [[[-3.495197476686564, 50.67994681156454], [-3.494609595616885, 50.68019107379329], [-3.493334851591726, 50.67997227801075], [-3.4943061937609348, 50.679235528622904], [-3.4950269709213373, 50.67948294250965], [-3.495197476686564, 50.67994681156454]]]}}, {"type": "Feature", "properties": {"type": "postcode-cell", "postcode": "EX6 8DE", "postcodes": ["EX6 8DE"]}, "geometry": {"type": "Polygon", "coordinates": [[[-3.495045515777913, 50.67721259625427], [-3.494814720476818, 50.67745629860319], [-3.4945599024571754, 50.67746594334316], [-3.493844713209169, 50.67704616417634], [-3.494147919673427, 50.676886256279786], [-3.494426715445281, 50.67686512349658], [-3.495045515777913, 50.67721259625427]]]}}, {"type": "Feature", "properties": {"type": "postcode-cell", "postcode": "EX6 8DD", "postcodes": ["EX6 8DD"]}, "geometry": {"type": "Polygon", "coordinates": [[[-3.4952351489216573, 50.67923821043348], [-3.4950269709213373, 50.67948294250965], [-3.4943061937609348, 50.679235528622904], [-3.4943733947538207, 50.678793358834334], [-3.4952351489216573, 50.67923821043348]]]}}, {"type": "Feature", "properties": {"type": "postcode-cell", "postcode": "EX6 8BU", "postcodes": ["EX6 8BU"]}, "geometry": {"type": "Polygon", "coordinates": [[[-3.495315775849833, 50.67852052153225], [-3.4945480357939807, 50.67853475290439], [-3.4946029897998745, 50.67842597098864], [-3.494931521034943, 50.677795596725474], [-3.4951495604542413, 50.67773906083948], [-3.4967002738840054, 50.67768866331236], [-3.495315775849833, 50.67852052153225]]]}}, {"type": "Feature", "properties": {"type": "postcode-cell", "postcode": "EX6 8BT", "postcodes": ["EX6 8BT"]}, "geometry": {"type": "Polygon", "coordinates": [[[-3.4945480357939807, 50.67853475290439], [-3.4943264094885973, 50.67857652877723], [-3.494284214167641, 50.67856470901466], [-3.494259195695295, 50.67781839852131], [-3.4945859084487467, 50.677741178167516], [-3.4946029897561877, 50.677744115109974], [-3.4946029897998745, 50.67842597098864], [-3.4945480357939807, 50.67853475290439]]]}}, {"type": "Feature", "properties": {"type": "postcode-cell", "postcode": "EX6 8BY", "postcodes": ["EX6 8BY"]}, "geometry": {"type": "Polygon", "coordinates": [[[-3.4967002738840054, 50.67768866331236], [-3.4951495604542413, 50.67773906083948], [-3.494814720476818, 50.67745629860319], [-3.495045515777913, 50.67721259625427], [-3.497008701023147, 50.677584333789156], [-3.4967002738840054, 50.67768866331236]]]}}, {"type": "Feature", "properties": {"type": "postcode-cell", "postcode": "EX6 8AD", "postcodes": ["EX6 8AD"]}, "geometry": {"type": "Polygon", "coordinates": [[[-3.494609595616885, 50.68019107379329], [-3.494831359601482, 50.680704145109964], [-3.4941775075561035, 50.681329492770175], [-3.4941365342298223, 50.68132511983234], [-3.4928509284653764, 50.68047076014245], [-3.492849204496119, 50.680049694278146], [-3.4930148148960405, 50.67999581755394], [-3.493334851591726, 50.67997227801075], [-3.494609595616885, 50.68019107379329]]]}}, {"type": "Feature", "properties": {"type": "postcode-cell", "postcode": "EX6 8DF", "postcodes": ["EX6 8DF"]}, "geometry": {"type": "Polygon", "coordinates": [[[-3.4943264094885973, 50.67857652877723], [-3.4943733947538207, 50.678793358834334], [-3.4943061937609348, 50.679235528622904], [-3.493334851591726, 50.67997227801075], [-3.4930148148960405, 50.67999581755394], [-3.493318881727122, 50.67870990066124], [-3.493921059507838, 50.67854483037167], [-3.494284214167641, 50.67856470901466], [-3.4943264094885973, 50.67857652877723]]]}}, {"type": "Feature", "properties": {"type": "postcode-cell", "postcode": "EX6 8BX", "postcodes": ["EX6 8BX"]}, "geometry": {"type": "Polygon", "coordinates": [[[-3.494931521034943, 50.677795596725474], [-3.4946029897561877, 50.677744115109974], [-3.4945859084487467, 50.677741178167516], [-3.4945599024571754, 50.67746594334316], [-3.494814720476818, 50.67745629860319], [-3.4951495604542413, 50.67773906083948], [-3.494931521034943, 50.677795596725474]]]}}, {"type": "Feature", "properties": {"type": "postcode-cell", "postcode": "EX6 8XE", "postcodes": ["EX6 8XE", "EX6 8XX"]}, "geometry": {"type": "Polygon", "coordinates": [[[-3.494931521034943, 50.677795596725474], [-3.4946029897998745, 50.67842597098864], [-3.4946029897561877, 50.677744115109974], [-3.494931521034943, 50.677795596725474]]]}}, {"type": "Feature", "properties": {"type": "postcode-cell", "postcode": "EX6 8DA", "postcodes": ["EX6 8DA"]}, "geometry": {"type": "Polygon", "coordinates": [[[-3.4945859084487467, 50.677741178167516], [-3.494259195695295, 50.67781839852131], [-3.493426205621225, 50.677399394833564], [-3.49352432174283, 50.67714118118239], [-3.493844713209169, 50.67704616417634], [-3.4945599024571754, 50.67746594334316], [-3.4945859084487467, 50.677741178167516]]]}}, {"type": "Feature", "properties": {"type": "postcode-cell", "postcode": "EX6 8GA", "postcodes": ["EX6 8GA"]}, "geometry": {"type": "Polygon", "coordinates": [[[-3.4990210724543154, 50.67261464358471], [-3.492452317571593, 50.67255613967838], [-3.4910577856715954, 50.672175885717074], [-3.489768925216848, 50.67143229939303], [-3.4890485234248017, 50.669407049360736], [-3.4911143812561805, 50.665596021025756], [-3.4911246152645714, 50.665586880781376], [-3.495551865595349, 50.66452404652099], [-3.500039153846943, 50.66835298407795], [-3.4990210724543154, 50.67261464358471]]]}}, {"type": "Feature", "properties": {"type": "postcode-cell", "postcode": "EX6 8DN", "postcodes": ["EX6 8DN"]}, "geometry": {"type": "Polygon", "coordinates": [[[-3.49352432174283, 50.67714118118239], [-3.492458090430632, 50.67658155171114], [-3.4925422433661595, 50.6762476635741], [-3.4939254534104656, 50.67582636480021], [-3.494147919673427, 50.676886256279786], [-3.493844713209169, 50.67704616417634], [-3.49352432174283, 50.67714118118239]]]}}, {"type": "Feature", "properties": {"type": "postcode-cell", "postcode": "EX6 8BZ", "postcodes": ["EX6 8BZ"]}, "geometry": {"type": "Polygon", "coordinates": [[[-3.494284214167641, 50.67856470901466], [-3.493921059507838, 50.67854483037167], [-3.493168875213522, 50.67763264572775], [-3.493426205621225, 50.677399394833564], [-3.494259195695295, 50.67781839852131], [-3.494284214167641, 50.67856470901466]]]}}, {"type": "Feature", "properties": {"type": "postcode-cell", "postcode": "EX6 8AE", "postcodes": ["EX6 8AE"]}, "geometry": {"type": "Polygon", "coordinates": [[[-3.4928631539083383, 50.68178550671587], [-3.492311907804291, 50.68163841867872], [-3.49218435208204, 50.681438204538125], [-3.4921691497506395, 50.681297470485774], [-3.4928509284653764, 50.68047076014245], [-3.4941365342298223, 50.68132511983234], [-3.4928631539083383, 50.68178550671587]]]}}, {"type": "Feature", "properties": {"type": "postcode-cell", "postcode": "EX6 8DU", "postcodes": ["EX6 8DU"]}, "geometry": {"type": "Polygon", "coordinates": [[[-3.490001059064542, 50.67480333025827], [-3.4899911945578577, 50.67480489399255], [-3.489771181238472, 50.67474388461334], [-3.4896937076112997, 50.67445657958292], [-3.490932945637185, 50.672766769537375], [-3.491015383264947, 50.67442379680913], [-3.490001059064542, 50.67480333025827]]]}}, {"type": "Feature", "properties": {"type": "postcode-cell", "postcode": "EX6 8DT", "postcodes": ["EX6 8DT"]}, "geometry": {"type": "Polygon", "coordinates": [[[-3.491015383264947, 50.67442379680913], [-3.491872462564428, 50.67468229452356], [-3.492092515102819, 50.674917216483976], [-3.491045159517981, 50.675154042018946], [-3.490001059064542, 50.67480333025827], [-3.491015383264947, 50.67442379680913]]]}}, {"type": "Feature", "properties": {"type": "postcode-cell", "postcode": "EX6 8JN", "postcodes": ["EX6 8JN"]}, "geometry": {"type": "Polygon", "coordinates": [[[-3.4991034397552694, 50.6590764861177], [-3.495551865595349, 50.66452404652099], [-3.4911246152645714, 50.665586880781376], [-3.4846354501096717, 50.66308629952924], [-3.490030545190062, 50.65693240858733], [-3.498695503214175, 50.65828870148582], [-3.4991034397552694, 50.6590764861177]]]}}, {"type": "Feature", "properties": {"type": "postcode-cell", "postcode": "EX6 8DR", "postcodes": ["EX6 8DR"]}, "geometry": {"type": "Polygon", "coordinates": [[[-3.4925422433661595, 50.6762476635741], [-3.492450576608565, 50.67615800266135], [-3.493010172474842, 50.67496909689416], [-3.493708358876358, 50.67489784584111], [-3.494750509076278, 50.67507925503226], [-3.4939254534104656, 50.67582636480021], [-3.4925422433661595, 50.6762476635741]]]}}, {"type": "Feature", "properties": {"type": "postcode-cell", "postcode": "EX6 8EF", "postcodes": ["EX6 8EF"]}, "geometry": {"type": "Polygon", "coordinates": [[[-3.493921059507838, 50.67854483037167], [-3.493318881727122, 50.67870990066124], [-3.492697565094182, 50.67857003682174], [-3.4927813301158754, 50.677752443849165], [-3.493168875213522, 50.67763264572775], [-3.493921059507838, 50.67854483037167]]]}}, {"type": "Feature", "properties": {"type": "postcode-cell", "postcode": "EX6 8DL", "postcodes": ["EX6 8DL"]}, "geometry": {"type": "Polygon", "coordinates": [[[-3.493426205621225, 50.677399394833564], [-3.493168875213522, 50.67763264572775], [-3.4927813301158754, 50.677752443849165], [-3.4913545998058444, 50.67767946983388], [-3.490546172457932, 50.67735417790253], [-3.490672146835623, 50.67722150543535], [-3.492458090430632, 50.67658155171114], [-3.49352432174283, 50.67714118118239], [-3.493426205621225, 50.677399394833564]]]}}, {"type": "Feature", "properties": {"type": "postcode-cell", "postcode": "EX6 8FH", "postcodes": ["EX6 8FH"]}, "geometry": {"type": "Polygon", "coordinates": [[[-3.492311907804291, 50.68163841867872], [-3.4928631539083383, 50.68178550671587], [-3.493069294112163, 50.68202433251511], [-3.4904387992526176, 50.688297143538556], [-3.4902399897394347, 50.688269994716514], [-3.4878199897376154, 50.688879994717006], [-3.4848236082116975, 50.688384423666804], [-3.492311907804291, 50.68163841867872]]]}}, {"type": "Feature", "properties": {"type": "postcode-cell", "postcode": "EX6 8DJ", "postcodes": ["EX6 8DJ"]}, "geometry": {"type": "Polygon", "coordinates": [[[-3.492849204496119, 50.680049694278146], [-3.4911328087485787, 50.67962273128715], [-3.4920363960398446, 50.67868528380812], [-3.492697565094182, 50.67857003682174], [-3.493318881727122, 50.67870990066124], [-3.4930148148960405, 50.67999581755394], [-3.492849204496119, 50.680049694278146]]]}}, {"type": "Feature", "properties": {"type": "postcode-cell", "postcode": "EX6 8AH", "postcodes": ["EX6 8AH"]}, "geometry": {"type": "Polygon", "coordinates": [[[-3.4921691497506395, 50.681297470485774], [-3.487840171084644, 50.67984832565986], [-3.4911328087485787, 50.67962273128715], [-3.492849204496119, 50.680049694278146], [-3.4928509284653764, 50.68047076014245], [-3.4921691497506395, 50.681297470485774]]]}}, {"type": "Feature", "properties": {"type": "postcode-cell", "postcode": "EX6 8BP", "postcodes": ["EX6 8BP"]}, "geometry": {"type": "Polygon", "coordinates": [[[-3.4925422433661595, 50.6762476635741], [-3.492458090430632, 50.67658155171114], [-3.490672146835623, 50.67722150543535], [-3.490631087046336, 50.67629101958748], [-3.4919380950368604, 50.675853729128924], [-3.492450576608565, 50.67615800266135], [-3.4925422433661595, 50.6762476635741]]]}}, {"type": "Feature", "properties": {"type": "postcode-cell", "postcode": "EX6 8DP", "postcodes": ["EX6 8DP"]}, "geometry": {"type": "Polygon", "coordinates": [[[-3.493708358876358, 50.67489784584111], [-3.493010172474842, 50.67496909689416], [-3.4921219025201857, 50.674933769593075], [-3.492092515102819, 50.674917216483976], [-3.491872462564428, 50.67468229452356], [-3.4925808235354254, 50.67351712377116], [-3.493708358876358, 50.67489784584111]]]}}, {"type": "Feature", "properties": {"type": "postcode-cell", "postcode": "EX6 8BW", "postcodes": ["EX6 8BW"]}, "geometry": {"type": "Polygon", "coordinates": [[[-3.492452317571593, 50.67255613967838], [-3.4925808235354254, 50.67351712377116], [-3.491872462564428, 50.67468229452356], [-3.491015383264947, 50.67442379680913], [-3.490932945637185, 50.672766769537375], [-3.4910577856715954, 50.672175885717074], [-3.492452317571593, 50.67255613967838]]]}}, {"type": "Feature", "properties": {"type": "postcode-cell", "postcode": "EX6 8DH", "postcodes": ["EX6 8DH"]}, "geometry": {"type": "Polygon", "coordinates": [[[-3.4920363960398446, 50.67868528380812], [-3.4913545998058444, 50.67767946983388], [-3.4927813301158754, 50.677752443849165], [-3.492697565094182, 50.67857003682174], [-3.4920363960398446, 50.67868528380812]]]}}, {"type": "Feature", "properties": {"type": "postcode-cell", "postcode": "EX6 8BR", "postcodes": ["EX6 8BR"]}, "geometry": {"type": "Polygon", "coordinates": [[[-3.492450576608565, 50.67615800266135], [-3.4919380950368604, 50.675853729128924], [-3.4917940421373017, 50.675620353598234], [-3.4921219025201857, 50.674933769593075], [-3.493010172474842, 50.67496909689416], [-3.492450576608565, 50.67615800266135]]]}}, {"type": "Feature", "properties": {"type": "postcode-cell", "postcode": "EX6 8AQ", "postcodes": ["EX6 8AQ"]}, "geometry": {"type": "Polygon", "coordinates": [[[-3.49218435208204, 50.681438204538125], [-3.4816067904614427, 50.682598505414234], [-3.4835907490887466, 50.680213949057354], [-3.4855558931113024, 50.679809373054276], [-3.487840171084644, 50.67984832565986], [-3.4921691497506395, 50.681297470485774], [-3.49218435208204, 50.681438204538125]]]}}, {"type": "Feature", "properties": {"type": "postcode-cell", "postcode": "EX6 8DQ", "postcodes": ["EX6 8DQ"]}, "geometry": {"type": "Polygon", "coordinates": [[[-3.4911328087485787, 50.67962273128715], [-3.487840171084644, 50.67984832565986], [-3.4855558931113024, 50.679809373054276], [-3.489822380335737, 50.67755229280715], [-3.490546172457932, 50.67735417790253], [-3.4913545998058444, 50.67767946983388], [-3.4920363960398446, 50.67868528380812], [-3.4911328087485787, 50.67962273128715]]]}}, {"type": "Feature", "properties": {"type": "postcode-cell", "postcode": "EX6 8UD", "postcodes": ["EX6 8UD"]}, "geometry": {"type": "Polygon", "coordinates": [[[-3.490932945637185, 50.672766769537375], [-3.4896937076112997, 50.67445657958292], [-3.487939256262843, 50.67299528044608], [-3.489768925216848, 50.67143229939303], [-3.4910577856715954, 50.672175885717074], [-3.490932945637185, 50.672766769537375]]]}}, {"type": "Feature", "properties": {"type": "postcode-cell", "postcode": "EX6 8DS", "postcodes": ["EX6 8DS"]}, "geometry": {"type": "Polygon", "coordinates": [[[-3.4921219025201857, 50.674933769593075], [-3.4917940421373017, 50.675620353598234], [-3.490981424909879, 50.6755803702973], [-3.491045159517981, 50.675154042018946], [-3.492092515102819, 50.674917216483976], [-3.4921219025201857, 50.674933769593075]]]}}, {"type": "Feature", "properties": {"type": "postcode-cell", "postcode": "EX6 8BN", "postcodes": ["EX6 8BN"]}, "geometry": {"type": "Polygon", "coordinates": [[[-3.490631087046336, 50.67629101958748], [-3.4902940196250167, 50.67578286616808], [-3.490981424909879, 50.6755803702973], [-3.4917940421373017, 50.675620353598234], [-3.4919380950368604, 50.675853729128924], [-3.490631087046336, 50.67629101958748]]]}}, {"type": "Feature", "properties": {"type": "postcode-cell", "postcode": "EX6 8EG", "postcodes": ["EX6 8EG"]}, "geometry": {"type": "Polygon", "coordinates": [[[-3.490981424909879, 50.6755803702973], [-3.4902940196250167, 50.67578286616808], [-3.4902140154604, 50.67574920509317], [-3.4899911945578577, 50.67480489399255], [-3.490001059064542, 50.67480333025827], [-3.491045159517981, 50.675154042018946], [-3.490981424909879, 50.6755803702973]]]}}, {"type": "Feature", "properties": {"type": "postcode-cell", "postcode": "EX6 8UB", "postcodes": ["EX6 8UB"]}, "geometry": {"type": "Polygon", "coordinates": [[[-3.490546172457932, 50.67735417790253], [-3.489822380335737, 50.67755229280715], [-3.4889764105267957, 50.67592321712255], [-3.4902140154604, 50.67574920509317], [-3.4902940196250167, 50.67578286616808], [-3.490631087046336, 50.67629101958748], [-3.490672146835623, 50.67722150543535], [-3.490546172457932, 50.67735417790253]]]}}, {"type": "Feature", "properties": {"type": "postcode-cell", "postcode": "EX6 8UA", "postcodes": ["EX6 8UA"]}, "geometry": {"type": "Polygon", "coordinates": [[[-3.489822380335737, 50.67755229280715], [-3.4855558931113024, 50.679809373054276], [-3.4835907490887466, 50.680213949057354], [-3.4833469889575146, 50.67754682085939], [-3.488365828495894, 50.67584633580378], [-3.4886829010905167, 50.675835323408855], [-3.4889764105267957, 50.67592321712255], [-3.489822380335737, 50.67755229280715]]]}}, {"type": "Feature", "properties": {"type": "postcode-cell", "postcode": "EX6 8DX", "postcodes": ["EX6 8DX"]}, "geometry": {"type": "Polygon", "coordinates": [[[-3.4886829010905167, 50.675835323408855], [-3.4892835036522003, 50.67483799287814], [-3.489771181238472, 50.67474388461334], [-3.4899911945578577, 50.67480489399255], [-3.4902140154604, 50.67574920509317], [-3.4889764105267957, 50.67592321712255], [-3.4886829010905167, 50.675835323408855]]]}}, {"type": "Feature", "properties": {"type": "postcode-cell", "postcode": "EX6 8UE", "postcodes": ["EX6 8UE"]}, "geometry": {"type": "Polygon", "coordinates": [[[-3.4896937076112997, 50.67445657958292], [-3.489771181238472, 50.67474388461334], [-3.4892835036522003, 50.67483799287814], [-3.4878389915427537, 50.6745861405362], [-3.4863850077074527, 50.673879553784154], [-3.487939256262843, 50.67299528044608], [-3.4896937076112997, 50.67445657958292]]]}}, {"type": "Feature", "properties": {"type": "postcode-cell", "postcode": "EX6 8EA", "postcodes": ["EX6 8EA"]}, "geometry": {"type": "Polygon", "coordinates": [[[-3.489768925216848, 50.67143229939303], [-3.487939256262843, 50.67299528044608], [-3.4863850077074527, 50.673879553784154], [-3.482261816092274, 50.67478101431932], [-3.478736043600838, 50.6722977951195], [-3.4890485234248017, 50.669407049360736], [-3.489768925216848, 50.67143229939303]]]}}, {"type": "Feature", "properties": {"type": "postcode-cell", "postcode": "EX6 8DY", "postcodes": ["EX6 8DY"]}, "geometry": {"type": "Polygon", "coordinates": [[[-3.4892835036522003, 50.67483799287814], [-3.4886829010905167, 50.675835323408855], [-3.488365828495894, 50.67584633580378], [-3.4878389915427537, 50.6745861405362], [-3.4892835036522003, 50.67483799287814]]]}}, {"type": "Feature", "properties": {"type": "postcode-cell", "postcode": "EX6 8EB", "postcodes": ["EX6 8EB"]}, "geometry": {"type": "Polygon", "coordinates": [[[-3.4890485234248017, 50.669407049360736], [-3.478736043600838, 50.6722977951195], [-3.4734190645562015, 50.67071796849124], [-3.4742476356029823, 50.66928301323222], [-3.4911143812561805, 50.665596021025756], [-3.4890485234248017, 50.669407049360736]]]}}, {"type": "Feature", "properties": {"type": "postcode-cell", "postcode": "EX6 8SH", "postcodes": ["EX6 8SH"]}, "geometry": {"type": "Polygon", "coordinates": [[[-3.490030545190062, 50.65693240858733], [-3.4846354501096717, 50.66308629952924], [-3.479926014329489, 50.66145825597702], [-3.482753901882564, 50.65806028857781], [-3.4874800801658568, 50.65646464719083], [-3.490030545190062, 50.65693240858733]]]}}, {"type": "Feature", "properties": {"type": "postcode-cell", "postcode": "EX6 8UZ", "postcodes": ["EX6 8UZ"]}, "geometry": {"type": "Polygon", "coordinates": [[[-3.4878389915427537, 50.6745861405362], [-3.488365828495894, 50.67584633580378], [-3.4833469889575146, 50.67754682085939], [-3.482261816092274, 50.67478101431932], [-3.4863850077074527, 50.673879553784154], [-3.4878389915427537, 50.6745861405362]]]}}, {"type": "Feature", "properties": {"type": "postcode-cell", "postcode": "EX6 8JW", "postcodes": ["EX6 8JW"]}, "geometry": {"type": "Polygon", "coordinates": [[[-3.482753901882564, 50.65806028857781], [-3.476945441860004, 50.65355532277187], [-3.4860387259673775, 50.653580193021426], [-3.4874800801658568, 50.65646464719083], [-3.482753901882564, 50.65806028857781]]]}}, {"type": "Feature", "properties": {"type": "postcode-cell", "postcode": "EX6 8ED", "postcodes": ["EX6 8ED"]}, "geometry": {"type": "Polygon", "coordinates": [[[-3.4911143812561805, 50.665596021025756], [-3.4742476356029823, 50.66928301323222], [-3.475090501505372, 50.66244441818192], [-3.479926014329489, 50.66145825597702], [-3.4846354501096717, 50.66308629952924], [-3.4911246152645714, 50.665586880781376], [-3.4911143812561805, 50.665596021025756]]]}}, {"type": "Feature", "properties": {"type": "postcode-cell", "postcode": "EX6 8EE", "postcodes": ["EX6 8EE"]}, "geometry": {"type": "Polygon", "coordinates": [[[-3.4641948326187584, 50.656815382828384], [-3.475090501505372, 50.66244441818192], [-3.4742476356029823, 50.66928301323222], [-3.4734190645562015, 50.67071796849124], [-3.467624007187063, 50.67280666650929], [-3.4677099897351766, 50.66748999470062], [-3.466629989735457, 50.6654899946991], [-3.4667099897360525, 50.66434999469817], [-3.4660799897361665, 50.66328999469739], [-3.467499989736412, 50.6646399946984], [-3.4681899897371737, 50.66394999469785], [-3.467369989736932, 50.66337999469743], [-3.4653699897371957, 50.66020999469498], [-3.462059989735781, 50.65881999469395], [-3.4606699897353574, 50.657879994693246], [-3.4598299897348035, 50.65793999469332], [-3.459504032152635, 50.65780991537983], [-3.4641948326187584, 50.656815382828384]]]}}, {"type": "Feature", "properties": {"type": "postcode-cell", "postcode": "EX6 8JL", "postcodes": ["EX6 8JL"]}, "geometry": {"type": "Polygon", "coordinates": [[[-3.473257574430721, 50.65206050106639], [-3.476945441860004, 50.65355532277187], [-3.482753901882564, 50.65806028857781], [-3.479926014329489, 50.66145825597702], [-3.475090501505372, 50.66244441818192], [-3.4641948326187584, 50.656815382828384], [-3.468415888164827, 50.65288618592492], [-3.473257574430721, 50.65206050106639]]]}}, {"type": "Feature", "properties": {"type": "postcode-cell", "postcode": "EX6 8JP", "postcodes": ["EX6 8JP"]}, "geometry": {"type": "Polygon", "coordinates": [[[-3.4860387259673775, 50.653580193021426], [-3.476945441860004, 50.65355532277187], [-3.473257574430721, 50.65206050106639], [-3.4777201025810527, 50.64936186895956], [-3.478349989750281, 50.64991999468673], [-3.478949989750798, 50.6496299946865], [-3.4789499897506366, 50.649969994686764], [-3.479239989750881, 50.649839994686644], [-3.479919989751043, 50.65038999468706], [-3.481449989751843, 50.6507299946873], [-3.482069989752372, 50.65043999468706], [-3.4829099897527374, 50.65077999468729], [-3.4837799897533426, 50.650659994687196], [-3.485169989753877, 50.651369994687734], [-3.48651835043451, 50.651201450172564], [-3.4860387259673775, 50.653580193021426]]]}}, {"type": "Feature", "properties": {"type": "postcode-cell", "postcode": "EX6 8JJ", "postcodes": ["EX6 8JJ"]}, "geometry": {"type": "Polygon", "coordinates": [[[-3.465821505518094, 50.647273022571895], [-3.468415888164827, 50.65288618592492], [-3.4641948326187584, 50.656815382828384], [-3.459504032152635, 50.65780991537983], [-3.4576499897338513, 50.65706999469268], [-3.4565399897335958, 50.656149994691965], [-3.4555899897345905, 50.652829994689405], [-3.4526999897343806, 50.64948999468683], [-3.4512599897346345, 50.64707999468498], [-3.4525699897366167, 50.644659994683074], [-3.4525577769797886, 50.643678957909316], [-3.465821505518094, 50.647273022571895]]]}}]}