{"type": "FeatureCollection", "features": [{"type": "Feature", "properties": {"type": "ward-outline", "name": "Milton & Tamarside"}, "geometry": {"type": "Polygon", "coordinates": [[[-4.21739, 50.83702], [-4.2185, 50.83639], [-4.21862, 50.83569], [-4.21948, 50.8354], [-4.21895, 50.8351], [-4.21963, 50.83471], [-4.21967, 50.83424], [-4.22206, 50.83323], [-4.22265, 50.8306], [-4.22232, 50.82812], [-4.22164, 50.82783], [-4.22194, 50.82733], [-4.22137, 50.82664], [-4.2201, 50.82615], [-4.22037, 50.82528], [-4.21964, 50.82475], [-4.21955, 50.82371], [-4.21906, 50.82359], [-4.21918, 50.82291], [-4.21781, 50.82273], [-4.21781, 50.82237], [-4.21636, 50.82129], [-4.21665, 50.82011], [-4.2178, 50.81965], [-4.21808, 50.81877], [-4.21769, 50.81838], [-4.21956, 50.81751], [-4.22139, 50.81605], [-4.2221, 50.81616], [-4.22213, 50.81559], [-4.22291, 50.81502], [-4.22361, 50.81495], [-4.22397, 50.81447], [-4.22526, 50.81438], [-4.22544, 50.81392], [-4.22573, 50.81418], [-4.22736, 50.81356], [-4.22801, 50.81404], [-4.22825, 50.81338], [-4.22926, 50.8136], [-4.23099, 50.81338], [-4.23096, 50.81271], [-4.23167, 50.81269], [-4.23157, 50.81229], [-4.23219, 50.81182], [-4.23398, 50.81218], [-4.23537, 50.81197], [-4.236, 50.81152], [-4.23915, 50.81062], [-4.23977, 50.80971], [-4.2404, 50.8097], [-4.24032, 50.80923], [-4.24211, 50.80897], [-4.24319, 50.80825], [-4.24389, 50.80835], [-4.24372, 50.80798], [-4.24446, 50.80796], [-4.24449, 50.80763], [-4.24529, 50.80747], [-4.24482, 50.80723], [-4.245, 50.80696], [-4.24606, 50.80685], [-4.24789, 50.80598], [-4.24831, 50.80544], [-4.24924, 50.80497], [-4.24967, 50.80505], [-4.25015, 50.80425], [-4.25102, 50.80415], [-4.25155, 50.80286], [-4.25209, 50.80264], [-4.25208, 50.80176], [-4.25343, 50.7992], [-4.2539, 50.79907], [-4.25628, 50.80003], [-4.25854, 50.80113], [-4.2601, 50.80241], [-4.26215, 50.80237], [-4.26681, 50.80334], [-4.26877, 50.80166], [-4.27424, 50.80452], [-4.27515, 50.80434], [-4.27783, 50.80248], [-4.2781, 50.8019], [-4.28096, 50.80158], [-4.2815, 50.80119], [-4.28124, 50.80081], [-4.28184, 50.80081], [-4.28236, 50.80012], [-4.28388, 50.79986], [-4.28516, 50.79902], [-4.28635, 50.79898], [-4.28738, 50.79805], [-4.28859, 50.79798], [-4.28866, 50.79729], [-4.2902, 50.79671], [-4.29082, 50.79683], [-4.29113, 50.79623], [-4.29192, 50.79617], [-4.2939, 50.79473], [-4.29413, 50.79415], [-4.29605, 50.7936], [-4.29712, 50.79364], [-4.29754, 50.7925], [-4.29861, 50.79184], [-4.29816, 50.79101], [-4.29859, 50.79086], [-4.29888, 50.79003], [-4.29963, 50.78982], [-4.29945, 50.78916], [-4.30074, 50.78729], [-4.30152, 50.78689], [-4.30111, 50.78645], [-4.30238, 50.78585], [-4.3022, 50.78538], [-4.30303, 50.78506], [-4.30297, 50.78472], [-4.30378, 50.78474], [-4.30496, 50.78346], [-4.30617, 50.78316], [-4.30667, 50.78356], [-4.30735, 50.78313], [-4.30807, 50.78538], [-4.3117, 50.7885], [-4.31438, 50.78782], [-4.31879, 50.78741], [-4.31954, 50.78697], [-4.32364, 50.78643], [-4.32666, 50.78638], [-4.32808, 50.78715], [-4.32914, 50.78712], [-4.33051, 50.78634], [-4.33337, 50.78584], [-4.3369, 50.78398], [-4.34263, 50.78445], [-4.34656, 50.78434], [-4.35859, 50.78593], [-4.35893, 50.78617], [-4.35905, 50.78455], [-4.35938, 50.78441], [-4.35997, 50.78481], [-4.36009, 50.78402], [-4.361, 50.78435], [-4.3609, 50.78396], [-4.36142, 50.78386], [-4.36318, 50.78523], [-4.36488, 50.78547], [-4.3668, 50.78633], [-4.36756, 50.78724], [-4.37085, 50.78894], [-4.37314, 50.79064], [-4.37679, 50.79187], [-4.37944, 50.79195], [-4.3818, 50.79088], [-4.38519, 50.79], [-4.38641, 50.78875], [-4.38751, 50.78852], [-4.38826, 50.78743], [-4.38906, 50.7847], [-4.39146, 50.78161], [-4.39323, 50.77792], [-4.39356, 50.77823], [-4.40081, 50.77659], [-4.413, 50.7752], [-4.41442, 50.7744], [-4.41399, 50.77298], [-4.41314, 50.77256], [-4.41345, 50.77176], [-4.41273, 50.7714], [-4.41311, 50.77132], [-4.41221, 50.77094], [-4.41227, 50.77052], [-4.41151, 50.7699], [-4.41088, 50.77002], [-4.40987, 50.76972], [-4.40974, 50.76904], [-4.41016, 50.76908], [-4.41018, 50.76883], [-4.40928, 50.76817], [-4.41003, 50.76736], [-4.41003, 50.76678], [-4.40919, 50.76634], [-4.40979, 50.76605], [-4.40924, 50.7644], [-4.40979, 50.76421], [-4.40901, 50.76344], [-4.40872, 50.76242], [-4.40957, 50.76258], [-4.41009, 50.76302], [-4.40993, 50.76332], [-4.4105, 50.76334], [-4.4109, 50.76376], [-4.41148, 50.76333], [-4.41218, 50.764], [-4.41308, 50.76369], [-4.41354, 50.76441], [-4.41421, 50.7646], [-4.41485, 50.76454], [-4.41505, 50.76408], [-4.41528, 50.76438], [-4.41654, 50.76421], [-4.41647, 50.76488], [-4.41721, 50.76486], [-4.41756, 50.76514], [-4.41852, 50.7649], [-4.41934, 50.76508], [-4.42195, 50.76427], [-4.4234, 50.76477], [-4.42395, 50.76455], [-4.4239, 50.76497], [-4.42696, 50.76702], [-4.42684, 50.7673], [-4.42819, 50.76747], [-4.42721, 50.76829], [-4.42773, 50.76897], [-4.42942, 50.76882], [-4.42993, 50.76939], [-4.43052, 50.76894], [-4.43162, 50.76881], [-4.43244, 50.76921], [-4.43207, 50.76944], [-4.4323, 50.76977], [-4.43269, 50.76955], [-4.43316, 50.76971], [-4.43294, 50.77023], [-4.43405, 50.77011], [-4.43349, 50.77085], [-4.43454, 50.77114], [-4.43486, 50.772], [-4.43626, 50.77229], [-4.43626, 50.77301], [-4.43755, 50.77366], [-4.43699, 50.77389], [-4.43752, 50.77436], [-4.4388, 50.77431], [-4.44013, 50.7755], [-4.44034, 50.7751], [-4.44099, 50.7751], [-4.44146, 50.77564], [-4.44205, 50.77525], [-4.44337, 50.77623], [-4.44387, 50.7761], [-4.44356, 50.77578], [-4.44402, 50.77571], [-4.44459, 50.77648], [-4.44484, 50.77614], [-4.44573, 50.77643], [-4.44586, 50.77665], [-4.44485, 50.77715], [-4.44589, 50.77739], [-4.44636, 50.77801], [-4.44597, 50.7789], [-4.44652, 50.77913], [-4.44624, 50.78076], [-4.44734, 50.78133], [-4.44738, 50.78204], [-4.44862, 50.78252], [-4.44864, 50.78384], [-4.45009, 50.78454], [-4.45133, 50.78565], [-4.45388, 50.78428], [-4.45643, 50.78369], [-4.46298, 50.78402], [-4.46789, 50.7851], [-4.4731, 50.78498], [-4.47509, 50.78553], [-4.47642, 50.78764], [-4.47575, 50.78915], [-4.47768, 50.78998], [-4.48014, 50.79078], [-4.48228, 50.79095], [-4.48267, 50.79128], [-4.484, 50.79144], [-4.48643, 50.79098], [-4.4888, 50.79112], [-4.49267, 50.79218], [-4.4935, 50.79292], [-4.49321, 50.79337], [-4.4898, 50.79522], [-4.49003, 50.7963], [-4.48452, 50.7964], [-4.48384, 50.79607], [-4.48171, 50.79655], [-4.47905, 50.7966], [-4.47449, 50.79728], [-4.47575, 50.79889], [-4.47685, 50.79944], [-4.47277, 50.80025], [-4.47468, 50.80181], [-4.4724, 50.80227], [-4.47123, 50.80199], [-4.47066, 50.80134], [-4.46989, 50.80116], [-4.46341, 50.80173], [-4.46192, 50.80261], [-4.45847, 50.8038], [-4.45411, 50.80416], [-4.45175, 50.8048], [-4.45222, 50.80516], [-4.45311, 50.80519], [-4.4527, 50.8055], [-4.45295, 50.80584], [-4.45186, 50.80642], [-4.45187, 50.80683], [-4.45108, 50.80669], [-4.45024, 50.80739], [-4.44972, 50.8072], [-4.44921, 50.80739], [-4.44931, 50.80792], [-4.44835, 50.80781], [-4.44778, 50.80825], [-4.44746, 50.80802], [-4.44679, 50.80822], [-4.44724, 50.80842], [-4.44709, 50.80881], [-4.44605, 50.80932], [-4.44512, 50.8105], [-4.44546, 50.81087], [-4.44475, 50.81134], [-4.44531, 50.81143], [-4.44505, 50.81177], [-4.44597, 50.81333], [-4.44582, 50.81382], [-4.44456, 50.81466], [-4.44472, 50.81526], [-4.44401, 50.81531], [-4.44402, 50.8157], [-4.44261, 50.81625], [-4.44313, 50.81648], [-4.44324, 50.81777], [-4.44266, 50.81791], [-4.4426, 50.81746], [-4.44216, 50.81745], [-4.44122, 50.81842], [-4.44198, 50.81875], [-4.44136, 50.81905], [-4.44235, 50.81976], [-4.44246, 50.82045], [-4.44205, 50.8205], [-4.44227, 50.82076], [-4.4418, 50.82139], [-4.44113, 50.82149], [-4.44111, 50.8222], [-4.44057, 50.82218], [-4.44019, 50.82258], [-4.43997, 50.82202], [-4.43971, 50.82255], [-4.43921, 50.82261], [-4.43922, 50.82302], [-4.43885, 50.82282], [-4.43856, 50.8231], [-4.43883, 50.82383], [-4.43938, 50.82403], [-4.43895, 50.82464], [-4.44017, 50.82479], [-4.43976, 50.82559], [-4.44057, 50.8257], [-4.44158, 50.82636], [-4.442, 50.82595], [-4.44226, 50.82626], [-4.44292, 50.82609], [-4.44278, 50.82683], [-4.44329, 50.82655], [-4.44416, 50.82775], [-4.44344, 50.82828], [-4.44408, 50.82922], [-4.44379, 50.82954], [-4.4443, 50.82977], [-4.4438, 50.8309], [-4.44406, 50.8314], [-4.44317, 50.83147], [-4.44335, 50.83198], [-4.44276, 50.83188], [-4.44255, 50.83226], [-4.44299, 50.83269], [-4.44258, 50.83368], [-4.44351, 50.83455], [-4.44227, 50.83486], [-4.44259, 50.83542], [-4.44302, 50.8352], [-4.4437, 50.83542], [-4.44298, 50.83579], [-4.44357, 50.83613], [-4.44316, 50.83643], [-4.44336, 50.83686], [-4.44255, 50.83704], [-4.44254, 50.83755], [-4.44211, 50.83767], [-4.44244, 50.83801], [-4.44189, 50.83834], [-4.44241, 50.83986], [-4.4412, 50.84137], [-4.44158, 50.842], [-4.44107, 50.84214], [-4.44105, 50.84303], [-4.43992, 50.84316], [-4.43973, 50.84341], [-4.44055, 50.8435], [-4.44039, 50.84377], [-4.44091, 50.84404], [-4.44053, 50.84458], [-4.44149, 50.84463], [-4.44169, 50.84601], [-4.4421, 50.84633], [-4.44135, 50.84661], [-4.44224, 50.84694], [-4.44074, 50.84788], [-4.4409, 50.84898], [-4.44003, 50.84959], [-4.44048, 50.84975], [-4.44007, 50.84995], [-4.44009, 50.85069], [-4.43965, 50.85063], [-4.43931, 50.85134], [-4.43643, 50.8527], [-4.43737, 50.854], [-4.43733, 50.85582], [-4.43657, 50.85708], [-4.43358, 50.85952], [-4.43295, 50.86192], [-4.43373, 50.86551], [-4.42342, 50.86644], [-4.42096, 50.86609], [-4.42092, 50.86665], [-4.42179, 50.86715], [-4.4217, 50.86748], [-4.42209, 50.86741], [-4.42303, 50.86795], [-4.42251, 50.86818], [-4.42409, 50.86875], [-4.42405, 50.86899], [-4.42354, 50.86891], [-4.42413, 50.87007], [-4.42375, 50.87054], [-4.42504, 50.87137], [-4.42419, 50.87225], [-4.42346, 50.87244], [-4.42311, 50.87321], [-4.42104, 50.87399], [-4.41766, 50.87437], [-4.41255, 50.87401], [-4.4106, 50.8743], [-4.40832, 50.87418], [-4.4075, 50.87465], [-4.40338, 50.87527], [-4.40083, 50.87711], [-4.40032, 50.87787], [-4.4009, 50.87942], [-4.39994, 50.88218], [-4.39765, 50.88192], [-4.39584, 50.88206], [-4.38912, 50.87299], [-4.38455, 50.87511], [-4.38026, 50.87551], [-4.37227, 50.87762], [-4.37013, 50.87713], [-4.36799, 50.87707], [-4.36461, 50.87855], [-4.36355, 50.87766], [-4.36341, 50.87804], [-4.36258, 50.87756], [-4.36135, 50.87773], [-4.36128, 50.87743], [-4.36043, 50.87741], [-4.36075, 50.87721], [-4.36047, 50.87697], [-4.3603, 50.87729], [-4.35933, 50.87734], [-4.35907, 50.87663], [-4.3585, 50.87679], [-4.35849, 50.87631], [-4.35806, 50.87622], [-4.35716, 50.87654], [-4.35649, 50.87559], [-4.35779, 50.87465], [-4.35799, 50.87345], [-4.35846, 50.87334], [-4.35843, 50.87287], [-4.35931, 50.87225], [-4.35879, 50.8711], [-4.35988, 50.8703], [-4.36172, 50.868], [-4.35875, 50.86152], [-4.35857, 50.85938], [-4.3548, 50.85869], [-4.35042, 50.85715], [-4.34625, 50.85608], [-4.33689, 50.85183], [-4.33671, 50.8538], [-4.33555, 50.85503], [-4.33531, 50.85592], [-4.3376, 50.85718], [-4.33606, 50.85789], [-4.33596, 50.8589], [-4.33713, 50.85997], [-4.33102, 50.86214], [-4.32824, 50.86353], [-4.32718, 50.86671], [-4.32351, 50.86973], [-4.32373, 50.87031], [-4.32552, 50.87031], [-4.32575, 50.87091], [-4.32532, 50.87175], [-4.32564, 50.87231], [-4.32486, 50.8732], [-4.32486, 50.874], [-4.32564, 50.87496], [-4.32508, 50.87656], [-4.32603, 50.87899], [-4.32568, 50.87997], [-4.32746, 50.88136], [-4.32976, 50.88217], [-4.33093, 50.8831], [-4.33157, 50.88424], [-4.33093, 50.8844], [-4.32883, 50.88535], [-4.32357, 50.8861], [-4.32121, 50.88709], [-4.31972, 50.88889], [-4.31791, 50.88946], [-4.3081, 50.89038], [-4.30104, 50.89014], [-4.29704, 50.89082], [-4.2949, 50.89088], [-4.29188, 50.89153], [-4.28381, 50.89174], [-4.28191, 50.89208], [-4.28094, 50.89275], [-4.28003, 50.89239], [-4.27989, 50.89165], [-4.27797, 50.88987], [-4.27299, 50.88713], [-4.27283, 50.88657], [-4.27348, 50.88635], [-4.27323, 50.88608], [-4.27206, 50.88636], [-4.27038, 50.88597], [-4.26888, 50.8861], [-4.26866, 50.88565], [-4.26772, 50.88593], [-4.26758, 50.8855], [-4.26423, 50.88527], [-4.26447, 50.88354], [-4.26348, 50.88202], [-4.26355, 50.88121], [-4.26415, 50.88085], [-4.26278, 50.88051], [-4.26247, 50.87933], [-4.26188, 50.87896], [-4.26138, 50.87916], [-4.26206, 50.87965], [-4.26138, 50.87958], [-4.26023, 50.8782], [-4.25905, 50.87858], [-4.25844, 50.87737], [-4.25772, 50.87737], [-4.25767, 50.87688], [-4.2568, 50.87667], [-4.25715, 50.87593], [-4.25324, 50.87435], [-4.25186, 50.8741], [-4.25086, 50.87315], [-4.25104, 50.87257], [-4.25046, 50.87245], [-4.25099, 50.87189], [-4.25039, 50.87081], [-4.2508, 50.87052], [-4.25036, 50.87017], [-4.25, 50.87056], [-4.24971, 50.87045], [-4.24975, 50.86963], [-4.24858, 50.86878], [-4.24882, 50.86825], [-4.24799, 50.86793], [-4.24777, 50.86835], [-4.24688, 50.86843], [-4.24601, 50.86796], [-4.24602, 50.8673], [-4.24677, 50.86735], [-4.24616, 50.86612], [-4.24485, 50.86561], [-4.24419, 50.86387], [-4.24425, 50.86278], [-4.2431, 50.86229], [-4.24245, 50.86116], [-4.24097, 50.86073], [-4.24097, 50.8599], [-4.2398, 50.86001], [-4.23918, 50.85966], [-4.23909, 50.859], [-4.2378, 50.85863], [-4.23763, 50.85831], [-4.2381, 50.85801], [-4.23672, 50.85768], [-4.23681, 50.85713], [-4.23597, 50.85589], [-4.23624, 50.85541], [-4.23517, 50.85515], [-4.23372, 50.85357], [-4.23297, 50.85378], [-4.23323, 50.85269], [-4.2322, 50.85247], [-4.23347, 50.85155], [-4.23493, 50.8515], [-4.23464, 50.8512], [-4.23499, 50.85079], [-4.23597, 50.85089], [-4.2356, 50.8501], [-4.23587, 50.8496], [-4.23658, 50.84949], [-4.23604, 50.84899], [-4.23633, 50.84875], [-4.23742, 50.8489], [-4.23744, 50.84958], [-4.23814, 50.84947], [-4.23811, 50.84821], [-4.23853, 50.84766], [-4.23682, 50.8472], [-4.23726, 50.84677], [-4.23816, 50.84682], [-4.23825, 50.8466], [-4.23605, 50.84573], [-4.2351, 50.84637], [-4.23454, 50.84595], [-4.23437, 50.84509], [-4.2335, 50.84539], [-4.23239, 50.84488], [-4.23132, 50.84357], [-4.2296, 50.84299], [-4.22989, 50.84265], [-4.2308, 50.84261], [-4.23073, 50.84187], [-4.23021, 50.84167], [-4.22908, 50.84208], [-4.22809, 50.84122], [-4.22855, 50.84039], [-4.22775, 50.83996], [-4.22711, 50.83994], [-4.22682, 50.84095], [-4.22594, 50.84102], [-4.22564, 50.83984], [-4.22526, 50.83948], [-4.22457, 50.83947], [-4.22537, 50.83941], [-4.22529, 50.83911], [-4.22397, 50.83908], [-4.22222, 50.83819], [-4.22165, 50.83825], [-4.22155, 50.83864], [-4.22074, 50.83861], [-4.22035, 50.83778], [-4.21959, 50.83739], [-4.22008, 50.83694], [-4.21982, 50.83668], [-4.21901, 50.83668], [-4.21768, 50.83719], [-4.21739, 50.83702]]]}}, {"type": "Feature", "properties": {"type": "postcode-cell", "postcode": "EX23 0HG", "postcodes": ["EX23 0HG"]}, "geometry": {"type": "Polygon", "coordinates": [[[-4.474467605590627, 50.790000054933785], [-4.476184448089451, 50.788170854851664], [-4.475749990345511, 50.78914999478434], [-4.477679990346488, 50.789979994785], [-4.480139990347838, 50.79077999478562], [-4.482279990349246, 50.79094999478574], [-4.482669990349371, 50.79127999478599], [-4.483999990350224, 50.79143999478612], [-4.486429990352103, 50.790979994785715], [-4.488799990353685, 50.791119994785824], [-4.492669990355903, 50.79217999478665], [-4.493499990356158, 50.79291999478724], [-4.49320999035576, 50.7933699947876], [-4.489799990352594, 50.79521999478916], [-4.490029990352282, 50.796299994790026], [-4.484519990348421, 50.79639999479014], [-4.483839990348094, 50.79606999478989], [-4.481709990346412, 50.796549994790304], [-4.47904999034455, 50.796599994790355], [-4.478449698151589, 50.796689523318605], [-4.474467605590627, 50.790000054933785]]]}}, {"type": "Feature", "properties": {"type": "postcode-cell", "postcode": "EX22 7ED", "postcodes": ["EX22 7ED"]}, "geometry": {"type": "Polygon", "coordinates": [[[-4.474467605590627, 50.790000054933785], [-4.46724411299956, 50.790963406549274], [-4.466685378293286, 50.790956752378946], [-4.465391878401321, 50.79065185604394], [-4.45804884730353, 50.78377159024895], [-4.46297999033892, 50.78401999478026], [-4.46788999034184, 50.78509999478112], [-4.473099990345495, 50.78497999478096], [-4.47508999034663, 50.7855299947814], [-4.476419990346633, 50.7876399947831], [-4.476184448089451, 50.788170854851664], [-4.474467605590627, 50.790000054933785]]]}}, {"type": "Feature", "properties": {"type": "postcode-cell", "postcode": "EX22 7EF", "postcodes": ["EX22 7EF"]}, "geometry": {"type": "Polygon", "coordinates": [[[-4.467576070175705, 50.80069872772287], [-4.4657100199702775, 50.798494802692204], [-4.46724411299956, 50.790963406549274], [-4.474467605590627, 50.790000054933785], [-4.478449698151589, 50.796689523318605], [-4.474489990341095, 50.797279994790955], [-4.4757499903412645, 50.79888999479227], [-4.476849990341788, 50.7994399947927], [-4.472769990338612, 50.800249994793404], [-4.474679990339255, 50.80180999479465], [-4.472399990337475, 50.80226999479505], [-4.471229990336789, 50.80198999479485], [-4.470659990336677, 50.801339994794304], [-4.469889990336222, 50.80115999479416], [-4.468566104442733, 50.801276478036336], [-4.467576070175705, 50.80069872772287]]]}}, {"type": "Feature", "properties": {"type": "postcode-cell", "postcode": "EX22 7EY", "postcodes": ["EX22 7EY"]}, "geometry": {"type": "Polygon", "coordinates": [[[-4.468566104442733, 50.801276478036336], [-4.463409990331492, 50.80172999479469], [-4.4619199903300775, 50.80260999479543], [-4.458469990327173, 50.80379999479643], [-4.458118810683113, 50.803828997506635], [-4.459647133776134, 50.800724157894265], [-4.460485778364252, 50.80026376390793], [-4.467576070175705, 50.80069872772287], [-4.468566104442733, 50.801276478036336]]]}}, {"type": "Feature", "properties": {"type": "postcode-cell", "postcode": "EX22 7EE", "postcodes": ["EX22 7EE"]}, "geometry": {"type": "Polygon", "coordinates": [[[-4.46724411299956, 50.790963406549274], [-4.4657100199702775, 50.798494802692204], [-4.46155634679255, 50.79836574055327], [-4.460297694113416, 50.79637066387788], [-4.466685378293286, 50.790956752378946], [-4.46724411299956, 50.790963406549274]]]}}, {"type": "Feature", "properties": {"type": "postcode-cell", "postcode": "EX22 6LF", "postcodes": ["EX22 6LF"]}, "geometry": {"type": "Polygon", "coordinates": [[[-4.422371128641992, 50.77680113548151], [-4.406047769877347, 50.775992907520255], [-4.412999990308329, 50.7751999947736], [-4.414419990309655, 50.77439999477295], [-4.413989990309983, 50.77297999477179], [-4.413139990309584, 50.772559994771456], [-4.413449990310146, 50.7717599947708], [-4.41272999030981, 50.77139999477051], [-4.413109990310104, 50.77131999477045], [-4.412209990309654, 50.77093999477015], [-4.412269990309877, 50.7705199947698], [-4.411509990309629, 50.76989999476931], [-4.4108799903091445, 50.77001999476942], [-4.4098699903085805, 50.769719994769176], [-4.40973999030879, 50.76903999476864], [-4.4101599903090625, 50.76907999476866], [-4.410179990309186, 50.76882999476846], [-4.409279990308854, 50.76816999476794], [-4.410029990309727, 50.76735999476727], [-4.410029990309983, 50.7667799947668], [-4.409189990309596, 50.766339994766454], [-4.409789990310137, 50.76604999476621], [-4.409239990310483, 50.76439999476488], [-4.4097899903109425, 50.76420999476471], [-4.4090099903107465, 50.76343999476413], [-4.4087199903109955, 50.76241999476328], [-4.409569990311508, 50.762579994763406], [-4.410089990311673, 50.76301999476375], [-4.40992999031143, 50.763319994764], [-4.410499990311815, 50.763339994764], [-4.410899990311903, 50.763759994764335], [-4.411479990312493, 50.763329994763986], [-4.412179990312678, 50.76399999476453], [-4.413079990313433, 50.76368999476425], [-4.413539990313432, 50.76440999476483], [-4.41420999031381, 50.76459999476497], [-4.414849990314277, 50.764539994764924], [-4.415049990314617, 50.76407999476455], [-4.415279990314644, 50.764379994764795], [-4.4165399903155835, 50.76420999476465], [-4.4164699903152425, 50.7648799947652], [-4.417209990315758, 50.76485999476516], [-4.417559990315874, 50.765139994765406], [-4.418519990316641, 50.76489999476517], [-4.419339990317127, 50.76507999476533], [-4.421949990319277, 50.76426999476464], [-4.423399990320057, 50.764769994765025], [-4.423949990320529, 50.76454999476484], [-4.423899990320311, 50.76496999476519], [-4.426959990321519, 50.76701999476682], [-4.426839990321311, 50.76729999476706], [-4.428189990322167, 50.76746999476718], [-4.427209990321133, 50.76828999476785], [-4.427729990321195, 50.76896999476842], [-4.429419990322424, 50.76881999476826], [-4.429929990322525, 50.76938999476872], [-4.430519990323127, 50.768939994768346], [-4.431619990323941, 50.768809994768226], [-4.432439990324329, 50.769209994768545], [-4.432069990323978, 50.76943999476873], [-4.4322999903239895, 50.769769994769], [-4.432689990324355, 50.769549994768816], [-4.433043068360664, 50.7696701918294], [-4.422371128641992, 50.77680113548151]]]}}, {"type": "Feature", "properties": {"type": "postcode-cell", "postcode": "EX22 7EG", "postcodes": ["EX22 7EG"]}, "geometry": {"type": "Polygon", "coordinates": [[[-4.467576070175705, 50.80069872772287], [-4.460485778364252, 50.80026376390793], [-4.46155634679255, 50.79836574055327], [-4.4657100199702775, 50.798494802692204], [-4.467576070175705, 50.80069872772287]]]}}, {"type": "Feature", "properties": {"type": "postcode-cell", "postcode": "EX22 7EQ", "postcodes": ["EX22 7EQ"]}, "geometry": {"type": "Polygon", "coordinates": [[[-4.460485778364252, 50.80026376390793], [-4.459647133776134, 50.800724157894265], [-4.457872981651971, 50.799426676274976], [-4.457745575137434, 50.79921342295593], [-4.459549231827998, 50.79646757948448], [-4.460297694113416, 50.79637066387788], [-4.46155634679255, 50.79836574055327], [-4.460485778364252, 50.80026376390793]]]}}, {"type": "Feature", "properties": {"type": "postcode-cell", "postcode": "EX22 7JY", "postcodes": ["EX22 7JY"]}, "geometry": {"type": "Polygon", "coordinates": [[[-4.430582170536553, 50.84339176846407], [-4.427625288678759, 50.834543849837075], [-4.442757849416957, 50.834738032093064], [-4.4422699903024245, 50.83485999482192], [-4.442589990302403, 50.83541999482239], [-4.443019990302797, 50.835199994822204], [-4.443699990303168, 50.83541999482237], [-4.44297999030251, 50.835789994822676], [-4.4435699903027714, 50.836129994822954], [-4.443159990302356, 50.836429994823206], [-4.443359990302305, 50.83685999482354], [-4.442549990301668, 50.8370399948237], [-4.442539990301439, 50.83754999482414], [-4.4421099903010886, 50.83766999482424], [-4.442439990301169, 50.83800999482451], [-4.441889990300643, 50.83833999482476], [-4.442409990300344, 50.83985999482602], [-4.441199990298847, 50.84136999482723], [-4.441579990298835, 50.841999994827766], [-4.44106999029842, 50.842139994827896], [-4.441049990298019, 50.843029994828626], [-4.439919990297178, 50.84315999482872], [-4.4397299902969385, 50.84340999482893], [-4.440549990297467, 50.84349999482902], [-4.440389990297239, 50.84376999482923], [-4.440909990297481, 50.84403999482943], [-4.440529990296983, 50.84457999482989], [-4.441489990297626, 50.844629994829916], [-4.441615853253607, 50.8454984599535], [-4.430582170536553, 50.84339176846407]]]}}, {"type": "Feature", "properties": {"type": "postcode-cell", "postcode": "EX22 7EX", "postcodes": ["EX22 7EX"]}, "geometry": {"type": "MultiPolygon", "coordinates": [[[[-4.459647133776134, 50.800724157894265], [-4.458118810683113, 50.803828997506635], [-4.454109990324002, 50.80415999479677], [-4.453037338822197, 50.8044508913728], [-4.454993267876623, 50.79979086347795], [-4.457872981651971, 50.799426676274976], [-4.459647133776134, 50.800724157894265]]], [[[-4.452732425379692, 50.80517726872487], [-4.453109990322861, 50.805189994797615], [-4.452699990322443, 50.80549999479787], [-4.452949990322467, 50.80583999479815], [-4.45231162581785, 50.80617967794084], [-4.452732425379692, 50.80517726872487]]]]}}, {"type": "Feature", "properties": {"type": "postcode-cell", "postcode": "EX22 7FN", "postcodes": ["EX22 7FN"]}, "geometry": {"type": "Polygon", "coordinates": [[[-4.459549231827998, 50.79646757948448], [-4.457745575137434, 50.79921342295593], [-4.456445627219468, 50.7984738940945], [-4.456356048814045, 50.79636903810691], [-4.459549231827998, 50.79646757948448]]]}}, {"type": "Feature", "properties": {"type": "postcode-cell", "postcode": "EX22 7EA", "postcodes": ["EX22 7EA"]}, "geometry": {"type": "Polygon", "coordinates": [[[-4.456356048814045, 50.79636903810691], [-4.454963843138132, 50.79594582720119], [-4.453309328972921, 50.795010410330136], [-4.4516907241408195, 50.791392530297834], [-4.465391878401321, 50.79065185604394], [-4.466685378293286, 50.790956752378946], [-4.460297694113416, 50.79637066387788], [-4.459549231827998, 50.79646757948448], [-4.456356048814045, 50.79636903810691]]]}}, {"type": "Feature", "properties": {"type": "postcode-cell", "postcode": "EX22 7FF", "postcodes": ["EX22 7FF"]}, "geometry": {"type": "Polygon", "coordinates": [[[-4.457745575137434, 50.79921342295593], [-4.457872981651971, 50.799426676274976], [-4.454993267876623, 50.79979086347795], [-4.454847113666566, 50.79943543634638], [-4.455802923671914, 50.798648510699614], [-4.456445627219468, 50.7984738940945], [-4.457745575137434, 50.79921342295593]]]}}, {"type": "Feature", "properties": {"type": "postcode-cell", "postcode": "EX22 7DX", "postcodes": ["EX22 7DX"]}, "geometry": {"type": "Polygon", "coordinates": [[[-4.456445627219468, 50.7984738940945], [-4.455802923671914, 50.798648510699614], [-4.454267567379501, 50.79816914147877], [-4.454963843138132, 50.79594582720119], [-4.456356048814045, 50.79636903810691], [-4.456445627219468, 50.7984738940945]]]}}, {"type": "Feature", "properties": {"type": "postcode-cell", "postcode": "EX22 7EB", "postcodes": ["EX22 7EB"]}, "geometry": {"type": "Polygon", "coordinates": [[[-4.44696689031793, 50.78113666389423], [-4.4473399903292945, 50.78132999477824], [-4.447379990329015, 50.782039994778835], [-4.448619990329659, 50.7825199947792], [-4.448639990329098, 50.783839994780266], [-4.4500899903297935, 50.784539994780836], [-4.451329990330165, 50.785649994781714], [-4.453879990332523, 50.7842799947806], [-4.4564299903345415, 50.78368999478009], [-4.45804884730353, 50.78377159024895], [-4.465391878401321, 50.79065185604394], [-4.4516907241408195, 50.791392530297834], [-4.446026254917089, 50.78940461397701], [-4.443670950559362, 50.78549197734208], [-4.44696689031793, 50.78113666389423]]]}}, {"type": "Feature", "properties": {"type": "postcode-cell", "postcode": "EX22 6LQ", "postcodes": ["EX22 6LQ"]}, "geometry": {"type": "Polygon", "coordinates": [[[-4.443670950559362, 50.78549197734208], [-4.439505285958652, 50.78588501960949], [-4.425461240992537, 50.78524638950405], [-4.425245586719701, 50.78514368690244], [-4.422371128641992, 50.77680113548151], [-4.433043068360664, 50.7696701918294], [-4.433159990324607, 50.76970999476896], [-4.432939990324228, 50.770229994769366], [-4.434049990325046, 50.77010999476926], [-4.433489990324336, 50.77084999476986], [-4.434539990324933, 50.771139994770095], [-4.434859990324774, 50.77199999477076], [-4.4362599903256115, 50.77228999477101], [-4.436259990325298, 50.773009994771584], [-4.437549990325904, 50.77365999477211], [-4.436989990325416, 50.7738899947723], [-4.437519990325575, 50.77435999477267], [-4.43879999032648, 50.774309994772636], [-4.4401299903268745, 50.775499994773575], [-4.440339990327197, 50.77509999477325], [-4.440989990327643, 50.77509999477325], [-4.441459990327731, 50.775639994773684], [-4.442049990328308, 50.775249994773354], [-4.44336999032879, 50.77622999477413], [-4.44386999032919, 50.77609999477402], [-4.443559990329118, 50.77577999477378], [-4.444019990329466, 50.77570999477371], [-4.44458999032952, 50.77647999477435], [-4.444839990329843, 50.77613999477404], [-4.445729990330328, 50.776429994774254], [-4.445859990330322, 50.776649994774445], [-4.444849990329405, 50.77714999477485], [-4.445889990330021, 50.777389994775056], [-4.446359990330072, 50.77800999477556], [-4.445969990329413, 50.77889999477628], [-4.4465199903296915, 50.779129994776454], [-4.446239990328789, 50.78075999477779], [-4.44696689031793, 50.78113666389423], [-4.443670950559362, 50.78549197734208]]]}}, {"type": "Feature", "properties": {"type": "postcode-cell", "postcode": "EX22 7DU", "postcodes": ["EX22 7DU"]}, "geometry": {"type": "MultiPolygon", "coordinates": [[[[-4.4518754831509355, 50.80489611770555], [-4.452219990322259, 50.805159994797606], [-4.452732425379692, 50.80517726872487], [-4.45231162581785, 50.80617967794084], [-4.451859990321459, 50.806419994798645], [-4.45186999032129, 50.80682999479896], [-4.45183666810524, 50.80682408972195], [-4.4517920895155445, 50.806640793247276], [-4.4518754831509355, 50.80489611770555]]], [[[-4.452059745513292, 50.80104087607144], [-4.452486684964086, 50.79982714859271], [-4.453744694614827, 50.79918217793046], [-4.454256641563289, 50.79914416176202], [-4.454847113666566, 50.79943543634638], [-4.454993267876623, 50.79979086347795], [-4.453037338822197, 50.8044508913728], [-4.4518817858702775, 50.80476425534008], [-4.452059745513292, 50.80104087607144]]]]}}, {"type": "Feature", "properties": {"type": "postcode-cell", "postcode": "EX22 7EJ", "postcodes": ["EX22 7EJ"]}, "geometry": {"type": "Polygon", "coordinates": [[[-4.4518817858702775, 50.80476425534008], [-4.4517499903220905, 50.80479999479732], [-4.4518754831509355, 50.80489611770555], [-4.4517920895155445, 50.806640793247276], [-4.449137819850111, 50.80105530266931], [-4.44888853785018, 50.7984439356469], [-4.450941656533469, 50.799268556302145], [-4.452059745513292, 50.80104087607144], [-4.4518817858702775, 50.80476425534008]]]}}, {"type": "Feature", "properties": {"type": "postcode-cell", "postcode": "EX22 7EU", "postcodes": ["EX22 7EU"]}, "geometry": {"type": "Polygon", "coordinates": [[[-4.454847113666566, 50.79943543634638], [-4.454256641563289, 50.79914416176202], [-4.454131411543048, 50.798336957149246], [-4.45416491111534, 50.79824892361465], [-4.454267567379501, 50.79816914147877], [-4.455802923671914, 50.798648510699614], [-4.454847113666566, 50.79943543634638]]]}}, {"type": "Feature", "properties": {"type": "postcode-cell", "postcode": "EX22 7ES", "postcodes": ["EX22 7ES"]}, "geometry": {"type": "Polygon", "coordinates": [[[-4.454256641563289, 50.79914416176202], [-4.453744694614827, 50.79918217793046], [-4.452943055735739, 50.79875586546909], [-4.454131411543048, 50.798336957149246], [-4.454256641563289, 50.79914416176202]]]}}, {"type": "Feature", "properties": {"type": "postcode-cell", "postcode": "EX22 7DZ", "postcodes": ["EX22 7DZ"]}, "geometry": {"type": "Polygon", "coordinates": [[[-4.454267567379501, 50.79816914147877], [-4.45416491111534, 50.79824892361465], [-4.452086922245454, 50.798065750645705], [-4.451421037396544, 50.797685983086815], [-4.451024279670466, 50.797347357159445], [-4.453309328972921, 50.795010410330136], [-4.454963843138132, 50.79594582720119], [-4.454267567379501, 50.79816914147877]]]}}, {"type": "Feature", "properties": {"type": "postcode-cell", "postcode": "EX22 7FQ", "postcodes": ["EX22 7FQ"]}, "geometry": {"type": "Polygon", "coordinates": [[[-4.45183666810524, 50.80682408972195], [-4.451079990320803, 50.80668999479885], [-4.450239990319917, 50.80738999479946], [-4.449719990319643, 50.80719999479929], [-4.449209990319206, 50.807389994799436], [-4.449309990319042, 50.807919994799875], [-4.448485100617075, 50.8078254766995], [-4.442921155730124, 50.80087528948426], [-4.444766993521882, 50.79884708321405], [-4.449137819850111, 50.80105530266931], [-4.4517920895155445, 50.806640793247276], [-4.45183666810524, 50.80682408972195]]]}}, {"type": "Feature", "properties": {"type": "postcode-cell", "postcode": "EX22 7ET", "postcodes": ["EX22 7ET"]}, "geometry": {"type": "Polygon", "coordinates": [[[-4.452331907320484, 50.79933946505414], [-4.452669779229545, 50.79872539410108], [-4.452943055735739, 50.79875586546909], [-4.453744694614827, 50.79918217793046], [-4.452486684964086, 50.79982714859271], [-4.452331907320484, 50.79933946505414]]]}}, {"type": "Feature", "properties": {"type": "postcode-cell", "postcode": "EX22 7ER", "postcodes": ["EX22 7ER"]}, "geometry": {"type": "Polygon", "coordinates": [[[-4.452486684964086, 50.79982714859271], [-4.452059745513292, 50.80104087607144], [-4.450941656533469, 50.799268556302145], [-4.451607320420231, 50.79903969408045], [-4.452331907320484, 50.79933946505414], [-4.452486684964086, 50.79982714859271]]]}}, {"type": "Feature", "properties": {"type": "postcode-cell", "postcode": "EX22 7DY", "postcodes": ["EX22 7DY"]}, "geometry": {"type": "Polygon", "coordinates": [[[-4.452943055735739, 50.79875586546909], [-4.452669779229545, 50.79872539410108], [-4.452086922245454, 50.798065750645705], [-4.45416491111534, 50.79824892361465], [-4.454131411543048, 50.798336957149246], [-4.452943055735739, 50.79875586546909]]]}}, {"type": "Feature", "properties": {"type": "postcode-cell", "postcode": "EX22 7EP", "postcodes": ["EX22 7EP"]}, "geometry": {"type": "Polygon", "coordinates": [[[-4.451421037396544, 50.797685983086815], [-4.451607320420231, 50.79903969408045], [-4.450941656533469, 50.799268556302145], [-4.44888853785018, 50.7984439356469], [-4.448695079891287, 50.798056045379155], [-4.451024279670466, 50.797347357159445], [-4.451421037396544, 50.797685983086815]]]}}, {"type": "Feature", "properties": {"type": "postcode-cell", "postcode": "EX22 7EH", "postcodes": ["EX22 7EH"]}, "geometry": {"type": "Polygon", "coordinates": [[[-4.453309328972921, 50.795010410330136], [-4.451024279670466, 50.797347357159445], [-4.448695079891287, 50.798056045379155], [-4.4454968914466395, 50.79739602396387], [-4.442847882861483, 50.793956540641574], [-4.446026254917089, 50.78940461397701], [-4.4516907241408195, 50.791392530297834], [-4.453309328972921, 50.795010410330136]]]}}, {"type": "Feature", "properties": {"type": "postcode-cell", "postcode": "EX22 7LD", "postcodes": ["EX22 7LD"]}, "geometry": {"type": "Polygon", "coordinates": [[[-4.452669779229545, 50.79872539410108], [-4.452331907320484, 50.79933946505414], [-4.451607320420231, 50.79903969408045], [-4.451421037396544, 50.797685983086815], [-4.452086922245454, 50.798065750645705], [-4.452669779229545, 50.79872539410108]]]}}, {"type": "Feature", "properties": {"type": "postcode-cell", "postcode": "EX22 7EN", "postcodes": ["EX22 7EN"]}, "geometry": {"type": "Polygon", "coordinates": [[[-4.448695079891287, 50.798056045379155], [-4.44888853785018, 50.7984439356469], [-4.449137819850111, 50.80105530266931], [-4.444766993521882, 50.79884708321405], [-4.4454968914466395, 50.79739602396387], [-4.448695079891287, 50.798056045379155]]]}}, {"type": "Feature", "properties": {"type": "postcode-cell", "postcode": "EX22 6LL", "postcodes": ["EX22 6LL"]}, "geometry": {"type": "Polygon", "coordinates": [[[-4.442847882861483, 50.793956540641574], [-4.4355318690884, 50.796864554449996], [-4.430488159164526, 50.795171425395296], [-4.439505285958652, 50.78588501960949], [-4.443670950559362, 50.78549197734208], [-4.446026254917089, 50.78940461397701], [-4.442847882861483, 50.793956540641574]]]}}, {"type": "Feature", "properties": {"type": "postcode-cell", "postcode": "EX22 7EL", "postcodes": ["EX22 7EL"]}, "geometry": {"type": "Polygon", "coordinates": [[[-4.430359140693436, 50.81187794284966], [-4.430386363672117, 50.80838996875658], [-4.433289027673307, 50.80331380563604], [-4.4360675249117625, 50.799584776196156], [-4.442921155730124, 50.80087528948426], [-4.448485100617075, 50.8078254766995], [-4.4483499903184285, 50.807809994799804], [-4.447779990317842, 50.80824999480015], [-4.447459990317724, 50.80801999479998], [-4.44678999031717, 50.80821999480015], [-4.447239990317394, 50.80841999480029], [-4.447089990317121, 50.80880999480062], [-4.44604999031618, 50.80931999480105], [-4.445119990315021, 50.81049999480202], [-4.445459990315098, 50.810869994802324], [-4.4447499903144, 50.811339994802715], [-4.445309990314748, 50.81142999480277], [-4.445049990314421, 50.811769994803065], [-4.445969990314375, 50.81332999480431], [-4.445819990314058, 50.81381999480472], [-4.444559990312821, 50.814659994805425], [-4.444719990312669, 50.815259994805906], [-4.444009990312156, 50.81530999480593], [-4.4440199903119915, 50.81569999480626], [-4.443117084554478, 50.81605219550854], [-4.430359140693436, 50.81187794284966]]]}}, {"type": "Feature", "properties": {"type": "postcode-cell", "postcode": "EX22 7EW", "postcodes": ["EX22 7EW"]}, "geometry": {"type": "Polygon", "coordinates": [[[-4.444766993521882, 50.79884708321405], [-4.442921155730124, 50.80087528948426], [-4.4360675249117625, 50.799584776196156], [-4.4355318690884, 50.796864554449996], [-4.442847882861483, 50.793956540641574], [-4.4454968914466395, 50.79739602396387], [-4.444766993521882, 50.79884708321405]]]}}, {"type": "Feature", "properties": {"type": "postcode-cell", "postcode": "EX22 7HF", "postcodes": ["EX22 7HF"]}, "geometry": {"type": "Polygon", "coordinates": [[[-4.4360675249117625, 50.799584776196156], [-4.433289027673307, 50.80331380563604], [-4.425027995942409, 50.795336027391706], [-4.426065259142608, 50.79482093690153], [-4.430488159164526, 50.795171425395296], [-4.4355318690884, 50.796864554449996], [-4.4360675249117625, 50.799584776196156]]]}}, {"type": "Feature", "properties": {"type": "postcode-cell", "postcode": "EX22 7JX", "postcodes": ["EX22 7JX"]}, "geometry": {"type": "Polygon", "coordinates": [[[-4.427625288678759, 50.834543849837075], [-4.424875984914301, 50.83208083626862], [-4.430414586182296, 50.827025771500566], [-4.438746774879585, 50.823605007583474], [-4.438829990304858, 50.82382999481297], [-4.439379990305149, 50.8240299948131], [-4.438949990304587, 50.8246399948136], [-4.440169990305367, 50.82478999481373], [-4.439759990304732, 50.825589994814365], [-4.440569990305245, 50.825699994814464], [-4.441579990305657, 50.826359994814986], [-4.441999990306125, 50.82594999481464], [-4.442259990306169, 50.826259994814905], [-4.442919990306701, 50.82608999481477], [-4.442779990306279, 50.82682999481535], [-4.443289990306756, 50.82654999481514], [-4.444159990306835, 50.8277499948161], [-4.4434399903061035, 50.828279994816526], [-4.444079990306135, 50.82921999481731], [-4.443789990305796, 50.82953999481757], [-4.444299990306048, 50.82976999481776], [-4.443799990305212, 50.83089999481868], [-4.444059990305172, 50.8313999948191], [-4.443169990304524, 50.831469994819145], [-4.443349990304428, 50.83197999481958], [-4.4427599903040615, 50.83187999481948], [-4.442549990303753, 50.8322599948198], [-4.442989990303867, 50.83268999482014], [-4.442579990303153, 50.83367999482094], [-4.443509990303419, 50.834549994821664], [-4.442757849416957, 50.834738032093064], [-4.427625288678759, 50.834543849837075]]]}}, {"type": "Feature", "properties": {"type": "postcode-cell", "postcode": "EX22 6LH", "postcodes": ["EX22 6LH"]}, "geometry": {"type": "Polygon", "coordinates": [[[-4.430488159164526, 50.795171425395296], [-4.426065259142608, 50.79482093690153], [-4.425461240992537, 50.78524638950405], [-4.439505285958652, 50.78588501960949], [-4.430488159164526, 50.795171425395296]]]}}, {"type": "Feature", "properties": {"type": "postcode-cell", "postcode": "EX22 6LG", "postcodes": ["EX22 6LG"]}, "geometry": {"type": "Polygon", "coordinates": [[[-4.425245586719701, 50.78514368690244], [-4.408438899693975, 50.7890448721552], [-4.405949099367185, 50.77600415789634], [-4.406047769877347, 50.775992907520255], [-4.422371128641992, 50.77680113548151], [-4.425245586719701, 50.78514368690244]]]}}, {"type": "Feature", "properties": {"type": "postcode-cell", "postcode": "EX22 7JZ", "postcodes": ["EX22 7JZ"]}, "geometry": {"type": "Polygon", "coordinates": [[[-4.4203348974706085, 50.8529455245907], [-4.422745443018584, 50.8449752904862], [-4.423842439199239, 50.84448399267094], [-4.430582170536553, 50.84339176846407], [-4.441615853253607, 50.8454984599535], [-4.441689990297162, 50.84600999483103], [-4.442099990297309, 50.84632999483131], [-4.441349990296669, 50.84660999483154], [-4.442239990297138, 50.8469399948318], [-4.440739990295691, 50.847879994832596], [-4.440899990295322, 50.84897999483348], [-4.440029990294453, 50.849589994833984], [-4.440479990294695, 50.84974999483413], [-4.440069990294325, 50.849949994834276], [-4.4400899902940125, 50.850689994834894], [-4.439649990293737, 50.85062999483485], [-4.439309990293192, 50.851339994835406], [-4.436429990290608, 50.85269999483656], [-4.437369990290692, 50.85399999483761], [-4.437333710623426, 50.855650720961165], [-4.4203348974706085, 50.8529455245907]]]}}, {"type": "Feature", "properties": {"type": "postcode-cell", "postcode": "EX22 7JT", "postcodes": ["EX22 7JT"]}, "geometry": {"type": "Polygon", "coordinates": [[[-4.430414586182296, 50.827025771500566], [-4.4166595751555775, 50.82277131395337], [-4.417506721375292, 50.8164934655859], [-4.428709082048782, 50.81197553758417], [-4.430359140693436, 50.81187794284966], [-4.443117084554478, 50.81605219550854], [-4.442609990310778, 50.81624999480673], [-4.443129990311038, 50.81647999480693], [-4.443239990310553, 50.81776999480797], [-4.442659990310091, 50.8179099948081], [-4.442599990310242, 50.81745999480771], [-4.442159990309944, 50.81744999480771], [-4.44121999030887, 50.81841999480852], [-4.441979990309252, 50.818749994808776], [-4.441359990308693, 50.81904999480903], [-4.442349990309069, 50.819759994809594], [-4.4424599903088415, 50.820449994810176], [-4.442049990308534, 50.820499994810206], [-4.442269990308576, 50.820759994810416], [-4.441799990307976, 50.82138999481093], [-4.441129990307472, 50.82148999481102], [-4.441109990307146, 50.82219999481161], [-4.4405699903067815, 50.82217999481158], [-4.440189990306345, 50.82257999481194], [-4.439969990306436, 50.82201999481146], [-4.439709990306024, 50.82254999481191], [-4.4392099903056526, 50.82260999481195], [-4.439219990305483, 50.823019994812284], [-4.438849990305315, 50.82281999481213], [-4.4385599903049915, 50.82309999481235], [-4.438746774879585, 50.823605007583474], [-4.430414586182296, 50.827025771500566]]]}}, {"type": "Feature", "properties": {"type": "postcode-cell", "postcode": "EX22 6LJ", "postcodes": ["EX22 6LJ"]}, "geometry": {"type": "Polygon", "coordinates": [[[-4.425027995942409, 50.795336027391706], [-4.421635574552281, 50.796766431010944], [-4.417249836852348, 50.79692010875085], [-4.409550518839224, 50.794183475187026], [-4.407888857287316, 50.78964889802727], [-4.408438899693975, 50.7890448721552], [-4.425245586719701, 50.78514368690244], [-4.425461240992537, 50.78524638950405], [-4.426065259142608, 50.79482093690153], [-4.425027995942409, 50.795336027391706]]]}}, {"type": "Feature", "properties": {"type": "postcode-cell", "postcode": "EX22 6XY", "postcodes": ["EX22 6XY"]}, "geometry": {"type": "Polygon", "coordinates": [[[-4.430386363672117, 50.80838996875658], [-4.421635574552281, 50.796766431010944], [-4.425027995942409, 50.795336027391706], [-4.433289027673307, 50.80331380563604], [-4.430386363672117, 50.80838996875658]]]}}, {"type": "Feature", "properties": {"type": "postcode-cell", "postcode": "EX22 6XZ", "postcodes": ["EX22 6XZ"]}, "geometry": {"type": "Polygon", "coordinates": [[[-4.430386363672117, 50.80838996875658], [-4.430359140693436, 50.81187794284966], [-4.428709082048782, 50.81197553758417], [-4.414871525931767, 50.80573259346478], [-4.417249836852348, 50.79692010875085], [-4.421635574552281, 50.796766431010944], [-4.430386363672117, 50.80838996875658]]]}}, {"type": "Feature", "properties": {"type": "postcode-cell", "postcode": "EX22 7JR", "postcodes": ["EX22 7JR"]}, "geometry": {"type": "Polygon", "coordinates": [[[-4.427625288678759, 50.834543849837075], [-4.430582170536553, 50.84339176846407], [-4.423842439199239, 50.84448399267094], [-4.4143740587306945, 50.83289474856242], [-4.424875984914301, 50.83208083626862], [-4.427625288678759, 50.834543849837075]]]}}, {"type": "Feature", "properties": {"type": "postcode-cell", "postcode": "EX22 7LA", "postcodes": ["EX22 7LA"]}, "geometry": {"type": "Polygon", "coordinates": [[[-4.411749519493211, 50.86227289791256], [-4.413861361737193, 50.856048589768164], [-4.4203348974706085, 50.8529455245907], [-4.437333710623426, 50.855650720961165], [-4.437329990289868, 50.85581999483911], [-4.436569990288793, 50.85707999484014], [-4.4335799902856605, 50.859519994842174], [-4.43294999028418, 50.86191999484415], [-4.433729990283156, 50.865509994847066], [-4.423419990275613, 50.8664399948479], [-4.420959990274064, 50.86608999484764], [-4.4209199902737915, 50.86664999484811], [-4.421789990274173, 50.867149994848496], [-4.421699990273971, 50.86747999484877], [-4.422089990274271, 50.86740999484871], [-4.423029990274687, 50.867949994849155], [-4.422509990274224, 50.86817999484936], [-4.4240899902750686, 50.86874999484979], [-4.424049990274939, 50.86898999485], [-4.423539990274618, 50.86890999484991], [-4.424129990274522, 50.87006999485087], [-4.423749990274054, 50.87053999485125], [-4.425039990274584, 50.87136999485194], [-4.424189990273613, 50.87224999485267], [-4.423459990273027, 50.87243999485281], [-4.423109990272449, 50.873209994853454], [-4.4229001768488665, 50.87328905781875], [-4.411749519493211, 50.86227289791256]]]}}, {"type": "Feature", "properties": {"type": "postcode-cell", "postcode": "EX22 7JS", "postcodes": ["EX22 7JS"]}, "geometry": {"type": "Polygon", "coordinates": [[[-4.424875984914301, 50.83208083626862], [-4.4143740587306945, 50.83289474856242], [-4.41176937933152, 50.83256573606261], [-4.410709052346997, 50.831832847394956], [-4.410609723489859, 50.82792526753719], [-4.4166595751555775, 50.82277131395337], [-4.430414586182296, 50.827025771500566], [-4.424875984914301, 50.83208083626862]]]}}, {"type": "Feature", "properties": {"type": "postcode-cell", "postcode": "EX22 7JN", "postcodes": ["EX22 7JN"]}, "geometry": {"type": "Polygon", "coordinates": [[[-4.411749519493211, 50.86227289791256], [-4.394060544936614, 50.86030063692481], [-4.393568416285583, 50.85989660359646], [-4.395039568097324, 50.84663292749423], [-4.39698462056823, 50.846093586266576], [-4.402514833816321, 50.84593114015653], [-4.413861361737193, 50.856048589768164], [-4.411749519493211, 50.86227289791256]]]}}, {"type": "Feature", "properties": {"type": "postcode-cell", "postcode": "EX22 6LN", "postcodes": ["EX22 6LN"]}, "geometry": {"type": "Polygon", "coordinates": [[[-4.417506721375292, 50.8164934655859], [-4.406207864232497, 50.81564093099778], [-4.402732496252899, 50.81334991054351], [-4.406576991410158, 50.80887691172514], [-4.4132207474642495, 50.80579569336857], [-4.414871525931767, 50.80573259346478], [-4.428709082048782, 50.81197553758417], [-4.417506721375292, 50.8164934655859]]]}}, {"type": "Feature", "properties": {"type": "postcode-cell", "postcode": "EX22 7JP", "postcodes": ["EX22 7JP"]}, "geometry": {"type": "Polygon", "coordinates": [[[-4.423842439199239, 50.84448399267094], [-4.422745443018584, 50.8449752904862], [-4.406609396973399, 50.844016276987645], [-4.41176937933152, 50.83256573606261], [-4.4143740587306945, 50.83289474856242], [-4.423842439199239, 50.84448399267094]]]}}, {"type": "Feature", "properties": {"type": "postcode-cell", "postcode": "EX22 6XX", "postcodes": ["EX22 6XX"]}, "geometry": {"type": "Polygon", "coordinates": [[[-4.414871525931767, 50.80573259346478], [-4.4132207474642495, 50.80579569336857], [-4.404631235094185, 50.80128869144048], [-4.403812330615392, 50.80067158838365], [-4.404961094775822, 50.79759785966206], [-4.409550518839224, 50.794183475187026], [-4.417249836852348, 50.79692010875085], [-4.414871525931767, 50.80573259346478]]]}}, {"type": "Feature", "properties": {"type": "postcode-cell", "postcode": "EX22 6YB", "postcodes": ["EX22 6YB"]}, "geometry": {"type": "Polygon", "coordinates": [[[-4.404631235094185, 50.80128869144048], [-4.404757888481036, 50.80706113467486], [-4.39881377191746, 50.804323197023415], [-4.401567170401023, 50.80204751109336], [-4.403047885527119, 50.80100822792743], [-4.403812330615392, 50.80067158838365], [-4.404631235094185, 50.80128869144048]]]}}, {"type": "Feature", "properties": {"type": "postcode-cell", "postcode": "EX22 7JB", "postcodes": ["EX22 7JB"]}, "geometry": {"type": "Polygon", "coordinates": [[[-4.4166595751555775, 50.82277131395337], [-4.410609723489859, 50.82792526753719], [-4.402618863457722, 50.822395714194414], [-4.406207864232497, 50.81564093099778], [-4.417506721375292, 50.8164934655859], [-4.4166595751555775, 50.82277131395337]]]}}, {"type": "Feature", "properties": {"type": "postcode-cell", "postcode": "EX22 7JW", "postcodes": ["EX22 7JW"]}, "geometry": {"type": "Polygon", "coordinates": [[[-4.4203348974706085, 50.8529455245907], [-4.413861361737193, 50.856048589768164], [-4.402514833816321, 50.84593114015653], [-4.406609396973399, 50.844016276987645], [-4.422745443018584, 50.8449752904862], [-4.4203348974706085, 50.8529455245907]]]}}, {"type": "Feature", "properties": {"type": "postcode-cell", "postcode": "EX22 7JD", "postcodes": ["EX22 7JD"]}, "geometry": {"type": "Polygon", "coordinates": [[[-4.410709052346997, 50.831832847394956], [-4.3962513777784995, 50.83236119519786], [-4.393679663340118, 50.83148935896748], [-4.388275952810775, 50.828322855613536], [-4.387697678643515, 50.827722556399564], [-4.3874287141912225, 50.82723684460304], [-4.386510417573787, 50.825073602613344], [-4.3869233607154845, 50.824754035572255], [-4.402618863457722, 50.822395714194414], [-4.410609723489859, 50.82792526753719], [-4.410709052346997, 50.831832847394956]]]}}, {"type": "Feature", "properties": {"type": "postcode-cell", "postcode": "EX22 7JF", "postcodes": ["EX22 7JF"]}, "geometry": {"type": "Polygon", "coordinates": [[[-4.41176937933152, 50.83256573606261], [-4.406609396973399, 50.844016276987645], [-4.402514833816321, 50.84593114015653], [-4.39698462056823, 50.846093586266576], [-4.3962513777784995, 50.83236119519786], [-4.410709052346997, 50.831832847394956], [-4.41176937933152, 50.83256573606261]]]}}, {"type": "Feature", "properties": {"type": "postcode-cell", "postcode": "EX22 6LA", "postcodes": ["EX22 6LA"]}, "geometry": {"type": "Polygon", "coordinates": [[[-4.409550518839224, 50.794183475187026], [-4.404961094775822, 50.79759785966206], [-4.396257874376958, 50.79667737685954], [-4.392921846999759, 50.79569039504741], [-4.395069539056444, 50.78992696970507], [-4.396345489771165, 50.788990257353724], [-4.407888857287316, 50.78964889802727], [-4.409550518839224, 50.794183475187026]]]}}, {"type": "Feature", "properties": {"type": "postcode-cell", "postcode": "EX22 6SH", "postcodes": ["EX22 6SH"]}, "geometry": {"type": "Polygon", "coordinates": [[[-4.407888857287316, 50.78964889802727], [-4.396345489771165, 50.788990257353724], [-4.390434372235847, 50.78293053277118], [-4.391459990290713, 50.78160999477903], [-4.39322999029355, 50.777919994776], [-4.393559990293639, 50.77822999477625], [-4.400809990299338, 50.776589994774824], [-4.405949099367185, 50.77600415789634], [-4.408438899693975, 50.7890448721552], [-4.407888857287316, 50.78964889802727]]]}}, {"type": "Feature", "properties": {"type": "postcode-cell", "postcode": "EX22 6LW", "postcodes": ["EX22 6LW"]}, "geometry": {"type": "Polygon", "coordinates": [[[-4.402732496252899, 50.81334991054351], [-4.399911511507668, 50.81298106928129], [-4.393144548162279, 50.80978360263577], [-4.3923723892693465, 50.80792538746499], [-4.396243458685452, 50.80540560456044], [-4.39881377191746, 50.804323197023415], [-4.404757888481036, 50.80706113467486], [-4.406576991410158, 50.80887691172514], [-4.402732496252899, 50.81334991054351]]]}}, {"type": "Feature", "properties": {"type": "postcode-cell", "postcode": "EX22 6YA", "postcodes": ["EX22 6YA"]}, "geometry": {"type": "Polygon", "coordinates": [[[-4.406576991410158, 50.80887691172514], [-4.404757888481036, 50.80706113467486], [-4.404631235094185, 50.80128869144048], [-4.4132207474642495, 50.80579569336857], [-4.406576991410158, 50.80887691172514]]]}}, {"type": "Feature", "properties": {"type": "postcode-cell", "postcode": "EX22 7JA", "postcodes": ["EX22 7JA"]}, "geometry": {"type": "Polygon", "coordinates": [[[-4.406207864232497, 50.81564093099778], [-4.402618863457722, 50.822395714194414], [-4.3869233607154845, 50.824754035572255], [-4.387523254628701, 50.82305700140966], [-4.399911511507668, 50.81298106928129], [-4.402732496252899, 50.81334991054351], [-4.406207864232497, 50.81564093099778]]]}}, {"type": "Feature", "properties": {"type": "postcode-cell", "postcode": "EX22 6ND", "postcodes": ["EX22 6ND"]}, "geometry": {"type": "Polygon", "coordinates": [[[-4.362509702675464, 50.79038372936299], [-4.346662795363448, 50.78709416509394], [-4.3452576443698145, 50.78437646193251], [-4.3465599902587275, 50.7843399947817], [-4.358589990266265, 50.78592999478288], [-4.358929990266391, 50.78616999478305], [-4.359049990267187, 50.78454999478175], [-4.359379990267475, 50.78440999478163], [-4.359969990267703, 50.78480999478195], [-4.360089990268133, 50.78401999478128], [-4.360999990268613, 50.784349994781564], [-4.360899990268713, 50.783959994781235], [-4.361419990269115, 50.783859994781146], [-4.363179990269718, 50.78522999478225], [-4.364879990270778, 50.785469994782424], [-4.366799990271715, 50.78632999478312], [-4.366954172308751, 50.78651461082916], [-4.362509702675464, 50.79038372936299]]]}}, {"type": "Feature", "properties": {"type": "postcode-cell", "postcode": "EX22 6SP", "postcodes": ["EX22 6SP"]}, "geometry": {"type": "Polygon", "coordinates": [[[-4.403812330615392, 50.80067158838365], [-4.403047885527119, 50.80100822792743], [-4.398344392317128, 50.80038273831946], [-4.395983667503267, 50.799186442896655], [-4.395882267792328, 50.79909563845216], [-4.396257874376958, 50.79667737685954], [-4.404961094775822, 50.79759785966206], [-4.403812330615392, 50.80067158838365]]]}}, {"type": "Feature", "properties": {"type": "postcode-cell", "postcode": "EX22 7PQ", "postcodes": ["EX22 7PQ"]}, "geometry": {"type": "Polygon", "coordinates": [[[-4.4229001768488665, 50.87328905781875], [-4.421039990270675, 50.87398999485411], [-4.417659990268171, 50.87436999485445], [-4.412549990264793, 50.874009994854205], [-4.410599990263318, 50.87429999485444], [-4.408319990261792, 50.87417999485438], [-4.407499990261022, 50.87464999485476], [-4.40467106206507, 50.87507572469832], [-4.39427246132256, 50.872365244877344], [-4.3914350928551595, 50.86504878856284], [-4.394060544936614, 50.86030063692481], [-4.411749519493211, 50.86227289791256], [-4.4229001768488665, 50.87328905781875]]]}}, {"type": "Feature", "properties": {"type": "postcode-cell", "postcode": "EX22 7JE", "postcodes": ["EX22 7JE"]}, "geometry": {"type": "Polygon", "coordinates": [[[-4.3962513777784995, 50.83236119519786], [-4.39698462056823, 50.846093586266576], [-4.395039568097324, 50.84663292749423], [-4.388890110017231, 50.84572158366787], [-4.385186585652564, 50.84183565446582], [-4.393679663340118, 50.83148935896748], [-4.3962513777784995, 50.83236119519786]]]}}, {"type": "Feature", "properties": {"type": "postcode-cell", "postcode": "EX22 7HY", "postcodes": ["EX22 7HY"]}, "geometry": {"type": "Polygon", "coordinates": [[[-4.3869233607154845, 50.824754035572255], [-4.386510417573787, 50.825073602613344], [-4.379528322288549, 50.82403287653895], [-4.375735021345329, 50.82236671778291], [-4.371189882863708, 50.817469732500705], [-4.37162467813889, 50.81673607072224], [-4.374582838846583, 50.81435203751228], [-4.385948739833673, 50.81535920753457], [-4.387523254628701, 50.82305700140966], [-4.3869233607154845, 50.824754035572255]]]}}, {"type": "Feature", "properties": {"type": "postcode-cell", "postcode": "EX22 6SR", "postcodes": ["EX22 6SR"]}, "geometry": {"type": "Polygon", "coordinates": [[[-4.398344392317128, 50.80038273831946], [-4.396423506996843, 50.800438861347004], [-4.395952513664916, 50.80014986597064], [-4.395983667503267, 50.799186442896655], [-4.398344392317128, 50.80038273831946]]]}}, {"type": "Feature", "properties": {"type": "postcode-cell", "postcode": "EX22 6SU", "postcodes": ["EX22 6SU"]}, "geometry": {"type": "Polygon", "coordinates": [[[-4.401567170401023, 50.80204751109336], [-4.39574763495505, 50.80131165737622], [-4.395692933809378, 50.80080301836058], [-4.396423506996843, 50.800438861347004], [-4.398344392317128, 50.80038273831946], [-4.403047885527119, 50.80100822792743], [-4.401567170401023, 50.80204751109336]]]}}, {"type": "Feature", "properties": {"type": "postcode-cell", "postcode": "EX22 6UQ", "postcodes": ["EX22 6UQ"]}, "geometry": {"type": "Polygon", "coordinates": [[[-4.395983667503267, 50.799186442896655], [-4.395952513664916, 50.80014986597064], [-4.394476742000058, 50.799821989649296], [-4.395882267792328, 50.79909563845216], [-4.395983667503267, 50.799186442896655]]]}}, {"type": "Feature", "properties": {"type": "postcode-cell", "postcode": "EX22 6XU", "postcodes": ["EX22 6XU"]}, "geometry": {"type": "Polygon", "coordinates": [[[-4.39574763495505, 50.80131165737622], [-4.401567170401023, 50.80204751109336], [-4.39881377191746, 50.804323197023415], [-4.396243458685452, 50.80540560456044], [-4.395598961865567, 50.80363407712904], [-4.3954291106523975, 50.801580776036964], [-4.39574763495505, 50.80131165737622]]]}}, {"type": "Feature", "properties": {"type": "postcode-cell", "postcode": "EX22 6ST", "postcodes": ["EX22 6ST"]}, "geometry": {"type": "Polygon", "coordinates": [[[-4.3954291106523975, 50.801580776036964], [-4.39380787145428, 50.801083103119105], [-4.393549610238106, 50.80053157505115], [-4.395692933809378, 50.80080301836058], [-4.39574763495505, 50.80131165737622], [-4.3954291106523975, 50.801580776036964]]]}}, {"type": "Feature", "properties": {"type": "postcode-cell", "postcode": "EX22 6SS", "postcodes": ["EX22 6SS"]}, "geometry": {"type": "Polygon", "coordinates": [[[-4.396423506996843, 50.800438861347004], [-4.395692933809378, 50.80080301836058], [-4.393549610238106, 50.80053157505115], [-4.393034413099073, 50.80010132115758], [-4.393030492819515, 50.80009287699916], [-4.394476742000058, 50.799821989649296], [-4.395952513664916, 50.80014986597064], [-4.396423506996843, 50.800438861347004]]]}}, {"type": "Feature", "properties": {"type": "postcode-cell", "postcode": "EX22 6SW", "postcodes": ["EX22 6SW"]}, "geometry": {"type": "Polygon", "coordinates": [[[-4.396257874376958, 50.79667737685954], [-4.395882267792328, 50.79909563845216], [-4.394476742000058, 50.799821989649296], [-4.393030492819515, 50.80009287699916], [-4.388910580080239, 50.79722045312907], [-4.392921846999759, 50.79569039504741], [-4.396257874376958, 50.79667737685954]]]}}, {"type": "Feature", "properties": {"type": "postcode-cell", "postcode": "EX22 6JZ", "postcodes": ["EX22 6JZ"]}, "geometry": {"type": "Polygon", "coordinates": [[[-4.395598961865567, 50.80363407712904], [-4.393783278390744, 50.8012857253854], [-4.39380787145428, 50.801083103119105], [-4.3954291106523975, 50.801580776036964], [-4.395598961865567, 50.80363407712904]]]}}, {"type": "Feature", "properties": {"type": "postcode-cell", "postcode": "EX22 7QA", "postcodes": ["EX22 7QA"]}, "geometry": {"type": "Polygon", "coordinates": [[[-4.39427246132256, 50.872365244877344], [-4.40467106206507, 50.87507572469832], [-4.4033799902579, 50.87526999485531], [-4.400829990255336, 50.87710999485683], [-4.400319990254656, 50.87786999485747], [-4.400899990254376, 50.87941999485872], [-4.399939990252508, 50.88217999486098], [-4.397649990251039, 50.881919994860795], [-4.395839990249727, 50.88205999486094], [-4.3896805674249455, 50.87374676097976], [-4.39427246132256, 50.872365244877344]]]}}, {"type": "Feature", "properties": {"type": "postcode-cell", "postcode": "EX22 7PJ", "postcodes": ["EX22 7PJ"]}, "geometry": {"type": "Polygon", "coordinates": [[[-4.394060544936614, 50.86030063692481], [-4.3914350928551595, 50.86504878856284], [-4.390350919765044, 50.86535645164241], [-4.377901710988307, 50.86763604522454], [-4.374127659503922, 50.8666364994703], [-4.373981135873605, 50.866358969359524], [-4.377174324721638, 50.86245810416216], [-4.392724438377927, 50.859804873189745], [-4.393568416285583, 50.85989660359646], [-4.394060544936614, 50.86030063692481]]]}}, {"type": "Feature", "properties": {"type": "postcode-cell", "postcode": "EX22 6JJ", "postcodes": ["EX22 6JJ"]}, "geometry": {"type": "Polygon", "coordinates": [[[-4.396243458685452, 50.80540560456044], [-4.3923723892693465, 50.80792538746499], [-4.391450581640652, 50.807448420905125], [-4.391818839690459, 50.80315904541723], [-4.393783278390744, 50.8012857253854], [-4.395598961865567, 50.80363407712904], [-4.396243458685452, 50.80540560456044]]]}}, {"type": "Feature", "properties": {"type": "postcode-cell", "postcode": "EX22 6TT", "postcodes": ["EX22 6TT"]}, "geometry": {"type": "Polygon", "coordinates": [[[-4.393034413099073, 50.80010132115758], [-4.391507477035307, 50.80197593102194], [-4.391120886582467, 50.801746287082686], [-4.387664155494935, 50.797356321311966], [-4.388910580080239, 50.79722045312907], [-4.393030492819515, 50.80009287699916], [-4.393034413099073, 50.80010132115758]]]}}, {"type": "Feature", "properties": {"type": "postcode-cell", "postcode": "EX22 6SZ", "postcodes": ["EX22 6SZ"]}, "geometry": {"type": "Polygon", "coordinates": [[[-4.39380787145428, 50.801083103119105], [-4.393783278390744, 50.8012857253854], [-4.391818839690459, 50.80315904541723], [-4.391507477035307, 50.80197593102194], [-4.393034413099073, 50.80010132115758], [-4.393549610238106, 50.80053157505115], [-4.39380787145428, 50.801083103119105]]]}}, {"type": "Feature", "properties": {"type": "postcode-cell", "postcode": "EX22 6SN", "postcodes": ["EX22 6SN"]}, "geometry": {"type": "Polygon", "coordinates": [[[-4.387664155494935, 50.797356321311966], [-4.380922874284806, 50.797728047811496], [-4.38066966165807, 50.79761683431888], [-4.380386851967888, 50.79190253834348], [-4.395069539056444, 50.78992696970507], [-4.392921846999759, 50.79569039504741], [-4.388910580080239, 50.79722045312907], [-4.387664155494935, 50.797356321311966]]]}}, {"type": "Feature", "properties": {"type": "postcode-cell", "postcode": "EX22 7HZ", "postcodes": ["EX22 7HZ"]}, "geometry": {"type": "Polygon", "coordinates": [[[-4.399911511507668, 50.81298106928129], [-4.387523254628701, 50.82305700140966], [-4.385948739833673, 50.81535920753457], [-4.3877126069096395, 50.81267774830519], [-4.393144548162279, 50.80978360263577], [-4.399911511507668, 50.81298106928129]]]}}, {"type": "Feature", "properties": {"type": "postcode-cell", "postcode": "EX22 6SX", "postcodes": ["EX22 6SX"]}, "geometry": {"type": "Polygon", "coordinates": [[[-4.391818839690459, 50.80315904541723], [-4.391450581640652, 50.807448420905125], [-4.384418224082756, 50.80512394662124], [-4.382581384864342, 50.80093320707062], [-4.391120886582467, 50.801746287082686], [-4.391507477035307, 50.80197593102194], [-4.391818839690459, 50.80315904541723]]]}}, {"type": "Feature", "properties": {"type": "postcode-cell", "postcode": "EX22 6LP", "postcodes": ["EX22 6LP"]}, "geometry": {"type": "Polygon", "coordinates": [[[-4.3923723892693465, 50.80792538746499], [-4.393144548162279, 50.80978360263577], [-4.3877126069096395, 50.81267774830519], [-4.376512350744292, 50.81034211832793], [-4.376256080899138, 50.80888979366293], [-4.384418224082756, 50.80512394662124], [-4.391450581640652, 50.807448420905125], [-4.3923723892693465, 50.80792538746499]]]}}, {"type": "Feature", "properties": {"type": "postcode-cell", "postcode": "EX22 6JY", "postcodes": ["EX22 6JY"]}, "geometry": {"type": "Polygon", "coordinates": [[[-4.384418224082756, 50.80512394662124], [-4.376256080899138, 50.80888979366293], [-4.3705942455995315, 50.80641857132956], [-4.370590508829839, 50.80169552769556], [-4.371461410575838, 50.79934896210637], [-4.38066966165807, 50.79761683431888], [-4.380922874284806, 50.797728047811496], [-4.382581384864342, 50.80093320707062], [-4.384418224082756, 50.80512394662124]]]}}, {"type": "Feature", "properties": {"type": "postcode-cell", "postcode": "EX22 6SY", "postcodes": ["EX22 6SY"]}, "geometry": {"type": "Polygon", "coordinates": [[[-4.391120886582467, 50.801746287082686], [-4.382581384864342, 50.80093320707062], [-4.380922874284806, 50.797728047811496], [-4.387664155494935, 50.797356321311966], [-4.391120886582467, 50.801746287082686]]]}}, {"type": "Feature", "properties": {"type": "postcode-cell", "postcode": "EX22 7JJ", "postcodes": ["EX22 7JJ"]}, "geometry": {"type": "Polygon", "coordinates": [[[-4.395039568097324, 50.84663292749423], [-4.393568416285583, 50.85989660359646], [-4.392724438377927, 50.859804873189745], [-4.378125875399012, 50.85463334985446], [-4.378389180627396, 50.849453271737424], [-4.388890110017231, 50.84572158366787], [-4.395039568097324, 50.84663292749423]]]}}, {"type": "Feature", "properties": {"type": "postcode-cell", "postcode": "EX22 7JG", "postcodes": ["EX22 7JG"]}, "geometry": {"type": "Polygon", "coordinates": [[[-4.393679663340118, 50.83148935896748], [-4.385186585652564, 50.84183565446582], [-4.382589367404698, 50.84034188758531], [-4.382543322704429, 50.8372016634266], [-4.388275952810775, 50.828322855613536], [-4.393679663340118, 50.83148935896748]]]}}, {"type": "Feature", "properties": {"type": "postcode-cell", "postcode": "EX22 6SL", "postcodes": ["EX22 6SL"]}, "geometry": {"type": "Polygon", "coordinates": [[[-4.395069539056444, 50.78992696970507], [-4.380386851967888, 50.79190253834348], [-4.380171728791965, 50.79161824222661], [-4.3817999902800056, 50.79087999478665], [-4.385189990282719, 50.789999994785894], [-4.386409990284102, 50.78874999478485], [-4.387509990284964, 50.78851999478468], [-4.388259990285958, 50.787429994783786], [-4.389059990287707, 50.78469999478157], [-4.390434372235847, 50.78293053277118], [-4.396345489771165, 50.788990257353724], [-4.395069539056444, 50.78992696970507]]]}}, {"type": "Feature", "properties": {"type": "postcode-cell", "postcode": "EX22 7PG", "postcodes": ["EX22 7PG"]}, "geometry": {"type": "Polygon", "coordinates": [[[-4.382690275321438, 50.87201282771143], [-4.390350919765044, 50.86535645164241], [-4.3914350928551595, 50.86504878856284], [-4.39427246132256, 50.872365244877344], [-4.3896805674249455, 50.87374676097976], [-4.38911999024905, 50.87298999485354], [-4.384701115701624, 50.87503989439847], [-4.382690275321438, 50.87201282771143]]]}}, {"type": "Feature", "properties": {"type": "postcode-cell", "postcode": "EX22 7PF", "postcodes": ["EX22 7PF"]}, "geometry": {"type": "Polygon", "coordinates": [[[-4.384701115701624, 50.87503989439847], [-4.3845499902449685, 50.87510999485532], [-4.380259990241833, 50.8755099948557], [-4.372269990235399, 50.87761999485748], [-4.370129990234138, 50.8771299948571], [-4.367989990232688, 50.87706999485707], [-4.364609990229715, 50.8785499948583], [-4.364172548217445, 50.87818271402506], [-4.374127659503922, 50.8666364994703], [-4.377901710988307, 50.86763604522454], [-4.382690275321438, 50.87201282771143], [-4.384701115701624, 50.87503989439847]]]}}, {"type": "Feature", "properties": {"type": "postcode-cell", "postcode": "EX22 7JH", "postcodes": ["EX22 7JH"]}, "geometry": {"type": "Polygon", "coordinates": [[[-4.388890110017231, 50.84572158366787], [-4.378389180627396, 50.849453271737424], [-4.3693409188375965, 50.84731627540318], [-4.372050670430622, 50.83939178211322], [-4.382589367404698, 50.84034188758531], [-4.385186585652564, 50.84183565446582], [-4.388890110017231, 50.84572158366787]]]}}, {"type": "Feature", "properties": {"type": "postcode-cell", "postcode": "EX22 7HX", "postcodes": ["EX22 7HX"]}, "geometry": {"type": "Polygon", "coordinates": [[[-4.385948739833673, 50.81535920753457], [-4.374582838846583, 50.81435203751228], [-4.376512350744292, 50.81034211832793], [-4.3877126069096395, 50.81267774830519], [-4.385948739833673, 50.81535920753457]]]}}, {"type": "Feature", "properties": {"type": "postcode-cell", "postcode": "EX22 7JQ", "postcodes": ["EX22 7JQ"]}, "geometry": {"type": "Polygon", "coordinates": [[[-4.388275952810775, 50.828322855613536], [-4.382543322704429, 50.8372016634266], [-4.380792236484053, 50.83625284683148], [-4.3778547928685985, 50.833834242783034], [-4.387697678643515, 50.827722556399564], [-4.388275952810775, 50.828322855613536]]]}}, {"type": "Feature", "properties": {"type": "postcode-cell", "postcode": "EX22 7PH", "postcodes": ["EX22 7PH"]}, "geometry": {"type": "Polygon", "coordinates": [[[-4.382690275321438, 50.87201282771143], [-4.377901710988307, 50.86763604522454], [-4.390350919765044, 50.86535645164241], [-4.382690275321438, 50.87201282771143]]]}}, {"type": "Feature", "properties": {"type": "postcode-cell", "postcode": "EX22 7FD", "postcodes": ["EX22 7FD"]}, "geometry": {"type": "Polygon", "coordinates": [[[-4.374582838846583, 50.81435203751228], [-4.37162467813889, 50.81673607072224], [-4.367880291601883, 50.81265902027715], [-4.370425329029501, 50.806471853926915], [-4.3705942455995315, 50.80641857132956], [-4.376256080899138, 50.80888979366293], [-4.376512350744292, 50.81034211832793], [-4.374582838846583, 50.81435203751228]]]}}, {"type": "Feature", "properties": {"type": "postcode-cell", "postcode": "EX22 7BD", "postcodes": ["EX22 7BD"]}, "geometry": {"type": "Polygon", "coordinates": [[[-4.3778547928685985, 50.833834242783034], [-4.376143519519899, 50.83416717282193], [-4.375720074364704, 50.83178425863882], [-4.3874287141912225, 50.82723684460304], [-4.387697678643515, 50.827722556399564], [-4.3778547928685985, 50.833834242783034]]]}}, {"type": "Feature", "properties": {"type": "postcode-cell", "postcode": "EX22 7NJ", "postcodes": ["EX22 7NJ"]}, "geometry": {"type": "Polygon", "coordinates": [[[-4.373981135873605, 50.866358969359524], [-4.363660362268328, 50.86251521933229], [-4.370104522601366, 50.85699187005384], [-4.374930768375839, 50.85673645452016], [-4.377174324721638, 50.86245810416216], [-4.373981135873605, 50.866358969359524]]]}}, {"type": "Feature", "properties": {"type": "postcode-cell", "postcode": "EX22 7BH", "postcodes": ["EX22 7BH"]}, "geometry": {"type": "Polygon", "coordinates": [[[-4.382543322704429, 50.8372016634266], [-4.382589367404698, 50.84034188758531], [-4.372050670430622, 50.83939178211322], [-4.369157014838853, 50.836696923726], [-4.373076837616236, 50.835424958617864], [-4.380792236484053, 50.83625284683148], [-4.382543322704429, 50.8372016634266]]]}}, {"type": "Feature", "properties": {"type": "postcode-cell", "postcode": "EX22 7FL", "postcodes": ["EX22 7FL"]}, "geometry": {"type": "Polygon", "coordinates": [[[-4.380792236484053, 50.83625284683148], [-4.373076837616236, 50.835424958617864], [-4.376143519519899, 50.83416717282193], [-4.3778547928685985, 50.833834242783034], [-4.380792236484053, 50.83625284683148]]]}}, {"type": "Feature", "properties": {"type": "postcode-cell", "postcode": "EX22 7JL", "postcodes": ["EX22 7JL"]}, "geometry": {"type": "Polygon", "coordinates": [[[-4.392724438377927, 50.859804873189745], [-4.377174324721638, 50.86245810416216], [-4.374930768375839, 50.85673645452016], [-4.378125875399012, 50.85463334985446], [-4.392724438377927, 50.859804873189745]]]}}, {"type": "Feature", "properties": {"type": "postcode-cell", "postcode": "EX22 6NE", "postcodes": ["EX22 6NE"]}, "geometry": {"type": "Polygon", "coordinates": [[[-4.38066966165807, 50.79761683431888], [-4.371461410575838, 50.79934896210637], [-4.3635627032134146, 50.79622202924357], [-4.361526369328227, 50.7942602838575], [-4.362509702675464, 50.79038372936299], [-4.366954172308751, 50.78651461082916], [-4.367559990271836, 50.787239994783846], [-4.370849990273344, 50.78893999478519], [-4.373139990274166, 50.790639994786545], [-4.37678999027613, 50.79186999478751], [-4.379439990277914, 50.79194999478756], [-4.380171728791965, 50.79161824222661], [-4.380386851967888, 50.79190253834348], [-4.38066966165807, 50.79761683431888]]]}}, {"type": "Feature", "properties": {"type": "postcode-cell", "postcode": "EX22 7BB", "postcodes": ["EX22 7BB"]}, "geometry": {"type": "Polygon", "coordinates": [[[-4.3874287141912225, 50.82723684460304], [-4.375720074364704, 50.83178425863882], [-4.370649876354095, 50.83055688642067], [-4.379528322288549, 50.82403287653895], [-4.386510417573787, 50.825073602613344], [-4.3874287141912225, 50.82723684460304]]]}}, {"type": "Feature", "properties": {"type": "postcode-cell", "postcode": "EX22 7BQ", "postcodes": ["EX22 7BQ"]}, "geometry": {"type": "Polygon", "coordinates": [[[-4.369157014838853, 50.836696923726], [-4.3646046914091885, 50.83486429764387], [-4.364887024241586, 50.83338112924691], [-4.370649876354095, 50.83055688642067], [-4.375720074364704, 50.83178425863882], [-4.376143519519899, 50.83416717282193], [-4.373076837616236, 50.835424958617864], [-4.369157014838853, 50.836696923726]]]}}, {"type": "Feature", "properties": {"type": "postcode-cell", "postcode": "EX22 7BJ", "postcodes": ["EX22 7BJ"]}, "geometry": {"type": "Polygon", "coordinates": [[[-4.372050670430622, 50.83939178211322], [-4.3693409188375965, 50.84731627540318], [-4.361203011809411, 50.84889800060624], [-4.3500886346276655, 50.84509417078425], [-4.353004742997492, 50.838943797762276], [-4.3646046914091885, 50.83486429764387], [-4.369157014838853, 50.836696923726], [-4.372050670430622, 50.83939178211322]]]}}, {"type": "Feature", "properties": {"type": "postcode-cell", "postcode": "EX22 7NH", "postcodes": ["EX22 7NH"]}, "geometry": {"type": "Polygon", "coordinates": [[[-4.374930768375839, 50.85673645452016], [-4.370104522601366, 50.85699187005384], [-4.361752853687356, 50.85113254366643], [-4.361203011809411, 50.84889800060624], [-4.3693409188375965, 50.84731627540318], [-4.378389180627396, 50.849453271737424], [-4.378125875399012, 50.85463334985446], [-4.374930768375839, 50.85673645452016]]]}}, {"type": "Feature", "properties": {"type": "postcode-cell", "postcode": "EX22 7BG", "postcodes": ["EX22 7BG"]}, "geometry": {"type": "Polygon", "coordinates": [[[-4.379528322288549, 50.82403287653895], [-4.370649876354095, 50.83055688642067], [-4.364887024241586, 50.83338112924691], [-4.361389772168767, 50.827603911635364], [-4.364177919477358, 50.82592427542089], [-4.375735021345329, 50.82236671778291], [-4.379528322288549, 50.82403287653895]]]}}, {"type": "Feature", "properties": {"type": "postcode-cell", "postcode": "EX22 7NL", "postcodes": ["EX22 7NL"]}, "geometry": {"type": "Polygon", "coordinates": [[[-4.363660362268328, 50.86251521933229], [-4.373981135873605, 50.866358969359524], [-4.374127659503922, 50.8666364994703], [-4.364172548217445, 50.87818271402506], [-4.363549990229371, 50.877659994857574], [-4.3634099902291075, 50.878039994857886], [-4.362579990228746, 50.87755999485753], [-4.361349990227823, 50.87772999485766], [-4.361279990227909, 50.87742999485741], [-4.360429990227331, 50.87740999485738], [-4.36074999022764, 50.87720999485724], [-4.360469990227549, 50.87696999485703], [-4.360299990227294, 50.87728999485731], [-4.359329990226606, 50.87733999485735], [-4.359069990226737, 50.87662999485676], [-4.3584999902262735, 50.87678999485691], [-4.358489990226476, 50.876309994856506], [-4.358059990226221, 50.876219994856456], [-4.357159990225458, 50.876539994856714], [-4.356489990225415, 50.87558999485596], [-4.357789990226723, 50.874649994855154], [-4.357989990227386, 50.87344999485418], [-4.358459990227759, 50.87333999485408], [-4.358429990227946, 50.872869994853694], [-4.359309990228821, 50.8722499948532], [-4.358789990228968, 50.871099994852244], [-4.359879990230069, 50.870299994851585], [-4.361719990232345, 50.86799999484968], [-4.359263706502747, 50.86264096990568], [-4.363660362268328, 50.86251521933229]]]}}, {"type": "Feature", "properties": {"type": "postcode-cell", "postcode": "EX22 7LX", "postcodes": ["EX22 7LX"]}, "geometry": {"type": "Polygon", "coordinates": [[[-4.308724644590487, 50.88650997637477], [-4.309418995487703, 50.88525465584451], [-4.318155856573295, 50.878967776726796], [-4.325927133723436, 50.87927799718725], [-4.325679990202302, 50.87996999485978], [-4.327459990202917, 50.881359994860894], [-4.329759990204138, 50.88216999486152], [-4.330929990204536, 50.88309999486228], [-4.331569990204473, 50.884239994863194], [-4.330929990203964, 50.88439999486337], [-4.3288299902021015, 50.885349994864136], [-4.32356999019816, 50.88609999486479], [-4.3212099901961025, 50.88708999486564], [-4.319719990194287, 50.888889994867114], [-4.317909990192794, 50.8894599948676], [-4.308456779044771, 50.89034654959423], [-4.308724644590487, 50.88650997637477]]]}}, {"type": "Feature", "properties": {"type": "postcode-cell", "postcode": "EX22 6JX", "postcodes": ["EX22 6JX"]}, "geometry": {"type": "Polygon", "coordinates": [[[-4.3705942455995315, 50.80641857132956], [-4.370425329029501, 50.806471853926915], [-4.36079216729554, 50.808540955744384], [-4.356804805004521, 50.808610965006146], [-4.357635769048684, 50.804520374926106], [-4.370590508829839, 50.80169552769556], [-4.3705942455995315, 50.80641857132956]]]}}, {"type": "Feature", "properties": {"type": "postcode-cell", "postcode": "EX22 7NQ", "postcodes": ["EX22 7NQ"]}, "geometry": {"type": "Polygon", "coordinates": [[[-4.370104522601366, 50.85699187005384], [-4.363660362268328, 50.86251521933229], [-4.359263706502747, 50.86264096990568], [-4.35874999023314, 50.86151999484439], [-4.35856999023396, 50.85937999484267], [-4.357452150011678, 50.85917541832247], [-4.361752853687356, 50.85113254366643], [-4.370104522601366, 50.85699187005384]]]}}, {"type": "Feature", "properties": {"type": "postcode-cell", "postcode": "EX22 7BE", "postcodes": ["EX22 7BE"]}, "geometry": {"type": "Polygon", "coordinates": [[[-4.364177919477358, 50.82592427542089], [-4.362705686210343, 50.81767159648604], [-4.371189882863708, 50.817469732500705], [-4.375735021345329, 50.82236671778291], [-4.364177919477358, 50.82592427542089]]]}}, {"type": "Feature", "properties": {"type": "postcode-cell", "postcode": "EX22 7FE", "postcodes": ["EX22 7FE"]}, "geometry": {"type": "Polygon", "coordinates": [[[-4.36079216729554, 50.808540955744384], [-4.370425329029501, 50.806471853926915], [-4.367880291601883, 50.81265902027715], [-4.36079216729554, 50.808540955744384]]]}}, {"type": "Feature", "properties": {"type": "postcode-cell", "postcode": "EX22 7HU", "postcodes": ["EX22 7HU"]}, "geometry": {"type": "Polygon", "coordinates": [[[-4.367880291601883, 50.81265902027715], [-4.37162467813889, 50.81673607072224], [-4.371189882863708, 50.817469732500705], [-4.362705686210343, 50.81767159648604], [-4.353731895415124, 50.816681321239436], [-4.352525712993263, 50.81605014676257], [-4.353038075390756, 50.81071780968932], [-4.356804805004521, 50.808610965006146], [-4.36079216729554, 50.808540955744384], [-4.367880291601883, 50.81265902027715]]]}}, {"type": "Feature", "properties": {"type": "postcode-cell", "postcode": "EX22 6JS", "postcodes": ["EX22 6JS"]}, "geometry": {"type": "Polygon", "coordinates": [[[-4.362705686210343, 50.81767159648604], [-4.364177919477358, 50.82592427542089], [-4.361389772168767, 50.827603911635364], [-4.359287955130336, 50.826938074902436], [-4.356068904444561, 50.82434113510727], [-4.353731895415124, 50.816681321239436], [-4.362705686210343, 50.81767159648604]]]}}, {"type": "Feature", "properties": {"type": "postcode-cell", "postcode": "EX22 7BL", "postcodes": ["EX22 7BL"]}, "geometry": {"type": "Polygon", "coordinates": [[[-4.3646046914091885, 50.83486429764387], [-4.353004742997492, 50.838943797762276], [-4.348572031012274, 50.83462514395402], [-4.350882110984007, 50.83042566792587], [-4.359287955130336, 50.826938074902436], [-4.361389772168767, 50.827603911635364], [-4.364887024241586, 50.83338112924691], [-4.3646046914091885, 50.83486429764387]]]}}, {"type": "Feature", "properties": {"type": "postcode-cell", "postcode": "EX22 6JU", "postcodes": ["EX22 6JU"]}, "geometry": {"type": "Polygon", "coordinates": [[[-4.370590508829839, 50.80169552769556], [-4.357635769048684, 50.804520374926106], [-4.357485334274747, 50.8037937319323], [-4.3635627032134146, 50.79622202924357], [-4.371461410575838, 50.79934896210637], [-4.370590508829839, 50.80169552769556]]]}}, {"type": "Feature", "properties": {"type": "postcode-cell", "postcode": "EX22 6LZ", "postcodes": ["EX22 6LZ"]}, "geometry": {"type": "Polygon", "coordinates": [[[-4.357635769048684, 50.804520374926106], [-4.356804805004521, 50.808610965006146], [-4.353038075390756, 50.81071780968932], [-4.3453766130502185, 50.80709888686462], [-4.352277811884067, 50.80063564334836], [-4.357485334274747, 50.8037937319323], [-4.357635769048684, 50.804520374926106]]]}}, {"type": "Feature", "properties": {"type": "postcode-cell", "postcode": "EX22 7NG", "postcodes": ["EX22 7NG"]}, "geometry": {"type": "Polygon", "coordinates": [[[-4.361752853687356, 50.85113254366643], [-4.357452150011678, 50.85917541832247], [-4.354799990231667, 50.85868999484215], [-4.350419990229332, 50.857149994840924], [-4.349579572399467, 50.85693436413164], [-4.348894041237142, 50.84590440819128], [-4.349144228848813, 50.84539102421207], [-4.3500886346276655, 50.84509417078425], [-4.361203011809411, 50.84889800060624], [-4.361752853687356, 50.85113254366643]]]}}, {"type": "Feature", "properties": {"type": "postcode-cell", "postcode": "EX22 6NA", "postcodes": ["EX22 6NA"]}, "geometry": {"type": "Polygon", "coordinates": [[[-4.3635627032134146, 50.79622202924357], [-4.357485334274747, 50.8037937319323], [-4.352277811884067, 50.80063564334836], [-4.349315165610149, 50.79675393815595], [-4.349427015606631, 50.79656185393313], [-4.361526369328227, 50.7942602838575], [-4.3635627032134146, 50.79622202924357]]]}}, {"type": "Feature", "properties": {"type": "postcode-cell", "postcode": "EX22 7NF", "postcodes": ["EX22 7NF"]}, "geometry": {"type": "MultiPolygon", "coordinates": [[[[-4.336394475878387, 50.85929735221555], [-4.337129990218961, 50.859969994843325], [-4.33604789884944, 50.86035434323031], [-4.336394475878387, 50.85929735221555]]], [[[-4.3371668265281444, 50.85694166902127], [-4.337599990220509, 50.85717999484104], [-4.336997641540653, 50.85745770599367], [-4.3371668265281444, 50.85694166902127]]], [[[-4.348894041237142, 50.84590440819128], [-4.349579572399467, 50.85693436413164], [-4.346249990226935, 50.85607999484009], [-4.340472664227803, 50.85345692559388], [-4.348894041237142, 50.84590440819128]]]]}}, {"type": "Feature", "properties": {"type": "postcode-cell", "postcode": "EX22 6NB", "postcodes": ["EX22 6NB"]}, "geometry": {"type": "Polygon", "coordinates": [[[-4.349427015606631, 50.79656185393313], [-4.344597760433269, 50.79209595784322], [-4.346662795363448, 50.78709416509394], [-4.362509702675464, 50.79038372936299], [-4.361526369328227, 50.7942602838575], [-4.349427015606631, 50.79656185393313]]]}}, {"type": "Feature", "properties": {"type": "postcode-cell", "postcode": "EX22 6RW", "postcodes": ["EX22 6RW"]}, "geometry": {"type": "Polygon", "coordinates": [[[-4.346662795363448, 50.78709416509394], [-4.344597760433269, 50.79209595784322], [-4.3294733655731, 50.79404314631196], [-4.324313199748985, 50.78641885571244], [-4.326659990244219, 50.786379994783545], [-4.3280799902448495, 50.787149994784166], [-4.3291399902455865, 50.78711999478415], [-4.330509990246867, 50.786339994783496], [-4.333369990249043, 50.785839994783046], [-4.3368999902522765, 50.78397999478151], [-4.3426299902559915, 50.784449994781816], [-4.3452576443698145, 50.78437646193251], [-4.346662795363448, 50.78709416509394]]]}}, {"type": "Feature", "properties": {"type": "postcode-cell", "postcode": "EX22 7HH", "postcodes": ["EX22 7HH"]}, "geometry": {"type": "Polygon", "coordinates": [[[-4.359287955130336, 50.826938074902436], [-4.350882110984007, 50.83042566792587], [-4.348560375712353, 50.82662458391855], [-4.356068904444561, 50.82434113510727], [-4.359287955130336, 50.826938074902436]]]}}, {"type": "Feature", "properties": {"type": "postcode-cell", "postcode": "EX22 7FA", "postcodes": ["EX22 7FA"]}, "geometry": {"type": "Polygon", "coordinates": [[[-4.356068904444561, 50.82434113510727], [-4.348560375712353, 50.82662458391855], [-4.339682867132896, 50.82445090900757], [-4.338749015062051, 50.81987800940524], [-4.352525712993263, 50.81605014676257], [-4.353731895415124, 50.816681321239436], [-4.356068904444561, 50.82434113510727]]]}}, {"type": "Feature", "properties": {"type": "postcode-cell", "postcode": "EX22 7BN", "postcodes": ["EX22 7BN"]}, "geometry": {"type": "Polygon", "coordinates": [[[-4.3500886346276655, 50.84509417078425], [-4.349144228848813, 50.84539102421207], [-4.345374931330652, 50.84500461934303], [-4.335136547318406, 50.84096015823928], [-4.331049178027197, 50.837716559525376], [-4.332941558726599, 50.83226009472513], [-4.336843606469964, 50.83082991269039], [-4.348572031012274, 50.83462514395402], [-4.353004742997492, 50.838943797762276], [-4.3500886346276655, 50.84509417078425]]]}}, {"type": "Feature", "properties": {"type": "postcode-cell", "postcode": "EX22 6NQ", "postcodes": ["EX22 6NQ"]}, "geometry": {"type": "Polygon", "coordinates": [[[-4.349315165610149, 50.79675393815595], [-4.34120107481936, 50.80129723107245], [-4.328730459769359, 50.79867178600376], [-4.3294733655731, 50.79404314631196], [-4.344597760433269, 50.79209595784322], [-4.349427015606631, 50.79656185393313], [-4.349315165610149, 50.79675393815595]]]}}, {"type": "Feature", "properties": {"type": "postcode-cell", "postcode": "EX22 6NF", "postcodes": ["EX22 6NF"]}, "geometry": {"type": "Polygon", "coordinates": [[[-4.352277811884067, 50.80063564334836], [-4.3453766130502185, 50.80709888686462], [-4.34443282026994, 50.806792131054955], [-4.34120107481936, 50.80129723107245], [-4.349315165610149, 50.79675393815595], [-4.352277811884067, 50.80063564334836]]]}}, {"type": "Feature", "properties": {"type": "postcode-cell", "postcode": "EX22 7FT", "postcodes": ["EX22 7FT"]}, "geometry": {"type": "Polygon", "coordinates": [[[-4.348572031012274, 50.83462514395402], [-4.336843606469964, 50.83082991269039], [-4.339682867132896, 50.82445090900757], [-4.348560375712353, 50.82662458391855], [-4.350882110984007, 50.83042566792587], [-4.348572031012274, 50.83462514395402]]]}}, {"type": "Feature", "properties": {"type": "postcode-cell", "postcode": "EX22 6JN", "postcodes": ["EX22 6JN"]}, "geometry": {"type": "Polygon", "coordinates": [[[-4.338749015062051, 50.81987800940524], [-4.33605864033503, 50.819016830083704], [-4.3336906090081975, 50.80994795799543], [-4.34443282026994, 50.806792131054955], [-4.3453766130502185, 50.80709888686462], [-4.353038075390756, 50.81071780968932], [-4.352525712993263, 50.81605014676257], [-4.338749015062051, 50.81987800940524]]]}}, {"type": "Feature", "properties": {"type": "postcode-cell", "postcode": "EX22 6NZ", "postcodes": ["EX22 6NZ"]}, "geometry": {"type": "Polygon", "coordinates": [[[-4.339682867132896, 50.82445090900757], [-4.336843606469964, 50.83082991269039], [-4.332941558726599, 50.83226009472513], [-4.321919221277468, 50.828884050338225], [-4.325076992217988, 50.819816629502], [-4.33605864033503, 50.819016830083704], [-4.338749015062051, 50.81987800940524], [-4.339682867132896, 50.82445090900757]]]}}, {"type": "Feature", "properties": {"type": "postcode-cell", "postcode": "EX22 7NE", "postcodes": ["EX22 7NE"]}, "geometry": {"type": "Polygon", "coordinates": [[[-4.334037421827422, 50.852527679451825], [-4.337999899748201, 50.84731492685568], [-4.345374931330652, 50.84500461934303], [-4.349144228848813, 50.84539102421207], [-4.348894041237142, 50.84590440819128], [-4.340472664227803, 50.85345692559388], [-4.336889990222374, 50.85182999483669], [-4.336709990221386, 50.8537999948383], [-4.335946456298478, 50.854609612517685], [-4.334037421827422, 50.852527679451825]]]}}, {"type": "Feature", "properties": {"type": "postcode-cell", "postcode": "EX22 7ND", "postcodes": ["EX22 7ND"]}, "geometry": {"type": "Polygon", "coordinates": [[[-4.335946456298478, 50.854609612517685], [-4.335549990220048, 50.85502999483932], [-4.335309990219488, 50.85591999484004], [-4.3371668265281444, 50.85694166902127], [-4.336997641540653, 50.85745770599367], [-4.336059990219141, 50.85788999484164], [-4.335959990218629, 50.85889999484246], [-4.336394475878387, 50.85929735221555], [-4.33604789884944, 50.86035434323031], [-4.331019990213809, 50.86213999484515], [-4.330129714430373, 50.86258514879074], [-4.320157488931767, 50.85664310229795], [-4.321561057581798, 50.85097634061881], [-4.3266333516052216, 50.85106289266059], [-4.331131853048997, 50.85148374410513], [-4.334037421827422, 50.852527679451825], [-4.335946456298478, 50.854609612517685]]]}}, {"type": "Feature", "properties": {"type": "postcode-cell", "postcode": "EX22 6NH", "postcodes": ["EX22 6NH"]}, "geometry": {"type": "Polygon", "coordinates": [[[-4.34120107481936, 50.80129723107245], [-4.34443282026994, 50.806792131054955], [-4.3336906090081975, 50.80994795799543], [-4.328689041095029, 50.80781945482665], [-4.32774692849532, 50.79938330953651], [-4.328730459769359, 50.79867178600376], [-4.34120107481936, 50.80129723107245]]]}}, {"type": "Feature", "properties": {"type": "postcode-cell", "postcode": "EX22 7NA", "postcodes": ["EX22 7NA"]}, "geometry": {"type": "Polygon", "coordinates": [[[-4.337999899748201, 50.84731492685568], [-4.334037421827422, 50.852527679451825], [-4.331131853048997, 50.85148374410513], [-4.336308522156985, 50.84782361718722], [-4.336976545093324, 50.84746713378919], [-4.337999899748201, 50.84731492685568]]]}}, {"type": "Feature", "properties": {"type": "postcode-cell", "postcode": "EX22 7BP", "postcodes": ["EX22 7BP"]}, "geometry": {"type": "Polygon", "coordinates": [[[-4.336976545093324, 50.84746713378919], [-4.32612162927831, 50.84697041724129], [-4.335136547318406, 50.84096015823928], [-4.345374931330652, 50.84500461934303], [-4.337999899748201, 50.84731492685568], [-4.336976545093324, 50.84746713378919]]]}}, {"type": "Feature", "properties": {"type": "postcode-cell", "postcode": "EX22 6JW", "postcodes": ["EX22 6JW"]}, "geometry": {"type": "Polygon", "coordinates": [[[-4.3336906090081975, 50.80994795799543], [-4.33605864033503, 50.819016830083704], [-4.325076992217988, 50.819816629502], [-4.317888375595274, 50.81687979568343], [-4.317783671097648, 50.81213650442046], [-4.318018623957425, 50.81186267381691], [-4.328689041095029, 50.80781945482665], [-4.3336906090081975, 50.80994795799543]]]}}, {"type": "Feature", "properties": {"type": "postcode-cell", "postcode": "EX22 6NL", "postcodes": ["EX22 6NL"]}, "geometry": {"type": "Polygon", "coordinates": [[[-4.3294733655731, 50.79404314631196], [-4.328730459769359, 50.79867178600376], [-4.32774692849532, 50.79938330953651], [-4.315974724909672, 50.80068299051401], [-4.30525392046019, 50.793437666903856], [-4.300664128700595, 50.78739996901825], [-4.3007399902261225, 50.78728999478456], [-4.301519990226833, 50.786889994784225], [-4.301109990226748, 50.78644999478389], [-4.302379990227878, 50.78584999478338], [-4.3021999902279635, 50.785379994783], [-4.303029990228671, 50.78505999478273], [-4.302969990228783, 50.784719994782456], [-4.303779990229324, 50.78473999478246], [-4.3049599902306985, 50.78345999478143], [-4.3061699902316555, 50.78315999478117], [-4.3066699902318195, 50.78355999478149], [-4.307349990232472, 50.78312999478113], [-4.308069990231966, 50.785379994782936], [-4.311699990233066, 50.78849999478543], [-4.314379990235197, 50.78781999478485], [-4.318789990238388, 50.78740999478449], [-4.319539990239093, 50.786969994784094], [-4.323639990242133, 50.78642999478363], [-4.324313199748985, 50.78641885571244], [-4.3294733655731, 50.79404314631196]]]}}, {"type": "Feature", "properties": {"type": "postcode-cell", "postcode": "EX22 7LF", "postcodes": ["EX22 7LF"]}, "geometry": {"type": "Polygon", "coordinates": [[[-4.318155856573295, 50.878967776726796], [-4.315192899029469, 50.87674302268148], [-4.3143228164362295, 50.875786011931254], [-4.312437674292212, 50.87257718270061], [-4.314583212794887, 50.86937893374301], [-4.326441478742793, 50.86731774738437], [-4.3235099902053165, 50.86972999485143], [-4.323729990205211, 50.870309994851894], [-4.32551999020644, 50.87030999485188], [-4.325749990206335, 50.87090999485237], [-4.32531999020567, 50.87174999485307], [-4.3256399902056435, 50.872309994853495], [-4.324859990204717, 50.87319999485426], [-4.324859990204365, 50.873999994854884], [-4.325639990204478, 50.874959994855686], [-4.325079990203387, 50.87655999485699], [-4.326029990202974, 50.87898999485898], [-4.325927133723436, 50.87927799718725], [-4.318155856573295, 50.878967776726796]]]}}, {"type": "Feature", "properties": {"type": "postcode-cell", "postcode": "EX22 7NB", "postcodes": ["EX22 7NB"]}, "geometry": {"type": "Polygon", "coordinates": [[[-4.331131853048997, 50.85148374410513], [-4.3266333516052216, 50.85106289266059], [-4.336308522156985, 50.84782361718722], [-4.331131853048997, 50.85148374410513]]]}}, {"type": "Feature", "properties": {"type": "postcode-cell", "postcode": "EX22 7BR", "postcodes": ["EX22 7BR"]}, "geometry": {"type": "Polygon", "coordinates": [[[-4.335136547318406, 50.84096015823928], [-4.32612162927831, 50.84697041724129], [-4.32075252282928, 50.84827210106637], [-4.31857689127131, 50.84644936760243], [-4.316844291214576, 50.84103567160491], [-4.331049178027197, 50.837716559525376], [-4.335136547318406, 50.84096015823928]]]}}, {"type": "Feature", "properties": {"type": "postcode-cell", "postcode": "EX22 7BW", "postcodes": ["EX22 7BW"]}, "geometry": {"type": "Polygon", "coordinates": [[[-4.336308522156985, 50.84782361718722], [-4.3266333516052216, 50.85106289266059], [-4.321561057581798, 50.85097634061881], [-4.32075252282928, 50.84827210106637], [-4.32612162927831, 50.84697041724129], [-4.336976545093324, 50.84746713378919], [-4.336308522156985, 50.84782361718722]]]}}, {"type": "Feature", "properties": {"type": "postcode-cell", "postcode": "EX22 7DT", "postcodes": ["EX22 7DT"]}, "geometry": {"type": "Polygon", "coordinates": [[[-4.320157488931767, 50.85664310229795], [-4.312528058817188, 50.85775771578904], [-4.306034061390663, 50.85359876346825], [-4.305248269507737, 50.84959643462387], [-4.31857689127131, 50.84644936760243], [-4.32075252282928, 50.84827210106637], [-4.321561057581798, 50.85097634061881], [-4.320157488931767, 50.85664310229795]]]}}, {"type": "Feature", "properties": {"type": "postcode-cell", "postcode": "EX22 6NY", "postcodes": ["EX22 6NY"]}, "geometry": {"type": "Polygon", "coordinates": [[[-4.331049178027197, 50.837716559525376], [-4.316844291214576, 50.84103567160491], [-4.303484057949688, 50.833654323916136], [-4.304314689591816, 50.833128333553944], [-4.321919221277468, 50.828884050338225], [-4.332941558726599, 50.83226009472513], [-4.331049178027197, 50.837716559525376]]]}}, {"type": "Feature", "properties": {"type": "postcode-cell", "postcode": "EX22 6NX", "postcodes": ["EX22 6NX"]}, "geometry": {"type": "Polygon", "coordinates": [[[-4.325076992217988, 50.819816629502], [-4.321919221277468, 50.828884050338225], [-4.304314689591816, 50.833128333553944], [-4.310808296408317, 50.81921170583156], [-4.317888375595274, 50.81687979568343], [-4.325076992217988, 50.819816629502]]]}}, {"type": "Feature", "properties": {"type": "postcode-cell", "postcode": "EX22 6NJ", "postcodes": ["EX22 6NJ"]}, "geometry": {"type": "Polygon", "coordinates": [[[-4.328689041095029, 50.80781945482665], [-4.318018623957425, 50.81186267381691], [-4.314198039855251, 50.80290436887105], [-4.315974724909672, 50.80068299051401], [-4.32774692849532, 50.79938330953651], [-4.328689041095029, 50.80781945482665]]]}}, {"type": "Feature", "properties": {"type": "postcode-cell", "postcode": "EX22 7DW", "postcodes": ["EX22 7DW"]}, "geometry": {"type": "Polygon", "coordinates": [[[-4.330129714430373, 50.86258514879074], [-4.32823999021129, 50.8635299948463], [-4.3271799902091646, 50.866709994848904], [-4.326441478742793, 50.86731774738437], [-4.314583212794887, 50.86937893374301], [-4.309829934548471, 50.86631602340884], [-4.310451091348417, 50.859303024131485], [-4.312528058817188, 50.85775771578904], [-4.320157488931767, 50.85664310229795], [-4.330129714430373, 50.86258514879074]]]}}, {"type": "Feature", "properties": {"type": "postcode-cell", "postcode": "EX22 6NP", "postcodes": ["EX22 6NP"]}, "geometry": {"type": "Polygon", "coordinates": [[[-4.317783671097648, 50.81213650442046], [-4.298634817105292, 50.808270655211466], [-4.3011969168064725, 50.80656851867358], [-4.314198039855251, 50.80290436887105], [-4.318018623957425, 50.81186267381691], [-4.317783671097648, 50.81213650442046]]]}}, {"type": "Feature", "properties": {"type": "postcode-cell", "postcode": "EX22 7BS", "postcodes": ["EX22 7BS"]}, "geometry": {"type": "Polygon", "coordinates": [[[-4.316844291214576, 50.84103567160491], [-4.31857689127131, 50.84644936760243], [-4.305248269507737, 50.84959643462387], [-4.302406365332207, 50.84824278997581], [-4.300908112228705, 50.83732860675827], [-4.3019110428080065, 50.8338098316078], [-4.303484057949688, 50.833654323916136], [-4.316844291214576, 50.84103567160491]]]}}, {"type": "Feature", "properties": {"type": "postcode-cell", "postcode": "EX22 7LH", "postcodes": ["EX22 7LH"]}, "geometry": {"type": "Polygon", "coordinates": [[[-4.283058391901053, 50.88865230186746], [-4.289905174129943, 50.88589395679809], [-4.290567906528581, 50.885920615225544], [-4.298125580534092, 50.89063545995295], [-4.297039990177872, 50.89081999486886], [-4.294899990176376, 50.890879994868925], [-4.291879990174018, 50.89152999486949], [-4.283809990168396, 50.89173999486974], [-4.281909990166942, 50.89207999487001], [-4.280939990165984, 50.89274999487057], [-4.280783416032414, 50.892688054366644], [-4.283058391901053, 50.88865230186746]]]}}, {"type": "Feature", "properties": {"type": "postcode-cell", "postcode": "EX22 7NP", "postcodes": ["EX22 7NP"]}, "geometry": {"type": "Polygon", "coordinates": [[[-4.3143228164362295, 50.875786011931254], [-4.307424310058086, 50.87740349829184], [-4.3026440372060355, 50.87586716478249], [-4.30490344861752, 50.87351406569987], [-4.312437674292212, 50.87257718270061], [-4.3143228164362295, 50.875786011931254]]]}}, {"type": "Feature", "properties": {"type": "postcode-cell", "postcode": "EX22 7NR", "postcodes": ["EX22 7NR"]}, "geometry": {"type": "Polygon", "coordinates": [[[-4.315192899029469, 50.87674302268148], [-4.308037713709118, 50.878853934312986], [-4.307424310058086, 50.87740349829184], [-4.3143228164362295, 50.875786011931254], [-4.315192899029469, 50.87674302268148]]]}}, {"type": "Feature", "properties": {"type": "postcode-cell", "postcode": "EX22 7LU", "postcodes": ["EX22 7LU"]}, "geometry": {"type": "Polygon", "coordinates": [[[-4.318155856573295, 50.878967776726796], [-4.309418995487703, 50.88525465584451], [-4.306646502519233, 50.880520548392546], [-4.308037713709118, 50.878853934312986], [-4.315192899029469, 50.87674302268148], [-4.318155856573295, 50.878967776726796]]]}}, {"type": "Feature", "properties": {"type": "postcode-cell", "postcode": "EX22 6NW", "postcodes": ["EX22 6NW"]}, "geometry": {"type": "Polygon", "coordinates": [[[-4.30525392046019, 50.793437666903856], [-4.3011969168064725, 50.80656851867358], [-4.298634817105292, 50.808270655211466], [-4.298461504408226, 50.80831741847925], [-4.283575846986486, 50.799912021101854], [-4.283879990209062, 50.79985999479494], [-4.285159990210309, 50.799019994794236], [-4.286349990211135, 50.79897999479419], [-4.28737999021225, 50.79804999479342], [-4.288589990213103, 50.79797999479335], [-4.288659990213459, 50.79728999479279], [-4.290199990214766, 50.79670999479231], [-4.290819990215133, 50.79682999479239], [-4.29112999021561, 50.796229994791894], [-4.291919990216178, 50.79616999479185], [-4.293899990218163, 50.79472999479067], [-4.294129990218578, 50.79414999479019], [-4.296049990220132, 50.79359999478972], [-4.297119990220844, 50.79363999478976], [-4.297539990221633, 50.79249999478881], [-4.298609990222655, 50.79183999478828], [-4.298159990222716, 50.79100999478759], [-4.298589990223074, 50.79085999478747], [-4.29887999022364, 50.7900299947868], [-4.299629990224247, 50.789819994786626], [-4.299449990224416, 50.789159994786104], [-4.300664128700595, 50.78739996901825], [-4.30525392046019, 50.793437666903856]]]}}, {"type": "Feature", "properties": {"type": "postcode-cell", "postcode": "EX22 6NR", "postcodes": ["EX22 6NR"]}, "geometry": {"type": "Polygon", "coordinates": [[[-4.317888375595274, 50.81687979568343], [-4.310808296408317, 50.81921170583156], [-4.299675842191806, 50.815647973332865], [-4.298126953989578, 50.809110938517584], [-4.298461504408226, 50.80831741847925], [-4.298634817105292, 50.808270655211466], [-4.317783671097648, 50.81213650442046], [-4.317888375595274, 50.81687979568343]]]}}, {"type": "Feature", "properties": {"type": "postcode-cell", "postcode": "EX22 6NN", "postcodes": ["EX22 6NN"]}, "geometry": {"type": "Polygon", "coordinates": [[[-4.314198039855251, 50.80290436887105], [-4.3011969168064725, 50.80656851867358], [-4.30525392046019, 50.793437666903856], [-4.315974724909672, 50.80068299051401], [-4.314198039855251, 50.80290436887105]]]}}, {"type": "Feature", "properties": {"type": "postcode-cell", "postcode": "EX22 6NT", "postcodes": ["EX22 6NT"]}, "geometry": {"type": "Polygon", "coordinates": [[[-4.304314689591816, 50.833128333553944], [-4.303484057949688, 50.833654323916136], [-4.3019110428080065, 50.8338098316078], [-4.298530545700191, 50.833085068702104], [-4.2941177176225365, 50.81966585651648], [-4.299675842191806, 50.815647973332865], [-4.310808296408317, 50.81921170583156], [-4.304314689591816, 50.833128333553944]]]}}, {"type": "Feature", "properties": {"type": "postcode-cell", "postcode": "EX22 7NT", "postcodes": ["EX22 7NT"]}, "geometry": {"type": "Polygon", "coordinates": [[[-4.309418995487703, 50.88525465584451], [-4.308724644590487, 50.88650997637477], [-4.298028002768939, 50.88067016813287], [-4.297284525961249, 50.87773945941679], [-4.300607663726654, 50.87708453412731], [-4.306646502519233, 50.880520548392546], [-4.309418995487703, 50.88525465584451]]]}}, {"type": "Feature", "properties": {"type": "postcode-cell", "postcode": "EX22 7NS", "postcodes": ["EX22 7NS"]}, "geometry": {"type": "Polygon", "coordinates": [[[-4.306646502519233, 50.880520548392546], [-4.300607663726654, 50.87708453412731], [-4.3026440372060355, 50.87586716478249], [-4.307424310058086, 50.87740349829184], [-4.308037713709118, 50.878853934312986], [-4.306646502519233, 50.880520548392546]]]}}, {"type": "Feature", "properties": {"type": "postcode-cell", "postcode": "EX22 7DN", "postcodes": ["EX22 7DN"]}, "geometry": {"type": "Polygon", "coordinates": [[[-4.312437674292212, 50.87257718270061], [-4.30490344861752, 50.87351406569987], [-4.297535163277623, 50.86742471360079], [-4.309829934548471, 50.86631602340884], [-4.314583212794887, 50.86937893374301], [-4.312437674292212, 50.87257718270061]]]}}, {"type": "Feature", "properties": {"type": "postcode-cell", "postcode": "EX22 7DP", "postcodes": ["EX22 7DP"]}, "geometry": {"type": "Polygon", "coordinates": [[[-4.309829934548471, 50.86631602340884], [-4.297535163277623, 50.86742471360079], [-4.2972574189187975, 50.86736483753903], [-4.2970872363168136, 50.867292785575906], [-4.29581884126997, 50.86620920656414], [-4.295766137945069, 50.86105966050912], [-4.310451091348417, 50.859303024131485], [-4.309829934548471, 50.86631602340884]]]}}, {"type": "Feature", "properties": {"type": "postcode-cell", "postcode": "EX22 7DR", "postcodes": ["EX22 7DR"]}, "geometry": {"type": "Polygon", "coordinates": [[[-4.310451091348417, 50.859303024131485], [-4.295766137945069, 50.86105966050912], [-4.293946501590737, 50.85941703763068], [-4.293339029393212, 50.85603590581958], [-4.306034061390663, 50.85359876346825], [-4.312528058817188, 50.85775771578904], [-4.310451091348417, 50.859303024131485]]]}}, {"type": "Feature", "properties": {"type": "postcode-cell", "postcode": "EX22 7DL", "postcodes": ["EX22 7DL"]}, "geometry": {"type": "Polygon", "coordinates": [[[-4.297535163277623, 50.86742471360079], [-4.30490344861752, 50.87351406569987], [-4.3026440372060355, 50.87586716478249], [-4.300607663726654, 50.87708453412731], [-4.297284525961249, 50.87773945941679], [-4.296445533240169, 50.87751006177317], [-4.2972574189187975, 50.86736483753903], [-4.297535163277623, 50.86742471360079]]]}}, {"type": "Feature", "properties": {"type": "postcode-cell", "postcode": "EX22 7BT", "postcodes": ["EX22 7BT"]}, "geometry": {"type": "Polygon", "coordinates": [[[-4.302406365332207, 50.84824278997581], [-4.299566538302695, 50.84900721390929], [-4.2944221433735805, 50.84714814637524], [-4.292881971678343, 50.84528493346941], [-4.300908112228705, 50.83732860675827], [-4.302406365332207, 50.84824278997581]]]}}, {"type": "Feature", "properties": {"type": "postcode-cell", "postcode": "EX22 7DS", "postcodes": ["EX22 7DS"]}, "geometry": {"type": "Polygon", "coordinates": [[[-4.306034061390663, 50.85359876346825], [-4.293339029393212, 50.85603590581958], [-4.291523429458496, 50.854100706111275], [-4.299566538302695, 50.84900721390929], [-4.302406365332207, 50.84824278997581], [-4.305248269507737, 50.84959643462387], [-4.306034061390663, 50.85359876346825]]]}}, {"type": "Feature", "properties": {"type": "postcode-cell", "postcode": "EX22 7YB", "postcodes": ["EX22 7YB"]}, "geometry": {"type": "Polygon", "coordinates": [[[-4.235631406744464, 50.81296858174834], [-4.231155988771863, 50.82357618961288], [-4.219622642838069, 50.82454954121142], [-4.219549990154715, 50.823709994814905], [-4.219059990154436, 50.823589994814824], [-4.21917999015482, 50.82290999481427], [-4.21780999015397, 50.82272999481413], [-4.217809990154132, 50.82236999481384], [-4.216359990153629, 50.82128999481298], [-4.216649990154351, 50.820109994812015], [-4.217799990155335, 50.819649994811634], [-4.218079990155917, 50.81876999481092], [-4.217689990155827, 50.81837999481062], [-4.219559990157483, 50.817509994809896], [-4.221389990159375, 50.81604999480869], [-4.222099990159807, 50.81615999480877], [-4.222129990160081, 50.8155899948083], [-4.222909990160866, 50.81501999480782], [-4.223609990161371, 50.81494999480777], [-4.223969990161827, 50.814469994807354], [-4.225259990162744, 50.814379994807275], [-4.22543999016307, 50.81391999480691], [-4.2257299901631535, 50.81417999480713], [-4.227359990164535, 50.8135599948066], [-4.228009990164765, 50.814039994807], [-4.228249990165218, 50.81337999480645], [-4.229259990165808, 50.81359999480661], [-4.230989990167081, 50.813379994806425], [-4.230959990167357, 50.812709994805886], [-4.231669990167851, 50.812689994805865], [-4.231569990167957, 50.81228999480553], [-4.232189990168588, 50.811819994805134], [-4.233979990169644, 50.81217999480542], [-4.235109681911619, 50.81200932335078], [-4.235631406744464, 50.81296858174834]]]}}, {"type": "Feature", "properties": {"type": "postcode-cell", "postcode": "EX22 6NS", "postcodes": ["EX22 6NS"]}, "geometry": {"type": "Polygon", "coordinates": [[[-4.299675842191806, 50.815647973332865], [-4.2941177176225365, 50.81966585651648], [-4.278838458581121, 50.81764657269805], [-4.279012468245111, 50.81558986682392], [-4.298126953989578, 50.809110938517584], [-4.299675842191806, 50.815647973332865]]]}}, {"type": "Feature", "properties": {"type": "postcode-cell", "postcode": "EX22 7NX", "postcodes": ["EX22 7NX"]}, "geometry": {"type": "Polygon", "coordinates": [[[-4.308456779044771, 50.89034654959423], [-4.308099990185652, 50.890379994868454], [-4.3010399901809135, 50.890139994868264], [-4.300125276770859, 50.89029550992473], [-4.29683758930241, 50.88198652617469], [-4.298028002768939, 50.88067016813287], [-4.308724644590487, 50.88650997637477], [-4.308456779044771, 50.89034654959423]]]}}, {"type": "Feature", "properties": {"type": "postcode-cell", "postcode": "EX22 7NU", "postcodes": ["EX22 7NU"]}, "geometry": {"type": "Polygon", "coordinates": [[[-4.29683758930241, 50.88198652617469], [-4.2914607595554335, 50.88459586143354], [-4.290518489822843, 50.879088861929496], [-4.291533408574947, 50.87729169875996], [-4.296445533240169, 50.87751006177317], [-4.297284525961249, 50.87773945941679], [-4.298028002768939, 50.88067016813287], [-4.29683758930241, 50.88198652617469]]]}}, {"type": "Feature", "properties": {"type": "postcode-cell", "postcode": "EX22 7DJ", "postcodes": ["EX22 7DJ"]}, "geometry": {"type": "Polygon", "coordinates": [[[-4.2972574189187975, 50.86736483753903], [-4.296445533240169, 50.87751006177317], [-4.291533408574947, 50.87729169875996], [-4.289426829204234, 50.8762314336437], [-4.290596799700435, 50.87286947372967], [-4.2970872363168136, 50.867292785575906], [-4.2972574189187975, 50.86736483753903]]]}}, {"type": "Feature", "properties": {"type": "postcode-cell", "postcode": "EX22 7BX", "postcodes": ["EX22 7BX"]}, "geometry": {"type": "Polygon", "coordinates": [[[-4.300908112228705, 50.83732860675827], [-4.292881971678343, 50.84528493346941], [-4.288954783388672, 50.846340465616436], [-4.282661621749401, 50.844811657603806], [-4.278824724973875, 50.839402976169914], [-4.278964364070726, 50.838869169088554], [-4.284650422819682, 50.83352546920659], [-4.298530545700191, 50.833085068702104], [-4.3019110428080065, 50.8338098316078], [-4.300908112228705, 50.83732860675827]]]}}, {"type": "Feature", "properties": {"type": "postcode-cell", "postcode": "EX22 7BU", "postcodes": ["EX22 7BU"]}, "geometry": {"type": "Polygon", "coordinates": [[[-4.291523429458496, 50.854100706111275], [-4.290657727992032, 50.85374349365319], [-4.2906518514674215, 50.851156315986344], [-4.2944221433735805, 50.84714814637524], [-4.299566538302695, 50.84900721390929], [-4.291523429458496, 50.854100706111275]]]}}, {"type": "Feature", "properties": {"type": "postcode-cell", "postcode": "EX22 7DE", "postcodes": ["EX22 7DE"]}, "geometry": {"type": "Polygon", "coordinates": [[[-4.291523429458496, 50.854100706111275], [-4.293339029393212, 50.85603590581958], [-4.293946501590737, 50.85941703763068], [-4.2888961156435, 50.86029724312331], [-4.280139174086177, 50.85853506433411], [-4.282803376817142, 50.85450814531634], [-4.286535324793336, 50.85338346062012], [-4.290657727992032, 50.85374349365319], [-4.291523429458496, 50.854100706111275]]]}}, {"type": "Feature", "properties": {"type": "postcode-cell", "postcode": "EX22 7DQ", "postcodes": ["EX22 7DQ"]}, "geometry": {"type": "Polygon", "coordinates": [[[-4.2970872363168136, 50.867292785575906], [-4.290596799700435, 50.87286947372967], [-4.282431272722971, 50.86778665900593], [-4.29581884126997, 50.86620920656414], [-4.2970872363168136, 50.867292785575906]]]}}, {"type": "Feature", "properties": {"type": "postcode-cell", "postcode": "EX22 7BY", "postcodes": ["EX22 7BY"]}, "geometry": {"type": "Polygon", "coordinates": [[[-4.2944221433735805, 50.84714814637524], [-4.2906518514674215, 50.851156315986344], [-4.288954783388672, 50.846340465616436], [-4.292881971678343, 50.84528493346941], [-4.2944221433735805, 50.84714814637524]]]}}, {"type": "Feature", "properties": {"type": "postcode-cell", "postcode": "EX22 7LJ", "postcodes": ["EX22 7LJ"]}, "geometry": {"type": "Polygon", "coordinates": [[[-4.300125276770859, 50.89029550992473], [-4.298125580534092, 50.89063545995295], [-4.290567906528581, 50.885920615225544], [-4.2914607595554335, 50.88459586143354], [-4.29683758930241, 50.88198652617469], [-4.300125276770859, 50.89029550992473]]]}}, {"type": "Feature", "properties": {"type": "postcode-cell", "postcode": "EX22 7NY", "postcodes": ["EX22 7NY"]}, "geometry": {"type": "Polygon", "coordinates": [[[-4.290567906528581, 50.885920615225544], [-4.289905174129943, 50.88589395679809], [-4.284221177142993, 50.882687220284964], [-4.290518489822843, 50.879088861929496], [-4.2914607595554335, 50.88459586143354], [-4.290567906528581, 50.885920615225544]]]}}, {"type": "Feature", "properties": {"type": "postcode-cell", "postcode": "EX22 7BZ", "postcodes": ["EX22 7BZ"]}, "geometry": {"type": "Polygon", "coordinates": [[[-4.290657727992032, 50.85374349365319], [-4.286535324793336, 50.85338346062012], [-4.281678026317611, 50.848335932139726], [-4.282661621749401, 50.844811657603806], [-4.288954783388672, 50.846340465616436], [-4.2906518514674215, 50.851156315986344], [-4.290657727992032, 50.85374349365319]]]}}, {"type": "Feature", "properties": {"type": "postcode-cell", "postcode": "EX22 7DG", "postcodes": ["EX22 7DG"]}, "geometry": {"type": "Polygon", "coordinates": [[[-4.29581884126997, 50.86620920656414], [-4.282431272722971, 50.86778665900593], [-4.279222272031833, 50.86777600086051], [-4.278674483873979, 50.86537744770607], [-4.2888961156435, 50.86029724312331], [-4.293946501590737, 50.85941703763068], [-4.295766137945069, 50.86105966050912], [-4.29581884126997, 50.86620920656414]]]}}, {"type": "Feature", "properties": {"type": "postcode-cell", "postcode": "EX22 7YQ", "postcodes": ["EX22 7YQ"]}, "geometry": {"type": "Polygon", "coordinates": [[[-4.278838458581121, 50.81764657269805], [-4.272655059044081, 50.82348745728056], [-4.267311878650875, 50.82301560891693], [-4.264741962413715, 50.822670196619896], [-4.262472976765202, 50.81902956762271], [-4.262513850047871, 50.81376138319389], [-4.265284277403498, 50.8030224359052], [-4.266809990195894, 50.80333999479793], [-4.268769990197974, 50.80165999479655], [-4.271413410647182, 50.80304218899275], [-4.279012468245111, 50.81558986682392], [-4.278838458581121, 50.81764657269805]]]}}, {"type": "Feature", "properties": {"type": "postcode-cell", "postcode": "EX22 6JP", "postcodes": ["EX22 6JP"]}, "geometry": {"type": "Polygon", "coordinates": [[[-4.298126953989578, 50.809110938517584], [-4.279012468245111, 50.81558986682392], [-4.271413410647182, 50.80304218899275], [-4.274239990200427, 50.804519994798795], [-4.275149990201127, 50.80433999479865], [-4.277829990203776, 50.80247999479713], [-4.278099990204217, 50.80189999479662], [-4.28095999020631, 50.80157999479635], [-4.281499990206851, 50.801189994796026], [-4.281239990206841, 50.800809994795735], [-4.281839990207251, 50.800809994795706], [-4.28235999020791, 50.80011999479516], [-4.283575846986486, 50.799912021101854], [-4.298461504408226, 50.80831741847925], [-4.298126953989578, 50.809110938517584]]]}}, {"type": "Feature", "properties": {"type": "postcode-cell", "postcode": "EX22 7DH", "postcodes": ["EX22 7DH"]}, "geometry": {"type": "Polygon", "coordinates": [[[-4.289426829204234, 50.8762314336437], [-4.279831243834687, 50.87554123644919], [-4.27734144266195, 50.869673918382254], [-4.279222272031833, 50.86777600086051], [-4.282431272722971, 50.86778665900593], [-4.290596799700435, 50.87286947372967], [-4.289426829204234, 50.8762314336437]]]}}, {"type": "Feature", "properties": {"type": "postcode-cell", "postcode": "EX22 6NU", "postcodes": ["EX22 6NU"]}, "geometry": {"type": "Polygon", "coordinates": [[[-4.298530545700191, 50.833085068702104], [-4.284650422819682, 50.83352546920659], [-4.275930085572371, 50.827283456770374], [-4.272655059044081, 50.82348745728056], [-4.278838458581121, 50.81764657269805], [-4.2941177176225365, 50.81966585651648], [-4.298530545700191, 50.833085068702104]]]}}, {"type": "Feature", "properties": {"type": "postcode-cell", "postcode": "EX22 7AZ", "postcodes": ["EX22 7AZ"]}, "geometry": {"type": "Polygon", "coordinates": [[[-4.281678026317611, 50.848335932139726], [-4.2754846435139156, 50.85021433537812], [-4.267363982907386, 50.8472086743767], [-4.278824724973875, 50.839402976169914], [-4.282661621749401, 50.844811657603806], [-4.281678026317611, 50.848335932139726]]]}}, {"type": "Feature", "properties": {"type": "postcode-cell", "postcode": "EX22 7NZ", "postcodes": ["EX22 7NZ"]}, "geometry": {"type": "Polygon", "coordinates": [[[-4.290518489822843, 50.879088861929496], [-4.284221177142993, 50.882687220284964], [-4.276712121530125, 50.88166620769497], [-4.275039146669224, 50.88101900649347], [-4.279831243834687, 50.87554123644919], [-4.289426829204234, 50.8762314336437], [-4.291533408574947, 50.87729169875996], [-4.290518489822843, 50.879088861929496]]]}}, {"type": "Feature", "properties": {"type": "postcode-cell", "postcode": "EX22 7XY", "postcodes": ["EX22 7XY"]}, "geometry": {"type": "Polygon", "coordinates": [[[-4.262513850047871, 50.81376138319389], [-4.2523079157546295, 50.81372446733591], [-4.249796191913584, 50.804839661352375], [-4.2501499901841555, 50.804249994798845], [-4.251019990184791, 50.80414999479873], [-4.251549990185726, 50.80285999479768], [-4.252089990186189, 50.802639994797495], [-4.252079990186573, 50.80175999479678], [-4.253429990188628, 50.7991999947947], [-4.253899990189008, 50.7990699947946], [-4.256279990190198, 50.80002999479535], [-4.258539990191247, 50.8011299947962], [-4.260099990191742, 50.80240999479724], [-4.262149990193153, 50.80236999479719], [-4.265284277403498, 50.8030224359052], [-4.262513850047871, 50.81376138319389]]]}}, {"type": "Feature", "properties": {"type": "postcode-cell", "postcode": "EX22 7DA", "postcodes": ["EX22 7DA"]}, "geometry": {"type": "Polygon", "coordinates": [[[-4.286535324793336, 50.85338346062012], [-4.282803376817142, 50.85450814531634], [-4.276474348969281, 50.85334086074528], [-4.2754846435139156, 50.85021433537812], [-4.281678026317611, 50.848335932139726], [-4.286535324793336, 50.85338346062012]]]}}, {"type": "Feature", "properties": {"type": "postcode-cell", "postcode": "EX22 7LL", "postcodes": ["EX22 7LL"]}, "geometry": {"type": "Polygon", "coordinates": [[[-4.275039146669224, 50.88101900649347], [-4.276712121530125, 50.88166620769497], [-4.283058391901053, 50.88865230186746], [-4.280783416032414, 50.892688054366644], [-4.28002999016552, 50.892389994870285], [-4.27988999016575, 50.891649994869674], [-4.277969990165221, 50.88986999486826], [-4.2729899901630235, 50.887129994866065], [-4.272829990163159, 50.886569994865596], [-4.273479990163701, 50.88634999486543], [-4.2732299901636495, 50.886079994865206], [-4.2720599901627265, 50.88635999486545], [-4.270379990161749, 50.88596999486513], [-4.268879990160665, 50.88609999486524], [-4.268659990160711, 50.88564999486486], [-4.267719990159946, 50.88592999486512], [-4.26757999016004, 50.88549999486476], [-4.264229990157852, 50.88526999486459], [-4.264466169226724, 50.883567538309876], [-4.275039146669224, 50.88101900649347]]]}}, {"type": "Feature", "properties": {"type": "postcode-cell", "postcode": "EX22 7DF", "postcodes": ["EX22 7DF"]}, "geometry": {"type": "Polygon", "coordinates": [[[-4.278674483873979, 50.86537744770607], [-4.27609292965413, 50.86227109908994], [-4.276152990309228, 50.86066976615375], [-4.280139174086177, 50.85853506433411], [-4.2888961156435, 50.86029724312331], [-4.278674483873979, 50.86537744770607]]]}}, {"type": "Feature", "properties": {"type": "postcode-cell", "postcode": "EX22 7PB", "postcodes": ["EX22 7PB"]}, "geometry": {"type": "Polygon", "coordinates": [[[-4.275039146669224, 50.88101900649347], [-4.264466169226724, 50.883567538309876], [-4.26446999015878, 50.88353999486318], [-4.263479990158776, 50.88201999486194], [-4.263549990159181, 50.88120999486128], [-4.26414999015975, 50.88084999486099], [-4.262779990158964, 50.880509994860724], [-4.262469990159273, 50.87932999485978], [-4.2618799901590325, 50.878959994859464], [-4.261379990158604, 50.87915999485964], [-4.2620599901588525, 50.87964999486002], [-4.261379990158419, 50.87957999485998], [-4.260229990158243, 50.87819999485887], [-4.259049990157269, 50.87857999485917], [-4.2584399901573855, 50.87736999485819], [-4.257719990156897, 50.87736999485822], [-4.257669990157079, 50.87687999485781], [-4.256799990156577, 50.87666999485764], [-4.257149990157143, 50.87592999485704], [-4.253581927643832, 50.874488178690214], [-4.2648162236770135, 50.87021348371019], [-4.27734144266195, 50.869673918382254], [-4.279831243834687, 50.87554123644919], [-4.275039146669224, 50.88101900649347]]]}}, {"type": "Feature", "properties": {"type": "postcode-cell", "postcode": "EX22 7PA", "postcodes": ["EX22 7PA"]}, "geometry": {"type": "Polygon", "coordinates": [[[-4.289905174129943, 50.88589395679809], [-4.283058391901053, 50.88865230186746], [-4.276712121530125, 50.88166620769497], [-4.284221177142993, 50.882687220284964], [-4.289905174129943, 50.88589395679809]]]}}, {"type": "Feature", "properties": {"type": "postcode-cell", "postcode": "EX22 7AU", "postcodes": ["EX22 7AU"]}, "geometry": {"type": "Polygon", "coordinates": [[[-4.27734144266195, 50.869673918382254], [-4.2648162236770135, 50.87021348371019], [-4.265389769918228, 50.86572825390912], [-4.266985554034156, 50.86294797989195], [-4.27609292965413, 50.86227109908994], [-4.278674483873979, 50.86537744770607], [-4.279222272031833, 50.86777600086051], [-4.27734144266195, 50.869673918382254]]]}}, {"type": "Feature", "properties": {"type": "postcode-cell", "postcode": "EX22 7DD", "postcodes": ["EX22 7DD"]}, "geometry": {"type": "Polygon", "coordinates": [[[-4.276152990309228, 50.86066976615375], [-4.2708221227171235, 50.85636406072861], [-4.276474348969281, 50.85334086074528], [-4.282803376817142, 50.85450814531634], [-4.280139174086177, 50.85853506433411], [-4.276152990309228, 50.86066976615375]]]}}, {"type": "Feature", "properties": {"type": "postcode-cell", "postcode": "EX22 7YJ", "postcodes": ["EX22 7YJ"]}, "geometry": {"type": "Polygon", "coordinates": [[[-4.278964364070726, 50.838869169088554], [-4.258802367464742, 50.83715063603426], [-4.262155920614545, 50.83490630144307], [-4.275930085572371, 50.827283456770374], [-4.284650422819682, 50.83352546920659], [-4.278964364070726, 50.838869169088554]]]}}, {"type": "Feature", "properties": {"type": "postcode-cell", "postcode": "EX22 7DB", "postcodes": ["EX22 7DB"]}, "geometry": {"type": "Polygon", "coordinates": [[[-4.2708221227171235, 50.85636406072861], [-4.264923417972217, 50.85536694550266], [-4.260973334335557, 50.852785142935865], [-4.259769276706847, 50.84887610968943], [-4.267363982907386, 50.8472086743767], [-4.2754846435139156, 50.85021433537812], [-4.276474348969281, 50.85334086074528], [-4.2708221227171235, 50.85636406072861]]]}}, {"type": "Feature", "properties": {"type": "postcode-cell", "postcode": "EX22 7AS", "postcodes": ["EX22 7AS"]}, "geometry": {"type": "Polygon", "coordinates": [[[-4.253581927643832, 50.874488178690214], [-4.253239990155171, 50.87434999485578], [-4.25185999015434, 50.874099994855584], [-4.250859990154078, 50.87314999485484], [-4.2510399901544575, 50.87256999485435], [-4.250459990154116, 50.87244999485425], [-4.250989990154725, 50.8718899948538], [-4.250389990154794, 50.87080999485294], [-4.250799990155203, 50.870519994852664], [-4.250359990155058, 50.87016999485241], [-4.249999990154638, 50.87055999485271], [-4.249709990154489, 50.87044999485262], [-4.24974999015488, 50.86962999485196], [-4.248579990154456, 50.86877999485127], [-4.248819990154855, 50.86824999485085], [-4.24798999015443, 50.867929994850584], [-4.247769990154096, 50.868349994850945], [-4.246879990153454, 50.868429994851006], [-4.246009990153067, 50.86795999485063], [-4.246019990153369, 50.86729999485009], [-4.246769990153855, 50.86734999485011], [-4.246159990153986, 50.86611999484914], [-4.244849990153319, 50.86560999484875], [-4.244585816956865, 50.864913554992484], [-4.246584487910304, 50.86400436425294], [-4.258548279797145, 50.86256524859977], [-4.265389769918228, 50.86572825390912], [-4.2648162236770135, 50.87021348371019], [-4.253581927643832, 50.874488178690214]]]}}, {"type": "Feature", "properties": {"type": "postcode-cell", "postcode": "EX22 7AY", "postcodes": ["EX22 7AY"]}, "geometry": {"type": "Polygon", "coordinates": [[[-4.276152990309228, 50.86066976615375], [-4.27609292965413, 50.86227109908994], [-4.266985554034156, 50.86294797989195], [-4.264252121354395, 50.86076208828231], [-4.264923417972217, 50.85536694550266], [-4.2708221227171235, 50.85636406072861], [-4.276152990309228, 50.86066976615375]]]}}, {"type": "Feature", "properties": {"type": "postcode-cell", "postcode": "EX22 7BA", "postcodes": ["EX22 7BA"]}, "geometry": {"type": "Polygon", "coordinates": [[[-4.278824724973875, 50.839402976169914], [-4.267363982907386, 50.8472086743767], [-4.259769276706847, 50.84887610968943], [-4.256656568843231, 50.84740571977288], [-4.25472437673829, 50.83812475623914], [-4.255750260050003, 50.837620447817926], [-4.256590703213462, 50.83747497299455], [-4.258802367464742, 50.83715063603426], [-4.278964364070726, 50.838869169088554], [-4.278824724973875, 50.839402976169914]]]}}, {"type": "Feature", "properties": {"type": "postcode-cell", "postcode": "EX22 7AT", "postcodes": ["EX22 7AT"]}, "geometry": {"type": "Polygon", "coordinates": [[[-4.265389769918228, 50.86572825390912], [-4.258548279797145, 50.86256524859977], [-4.264252121354395, 50.86076208828231], [-4.266985554034156, 50.86294797989195], [-4.265389769918228, 50.86572825390912]]]}}, {"type": "Feature", "properties": {"type": "postcode-cell", "postcode": "EX22 7YF", "postcodes": ["EX22 7YF"]}, "geometry": {"type": "Polygon", "coordinates": [[[-4.262155920614545, 50.83490630144307], [-4.263698086679138, 50.82959123891631], [-4.267311878650875, 50.82301560891693], [-4.272655059044081, 50.82348745728056], [-4.275930085572371, 50.827283456770374], [-4.262155920614545, 50.83490630144307]]]}}, {"type": "Feature", "properties": {"type": "postcode-cell", "postcode": "EX22 7YN", "postcodes": ["EX22 7YN"]}, "geometry": {"type": "Polygon", "coordinates": [[[-4.255750260050003, 50.837620447817926], [-4.258732699293311, 50.824151404627194], [-4.264741962413715, 50.822670196619896], [-4.267311878650875, 50.82301560891693], [-4.263698086679138, 50.82959123891631], [-4.256590703213462, 50.83747497299455], [-4.255750260050003, 50.837620447817926]]]}}, {"type": "Feature", "properties": {"type": "postcode-cell", "postcode": "EX22 7YG", "postcodes": ["EX22 7YG"]}, "geometry": {"type": "Polygon", "coordinates": [[[-4.256590703213462, 50.83747497299455], [-4.263698086679138, 50.82959123891631], [-4.262155920614545, 50.83490630144307], [-4.258802367464742, 50.83715063603426], [-4.256590703213462, 50.83747497299455]]]}}, {"type": "Feature", "properties": {"type": "postcode-cell", "postcode": "EX22 7AR", "postcodes": ["EX22 7AR"]}, "geometry": {"type": "Polygon", "coordinates": [[[-4.264252121354395, 50.86076208828231], [-4.258548279797145, 50.86256524859977], [-4.246584487910304, 50.86400436425294], [-4.260973334335557, 50.852785142935865], [-4.264923417972217, 50.85536694550266], [-4.264252121354395, 50.86076208828231]]]}}, {"type": "Feature", "properties": {"type": "postcode-cell", "postcode": "EX22 7YE", "postcodes": ["EX22 7YE"]}, "geometry": {"type": "Polygon", "coordinates": [[[-4.25472437673829, 50.83812475623914], [-4.251343624032597, 50.837294785949865], [-4.246895463099382, 50.83177569735284], [-4.246809006490277, 50.83130061021385], [-4.247890873831131, 50.828352485879485], [-4.254255149711173, 50.82401383347828], [-4.258732699293311, 50.824151404627194], [-4.255750260050003, 50.837620447817926], [-4.25472437673829, 50.83812475623914]]]}}, {"type": "Feature", "properties": {"type": "postcode-cell", "postcode": "EX22 7AP", "postcodes": ["EX22 7AP"]}, "geometry": {"type": "Polygon", "coordinates": [[[-4.260973334335557, 50.852785142935865], [-4.246584487910304, 50.86400436425294], [-4.244585816956865, 50.864913554992484], [-4.2441899901536395, 50.86386999484732], [-4.244249990154164, 50.862779994846434], [-4.243099990153596, 50.862289994846044], [-4.242449990153655, 50.861159994845124], [-4.240969990152835, 50.86072999484479], [-4.240969990153204, 50.85989999484413], [-4.239799990152359, 50.860009994844226], [-4.23917999015209, 50.85965999484394], [-4.239089990152323, 50.8589999948434], [-4.2377999901516095, 50.85862999484311], [-4.2376299901516346, 50.85830999484285], [-4.2380999901520875, 50.8580099948426], [-4.236719990151293, 50.85767999484235], [-4.236809990151601, 50.8571299948419], [-4.235969990151578, 50.85588999484091], [-4.236239990151973, 50.8554099948405], [-4.235169990151362, 50.8551499948403], [-4.233719990151073, 50.85356999483902], [-4.232969990150469, 50.853779994839186], [-4.233229990151132, 50.852689994838336], [-4.232199990150529, 50.85246999483817], [-4.23345444784367, 50.85156125413111], [-4.233528557528431, 50.85154798945883], [-4.234929990152819, 50.85149999483733], [-4.2347628230724235, 50.85132706394527], [-4.256656568843231, 50.84740571977288], [-4.259769276706847, 50.84887610968943], [-4.260973334335557, 50.852785142935865]]]}}, {"type": "Feature", "properties": {"type": "postcode-cell", "postcode": "EX22 7AL", "postcodes": ["EX22 7AL"]}, "geometry": {"type": "Polygon", "coordinates": [[[-4.230664973301627, 50.83683027223987], [-4.230852427473931, 50.84341233232009], [-4.229599990152971, 50.842989994830475], [-4.229889990153319, 50.84264999483018], [-4.230799990153955, 50.842609994830134], [-4.230729990154235, 50.84186999482955], [-4.23020999015397, 50.84166999482938], [-4.229079990153021, 50.842079994829746], [-4.228089990152728, 50.84121999482902], [-4.22854999015341, 50.84038999482834], [-4.227749990153059, 50.83995999482803], [-4.227109990152632, 50.839939994828], [-4.226819990151987, 50.84094999482885], [-4.225939990151355, 50.8410199948289], [-4.225639990151679, 50.83983999482795], [-4.225259990151576, 50.839479994827656], [-4.224569990151112, 50.83946999482766], [-4.225369990151685, 50.839409994827605], [-4.225289990151764, 50.83910999482735], [-4.223969990150879, 50.839079994827365], [-4.222219990150085, 50.838189994826614], [-4.22164999014967, 50.83824999482668], [-4.221549990149429, 50.83863999482701], [-4.2207399901488944, 50.838609994826996], [-4.220349990149, 50.837779994826334], [-4.2195899901486555, 50.837389994826005], [-4.2200799901491886, 50.83693999482565], [-4.219819990149129, 50.83667999482544], [-4.219009990148577, 50.83667999482544], [-4.217679990147445, 50.837189994825856], [-4.217389990147325, 50.837019994825745], [-4.21849999014836, 50.83638999482522], [-4.218619990148753, 50.835689994824634], [-4.219479990149467, 50.835399994824385], [-4.218949990149238, 50.83509999482415], [-4.219629990149874, 50.83470999482383], [-4.219647496367845, 50.83450429771622], [-4.230664973301627, 50.83683027223987]]]}}, {"type": "Feature", "properties": {"type": "postcode-cell", "postcode": "EX22 7XZ", "postcodes": ["EX22 7XZ"]}, "geometry": {"type": "Polygon", "coordinates": [[[-4.2523079157546295, 50.81372446733591], [-4.252343312978554, 50.814536087381484], [-4.245989064644764, 50.819593708446895], [-4.235631406744464, 50.81296858174834], [-4.235109681911619, 50.81200932335078], [-4.235369990170681, 50.81196999480524], [-4.235999990171309, 50.81151999480488], [-4.239149990173848, 50.81061999480409], [-4.239769990174676, 50.80970999480336], [-4.240399990175109, 50.80969999480334], [-4.240319990175261, 50.809229994802955], [-4.242109990176594, 50.80896999480275], [-4.243189990177647, 50.808249994802146], [-4.24388999017808, 50.808349994802214], [-4.2437199901781275, 50.80797999480191], [-4.2444599901786395, 50.80795999480188], [-4.244489990178807, 50.807629994801644], [-4.245289990179423, 50.80746999480149], [-4.244819990179208, 50.80722999480127], [-4.244999990179452, 50.80695999480109], [-4.246059990180221, 50.80684999480097], [-4.247889990181853, 50.80597999480025], [-4.248309990182376, 50.805439994799805], [-4.249239990183218, 50.80496999479942], [-4.249669990183476, 50.80504999479948], [-4.249796191913584, 50.804839661352375], [-4.2523079157546295, 50.81372446733591]]]}}, {"type": "Feature", "properties": {"type": "postcode-cell", "postcode": "EX22 7YP", "postcodes": ["EX22 7YP"]}, "geometry": {"type": "Polygon", "coordinates": [[[-4.262472976765202, 50.81902956762271], [-4.252343312978554, 50.814536087381484], [-4.2523079157546295, 50.81372446733591], [-4.262513850047871, 50.81376138319389], [-4.262472976765202, 50.81902956762271]]]}}, {"type": "Feature", "properties": {"type": "postcode-cell", "postcode": "EX22 7AW", "postcodes": ["EX22 7AW"]}, "geometry": {"type": "MultiPolygon", "coordinates": [[[[-4.256656568843231, 50.84740571977288], [-4.2347628230724235, 50.85132706394527], [-4.234639990152752, 50.85119999483709], [-4.2349899901531725, 50.85078999483674], [-4.235969990153795, 50.850889994836834], [-4.235599990153895, 50.85009999483619], [-4.2358699901543, 50.84959999483579], [-4.236579990154834, 50.84948999483568], [-4.236039990154689, 50.84898999483528], [-4.236329990154991, 50.84874999483509], [-4.237419990155668, 50.848899994835214], [-4.237439990155378, 50.84957999483576], [-4.238139990155903, 50.84946999483563], [-4.238109990156442, 50.848209994834626], [-4.238529990156972, 50.847659994834174], [-4.236819990156013, 50.84719999483383], [-4.237259990156503, 50.846769994833465], [-4.238159990157094, 50.846819994833496], [-4.238249990157253, 50.84659999483332], [-4.236049990156142, 50.845729994832624], [-4.23509999015521, 50.84636999483317], [-4.2345399901550165, 50.845949994832814], [-4.234369990155281, 50.84508999483214], [-4.233499990154557, 50.84538999483238], [-4.233498615528149, 50.84538936326086], [-4.242283741594662, 50.83889936985445], [-4.2441554994245, 50.83833776208463], [-4.251343624032597, 50.837294785949865], [-4.25472437673829, 50.83812475623914], [-4.256656568843231, 50.84740571977288]]], [[[-4.23345444784367, 50.85156125413111], [-4.233469990151802, 50.85154999483737], [-4.233528557528431, 50.85154798945883], [-4.23345444784367, 50.85156125413111]]]]}}, {"type": "Feature", "properties": {"type": "postcode-cell", "postcode": "EX22 7YD", "postcodes": ["EX22 7YD"]}, "geometry": {"type": "Polygon", "coordinates": [[[-4.264741962413715, 50.822670196619896], [-4.258732699293311, 50.824151404627194], [-4.254255149711173, 50.82401383347828], [-4.246236036295666, 50.82021145228475], [-4.245989064644764, 50.819593708446895], [-4.252343312978554, 50.814536087381484], [-4.262472976765202, 50.81902956762271], [-4.264741962413715, 50.822670196619896]]]}}, {"type": "Feature", "properties": {"type": "postcode-cell", "postcode": "EX22 7AA", "postcodes": ["EX22 7AA"]}, "geometry": {"type": "Polygon", "coordinates": [[[-4.254255149711173, 50.82401383347828], [-4.247890873831131, 50.828352485879485], [-4.2389432430576335, 50.82578617049146], [-4.23703901931122, 50.82503206324115], [-4.246236036295666, 50.82021145228475], [-4.254255149711173, 50.82401383347828]]]}}, {"type": "Feature", "properties": {"type": "postcode-cell", "postcode": "EX22 7AN", "postcodes": ["EX22 7AN"]}, "geometry": {"type": "Polygon", "coordinates": [[[-4.230664973301627, 50.83683027223987], [-4.233409428964723, 50.83475659120864], [-4.242283741594662, 50.83889936985445], [-4.233498615528149, 50.84538936326086], [-4.232389990154028, 50.844879994831985], [-4.231319990153883, 50.843569994830915], [-4.230852427473931, 50.84341233232009], [-4.230664973301627, 50.83683027223987]]]}}, {"type": "Feature", "properties": {"type": "postcode-cell", "postcode": "EX22 7AG", "postcodes": ["EX22 7AG"]}, "geometry": {"type": "Polygon", "coordinates": [[[-4.2389432430576335, 50.82578617049146], [-4.242675129249299, 50.83022365915424], [-4.239671398025125, 50.830073605556564], [-4.2357442314404725, 50.82524985451728], [-4.235746310904172, 50.82521290949852], [-4.23703901931122, 50.82503206324115], [-4.2389432430576335, 50.82578617049146]]]}}, {"type": "Feature", "properties": {"type": "postcode-cell", "postcode": "EX22 7YA", "postcodes": ["EX22 7YA"]}, "geometry": {"type": "Polygon", "coordinates": [[[-4.246236036295666, 50.82021145228475], [-4.23703901931122, 50.82503206324115], [-4.235746310904172, 50.82521290949852], [-4.231155988771863, 50.82357618961288], [-4.235631406744464, 50.81296858174834], [-4.245989064644764, 50.819593708446895], [-4.246236036295666, 50.82021145228475]]]}}, {"type": "Feature", "properties": {"type": "postcode-cell", "postcode": "EX22 7AB", "postcodes": ["EX22 7AB"]}, "geometry": {"type": "Polygon", "coordinates": [[[-4.246809006490277, 50.83130061021385], [-4.242675129249299, 50.83022365915424], [-4.2389432430576335, 50.82578617049146], [-4.247890873831131, 50.828352485879485], [-4.246809006490277, 50.83130061021385]]]}}, {"type": "Feature", "properties": {"type": "postcode-cell", "postcode": "EX22 7AE", "postcodes": ["EX22 7AE"]}, "geometry": {"type": "Polygon", "coordinates": [[[-4.251343624032597, 50.837294785949865], [-4.2441554994245, 50.83833776208463], [-4.238488726914171, 50.83280878062362], [-4.246895463099382, 50.83177569735284], [-4.251343624032597, 50.837294785949865]]]}}, {"type": "Feature", "properties": {"type": "postcode-cell", "postcode": "EX22 7AF", "postcodes": ["EX22 7AF"]}, "geometry": {"type": "Polygon", "coordinates": [[[-4.238488726914171, 50.83280878062362], [-4.2441554994245, 50.83833776208463], [-4.242283741594662, 50.83889936985445], [-4.233409428964723, 50.83475659120864], [-4.233776951680938, 50.83296251000279], [-4.237604298824566, 50.83263549993365], [-4.238488726914171, 50.83280878062362]]]}}, {"type": "Feature", "properties": {"type": "postcode-cell", "postcode": "EX22 7AD", "postcodes": ["EX22 7AD"]}, "geometry": {"type": "Polygon", "coordinates": [[[-4.237604298824566, 50.83263549993365], [-4.239671398025125, 50.830073605556564], [-4.242675129249299, 50.83022365915424], [-4.246809006490277, 50.83130061021385], [-4.246895463099382, 50.83177569735284], [-4.238488726914171, 50.83280878062362], [-4.237604298824566, 50.83263549993365]]]}}, {"type": "Feature", "properties": {"type": "postcode-cell", "postcode": "EX22 7AQ", "postcodes": ["EX22 7AQ"]}, "geometry": {"type": "Polygon", "coordinates": [[[-4.239671398025125, 50.830073605556564], [-4.237604298824566, 50.83263549993365], [-4.233776951680938, 50.83296251000279], [-4.23288517573018, 50.8320876133548], [-4.2357442314404725, 50.82524985451728], [-4.239671398025125, 50.830073605556564]]]}}, {"type": "Feature", "properties": {"type": "postcode-cell", "postcode": "EX22 7AJ", "postcodes": ["EX22 7AJ"]}, "geometry": {"type": "Polygon", "coordinates": [[[-4.233776951680938, 50.83296251000279], [-4.233409428964723, 50.83475659120864], [-4.230664973301627, 50.83683027223987], [-4.219647496367845, 50.83450429771622], [-4.219669990150112, 50.83423999482346], [-4.222059990152183, 50.83322999482261], [-4.222649990153753, 50.830599994820474], [-4.222635415296448, 50.830490468813224], [-4.23288517573018, 50.8320876133548], [-4.233776951680938, 50.83296251000279]]]}}, {"type": "Feature", "properties": {"type": "postcode-cell", "postcode": "EX22 7AH", "postcodes": ["EX22 7AH"]}, "geometry": {"type": "Polygon", "coordinates": [[[-4.23288517573018, 50.8320876133548], [-4.222635415296448, 50.830490468813224], [-4.222319990154635, 50.82811999481846], [-4.221639990154301, 50.82782999481823], [-4.221939990154726, 50.82732999481784], [-4.221369990154646, 50.82663999481727], [-4.220099990154003, 50.82614999481688], [-4.220369990154574, 50.825279994816164], [-4.219639990154312, 50.82474999481575], [-4.219622642838069, 50.82454954121142], [-4.231155988771863, 50.82357618961288], [-4.235746310904172, 50.82521290949852], [-4.2357442314404725, 50.82524985451728], [-4.23288517573018, 50.8320876133548]]]}}]}