{"type": "FeatureCollection", "features": [{"type": "Feature", "properties": {"type": "ward-outline", "name": "Newton & Yealmpton"}, "geometry": {"type": "MultiPolygon", "coordinates": [[[[-3.92642, 50.34354], [-3.92644, 50.34352], [-3.92645, 50.34354], [-3.92646, 50.34355], [-3.92642, 50.34354]]], [[[-3.92601, 50.34491], [-3.92604, 50.34489], [-3.92608, 50.34583], [-3.92606, 50.34586], [-3.92601, 50.34491]]], [[[-4.00358, 50.42728], [-4.00331, 50.42552], [-3.99928, 50.42581], [-3.99875, 50.42558], [-3.99411, 50.42059], [-3.99162, 50.41595], [-3.98939, 50.41476], [-3.98799, 50.41456], [-3.98358, 50.40815], [-3.97765, 50.40607], [-3.97388, 50.4053], [-3.97119, 50.40539], [-3.97151, 50.40416], [-3.97119, 50.40356], [-3.97213, 50.40013], [-3.97009, 50.3989], [-3.96946, 50.39821], [-3.96971, 50.39786], [-3.96911, 50.39748], [-3.96927, 50.39704], [-3.96791, 50.39596], [-3.96758, 50.39483], [-3.9664, 50.39435], [-3.9669, 50.39316], [-3.9671, 50.3926], [-3.96662, 50.39147], [-3.96594, 50.39145], [-3.96517, 50.39094], [-3.9659, 50.38845], [-3.96688, 50.38749], [-3.96758, 50.38593], [-3.96681, 50.38565], [-3.96714, 50.38526], [-3.96394, 50.38524], [-3.9639, 50.38469], [-3.96921, 50.38327], [-3.9714, 50.38334], [-3.97353, 50.38196], [-3.97249, 50.37902], [-3.97169, 50.37915], [-3.97164, 50.37844], [-3.97097, 50.37835], [-3.97077, 50.37788], [-3.97238, 50.37686], [-3.97212, 50.37637], [-3.97264, 50.37595], [-3.97248, 50.37566], [-3.97308, 50.37559], [-3.97336, 50.37514], [-3.97264, 50.37357], [-3.97175, 50.37273], [-3.97251, 50.37172], [-3.97232, 50.37128], [-3.9717, 50.37149], [-3.97006, 50.37097], [-3.96808, 50.371], [-3.96719, 50.37072], [-3.96617, 50.36973], [-3.96483, 50.36932], [-3.96384, 50.36835], [-3.96328, 50.36359], [-3.96255, 50.36273], [-3.96165, 50.36291], [-3.96059, 50.3599], [-3.95801, 50.35659], [-3.95776, 50.3552], [-3.95667, 50.35461], [-3.95587, 50.35111], [-3.94975, 50.35213], [-3.93888, 50.35242], [-3.9385, 50.35279], [-3.93858, 50.354], [-3.93545, 50.35434], [-3.93487, 50.35471], [-3.93348, 50.35436], [-3.93303, 50.35322], [-3.9313, 50.35235], [-3.92622, 50.35155], [-3.9241, 50.35077], [-3.92471, 50.34997], [-3.92451, 50.34874], [-3.92599, 50.34835], [-3.92568, 50.34798], [-3.92589, 50.34818], [-3.92501, 50.34712], [-3.92623, 50.34608], [-3.92625, 50.34477], [-3.92665, 50.34453], [-3.92666, 50.34453], [-3.92727, 50.34424], [-3.92696, 50.34339], [-3.92767, 50.34234], [-3.9275, 50.3421], [-3.92687, 50.34107], [-3.92638, 50.33979], [-3.92641, 50.33976], [-3.92839, 50.33979], [-3.92718, 50.33803], [-3.92742, 50.33658], [-3.92826, 50.33549], [-3.92908, 50.3345], [-3.92926, 50.33438], [-3.93202, 50.33291], [-3.93455, 50.33314], [-3.93421, 50.33289], [-3.93467, 50.33318], [-3.9343, 50.33275], [-3.93361, 50.33235], [-3.93813, 50.32942], [-3.93827, 50.3291], [-3.93865, 50.32872], [-3.9386, 50.3283], [-3.93886, 50.32766], [-3.93962, 50.32689], [-3.93925, 50.32617], [-3.93979, 50.32555], [-3.93823, 50.32413], [-3.93893, 50.32167], [-3.93829, 50.32118], [-3.93828, 50.31958], [-3.9397, 50.31843], [-3.94029, 50.31742], [-3.94016, 50.31617], [-3.94206, 50.31448], [-3.94553, 50.31304], [-3.94676, 50.31287], [-3.94772, 50.31102], [-3.94867, 50.31053], [-3.94847, 50.3098], [-3.95016, 50.3095], [-3.95082, 50.30892], [-3.95192, 50.30922], [-3.95201, 50.30949], [-3.95391, 50.30938], [-3.95453, 50.30861], [-3.95438, 50.308], [-3.95546, 50.30717], [-3.95543, 50.30681], [-3.95679, 50.30624], [-3.95804, 50.30618], [-3.95774, 50.30584], [-3.95898, 50.30562], [-3.96004, 50.30568], [-3.95989, 50.30531], [-3.96092, 50.30478], [-3.96033, 50.30477], [-3.96048, 50.30453], [-3.96387, 50.30384], [-3.96408, 50.30385], [-3.96455, 50.30395], [-3.96453, 50.30398], [-3.96395, 50.3041], [-3.96436, 50.3042], [-3.96405, 50.3051], [-3.96556, 50.30496], [-3.96558, 50.30497], [-3.96546, 50.30526], [-3.96576, 50.30501], [-3.96587, 50.30503], [-3.96613, 50.30524], [-3.9663, 50.30513], [-3.96631, 50.30514], [-3.96631, 50.30513], [-3.96632, 50.30514], [-3.96631, 50.30512], [-3.96647, 50.30502], [-3.96654, 50.30503], [-3.96662, 50.30507], [-3.96653, 50.30498], [-3.96674, 50.30483], [-3.96729, 50.30496], [-3.96733, 50.30494], [-3.96802, 50.30458], [-3.96872, 50.30451], [-3.96926, 50.30454], [-3.96902, 50.30485], [-3.9689, 50.30488], [-3.96793, 50.30486], [-3.96856, 50.30507], [-3.96801, 50.30536], [-3.96899, 50.30556], [-3.96874, 50.30599], [-3.9696, 50.30581], [-3.96956, 50.30635], [-3.97021, 50.3065], [-3.97101, 50.30597], [-3.97247, 50.30596], [-3.97303, 50.3061], [-3.97257, 50.3064], [-3.97311, 50.30708], [-3.9747, 50.30709], [-3.9757, 50.30741], [-3.97644, 50.30717], [-3.97733, 50.30726], [-3.97726, 50.30746], [-3.97873, 50.30695], [-3.97894, 50.30723], [-3.97909, 50.30671], [-3.97952, 50.307], [-3.97969, 50.30668], [-3.98013, 50.30688], [-3.98049, 50.30666], [-3.98065, 50.30688], [-3.98003, 50.30716], [-3.98109, 50.30734], [-3.98089, 50.30752], [-3.9813, 50.30739], [-3.98135, 50.30761], [-3.98166, 50.30707], [-3.984, 50.30684], [-3.98456, 50.30633], [-3.98472, 50.30675], [-3.98604, 50.30643], [-3.98554, 50.30692], [-3.98646, 50.3065], [-3.98627, 50.30706], [-3.98712, 50.30684], [-3.98669, 50.30726], [-3.98797, 50.30706], [-3.98773, 50.30726], [-3.98831, 50.30718], [-3.98815, 50.30739], [-3.98902, 50.30751], [-3.98908, 50.30774], [-3.99012, 50.3074], [-3.9918, 50.30751], [-3.9939, 50.30703], [-3.99395, 50.30648], [-3.99479, 50.30591], [-3.99718, 50.30525], [-3.99776, 50.30435], [-3.99732, 50.30399], [-3.99818, 50.30396], [-3.9999, 50.30322], [-4.0014, 50.30318], [-4.00223, 50.30234], [-4.00223, 50.30234], [-4.00225, 50.30231], [-4.00225, 50.30234], [-4.00233, 50.30223], [-4.00245, 50.30211], [-4.00378, 50.30164], [-4.00466, 50.30166], [-4.00465, 50.30169], [-4.0041, 50.30228], [-4.00452, 50.30196], [-4.0045, 50.302], [-4.00458, 50.30192], [-4.00457, 50.30196], [-4.00472, 50.30181], [-4.00494, 50.30165], [-4.00648, 50.30157], [-4.00601, 50.30185], [-4.00693, 50.30162], [-4.00576, 50.30222], [-4.00649, 50.30213], [-4.00617, 50.3025], [-4.00733, 50.30201], [-4.00712, 50.30218], [-4.00833, 50.30242], [-4.00823, 50.30262], [-4.00869, 50.30248], [-4.00938, 50.30289], [-4.01041, 50.30275], [-4.01148, 50.30314], [-4.01317, 50.30254], [-4.01401, 50.30264], [-4.01441, 50.30218], [-4.01398, 50.30212], [-4.01555, 50.30186], [-4.01658, 50.30124], [-4.01742, 50.29979], [-4.01819, 50.29992], [-4.01822, 50.29948], [-4.01774, 50.29942], [-4.01855, 50.29905], [-4.01784, 50.29888], [-4.0182, 50.29848], [-4.01781, 50.29859], [-4.01792, 50.29823], [-4.01838, 50.29814], [-4.01788, 50.29818], [-4.01888, 50.29772], [-4.019, 50.29705], [-4.01854, 50.29692], [-4.01906, 50.29678], [-4.01832, 50.29665], [-4.01833, 50.29654], [-4.01891, 50.29566], [-4.01911, 50.29551], [-4.01904, 50.29547], [-4.01917, 50.29526], [-4.02031, 50.29464], [-4.02177, 50.29431], [-4.02179, 50.29456], [-4.02167, 50.29476], [-4.02098, 50.29518], [-4.02163, 50.29487], [-4.02163, 50.29488], [-4.02253, 50.29457], [-4.02345, 50.29451], [-4.02356, 50.29474], [-4.02355, 50.29477], [-4.02357, 50.29477], [-4.02364, 50.29491], [-4.02353, 50.29505], [-4.02347, 50.29509], [-4.0235, 50.29508], [-4.02314, 50.29554], [-4.02437, 50.29494], [-4.02414, 50.29527], [-4.02413, 50.29528], [-4.02412, 50.2953], [-4.02413, 50.29529], [-4.02412, 50.2953], [-4.02416, 50.29529], [-4.02378, 50.2959], [-4.02433, 50.29588], [-4.02479, 50.29661], [-4.0256, 50.29625], [-4.02561, 50.29625], [-4.02562, 50.29625], [-4.02563, 50.29625], [-4.02613, 50.29601], [-4.02642, 50.29588], [-4.02943, 50.29517], [-4.03072, 50.29448], [-4.03145, 50.29456], [-4.03148, 50.29416], [-4.0326, 50.29423], [-4.03234, 50.2937], [-4.0333, 50.2932], [-4.03292, 50.29346], [-4.03293, 50.29346], [-4.03292, 50.29347], [-4.0332, 50.29345], [-4.03303, 50.29377], [-4.03518, 50.29283], [-4.03444, 50.29359], [-4.03477, 50.29371], [-4.03635, 50.29292], [-4.03659, 50.29307], [-4.03612, 50.29338], [-4.03613, 50.29339], [-4.0361, 50.29341], [-4.03544, 50.2938], [-4.03636, 50.29355], [-4.03637, 50.29354], [-4.03637, 50.29354], [-4.03699, 50.29321], [-4.0372, 50.29348], [-4.03775, 50.29328], [-4.03784, 50.29326], [-4.03789, 50.29322], [-4.03844, 50.29302], [-4.03843, 50.29303], [-4.03844, 50.29302], [-4.03843, 50.29303], [-4.03845, 50.29301], [-4.03875, 50.29291], [-4.03838, 50.2934], [-4.03946, 50.2928], [-4.03834, 50.29396], [-4.04008, 50.29329], [-4.03977, 50.294], [-4.04099, 50.29342], [-4.04084, 50.29353], [-4.03974, 50.29418], [-4.04004, 50.29455], [-4.04112, 50.29449], [-4.04166, 50.29426], [-4.04167, 50.29426], [-4.04168, 50.29425], [-4.04357, 50.29347], [-4.04344, 50.29361], [-4.04278, 50.2941], [-4.04463, 50.29336], [-4.04435, 50.29369], [-4.04413, 50.29387], [-4.04427, 50.29382], [-4.04409, 50.29421], [-4.04461, 50.29392], [-4.04495, 50.29373], [-4.0455, 50.29359], [-4.04664, 50.29357], [-4.04598, 50.29414], [-4.0461, 50.29407], [-4.04598, 50.29417], [-4.0466, 50.29384], [-4.04599, 50.29477], [-4.04701, 50.29457], [-4.04702, 50.29466], [-4.04685, 50.29481], [-4.04702, 50.29474], [-4.04704, 50.29515], [-4.04749, 50.29491], [-4.04809, 50.29475], [-4.04805, 50.29484], [-4.04796, 50.29494], [-4.04801, 50.29491], [-4.04799, 50.29497], [-4.04783, 50.29506], [-4.04796, 50.29502], [-4.04774, 50.29548], [-4.04831, 50.29545], [-4.0488, 50.29494], [-4.04902, 50.29482], [-4.04938, 50.29482], [-4.05013, 50.29491], [-4.04998, 50.29468], [-4.05019, 50.29449], [-4.05056, 50.29437], [-4.05081, 50.29442], [-4.05092, 50.29534], [-4.05157, 50.29521], [-4.05079, 50.29596], [-4.05248, 50.29639], [-4.05186, 50.29661], [-4.05196, 50.29679], [-4.05289, 50.29664], [-4.05263, 50.29679], [-4.05237, 50.29701], [-4.05334, 50.29674], [-4.05236, 50.29732], [-4.05265, 50.29756], [-4.05288, 50.29788], [-4.05402, 50.29742], [-4.05481, 50.29725], [-4.05567, 50.29728], [-4.05589, 50.29702], [-4.05592, 50.29701], [-4.0571, 50.29675], [-4.05694, 50.29708], [-4.05668, 50.2973], [-4.05629, 50.29746], [-4.0575, 50.29781], [-4.05727, 50.2981], [-4.05858, 50.29799], [-4.05903, 50.29867], [-4.05866, 50.29905], [-4.05895, 50.29896], [-4.05869, 50.29939], [-4.05952, 50.29941], [-4.05949, 50.29944], [-4.05955, 50.29941], [-4.05964, 50.29942], [-4.05926, 50.29999], [-4.06003, 50.30053], [-4.06133, 50.30036], [-4.06209, 50.30067], [-4.06184, 50.30089], [-4.06372, 50.30062], [-4.06308, 50.30121], [-4.06491, 50.30137], [-4.06464, 50.30172], [-4.06564, 50.30168], [-4.06541, 50.30214], [-4.06629, 50.3022], [-4.06629, 50.30223], [-4.06633, 50.30221], [-4.0667, 50.30223], [-4.06661, 50.30245], [-4.06659, 50.30248], [-4.0666, 50.30248], [-4.06645, 50.30287], [-4.06776, 50.302], [-4.06839, 50.30219], [-4.06781, 50.30279], [-4.06868, 50.30239], [-4.07065, 50.30292], [-4.06997, 50.30333], [-4.07136, 50.30336], [-4.071, 50.30377], [-4.07161, 50.30357], [-4.07164, 50.30389], [-4.07193, 50.30364], [-4.07226, 50.30376], [-4.07209, 50.30327], [-4.07228, 50.30322], [-4.07364, 50.30353], [-4.07349, 50.30319], [-4.07324, 50.30291], [-4.07322, 50.30285], [-4.07349, 50.3028], [-4.07487, 50.30286], [-4.07569, 50.30341], [-4.0744, 50.30347], [-4.07464, 50.30402], [-4.07545, 50.30403], [-4.07459, 50.30482], [-4.07487, 50.30507], [-4.07359, 50.30523], [-4.07359, 50.30557], [-4.07419, 50.3056], [-4.07469, 50.30606], [-4.07372, 50.30651], [-4.07434, 50.30668], [-4.07415, 50.307], [-4.07374, 50.30704], [-4.07372, 50.30703], [-4.07372, 50.30704], [-4.07337, 50.30707], [-4.07296, 50.30784], [-4.07223, 50.30801], [-4.07231, 50.30887], [-4.07165, 50.30919], [-4.07111, 50.30921], [-4.07062, 50.30908], [-4.06921, 50.3091], [-4.06915, 50.30929], [-4.06899, 50.30908], [-4.06643, 50.30934], [-4.06623, 50.30933], [-4.06494, 50.30918], [-4.06411, 50.30969], [-4.06449, 50.31041], [-4.0644, 50.31051], [-4.06413, 50.31067], [-4.06425, 50.31066], [-4.06411, 50.31082], [-4.06254, 50.3116], [-4.06093, 50.31163], [-4.05916, 50.31062], [-4.05904, 50.31054], [-4.05899, 50.31052], [-4.05895, 50.3105], [-4.05892, 50.31049], [-4.057, 50.3094], [-4.05345, 50.3095], [-4.05211, 50.31017], [-4.05084, 50.31232], [-4.04857, 50.31283], [-4.0447, 50.31174], [-4.04087, 50.31187], [-4.0404, 50.31037], [-4.0395, 50.31252], [-4.03491, 50.31277], [-4.03327, 50.31343], [-4.03297, 50.31402], [-4.0319, 50.31431], [-4.0306, 50.31582], [-4.03544, 50.31387], [-4.0404, 50.31343], [-4.04138, 50.31288], [-4.04466, 50.31246], [-4.04555, 50.31306], [-4.04786, 50.3137], [-4.04967, 50.31384], [-4.05076, 50.31355], [-4.05202, 50.3138], [-4.05297, 50.31437], [-4.05323, 50.31504], [-4.05294, 50.31799], [-4.04918, 50.32028], [-4.04611, 50.32342], [-4.04313, 50.32391], [-4.04329, 50.32422], [-4.04567, 50.32426], [-4.04639, 50.3248], [-4.04566, 50.3267], [-4.04275, 50.32889], [-4.04237, 50.33041], [-4.04145, 50.33043], [-4.04006, 50.33125], [-4.03993, 50.3317], [-4.03668, 50.33317], [-4.03365, 50.33402], [-4.0312, 50.33523], [-4.02959, 50.33548], [-4.029, 50.33657], [-4.02759, 50.33674], [-4.02739, 50.33718], [-4.02547, 50.33837], [-4.02339, 50.33928], [-4.02157, 50.33977], [-4.02087, 50.33942], [-4.01931, 50.34005], [-4.01768, 50.3402], [-4.01572, 50.34107], [-4.018, 50.34052], [-4.01857, 50.34077], [-4.01789, 50.34117], [-4.01831, 50.34113], [-4.01899, 50.34052], [-4.01878, 50.34148], [-4.01946, 50.34133], [-4.01932, 50.34151], [-4.01737, 50.34164], [-4.02056, 50.34176], [-4.02266, 50.34122], [-4.02271, 50.34092], [-4.02304, 50.34119], [-4.02704, 50.34007], [-4.02723, 50.33981], [-4.03332, 50.33898], [-4.03421, 50.33928], [-4.03647, 50.33935], [-4.03358, 50.3394], [-4.0316, 50.34171], [-4.03274, 50.34261], [-4.03274, 50.34261], [-4.03269, 50.34302], [-4.02968, 50.34506], [-4.02806, 50.3453], [-4.02774, 50.34576], [-4.02607, 50.34647], [-4.02326, 50.35037], [-4.02182, 50.3511], [-4.01799, 50.35213], [-4.0171, 50.35326], [-4.01588, 50.3539], [-4.01514, 50.35542], [-4.01422, 50.35609], [-4.01402, 50.35771], [-4.01232, 50.35863], [-4.01084, 50.36075], [-4.012, 50.36171], [-4.01261, 50.36368], [-4.01125, 50.36432], [-4.01155, 50.36486], [-4.01127, 50.36533], [-4.00738, 50.36696], [-4.00578, 50.37014], [-4.00546, 50.37154], [-4.00621, 50.37215], [-4.0096, 50.3724], [-4.01149, 50.37212], [-4.01451, 50.37316], [-4.0222, 50.37282], [-4.02452, 50.37602], [-4.02796, 50.37686], [-4.03283, 50.37673], [-4.035, 50.3772], [-4.03088, 50.37782], [-4.02706, 50.37903], [-4.02455, 50.38098], [-4.02532, 50.38178], [-4.02573, 50.38331], [-4.01963, 50.38747], [-4.02022, 50.3875], [-4.02093, 50.38875], [-4.02152, 50.39067], [-4.02117, 50.39178], [-4.0289, 50.39221], [-4.02804, 50.39327], [-4.02782, 50.394], [-4.03155, 50.39429], [-4.03041, 50.39708], [-4.03469, 50.39749], [-4.03759, 50.39734], [-4.04114, 50.39778], [-4.04165, 50.39762], [-4.03948, 50.40075], [-4.03965, 50.40142], [-4.04425, 50.40109], [-4.0466, 50.40198], [-4.0487, 50.40211], [-4.04893, 50.40163], [-4.05251, 50.40251], [-4.05261, 50.40147], [-4.05534, 50.40113], [-4.05547, 50.40198], [-4.05675, 50.40258], [-4.05982, 50.40115], [-4.06354, 50.40107], [-4.07151, 50.40185], [-4.07218, 50.40383], [-4.07254, 50.40714], [-4.0746, 50.40819], [-4.07778, 50.40859], [-4.07901, 50.40966], [-4.07803, 50.41002], [-4.07777, 50.41124], [-4.07704, 50.41168], [-4.07779, 50.41296], [-4.0773, 50.41359], [-4.0806, 50.41533], [-4.08108, 50.41652], [-4.07915, 50.41896], [-4.08067, 50.41986], [-4.08126, 50.42077], [-4.07686, 50.42169], [-4.07289, 50.42134], [-4.06543, 50.41879], [-4.0636, 50.4191], [-4.06096, 50.42094], [-4.05932, 50.42156], [-4.05944, 50.42051], [-4.05854, 50.41848], [-4.05413, 50.41808], [-4.05157, 50.41971], [-4.04906, 50.42077], [-4.04885, 50.42119], [-4.04337, 50.42216], [-4.04152, 50.41821], [-4.03392, 50.41703], [-4.03383, 50.41831], [-4.03258, 50.41832], [-4.0303, 50.42046], [-4.02842, 50.41974], [-4.02075, 50.42175], [-4.01729, 50.4212], [-4.01084, 50.43286], [-4.0065, 50.43421], [-4.00491, 50.43631], [-4.00308, 50.43758], [-4.00304, 50.43831], [-4.00222, 50.43934], [-4.00273, 50.43819], [-4.0002, 50.43717], [-4.00079, 50.43399], [-4.00268, 50.43278], [-4.00389, 50.43091], [-4.00361, 50.42983], [-4.00319, 50.42972], [-4.00358, 50.42728]]]]}}, {"type": "Feature", "properties": {"type": "postcode-cell", "postcode": "PL7 4SR", "postcodes": ["PL7 4SR"]}, "geometry": {"type": "Polygon", "coordinates": [[[-4.063267860938432, 50.41816015286987], [-4.061275535769064, 50.40111870662339], [-4.0635399902423925, 50.40106999448174], [-4.071509990247239, 50.401849994482184], [-4.072179990246762, 50.403829994483715], [-4.072539990245474, 50.407139994486286], [-4.074599990246337, 50.408189994487046], [-4.0777799902482315, 50.408589994487286], [-4.079009990248543, 50.409659994488095], [-4.078029990247736, 50.4100199944884], [-4.0777699902470035, 50.41123999448934], [-4.077039990246327, 50.41167999448971], [-4.077789990246223, 50.412959994490684], [-4.077299990245615, 50.41358999449118], [-4.080599990246972, 50.41532999449249], [-4.081079990246739, 50.41651999449339], [-4.079149990244354, 50.41895999449535], [-4.0806699902449335, 50.419859994496015], [-4.081259990244902, 50.420769994496695], [-4.076859990241598, 50.42168999449751], [-4.07288999023916, 50.4213399944973], [-4.065429990235458, 50.418789994495484], [-4.063906639486932, 50.41904805072851], [-4.063267860938432, 50.41816015286987]]]}}, {"type": "Feature", "properties": {"type": "postcode-cell", "postcode": "PL7 5BL", "postcodes": ["PL7 5BL"]}, "geometry": {"type": "Polygon", "coordinates": [[[-4.036449587484929, 50.39969297814425], [-4.038237600427335, 50.39742027038228], [-4.0411399902293015, 50.397779994479656], [-4.041649990229708, 50.39761999447954], [-4.040451823305384, 50.3993482809358], [-4.036449587484929, 50.39969297814425]]]}}, {"type": "Feature", "properties": {"type": "postcode-cell", "postcode": "PL8 1EL", "postcodes": ["PL8 1EL"]}, "geometry": {"type": "MultiPolygon", "coordinates": [[[[-4.051898922722289, 50.30720319528982], [-4.04815571851417, 50.306079370967495], [-4.04249559376778, 50.30172120375015], [-4.047891113550487, 50.29504118726677], [-4.047959990281354, 50.29501999440019], [-4.047739990280996, 50.29547999440054], [-4.04830999028138, 50.29544999440052], [-4.048799990281934, 50.2949399944001], [-4.049019990282134, 50.29481999440002], [-4.049379990282366, 50.29481999440001], [-4.050129990282813, 50.29490999440006], [-4.04997999028282, 50.29467999439987], [-4.050189990283045, 50.294489994399726], [-4.05055999028334, 50.294369994399645], [-4.050809990283478, 50.29441999439967], [-4.050919990283122, 50.29533999440038], [-4.051569990283603, 50.29520999440025], [-4.050789990282753, 50.295959994400846], [-4.052479990283644, 50.29638999440113], [-4.051859990283144, 50.29660999440133], [-4.051959990283125, 50.29678999440147], [-4.052889990283795, 50.29663999440134], [-4.052629990283558, 50.29678999440144], [-4.052369990283285, 50.29700999440162], [-4.053339990284042, 50.296739994401385], [-4.052359990283139, 50.29731999440186], [-4.0526499902832125, 50.29755999440206], [-4.0528799902832136, 50.29787999440229], [-4.054019990284166, 50.2974199944019], [-4.054809990284756, 50.29724999440175], [-4.0556699902853, 50.29727999440176], [-4.0558899902855625, 50.297019994401545], [-4.05591999028559, 50.297009994401535], [-4.0570999902864715, 50.2967499944013], [-4.056939990286217, 50.297079994401564], [-4.056679990285947, 50.29729999440175], [-4.056289990285618, 50.297459994401876], [-4.057499990286243, 50.29780999440211], [-4.057269990285959, 50.29809999440234], [-4.058579990286856, 50.297989994402215], [-4.059029990286833, 50.298669994402744], [-4.058659990286417, 50.29904999440305], [-4.058949990286648, 50.29895999440298], [-4.058689990286281, 50.29938999440331], [-4.059519990286807, 50.2994099944033], [-4.0594899902867745, 50.299439994403336], [-4.059549990286827, 50.299409994403305], [-4.059639990286882, 50.29941999440329], [-4.059259990286373, 50.299989994403745], [-4.060014157269456, 50.300518890907185], [-4.051898922722289, 50.30720319528982]]], [[[-4.047984909885159, 50.29492504264519], [-4.048009990281437, 50.2949099944001], [-4.047989990281396, 50.294969994400155], [-4.047914161087023, 50.29501264839115], [-4.047984909885159, 50.29492504264519]]]]}}, {"type": "Feature", "properties": {"type": "postcode-cell", "postcode": "PL8 1EU", "postcodes": ["PL8 1EU"]}, "geometry": {"type": "Polygon", "coordinates": [[[-4.051442014798331, 50.30891309856879], [-4.051898922722289, 50.30720319528982], [-4.060014157269456, 50.300518890907185], [-4.060029990286622, 50.30052999440416], [-4.061329990287544, 50.30035999440399], [-4.062089990287893, 50.30066999440421], [-4.061839990287627, 50.30088999440438], [-4.063719990288972, 50.30061999440414], [-4.0630799902882835, 50.30120999440459], [-4.064909990289396, 50.30136999440468], [-4.064639990289059, 50.30171999440496], [-4.0656399902897284, 50.30167999440489], [-4.065409990289365, 50.30213999440526], [-4.066289990289908, 50.30219999440528], [-4.066289990289897, 50.302229994405316], [-4.066329990289928, 50.30220999440528], [-4.066699990290158, 50.3022299944053], [-4.066609990290002, 50.30244999440549], [-4.066589990289971, 50.302479994405495], [-4.066599990289978, 50.302479994405495], [-4.066449990289702, 50.30286999440581], [-4.067759990290954, 50.3019999944051], [-4.0683899902912755, 50.302189994405225], [-4.0678099902906215, 50.3027899944057], [-4.068679990291373, 50.3023899944054], [-4.070649990292403, 50.302919994405734], [-4.069969990291772, 50.30332999440608], [-4.071359990292663, 50.30335999440607], [-4.070999990292239, 50.30376999440639], [-4.071609990292729, 50.30356999440621], [-4.071639990292601, 50.30388999440646], [-4.071929990292903, 50.30363999440628], [-4.072259990293061, 50.303759994406334], [-4.072089990293179, 50.30326999440597], [-4.0722799902933255, 50.30321999440594], [-4.073639990294062, 50.30352999440614], [-4.073489990294125, 50.303189994405884], [-4.073239990294094, 50.30290999440566], [-4.073219990294107, 50.30284999440563], [-4.073489990294304, 50.302799994405575], [-4.074869990295175, 50.302859994405615], [-4.075689990295453, 50.303409994405996], [-4.0743999902945855, 50.303469994406086], [-4.0746399902944885, 50.30401999440648], [-4.075449990295011, 50.30402999440648], [-4.0745899902940845, 50.304819994407126], [-4.07486999029415, 50.305069994407305], [-4.073589990293245, 50.30522999440746], [-4.0735899902930885, 50.30556999440772], [-4.074189990293462, 50.3055999944077], [-4.074689990293575, 50.30605999440807], [-4.0737199902927355, 50.30650999440843], [-4.074339990293058, 50.30667999440853], [-4.074149990292791, 50.30699999440881], [-4.073739990292503, 50.307039994408846], [-4.0737199902924965, 50.30702999440883], [-4.073719990292491, 50.307039994408846], [-4.0733699902922496, 50.30706999440888], [-4.072959990291628, 50.30783999440947], [-4.072229990291073, 50.30800999440963], [-4.072309990290726, 50.30886999441027], [-4.071649990290152, 50.309189994410545], [-4.0711099902897905, 50.309209994410566], [-4.07061999028953, 50.30907999441049], [-4.069209990288607, 50.30909999441054], [-4.069149990288479, 50.309289994410676], [-4.0689899902884745, 50.30907999441053], [-4.06642999028669, 50.30933999441077], [-4.066229990286564, 50.30932999441077], [-4.0649399902857954, 50.30917999441068], [-4.06410999028502, 50.309689994411094], [-4.064489990284936, 50.31040999441164], [-4.06439999028483, 50.310509994411724], [-4.064129990284581, 50.31066999441186], [-4.0642499902846625, 50.31065999441185], [-4.0641099902845, 50.310819994411986], [-4.062539990283116, 50.31159999441262], [-4.060929990282058, 50.31162999441266], [-4.059159990281374, 50.31061999441193], [-4.0590399902813346, 50.31053999441186], [-4.058989990281312, 50.310519994411834], [-4.0589499902812936, 50.31049999441183], [-4.058919990281281, 50.31048999441185], [-4.05699999028054, 50.30939999441104], [-4.053449990278191, 50.30949999441118], [-4.052516933009771, 50.30996652663952], [-4.051442014798331, 50.30891309856879]]]}}, {"type": "Feature", "properties": {"type": "postcode-cell", "postcode": "PL8 1DG", "postcodes": ["PL8 1DG"]}, "geometry": {"type": "Polygon", "coordinates": [[[-4.05029196487626, 50.31645151631893], [-4.053170529157498, 50.31488676947524], [-4.053229990275478, 50.31503999441546], [-4.053065278453079, 50.316715549502035], [-4.05005328442539, 50.317145689155886], [-4.049951651212342, 50.317032762104375], [-4.05029196487626, 50.31645151631893]]]}}, {"type": "Feature", "properties": {"type": "postcode-cell", "postcode": "PL8 1DD", "postcodes": ["PL8 1DD"]}, "geometry": {"type": "Polygon", "coordinates": [[[-4.049951651212342, 50.317032762104375], [-4.048507978186679, 50.316674217767954], [-4.047889106792076, 50.31490247329007], [-4.0483936772265015, 50.31482775328663], [-4.0500264855622365, 50.31516948016186], [-4.05029196487626, 50.31645151631893], [-4.049951651212342, 50.317032762104375]]]}}, {"type": "Feature", "properties": {"type": "postcode-cell", "postcode": "PL8 1BW", "postcodes": ["PL8 1BW"]}, "geometry": {"type": "Polygon", "coordinates": [[[-4.05005328442539, 50.317145689155886], [-4.053065278453079, 50.316715549502035], [-4.052939990273924, 50.31798999441775], [-4.050524620132455, 50.31946109649162], [-4.05005328442539, 50.317145689155886]]]}}, {"type": "Feature", "properties": {"type": "postcode-cell", "postcode": "PL8 1DE", "postcodes": ["PL8 1DE"]}, "geometry": {"type": "Polygon", "coordinates": [[[-4.0500264855622365, 50.31516948016186], [-4.05129014449797, 50.31412366457187], [-4.051837103737572, 50.31376370841946], [-4.052019990275267, 50.31379999441454], [-4.0529699902756215, 50.31436999441496], [-4.053170529157498, 50.31488676947524], [-4.05029196487626, 50.31645151631893], [-4.0500264855622365, 50.31516948016186]]]}}, {"type": "Feature", "properties": {"type": "postcode-cell", "postcode": "PL8 1BL", "postcodes": ["PL8 1BL"]}, "geometry": {"type": "MultiPolygon", "coordinates": [[[[-4.05129014449797, 50.31412366457187], [-4.048662610170896, 50.31463729373385], [-4.0493692181340855, 50.31381673228602], [-4.049669990273726, 50.313839994414614], [-4.050759990274566, 50.31354999441436], [-4.051837103737572, 50.31376370841946], [-4.05129014449797, 50.31412366457187]]], [[[-4.051237622868003, 50.31164685870977], [-4.05083999027519, 50.312319994413436], [-4.050614382823592, 50.31237068401019], [-4.051237622868003, 50.31164685870977]]]]}}, {"type": "Feature", "properties": {"type": "postcode-cell", "postcode": "PL8 1DQ", "postcodes": ["PL8 1DQ"]}, "geometry": {"type": "Polygon", "coordinates": [[[-4.0483936772265015, 50.31482775328663], [-4.048662610170896, 50.31463729373385], [-4.05129014449797, 50.31412366457187], [-4.0500264855622365, 50.31516948016186], [-4.0483936772265015, 50.31482775328663]]]}}, {"type": "Feature", "properties": {"type": "postcode-cell", "postcode": "PL8 1DB", "postcodes": ["PL8 1DB"]}, "geometry": {"type": "MultiPolygon", "coordinates": [[[[-4.05005328442539, 50.317145689155886], [-4.050524620132455, 50.31946109649162], [-4.049179990270418, 50.320279994419586], [-4.04610999026697, 50.32341999442209], [-4.0451051143448185, 50.323585235323335], [-4.042673402745274, 50.320242286697805], [-4.045230197783929, 50.31703871563732], [-4.048507978186679, 50.316674217767954], [-4.049951651212342, 50.317032762104375], [-4.05005328442539, 50.317145689155886]]], [[[-4.045595076011857, 50.32425873610395], [-4.045669990266297, 50.32425999442275], [-4.046389990266513, 50.324799994423124], [-4.046251358759922, 50.32516082773366], [-4.045595076011857, 50.32425873610395]]]]}}, {"type": "Feature", "properties": {"type": "postcode-cell", "postcode": "PL8 1BN", "postcodes": ["PL8 1BN"]}, "geometry": {"type": "MultiPolygon", "coordinates": [[[[-4.052516933009771, 50.30996652663952], [-4.05210999027701, 50.31016999441174], [-4.051237622868003, 50.31164685870977], [-4.050614382823592, 50.31237068401019], [-4.048569990273482, 50.31282999441388], [-4.046332981439269, 50.31219995447248], [-4.046564180336813, 50.31097310754809], [-4.048691912674747, 50.30984184317023], [-4.051442014798331, 50.30891309856879], [-4.052516933009771, 50.30996652663952]]], [[[-4.048662610170896, 50.31463729373385], [-4.0483936772265015, 50.31482775328663], [-4.047889106792076, 50.31490247329007], [-4.046980022780846, 50.31457336331265], [-4.046323970157979, 50.31327443748739], [-4.047859990272615, 50.31369999441454], [-4.0493692181340855, 50.31381673228602], [-4.048662610170896, 50.31463729373385]]]]}}, {"type": "Feature", "properties": {"type": "postcode-cell", "postcode": "PL8 1DS", "postcodes": ["PL8 1DS"]}, "geometry": {"type": "Polygon", "coordinates": [[[-4.047889106792076, 50.31490247329007], [-4.048507978186679, 50.316674217767954], [-4.045230197783929, 50.31703871563732], [-4.04517482387848, 50.3168328400697], [-4.046172934376027, 50.31523587339509], [-4.046980022780846, 50.31457336331265], [-4.047889106792076, 50.31490247329007]]]}}, {"type": "Feature", "properties": {"type": "postcode-cell", "postcode": "PL8 1JA", "postcodes": ["PL8 1JA"]}, "geometry": {"type": "Polygon", "coordinates": [[[-4.022654485889315, 50.329264600271024], [-4.027751357736854, 50.32446575891046], [-4.0363720984631755, 50.32547241936477], [-4.036415464908156, 50.32547889089559], [-4.0427831868564, 50.3288650129516], [-4.0427499902622515, 50.328889994426355], [-4.042369990261302, 50.330409994427555], [-4.041449990260697, 50.3304299944276], [-4.040059990259414, 50.33124999442825], [-4.039929990259118, 50.331699994428604], [-4.036679990256327, 50.33316999442981], [-4.033649990253971, 50.33401999443055], [-4.031379861025538, 50.33514116410994], [-4.022654485889315, 50.329264600271024]]]}}, {"type": "Feature", "properties": {"type": "postcode-cell", "postcode": "PL7 5ED", "postcodes": ["PL7 5ED"]}, "geometry": {"type": "Polygon", "coordinates": [[[-4.0400651348165235, 50.41011745040986], [-4.063267860938432, 50.41816015286987], [-4.063906639486932, 50.41904805072851], [-4.063599990234116, 50.41909999449577], [-4.060959990231542, 50.42093999449723], [-4.059319990230184, 50.421559994497755], [-4.059439990230748, 50.42050999449693], [-4.058539990231093, 50.418479994495385], [-4.054129990228398, 50.41807999449515], [-4.051569990225975, 50.41970999449648], [-4.049059990223845, 50.420769994497334], [-4.048849990223515, 50.421189994497674], [-4.04336999021949, 50.42215999449852], [-4.041519990220105, 50.41820999449552], [-4.037148418919548, 50.41753131869705], [-4.0400651348165235, 50.41011745040986]]]}}, {"type": "Feature", "properties": {"type": "postcode-cell", "postcode": "PL7 5EB", "postcodes": ["PL7 5EB"]}, "geometry": {"type": "Polygon", "coordinates": [[[-4.063267860938432, 50.41816015286987], [-4.0400651348165235, 50.41011745040986], [-4.039247192740393, 50.40863642423675], [-4.050655713854987, 50.40205421266322], [-4.052509990234526, 50.402509994483104], [-4.05260999023507, 50.401469994482284], [-4.055339990237012, 50.40112999448197], [-4.055469990236704, 50.40197999448263], [-4.056749990237264, 50.402579994483055], [-4.059819990239926, 50.401149994481884], [-4.061275535769064, 50.40111870662339], [-4.063267860938432, 50.41816015286987]]]}}, {"type": "Feature", "properties": {"type": "postcode-cell", "postcode": "PL8 1BG", "postcodes": ["PL8 1BG"]}, "geometry": {"type": "Polygon", "coordinates": [[[-4.04012160004806, 50.31500205715365], [-4.039383811775499, 50.31505218218634], [-4.039134072460132, 50.31433824603519], [-4.0391479474329905, 50.3143214677576], [-4.040030320415947, 50.31427201869741], [-4.040196313053761, 50.314921490354614], [-4.04012160004806, 50.31500205715365]]]}}, {"type": "Feature", "properties": {"type": "postcode-cell", "postcode": "PL8 1DJ", "postcodes": ["PL8 1DJ"]}, "geometry": {"type": "Polygon", "coordinates": [[[-4.040196313053761, 50.314921490354614], [-4.040771008171881, 50.3147964305227], [-4.041483841072787, 50.31488888409115], [-4.041958444811808, 50.31523322531265], [-4.041802763392733, 50.31532715177418], [-4.040411781187089, 50.315421788000876], [-4.04012160004806, 50.31500205715365], [-4.040196313053761, 50.314921490354614]]]}}, {"type": "Feature", "properties": {"type": "postcode-cell", "postcode": "PL8 1HB", "postcodes": ["PL8 1HB"]}, "geometry": {"type": "Polygon", "coordinates": [[[-4.047914161087023, 50.29501264839115], [-4.04782999028125, 50.295059994400226], [-4.047891113550487, 50.29504118726677], [-4.04249559376778, 50.30172120375015], [-4.039808140562369, 50.30284968130338], [-4.0299698784645495, 50.300844640900806], [-4.028650289925974, 50.300058040309274], [-4.026938494063514, 50.29575769654738], [-4.029429990269289, 50.29516999440074], [-4.030719990270446, 50.29447999440019], [-4.0314499902708825, 50.29455999440023], [-4.031479990271087, 50.29415999439992], [-4.032599990271779, 50.294229994399934], [-4.032339990271859, 50.293699994399546], [-4.033299990272708, 50.293199994399146], [-4.032919990272342, 50.293459994399356], [-4.0329299902723506, 50.29345999439937], [-4.032919990272339, 50.293469994399366], [-4.033199990272528, 50.29344999439935], [-4.03302999027227, 50.293769994399604], [-4.035179990274098, 50.29282999439882], [-4.034439990273266, 50.29358999439942], [-4.034769990273423, 50.2937099943995], [-4.036349990274813, 50.29291999439885], [-4.036589990274898, 50.29306999439897], [-4.036119990274451, 50.29337999439922], [-4.036129990274454, 50.29338999439923], [-4.0360999902744235, 50.29340999439925], [-4.035439990273814, 50.29379999439955], [-4.0363599902745255, 50.29354999439934], [-4.0363699902745385, 50.293539994399325], [-4.036989990275095, 50.293209994399064], [-4.037199990275103, 50.293479994399284], [-4.037749990275549, 50.2932799943991], [-4.037839990275621, 50.29325999439909], [-4.03788999027567, 50.29321999439907], [-4.038439990276119, 50.293019994398854], [-4.038429990276106, 50.2930299943989], [-4.038449990276134, 50.29300999439888], [-4.038749990276371, 50.292909994398784], [-4.038379990275903, 50.29339999439917], [-4.039459990276882, 50.29279999439869], [-4.038339990275618, 50.2939599943996], [-4.0400799902770546, 50.29328999439904], [-4.039769990276524, 50.29399999439962], [-4.040989990277582, 50.29341999439912], [-4.040839990277435, 50.293529994399215], [-4.039739990276419, 50.29417999439975], [-4.040039990276443, 50.29454999440002], [-4.0411199902771715, 50.29448999439995], [-4.041659990277625, 50.294259994399745], [-4.041669990277633, 50.29425999439975], [-4.041679990277645, 50.29424999439976], [-4.043569990279232, 50.29346999439912], [-4.043439990279081, 50.29360999439924], [-4.042779990278428, 50.29409999439961], [-4.044629990279966, 50.293359994399005], [-4.044349990279634, 50.293689994399266], [-4.044129990279407, 50.2938699943994], [-4.044269990279521, 50.29381999439937], [-4.0440899902792244, 50.29420999439966], [-4.044609990279693, 50.293919994399424], [-4.044949990280003, 50.293729994399285], [-4.045499990280424, 50.293589994399156], [-4.046639990281169, 50.293569994399135], [-4.045979990280478, 50.29413999439957], [-4.046099990280591, 50.294069994399536], [-4.045979990280465, 50.29416999439959], [-4.04659999028102, 50.29383999439931], [-4.045989990280192, 50.29476999440004], [-4.047009990280947, 50.294569994399865], [-4.047019990280911, 50.29465999439994], [-4.046849990280731, 50.29480999440007], [-4.047019990280875, 50.29473999439999], [-4.047039990280696, 50.29514999440032], [-4.0474899902811, 50.29490999440012], [-4.0480899902815635, 50.294749994399986], [-4.048049990281494, 50.294839994400064], [-4.047959990281392, 50.29493999440012], [-4.047984909885159, 50.29492504264519], [-4.047914161087023, 50.29501264839115]]]}}, {"type": "Feature", "properties": {"type": "postcode-cell", "postcode": "PL8 1EQ", "postcodes": ["PL8 1EQ"]}, "geometry": {"type": "Polygon", "coordinates": [[[-4.051898922722289, 50.30720319528982], [-4.051442014798331, 50.30891309856879], [-4.048691912674747, 50.30984184317023], [-4.0459831954848475, 50.30914257007435], [-4.040743775093835, 50.307194342327385], [-4.03977983164608, 50.30637924490521], [-4.03994130738954, 50.30600959110863], [-4.039953018902395, 50.30599800918066], [-4.04815571851417, 50.306079370967495], [-4.051898922722289, 50.30720319528982]]]}}, {"type": "Feature", "properties": {"type": "postcode-cell", "postcode": "PL8 1DA", "postcodes": ["PL8 1DA"]}, "geometry": {"type": "Polygon", "coordinates": [[[-4.04517482387848, 50.3168328400697], [-4.043407445295471, 50.31533439132799], [-4.043325066217934, 50.315174288575314], [-4.043369804690715, 50.315067227182226], [-4.044008196824911, 50.314736883049164], [-4.046172934376027, 50.31523587339509], [-4.04517482387848, 50.3168328400697]]]}}, {"type": "Feature", "properties": {"type": "postcode-cell", "postcode": "PL8 1BZ", "postcodes": ["PL8 1BZ"]}, "geometry": {"type": "Polygon", "coordinates": [[[-4.046980022780846, 50.31457336331265], [-4.046172934376027, 50.31523587339509], [-4.044008196824911, 50.314736883049164], [-4.045088517143278, 50.31369529676933], [-4.04592124501543, 50.31316285716229], [-4.046323970157979, 50.31327443748739], [-4.046980022780846, 50.31457336331265]]]}}, {"type": "Feature", "properties": {"type": "postcode-cell", "postcode": "PL8 1DP", "postcodes": ["PL8 1DP"]}, "geometry": {"type": "Polygon", "coordinates": [[[-4.045230197783929, 50.31703871563732], [-4.042673402745274, 50.320242286697805], [-4.040913557966768, 50.319335801215935], [-4.040687442386329, 50.317252530650954], [-4.040899985733042, 50.31703052671575], [-4.043407445295471, 50.31533439132799], [-4.04517482387848, 50.3168328400697], [-4.045230197783929, 50.31703871563732]]]}}, {"type": "Feature", "properties": {"type": "postcode-cell", "postcode": "PL8 1BQ", "postcodes": ["PL8 1BQ"]}, "geometry": {"type": "Polygon", "coordinates": [[[-4.044008196824911, 50.314736883049164], [-4.043369804690715, 50.315067227182226], [-4.042350140823221, 50.31396734002968], [-4.045088517143278, 50.31369529676933], [-4.044008196824911, 50.314736883049164]]]}}, {"type": "Feature", "properties": {"type": "postcode-cell", "postcode": "PL8 1EJ", "postcodes": ["PL8 1EJ"]}, "geometry": {"type": "Polygon", "coordinates": [[[-4.039808140562369, 50.30284968130338], [-4.04249559376778, 50.30172120375015], [-4.04815571851417, 50.306079370967495], [-4.039953018902395, 50.30599800918066], [-4.039808140562369, 50.30284968130338]]]}}, {"type": "Feature", "properties": {"type": "postcode-cell", "postcode": "PL8 1EZ", "postcodes": ["PL8 1EZ"]}, "geometry": {"type": "Polygon", "coordinates": [[[-4.039953018902395, 50.30599800918066], [-4.03994130738954, 50.30600959110863], [-4.035063765750296, 50.30526777604988], [-4.031734516436418, 50.30364569785098], [-4.0299698784645495, 50.300844640900806], [-4.039808140562369, 50.30284968130338], [-4.039953018902395, 50.30599800918066]]]}}, {"type": "Feature", "properties": {"type": "postcode-cell", "postcode": "PL8 1BJ", "postcodes": ["PL8 1BJ"]}, "geometry": {"type": "MultiPolygon", "coordinates": [[[[-4.045088517143278, 50.31369529676933], [-4.042350140823221, 50.31396734002968], [-4.042188361335507, 50.313871105970954], [-4.042811697197724, 50.31269667834229], [-4.044659990271116, 50.31245999441367], [-4.045549990271415, 50.31305999441413], [-4.04592124501543, 50.31316285716229], [-4.045088517143278, 50.31369529676933]]], [[[-4.045746041036841, 50.311061238332165], [-4.046564180336813, 50.31097310754809], [-4.046332981439269, 50.31219995447248], [-4.044699990271478, 50.311739994413124], [-4.043829862492298, 50.311769539908795], [-4.045746041036841, 50.311061238332165]]]]}}, {"type": "Feature", "properties": {"type": "postcode-cell", "postcode": "PL8 1EH", "postcodes": ["PL8 1EH"]}, "geometry": {"type": "Polygon", "coordinates": [[[-4.0459831954848475, 50.30914257007435], [-4.042038478628913, 50.308741166931206], [-4.041424742627157, 50.30855505689108], [-4.040743775093835, 50.307194342327385], [-4.0459831954848475, 50.30914257007435]]]}}, {"type": "Feature", "properties": {"type": "postcode-cell", "postcode": "PL8 1DW", "postcodes": ["PL8 1DW"]}, "geometry": {"type": "Polygon", "coordinates": [[[-4.043407445295471, 50.31533439132799], [-4.040899985733042, 50.31703052671575], [-4.041802763392733, 50.31532715177418], [-4.041958444811808, 50.31523322531265], [-4.043325066217934, 50.315174288575314], [-4.043407445295471, 50.31533439132799]]]}}, {"type": "Feature", "properties": {"type": "postcode-cell", "postcode": "PL8 1EN", "postcodes": ["PL8 1EN"]}, "geometry": {"type": "Polygon", "coordinates": [[[-4.046564180336813, 50.31097310754809], [-4.045746041036841, 50.311061238332165], [-4.042101414804697, 50.3101908539797], [-4.042038478628913, 50.308741166931206], [-4.0459831954848475, 50.30914257007435], [-4.048691912674747, 50.30984184317023], [-4.046564180336813, 50.31097310754809]]]}}, {"type": "Feature", "properties": {"type": "postcode-cell", "postcode": "PL8 1DH", "postcodes": ["PL8 1DH"]}, "geometry": {"type": "Polygon", "coordinates": [[[-4.040483157349958, 50.31697132228554], [-4.040327972833251, 50.31659235393222], [-4.040411781187089, 50.315421788000876], [-4.041802763392733, 50.31532715177418], [-4.040899985733042, 50.31703052671575], [-4.040687442386329, 50.317252530650954], [-4.040483157349958, 50.31697132228554]]]}}, {"type": "Feature", "properties": {"type": "postcode-cell", "postcode": "PL8 1DL", "postcodes": ["PL8 1DL"]}, "geometry": {"type": "Polygon", "coordinates": [[[-4.040687442386329, 50.317252530650954], [-4.040913557966768, 50.319335801215935], [-4.040703631781263, 50.319302464025895], [-4.038472289843475, 50.3176528992219], [-4.0374901384854365, 50.316077439745875], [-4.037576092654892, 50.31586263395493], [-4.037815137550878, 50.315877482258365], [-4.040483157349958, 50.31697132228554], [-4.040687442386329, 50.317252530650954]]]}}, {"type": "Feature", "properties": {"type": "postcode-cell", "postcode": "PL8 1BY", "postcodes": ["PL8 1BY"]}, "geometry": {"type": "Polygon", "coordinates": [[[-4.043325066217934, 50.315174288575314], [-4.041958444811808, 50.31523322531265], [-4.041483841072787, 50.31488888409115], [-4.041905239147626, 50.31391078578499], [-4.042188361335507, 50.313871105970954], [-4.042350140823221, 50.31396734002968], [-4.043369804690715, 50.315067227182226], [-4.043325066217934, 50.315174288575314]]]}}, {"type": "Feature", "properties": {"type": "postcode-cell", "postcode": "PL8 1EG", "postcodes": ["PL8 1EG"]}, "geometry": {"type": "Polygon", "coordinates": [[[-4.042038478628913, 50.308741166931206], [-4.042101414804697, 50.3101908539797], [-4.041862933411315, 50.31015064051375], [-4.0410628486435085, 50.30922838424638], [-4.041424742627157, 50.30855505689108], [-4.042038478628913, 50.308741166931206]]]}}, {"type": "Feature", "properties": {"type": "postcode-cell", "postcode": "PL8 1EF", "postcodes": ["PL8 1EF"]}, "geometry": {"type": "Polygon", "coordinates": [[[-4.040743775093835, 50.307194342327385], [-4.041424742627157, 50.30855505689108], [-4.0410628486435085, 50.30922838424638], [-4.039032212653346, 50.309176456893695], [-4.037179720334813, 50.30824975205862], [-4.03977983164608, 50.30637924490521], [-4.040743775093835, 50.307194342327385]]]}}, {"type": "Feature", "properties": {"type": "postcode-cell", "postcode": "PL8 1EW", "postcodes": ["PL8 1EW"]}, "geometry": {"type": "MultiPolygon", "coordinates": [[[[-4.043829862492298, 50.311769539908795], [-4.040869990268934, 50.311869994413314], [-4.040545365893587, 50.310833969994526], [-4.041239414993116, 50.310258513143886], [-4.041862933411315, 50.31015064051375], [-4.042101414804697, 50.3101908539797], [-4.045746041036841, 50.311061238332165], [-4.043829862492298, 50.311769539908795]]], [[[-4.0396264928936185, 50.311595807639954], [-4.040025268561986, 50.3112651865526], [-4.039804920175731, 50.31179157251827], [-4.0396264928936185, 50.311595807639954]]]]}}, {"type": "Feature", "properties": {"type": "postcode-cell", "postcode": "PL8 1BX", "postcodes": ["PL8 1BX"]}, "geometry": {"type": "Polygon", "coordinates": [[[-4.041483841072787, 50.31488888409115], [-4.040771008171881, 50.3147964305227], [-4.0413802274465125, 50.313886244303546], [-4.041905239147626, 50.31391078578499], [-4.041483841072787, 50.31488888409115]]]}}, {"type": "Feature", "properties": {"type": "postcode-cell", "postcode": "PL8 1AD", "postcodes": ["PL8 1AD"]}, "geometry": {"type": "Polygon", "coordinates": [[[-4.042188361335507, 50.313871105970954], [-4.041905239147626, 50.31391078578499], [-4.0413802274465125, 50.313886244303546], [-4.0407349876784835, 50.31372150421372], [-4.04044696688119, 50.31340363046258], [-4.041379990268794, 50.31287999441409], [-4.042811697197724, 50.31269667834229], [-4.042188361335507, 50.313871105970954]]]}}, {"type": "Feature", "properties": {"type": "postcode-cell", "postcode": "PL8 1ED", "postcodes": ["PL8 1ED"]}, "geometry": {"type": "Polygon", "coordinates": [[[-4.037795615894287, 50.311069545822235], [-4.0388429177945735, 50.311214830788735], [-4.0396264928936185, 50.311595807639954], [-4.039804920175731, 50.31179157251827], [-4.039499990267744, 50.312519994413826], [-4.036762886442652, 50.31266909624496], [-4.037795615894287, 50.311069545822235]]]}}, {"type": "Feature", "properties": {"type": "postcode-cell", "postcode": "PL8 1AB", "postcodes": ["PL8 1AB"]}, "geometry": {"type": "Polygon", "coordinates": [[[-4.0407349876784835, 50.31372150421372], [-4.0400509959542585, 50.31423671413287], [-4.039135604257054, 50.31374877648386], [-4.039182699133503, 50.31353800022338], [-4.040399990267903, 50.31342999441451], [-4.04044696688119, 50.31340363046258], [-4.0407349876784835, 50.31372150421372]]]}}, {"type": "Feature", "properties": {"type": "postcode-cell", "postcode": "PL8 1BH", "postcodes": ["PL8 1BH"]}, "geometry": {"type": "Polygon", "coordinates": [[[-4.040771008171881, 50.3147964305227], [-4.040196313053761, 50.314921490354614], [-4.040030320415947, 50.31427201869741], [-4.0400509959542585, 50.31423671413287], [-4.0407349876784835, 50.31372150421372], [-4.0413802274465125, 50.313886244303546], [-4.040771008171881, 50.3147964305227]]]}}, {"type": "Feature", "properties": {"type": "postcode-cell", "postcode": "PL8 1DN", "postcodes": ["PL8 1DN"]}, "geometry": {"type": "Polygon", "coordinates": [[[-4.040483157349958, 50.31697132228554], [-4.037815137550878, 50.315877482258365], [-4.039048541430466, 50.31563468240809], [-4.040327972833251, 50.31659235393222], [-4.040483157349958, 50.31697132228554]]]}}, {"type": "Feature", "properties": {"type": "postcode-cell", "postcode": "PL7 5BN", "postcodes": ["PL7 5BN"]}, "geometry": {"type": "Polygon", "coordinates": [[[-4.030836199788045, 50.40473477742518], [-4.031360818182209, 50.40105663474069], [-4.036449587484929, 50.39969297814425], [-4.040451823305384, 50.3993482809358], [-4.039479990226846, 50.400749994482005], [-4.039649990226646, 50.401419994482524], [-4.044249990229798, 50.401089994482156], [-4.0465999902309155, 50.40197999448281], [-4.048699990232229, 50.40210999448286], [-4.0489299902326, 50.40162999448248], [-4.050655713854987, 50.40205421266322], [-4.039247192740393, 50.40863642423675], [-4.035350717594051, 50.4076137944267], [-4.030836199788045, 50.40473477742518]]]}}, {"type": "Feature", "properties": {"type": "postcode-cell", "postcode": "PL7 5BP", "postcodes": ["PL7 5BP"]}, "geometry": {"type": "Polygon", "coordinates": [[[-4.035350717594051, 50.4076137944267], [-4.021948255993985, 50.41547701717958], [-4.015744352175226, 50.40623721962202], [-4.025579320591448, 50.40494555295139], [-4.030836199788045, 50.40473477742518], [-4.035350717594051, 50.4076137944267]]]}}, {"type": "Feature", "properties": {"type": "postcode-cell", "postcode": "PL8 1DZ", "postcodes": ["PL8 1DZ"]}, "geometry": {"type": "Polygon", "coordinates": [[[-4.039032212653346, 50.309176456893695], [-4.039357159922343, 50.309553384730975], [-4.039130065622595, 50.31082027616334], [-4.0388429177945735, 50.311214830788735], [-4.037795615894287, 50.311069545822235], [-4.034914388672795, 50.30904670926146], [-4.0357094184537665, 50.308689988064], [-4.037179720334813, 50.30824975205862], [-4.039032212653346, 50.309176456893695]]]}}, {"type": "Feature", "properties": {"type": "postcode-cell", "postcode": "PL8 1EB", "postcodes": ["PL8 1EB"]}, "geometry": {"type": "Polygon", "coordinates": [[[-4.041862933411315, 50.31015064051375], [-4.041239414993116, 50.310258513143886], [-4.040367003964278, 50.31010317910603], [-4.039357159922343, 50.309553384730975], [-4.039032212653346, 50.309176456893695], [-4.0410628486435085, 50.30922838424638], [-4.041862933411315, 50.31015064051375]]]}}, {"type": "Feature", "properties": {"type": "postcode-cell", "postcode": "PL8 1DR", "postcodes": ["PL8 1DR"]}, "geometry": {"type": "Polygon", "coordinates": [[[-4.040411781187089, 50.315421788000876], [-4.040327972833251, 50.31659235393222], [-4.039048541430466, 50.31563468240809], [-4.039222663554012, 50.31509850168337], [-4.039383811775499, 50.31505218218634], [-4.04012160004806, 50.31500205715365], [-4.040411781187089, 50.315421788000876]]]}}, {"type": "Feature", "properties": {"type": "postcode-cell", "postcode": "PL8 1EA", "postcodes": ["PL8 1EA"]}, "geometry": {"type": "Polygon", "coordinates": [[[-4.040367003964278, 50.31010317910603], [-4.039130065622595, 50.31082027616334], [-4.039357159922343, 50.309553384730975], [-4.040367003964278, 50.31010317910603]]]}}, {"type": "Feature", "properties": {"type": "postcode-cell", "postcode": "PL8 1EE", "postcodes": ["PL8 1EE"]}, "geometry": {"type": "Polygon", "coordinates": [[[-4.040545365893587, 50.310833969994526], [-4.040399990269326, 50.31036999441218], [-4.040025268561986, 50.3112651865526], [-4.0396264928936185, 50.311595807639954], [-4.0388429177945735, 50.311214830788735], [-4.039130065622595, 50.31082027616334], [-4.040367003964278, 50.31010317910603], [-4.041239414993116, 50.310258513143886], [-4.040545365893587, 50.310833969994526]]]}}, {"type": "Feature", "properties": {"type": "postcode-cell", "postcode": "PL8 1AA", "postcodes": ["PL8 1AA"]}, "geometry": {"type": "Polygon", "coordinates": [[[-4.040030320415947, 50.31427201869741], [-4.0391479474329905, 50.3143214677576], [-4.038923078167159, 50.31397130064438], [-4.039135604257054, 50.31374877648386], [-4.0400509959542585, 50.31423671413287], [-4.040030320415947, 50.31427201869741]]]}}, {"type": "Feature", "properties": {"type": "postcode-cell", "postcode": "PL8 1BE", "postcodes": ["PL8 1BE"]}, "geometry": {"type": "Polygon", "coordinates": [[[-4.039222663554012, 50.31509850168337], [-4.038178839149117, 50.31488844002207], [-4.038122082666225, 50.31475757961921], [-4.038157352941208, 50.31464714713883], [-4.039134072460132, 50.31433824603519], [-4.039383811775499, 50.31505218218634], [-4.039222663554012, 50.31509850168337]]]}}, {"type": "Feature", "properties": {"type": "postcode-cell", "postcode": "PL8 1AX", "postcodes": ["PL8 1AX"]}, "geometry": {"type": "Polygon", "coordinates": [[[-4.040703631781263, 50.319302464025895], [-4.040625350284854, 50.31930238060723], [-4.037264986410893, 50.31855807323049], [-4.036289086618665, 50.31734379896043], [-4.037081742409591, 50.31715337849676], [-4.038472289843475, 50.3176528992219], [-4.040703631781263, 50.319302464025895]]]}}, {"type": "Feature", "properties": {"type": "postcode-cell", "postcode": "PL8 1DT", "postcodes": ["PL8 1DT"]}, "geometry": {"type": "Polygon", "coordinates": [[[-4.039134072460132, 50.31433824603519], [-4.038157352941208, 50.31464714713883], [-4.03804592549518, 50.31420468024493], [-4.038184556945303, 50.31406640380414], [-4.038923078167159, 50.31397130064438], [-4.0391479474329905, 50.3143214677576], [-4.039134072460132, 50.31433824603519]]]}}, {"type": "Feature", "properties": {"type": "postcode-cell", "postcode": "PL8 1AE", "postcodes": ["PL8 1AE"]}, "geometry": {"type": "Polygon", "coordinates": [[[-4.039135604257054, 50.31374877648386], [-4.038923078167159, 50.31397130064438], [-4.038184556945303, 50.31406640380414], [-4.038068425468222, 50.3136368540886], [-4.039182699133503, 50.31353800022338], [-4.039135604257054, 50.31374877648386]]]}}, {"type": "Feature", "properties": {"type": "postcode-cell", "postcode": "PL8 1EY", "postcodes": ["PL8 1EY"]}, "geometry": {"type": "Polygon", "coordinates": [[[-4.03977983164608, 50.30637924490521], [-4.037179720334813, 50.30824975205862], [-4.0357094184537665, 50.308689988064], [-4.035063765750296, 50.30526777604988], [-4.03994130738954, 50.30600959110863], [-4.03977983164608, 50.30637924490521]]]}}, {"type": "Feature", "properties": {"type": "postcode-cell", "postcode": "PL8 1AQ", "postcodes": ["PL8 1AQ"]}, "geometry": {"type": "Polygon", "coordinates": [[[-4.037815137550878, 50.315877482258365], [-4.037576092654892, 50.31586263395493], [-4.037452004478477, 50.315704138949464], [-4.037434930771561, 50.315647123105286], [-4.038178839149117, 50.31488844002207], [-4.039222663554012, 50.31509850168337], [-4.039048541430466, 50.31563468240809], [-4.037815137550878, 50.315877482258365]]]}}, {"type": "Feature", "properties": {"type": "postcode-cell", "postcode": "PL8 1AY", "postcodes": ["PL8 1AY"]}, "geometry": {"type": "Polygon", "coordinates": [[[-4.040913557966768, 50.319335801215935], [-4.042673402745274, 50.320242286697805], [-4.0451051143448185, 50.323585235323335], [-4.04312999026481, 50.32390999442253], [-4.04328999026477, 50.324219994422776], [-4.045595076011857, 50.32425873610395], [-4.046251358759922, 50.32516082773366], [-4.045659990265157, 50.326699994424615], [-4.0427831868564, 50.3288650129516], [-4.036415464908156, 50.32547889089559], [-4.033845080292418, 50.3219923656057], [-4.034639952865021, 50.32134442907428], [-4.038585426110253, 50.3196919831842], [-4.040625350284854, 50.31930238060723], [-4.040703631781263, 50.319302464025895], [-4.040913557966768, 50.319335801215935]]]}}, {"type": "Feature", "properties": {"type": "postcode-cell", "postcode": "PL8 1AJ", "postcodes": ["PL8 1AJ"]}, "geometry": {"type": "Polygon", "coordinates": [[[-4.038122082666225, 50.31475757961921], [-4.036470781086407, 50.314519655082286], [-4.036349890868134, 50.31422255772877], [-4.036424306773777, 50.31392813153096], [-4.03804592549518, 50.31420468024493], [-4.038157352941208, 50.31464714713883], [-4.038122082666225, 50.31475757961921]]]}}, {"type": "Feature", "properties": {"type": "postcode-cell", "postcode": "PL8 1AG", "postcodes": ["PL8 1AG"]}, "geometry": {"type": "Polygon", "coordinates": [[[-4.038184556945303, 50.31406640380414], [-4.03804592549518, 50.31420468024493], [-4.036424306773777, 50.31392813153096], [-4.03637913910411, 50.31378669965384], [-4.038068425468222, 50.3136368540886], [-4.038184556945303, 50.31406640380414]]]}}, {"type": "Feature", "properties": {"type": "postcode-cell", "postcode": "PL8 1AH", "postcodes": ["PL8 1AH"]}, "geometry": {"type": "Polygon", "coordinates": [[[-4.037434930771561, 50.315647123105286], [-4.036533610792602, 50.31517641700884], [-4.036420409369043, 50.31472373763049], [-4.036470781086407, 50.314519655082286], [-4.038122082666225, 50.31475757961921], [-4.038178839149117, 50.31488844002207], [-4.037434930771561, 50.315647123105286]]]}}, {"type": "Feature", "properties": {"type": "postcode-cell", "postcode": "PL8 1DY", "postcodes": ["PL8 1DY"]}, "geometry": {"type": "Polygon", "coordinates": [[[-4.036762886442652, 50.31266909624496], [-4.034975348506302, 50.31276643588582], [-4.034089799210761, 50.31260518396891], [-4.031031319433237, 50.310102656040996], [-4.032323496129169, 50.30939517698762], [-4.034914388672795, 50.30904670926146], [-4.037795615894287, 50.311069545822235], [-4.036762886442652, 50.31266909624496]]]}}, {"type": "Feature", "properties": {"type": "postcode-cell", "postcode": "PL8 1AP", "postcodes": ["PL8 1AP"]}, "geometry": {"type": "Polygon", "coordinates": [[[-4.0374901384854365, 50.316077439745875], [-4.036393569406961, 50.316624879029], [-4.036080083567764, 50.31662353465242], [-4.036208689775768, 50.31592098046269], [-4.037452004478477, 50.315704138949464], [-4.037576092654892, 50.31586263395493], [-4.0374901384854365, 50.316077439745875]]]}}, {"type": "Feature", "properties": {"type": "postcode-cell", "postcode": "PL8 1AR", "postcodes": ["PL8 1AR"]}, "geometry": {"type": "Polygon", "coordinates": [[[-4.0374901384854365, 50.316077439745875], [-4.038472289843475, 50.3176528992219], [-4.037081742409591, 50.31715337849676], [-4.036393569406961, 50.316624879029], [-4.0374901384854365, 50.316077439745875]]]}}, {"type": "Feature", "properties": {"type": "postcode-cell", "postcode": "PL8 1AL", "postcodes": ["PL8 1AL"]}, "geometry": {"type": "Polygon", "coordinates": [[[-4.036533610792602, 50.31517641700884], [-4.0353399486927835, 50.31560675709901], [-4.0337461867548, 50.31576244511837], [-4.03354912468119, 50.315310615057754], [-4.036420409369043, 50.31472373763049], [-4.036533610792602, 50.31517641700884]]]}}, {"type": "Feature", "properties": {"type": "postcode-cell", "postcode": "PL8 1JG", "postcodes": ["PL8 1JG"]}, "geometry": {"type": "Polygon", "coordinates": [[[-4.031734516436418, 50.30364569785098], [-4.032323496129169, 50.30939517698762], [-4.031031319433237, 50.310102656040996], [-4.023400687397772, 50.311245683172764], [-4.022767492317244, 50.31094609395249], [-4.020618040394293, 50.3097118903276], [-4.020622856333887, 50.30965923696742], [-4.028650289925974, 50.300058040309274], [-4.0299698784645495, 50.300844640900806], [-4.031734516436418, 50.30364569785098]]]}}, {"type": "Feature", "properties": {"type": "postcode-cell", "postcode": "PL8 1AZ", "postcodes": ["PL8 1AZ"]}, "geometry": {"type": "Polygon", "coordinates": [[[-4.036470781086407, 50.314519655082286], [-4.036420409369043, 50.31472373763049], [-4.03354912468119, 50.315310615057754], [-4.033326659508048, 50.31497379085666], [-4.033379695237444, 50.31489544360223], [-4.036349890868134, 50.31422255772877], [-4.036470781086407, 50.314519655082286]]]}}, {"type": "Feature", "properties": {"type": "postcode-cell", "postcode": "PL8 1AU", "postcodes": ["PL8 1AU"]}, "geometry": {"type": "Polygon", "coordinates": [[[-4.036289086618665, 50.31734379896043], [-4.0358902476121985, 50.3172704429013], [-4.035334253328377, 50.31675887095988], [-4.036080083567764, 50.31662353465242], [-4.036393569406961, 50.316624879029], [-4.037081742409591, 50.31715337849676], [-4.036289086618665, 50.31734379896043]]]}}, {"type": "Feature", "properties": {"type": "postcode-cell", "postcode": "PL8 1BP", "postcodes": ["PL8 1BP"]}, "geometry": {"type": "Polygon", "coordinates": [[[-4.037452004478477, 50.315704138949464], [-4.036208689775768, 50.31592098046269], [-4.0353399486927835, 50.31560675709901], [-4.036533610792602, 50.31517641700884], [-4.037434930771561, 50.315647123105286], [-4.037452004478477, 50.315704138949464]]]}}, {"type": "Feature", "properties": {"type": "postcode-cell", "postcode": "PL8 1BA", "postcodes": ["PL8 1BA"]}, "geometry": {"type": "Polygon", "coordinates": [[[-4.035334253328377, 50.31675887095988], [-4.033632525654126, 50.31657054534423], [-4.0337461867548, 50.31576244511837], [-4.0353399486927835, 50.31560675709901], [-4.036208689775768, 50.31592098046269], [-4.036080083567764, 50.31662353465242], [-4.035334253328377, 50.31675887095988]]]}}, {"type": "Feature", "properties": {"type": "postcode-cell", "postcode": "PL8 1AS", "postcodes": ["PL8 1AS"]}, "geometry": {"type": "Polygon", "coordinates": [[[-4.033632525654126, 50.31657054534423], [-4.035334253328377, 50.31675887095988], [-4.0358902476121985, 50.3172704429013], [-4.035867791200632, 50.31834912139019], [-4.0354742204015785, 50.318360235261444], [-4.033361878653915, 50.31682747247325], [-4.033632525654126, 50.31657054534423]]]}}, {"type": "Feature", "properties": {"type": "postcode-cell", "postcode": "PL8 1AW", "postcodes": ["PL8 1AW"]}, "geometry": {"type": "Polygon", "coordinates": [[[-4.033361878653915, 50.31682747247325], [-4.029319929950569, 50.31861895626632], [-4.024682634623188, 50.314797910713914], [-4.024595968896656, 50.313914077934896], [-4.0315175202666405, 50.31475425928877], [-4.030599990260444, 50.31581999441659], [-4.032845371663626, 50.31491539152441], [-4.033326659508048, 50.31497379085666], [-4.03354912468119, 50.315310615057754], [-4.0337461867548, 50.31576244511837], [-4.033632525654126, 50.31657054534423], [-4.033361878653915, 50.31682747247325]]]}}, {"type": "Feature", "properties": {"type": "postcode-cell", "postcode": "PL8 1AT", "postcodes": ["PL8 1AT"]}, "geometry": {"type": "Polygon", "coordinates": [[[-4.037264986410893, 50.31855807323049], [-4.035867791200632, 50.31834912139019], [-4.0358902476121985, 50.3172704429013], [-4.036289086618665, 50.31734379896043], [-4.037264986410893, 50.31855807323049]]]}}, {"type": "Feature", "properties": {"type": "postcode-cell", "postcode": "PL8 1EX", "postcodes": ["PL8 1EX"]}, "geometry": {"type": "Polygon", "coordinates": [[[-4.035063765750296, 50.30526777604988], [-4.0357094184537665, 50.308689988064], [-4.034914388672795, 50.30904670926146], [-4.032323496129169, 50.30939517698762], [-4.031734516436418, 50.30364569785098], [-4.035063765750296, 50.30526777604988]]]}}, {"type": "Feature", "properties": {"type": "postcode-cell", "postcode": "PL8 1BT", "postcodes": ["PL8 1BT"]}, "geometry": {"type": "Polygon", "coordinates": [[[-4.040625350284854, 50.31930238060723], [-4.038585426110253, 50.3196919831842], [-4.035241412975556, 50.319732590246076], [-4.034228121861113, 50.319203634541005], [-4.0354742204015785, 50.318360235261444], [-4.035867791200632, 50.31834912139019], [-4.037264986410893, 50.31855807323049], [-4.040625350284854, 50.31930238060723]]]}}, {"type": "Feature", "properties": {"type": "postcode-cell", "postcode": "PL8 1AN", "postcodes": ["PL8 1AN"]}, "geometry": {"type": "MultiPolygon", "coordinates": [[[[-4.036349890868134, 50.31422255772877], [-4.033379695237444, 50.31489544360223], [-4.0334489061704195, 50.31467223078667], [-4.035439990264486, 50.31386999441497], [-4.03637913910411, 50.31378669965384], [-4.036424306773777, 50.31392813153096], [-4.036349890868134, 50.31422255772877]]], [[[-4.034089799210761, 50.31260518396891], [-4.034975348506302, 50.31276643588582], [-4.034909990264652, 50.31276999441415], [-4.033914487051, 50.3131706286601], [-4.034089799210761, 50.31260518396891]]]]}}, {"type": "Feature", "properties": {"type": "postcode-cell", "postcode": "PL8 2NW", "postcodes": ["PL8 2NW"]}, "geometry": {"type": "MultiPolygon", "coordinates": [[[[-4.023553980807417, 50.34104608767286], [-4.027039990246876, 50.340069994435325], [-4.027229990247117, 50.339809994435136], [-4.033319990251453, 50.338979994434354], [-4.034209990251889, 50.339279994434555], [-4.036469990253325, 50.33934999443457], [-4.033579990251427, 50.339399994434686], [-4.03159999024907, 50.34170999443649], [-4.032739990249393, 50.34260999443716], [-4.032689990249167, 50.343019994437505], [-4.0296799902462705, 50.345059994439126], [-4.028059990245106, 50.345299994439344], [-4.027739990244687, 50.34575999443972], [-4.026069990243273, 50.34646999444029], [-4.024736118689898, 50.34832136174985], [-4.023553980807417, 50.34104608767286]]], [[[-4.02324183290388, 50.33912461607199], [-4.024663533401426, 50.33872282778406], [-4.023389990244875, 50.339279994434825], [-4.023272224238133, 50.33931170182816], [-4.02324183290388, 50.33912461607199]]]]}}, {"type": "Feature", "properties": {"type": "postcode-cell", "postcode": "PL7 5BW", "postcodes": ["PL7 5BW"]}, "geometry": {"type": "Polygon", "coordinates": [[[-4.039247192740393, 50.40863642423675], [-4.0400651348165235, 50.41011745040986], [-4.037148418919548, 50.41753131869705], [-4.033919990215694, 50.41702999449474], [-4.033829990215046, 50.41830999449576], [-4.032579990214225, 50.41831999449579], [-4.03029999021175, 50.4204599944975], [-4.028419990210856, 50.419739994496986], [-4.020924273856457, 50.42170432919294], [-4.021948255993985, 50.41547701717958], [-4.035350717594051, 50.4076137944267], [-4.039247192740393, 50.40863642423675]]]}}, {"type": "Feature", "properties": {"type": "postcode-cell", "postcode": "PL8 1BU", "postcodes": ["PL8 1BU"]}, "geometry": {"type": "Polygon", "coordinates": [[[-4.035241412975556, 50.319732590246076], [-4.034639952865021, 50.32134442907428], [-4.033845080292418, 50.3219923656057], [-4.029475346701667, 50.31977710681269], [-4.029534579809832, 50.319480991900946], [-4.034228121861113, 50.319203634541005], [-4.035241412975556, 50.319732590246076]]]}}, {"type": "Feature", "properties": {"type": "postcode-cell", "postcode": "PL8 1DF", "postcodes": ["PL8 1DF"]}, "geometry": {"type": "Polygon", "coordinates": [[[-4.034639952865021, 50.32134442907428], [-4.035241412975556, 50.319732590246076], [-4.038585426110253, 50.3196919831842], [-4.034639952865021, 50.32134442907428]]]}}, {"type": "Feature", "properties": {"type": "postcode-cell", "postcode": "PL8 1BD", "postcodes": ["PL8 1BD"]}, "geometry": {"type": "Polygon", "coordinates": [[[-4.034228121861113, 50.319203634541005], [-4.029534579809832, 50.319480991900946], [-4.029319929950569, 50.31861895626632], [-4.033361878653915, 50.31682747247325], [-4.0354742204015785, 50.318360235261444], [-4.034228121861113, 50.319203634541005]]]}}, {"type": "Feature", "properties": {"type": "postcode-cell", "postcode": "PL8 1DX", "postcodes": ["PL8 1DX"]}, "geometry": {"type": "MultiPolygon", "coordinates": [[[[-4.034089799210761, 50.31260518396891], [-4.033914487051, 50.3131706286601], [-4.033269990263285, 50.313429994414676], [-4.032969990262814, 50.31401999441514], [-4.03189999026199, 50.314309994415396], [-4.0315175202666405, 50.31475425928877], [-4.024595968896656, 50.313914077934896], [-4.023400687397772, 50.311245683172764], [-4.031031319433237, 50.310102656040996], [-4.034089799210761, 50.31260518396891]]], [[[-4.033379695237444, 50.31489544360223], [-4.033326659508048, 50.31497379085666], [-4.032845371663626, 50.31491539152441], [-4.0334489061704195, 50.31467223078667], [-4.033379695237444, 50.31489544360223]]]]}}, {"type": "Feature", "properties": {"type": "postcode-cell", "postcode": "PL8 1HA", "postcodes": ["PL8 1HA"]}, "geometry": {"type": "Polygon", "coordinates": [[[-4.036415464908156, 50.32547889089559], [-4.0363720984631755, 50.32547241936477], [-4.027393531170955, 50.32137037463511], [-4.029475346701667, 50.31977710681269], [-4.033845080292418, 50.3219923656057], [-4.036415464908156, 50.32547889089559]]]}}, {"type": "Feature", "properties": {"type": "postcode-cell", "postcode": "PL8 1HU", "postcodes": ["PL8 1HU"]}, "geometry": {"type": "Polygon", "coordinates": [[[-4.029475346701667, 50.31977710681269], [-4.027393531170955, 50.32137037463511], [-4.02692665375374, 50.321677498727425], [-4.020170032679449, 50.32150253360924], [-4.018399535820637, 50.32042482749105], [-4.024682634623188, 50.314797910713914], [-4.029319929950569, 50.31861895626632], [-4.029534579809832, 50.319480991900946], [-4.029475346701667, 50.31977710681269]]]}}, {"type": "Feature", "properties": {"type": "postcode-cell", "postcode": "PL7 5JX", "postcodes": ["PL7 5JX"]}, "geometry": {"type": "Polygon", "coordinates": [[[-4.020403081741694, 50.383516853907], [-4.019895882596415, 50.38257982724332], [-4.0245154004221675, 50.376013664178664], [-4.024519990228561, 50.37601999446316], [-4.027959990230406, 50.376859994463736], [-4.032829990233634, 50.37672999446353], [-4.034999990234827, 50.377199994463865], [-4.030879990231859, 50.37781999446443], [-4.027059990228814, 50.37902999446542], [-4.02454999022628, 50.380979994467], [-4.025319990226408, 50.38177999446759], [-4.025729990225969, 50.38330999446877], [-4.022270684138669, 50.38566925514094], [-4.020403081741694, 50.383516853907]]]}}, {"type": "Feature", "properties": {"type": "postcode-cell", "postcode": "PL7 5BH", "postcodes": ["PL7 5BH"]}, "geometry": {"type": "Polygon", "coordinates": [[[-4.031360818182209, 50.40105663474069], [-4.029302863136148, 50.396095672748814], [-4.028695949481198, 50.39406810964259], [-4.03154999022467, 50.39428999447715], [-4.030409990222636, 50.39707999447933], [-4.0346899902252344, 50.39748999447958], [-4.037589990227189, 50.397339994479374], [-4.038237600427335, 50.39742027038228], [-4.036449587484929, 50.39969297814425], [-4.031360818182209, 50.40105663474069]]]}}, {"type": "Feature", "properties": {"type": "postcode-cell", "postcode": "PL8 1HT", "postcodes": ["PL8 1HT"]}, "geometry": {"type": "Polygon", "coordinates": [[[-4.024682634623188, 50.314797910713914], [-4.018399535820637, 50.32042482749105], [-4.0129921263084425, 50.32010100592076], [-4.022767492317244, 50.31094609395249], [-4.023400687397772, 50.311245683172764], [-4.024595968896656, 50.313914077934896], [-4.024682634623188, 50.314797910713914]]]}}, {"type": "Feature", "properties": {"type": "postcode-cell", "postcode": "PL8 1HY", "postcodes": ["PL8 1HY"]}, "geometry": {"type": "Polygon", "coordinates": [[[-4.027393531170955, 50.32137037463511], [-4.0363720984631755, 50.32547241936477], [-4.027751357736854, 50.32446575891046], [-4.02692665375374, 50.321677498727425], [-4.027393531170955, 50.32137037463511]]]}}, {"type": "Feature", "properties": {"type": "postcode-cell", "postcode": "PL8 1HE", "postcodes": ["PL8 1HE"]}, "geometry": {"type": "Polygon", "coordinates": [[[-4.028650289925974, 50.300058040309274], [-4.020622856333887, 50.30965923696742], [-4.014234209982888, 50.30238214296406], [-4.014409990256316, 50.30217999440647], [-4.014007476171648, 50.30212382970282], [-4.014001048863745, 50.302116507152185], [-4.015549990257202, 50.30185999440621], [-4.016579990258157, 50.30123999440571], [-4.017419990259376, 50.29978999440458], [-4.018189990259813, 50.29991999440467], [-4.018219990260036, 50.29947999440433], [-4.017739990259754, 50.299419994404275], [-4.018549990260449, 50.29904999440399], [-4.017839990260071, 50.29887999440387], [-4.01819999026049, 50.29847999440354], [-4.017809990260186, 50.29858999440364], [-4.017919990260427, 50.29822999440337], [-4.018379990260764, 50.298139994403286], [-4.017879990260422, 50.29817999440333], [-4.018879990261284, 50.29771999440296], [-4.018999990261672, 50.29704999440246], [-4.0185399902614325, 50.29691999440235], [-4.019059990261837, 50.29677999440222], [-4.018319990261421, 50.29664999440216], [-4.018329990261476, 50.29653999440206], [-4.018909990262261, 50.29565999440135], [-4.019109990262459, 50.295509994401236], [-4.019039990262435, 50.29546999440123], [-4.019169990262615, 50.29525999440105], [-4.020309990263641, 50.294639994400555], [-4.021769990264738, 50.29430999440026], [-4.021789990264635, 50.29455999440045], [-4.0216699902644635, 50.29475999440063], [-4.020979990263822, 50.29517999440095], [-4.021629990264388, 50.29486999440071], [-4.0216299902643815, 50.294879994400716], [-4.022529990265108, 50.29456999440046], [-4.023449990265731, 50.294509994400386], [-4.023559990265697, 50.29473999440056], [-4.023549990265675, 50.294769994400575], [-4.023569990265688, 50.294769994400575], [-4.023639990265668, 50.294909994400676], [-4.02352999026553, 50.2950499944008], [-4.0234699902654745, 50.295089994400826], [-4.0234999902654955, 50.295079994400815], [-4.023139990265051, 50.295539994401196], [-4.024369990266125, 50.29493999440068], [-4.024139990265825, 50.29526999440094], [-4.024129990265811, 50.29527999440094], [-4.0241199902657945, 50.29529999440096], [-4.024159990265828, 50.29528999440096], [-4.023779990265298, 50.29589999440145], [-4.024329990265661, 50.295879994401396], [-4.024789990265621, 50.29660999440195], [-4.025599990266312, 50.296249994401656], [-4.025609990266317, 50.296249994401656], [-4.025619990266324, 50.29624999440169], [-4.025629990266331, 50.296249994401656], [-4.026129990266765, 50.29600999440148], [-4.026419990267013, 50.295879994401375], [-4.026938494063514, 50.29575769654738], [-4.028650289925974, 50.300058040309274]]]}}, {"type": "Feature", "properties": {"type": "postcode-cell", "postcode": "PL8 1HX", "postcodes": ["PL8 1HX"]}, "geometry": {"type": "Polygon", "coordinates": [[[-4.027751357736854, 50.32446575891046], [-4.022654485889315, 50.329264600271024], [-4.022652019693526, 50.32926393133231], [-4.020498864766513, 50.32364613399657], [-4.020170032679449, 50.32150253360924], [-4.02692665375374, 50.321677498727425], [-4.027751357736854, 50.32446575891046]]]}}, {"type": "Feature", "properties": {"type": "postcode-cell", "postcode": "PL7 5BS", "postcodes": ["PL7 5BS"]}, "geometry": {"type": "Polygon", "coordinates": [[[-4.011371200983972, 50.40639298856515], [-4.014381371131737, 50.4058958250666], [-4.015744352175226, 50.40623721962202], [-4.021948255993985, 50.41547701717958], [-4.020924273856457, 50.42170432919294], [-4.020749990204931, 50.42174999449869], [-4.017289990202931, 50.42119999449833], [-4.010839990193336, 50.43285999450754], [-4.006499990189884, 50.434209994508656], [-4.004909990187878, 50.436309994510324], [-4.003079990186099, 50.43757999451135], [-4.003039990185735, 50.438309994511926], [-4.002219990184724, 50.43933999451273], [-4.002729990185587, 50.43818999451182], [-4.000199990184412, 50.43716999451109], [-4.000789990186271, 50.433989994508615], [-4.002679990188062, 50.43277999450764], [-4.003889990189713, 50.430909994506145], [-4.003609990190033, 50.42982999450531], [-4.003189990189808, 50.42971999450525], [-4.003579990191194, 50.427279994503344], [-4.003309990191832, 50.425519994501975], [-3.9992799901890765, 50.42580999450228], [-3.9988574556584715, 50.42562663084029], [-4.011371200983972, 50.40639298856515]]]}}, {"type": "Feature", "properties": {"type": "postcode-cell", "postcode": "PL8 2NL", "postcodes": ["PL8 2NL"]}, "geometry": {"type": "Polygon", "coordinates": [[[-4.031379861025538, 50.33514116410994], [-4.031199990251819, 50.33522999443153], [-4.029589990250659, 50.33547999443174], [-4.028999990249769, 50.33656999443261], [-4.027589990248778, 50.336739994432754], [-4.027389990248444, 50.33717999443311], [-4.025469990246646, 50.33836999443406], [-4.024663533401426, 50.33872282778406], [-4.02324183290388, 50.33912461607199], [-4.021184642820943, 50.33947530451459], [-4.011659743893885, 50.33598956384833], [-4.010596460682537, 50.33379025216225], [-4.017504492571003, 50.33008779990158], [-4.022464547042654, 50.3292671954595], [-4.022652019693526, 50.32926393133231], [-4.022654485889315, 50.329264600271024], [-4.031379861025538, 50.33514116410994]]]}}, {"type": "Feature", "properties": {"type": "postcode-cell", "postcode": "PL8 2NH", "postcodes": ["PL8 2NH"]}, "geometry": {"type": "Polygon", "coordinates": [[[-4.020498864766513, 50.32364613399657], [-4.015407529568586, 50.325263081967634], [-4.009602730905672, 50.32136163102763], [-4.010937359302808, 50.32032308310806], [-4.011834224456076, 50.32011878239586], [-4.0129921263084425, 50.32010100592076], [-4.018399535820637, 50.32042482749105], [-4.020170032679449, 50.32150253360924], [-4.020498864766513, 50.32364613399657]]]}}, {"type": "Feature", "properties": {"type": "postcode-cell", "postcode": "PL7 5BU", "postcodes": ["PL7 5BU"]}, "geometry": {"type": "Polygon", "coordinates": [[[-4.027841715657144, 50.393927906504736], [-4.027819990222376, 50.39399999447701], [-4.028695949481198, 50.39406810964259], [-4.029302863136148, 50.396095672748814], [-4.022624061595513, 50.40008440100421], [-4.021513505420107, 50.39951780066794], [-4.024416437112705, 50.39687467635279], [-4.027778925497589, 50.393934687733285], [-4.027841715657144, 50.393927906504736]]]}}, {"type": "Feature", "properties": {"type": "postcode-cell", "postcode": "PL7 5BG", "postcodes": ["PL7 5BG"]}, "geometry": {"type": "Polygon", "coordinates": [[[-4.027778925497589, 50.393934687733285], [-4.021401668313738, 50.394142362907665], [-4.01818622354027, 50.39069188109965], [-4.019018671843681, 50.38818439577431], [-4.019872727715263, 50.387796913067774], [-4.020386081474009, 50.387792415125524], [-4.020929990220327, 50.38874999447307], [-4.0215199902198195, 50.390669994474564], [-4.021169990219077, 50.391779994475435], [-4.02889999022391, 50.39220999447562], [-4.028039990222855, 50.39326999447643], [-4.027841715657144, 50.393927906504736], [-4.027778925497589, 50.393934687733285]]]}}, {"type": "Feature", "properties": {"type": "postcode-cell", "postcode": "PL7 5FH", "postcodes": ["PL7 5FH", "PL7 5FJ"]}, "geometry": {"type": "Polygon", "coordinates": [[[-4.030836199788045, 50.40473477742518], [-4.025579320591448, 50.40494555295139], [-4.022624061595513, 50.40008440100421], [-4.029302863136148, 50.396095672748814], [-4.031360818182209, 50.40105663474069], [-4.030836199788045, 50.40473477742518]]]}}, {"type": "Feature", "properties": {"type": "postcode-cell", "postcode": "PL8 2DT", "postcodes": ["PL8 2DT"]}, "geometry": {"type": "MultiPolygon", "coordinates": [[[[-4.023272224238133, 50.33931170182816], [-4.021569990243466, 50.33976999443522], [-4.021111563523238, 50.33954078214643], [-4.021184642820943, 50.33947530451459], [-4.02324183290388, 50.33912461607199], [-4.023272224238133, 50.33931170182816]]], [[[-4.024736118689898, 50.34832136174985], [-4.02325999023964, 50.35036999444336], [-4.021819990238367, 50.351099994443956], [-4.018760047284346, 50.351922917021284], [-4.01581266902402, 50.34428789396632], [-4.018712141596509, 50.34169049364319], [-4.020559990241887, 50.341759994436785], [-4.0226599902435005, 50.34121999443633], [-4.022709990243672, 50.34091999443609], [-4.0230399902437615, 50.3411899944363], [-4.023553980807417, 50.34104608767286], [-4.024736118689898, 50.34832136174985]]], [[[-4.019001691485463, 50.34143109028845], [-4.0194599902413755, 50.34132999443648], [-4.0193199902412, 50.341509994436635], [-4.018880943347939, 50.341539267139694], [-4.019001691485463, 50.34143109028845]]]]}}, {"type": "Feature", "properties": {"type": "postcode-cell", "postcode": "PL7 5BY", "postcodes": ["PL7 5BY"]}, "geometry": {"type": "Polygon", "coordinates": [[[-4.01414176261836, 50.396353463037634], [-4.021401668313738, 50.394142362907665], [-4.027778925497589, 50.393934687733285], [-4.024416437112705, 50.39687467635279], [-4.018873471183813, 50.3997621545901], [-4.01508159180206, 50.40018082584646], [-4.01414176261836, 50.396353463037634]]]}}, {"type": "Feature", "properties": {"type": "postcode-cell", "postcode": "PL7 5BZ", "postcodes": ["PL7 5BZ"]}, "geometry": {"type": "Polygon", "coordinates": [[[-4.01508159180206, 50.40018082584646], [-4.014381371131737, 50.4058958250666], [-4.011371200983972, 50.40639298856515], [-4.010602869522031, 50.406196942017395], [-4.008025205829978, 50.40420538927753], [-4.0055049814288575, 50.40192572695022], [-4.005135347960524, 50.3973177068258], [-4.008893239312977, 50.394447461320766], [-4.01414176261836, 50.396353463037634], [-4.01508159180206, 50.40018082584646]]]}}, {"type": "Feature", "properties": {"type": "postcode-cell", "postcode": "PL8 2LB", "postcodes": ["PL8 2LB"]}, "geometry": {"type": "Polygon", "coordinates": [[[-4.005667050049588, 50.37044683235189], [-4.005543900871749, 50.36205681916037], [-4.006397783189001, 50.35831702400819], [-4.009338293803139, 50.35601565422577], [-4.012833877714268, 50.355558276715065], [-4.013259021171826, 50.35554165299194], [-4.01502973052329, 50.355500293643175], [-4.014219990231123, 50.35608999444798], [-4.014019990230239, 50.35770999444923], [-4.012319990228712, 50.35862999444999], [-4.010839990226767, 50.360749994451666], [-4.011999990227072, 50.36170999445237], [-4.0126099902265535, 50.363679994453875], [-4.011249990225375, 50.36431999445441], [-4.011549990225318, 50.36485999445481], [-4.0112699902249185, 50.36532999445519], [-4.007379990221638, 50.36695999445652], [-4.005779990219125, 50.370139994459024], [-4.005708638208897, 50.37045216628574], [-4.005667050049588, 50.37044683235189]]]}}, {"type": "Feature", "properties": {"type": "postcode-cell", "postcode": "PL8 1JX", "postcodes": ["PL8 1JX"]}, "geometry": {"type": "Polygon", "coordinates": [[[-3.961801765910937, 50.31207457036102], [-3.9555790078927937, 50.30674753990427], [-3.9567899902172807, 50.30623999441096], [-3.9580399902181114, 50.306179994410876], [-3.9577399902180774, 50.30583999441063], [-3.9589799902189786, 50.305619994410435], [-3.960039990219634, 50.305679994410454], [-3.959889990219708, 50.30530999441016], [-3.96091999022062, 50.30477999440973], [-3.9603299902202456, 50.304769994409746], [-3.9604799902204544, 50.30452999440956], [-3.9638699902229564, 50.30383999440893], [-3.964079990223088, 50.30384999440894], [-3.964549990223344, 50.30394999440901], [-3.964529990223315, 50.30397999440904], [-3.963949990222887, 50.30409999440913], [-3.964359990223103, 50.30419999440922], [-3.964049990222485, 50.3050999944099], [-3.965559990223519, 50.30495999440976], [-3.9655799902235267, 50.30496999440977], [-3.9654599902233145, 50.30525999440998], [-3.965759990223626, 50.3050099944098], [-3.965869990223685, 50.305029994409814], [-3.966129990223755, 50.305239994409966], [-3.9662999902239173, 50.30512999440987], [-3.9663099902239205, 50.305139994409885], [-3.9663099902239236, 50.30512999440987], [-3.966319990223926, 50.30513999440989], [-3.966309990223929, 50.30511999440987], [-3.9664699902240783, 50.30501999440979], [-3.9665399902241183, 50.30502999440979], [-3.96661999022415, 50.30506999440982], [-3.966529990224136, 50.304979994409756], [-3.966739990224338, 50.30482999440963], [-3.967289990224634, 50.30495999440973], [-3.967329990224667, 50.30493999440969], [-3.9680199902252804, 50.304579994409416], [-3.968719990225763, 50.30450999440932], [-3.969259990226097, 50.304539994409346], [-3.9690199902257994, 50.3048499944096], [-3.968899990225707, 50.304879994409625], [-3.9679299902250924, 50.30485999440963], [-3.968559990225398, 50.305069994409784], [-3.9680099902249086, 50.30535999441], [-3.9689899902254484, 50.305559994410146], [-3.9687399902250857, 50.305989994410474], [-3.9695999902257224, 50.305809994410325], [-3.969559990225446, 50.306349994410745], [-3.9702099902257935, 50.30649999441085], [-3.9710099902265554, 50.30596999441041], [-3.9724699902275025, 50.305959994410365], [-3.9730299902277966, 50.30609999441047], [-3.9725699902273597, 50.30639999441068], [-3.9731099902273876, 50.3070799944112], [-3.9735066067196594, 50.307082490891744], [-3.961801765910937, 50.31207457036102]]]}}, {"type": "Feature", "properties": {"type": "postcode-cell", "postcode": "PL7 5BT", "postcodes": ["PL7 5BT"]}, "geometry": {"type": "Polygon", "coordinates": [[[-4.025579320591448, 50.40494555295139], [-4.015744352175226, 50.40623721962202], [-4.014381371131737, 50.4058958250666], [-4.01508159180206, 50.40018082584646], [-4.018873471183813, 50.3997621545901], [-4.021513505420107, 50.39951780066794], [-4.022624061595513, 50.40008440100421], [-4.025579320591448, 50.40494555295139]]]}}, {"type": "Feature", "properties": {"type": "postcode-cell", "postcode": "PL8 1HF", "postcodes": ["PL8 1HF"]}, "geometry": {"type": "MultiPolygon", "coordinates": [[[[-4.020618040394293, 50.3097118903276], [-4.016254447823877, 50.31047349623308], [-4.011725702587584, 50.31029337938409], [-4.0068005673749445, 50.309429841304514], [-4.002410675188868, 50.302149309545534], [-4.002449990248626, 50.30210999440673], [-4.003779990249702, 50.3016399944063], [-4.004659990250262, 50.30165999440631], [-4.004649990250242, 50.30168999440633], [-4.004099990249611, 50.30227999440678], [-4.004519990250031, 50.30195999440655], [-4.00449999025, 50.30199999440659], [-4.00457999025009, 50.30191999440651], [-4.004569990250062, 50.30195999440652], [-4.004719990250232, 50.30180999440643], [-4.0049399902504454, 50.30164999440629], [-4.006479990251478, 50.3015699944062], [-4.006009990251045, 50.301849994406425], [-4.006929990251746, 50.301619994406224], [-4.00575999025071, 50.302219994406705], [-4.006489990251224, 50.30212999440663], [-4.0061699902508465, 50.302499994406915], [-4.007329990251823, 50.30200999440652], [-4.007119990251608, 50.302179994406636], [-4.008329990252276, 50.302419994406804], [-4.0082299902521195, 50.30261999440698], [-4.008689990252481, 50.30247999440683], [-4.009379990252737, 50.30288999440714], [-4.010409990253465, 50.302749994407], [-4.011479990253977, 50.303139994407296], [-4.0131699902553475, 50.30253999440677], [-4.014009990255842, 50.302639994406846], [-4.014234209982888, 50.30238214296406], [-4.020622856333887, 50.30965923696742], [-4.020618040394293, 50.3097118903276]]], [[[-4.014007476171648, 50.30212382970282], [-4.013979990256066, 50.30211999440646], [-4.014001048863745, 50.302116507152185], [-4.014007476171648, 50.30212382970282]]]]}}, {"type": "Feature", "properties": {"type": "postcode-cell", "postcode": "PL7 5BX", "postcodes": ["PL7 5BX"]}, "geometry": {"type": "Polygon", "coordinates": [[[-4.021513505420107, 50.39951780066794], [-4.018873471183813, 50.3997621545901], [-4.024416437112705, 50.39687467635279], [-4.021513505420107, 50.39951780066794]]]}}, {"type": "Feature", "properties": {"type": "postcode-cell", "postcode": "PL8 1HZ", "postcodes": ["PL8 1HZ"]}, "geometry": {"type": "Polygon", "coordinates": [[[-4.022767492317244, 50.31094609395249], [-4.0129921263084425, 50.32010100592076], [-4.011834224456076, 50.32011878239586], [-4.016254447823877, 50.31047349623308], [-4.020618040394293, 50.3097118903276], [-4.022767492317244, 50.31094609395249]]]}}, {"type": "Feature", "properties": {"type": "postcode-cell", "postcode": "PL7 5BE", "postcodes": ["PL7 5BE"]}, "geometry": {"type": "Polygon", "coordinates": [[[-4.021401668313738, 50.394142362907665], [-4.01414176261836, 50.396353463037634], [-4.008893239312977, 50.394447461320766], [-4.008725973979024, 50.394193736607626], [-4.011509280841131, 50.39069933222531], [-4.017425685828304, 50.39057744014535], [-4.01818622354027, 50.39069188109965], [-4.021401668313738, 50.394142362907665]]]}}, {"type": "Feature", "properties": {"type": "postcode-cell", "postcode": "PL7 5JY", "postcodes": ["PL7 5JY"]}, "geometry": {"type": "Polygon", "coordinates": [[[-4.022270684138669, 50.38566925514094], [-4.019629990220075, 50.38746999447212], [-4.020219990220445, 50.38749999447214], [-4.020386081474009, 50.387792415125524], [-4.019872727715263, 50.387796913067774], [-4.019316750665768, 50.387075444390646], [-4.020403081741694, 50.383516853907], [-4.022270684138669, 50.38566925514094]]]}}, {"type": "Feature", "properties": {"type": "postcode-cell", "postcode": "PL7 5ET", "postcodes": ["PL7 5ET"]}, "geometry": {"type": "Polygon", "coordinates": [[[-4.014899426651964, 50.38792328247241], [-4.0154650677957235, 50.38694037723083], [-4.018284418514471, 50.38634158062948], [-4.019316750665768, 50.387075444390646], [-4.019872727715263, 50.387796913067774], [-4.019018671843681, 50.38818439577431], [-4.014899426651964, 50.38792328247241]]]}}, {"type": "Feature", "properties": {"type": "postcode-cell", "postcode": "PL7 5HJ", "postcodes": ["PL7 5HJ"]}, "geometry": {"type": "Polygon", "coordinates": [[[-4.019018671843681, 50.38818439577431], [-4.01818622354027, 50.39069188109965], [-4.017425685828304, 50.39057744014535], [-4.014641775097074, 50.388002451195604], [-4.014899426651964, 50.38792328247241], [-4.019018671843681, 50.38818439577431]]]}}, {"type": "Feature", "properties": {"type": "postcode-cell", "postcode": "PL7 5HZ", "postcodes": ["PL7 5HZ"]}, "geometry": {"type": "Polygon", "coordinates": [[[-4.020403081741694, 50.383516853907], [-4.019316750665768, 50.387075444390646], [-4.018284418514471, 50.38634158062948], [-4.016644658356161, 50.38443807090569], [-4.016943356198792, 50.38403408589065], [-4.019895882596415, 50.38257982724332], [-4.020403081741694, 50.383516853907]]]}}, {"type": "Feature", "properties": {"type": "postcode-cell", "postcode": "PL7 5EY", "postcodes": ["PL7 5EY"]}, "geometry": {"type": "Polygon", "coordinates": [[[-4.018284418514471, 50.38634158062948], [-4.0154650677957235, 50.38694037723083], [-4.015964355631697, 50.384959367698386], [-4.016232410975235, 50.384663627545585], [-4.016644658356161, 50.38443807090569], [-4.018284418514471, 50.38634158062948]]]}}, {"type": "Feature", "properties": {"type": "postcode-cell", "postcode": "PL8 2NJ", "postcodes": ["PL8 2NJ"]}, "geometry": {"type": "Polygon", "coordinates": [[[-4.015778349167964, 50.32570242889734], [-4.015407529568586, 50.325263081967634], [-4.020498864766513, 50.32364613399657], [-4.022652019693526, 50.32926393133231], [-4.022464547042654, 50.3292671954595], [-4.015778349167964, 50.32570242889734]]]}}, {"type": "Feature", "properties": {"type": "postcode-cell", "postcode": "PL8 2FY", "postcodes": ["PL8 2FY"]}, "geometry": {"type": "Polygon", "coordinates": [[[-4.022464547042654, 50.3292671954595], [-4.017504492571003, 50.33008779990158], [-4.0140335523624175, 50.328333833999864], [-4.0133941778686015, 50.327851424595245], [-4.013106342485528, 50.32741245473147], [-4.015778349167964, 50.32570242889734], [-4.022464547042654, 50.3292671954595]]]}}, {"type": "Feature", "properties": {"type": "postcode-cell", "postcode": "PL7 5FL", "postcodes": ["PL7 5FL"]}, "geometry": {"type": "Polygon", "coordinates": [[[-4.019895882596415, 50.38257982724332], [-4.016943356198792, 50.38403408589065], [-4.0152910267049124, 50.38345289119514], [-4.011691601003083, 50.37999695858742], [-4.021615488302086, 50.372845855208645], [-4.022199990228535, 50.37281999446072], [-4.0245154004221675, 50.376013664178664], [-4.019895882596415, 50.38257982724332]]]}}, {"type": "Feature", "properties": {"type": "postcode-cell", "postcode": "PL8 1HP", "postcodes": ["PL8 1HP"]}, "geometry": {"type": "Polygon", "coordinates": [[[-4.011834224456076, 50.32011878239586], [-4.010937359302808, 50.32032308310806], [-4.008978932008341, 50.31784830220683], [-4.011725702587584, 50.31029337938409], [-4.016254447823877, 50.31047349623308], [-4.011834224456076, 50.32011878239586]]]}}, {"type": "Feature", "properties": {"type": "postcode-cell", "postcode": "PL8 2PF", "postcodes": ["PL8 2PF"]}, "geometry": {"type": "Polygon", "coordinates": [[[-4.015407529568586, 50.325263081967634], [-4.015778349167964, 50.32570242889734], [-4.013106342485528, 50.32741245473147], [-4.006484725541308, 50.322870123948675], [-4.009602730905672, 50.32136163102763], [-4.015407529568586, 50.325263081967634]]]}}, {"type": "Feature", "properties": {"type": "postcode-cell", "postcode": "PL7 5HH", "postcodes": ["PL7 5HH"]}, "geometry": {"type": "Polygon", "coordinates": [[[-4.017425685828304, 50.39057744014535], [-4.011509280841131, 50.39069933222531], [-4.012056500212842, 50.38843382067113], [-4.014641775097074, 50.388002451195604], [-4.017425685828304, 50.39057744014535]]]}}, {"type": "Feature", "properties": {"type": "postcode-cell", "postcode": "PL8 2NN", "postcodes": ["PL8 2NN"]}, "geometry": {"type": "Polygon", "coordinates": [[[-4.021184642820943, 50.33947530451459], [-4.021111563523238, 50.33954078214643], [-4.0208699902431775, 50.33941999443497], [-4.019309990241871, 50.340049994435496], [-4.017679990240748, 50.34019999443566], [-4.015719990239071, 50.34106999443637], [-4.017999990240806, 50.34051999443589], [-4.018569990241061, 50.340769994436066], [-4.017889990240433, 50.341169994436385], [-4.018309990240721, 50.34112999443636], [-4.018989990241446, 50.34051999443585], [-4.018779990240867, 50.341479994436604], [-4.019001691485463, 50.34143109028845], [-4.018880943347939, 50.341539267139694], [-4.017369990239875, 50.341639994436775], [-4.018712141596509, 50.34169049364319], [-4.01581266902402, 50.34428789396632], [-4.013276178889778, 50.34413472146926], [-4.007976348597861, 50.342589612594885], [-4.0056123226986005, 50.340142326141894], [-4.011659743893885, 50.33598956384833], [-4.021184642820943, 50.33947530451459]]]}}, {"type": "Feature", "properties": {"type": "postcode-cell", "postcode": "PL8 2NF", "postcodes": ["PL8 2NF"]}, "geometry": {"type": "Polygon", "coordinates": [[[-4.017504492571003, 50.33008779990158], [-4.010596460682537, 50.33379025216225], [-4.008047589530881, 50.33268649627696], [-4.010390788260928, 50.329415211995965], [-4.0140335523624175, 50.328333833999864], [-4.017504492571003, 50.33008779990158]]]}}, {"type": "Feature", "properties": {"type": "postcode-cell", "postcode": "PL7 5HQ", "postcodes": ["PL7 5HQ"]}, "geometry": {"type": "Polygon", "coordinates": [[[-4.016644658356161, 50.38443807090569], [-4.016232410975235, 50.384663627545585], [-4.007034406593822, 50.38433704639821], [-4.006788325213107, 50.3832880755296], [-4.0152910267049124, 50.38345289119514], [-4.016943356198792, 50.38403408589065], [-4.016644658356161, 50.38443807090569]]]}}, {"type": "Feature", "properties": {"type": "postcode-cell", "postcode": "PL7 5EU", "postcodes": ["PL7 5EU"]}, "geometry": {"type": "Polygon", "coordinates": [[[-4.014641775097074, 50.388002451195604], [-4.012056500212842, 50.38843382067113], [-4.0104364546267295, 50.38687996829596], [-4.015964355631697, 50.384959367698386], [-4.0154650677957235, 50.38694037723083], [-4.014899426651964, 50.38792328247241], [-4.014641775097074, 50.388002451195604]]]}}, {"type": "Feature", "properties": {"type": "postcode-cell", "postcode": "PL8 1HG", "postcodes": ["PL8 1HG"]}, "geometry": {"type": "Polygon", "coordinates": [[[-4.0068005673749445, 50.309429841304514], [-4.005139449310993, 50.31074851594255], [-3.990150613037599, 50.309494359205594], [-3.98928101556747, 50.30767427568857], [-3.9901199902382016, 50.30739999441104], [-3.9917999902392345, 50.307509994411106], [-3.993899990240815, 50.307029994410684], [-3.9939499902411035, 50.30647999441026], [-3.9947899902419097, 50.305909994409795], [-3.997179990243759, 50.30524999440925], [-3.9977599902445538, 50.304349994408526], [-3.997319990244438, 50.30398999440827], [-3.9981799902450086, 50.303959994408224], [-3.9998999902464623, 50.30321999440761], [-4.001399990247449, 50.30317999440755], [-4.002229990248376, 50.30233999440689], [-4.002249990248403, 50.302309994406855], [-4.00224999024839, 50.30233999440688], [-4.002329990248491, 50.302229994406794], [-4.002410675188868, 50.302149309545534], [-4.0068005673749445, 50.309429841304514]]]}}, {"type": "Feature", "properties": {"type": "postcode-cell", "postcode": "PL7 5AW", "postcodes": ["PL7 5AW"]}, "geometry": {"type": "Polygon", "coordinates": [[[-4.011509280841131, 50.39069933222531], [-4.008725973979024, 50.394193736607626], [-4.005447084291167, 50.392759560487484], [-4.00212592144342, 50.38877274695436], [-4.00703901340096, 50.38479687002138], [-4.0104364546267295, 50.38687996829596], [-4.012056500212842, 50.38843382067113], [-4.011509280841131, 50.39069933222531]]]}}, {"type": "Feature", "properties": {"type": "postcode-cell", "postcode": "PL8 1HS", "postcodes": ["PL8 1HS"]}, "geometry": {"type": "Polygon", "coordinates": [[[-4.009602730905672, 50.32136163102763], [-4.006484725541308, 50.322870123948675], [-4.005438888774707, 50.32317942117922], [-4.003887620638529, 50.32351713854815], [-3.996101451211756, 50.32241901289579], [-3.9939019678964445, 50.31667346839495], [-4.00303929786884, 50.31359267865484], [-4.008978932008341, 50.31784830220683], [-4.010937359302808, 50.32032308310806], [-4.009602730905672, 50.32136163102763]]]}}, {"type": "Feature", "properties": {"type": "postcode-cell", "postcode": "PL8 1HR", "postcodes": ["PL8 1HR"]}, "geometry": {"type": "Polygon", "coordinates": [[[-4.008978932008341, 50.31784830220683], [-4.00303929786884, 50.31359267865484], [-4.005139449310993, 50.31074851594255], [-4.0068005673749445, 50.309429841304514], [-4.011725702587584, 50.31029337938409], [-4.008978932008341, 50.31784830220683]]]}}, {"type": "Feature", "properties": {"type": "postcode-cell", "postcode": "PL8 2NG", "postcodes": ["PL8 2NG"]}, "geometry": {"type": "Polygon", "coordinates": [[[-4.0140335523624175, 50.328333833999864], [-4.010390788260928, 50.329415211995965], [-4.0105676462421975, 50.32847577224047], [-4.0133941778686015, 50.327851424595245], [-4.0140335523624175, 50.328333833999864]]]}}, {"type": "Feature", "properties": {"type": "postcode-cell", "postcode": "PL7 5FN", "postcodes": ["PL7 5FN"]}, "geometry": {"type": "Polygon", "coordinates": [[[-4.0152910267049124, 50.38345289119514], [-4.006788325213107, 50.3832880755296], [-4.006525284714239, 50.38268852608522], [-4.007561144937656, 50.38209664901552], [-4.011691601003083, 50.37999695858742], [-4.0152910267049124, 50.38345289119514]]]}}, {"type": "Feature", "properties": {"type": "postcode-cell", "postcode": "PL8 2NQ", "postcodes": ["PL8 2NQ"]}, "geometry": {"type": "Polygon", "coordinates": [[[-4.0133941778686015, 50.327851424595245], [-4.0105676462421975, 50.32847577224047], [-4.005438888774707, 50.32317942117922], [-4.006484725541308, 50.322870123948675], [-4.013106342485528, 50.32741245473147], [-4.0133941778686015, 50.327851424595245]]]}}, {"type": "Feature", "properties": {"type": "postcode-cell", "postcode": "PL7 5EX", "postcodes": ["PL7 5EX"]}, "geometry": {"type": "Polygon", "coordinates": [[[-4.0104364546267295, 50.38687996829596], [-4.00703901340096, 50.38479687002138], [-4.007034406593822, 50.38433704639821], [-4.016232410975235, 50.384663627545585], [-4.015964355631697, 50.384959367698386], [-4.0104364546267295, 50.38687996829596]]]}}, {"type": "Feature", "properties": {"type": "postcode-cell", "postcode": "PL8 2NE", "postcodes": ["PL8 2NE"]}, "geometry": {"type": "Polygon", "coordinates": [[[-4.008047589530881, 50.33268649627696], [-4.0048639909100086, 50.33186253377384], [-4.003887620638529, 50.32351713854815], [-4.005438888774707, 50.32317942117922], [-4.0105676462421975, 50.32847577224047], [-4.010390788260928, 50.329415211995965], [-4.008047589530881, 50.33268649627696]]]}}, {"type": "Feature", "properties": {"type": "postcode-cell", "postcode": "PL8 2HT", "postcodes": ["PL8 2HT"]}, "geometry": {"type": "Polygon", "coordinates": [[[-4.011659743893885, 50.33598956384833], [-4.0056123226986005, 50.340142326141894], [-4.0051016838478875, 50.34011024409332], [-4.001848491418669, 50.339497023288814], [-4.00001144615819, 50.338609931068056], [-3.9984120083935, 50.33703807000397], [-3.9993021112793468, 50.33411513258921], [-4.001786096368486, 50.33274091752998], [-4.0048639909100086, 50.33186253377384], [-4.008047589530881, 50.33268649627696], [-4.010596460682537, 50.33379025216225], [-4.011659743893885, 50.33598956384833]]]}}, {"type": "Feature", "properties": {"type": "postcode-cell", "postcode": "PL7 5AT", "postcodes": ["PL7 5AT"]}, "geometry": {"type": "Polygon", "coordinates": [[[-4.011691601003083, 50.37999695858742], [-4.007561144937656, 50.38209664901552], [-4.007156922914005, 50.37221983749172], [-4.009599990220555, 50.372399994460686], [-4.011489990221908, 50.372119994460434], [-4.014509990223385, 50.37315999446116], [-4.021615488302086, 50.372845855208645], [-4.011691601003083, 50.37999695858742]]]}}, {"type": "Feature", "properties": {"type": "postcode-cell", "postcode": "PL8 2LT", "postcodes": ["PL8 2LT"]}, "geometry": {"type": "Polygon", "coordinates": [[[-4.01581266902402, 50.34428789396632], [-4.018760047284346, 50.351922917021284], [-4.017989990235407, 50.352129994444844], [-4.017099990234304, 50.353259994445736], [-4.0158799902332145, 50.35389999444625], [-4.01513999023203, 50.35541999444744], [-4.01502973052329, 50.355500293643175], [-4.013259021171826, 50.35554165299194], [-4.009865954132511, 50.346256017588665], [-4.013276178889778, 50.34413472146926], [-4.01581266902402, 50.34428789396632]]]}}, {"type": "Feature", "properties": {"type": "postcode-cell", "postcode": "PL7 5FP", "postcodes": ["PL7 5FP"]}, "geometry": {"type": "Polygon", "coordinates": [[[-4.006525284714239, 50.38268852608522], [-4.003341254093143, 50.38150149591749], [-4.001331388098387, 50.379196120226176], [-4.0020982757953405, 50.37150437719133], [-4.003252700036078, 50.37096038333166], [-4.005667050049588, 50.37044683235189], [-4.005708638208897, 50.37045216628574], [-4.005459990218267, 50.371539994460115], [-4.006209990218468, 50.372149994460564], [-4.007156922914005, 50.37221983749172], [-4.007561144937656, 50.38209664901552], [-4.006525284714239, 50.38268852608522]]]}}, {"type": "Feature", "properties": {"type": "postcode-cell", "postcode": "PL7 5FB", "postcodes": ["PL7 5FB"]}, "geometry": {"type": "Polygon", "coordinates": [[[-3.9988574556584715, 50.42562663084029], [-3.998749990188839, 50.42557999450211], [-3.9959002179566956, 50.42251541032454], [-3.9980580911573576, 50.40850504458254], [-3.9985056671185353, 50.40802695732919], [-3.9997031387454967, 50.40762610781241], [-4.00336885129921, 50.406702101954515], [-4.010602869522031, 50.406196942017395], [-4.011371200983972, 50.40639298856515], [-3.9988574556584715, 50.42562663084029]]]}}, {"type": "Feature", "properties": {"type": "postcode-cell", "postcode": "PL8 2QA", "postcodes": ["PL8 2QA"]}, "geometry": {"type": "Polygon", "coordinates": [[[-4.008440659298846, 50.34852970360958], [-4.007675120925987, 50.347754454041464], [-4.007827926764119, 50.34692061417013], [-4.008575174670168, 50.34651318493779], [-4.009584848058161, 50.346383981650916], [-4.008850651780107, 50.34883342619051], [-4.008440659298846, 50.34852970360958]]]}}, {"type": "Feature", "properties": {"type": "postcode-cell", "postcode": "PL8 2PL", "postcodes": ["PL8 2PL"]}, "geometry": {"type": "Polygon", "coordinates": [[[-4.008850651780107, 50.34883342619051], [-4.012833877714268, 50.355558276715065], [-4.009338293803139, 50.35601565422577], [-4.007861390668454, 50.35527195532428], [-4.005963395829029, 50.35178271920939], [-4.0056578721856875, 50.3488701509706], [-4.006278490267324, 50.348146825012925], [-4.008440659298846, 50.34852970360958], [-4.008850651780107, 50.34883342619051]]]}}, {"type": "Feature", "properties": {"type": "postcode-cell", "postcode": "PL8 2NR", "postcodes": ["PL8 2NR"]}, "geometry": {"type": "Polygon", "coordinates": [[[-4.007827926764119, 50.34692061417013], [-4.006236500292776, 50.34677555190471], [-4.005956723656597, 50.34662299559762], [-4.0058565209145875, 50.346535356158604], [-4.006112350755176, 50.346215363539095], [-4.007514433690794, 50.34604681233791], [-4.008575174670168, 50.34651318493779], [-4.007827926764119, 50.34692061417013]]]}}, {"type": "Feature", "properties": {"type": "postcode-cell", "postcode": "PL8 2NS", "postcodes": ["PL8 2NS"]}, "geometry": {"type": "Polygon", "coordinates": [[[-4.009865954132511, 50.346256017588665], [-4.009584848058161, 50.346383981650916], [-4.008575174670168, 50.34651318493779], [-4.007514433690794, 50.34604681233791], [-4.007271905720991, 50.3432601435675], [-4.007976348597861, 50.342589612594885], [-4.013276178889778, 50.34413472146926], [-4.009865954132511, 50.346256017588665]]]}}, {"type": "Feature", "properties": {"type": "postcode-cell", "postcode": "PL8 2EE", "postcodes": ["PL8 2EE"]}, "geometry": {"type": "Polygon", "coordinates": [[[-4.009865954132511, 50.346256017588665], [-4.013259021171826, 50.35554165299194], [-4.012833877714268, 50.355558276715065], [-4.008850651780107, 50.34883342619051], [-4.009584848058161, 50.346383981650916], [-4.009865954132511, 50.346256017588665]]]}}, {"type": "Feature", "properties": {"type": "postcode-cell", "postcode": "PL8 2GY", "postcodes": ["PL8 2GY"]}, "geometry": {"type": "Polygon", "coordinates": [[[-4.007271905720991, 50.3432601435675], [-4.006076060791541, 50.344142880702556], [-4.002837987636484, 50.34531118155617], [-4.0018114226811, 50.34536449126871], [-4.001632083518771, 50.34447815716576], [-4.0051016838478875, 50.34011024409332], [-4.0056123226986005, 50.340142326141894], [-4.007976348597861, 50.342589612594885], [-4.007271905720991, 50.3432601435675]]]}}, {"type": "Feature", "properties": {"type": "postcode-cell", "postcode": "PL8 2PN", "postcodes": ["PL8 2PN"]}, "geometry": {"type": "Polygon", "coordinates": [[[-4.008440659298846, 50.34852970360958], [-4.006278490267324, 50.348146825012925], [-4.006278490268196, 50.34796958299962], [-4.007026284264075, 50.34768482999342], [-4.007675120925987, 50.347754454041464], [-4.008440659298846, 50.34852970360958]]]}}, {"type": "Feature", "properties": {"type": "postcode-cell", "postcode": "PL8 2PG", "postcodes": ["PL8 2PG"]}, "geometry": {"type": "Polygon", "coordinates": [[[-4.007675120925987, 50.347754454041464], [-4.007026284264075, 50.34768482999342], [-4.006387830209519, 50.34721382730487], [-4.006236500292776, 50.34677555190471], [-4.007827926764119, 50.34692061417013], [-4.007675120925987, 50.347754454041464]]]}}, {"type": "Feature", "properties": {"type": "postcode-cell", "postcode": "PL8 2NP", "postcodes": ["PL8 2NP"]}, "geometry": {"type": "Polygon", "coordinates": [[[-4.007271905720991, 50.3432601435675], [-4.007514433690794, 50.34604681233791], [-4.006112350755176, 50.346215363539095], [-4.006076060791541, 50.344142880702556], [-4.007271905720991, 50.3432601435675]]]}}, {"type": "Feature", "properties": {"type": "postcode-cell", "postcode": "PL8 2PJ", "postcodes": ["PL8 2PJ"]}, "geometry": {"type": "Polygon", "coordinates": [[[-4.007026284264075, 50.34768482999342], [-4.006278490268196, 50.34796958299962], [-4.005942705480134, 50.347765684470204], [-4.006387830209519, 50.34721382730487], [-4.007026284264075, 50.34768482999342]]]}}, {"type": "Feature", "properties": {"type": "postcode-cell", "postcode": "PL8 2JU", "postcodes": ["PL8 2JU"]}, "geometry": {"type": "Polygon", "coordinates": [[[-4.005956723656597, 50.34662299559762], [-4.005406071326947, 50.347725060162475], [-4.00524064728586, 50.34776654331378], [-4.004657450078655, 50.346936330411275], [-4.00501570719242, 50.34655616951207], [-4.0058565209145875, 50.346535356158604], [-4.005956723656597, 50.34662299559762]]]}}, {"type": "Feature", "properties": {"type": "postcode-cell", "postcode": "PL8 2JS", "postcodes": ["PL8 2JS"]}, "geometry": {"type": "Polygon", "coordinates": [[[-4.006387830209519, 50.34721382730487], [-4.005942705480134, 50.347765684470204], [-4.005406071326947, 50.347725060162475], [-4.005956723656597, 50.34662299559762], [-4.006236500292776, 50.34677555190471], [-4.006387830209519, 50.34721382730487]]]}}, {"type": "Feature", "properties": {"type": "postcode-cell", "postcode": "PL8 2FH", "postcodes": ["PL8 2FH", "PL8 2FN"]}, "geometry": {"type": "Polygon", "coordinates": [[[-4.006278490268196, 50.34796958299962], [-4.006278490267324, 50.348146825012925], [-4.0056578721856875, 50.3488701509706], [-4.004921450722443, 50.34800899306476], [-4.00524064728586, 50.34776654331378], [-4.005406071326947, 50.347725060162475], [-4.005942705480134, 50.347765684470204], [-4.006278490268196, 50.34796958299962]]]}}, {"type": "Feature", "properties": {"type": "postcode-cell", "postcode": "PL7 5AS", "postcodes": ["PL7 5AS"]}, "geometry": {"type": "Polygon", "coordinates": [[[-4.00703901340096, 50.38479687002138], [-4.00212592144342, 50.38877274695436], [-3.99495426007224, 50.388125496065065], [-3.991899038740686, 50.38642371459226], [-4.003341254093143, 50.38150149591749], [-4.006525284714239, 50.38268852608522], [-4.006788325213107, 50.3832880755296], [-4.007034406593822, 50.38433704639821], [-4.00703901340096, 50.38479687002138]]]}}, {"type": "Feature", "properties": {"type": "postcode-cell", "postcode": "PL8 2NX", "postcodes": ["PL8 2NX"]}, "geometry": {"type": "Polygon", "coordinates": [[[-4.006112350755176, 50.346215363539095], [-4.0058565209145875, 50.346535356158604], [-4.00501570719242, 50.34655616951207], [-4.002837987636484, 50.34531118155617], [-4.006076060791541, 50.344142880702556], [-4.006112350755176, 50.346215363539095]]]}}, {"type": "Feature", "properties": {"type": "postcode-cell", "postcode": "PL8 2JN", "postcodes": ["PL8 2JN"]}, "geometry": {"type": "Polygon", "coordinates": [[[-4.000265751591305, 50.349168233800874], [-4.0000209062857, 50.34859482998837], [-4.000299416485324, 50.34834512380536], [-4.000583276766684, 50.348530424719094], [-4.000702241143888, 50.34899765170631], [-4.000331059340728, 50.349198204260404], [-4.000265751591305, 50.349168233800874]]]}}, {"type": "Feature", "properties": {"type": "postcode-cell", "postcode": "PL8 2JY", "postcodes": ["PL8 2JY"]}, "geometry": {"type": "Polygon", "coordinates": [[[-4.000331059340728, 50.349198204260404], [-4.000757034257813, 50.352174919049844], [-4.000741303368121, 50.35311556601622], [-3.9987385195953196, 50.352829372629344], [-3.998218472858809, 50.35004450301981], [-3.9995282033579476, 50.34903986530525], [-4.000265751591305, 50.349168233800874], [-4.000331059340728, 50.349198204260404]]]}}, {"type": "Feature", "properties": {"type": "postcode-cell", "postcode": "PL8 2JZ", "postcodes": ["PL8 2JZ"]}, "geometry": {"type": "Polygon", "coordinates": [[[-4.009338293803139, 50.35601565422577], [-4.006397783189001, 50.35831702400819], [-3.9897437319135567, 50.36036093732912], [-3.9895382052924333, 50.359814467818374], [-3.9933447915137488, 50.35295978534291], [-3.9987385195953196, 50.352829372629344], [-4.000741303368121, 50.35311556601622], [-4.007861390668454, 50.35527195532428], [-4.009338293803139, 50.35601565422577]]]}}, {"type": "Feature", "properties": {"type": "postcode-cell", "postcode": "PL7 5AP", "postcodes": ["PL7 5AP"]}, "geometry": {"type": "Polygon", "coordinates": [[[-4.008893239312977, 50.394447461320766], [-4.005135347960524, 50.3973177068258], [-3.9966101608937628, 50.39843510461697], [-3.9954588852131643, 50.39826795591857], [-3.994556643153464, 50.3954088583423], [-3.9952979678046057, 50.39459204553733], [-4.005447084291167, 50.392759560487484], [-4.008725973979024, 50.394193736607626], [-4.008893239312977, 50.394447461320766]]]}}, {"type": "Feature", "properties": {"type": "postcode-cell", "postcode": "PL8 2FF", "postcodes": ["PL8 2FF"]}, "geometry": {"type": "Polygon", "coordinates": [[[-4.004085294379343, 50.34795988528913], [-4.004921450722443, 50.34800899306476], [-4.0056578721856875, 50.3488701509706], [-4.005963395829029, 50.35178271920939], [-4.003430611904633, 50.349047229694264], [-4.004085294379343, 50.34795988528913]]]}}, {"type": "Feature", "properties": {"type": "postcode-cell", "postcode": "PL8 2JR", "postcodes": ["PL8 2JR"]}, "geometry": {"type": "Polygon", "coordinates": [[[-4.003430611904633, 50.349047229694264], [-4.002830786182594, 50.34883812639841], [-4.002635654516913, 50.34853672537866], [-4.00309564500178, 50.347377363654154], [-4.003564970396068, 50.34746464904416], [-4.004085294379343, 50.34795988528913], [-4.003430611904633, 50.349047229694264]]]}}, {"type": "Feature", "properties": {"type": "postcode-cell", "postcode": "PL8 2JT", "postcodes": ["PL8 2JT"]}, "geometry": {"type": "Polygon", "coordinates": [[[-4.004921450722443, 50.34800899306476], [-4.004085294379343, 50.34795988528913], [-4.003564970396068, 50.34746464904416], [-4.004657450078655, 50.346936330411275], [-4.00524064728586, 50.34776654331378], [-4.004921450722443, 50.34800899306476]]]}}, {"type": "Feature", "properties": {"type": "postcode-cell", "postcode": "PL8 2HF", "postcodes": ["PL8 2HF"]}, "geometry": {"type": "Polygon", "coordinates": [[[-4.00501570719242, 50.34655616951207], [-4.004657450078655, 50.346936330411275], [-4.003564970396068, 50.34746464904416], [-4.00309564500178, 50.347377363654154], [-4.002740443823772, 50.34721858888316], [-4.001351956565854, 50.345919330894525], [-4.001441827978217, 50.3456041831492], [-4.0018114226811, 50.34536449126871], [-4.002837987636484, 50.34531118155617], [-4.00501570719242, 50.34655616951207]]]}}, {"type": "Feature", "properties": {"type": "postcode-cell", "postcode": "PL8 2HP", "postcodes": ["PL8 2HP"]}, "geometry": {"type": "Polygon", "coordinates": [[[-3.999479556460789, 50.34279812815414], [-3.9992755068411747, 50.342871975754534], [-3.9959683135091213, 50.34214351649464], [-3.995698653579746, 50.34165738541094], [-4.00001144615819, 50.338609931068056], [-4.001848491418669, 50.339497023288814], [-3.999479556460789, 50.34279812815414]]]}}, {"type": "Feature", "properties": {"type": "postcode-cell", "postcode": "PL8 2LY", "postcodes": ["PL8 2LY"]}, "geometry": {"type": "Polygon", "coordinates": [[[-4.001848491418669, 50.339497023288814], [-4.0051016838478875, 50.34011024409332], [-4.001632083518771, 50.34447815716576], [-3.999479556460789, 50.34279812815414], [-4.001848491418669, 50.339497023288814]]]}}, {"type": "Feature", "properties": {"type": "postcode-cell", "postcode": "PL8 2HX", "postcodes": ["PL8 2HX"]}, "geometry": {"type": "Polygon", "coordinates": [[[-4.0048639909100086, 50.33186253377384], [-4.001786096368486, 50.33274091752998], [-3.9940917063325823, 50.326468418285565], [-3.995875912799741, 50.32256101774848], [-3.996101451211756, 50.32241901289579], [-4.003887620638529, 50.32351713854815], [-4.0048639909100086, 50.33186253377384]]]}}, {"type": "Feature", "properties": {"type": "postcode-cell", "postcode": "PL8 2JX", "postcodes": ["PL8 2JX"]}, "geometry": {"type": "Polygon", "coordinates": [[[-4.007861390668454, 50.35527195532428], [-4.000741303368121, 50.35311556601622], [-4.000757034257813, 50.352174919049844], [-4.001781697130282, 50.34898466641095], [-4.002830786182594, 50.34883812639841], [-4.003430611904633, 50.349047229694264], [-4.005963395829029, 50.35178271920939], [-4.007861390668454, 50.35527195532428]]]}}, {"type": "Feature", "properties": {"type": "postcode-cell", "postcode": "PL8 2HE", "postcodes": ["PL8 2HE"]}, "geometry": {"type": "Polygon", "coordinates": [[[-4.002740443823772, 50.34721858888316], [-4.00309564500178, 50.347377363654154], [-4.002635654516913, 50.34853672537866], [-4.002280024111993, 50.34834956111004], [-4.002087709987423, 50.34783434486365], [-4.002740443823772, 50.34721858888316]]]}}, {"type": "Feature", "properties": {"type": "postcode-cell", "postcode": "PL8 2LA", "postcodes": ["PL8 2LA"]}, "geometry": {"type": "Polygon", "coordinates": [[[-4.002087709987423, 50.34783434486365], [-4.001700831632166, 50.34792243322147], [-4.000828405256301, 50.347821194365686], [-4.000595118881005, 50.34768926149524], [-4.00050981165084, 50.346859787096065], [-4.000640399836372, 50.34650318743361], [-4.001351956565854, 50.345919330894525], [-4.002740443823772, 50.34721858888316], [-4.002087709987423, 50.34783434486365]]]}}, {"type": "Feature", "properties": {"type": "postcode-cell", "postcode": "PL8 2ND", "postcodes": ["PL8 2ND"]}, "geometry": {"type": "Polygon", "coordinates": [[[-4.0018114226811, 50.34536449126871], [-4.001441827978217, 50.3456041831492], [-3.998946043535426, 50.345093213809456], [-3.9988706097276103, 50.34503897920644], [-3.9985599534631913, 50.344035520354126], [-3.9988319347469186, 50.34322562632151], [-3.9992755068411747, 50.342871975754534], [-3.999479556460789, 50.34279812815414], [-4.001632083518771, 50.34447815716576], [-4.0018114226811, 50.34536449126871]]]}}, {"type": "Feature", "properties": {"type": "postcode-cell", "postcode": "PL8 2HD", "postcodes": ["PL8 2HD"]}, "geometry": {"type": "Polygon", "coordinates": [[[-4.002280024111993, 50.34834956111004], [-4.001763816344866, 50.348299586803456], [-4.001700831632166, 50.34792243322147], [-4.002087709987423, 50.34783434486365], [-4.002280024111993, 50.34834956111004]]]}}, {"type": "Feature", "properties": {"type": "postcode-cell", "postcode": "PL8 2JP", "postcodes": ["PL8 2JP"]}, "geometry": {"type": "Polygon", "coordinates": [[[-4.00138601008363, 50.348859244671196], [-4.001317582174212, 50.34842154761075], [-4.001763816344866, 50.348299586803456], [-4.002280024111993, 50.34834956111004], [-4.002635654516913, 50.34853672537866], [-4.002830786182594, 50.34883812639841], [-4.001781697130282, 50.34898466641095], [-4.00138601008363, 50.348859244671196]]]}}, {"type": "Feature", "properties": {"type": "postcode-cell", "postcode": "PL8 2GA", "postcodes": ["PL8 2GA"]}, "geometry": {"type": "Polygon", "coordinates": [[[-4.001781697130282, 50.34898466641095], [-4.000757034257813, 50.352174919049844], [-4.000331059340728, 50.349198204260404], [-4.000702241143888, 50.34899765170631], [-4.00138601008363, 50.348859244671196], [-4.001781697130282, 50.34898466641095]]]}}, {"type": "Feature", "properties": {"type": "postcode-cell", "postcode": "PL8 2HB", "postcodes": ["PL8 2HB"]}, "geometry": {"type": "Polygon", "coordinates": [[[-4.001317582174212, 50.34842154761075], [-4.001231191993861, 50.348365816501705], [-4.000828405256301, 50.347821194365686], [-4.001700831632166, 50.34792243322147], [-4.001763816344866, 50.348299586803456], [-4.001317582174212, 50.34842154761075]]]}}, {"type": "Feature", "properties": {"type": "postcode-cell", "postcode": "PL8 2HA", "postcodes": ["PL8 2HA"]}, "geometry": {"type": "Polygon", "coordinates": [[[-4.001231191993861, 50.348365816501705], [-4.000583276766684, 50.348530424719094], [-4.000299416485324, 50.34834512380536], [-4.000264521397027, 50.347968457614], [-4.000595118881005, 50.34768926149524], [-4.000828405256301, 50.347821194365686], [-4.001231191993861, 50.348365816501705]]]}}, {"type": "Feature", "properties": {"type": "postcode-cell", "postcode": "PL8 2HG", "postcodes": ["PL8 2HG"]}, "geometry": {"type": "Polygon", "coordinates": [[[-4.000264521397027, 50.347968457614], [-3.999628531055431, 50.34811409870189], [-3.9992321523848475, 50.34805972945731], [-3.99880310487267, 50.347735019474], [-4.00050981165084, 50.346859787096065], [-4.000595118881005, 50.34768926149524], [-4.000264521397027, 50.347968457614]]]}}, {"type": "Feature", "properties": {"type": "postcode-cell", "postcode": "PL8 2JW", "postcodes": ["PL8 2JW"]}, "geometry": {"type": "Polygon", "coordinates": [[[-4.001317582174212, 50.34842154761075], [-4.00138601008363, 50.348859244671196], [-4.000702241143888, 50.34899765170631], [-4.000583276766684, 50.348530424719094], [-4.001231191993861, 50.348365816501705], [-4.001317582174212, 50.34842154761075]]]}}, {"type": "Feature", "properties": {"type": "postcode-cell", "postcode": "PL8 2JL", "postcodes": ["PL8 2JL"]}, "geometry": {"type": "Polygon", "coordinates": [[[-4.000265751591305, 50.349168233800874], [-3.9995282033579476, 50.34903986530525], [-3.9993892883145987, 50.34893038127702], [-3.9996101424267168, 50.348542141075605], [-4.0000209062857, 50.34859482998837], [-4.000265751591305, 50.349168233800874]]]}}, {"type": "Feature", "properties": {"type": "postcode-cell", "postcode": "PL8 2LX", "postcodes": ["PL8 2LX"]}, "geometry": {"type": "Polygon", "coordinates": [[[-4.001351956565854, 50.345919330894525], [-4.000640399836372, 50.34650318743361], [-3.998190428836548, 50.34677089214631], [-3.9975993081696655, 50.34601281148733], [-3.998946043535426, 50.345093213809456], [-4.001441827978217, 50.3456041831492], [-4.001351956565854, 50.345919330894525]]]}}, {"type": "Feature", "properties": {"type": "postcode-cell", "postcode": "PL8 1HH", "postcodes": ["PL8 1HH"]}, "geometry": {"type": "Polygon", "coordinates": [[[-3.990150613037599, 50.309494359205594], [-3.9911735462590943, 50.31508612006971], [-3.9852415978045137, 50.31608988709046], [-3.9766398385627424, 50.307190204418106], [-3.9773299902300243, 50.30725999441124], [-3.977259990229884, 50.30745999441139], [-3.9787299902310695, 50.30694999441098], [-3.9789399902310745, 50.30722999441119], [-3.9790899902314134, 50.306709994410795], [-3.9795199902315566, 50.30699999441101], [-3.979689990231816, 50.30667999441075], [-3.9801299902320038, 50.30687999441089], [-3.980489990232341, 50.30665999441071], [-3.9806499902323385, 50.306879994410885], [-3.9800299902318113, 50.30715999441111], [-3.9810899902324093, 50.307339994411215], [-3.9808899902321966, 50.30751999441136], [-3.981299990232522, 50.30738999441125], [-3.9813499902324496, 50.30760999441143], [-3.9816599902329015, 50.30706999441101], [-3.983999990234517, 50.30683999441077], [-3.984559990235118, 50.306329994410376], [-3.984719990235023, 50.30674999441069], [-3.9860399902360255, 50.306429994410415], [-3.9855399902354742, 50.3069199944108], [-3.986459990236262, 50.30649999441043], [-3.9862699902358796, 50.307059994410885], [-3.987119990236529, 50.30683999441068], [-3.986689990236055, 50.30725999441101], [-3.9879699902369765, 50.30705999441084], [-3.9877299902367285, 50.307259994411005], [-3.9883099902371377, 50.30717999441093], [-3.988149990236937, 50.30738999441108], [-3.9890199902374404, 50.30750999441116], [-3.9890799902373733, 50.307739994411335], [-3.98928101556747, 50.30767427568857], [-3.990150613037599, 50.309494359205594]]]}}, {"type": "Feature", "properties": {"type": "postcode-cell", "postcode": "PL8 1HQ", "postcodes": ["PL8 1HQ"]}, "geometry": {"type": "Polygon", "coordinates": [[[-4.00303929786884, 50.31359267865484], [-3.9939019678964445, 50.31667346839495], [-3.9911735462590943, 50.31508612006971], [-3.990150613037599, 50.309494359205594], [-4.005139449310993, 50.31074851594255], [-4.00303929786884, 50.31359267865484]]]}}, {"type": "Feature", "properties": {"type": "postcode-cell", "postcode": "PL8 2GZ", "postcodes": ["PL8 2GZ"]}, "geometry": {"type": "Polygon", "coordinates": [[[-4.000299416485324, 50.34834512380536], [-4.0000209062857, 50.34859482998837], [-3.9996101424267168, 50.348542141075605], [-3.9995810363448334, 50.348509499133414], [-3.999628531055431, 50.34811409870189], [-4.000264521397027, 50.347968457614], [-4.000299416485324, 50.34834512380536]]]}}, {"type": "Feature", "properties": {"type": "postcode-cell", "postcode": "PL8 1HN", "postcodes": ["PL8 1HN"]}, "geometry": {"type": "Polygon", "coordinates": [[[-3.996101451211756, 50.32241901289579], [-3.995875912799741, 50.32256101774848], [-3.9856227662988517, 50.323528648818254], [-3.983011423262855, 50.32183906457321], [-3.9847155996285597, 50.31622873512962], [-3.9852415978045137, 50.31608988709046], [-3.9911735462590943, 50.31508612006971], [-3.9939019678964445, 50.31667346839495], [-3.996101451211756, 50.32241901289579]]]}}, {"type": "Feature", "properties": {"type": "postcode-cell", "postcode": "PL8 2HY", "postcodes": ["PL8 2HY"]}, "geometry": {"type": "Polygon", "coordinates": [[[-3.9940917063325823, 50.326468418285565], [-3.9901732155188685, 50.3305124284347], [-3.9811207824509776, 50.32771221099421], [-3.9856227662988517, 50.323528648818254], [-3.995875912799741, 50.32256101774848], [-3.9940917063325823, 50.326468418285565]]]}}, {"type": "Feature", "properties": {"type": "postcode-cell", "postcode": "PL7 5DA", "postcodes": ["PL7 5DA"]}, "geometry": {"type": "Polygon", "coordinates": [[[-4.0055049814288575, 50.40192572695022], [-4.002846048453089, 50.40164041224374], [-4.001948225158826, 50.401484213980616], [-4.001913248806686, 50.40147446942762], [-3.9993899991476125, 50.40042637160852], [-3.9966101608937628, 50.39843510461697], [-4.005135347960524, 50.3973177068258], [-4.0055049814288575, 50.40192572695022]]]}}, {"type": "Feature", "properties": {"type": "postcode-cell", "postcode": "PL8 2LQ", "postcodes": ["PL8 2LQ"]}, "geometry": {"type": "Polygon", "coordinates": [[[-4.005543900871749, 50.36205681916037], [-3.9951687723315334, 50.36387192780373], [-3.99004037217802, 50.3610506771636], [-3.989727678009887, 50.36039383090134], [-3.9897437319135567, 50.36036093732912], [-4.006397783189001, 50.35831702400819], [-4.005543900871749, 50.36205681916037]]]}}, {"type": "Feature", "properties": {"type": "postcode-cell", "postcode": "PL8 2LR", "postcodes": ["PL8 2LR"]}, "geometry": {"type": "Polygon", "coordinates": [[[-3.99880310487267, 50.347735019474], [-3.998444051661588, 50.34771648255128], [-3.9975755322994786, 50.347399767885456], [-3.998190428836548, 50.34677089214631], [-4.000640399836372, 50.34650318743361], [-4.00050981165084, 50.346859787096065], [-3.99880310487267, 50.347735019474]]]}}, {"type": "Feature", "properties": {"type": "postcode-cell", "postcode": "PL8 2HQ", "postcodes": ["PL8 2HQ"]}, "geometry": {"type": "Polygon", "coordinates": [[[-3.9992321523848475, 50.34805972945731], [-3.9988789729835603, 50.34848738740737], [-3.9987560539111566, 50.348551547840664], [-3.998597342527304, 50.34849319759132], [-3.99841884203981, 50.348191285127285], [-3.998444051661588, 50.34771648255128], [-3.99880310487267, 50.347735019474], [-3.9992321523848475, 50.34805972945731]]]}}, {"type": "Feature", "properties": {"type": "postcode-cell", "postcode": "PL7 5DG", "postcodes": ["PL7 5DG"]}, "geometry": {"type": "Polygon", "coordinates": [[[-3.991177688488577, 50.407877106501275], [-3.9980580911573576, 50.40850504458254], [-3.9959002179566956, 50.42251541032454], [-3.994109990188135, 50.42058999449833], [-3.99161999018867, 50.415949994494795], [-3.9893899901877763, 50.4147599944939], [-3.987989990186955, 50.414559994493786], [-3.987466590321757, 50.41379932691886], [-3.991177688488577, 50.407877106501275]]]}}, {"type": "Feature", "properties": {"type": "postcode-cell", "postcode": "PL7 5AQ", "postcodes": ["PL7 5AQ"]}, "geometry": {"type": "Polygon", "coordinates": [[[-4.008025205829978, 50.40420538927753], [-4.002332317068152, 50.40350796926317], [-4.000932465593941, 50.40308906423075], [-4.002846048453089, 50.40164041224374], [-4.0055049814288575, 50.40192572695022], [-4.008025205829978, 50.40420538927753]]]}}, {"type": "Feature", "properties": {"type": "postcode-cell", "postcode": "PL7 5DN", "postcodes": ["PL7 5DN"]}, "geometry": {"type": "Polygon", "coordinates": [[[-3.9985056671185353, 50.40802695732919], [-3.996898528596904, 50.40659721515106], [-3.9969119440094536, 50.40536280774559], [-3.9975941229882177, 50.404536446919], [-3.998379614524752, 50.404353855385956], [-3.9997031387454967, 50.40762610781241], [-3.9985056671185353, 50.40802695732919]]]}}, {"type": "Feature", "properties": {"type": "postcode-cell", "postcode": "PL8 2HL", "postcodes": ["PL8 2HL"]}, "geometry": {"type": "Polygon", "coordinates": [[[-3.999628531055431, 50.34811409870189], [-3.9995810363448334, 50.348509499133414], [-3.9988789729835603, 50.34848738740737], [-3.9992321523848475, 50.34805972945731], [-3.999628531055431, 50.34811409870189]]]}}, {"type": "Feature", "properties": {"type": "postcode-cell", "postcode": "PL8 2JH", "postcodes": ["PL8 2JH"]}, "geometry": {"type": "Polygon", "coordinates": [[[-3.9995282033579476, 50.34903986530525], [-3.998218472858809, 50.35004450301981], [-3.9979250599147305, 50.349468614193434], [-3.9988235540801798, 50.348792953126306], [-3.9993892883145987, 50.34893038127702], [-3.9995282033579476, 50.34903986530525]]]}}, {"type": "Feature", "properties": {"type": "postcode-cell", "postcode": "PL8 2JJ", "postcodes": ["PL8 2JJ"]}, "geometry": {"type": "Polygon", "coordinates": [[[-3.9996101424267168, 50.348542141075605], [-3.9993892883145987, 50.34893038127702], [-3.9988235540801798, 50.348792953126306], [-3.9987560539111566, 50.348551547840664], [-3.9988789729835603, 50.34848738740737], [-3.9995810363448334, 50.348509499133414], [-3.9996101424267168, 50.348542141075605]]]}}, {"type": "Feature", "properties": {"type": "postcode-cell", "postcode": "PL7 5DH", "postcodes": ["PL7 5DH"]}, "geometry": {"type": "Polygon", "coordinates": [[[-4.008025205829978, 50.40420538927753], [-4.010602869522031, 50.406196942017395], [-4.00336885129921, 50.406702101954515], [-3.9998834645495327, 50.40411302018498], [-3.9999576184243275, 50.40351298235227], [-4.002332317068152, 50.40350796926317], [-4.008025205829978, 50.40420538927753]]]}}, {"type": "Feature", "properties": {"type": "postcode-cell", "postcode": "PL8 2LG", "postcodes": ["PL8 2LG"]}, "geometry": {"type": "Polygon", "coordinates": [[[-4.005667050049588, 50.37044683235189], [-4.003252700036078, 50.37096038333166], [-3.9951687723315334, 50.36387192780373], [-4.005543900871749, 50.36205681916037], [-4.005667050049588, 50.37044683235189]]]}}, {"type": "Feature", "properties": {"type": "postcode-cell", "postcode": "PL7 5DB", "postcodes": ["PL7 5DB"]}, "geometry": {"type": "Polygon", "coordinates": [[[-4.002846048453089, 50.40164041224374], [-4.000932465593941, 50.40308906423075], [-4.000097221336932, 50.40323081471804], [-4.001948225158826, 50.401484213980616], [-4.002846048453089, 50.40164041224374]]]}}, {"type": "Feature", "properties": {"type": "postcode-cell", "postcode": "PL7 5BD", "postcodes": ["PL7 5BD"]}, "geometry": {"type": "Polygon", "coordinates": [[[-4.001331388098387, 50.379196120226176], [-3.992672841522786, 50.38009214859526], [-3.991042513959449, 50.37714669607875], [-3.997408553353955, 50.371884920419], [-4.0020982757953405, 50.37150437719133], [-4.001331388098387, 50.379196120226176]]]}}, {"type": "Feature", "properties": {"type": "postcode-cell", "postcode": "PL7 5AU", "postcodes": ["PL7 5AU"]}, "geometry": {"type": "Polygon", "coordinates": [[[-4.003341254093143, 50.38150149591749], [-3.991899038740686, 50.38642371459226], [-3.9918930657443785, 50.38642237209629], [-3.991379354053468, 50.38224588750695], [-3.992672841522786, 50.38009214859526], [-4.001331388098387, 50.379196120226176], [-4.003341254093143, 50.38150149591749]]]}}, {"type": "Feature", "properties": {"type": "postcode-cell", "postcode": "PL8 2EX", "postcodes": ["PL8 2EX"]}, "geometry": {"type": "Polygon", "coordinates": [[[-3.9988235540801798, 50.348792953126306], [-3.9979250599147305, 50.349468614193434], [-3.9977531011764493, 50.34934314664059], [-3.997675338664943, 50.3490561830962], [-3.9980828847689853, 50.34855467769698], [-3.998597342527304, 50.34849319759132], [-3.9987560539111566, 50.348551547840664], [-3.9988235540801798, 50.348792953126306]]]}}, {"type": "Feature", "properties": {"type": "postcode-cell", "postcode": "PL7 5AR", "postcodes": ["PL7 5AR"]}, "geometry": {"type": "Polygon", "coordinates": [[[-4.005447084291167, 50.392759560487484], [-3.9952979678046057, 50.39459204553733], [-3.99495426007224, 50.388125496065065], [-4.00212592144342, 50.38877274695436], [-4.005447084291167, 50.392759560487484]]]}}, {"type": "Feature", "properties": {"type": "postcode-cell", "postcode": "PL7 5DJ", "postcodes": ["PL7 5DJ"]}, "geometry": {"type": "Polygon", "coordinates": [[[-4.002332317068152, 50.40350796926317], [-3.9999576184243275, 50.40351298235227], [-3.9999033148362697, 50.40331326234379], [-4.000097221336932, 50.40323081471804], [-4.000932465593941, 50.40308906423075], [-4.002332317068152, 50.40350796926317]]]}}, {"type": "Feature", "properties": {"type": "postcode-cell", "postcode": "PL7 5DD", "postcodes": ["PL7 5DD"]}, "geometry": {"type": "Polygon", "coordinates": [[[-3.9999576184243275, 50.40351298235227], [-3.9998834645495327, 50.40411302018498], [-3.998525538594284, 50.404253556477904], [-3.997523134292991, 50.40295013467027], [-3.9990671994842213, 50.40280800780529], [-3.999228934970811, 50.40286323973732], [-3.9999033148362697, 50.40331326234379], [-3.9999576184243275, 50.40351298235227]]]}}, {"type": "Feature", "properties": {"type": "postcode-cell", "postcode": "PL8 2ED", "postcodes": ["PL8 2ED"]}, "geometry": {"type": "Polygon", "coordinates": [[[-3.998218472858809, 50.35004450301981], [-3.9987385195953196, 50.352829372629344], [-3.9933447915137488, 50.35295978534291], [-3.9913769437709914, 50.35118763968053], [-3.9950345818656823, 50.34903916238548], [-3.9977531011764493, 50.34934314664059], [-3.9979250599147305, 50.349468614193434], [-3.998218472858809, 50.35004450301981]]]}}, {"type": "Feature", "properties": {"type": "postcode-cell", "postcode": "PL7 5HX", "postcodes": ["PL7 5HX"]}, "geometry": {"type": "Polygon", "coordinates": [[[-3.9993899991476125, 50.40042637160852], [-3.9990671994842213, 50.40280800780529], [-3.997523134292991, 50.40295013467027], [-3.9942245461469734, 50.40232308125971], [-3.9928438023412722, 50.401912523854435], [-3.9914385038017133, 50.40136345972793], [-3.9954588852131643, 50.39826795591857], [-3.9966101608937628, 50.39843510461697], [-3.9993899991476125, 50.40042637160852]]]}}, {"type": "Feature", "properties": {"type": "postcode-cell", "postcode": "PL8 2FB", "postcodes": ["PL8 2FB"]}, "geometry": {"type": "Polygon", "coordinates": [[[-3.998444051661588, 50.34771648255128], [-3.99841884203981, 50.348191285127285], [-3.997810760484465, 50.34833288653925], [-3.997514892255322, 50.34822437943774], [-3.99745004576474, 50.347682743716526], [-3.9974769587141616, 50.34751745306626], [-3.9975380616188945, 50.34740842574455], [-3.9975755322994786, 50.347399767885456], [-3.998444051661588, 50.34771648255128]]]}}, {"type": "Feature", "properties": {"type": "postcode-cell", "postcode": "PL8 2JG", "postcodes": ["PL8 2JG"]}, "geometry": {"type": "Polygon", "coordinates": [[[-3.998597342527304, 50.34849319759132], [-3.9980828847689853, 50.34855467769698], [-3.997810760484465, 50.34833288653925], [-3.99841884203981, 50.348191285127285], [-3.998597342527304, 50.34849319759132]]]}}, {"type": "Feature", "properties": {"type": "postcode-cell", "postcode": "PL8 2LS", "postcodes": ["PL8 2LS"]}, "geometry": {"type": "Polygon", "coordinates": [[[-3.9975755322994786, 50.347399767885456], [-3.9975380616188945, 50.34740842574455], [-3.995916369258901, 50.34695052757657], [-3.995914025887656, 50.346603736135435], [-3.9974431493564144, 50.34600502564102], [-3.9975993081696655, 50.34601281148733], [-3.998190428836548, 50.34677089214631], [-3.9975755322994786, 50.347399767885456]]]}}, {"type": "Feature", "properties": {"type": "postcode-cell", "postcode": "PL8 2EA", "postcodes": ["PL8 2EA"]}, "geometry": {"type": "Polygon", "coordinates": [[[-3.997675338664943, 50.3490561830962], [-3.997180420917301, 50.34856223025131], [-3.997514892255322, 50.34822437943774], [-3.997810760484465, 50.34833288653925], [-3.9980828847689853, 50.34855467769698], [-3.997675338664943, 50.3490561830962]]]}}, {"type": "Feature", "properties": {"type": "postcode-cell", "postcode": "PL7 5DL", "postcodes": ["PL7 5DL"]}, "geometry": {"type": "Polygon", "coordinates": [[[-3.9999033148362697, 50.40331326234379], [-3.999228934970811, 50.40286323973732], [-4.001913248806686, 50.40147446942762], [-4.001948225158826, 50.401484213980616], [-4.000097221336932, 50.40323081471804], [-3.9999033148362697, 50.40331326234379]]]}}, {"type": "Feature", "properties": {"type": "postcode-cell", "postcode": "PL7 5DQ", "postcodes": ["PL7 5DQ"]}, "geometry": {"type": "Polygon", "coordinates": [[[-4.001913248806686, 50.40147446942762], [-3.999228934970811, 50.40286323973732], [-3.9990671994842213, 50.40280800780529], [-3.9993899991476125, 50.40042637160852], [-4.001913248806686, 50.40147446942762]]]}}, {"type": "Feature", "properties": {"type": "postcode-cell", "postcode": "PL8 2EB", "postcodes": ["PL8 2EB"]}, "geometry": {"type": "Polygon", "coordinates": [[[-3.9977531011764493, 50.34934314664059], [-3.9950345818656823, 50.34903916238548], [-3.995364398327347, 50.34867755639753], [-3.9962966345603976, 50.348553852572], [-3.997180420917301, 50.34856223025131], [-3.997675338664943, 50.3490561830962], [-3.9977531011764493, 50.34934314664059]]]}}, {"type": "Feature", "properties": {"type": "postcode-cell", "postcode": "PL8 2NB", "postcodes": ["PL8 2NB"]}, "geometry": {"type": "Polygon", "coordinates": [[[-3.9988706097276103, 50.34503897920644], [-3.9965817284610936, 50.34476441821451], [-3.996460298495838, 50.34435034452527], [-3.9965263881185575, 50.3442720495554], [-3.9968644702343825, 50.34411936347639], [-3.9985599534631913, 50.344035520354126], [-3.9988706097276103, 50.34503897920644]]]}}, {"type": "Feature", "properties": {"type": "postcode-cell", "postcode": "PL7 5DW", "postcodes": ["PL7 5DW"]}, "geometry": {"type": "Polygon", "coordinates": [[[-4.00336885129921, 50.406702101954515], [-3.9997031387454967, 50.40762610781241], [-3.998379614524752, 50.404353855385956], [-3.998525538594284, 50.404253556477904], [-3.9998834645495327, 50.40411302018498], [-4.00336885129921, 50.406702101954515]]]}}, {"type": "Feature", "properties": {"type": "postcode-cell", "postcode": "PL8 2JQ", "postcodes": ["PL8 2JQ"]}, "geometry": {"type": "Polygon", "coordinates": [[[-3.9975993081696655, 50.34601281148733], [-3.9974431493564144, 50.34600502564102], [-3.996204102393154, 50.34515459213267], [-3.9965817284610936, 50.34476441821451], [-3.9988706097276103, 50.34503897920644], [-3.998946043535426, 50.345093213809456], [-3.9975993081696655, 50.34601281148733]]]}}, {"type": "Feature", "properties": {"type": "postcode-cell", "postcode": "PL8 2HU", "postcodes": ["PL8 2HU"]}, "geometry": {"type": "Polygon", "coordinates": [[[-3.9993021112793468, 50.33411513258921], [-3.990291246428808, 50.33113864580352], [-3.9901732155188685, 50.3305124284347], [-3.9940917063325823, 50.326468418285565], [-4.001786096368486, 50.33274091752998], [-3.9993021112793468, 50.33411513258921]]]}}, {"type": "Feature", "properties": {"type": "postcode-cell", "postcode": "PL8 2NT", "postcodes": ["PL8 2NT"]}, "geometry": {"type": "Polygon", "coordinates": [[[-3.9988319347469186, 50.34322562632151], [-3.9974140061407524, 50.34337899450031], [-3.9960327760992755, 50.342899762691545], [-3.9959052664745505, 50.34279975307017], [-3.9959683135091213, 50.34214351649464], [-3.9992755068411747, 50.342871975754534], [-3.9988319347469186, 50.34322562632151]]]}}, {"type": "Feature", "properties": {"type": "postcode-cell", "postcode": "PL8 2HS", "postcodes": ["PL8 2HS"]}, "geometry": {"type": "Polygon", "coordinates": [[[-4.00001144615819, 50.338609931068056], [-3.995698653579746, 50.34165738541094], [-3.9856169522193774, 50.340981167723264], [-3.987457253275629, 50.33846744328888], [-3.9984120083935, 50.33703807000397], [-4.00001144615819, 50.338609931068056]]]}}, {"type": "Feature", "properties": {"type": "postcode-cell", "postcode": "PL8 2DA", "postcodes": ["PL8 2DA"]}, "geometry": {"type": "Polygon", "coordinates": [[[-3.9985599534631913, 50.344035520354126], [-3.9968644702343825, 50.34411936347639], [-3.9974140061407524, 50.34337899450031], [-3.9988319347469186, 50.34322562632151], [-3.9985599534631913, 50.344035520354126]]]}}, {"type": "Feature", "properties": {"type": "postcode-cell", "postcode": "PL8 2NU", "postcodes": ["PL8 2NU"]}, "geometry": {"type": "Polygon", "coordinates": [[[-3.9965263881185575, 50.3442720495554], [-3.9960327760992755, 50.342899762691545], [-3.9974140061407524, 50.34337899450031], [-3.9968644702343825, 50.34411936347639], [-3.9965263881185575, 50.3442720495554]]]}}, {"type": "Feature", "properties": {"type": "postcode-cell", "postcode": "PL8 2HJ", "postcodes": ["PL8 2HJ"]}, "geometry": {"type": "Polygon", "coordinates": [[[-3.997514892255322, 50.34822437943774], [-3.997180420917301, 50.34856223025131], [-3.9962966345603976, 50.348553852572], [-3.99745004576474, 50.347682743716526], [-3.997514892255322, 50.34822437943774]]]}}, {"type": "Feature", "properties": {"type": "postcode-cell", "postcode": "PL8 2HW", "postcodes": ["PL8 2HW"]}, "geometry": {"type": "Polygon", "coordinates": [[[-3.996460298495838, 50.34435034452527], [-3.995019073173622, 50.344051965799096], [-3.995624091638057, 50.34297305167032], [-3.9959052664745505, 50.34279975307017], [-3.9960327760992755, 50.342899762691545], [-3.9965263881185575, 50.3442720495554], [-3.996460298495838, 50.34435034452527]]]}}, {"type": "Feature", "properties": {"type": "postcode-cell", "postcode": "PL8 2FT", "postcodes": ["PL8 2FT"]}, "geometry": {"type": "Polygon", "coordinates": [[[-3.9993021112793468, 50.33411513258921], [-3.9984120083935, 50.33703807000397], [-3.987457253275629, 50.33846744328888], [-3.9867075680646407, 50.33511611546138], [-3.990291246428808, 50.33113864580352], [-3.9993021112793468, 50.33411513258921]]]}}, {"type": "Feature", "properties": {"type": "postcode-cell", "postcode": "PL8 2HH", "postcodes": ["PL8 2HH"]}, "geometry": {"type": "Polygon", "coordinates": [[[-3.99745004576474, 50.347682743716526], [-3.9962966345603976, 50.348553852572], [-3.995364398327347, 50.34867755639753], [-3.995413263369165, 50.348421360907814], [-3.9974769587141616, 50.34751745306626], [-3.99745004576474, 50.347682743716526]]]}}, {"type": "Feature", "properties": {"type": "postcode-cell", "postcode": "PL8 2DY", "postcodes": ["PL8 2DY"]}, "geometry": {"type": "Polygon", "coordinates": [[[-3.9965817284610936, 50.34476441821451], [-3.996204102393154, 50.34515459213267], [-3.9958267448265876, 50.34529301677622], [-3.9949076842803226, 50.34492628302875], [-3.9949331961046086, 50.344071523533565], [-3.995019073173622, 50.344051965799096], [-3.996460298495838, 50.34435034452527], [-3.9965817284610936, 50.34476441821451]]]}}, {"type": "Feature", "properties": {"type": "postcode-cell", "postcode": "PL8 2NA", "postcodes": ["PL8 2NA"]}, "geometry": {"type": "Polygon", "coordinates": [[[-3.9974431493564144, 50.34600502564102], [-3.995914025887656, 50.346603736135435], [-3.9957295614613355, 50.34640798793775], [-3.9957971475790006, 50.345332308629814], [-3.9958267448265876, 50.34529301677622], [-3.996204102393154, 50.34515459213267], [-3.9974431493564144, 50.34600502564102]]]}}, {"type": "Feature", "properties": {"type": "postcode-cell", "postcode": "PL8 2HR", "postcodes": ["PL8 2HR"]}, "geometry": {"type": "Polygon", "coordinates": [[[-3.9959052664745505, 50.34279975307017], [-3.995624091638057, 50.34297305167032], [-3.991166700909925, 50.34371772003954], [-3.985466726050542, 50.3437239387353], [-3.9844772899935363, 50.34194519223486], [-3.9856169522193774, 50.340981167723264], [-3.995698653579746, 50.34165738541094], [-3.9959683135091213, 50.34214351649464], [-3.9959052664745505, 50.34279975307017]]]}}, {"type": "Feature", "properties": {"type": "postcode-cell", "postcode": "PL8 2JF", "postcodes": ["PL8 2JF"]}, "geometry": {"type": "Polygon", "coordinates": [[[-3.9974769587141616, 50.34751745306626], [-3.995413263369165, 50.348421360907814], [-3.9952630575921733, 50.34733609066639], [-3.995916369258901, 50.34695052757657], [-3.9975380616188945, 50.34740842574455], [-3.9974769587141616, 50.34751745306626]]]}}, {"type": "Feature", "properties": {"type": "postcode-cell", "postcode": "PL8 2EF", "postcodes": ["PL8 2EF"]}, "geometry": {"type": "Polygon", "coordinates": [[[-3.9950345818656823, 50.34903916238548], [-3.9913769437709914, 50.35118763968053], [-3.9900806394828376, 50.350564828480756], [-3.986596565124003, 50.346411178758665], [-3.9952630575921733, 50.34733609066639], [-3.995413263369165, 50.348421360907814], [-3.995364398327347, 50.34867755639753], [-3.9950345818656823, 50.34903916238548]]]}}, {"type": "Feature", "properties": {"type": "postcode-cell", "postcode": "PL8 2LH", "postcodes": ["PL8 2LH"]}, "geometry": {"type": "Polygon", "coordinates": [[[-4.0020982757953405, 50.37150437719133], [-3.997408553353955, 50.371884920419], [-3.9878468369703017, 50.3695466873474], [-3.99004037217802, 50.3610506771636], [-3.9951687723315334, 50.36387192780373], [-4.003252700036078, 50.37096038333166], [-4.0020982757953405, 50.37150437719133]]]}}, {"type": "Feature", "properties": {"type": "postcode-cell", "postcode": "PL7 5DU", "postcodes": ["PL7 5DU"]}, "geometry": {"type": "Polygon", "coordinates": [[[-3.994556643153464, 50.3954088583423], [-3.9889937263986672, 50.39439980173705], [-3.985576224561392, 50.38977037759791], [-3.9906340376786313, 50.38671001819781], [-3.990693974863123, 50.386694507423044], [-3.9918930657443785, 50.38642237209629], [-3.991899038740686, 50.38642371459226], [-3.99495426007224, 50.388125496065065], [-3.9952979678046057, 50.39459204553733], [-3.994556643153464, 50.3954088583423]]]}}, {"type": "Feature", "properties": {"type": "postcode-cell", "postcode": "PL7 5DE", "postcodes": ["PL7 5DE"]}, "geometry": {"type": "Polygon", "coordinates": [[[-3.998379614524752, 50.404353855385956], [-3.9975941229882177, 50.404536446919], [-3.9942245461469734, 50.40232308125971], [-3.997523134292991, 50.40295013467027], [-3.998525538594284, 50.404253556477904], [-3.998379614524752, 50.404353855385956]]]}}, {"type": "Feature", "properties": {"type": "postcode-cell", "postcode": "PL8 2LU", "postcodes": ["PL8 2LU"]}, "geometry": {"type": "Polygon", "coordinates": [[[-3.995916369258901, 50.34695052757657], [-3.9952630575921733, 50.34733609066639], [-3.986596565124003, 50.346411178758665], [-3.9861367370654186, 50.34599972923006], [-3.9861337269136268, 50.34592020106512], [-3.9870171814897217, 50.34588722653052], [-3.9934989377813648, 50.34595190273587], [-3.9957295614613355, 50.34640798793775], [-3.995914025887656, 50.346603736135435], [-3.995916369258901, 50.34695052757657]]]}}, {"type": "Feature", "properties": {"type": "postcode-cell", "postcode": "PL7 5FE", "postcodes": ["PL7 5FE"]}, "geometry": {"type": "Polygon", "coordinates": [[[-3.9942245461469734, 50.40232308125971], [-3.9975941229882177, 50.404536446919], [-3.9969119440094536, 50.40536280774559], [-3.9928438023412722, 50.401912523854435], [-3.9942245461469734, 50.40232308125971]]]}}, {"type": "Feature", "properties": {"type": "postcode-cell", "postcode": "PL8 2LZ", "postcodes": ["PL8 2LZ"]}, "geometry": {"type": "Polygon", "coordinates": [[[-3.9957295614613355, 50.34640798793775], [-3.9934989377813648, 50.34595190273587], [-3.9957971475790006, 50.345332308629814], [-3.9957295614613355, 50.34640798793775]]]}}, {"type": "Feature", "properties": {"type": "postcode-cell", "postcode": "PL7 5FF", "postcodes": ["PL7 5FF"]}, "geometry": {"type": "Polygon", "coordinates": [[[-3.996898528596904, 50.40659721515106], [-3.989597870787652, 50.4041084438276], [-3.9881344451064056, 50.40251161265868], [-3.9914385038017133, 50.40136345972793], [-3.9928438023412722, 50.401912523854435], [-3.9969119440094536, 50.40536280774559], [-3.996898528596904, 50.40659721515106]]]}}, {"type": "Feature", "properties": {"type": "postcode-cell", "postcode": "PL8 2JE", "postcodes": ["PL8 2JE"]}, "geometry": {"type": "Polygon", "coordinates": [[[-3.9957971475790006, 50.345332308629814], [-3.9934989377813648, 50.34595190273587], [-3.9870171814897217, 50.34588722653052], [-3.9949076842803226, 50.34492628302875], [-3.9958267448265876, 50.34529301677622], [-3.9957971475790006, 50.345332308629814]]]}}, {"type": "Feature", "properties": {"type": "postcode-cell", "postcode": "PL7 5DP", "postcodes": ["PL7 5DP"]}, "geometry": {"type": "Polygon", "coordinates": [[[-3.9914385038017133, 50.40136345972793], [-3.9881344451064056, 50.40251161265868], [-3.9836617436471022, 50.40231435051042], [-3.9819540803893156, 50.399542495435014], [-3.9837981711517845, 50.39728848003724], [-3.9889937263986672, 50.39439980173705], [-3.994556643153464, 50.3954088583423], [-3.9954588852131643, 50.39826795591857], [-3.9914385038017133, 50.40136345972793]]]}}, {"type": "Feature", "properties": {"type": "postcode-cell", "postcode": "PL8 2EY", "postcodes": ["PL8 2EY"]}, "geometry": {"type": "Polygon", "coordinates": [[[-3.995019073173622, 50.344051965799096], [-3.9949331961046086, 50.344071523533565], [-3.991166700909925, 50.34371772003954], [-3.995624091638057, 50.34297305167032], [-3.995019073173622, 50.344051965799096]]]}}, {"type": "Feature", "properties": {"type": "postcode-cell", "postcode": "PL8 2DZ", "postcodes": ["PL8 2DZ"]}, "geometry": {"type": "Polygon", "coordinates": [[[-3.9949331961046086, 50.344071523533565], [-3.9949076842803226, 50.34492628302875], [-3.9870171814897217, 50.34588722653052], [-3.9861337269136268, 50.34592020106512], [-3.9859782680119573, 50.34544652494195], [-3.985466726050542, 50.3437239387353], [-3.991166700909925, 50.34371772003954], [-3.9949331961046086, 50.344071523533565]]]}}, {"type": "Feature", "properties": {"type": "postcode-cell", "postcode": "PL8 2EJ", "postcodes": ["PL8 2EJ"]}, "geometry": {"type": "Polygon", "coordinates": [[[-3.9861367370654186, 50.34599972923006], [-3.981239455284767, 50.3489494790592], [-3.9786900068540354, 50.349824348406194], [-3.972011189324595, 50.34974859977567], [-3.970479613177568, 50.347892177754844], [-3.9859782680119573, 50.34544652494195], [-3.9861337269136268, 50.34592020106512], [-3.9861367370654186, 50.34599972923006]]]}}, {"type": "Feature", "properties": {"type": "postcode-cell", "postcode": "PL8 2LP", "postcodes": ["PL8 2LP"]}, "geometry": {"type": "Polygon", "coordinates": [[[-3.9933447915137488, 50.35295978534291], [-3.9895382052924333, 50.359814467818374], [-3.982361116950539, 50.35551993613388], [-3.984284561890927, 50.35333851052372], [-3.9900806394828376, 50.350564828480756], [-3.9913769437709914, 50.35118763968053], [-3.9933447915137488, 50.35295978534291]]]}}, {"type": "Feature", "properties": {"type": "postcode-cell", "postcode": "PL8 2ER", "postcodes": ["PL8 2ER"]}, "geometry": {"type": "Polygon", "coordinates": [[[-3.9856169522193774, 50.340981167723264], [-3.9844772899935363, 50.34194519223486], [-3.9829872050273325, 50.341781747866], [-3.973203150529762, 50.33511561323125], [-3.977223926650639, 50.332257326947705], [-3.9867075680646407, 50.33511611546138], [-3.987457253275629, 50.33846744328888], [-3.9856169522193774, 50.340981167723264]]]}}, {"type": "Feature", "properties": {"type": "postcode-cell", "postcode": "PL8 2LW", "postcodes": ["PL8 2LW"]}, "geometry": {"type": "Polygon", "coordinates": [[[-3.989727678009887, 50.36039383090134], [-3.978547792464623, 50.36289768225834], [-3.978371021666061, 50.36279420230067], [-3.9753785470645036, 50.35638594816443], [-3.9809916609480185, 50.35536956669998], [-3.982361116950539, 50.35551993613388], [-3.9895382052924333, 50.359814467818374], [-3.9897437319135567, 50.36036093732912], [-3.989727678009887, 50.36039383090134]]]}}, {"type": "Feature", "properties": {"type": "postcode-cell", "postcode": "PL8 2EG", "postcodes": ["PL8 2EG"]}, "geometry": {"type": "Polygon", "coordinates": [[[-3.986596565124003, 50.346411178758665], [-3.9900806394828376, 50.350564828480756], [-3.984284561890927, 50.35333851052372], [-3.981239455284767, 50.3489494790592], [-3.9861367370654186, 50.34599972923006], [-3.986596565124003, 50.346411178758665]]]}}, {"type": "Feature", "properties": {"type": "postcode-cell", "postcode": "PL7 5DF", "postcodes": ["PL7 5DF"]}, "geometry": {"type": "Polygon", "coordinates": [[[-3.9985056671185353, 50.40802695732919], [-3.9980580911573576, 50.40850504458254], [-3.991177688488577, 50.407877106501275], [-3.989597870787652, 50.4041084438276], [-3.996898528596904, 50.40659721515106], [-3.9985056671185353, 50.40802695732919]]]}}, {"type": "Feature", "properties": {"type": "postcode-cell", "postcode": "PL7 5BB", "postcodes": ["PL7 5BB"]}, "geometry": {"type": "Polygon", "coordinates": [[[-3.997408553353955, 50.371884920419], [-3.991042513959449, 50.37714669607875], [-3.9808954038419824, 50.37616851974056], [-3.9825495465969554, 50.370821686646906], [-3.9878468369703017, 50.3695466873474], [-3.997408553353955, 50.371884920419]]]}}, {"type": "Feature", "properties": {"type": "postcode-cell", "postcode": "PL7 5AZ", "postcodes": ["PL7 5AZ"]}, "geometry": {"type": "Polygon", "coordinates": [[[-3.992672841522786, 50.38009214859526], [-3.991379354053468, 50.38224588750695], [-3.9818469863846753, 50.3794482069034], [-3.9782868018221755, 50.37822770473446], [-3.978260781180392, 50.37819930557341], [-3.9808954038419824, 50.37616851974056], [-3.991042513959449, 50.37714669607875], [-3.992672841522786, 50.38009214859526]]]}}, {"type": "Feature", "properties": {"type": "postcode-cell", "postcode": "PL21 9GT", "postcodes": ["PL21 9GT"]}, "geometry": {"type": "Polygon", "coordinates": [[[-3.9836617436471022, 50.40231435051042], [-3.9881344451064056, 50.40251161265868], [-3.989597870787652, 50.4041084438276], [-3.991177688488577, 50.407877106501275], [-3.987466590321757, 50.41379932691886], [-3.9835799901870734, 50.40814999448892], [-3.978490275439976, 50.40636476173098], [-3.9836617436471022, 50.40231435051042]]]}}, {"type": "Feature", "properties": {"type": "postcode-cell", "postcode": "PL7 5AX", "postcodes": ["PL7 5AX"]}, "geometry": {"type": "Polygon", "coordinates": [[[-3.9918930657443785, 50.38642237209629], [-3.990693974863123, 50.386694507423044], [-3.9818469863846753, 50.3794482069034], [-3.991379354053468, 50.38224588750695], [-3.9918930657443785, 50.38642237209629]]]}}, {"type": "Feature", "properties": {"type": "postcode-cell", "postcode": "PL8 2LJ", "postcodes": ["PL8 2LJ"]}, "geometry": {"type": "Polygon", "coordinates": [[[-3.99004037217802, 50.3610506771636], [-3.9878468369703017, 50.3695466873474], [-3.9825495465969554, 50.370821686646906], [-3.9772893719599294, 50.36792847129763], [-3.978547792464623, 50.36289768225834], [-3.989727678009887, 50.36039383090134], [-3.99004037217802, 50.3610506771636]]]}}, {"type": "Feature", "properties": {"type": "postcode-cell", "postcode": "PL8 2JA", "postcodes": ["PL8 2JA"]}, "geometry": {"type": "Polygon", "coordinates": [[[-3.9901732155188685, 50.3305124284347], [-3.990291246428808, 50.33113864580352], [-3.9867075680646407, 50.33511611546138], [-3.977223926650639, 50.332257326947705], [-3.9778570321250224, 50.32831629805296], [-3.9811207824509776, 50.32771221099421], [-3.9901732155188685, 50.3305124284347]]]}}, {"type": "Feature", "properties": {"type": "postcode-cell", "postcode": "PL8 1HJ", "postcodes": ["PL8 1HJ"]}, "geometry": {"type": "Polygon", "coordinates": [[[-3.9847155996285597, 50.31622873512962], [-3.980368551829285, 50.316272474162034], [-3.9752673188924206, 50.31041053308145], [-3.976580169730663, 50.30718417034257], [-3.9766398385627424, 50.307190204418106], [-3.9852415978045137, 50.31608988709046], [-3.9847155996285597, 50.31622873512962]]]}}, {"type": "Feature", "properties": {"type": "postcode-cell", "postcode": "PL7 5FD", "postcodes": ["PL7 5FD"]}, "geometry": {"type": "Polygon", "coordinates": [[[-3.9906340376786313, 50.38671001819781], [-3.980177168736, 50.38307104513867], [-3.9782868018221755, 50.37822770473446], [-3.9818469863846753, 50.3794482069034], [-3.990693974863123, 50.386694507423044], [-3.9906340376786313, 50.38671001819781]]]}}, {"type": "Feature", "properties": {"type": "postcode-cell", "postcode": "PL21 9PJ", "postcodes": ["PL21 9PJ"]}, "geometry": {"type": "Polygon", "coordinates": [[[-3.9779884722775094, 50.39780533023652], [-3.9819540803893156, 50.399542495435014], [-3.9836617436471022, 50.40231435051042], [-3.978490275439976, 50.40636476173098], [-3.9776499901841924, 50.40606999448741], [-3.9738799901821076, 50.40529999448689], [-3.971189990180323, 50.405389994487024], [-3.9715099901811013, 50.40415999448606], [-3.971189990181174, 50.40355999448561], [-3.9721299901833795, 50.40012999448293], [-3.9710167853064027, 50.39945880992997], [-3.9779884722775094, 50.39780533023652]]]}}, {"type": "Feature", "properties": {"type": "postcode-cell", "postcode": "PL8 2HZ", "postcodes": ["PL8 2HZ"]}, "geometry": {"type": "Polygon", "coordinates": [[[-3.9856227662988517, 50.323528648818254], [-3.9811207824509776, 50.32771221099421], [-3.9778570321250224, 50.32831629805296], [-3.971427068234222, 50.324806724301446], [-3.9723101490066064, 50.32374767222254], [-3.9758546770354624, 50.32104895426968], [-3.983011423262855, 50.32183906457321], [-3.9856227662988517, 50.323528648818254]]]}}, {"type": "Feature", "properties": {"type": "postcode-cell", "postcode": "PL7 5DR", "postcodes": ["PL7 5DR"]}, "geometry": {"type": "Polygon", "coordinates": [[[-3.9889937263986672, 50.39439980173705], [-3.9837981711517845, 50.39728848003724], [-3.9817564643981362, 50.390258921612464], [-3.985576224561392, 50.38977037759791], [-3.9889937263986672, 50.39439980173705]]]}}, {"type": "Feature", "properties": {"type": "postcode-cell", "postcode": "PL8 1HW", "postcodes": ["PL8 1HW"]}, "geometry": {"type": "Polygon", "coordinates": [[[-3.983011423262855, 50.32183906457321], [-3.9758546770354624, 50.32104895426968], [-3.9764147275105173, 50.31835863393483], [-3.980368551829285, 50.316272474162034], [-3.9847155996285597, 50.31622873512962], [-3.983011423262855, 50.32183906457321]]]}}, {"type": "Feature", "properties": {"type": "postcode-cell", "postcode": "PL21 9EG", "postcodes": ["PL21 9EG"]}, "geometry": {"type": "Polygon", "coordinates": [[[-3.9782868018221755, 50.37822770473446], [-3.980177168736, 50.38307104513867], [-3.978550433222536, 50.38551218911502], [-3.9740594428810754, 50.3839098675303], [-3.973502149329244, 50.38197803297247], [-3.97352999019274, 50.38195999446885], [-3.9733509680223835, 50.38145394033331], [-3.9724635800175934, 50.3783774271641], [-3.978260781180392, 50.37819930557341], [-3.9782868018221755, 50.37822770473446]]]}}, {"type": "Feature", "properties": {"type": "postcode-cell", "postcode": "PL7 5AY", "postcodes": ["PL7 5AY"]}, "geometry": {"type": "Polygon", "coordinates": [[[-3.9906340376786313, 50.38671001819781], [-3.985576224561392, 50.38977037759791], [-3.9817564643981362, 50.390258921612464], [-3.9809808303530794, 50.39021289703995], [-3.9789682736696053, 50.38969934441258], [-3.9780320047537923, 50.38804616376125], [-3.978040117515753, 50.38648568774086], [-3.978550433222536, 50.38551218911502], [-3.980177168736, 50.38307104513867], [-3.9906340376786313, 50.38671001819781]]]}}, {"type": "Feature", "properties": {"type": "postcode-cell", "postcode": "PL8 2EQ", "postcodes": ["PL8 2EQ"]}, "geometry": {"type": "Polygon", "coordinates": [[[-3.984284561890927, 50.35333851052372], [-3.982361116950539, 50.35551993613388], [-3.9809916609480185, 50.35536956669998], [-3.9786900068540354, 50.349824348406194], [-3.981239455284767, 50.3489494790592], [-3.984284561890927, 50.35333851052372]]]}}, {"type": "Feature", "properties": {"type": "postcode-cell", "postcode": "PL7 5BA", "postcodes": ["PL7 5BA"]}, "geometry": {"type": "Polygon", "coordinates": [[[-3.978260781180392, 50.37819930557341], [-3.9724635800175934, 50.3783774271641], [-3.9709480649983964, 50.37829847074763], [-3.9707699901928546, 50.377879994465765], [-3.972379990194369, 50.37685999446495], [-3.9721199901944297, 50.37636999446459], [-3.9726399901949625, 50.37594999446422], [-3.972479990194991, 50.37565999446402], [-3.9730799901954135, 50.37558999446394], [-3.9733599901958008, 50.3751399944636], [-3.972639990196072, 50.3735699944624], [-3.9717499901958853, 50.37272999446176], [-3.972509990196848, 50.371719994460975], [-3.9723199901969286, 50.37127999446063], [-3.9716999901964285, 50.371489994460795], [-3.970059990195614, 50.37096999446045], [-3.968079990194319, 50.37099999446051], [-3.9671899901938743, 50.37071999446031], [-3.9661699901936758, 50.36972999445956], [-3.9648693607947507, 50.36933204101196], [-3.9772893719599294, 50.36792847129763], [-3.9825495465969554, 50.370821686646906], [-3.9808954038419824, 50.37616851974056], [-3.978260781180392, 50.37819930557341]]]}}, {"type": "Feature", "properties": {"type": "postcode-cell", "postcode": "PL7 5DS", "postcodes": ["PL7 5DS"]}, "geometry": {"type": "Polygon", "coordinates": [[[-3.9837981711517845, 50.39728848003724], [-3.9819540803893156, 50.399542495435014], [-3.9779884722775094, 50.39780533023652], [-3.977756994351373, 50.39747862970556], [-3.9809808303530794, 50.39021289703995], [-3.9817564643981362, 50.390258921612464], [-3.9837981711517845, 50.39728848003724]]]}}, {"type": "Feature", "properties": {"type": "postcode-cell", "postcode": "PL8 1JY", "postcodes": ["PL8 1JY"]}, "geometry": {"type": "Polygon", "coordinates": [[[-3.9752673188924206, 50.31041053308145], [-3.9702092438105163, 50.314037812874275], [-3.965688434727735, 50.31426973796193], [-3.9627337867350714, 50.31362939341073], [-3.961801765910937, 50.31207457036102], [-3.9735066067196594, 50.307082490891744], [-3.9746999902284093, 50.30708999441118], [-3.9756999902289034, 50.3074099944114], [-3.976439990229492, 50.30716999441118], [-3.976580169730663, 50.30718417034257], [-3.9752673188924206, 50.31041053308145]]]}}, {"type": "Feature", "properties": {"type": "postcode-cell", "postcode": "PL8 2EL", "postcodes": ["PL8 2EL"]}, "geometry": {"type": "Polygon", "coordinates": [[[-3.9859782680119573, 50.34544652494195], [-3.970479613177568, 50.347892177754844], [-3.9681589212154202, 50.345225192970254], [-3.969084597891286, 50.344619762724975], [-3.9829872050273325, 50.341781747866], [-3.9844772899935363, 50.34194519223486], [-3.985466726050542, 50.3437239387353], [-3.9859782680119573, 50.34544652494195]]]}}, {"type": "Feature", "properties": {"type": "postcode-cell", "postcode": "PL8 1HL", "postcodes": ["PL8 1HL"]}, "geometry": {"type": "Polygon", "coordinates": [[[-3.9764147275105173, 50.31835863393483], [-3.972720573297682, 50.31655409140515], [-3.97173040491213, 50.31568834887363], [-3.9702092438105163, 50.314037812874275], [-3.9752673188924206, 50.31041053308145], [-3.980368551829285, 50.316272474162034], [-3.9764147275105173, 50.31835863393483]]]}}, {"type": "Feature", "properties": {"type": "postcode-cell", "postcode": "PL8 2JB", "postcodes": ["PL8 2JB"]}, "geometry": {"type": "Polygon", "coordinates": [[[-3.973203150529762, 50.33511561323125], [-3.9723782095861155, 50.33523178941836], [-3.9643923129518526, 50.32919157557849], [-3.965618245308077, 50.32544741742683], [-3.971427068234222, 50.324806724301446], [-3.9778570321250224, 50.32831629805296], [-3.977223926650639, 50.332257326947705], [-3.973203150529762, 50.33511561323125]]]}}, {"type": "Feature", "properties": {"type": "postcode-cell", "postcode": "PL8 2EH", "postcodes": ["PL8 2EH"]}, "geometry": {"type": "Polygon", "coordinates": [[[-3.9786900068540354, 50.349824348406194], [-3.9809916609480185, 50.35536956669998], [-3.9753785470645036, 50.35638594816443], [-3.9702506029872042, 50.355202256171154], [-3.972011189324595, 50.34974859977567], [-3.9786900068540354, 50.349824348406194]]]}}, {"type": "Feature", "properties": {"type": "postcode-cell", "postcode": "PL8 2EN", "postcodes": ["PL8 2EN"]}, "geometry": {"type": "Polygon", "coordinates": [[[-3.969084597891286, 50.344619762724975], [-3.970483325134875, 50.33632429302026], [-3.9723782095861155, 50.33523178941836], [-3.973203150529762, 50.33511561323125], [-3.9829872050273325, 50.341781747866], [-3.969084597891286, 50.344619762724975]]]}}, {"type": "Feature", "properties": {"type": "postcode-cell", "postcode": "PL8 1JS", "postcodes": ["PL8 1JS"]}, "geometry": {"type": "Polygon", "coordinates": [[[-3.9758546770354624, 50.32104895426968], [-3.9723101490066064, 50.32374767222254], [-3.969451263393128, 50.31886836293916], [-3.972720573297682, 50.31655409140515], [-3.9764147275105173, 50.31835863393483], [-3.9758546770354624, 50.32104895426968]]]}}, {"type": "Feature", "properties": {"type": "postcode-cell", "postcode": "PL8 2ET", "postcodes": ["PL8 2ET"]}, "geometry": {"type": "Polygon", "coordinates": [[[-3.972011189324595, 50.34974859977567], [-3.9702506029872042, 50.355202256171154], [-3.9688509049210405, 50.35573534669932], [-3.9573617319742858, 50.35368101395726], [-3.9574240740417643, 50.353222191820734], [-3.9649606751546367, 50.34515710716113], [-3.9681589212154202, 50.345225192970254], [-3.970479613177568, 50.347892177754844], [-3.972011189324595, 50.34974859977567]]]}}, {"type": "Feature", "properties": {"type": "postcode-cell", "postcode": "PL7 5DT", "postcodes": ["PL7 5DT"]}, "geometry": {"type": "Polygon", "coordinates": [[[-3.9809808303530794, 50.39021289703995], [-3.977756994351373, 50.39747862970556], [-3.9705034363548823, 50.39259610914062], [-3.9789682736696053, 50.38969934441258], [-3.9809808303530794, 50.39021289703995]]]}}, {"type": "Feature", "properties": {"type": "postcode-cell", "postcode": "PL21 9FL", "postcodes": ["PL21 9FL"]}, "geometry": {"type": "Polygon", "coordinates": [[[-3.9735953542598663, 50.38719054797547], [-3.9736273792984713, 50.38553233659271], [-3.9767369961474923, 50.386040768877294], [-3.978040117515753, 50.38648568774086], [-3.9780320047537923, 50.38804616376125], [-3.9735953542598663, 50.38719054797547]]]}}, {"type": "Feature", "properties": {"type": "postcode-cell", "postcode": "PL21 9EQ", "postcodes": ["PL21 9EQ"]}, "geometry": {"type": "Polygon", "coordinates": [[[-3.9780320047537923, 50.38804616376125], [-3.9789682736696053, 50.38969934441258], [-3.9705034363548823, 50.39259610914062], [-3.9670497106113465, 50.39248163069693], [-3.9666199901838413, 50.39146999447635], [-3.965939990183409, 50.391449994476346], [-3.9651699901831505, 50.390939994475985], [-3.965726645691012, 50.389041288364005], [-3.9660766477780007, 50.38889505002568], [-3.9708990700416646, 50.38750997749899], [-3.973291221147109, 50.38715320894435], [-3.9735953542598663, 50.38719054797547], [-3.9780320047537923, 50.38804616376125]]]}}, {"type": "Feature", "properties": {"type": "postcode-cell", "postcode": "PL8 2LN", "postcodes": ["PL8 2LN"]}, "geometry": {"type": "Polygon", "coordinates": [[[-3.978371021666061, 50.36279420230067], [-3.9668739592770326, 50.361509216554694], [-3.9688509049210405, 50.35573534669932], [-3.9702506029872042, 50.355202256171154], [-3.9753785470645036, 50.35638594816443], [-3.978371021666061, 50.36279420230067]]]}}, {"type": "Feature", "properties": {"type": "postcode-cell", "postcode": "PL21 9EL", "postcodes": ["PL21 9EL"]}, "geometry": {"type": "Polygon", "coordinates": [[[-3.978040117515753, 50.38648568774086], [-3.9767369961474923, 50.386040768877294], [-3.974026701378484, 50.38449065904348], [-3.97402388762866, 50.38447863073874], [-3.9740594428810754, 50.3839098675303], [-3.978550433222536, 50.38551218911502], [-3.978040117515753, 50.38648568774086]]]}}, {"type": "Feature", "properties": {"type": "postcode-cell", "postcode": "PL8 2LL", "postcodes": ["PL8 2LL"]}, "geometry": {"type": "Polygon", "coordinates": [[[-3.978547792464623, 50.36289768225834], [-3.9772893719599294, 50.36792847129763], [-3.9648693607947507, 50.36933204101196], [-3.9648299901930018, 50.369319994459296], [-3.963839990192815, 50.368349994458576], [-3.9633360190018943, 50.3640662877004], [-3.9668739592770326, 50.361509216554694], [-3.978371021666061, 50.36279420230067], [-3.978547792464623, 50.36289768225834]]]}}, {"type": "Feature", "properties": {"type": "postcode-cell", "postcode": "PL21 9FG", "postcodes": ["PL21 9FG"]}, "geometry": {"type": "Polygon", "coordinates": [[[-3.9736273792984713, 50.38553233659271], [-3.9735953542598663, 50.38719054797547], [-3.973291221147109, 50.38715320894435], [-3.9729699103956104, 50.38657632503366], [-3.9731715586745726, 50.38568333978006], [-3.973575918499626, 50.385514564645916], [-3.9736273792984713, 50.38553233659271]]]}}, {"type": "Feature", "properties": {"type": "postcode-cell", "postcode": "PL21 9EB", "postcodes": ["PL21 9EB"]}, "geometry": {"type": "Polygon", "coordinates": [[[-3.973575918499626, 50.385514564645916], [-3.973401292558559, 50.38510984649678], [-3.974026701378484, 50.38449065904348], [-3.9767369961474923, 50.386040768877294], [-3.9736273792984713, 50.38553233659271], [-3.973575918499626, 50.385514564645916]]]}}, {"type": "Feature", "properties": {"type": "postcode-cell", "postcode": "PL21 9EA", "postcodes": ["PL21 9EA"]}, "geometry": {"type": "MultiPolygon", "coordinates": [[[[-3.97402388762866, 50.38447863073874], [-3.9728658316758825, 50.38457860037794], [-3.9722379360441753, 50.38418028847184], [-3.9718432998050885, 50.38305278951368], [-3.973502149329244, 50.38197803297247], [-3.9740594428810754, 50.3839098675303], [-3.97402388762866, 50.38447863073874]]], [[[-3.9724635800175934, 50.3783774271641], [-3.9733509680223835, 50.38145394033331], [-3.9724899901934365, 50.37901999446659], [-3.9716899901928593, 50.379149994466744], [-3.971639990193156, 50.37843999446617], [-3.9709699901927653, 50.37834999446611], [-3.9709480649983964, 50.37829847074763], [-3.9724635800175934, 50.3783774271641]]]]}}, {"type": "Feature", "properties": {"type": "postcode-cell", "postcode": "PL21 9EF", "postcodes": ["PL21 9EF"]}, "geometry": {"type": "Polygon", "coordinates": [[[-3.974026701378484, 50.38449065904348], [-3.973401292558559, 50.38510984649678], [-3.972724343315545, 50.385022044967165], [-3.9728658316758825, 50.38457860037794], [-3.97402388762866, 50.38447863073874], [-3.974026701378484, 50.38449065904348]]]}}, {"type": "Feature", "properties": {"type": "postcode-cell", "postcode": "PL8 2EP", "postcodes": ["PL8 2EP"]}, "geometry": {"type": "Polygon", "coordinates": [[[-3.9681589212154202, 50.345225192970254], [-3.9649606751546367, 50.34515710716113], [-3.962612724356858, 50.34415927175922], [-3.9604282183148163, 50.33650422955033], [-3.970483325134875, 50.33632429302026], [-3.969084597891286, 50.344619762724975], [-3.9681589212154202, 50.345225192970254]]]}}, {"type": "Feature", "properties": {"type": "postcode-cell", "postcode": "PL8 1JT", "postcodes": ["PL8 1JT"]}, "geometry": {"type": "Polygon", "coordinates": [[[-3.972720573297682, 50.31655409140515], [-3.969451263393128, 50.31886836293916], [-3.968270101462869, 50.31841270105747], [-3.97173040491213, 50.31568834887363], [-3.972720573297682, 50.31655409140515]]]}}, {"type": "Feature", "properties": {"type": "postcode-cell", "postcode": "PL21 9PN", "postcodes": ["PL21 9PN"]}, "geometry": {"type": "Polygon", "coordinates": [[[-3.9705034363548823, 50.39259610914062], [-3.977756994351373, 50.39747862970556], [-3.9779884722775094, 50.39780533023652], [-3.9710167853064027, 50.39945880992997], [-3.970089990182632, 50.39889999448203], [-3.969459990182543, 50.39820999448148], [-3.969709990182866, 50.39785999448123], [-3.969109990182654, 50.39747999448095], [-3.969269990182964, 50.39703999448059], [-3.9679099901825854, 50.39595999447979], [-3.9675799901828985, 50.39482999447894], [-3.966399990182359, 50.394349994478596], [-3.966899990183234, 50.39315999447766], [-3.9670999901836255, 50.39259999447723], [-3.9670497106113465, 50.39248163069693], [-3.9705034363548823, 50.39259610914062]]]}}, {"type": "Feature", "properties": {"type": "postcode-cell", "postcode": "PL21 9NZ", "postcodes": ["PL21 9NZ"]}, "geometry": {"type": "MultiPolygon", "coordinates": [[[[-3.9370649030155027, 50.34108636423844], [-3.937722552431252, 50.341888069111704], [-3.9246684468903217, 50.34971450896887], [-3.9245099901766323, 50.348739994444344], [-3.925989990177764, 50.34834999444401], [-3.9256799901777413, 50.34797999444374], [-3.9258899901777813, 50.34817999444388], [-3.9250099901777107, 50.34711999444306], [-3.9262299901789826, 50.34607999444225], [-3.926249990179608, 50.34476999444124], [-3.92664999017998, 50.34452999444105], [-3.9266599901799846, 50.34452999444105], [-3.927269990180513, 50.3442399944408], [-3.9269599901807104, 50.34338999444015], [-3.9276699901816596, 50.34233999443933], [-3.9274999901816616, 50.34209999443917], [-3.9268699901817397, 50.341069994438385], [-3.9263799901820273, 50.33978999443742], [-3.926409990182059, 50.339759994437394], [-3.9283899901833155, 50.33978999443737], [-3.92717999018336, 50.33802999443602], [-3.927419990184197, 50.33657999443492], [-3.9276592671615913, 50.33626950967824], [-3.9370649030155027, 50.34108636423844]]], [[[-3.9260399901794183, 50.344889994441324], [-3.9260799901790033, 50.34582999444204], [-3.926059990178976, 50.34585999444208], [-3.926009990179389, 50.344909994441345], [-3.9260399901794183, 50.344889994441324]]], [[[-3.926439990180317, 50.343519994440285], [-3.9264499901803145, 50.34353999444029], [-3.926459990180316, 50.343549994440295], [-3.9264199901802934, 50.343539994440285], [-3.926439990180317, 50.343519994440285]]]]}}, {"type": "Feature", "properties": {"type": "postcode-cell", "postcode": "PL21 9EJ", "postcodes": ["PL21 9EJ"]}, "geometry": {"type": "Polygon", "coordinates": [[[-3.9731715586745726, 50.38568333978006], [-3.9719185037565654, 50.38566589560297], [-3.971878951484382, 50.385632570138], [-3.972055448338033, 50.385284566287865], [-3.972375310328098, 50.385049294365686], [-3.972724343315545, 50.385022044967165], [-3.973401292558559, 50.38510984649678], [-3.973575918499626, 50.385514564645916], [-3.9731715586745726, 50.38568333978006]]]}}, {"type": "Feature", "properties": {"type": "postcode-cell", "postcode": "PL8 1JQ", "postcodes": ["PL8 1JQ"]}, "geometry": {"type": "Polygon", "coordinates": [[[-3.971427068234222, 50.324806724301446], [-3.965618245308077, 50.32544741742683], [-3.9615654531743583, 50.323567575541], [-3.9667318953414257, 50.318108495931526], [-3.968270101462869, 50.31841270105747], [-3.969451263393128, 50.31886836293916], [-3.9723101490066064, 50.32374767222254], [-3.971427068234222, 50.324806724301446]]]}}, {"type": "Feature", "properties": {"type": "postcode-cell", "postcode": "PL21 9DZ", "postcodes": ["PL21 9DZ"]}, "geometry": {"type": "Polygon", "coordinates": [[[-3.972355411876515, 50.38501089640296], [-3.9717422401906344, 50.38472442378195], [-3.9722205953889387, 50.38440053675777], [-3.972355411876515, 50.38501089640296]]]}}, {"type": "Feature", "properties": {"type": "postcode-cell", "postcode": "PL21 9DY", "postcodes": ["PL21 9DY"]}, "geometry": {"type": "Polygon", "coordinates": [[[-3.9722205953889387, 50.38440053675777], [-3.9722379360441753, 50.38418028847184], [-3.9728658316758825, 50.38457860037794], [-3.972724343315545, 50.385022044967165], [-3.972375310328098, 50.385049294365686], [-3.972355411876515, 50.38501089640296], [-3.9722205953889387, 50.38440053675777]]]}}, {"type": "Feature", "properties": {"type": "postcode-cell", "postcode": "PL21 9DX", "postcodes": ["PL21 9DX"]}, "geometry": {"type": "Polygon", "coordinates": [[[-3.9722205953889387, 50.38440053675777], [-3.9717422401906344, 50.38472442378195], [-3.9712262113590295, 50.38474698968433], [-3.9703694416220627, 50.384455470558024], [-3.9694904180871253, 50.38327896023521], [-3.9713999901907178, 50.383339994469964], [-3.9718432998050885, 50.38305278951368], [-3.9722379360441753, 50.38418028847184], [-3.9722205953889387, 50.38440053675777]]]}}, {"type": "Feature", "properties": {"type": "postcode-cell", "postcode": "PL21 9FJ", "postcodes": ["PL21 9FJ"]}, "geometry": {"type": "Polygon", "coordinates": [[[-3.9729699103956104, 50.38657632503366], [-3.9719490423857464, 50.385770955463634], [-3.9719185037565654, 50.38566589560297], [-3.9731715586745726, 50.38568333978006], [-3.9729699103956104, 50.38657632503366]]]}}, {"type": "Feature", "properties": {"type": "postcode-cell", "postcode": "PL21 9FH", "postcodes": ["PL21 9FH"]}, "geometry": {"type": "Polygon", "coordinates": [[[-3.9729699103956104, 50.38657632503366], [-3.973291221147109, 50.38715320894435], [-3.9708990700416646, 50.38750997749899], [-3.9719490423857464, 50.385770955463634], [-3.9729699103956104, 50.38657632503366]]]}}, {"type": "Feature", "properties": {"type": "postcode-cell", "postcode": "PL21 9EE", "postcodes": ["PL21 9EE"]}, "geometry": {"type": "Polygon", "coordinates": [[[-3.972375310328098, 50.385049294365686], [-3.972055448338033, 50.385284566287865], [-3.9712262113590295, 50.38474698968433], [-3.9717422401906344, 50.38472442378195], [-3.972355411876515, 50.38501089640296], [-3.972375310328098, 50.385049294365686]]]}}, {"type": "Feature", "properties": {"type": "postcode-cell", "postcode": "PL21 9EU", "postcodes": ["PL21 9EU"]}, "geometry": {"type": "Polygon", "coordinates": [[[-3.9719185037565654, 50.38566589560297], [-3.9719490423857464, 50.385770955463634], [-3.9708990700416646, 50.38750997749899], [-3.9660766477780007, 50.38889505002568], [-3.970614379179081, 50.385597640974225], [-3.971878951484382, 50.385632570138], [-3.9719185037565654, 50.38566589560297]]]}}, {"type": "Feature", "properties": {"type": "postcode-cell", "postcode": "PL8 1JU", "postcodes": ["PL8 1JU"]}, "geometry": {"type": "Polygon", "coordinates": [[[-3.97173040491213, 50.31568834887363], [-3.968270101462869, 50.31841270105747], [-3.9667318953414257, 50.318108495931526], [-3.965688434727735, 50.31426973796193], [-3.9702092438105163, 50.314037812874275], [-3.97173040491213, 50.31568834887363]]]}}, {"type": "Feature", "properties": {"type": "postcode-cell", "postcode": "PL21 9ED", "postcodes": ["PL21 9ED"]}, "geometry": {"type": "Polygon", "coordinates": [[[-3.9703694416220627, 50.384455470558024], [-3.970614379179081, 50.385597640974225], [-3.9660766477780007, 50.38889505002568], [-3.965726645691012, 50.389041288364005], [-3.9658999901847825, 50.38844999447403], [-3.966879990185864, 50.387489994473256], [-3.9675799901870423, 50.38592999447204], [-3.966809990186674, 50.38564999447186], [-3.9671399901870683, 50.385259994471554], [-3.9639399901850085, 50.38523999447158], [-3.96389999018524, 50.384689994471174], [-3.9692099901893356, 50.38326999446997], [-3.9694904180871253, 50.38327896023521], [-3.9703694416220627, 50.384455470558024]]]}}, {"type": "Feature", "properties": {"type": "postcode-cell", "postcode": "PL21 9EX", "postcodes": ["PL21 9EX"]}, "geometry": {"type": "Polygon", "coordinates": [[[-3.972055448338033, 50.385284566287865], [-3.971878951484382, 50.385632570138], [-3.970614379179081, 50.385597640974225], [-3.9703694416220627, 50.384455470558024], [-3.9712262113590295, 50.38474698968433], [-3.972055448338033, 50.385284566287865]]]}}, {"type": "Feature", "properties": {"type": "postcode-cell", "postcode": "PL21 9LB", "postcodes": ["PL21 9LB"]}, "geometry": {"type": "Polygon", "coordinates": [[[-3.9573617319742858, 50.35368101395726], [-3.9688509049210405, 50.35573534669932], [-3.9668739592770326, 50.361509216554694], [-3.9633360190018943, 50.3640662877004], [-3.9632799901946716, 50.3635899944549], [-3.9625499901946024, 50.36272999445425], [-3.9616499901939375, 50.3629099944544], [-3.9605899901946575, 50.359899994452114], [-3.9580099901945354, 50.35658999444962], [-3.9577599901950236, 50.355199994448554], [-3.956669990194597, 50.35460999444812], [-3.956562879013109, 50.354141415200196], [-3.9573617319742858, 50.35368101395726]]]}}, {"type": "Feature", "properties": {"type": "postcode-cell", "postcode": "PL8 2JD", "postcodes": ["PL8 2JD"]}, "geometry": {"type": "Polygon", "coordinates": [[[-3.970483325134875, 50.33632429302026], [-3.9604282183148163, 50.33650422955033], [-3.958831991909836, 50.33566741319876], [-3.958105265159769, 50.33347206488835], [-3.9643923129518526, 50.32919157557849], [-3.9723782095861155, 50.33523178941836], [-3.970483325134875, 50.33632429302026]]]}}, {"type": "Feature", "properties": {"type": "postcode-cell", "postcode": "PL8 1JZ", "postcodes": ["PL8 1JZ"]}, "geometry": {"type": "Polygon", "coordinates": [[[-3.9667318953414257, 50.318108495931526], [-3.9615654531743583, 50.323567575541], [-3.960842252732473, 50.323378947998364], [-3.9607335447283383, 50.315307746684084], [-3.9627337867350714, 50.31362939341073], [-3.965688434727735, 50.31426973796193], [-3.9667318953414257, 50.318108495931526]]]}}, {"type": "Feature", "properties": {"type": "postcode-cell", "postcode": "PL21 9NU", "postcodes": ["PL21 9NU"]}, "geometry": {"type": "MultiPolygon", "coordinates": [[[[-3.956562879013109, 50.354141415200196], [-3.956006893173871, 50.3517089843302], [-3.9574240740417643, 50.353222191820734], [-3.9573617319742858, 50.35368101395726], [-3.956562879013109, 50.354141415200196]]], [[[-3.9414174796909647, 50.34613648137518], [-3.9499341177211553, 50.34522341214256], [-3.9555032023179204, 50.351171136025854], [-3.949749990191294, 50.35212999444638], [-3.9388799901841542, 50.352419994446805], [-3.938499990183738, 50.352789994447136], [-3.9385799901832224, 50.35399999444805], [-3.937802315894098, 50.35408447854838], [-3.9414174796909647, 50.34613648137518]]]]}}, {"type": "Feature", "properties": {"type": "postcode-cell", "postcode": "PL8 1JJ", "postcodes": ["PL8 1JJ"]}, "geometry": {"type": "Polygon", "coordinates": [[[-3.958105265159769, 50.33347206488835], [-3.9561949461656365, 50.33277692317384], [-3.9543937722803792, 50.3315762625614], [-3.95317443013113, 50.33005435883159], [-3.9545795788205647, 50.32357950786357], [-3.954937109392646, 50.32342448077536], [-3.960842252732473, 50.323378947998364], [-3.9615654531743583, 50.323567575541], [-3.965618245308077, 50.32544741742683], [-3.9643923129518526, 50.32919157557849], [-3.958105265159769, 50.33347206488835]]]}}, {"type": "Feature", "properties": {"type": "postcode-cell", "postcode": "PL8 2EW", "postcodes": ["PL8 2EW"]}, "geometry": {"type": "Polygon", "coordinates": [[[-3.962612724356858, 50.34415927175922], [-3.9524844500646545, 50.34400247345233], [-3.9523711950668856, 50.33875722914346], [-3.958831991909836, 50.33566741319876], [-3.9604282183148163, 50.33650422955033], [-3.962612724356858, 50.34415927175922]]]}}, {"type": "Feature", "properties": {"type": "postcode-cell", "postcode": "PL8 1LA", "postcodes": ["PL8 1LA"]}, "geometry": {"type": "Polygon", "coordinates": [[[-3.9627337867350714, 50.31362939341073], [-3.9607335447283383, 50.315307746684084], [-3.954595512149395, 50.31619853901951], [-3.9548578469142486, 50.30763275744141], [-3.9554599902159895, 50.30716999441169], [-3.955429990216138, 50.30680999441141], [-3.9555790078927937, 50.30674753990427], [-3.961801765910937, 50.31207457036102], [-3.9627337867350714, 50.31362939341073]]]}}, {"type": "Feature", "properties": {"type": "postcode-cell", "postcode": "PL21 9NX", "postcodes": ["PL21 9NX"]}, "geometry": {"type": "Polygon", "coordinates": [[[-3.937722552431252, 50.341888069111704], [-3.9414174796909647, 50.34613648137518], [-3.937802315894098, 50.35408447854838], [-3.935449990181049, 50.354339994448395], [-3.9348699901805024, 50.35470999444869], [-3.9334799901797717, 50.35435999444845], [-3.9330299901800143, 50.35321999444758], [-3.9312999901793093, 50.352349994446946], [-3.9262199901764143, 50.351549994446465], [-3.9240999901754163, 50.35076999444588], [-3.924709990176184, 50.34996999444526], [-3.9246684468903217, 50.34971450896887], [-3.937722552431252, 50.341888069111704]]]}}, {"type": "Feature", "properties": {"type": "postcode-cell", "postcode": "PL8 1NQ", "postcodes": ["PL8 1NQ"]}, "geometry": {"type": "Polygon", "coordinates": [[[-3.9561949461656365, 50.33277692317384], [-3.9538047603049313, 50.33350631004794], [-3.952318597540393, 50.33384475561915], [-3.9499175168098573, 50.333869453073596], [-3.948188641071673, 50.332704483341765], [-3.9543937722803792, 50.3315762625614], [-3.9561949461656365, 50.33277692317384]]]}}, {"type": "Feature", "properties": {"type": "postcode-cell", "postcode": "PL8 1LE", "postcodes": ["PL8 1LE"]}, "geometry": {"type": "Polygon", "coordinates": [[[-3.960842252732473, 50.323378947998364], [-3.954937109392646, 50.32342448077536], [-3.9517521374132594, 50.317198467861004], [-3.954595512149395, 50.31619853901951], [-3.9607335447283383, 50.315307746684084], [-3.960842252732473, 50.323378947998364]]]}}, {"type": "Feature", "properties": {"type": "postcode-cell", "postcode": "PL8 1LB", "postcodes": ["PL8 1LB"]}, "geometry": {"type": "Polygon", "coordinates": [[[-3.9517521374132594, 50.317198467861004], [-3.949351640253213, 50.31632143737873], [-3.95047363615104, 50.30922436836476], [-3.95081999021219, 50.30891999441314], [-3.9519199902127533, 50.309219994413354], [-3.952009990212685, 50.30948999441356], [-3.953909990213959, 50.309379994413405], [-3.9545299902147186, 50.30860999441282], [-3.9543799902149077, 50.307999994412356], [-3.9548578469142486, 50.30763275744141], [-3.954595512149395, 50.31619853901951], [-3.9517521374132594, 50.317198467861004]]]}}, {"type": "Feature", "properties": {"type": "postcode-cell", "postcode": "PL8 2ES", "postcodes": ["PL8 2ES"]}, "geometry": {"type": "Polygon", "coordinates": [[[-3.9649606751546367, 50.34515710716113], [-3.9574240740417643, 50.353222191820734], [-3.956006893173871, 50.3517089843302], [-3.955869990195714, 50.351109994445444], [-3.9555032023179204, 50.351171136025854], [-3.9499341177211553, 50.34522341214256], [-3.9524844500646545, 50.34400247345233], [-3.962612724356858, 50.34415927175922], [-3.9649606751546367, 50.34515710716113]]]}}, {"type": "Feature", "properties": {"type": "postcode-cell", "postcode": "PL8 1DU", "postcodes": ["PL8 1DU"]}, "geometry": {"type": "Polygon", "coordinates": [[[-3.958105265159769, 50.33347206488835], [-3.958831991909836, 50.33566741319876], [-3.9523711950668856, 50.33875722914346], [-3.951683922786626, 50.33854426918255], [-3.951023305646379, 50.33720737295239], [-3.9509914777463058, 50.33545473665862], [-3.9538047603049313, 50.33350631004794], [-3.9561949461656365, 50.33277692317384], [-3.958105265159769, 50.33347206488835]]]}}, {"type": "Feature", "properties": {"type": "postcode-cell", "postcode": "PL8 1LL", "postcodes": ["PL8 1LL"]}, "geometry": {"type": "Polygon", "coordinates": [[[-3.951023305646379, 50.33720737295239], [-3.949609103814158, 50.33547692493301], [-3.9497465582173916, 50.33515703553058], [-3.9499686616676426, 50.33504161267299], [-3.9509914777463058, 50.33545473665862], [-3.951023305646379, 50.33720737295239]]]}}, {"type": "Feature", "properties": {"type": "postcode-cell", "postcode": "PL8 1LD", "postcodes": ["PL8 1LD"]}, "geometry": {"type": "Polygon", "coordinates": [[[-3.949351640253213, 50.31632143737873], [-3.940239470830147, 50.31750647848755], [-3.9402899902014394, 50.31741999441992], [-3.940159990201944, 50.316169994418956], [-3.942059990203955, 50.31447999441761], [-3.9455299902068584, 50.31303999441644], [-3.9467599902077293, 50.312869994416275], [-3.947719990209212, 50.311019994414835], [-3.948669990210052, 50.31052999441444], [-3.948469990210265, 50.30979999441388], [-3.9501599902114912, 50.309499994413606], [-3.95047363615104, 50.30922436836476], [-3.949351640253213, 50.31632143737873]]]}}, {"type": "Feature", "properties": {"type": "postcode-cell", "postcode": "PL8 1JH", "postcodes": ["PL8 1JH"]}, "geometry": {"type": "Polygon", "coordinates": [[[-3.95317443013113, 50.33005435883159], [-3.939489422451726, 50.32916200628969], [-3.9384812214896887, 50.32888876402394], [-3.9386499901950947, 50.32871999442861], [-3.9385999901952617, 50.32829999442831], [-3.938859990195727, 50.327659994427826], [-3.939619990196576, 50.326889994427184], [-3.939249990196674, 50.32616999442666], [-3.9397899901973137, 50.32554999442616], [-3.938935463231624, 50.32477216909787], [-3.9545795788205647, 50.32357950786357], [-3.95317443013113, 50.33005435883159]]]}}, {"type": "Feature", "properties": {"type": "postcode-cell", "postcode": "PL8 1LH", "postcodes": ["PL8 1LH"]}, "geometry": {"type": "Polygon", "coordinates": [[[-3.951683922786626, 50.33854426918255], [-3.9481024970359453, 50.33810073759984], [-3.9478225199424894, 50.336563192396035], [-3.9487002809849745, 50.33575394220219], [-3.9492434081188357, 50.335543443258075], [-3.949609103814158, 50.33547692493301], [-3.951023305646379, 50.33720737295239], [-3.951683922786626, 50.33854426918255]]]}}, {"type": "Feature", "properties": {"type": "postcode-cell", "postcode": "PL8 1LN", "postcodes": ["PL8 1LN"]}, "geometry": {"type": "Polygon", "coordinates": [[[-3.9538047603049313, 50.33350631004794], [-3.9509914777463058, 50.33545473665862], [-3.9499686616676426, 50.33504161267299], [-3.9501208951191824, 50.33487311657698], [-3.952318597540393, 50.33384475561915], [-3.9538047603049313, 50.33350631004794]]]}}, {"type": "Feature", "properties": {"type": "postcode-cell", "postcode": "PL8 1LJ", "postcodes": ["PL8 1LJ"]}, "geometry": {"type": "Polygon", "coordinates": [[[-3.9499341177211553, 50.34522341214256], [-3.9414174796909647, 50.34613648137518], [-3.937722552431252, 50.341888069111704], [-3.9370649030155027, 50.34108636423844], [-3.943169102046516, 50.33882970877337], [-3.9481024970359453, 50.33810073759984], [-3.951683922786626, 50.33854426918255], [-3.9523711950668856, 50.33875722914346], [-3.9524844500646545, 50.34400247345233], [-3.9499341177211553, 50.34522341214256]]]}}, {"type": "Feature", "properties": {"type": "postcode-cell", "postcode": "PL8 1NB", "postcodes": ["PL8 1NB"]}, "geometry": {"type": "Polygon", "coordinates": [[[-3.94939376968867, 50.33418432971882], [-3.947092179667369, 50.33273112312303], [-3.948188641071673, 50.332704483341765], [-3.9499175168098573, 50.333869453073596], [-3.94939376968867, 50.33418432971882]]]}}, {"type": "Feature", "properties": {"type": "postcode-cell", "postcode": "PL8 1BS", "postcodes": ["PL8 1BS"]}, "geometry": {"type": "Polygon", "coordinates": [[[-3.9499175168098573, 50.333869453073596], [-3.952318597540393, 50.33384475561915], [-3.9501208951191824, 50.33487311657698], [-3.94938799910855, 50.334244822587436], [-3.9493766514252124, 50.33421329521396], [-3.94939376968867, 50.33418432971882], [-3.9499175168098573, 50.333869453073596]]]}}, {"type": "Feature", "properties": {"type": "postcode-cell", "postcode": "PL8 1JR", "postcodes": ["PL8 1JR"]}, "geometry": {"type": "Polygon", "coordinates": [[[-3.9545795788205647, 50.32357950786357], [-3.938935463231624, 50.32477216909787], [-3.938229990196973, 50.32412999442511], [-3.9389299901985755, 50.32166999442321], [-3.9382899901983928, 50.321179994422856], [-3.938279990199138, 50.319579994421616], [-3.93969999020059, 50.3184299944207], [-3.940239470830147, 50.31750647848755], [-3.949351640253213, 50.31632143737873], [-3.9517521374132594, 50.317198467861004], [-3.954937109392646, 50.32342448077536], [-3.9545795788205647, 50.32357950786357]]]}}, {"type": "Feature", "properties": {"type": "postcode-cell", "postcode": "PL8 1NA", "postcodes": ["PL8 1NA"]}, "geometry": {"type": "Polygon", "coordinates": [[[-3.9501208951191824, 50.33487311657698], [-3.9499686616676426, 50.33504161267299], [-3.9497465582173916, 50.33515703553058], [-3.949028284513222, 50.334885384237886], [-3.9491586732706407, 50.334536945632884], [-3.94938799910855, 50.334244822587436], [-3.9501208951191824, 50.33487311657698]]]}}, {"type": "Feature", "properties": {"type": "postcode-cell", "postcode": "PL8 1JN", "postcodes": ["PL8 1JN"]}, "geometry": {"type": "Polygon", "coordinates": [[[-3.9463764528237095, 50.33495581957955], [-3.945242034077277, 50.33522504928251], [-3.9377671361300486, 50.32965522696322], [-3.9381299901944327, 50.32941999442917], [-3.9382699901946734, 50.32909999442892], [-3.9384812214896887, 50.32888876402394], [-3.939489422451726, 50.32916200628969], [-3.946454236431252, 50.33267310250457], [-3.9467299639364826, 50.33459693321334], [-3.9466888896401677, 50.33469587556199], [-3.9463764528237095, 50.33495581957955]]]}}, {"type": "Feature", "properties": {"type": "postcode-cell", "postcode": "PL8 1LY", "postcodes": ["PL8 1LY"]}, "geometry": {"type": "Polygon", "coordinates": [[[-3.9466888896401677, 50.33469587556199], [-3.9477218111548624, 50.335335364956414], [-3.9477321063291164, 50.335503558654445], [-3.9476055116982245, 50.33629102395892], [-3.947470414868014, 50.336217967666535], [-3.9466010296398855, 50.335587755090934], [-3.9463764528237095, 50.33495581957955], [-3.9466888896401677, 50.33469587556199]]]}}, {"type": "Feature", "properties": {"type": "postcode-cell", "postcode": "PL8 1JL", "postcodes": ["PL8 1JL"]}, "geometry": {"type": "Polygon", "coordinates": [[[-3.9543937722803792, 50.3315762625614], [-3.948188641071673, 50.332704483341765], [-3.947092179667369, 50.33273112312303], [-3.9468021778139204, 50.3327208738295], [-3.946454236431252, 50.33267310250457], [-3.939489422451726, 50.32916200628969], [-3.95317443013113, 50.33005435883159], [-3.9543937722803792, 50.3315762625614]]]}}, {"type": "Feature", "properties": {"type": "postcode-cell", "postcode": "PL8 1LS", "postcodes": ["PL8 1LS"]}, "geometry": {"type": "Polygon", "coordinates": [[[-3.949609103814158, 50.33547692493301], [-3.9492434081188357, 50.335543443258075], [-3.9487755391788797, 50.33534184800642], [-3.9485233015250203, 50.334899373742054], [-3.948872127448589, 50.33487206072143], [-3.949028284513222, 50.334885384237886], [-3.9497465582173916, 50.33515703553058], [-3.949609103814158, 50.33547692493301]]]}}, {"type": "Feature", "properties": {"type": "postcode-cell", "postcode": "PL8 1NG", "postcodes": ["PL8 1NG"]}, "geometry": {"type": "Polygon", "coordinates": [[[-3.9493766514252124, 50.33421329521396], [-3.9489691451601976, 50.33426093589103], [-3.9481711383634184, 50.33396075595456], [-3.9468021778139204, 50.3327208738295], [-3.947092179667369, 50.33273112312303], [-3.94939376968867, 50.33418432971882], [-3.9493766514252124, 50.33421329521396]]]}}, {"type": "Feature", "properties": {"type": "postcode-cell", "postcode": "PL8 1NE", "postcodes": ["PL8 1NE"]}, "geometry": {"type": "Polygon", "coordinates": [[[-3.94938799910855, 50.334244822587436], [-3.9491586732706407, 50.334536945632884], [-3.9487881759807886, 50.33447430521443], [-3.94874773926035, 50.334418058270586], [-3.9489691451601976, 50.33426093589103], [-3.9493766514252124, 50.33421329521396], [-3.94938799910855, 50.334244822587436]]]}}, {"type": "Feature", "properties": {"type": "postcode-cell", "postcode": "PL8 1NF", "postcodes": ["PL8 1NF"]}, "geometry": {"type": "Polygon", "coordinates": [[[-3.9489691451601976, 50.33426093589103], [-3.94874773926035, 50.334418058270586], [-3.9484182533655487, 50.334430602850006], [-3.9481711383634184, 50.33396075595456], [-3.9489691451601976, 50.33426093589103]]]}}, {"type": "Feature", "properties": {"type": "postcode-cell", "postcode": "PL8 1ND", "postcodes": ["PL8 1ND"]}, "geometry": {"type": "Polygon", "coordinates": [[[-3.949028284513222, 50.334885384237886], [-3.948872127448589, 50.33487206072143], [-3.9487881759807886, 50.33447430521443], [-3.9491586732706407, 50.334536945632884], [-3.949028284513222, 50.334885384237886]]]}}, {"type": "Feature", "properties": {"type": "postcode-cell", "postcode": "PL8 1NH", "postcodes": ["PL8 1NH"]}, "geometry": {"type": "Polygon", "coordinates": [[[-3.9487881759807886, 50.33447430521443], [-3.948872127448589, 50.33487206072143], [-3.9485233015250203, 50.334899373742054], [-3.9485021257469115, 50.33489884795959], [-3.9482247662191203, 50.33472680811752], [-3.9484182533655487, 50.334430602850006], [-3.94874773926035, 50.334418058270586], [-3.9487881759807886, 50.33447430521443]]]}}, {"type": "Feature", "properties": {"type": "postcode-cell", "postcode": "PL8 1LU", "postcodes": ["PL8 1LU"]}, "geometry": {"type": "Polygon", "coordinates": [[[-3.9487755391788797, 50.33534184800642], [-3.9483361856609536, 50.33529977336931], [-3.9482240461558806, 50.33522096396858], [-3.9485021257469115, 50.33489884795959], [-3.9485233015250203, 50.334899373742054], [-3.9487755391788797, 50.33534184800642]]]}}, {"type": "Feature", "properties": {"type": "postcode-cell", "postcode": "PL8 1LP", "postcodes": ["PL8 1LP"]}, "geometry": {"type": "Polygon", "coordinates": [[[-3.9492434081188357, 50.335543443258075], [-3.9487002809849745, 50.33575394220219], [-3.9484608181913754, 50.33553672843532], [-3.9483361856609536, 50.33529977336931], [-3.9487755391788797, 50.33534184800642], [-3.9492434081188357, 50.335543443258075]]]}}, {"type": "Feature", "properties": {"type": "postcode-cell", "postcode": "PL8 1LR", "postcodes": ["PL8 1LR"]}, "geometry": {"type": "Polygon", "coordinates": [[[-3.9483361856609536, 50.33529977336931], [-3.9484608181913754, 50.33553672843532], [-3.9477321063291164, 50.335503558654445], [-3.9477218111548624, 50.335335364956414], [-3.9482240461558806, 50.33522096396858], [-3.9483361856609536, 50.33529977336931]]]}}, {"type": "Feature", "properties": {"type": "postcode-cell", "postcode": "PL8 1NJ", "postcodes": ["PL8 1NJ"]}, "geometry": {"type": "Polygon", "coordinates": [[[-3.9481711383634184, 50.33396075595456], [-3.9484182533655487, 50.334430602850006], [-3.9482247662191203, 50.33472680811752], [-3.9467299639364826, 50.33459693321334], [-3.946454236431252, 50.33267310250457], [-3.9468021778139204, 50.3327208738295], [-3.9481711383634184, 50.33396075595456]]]}}, {"type": "Feature", "properties": {"type": "postcode-cell", "postcode": "PL8 1LT", "postcodes": ["PL8 1LT"]}, "geometry": {"type": "Polygon", "coordinates": [[[-3.9485021257469115, 50.33489884795959], [-3.9482240461558806, 50.33522096396858], [-3.9477218111548624, 50.335335364956414], [-3.9466888896401677, 50.33469587556199], [-3.9467299639364826, 50.33459693321334], [-3.9482247662191203, 50.33472680811752], [-3.9485021257469115, 50.33489884795959]]]}}, {"type": "Feature", "properties": {"type": "postcode-cell", "postcode": "PL8 1LW", "postcodes": ["PL8 1LW"]}, "geometry": {"type": "Polygon", "coordinates": [[[-3.9487002809849745, 50.33575394220219], [-3.9478225199424894, 50.336563192396035], [-3.9476055116982245, 50.33629102395892], [-3.9477321063291164, 50.335503558654445], [-3.9484608181913754, 50.33553672843532], [-3.9487002809849745, 50.33575394220219]]]}}, {"type": "Feature", "properties": {"type": "postcode-cell", "postcode": "PL8 1LX", "postcodes": ["PL8 1LX"]}, "geometry": {"type": "Polygon", "coordinates": [[[-3.9476055116982245, 50.33629102395892], [-3.9478225199424894, 50.336563192396035], [-3.9481024970359453, 50.33810073759984], [-3.943169102046516, 50.33882970877337], [-3.944584730562573, 50.3364003988398], [-3.9458684814551463, 50.33602236663259], [-3.947470414868014, 50.336217967666535], [-3.9476055116982245, 50.33629102395892]]]}}, {"type": "Feature", "properties": {"type": "postcode-cell", "postcode": "PL8 1LZ", "postcodes": ["PL8 1LZ"]}, "geometry": {"type": "Polygon", "coordinates": [[[-3.9466010296398855, 50.335587755090934], [-3.9458684814551463, 50.33602236663259], [-3.944584730562573, 50.3364003988398], [-3.944643386725872, 50.33607280211874], [-3.945242034077277, 50.33522504928251], [-3.9463764528237095, 50.33495581957955], [-3.9466010296398855, 50.335587755090934]]]}}, {"type": "Feature", "properties": {"type": "postcode-cell", "postcode": "PL8 1LF", "postcodes": ["PL8 1LF"]}, "geometry": {"type": "Polygon", "coordinates": [[[-3.9466010296398855, 50.335587755090934], [-3.947470414868014, 50.336217967666535], [-3.9458684814551463, 50.33602236663259], [-3.9466010296398855, 50.335587755090934]]]}}, {"type": "Feature", "properties": {"type": "postcode-cell", "postcode": "PL8 1JW", "postcodes": ["PL8 1JW"]}, "geometry": {"type": "Polygon", "coordinates": [[[-3.944643386725872, 50.33607280211874], [-3.9376962305660745, 50.32970119351571], [-3.9377671361300486, 50.32965522696322], [-3.945242034077277, 50.33522504928251], [-3.944643386725872, 50.33607280211874]]]}}, {"type": "Feature", "properties": {"type": "postcode-cell", "postcode": "PL8 1JP", "postcodes": ["PL8 1JP"]}, "geometry": {"type": "Polygon", "coordinates": [[[-3.944584730562573, 50.3364003988398], [-3.943169102046516, 50.33882970877337], [-3.9370649030155027, 50.34108636423844], [-3.9276592671615913, 50.33626950967824], [-3.9282599901852464, 50.33548999443406], [-3.9290799901862368, 50.33449999443327], [-3.9292599901864094, 50.334379994433185], [-3.932019990188871, 50.33290999443201], [-3.934549990190389, 50.3331399944321], [-3.9342099901902907, 50.33288999443193], [-3.93466999019045, 50.33317999443212], [-3.9342999901904125, 50.332749994431815], [-3.9336099901901562, 50.33234999443154], [-3.9376962305660745, 50.32970119351571], [-3.944643386725872, 50.33607280211874], [-3.944584730562573, 50.3364003988398]]]}}]}