{"type": "FeatureCollection", "features": [{"type": "Feature", "properties": {"type": "ward-outline", "name": "Ottery St Mary"}, "geometry": {"type": "Polygon", "coordinates": [[[-3.23417, 50.7629], [-3.23375, 50.75746], [-3.23563, 50.75282], [-3.239, 50.74861], [-3.24155, 50.74384], [-3.24536, 50.73908], [-3.25405, 50.72474], [-3.25913, 50.71735], [-3.25907, 50.71597], [-3.25993, 50.71413], [-3.26461, 50.71144], [-3.26685, 50.71062], [-3.26908, 50.70893], [-3.27031, 50.70963], [-3.27039, 50.71016], [-3.27126, 50.71042], [-3.27264, 50.71012], [-3.27447, 50.71046], [-3.29048, 50.71165], [-3.29038, 50.71293], [-3.29201, 50.7132], [-3.29273, 50.71405], [-3.29382, 50.71434], [-3.29408, 50.71534], [-3.29335, 50.71549], [-3.29293, 50.71673], [-3.29389, 50.71733], [-3.29564, 50.71685], [-3.30639, 50.71678], [-3.30828, 50.71643], [-3.31098, 50.71694], [-3.31573, 50.71727], [-3.3164, 50.71753], [-3.31837, 50.71993], [-3.31918, 50.72018], [-3.32076, 50.71985], [-3.32255, 50.72009], [-3.32746, 50.72195], [-3.32996, 50.72244], [-3.33186, 50.7249], [-3.33303, 50.72633], [-3.33537, 50.72732], [-3.33472, 50.72789], [-3.32793, 50.7269], [-3.32324, 50.72371], [-3.32259, 50.72563], [-3.31829, 50.72384], [-3.31787, 50.7248], [-3.31724, 50.72473], [-3.31596, 50.72546], [-3.3109, 50.72518], [-3.30909, 50.7248], [-3.30619, 50.72492], [-3.308, 50.72622], [-3.30962, 50.72686], [-3.31031, 50.72794], [-3.31008, 50.72838], [-3.31105, 50.72963], [-3.31081, 50.73064], [-3.31187, 50.73174], [-3.31182, 50.73329], [-3.31142, 50.73361], [-3.31178, 50.73426], [-3.3127, 50.73477], [-3.31257, 50.73578], [-3.31126, 50.73584], [-3.31111, 50.73662], [-3.31239, 50.73671], [-3.31268, 50.73712], [-3.31196, 50.73746], [-3.31225, 50.73786], [-3.31147, 50.73781], [-3.31187, 50.73836], [-3.3114, 50.7394], [-3.3091, 50.74009], [-3.30743, 50.74012], [-3.30737, 50.74107], [-3.30828, 50.74118], [-3.30896, 50.74251], [-3.30667, 50.74321], [-3.30306, 50.74352], [-3.30307, 50.74456], [-3.30397, 50.74474], [-3.30442, 50.74522], [-3.30523, 50.74736], [-3.30713, 50.7475], [-3.30742, 50.74808], [-3.31079, 50.74799], [-3.31282, 50.7484], [-3.31245, 50.74986], [-3.32678, 50.75123], [-3.32597, 50.75294], [-3.32765, 50.75395], [-3.32888, 50.75409], [-3.32995, 50.75808], [-3.32708, 50.75933], [-3.3114, 50.76435], [-3.29913, 50.76661], [-3.29739, 50.76683], [-3.29445, 50.76661], [-3.29644, 50.76851], [-3.29622, 50.77076], [-3.29736, 50.77166], [-3.29812, 50.77302], [-3.29923, 50.77377], [-3.30017, 50.78048], [-3.30195, 50.78213], [-3.29978, 50.78269], [-3.29186, 50.78316], [-3.28318, 50.78417], [-3.28183, 50.78288], [-3.279, 50.7838], [-3.27562, 50.78394], [-3.27457, 50.78341], [-3.27055, 50.78249], [-3.26596, 50.78224], [-3.26062, 50.7805], [-3.25945, 50.77985], [-3.25888, 50.77893], [-3.25637, 50.77938], [-3.25064, 50.77707], [-3.24929, 50.77636], [-3.24436, 50.77245], [-3.2357, 50.76838], [-3.23426, 50.76726], [-3.23417, 50.7629]]]}}, {"type": "Feature", "properties": {"type": "postcode-cell", "postcode": "EX11 1SH", "postcodes": ["EX11 1SH"]}, "geometry": {"type": "Polygon", "coordinates": [[[-3.3246488356595383, 50.72344841443559], [-3.3292630828720635, 50.72230340746592], [-3.32995998962256, 50.72243999474593], [-3.3318599896225534, 50.72489999474779], [-3.333029989622595, 50.7263299947489], [-3.3353699896235733, 50.72731999474964], [-3.3347199896228927, 50.72788999475011], [-3.3279299896191414, 50.72689999474944], [-3.3241404269522117, 50.72432249450915], [-3.3246488356595383, 50.72344841443559]]]}}, {"type": "Feature", "properties": {"type": "postcode-cell", "postcode": "EX11 1LN", "postcodes": ["EX11 1LN"]}, "geometry": {"type": "Polygon", "coordinates": [[[-3.3067373468090904, 50.758304109093], [-3.3064157203980913, 50.756731629807085], [-3.318598323517169, 50.753503590116026], [-3.3276442548364913, 50.753946547198176], [-3.3276499896059137, 50.75394999477064], [-3.3288799896066146, 50.75408999477072], [-3.3299499896053586, 50.75807999477384], [-3.327079989602964, 50.75932999477484], [-3.3220783959615403, 50.76093161473303], [-3.3067373468090904, 50.758304109093]]]}}, {"type": "Feature", "properties": {"type": "postcode-cell", "postcode": "EX11 1SP", "postcodes": ["EX11 1SP"]}, "geometry": {"type": "Polygon", "coordinates": [[[-3.3241404269522117, 50.72432249450915], [-3.323239989617764, 50.723709994747026], [-3.322589989616431, 50.72562999474851], [-3.3194302453210605, 50.724314688302755], [-3.320333935655955, 50.722660671725826], [-3.3214888885439415, 50.72239051767331], [-3.3246488356595383, 50.72344841443559], [-3.3241404269522117, 50.72432249450915]]]}}, {"type": "Feature", "properties": {"type": "postcode-cell", "postcode": "EX11 1SW", "postcodes": ["EX11 1SW"]}, "geometry": {"type": "Polygon", "coordinates": [[[-3.3214888885439415, 50.72239051767331], [-3.320333935655955, 50.722660671725826], [-3.316277635181491, 50.71978866437858], [-3.316507079661888, 50.71766046704714], [-3.3183699896165586, 50.71992999474412], [-3.319179989616943, 50.72017999474432], [-3.320759989618084, 50.71984999474404], [-3.322549989619083, 50.720089994744185], [-3.3234881583022498, 50.72044541818541], [-3.3214888885439415, 50.72239051767331]]]}}, {"type": "Feature", "properties": {"type": "postcode-cell", "postcode": "EX11 1SR", "postcodes": ["EX11 1SR"]}, "geometry": {"type": "Polygon", "coordinates": [[[-3.3246488356595383, 50.72344841443559], [-3.3214888885439415, 50.72239051767331], [-3.3234881583022498, 50.72044541818541], [-3.3274599896212385, 50.72194999474556], [-3.3292630828720635, 50.72230340746592], [-3.3246488356595383, 50.72344841443559]]]}}, {"type": "Feature", "properties": {"type": "postcode-cell", "postcode": "EX11 1UE", "postcodes": ["EX11 1UE"]}, "geometry": {"type": "Polygon", "coordinates": [[[-3.3039461655254954, 50.7423674656602], [-3.299892395554532, 50.73667924423585], [-3.3064307718579213, 50.72989994234908], [-3.308777573180521, 50.728602340906235], [-3.3105029090411415, 50.72892500334996], [-3.3110499896073193, 50.72962999475185], [-3.3108099896066827, 50.73063999475264], [-3.3118699896068096, 50.73173999475348], [-3.3118199896060285, 50.73328999475471], [-3.311419989605625, 50.73360999475496], [-3.311779989605535, 50.73425999475546], [-3.31269998960586, 50.73476999475585], [-3.312569989605291, 50.73577999475661], [-3.311259989604449, 50.73583999475671], [-3.3111099896039784, 50.73661999475732], [-3.312389989604732, 50.736709994757405], [-3.312679989604713, 50.73711999475769], [-3.311959989604101, 50.73745999475795], [-3.3122499896040862, 50.737859994758246], [-3.3114699896036277, 50.73780999475826], [-3.311869989603609, 50.73835999475866], [-3.311399989602814, 50.73939999475949], [-3.309099989601051, 50.740089994760076], [-3.3074299895999957, 50.7401199947601], [-3.3073699895995006, 50.74106999476088], [-3.3082799896000137, 50.74117999476094], [-3.308959989599793, 50.74250999476197], [-3.30815557692004, 50.74275589257758], [-3.3039461655254954, 50.7423674656602]]]}}, {"type": "Feature", "properties": {"type": "postcode-cell", "postcode": "EX11 1SN", "postcodes": ["EX11 1SN"]}, "geometry": {"type": "MultiPolygon", "coordinates": [[[[-3.3194302453210605, 50.724314688302755], [-3.318289989614621, 50.723839994747195], [-3.317869989613896, 50.72479999474797], [-3.317239989613537, 50.724729994747904], [-3.3159599896123884, 50.725459994748505], [-3.310899989609378, 50.72517999474837], [-3.310683716544847, 50.72513459116304], [-3.316277635181491, 50.71978866437858], [-3.320333935655955, 50.722660671725826], [-3.3194302453210605, 50.724314688302755]]], [[[-3.308777573180521, 50.728602340906235], [-3.3082872687071903, 50.727424347669114], [-3.3090950084690443, 50.726652599202104], [-3.3096199896077687, 50.726859994749695], [-3.310309989607676, 50.72793999475055], [-3.3100799896073223, 50.72837999475089], [-3.3105029090411415, 50.72892500334996], [-3.308777573180521, 50.728602340906235]]]]}}, {"type": "Feature", "properties": {"type": "postcode-cell", "postcode": "EX11 1RU", "postcodes": ["EX11 1RU"]}, "geometry": {"type": "Polygon", "coordinates": [[[-3.3066196856667833, 50.72490221880949], [-3.306189989606576, 50.72491999474824], [-3.3065581685054464, 50.72518444083101], [-3.3064734011019423, 50.725573322501276], [-3.301435512372346, 50.723405944412356], [-3.303647955595639, 50.716797944037175], [-3.3063899896106386, 50.71677999474188], [-3.3082799896119823, 50.71642999474158], [-3.308458722587864, 50.71646375769863], [-3.3066196856667833, 50.72490221880949]]]}}, {"type": "Feature", "properties": {"type": "postcode-cell", "postcode": "EX11 1RS", "postcodes": ["EX11 1RS"]}, "geometry": {"type": "Polygon", "coordinates": [[[-3.2985935567227913, 50.7214387491179], [-3.2974112757269007, 50.7193242085374], [-3.2973040325911533, 50.71864802345427], [-3.3010027079472284, 50.716815198642145], [-3.302961626833714, 50.71680242663719], [-3.2985935567227913, 50.7214387491179]]]}}, {"type": "Feature", "properties": {"type": "postcode-cell", "postcode": "EX11 1LG", "postcodes": ["EX11 1LG"]}, "geometry": {"type": "Polygon", "coordinates": [[[-3.318598323517169, 50.753503590116026], [-3.31396060976531, 50.75060199177002], [-3.314351957627514, 50.75004193598434], [-3.326779989606683, 50.751229994768515], [-3.3259699896053534, 50.752939994769854], [-3.3276442548364913, 50.753946547198176], [-3.318598323517169, 50.753503590116026]]]}}, {"type": "Feature", "properties": {"type": "postcode-cell", "postcode": "EX11 1SS", "postcodes": ["EX11 1SS"]}, "geometry": {"type": "MultiPolygon", "coordinates": [[[[-3.316277635181491, 50.71978866437858], [-3.310683716544847, 50.72513459116304], [-3.3090899896084363, 50.72479999474811], [-3.3066196856667833, 50.72490221880949], [-3.308458722587864, 50.71646375769863], [-3.3109799896134127, 50.71693999474192], [-3.3157299896162056, 50.717269994742125], [-3.3163999896164955, 50.71752999474228], [-3.316507079661888, 50.71766046704714], [-3.316277635181491, 50.71978866437858]]], [[[-3.3082872687071903, 50.727424347669114], [-3.3064734011019423, 50.725573322501276], [-3.3065581685054464, 50.72518444083101], [-3.307999989607072, 50.726219994749236], [-3.3090950084690443, 50.726652599202104], [-3.3082872687071903, 50.727424347669114]]]]}}, {"type": "Feature", "properties": {"type": "postcode-cell", "postcode": "EX11 1LL", "postcodes": ["EX11 1LL"]}, "geometry": {"type": "Polygon", "coordinates": [[[-3.318598323517169, 50.753503590116026], [-3.3064157203980913, 50.756731629807085], [-3.3056148279698214, 50.755491600956205], [-3.3095913335763436, 50.75236399222725], [-3.31396060976531, 50.75060199177002], [-3.318598323517169, 50.753503590116026]]]}}, {"type": "Feature", "properties": {"type": "postcode-cell", "postcode": "EX11 1LW", "postcodes": ["EX11 1LW"]}, "geometry": {"type": "Polygon", "coordinates": [[[-3.3040241379963553, 50.76345738035035], [-3.304657208737583, 50.76099737446552], [-3.3051813975792714, 50.76008383098685], [-3.3067373468090904, 50.758304109093], [-3.3220783959615403, 50.76093161473303], [-3.311399989590766, 50.764349994779025], [-3.3048994631431983, 50.7655475082019], [-3.3040241379963553, 50.76345738035035]]]}}, {"type": "Feature", "properties": {"type": "postcode-cell", "postcode": "EX11 1QY", "postcodes": ["EX11 1QY"]}, "geometry": {"type": "Polygon", "coordinates": [[[-3.3067373468090904, 50.758304109093], [-3.3051813975792714, 50.76008383098685], [-3.295038902673424, 50.758376686785525], [-3.291595853631439, 50.75589607107158], [-3.2941602767967377, 50.75470187327241], [-3.30284308327603, 50.7538829031456], [-3.3056148279698214, 50.755491600956205], [-3.3064157203980913, 50.756731629807085], [-3.3067373468090904, 50.758304109093]]]}}, {"type": "Feature", "properties": {"type": "postcode-cell", "postcode": "EX10 0AH", "postcodes": ["EX10 0AH"]}, "geometry": {"type": "MultiPolygon", "coordinates": [[[[-3.2973040325911533, 50.71864802345427], [-3.295047724263128, 50.71728918359196], [-3.2948474660917237, 50.717067377074706], [-3.2956399896039335, 50.71684999474211], [-3.3010027079472284, 50.716815198642145], [-3.2973040325911533, 50.71864802345427]]], [[[-3.293238543936179, 50.715285240518654], [-3.293557806903947, 50.71427024097442], [-3.2938199896040214, 50.7143399947402], [-3.2940799896036976, 50.71533999474098], [-3.293411904643027, 50.715477272686634], [-3.293238543936179, 50.715285240518654]]]]}}, {"type": "Feature", "properties": {"type": "postcode-cell", "postcode": "EX11 1LH", "postcodes": ["EX11 1LH"]}, "geometry": {"type": "Polygon", "coordinates": [[[-3.31396060976531, 50.75060199177002], [-3.3095913335763436, 50.75236399222725], [-3.309617810380351, 50.74802131033693], [-3.310789989598284, 50.74798999476621], [-3.312819989599351, 50.74839999476652], [-3.312449989598415, 50.749859994767654], [-3.314351957627514, 50.75004193598434], [-3.31396060976531, 50.75060199177002]]]}}, {"type": "Feature", "properties": {"type": "postcode-cell", "postcode": "EX11 1RN", "postcodes": ["EX11 1RN"]}, "geometry": {"type": "Polygon", "coordinates": [[[-3.3082872687071903, 50.727424347669114], [-3.308777573180521, 50.728602340906235], [-3.3064307718579213, 50.72989994234908], [-3.301997012974009, 50.729201958027446], [-3.2902263710966437, 50.724590999033914], [-3.290338215339539, 50.72445750293403], [-3.29732039737779, 50.72284372502585], [-3.2988199916974343, 50.722651221215145], [-3.301435512372346, 50.723405944412356], [-3.3064734011019423, 50.725573322501276], [-3.3082872687071903, 50.727424347669114]]]}}, {"type": "Feature", "properties": {"type": "postcode-cell", "postcode": "EX11 1LJ", "postcodes": ["EX11 1LJ"]}, "geometry": {"type": "Polygon", "coordinates": [[[-3.30815557692004, 50.74275589257758], [-3.3066699895980296, 50.74320999476254], [-3.303059989595636, 50.743519994762856], [-3.3030699895951385, 50.74455999476368], [-3.3039699895956116, 50.7447399947638], [-3.3044199895956594, 50.745219994764156], [-3.305229989595128, 50.747359994765816], [-3.307129989596243, 50.74749999476591], [-3.307419989596143, 50.74807999476636], [-3.309617810380351, 50.74802131033693], [-3.3095913335763436, 50.75236399222725], [-3.3056148279698214, 50.755491600956205], [-3.30284308327603, 50.7538829031456], [-3.301421832991164, 50.75063179596276], [-3.3013492522757155, 50.74550814798281], [-3.302799479433554, 50.74332853217707], [-3.3039461655254954, 50.7423674656602], [-3.30815557692004, 50.74275589257758]]]}}, {"type": "Feature", "properties": {"type": "postcode-cell", "postcode": "EX11 1RJ", "postcodes": ["EX11 1RJ"]}, "geometry": {"type": "Polygon", "coordinates": [[[-3.3064307718579213, 50.72989994234908], [-3.299892395554532, 50.73667924423585], [-3.291007851613916, 50.73578550890544], [-3.2883354304768786, 50.73536144435315], [-3.2867046243764255, 50.733001951234066], [-3.285691400432531, 50.73059337046212], [-3.2877114962097687, 50.72873186256064], [-3.301997012974009, 50.729201958027446], [-3.3064307718579213, 50.72989994234908]]]}}, {"type": "Feature", "properties": {"type": "postcode-cell", "postcode": "EX11 1RT", "postcodes": ["EX11 1RT"]}, "geometry": {"type": "Polygon", "coordinates": [[[-3.2988199916974343, 50.722651221215145], [-3.2985935567227913, 50.7214387491179], [-3.302961626833714, 50.71680242663719], [-3.303647955595639, 50.716797944037175], [-3.301435512372346, 50.723405944412356], [-3.2988199916974343, 50.722651221215145]]]}}, {"type": "Feature", "properties": {"type": "postcode-cell", "postcode": "EX11 1RR", "postcodes": ["EX11 1RR"]}, "geometry": {"type": "Polygon", "coordinates": [[[-3.2988199916974343, 50.722651221215145], [-3.29732039737779, 50.72284372502585], [-3.2934540853409042, 50.71956903304882], [-3.293474099906829, 50.71955858832252], [-3.2974112757269007, 50.7193242085374], [-3.2985935567227913, 50.7214387491179], [-3.2988199916974343, 50.722651221215145]]]}}, {"type": "Feature", "properties": {"type": "postcode-cell", "postcode": "EX10 0TA", "postcodes": ["EX10 0TA"]}, "geometry": {"type": "Polygon", "coordinates": [[[-3.293238543936179, 50.715285240518654], [-3.2921122750520992, 50.716097223108925], [-3.290667328330006, 50.71647765234439], [-3.288684930448204, 50.716506974826274], [-3.287440791071649, 50.71619368466751], [-3.2837211281071146, 50.711147894346155], [-3.290479989603254, 50.71164999473817], [-3.290379989602572, 50.71292999473915], [-3.2920099896034496, 50.713199994739334], [-3.292729989603484, 50.71404999473998], [-3.293557806903947, 50.71427024097442], [-3.293238543936179, 50.715285240518654]]]}}, {"type": "Feature", "properties": {"type": "postcode-cell", "postcode": "EX11 1LU", "postcodes": ["EX11 1LU"]}, "geometry": {"type": "Polygon", "coordinates": [[[-3.2919428880836454, 50.78103675461684], [-3.291167434992669, 50.77435399530262], [-3.291861975561747, 50.77251319055907], [-3.292016249667551, 50.772452130207306], [-3.297488618081692, 50.77189017812602], [-3.2981199895783075, 50.773019994786054], [-3.299229989578637, 50.77376999478662], [-3.300169989575984, 50.780479994791875], [-3.3019499895762965, 50.782129994793145], [-3.299779989574673, 50.782689994793614], [-3.2935463298582635, 50.78305996737895], [-3.2919428880836454, 50.78103675461684]]]}}, {"type": "Feature", "properties": {"type": "postcode-cell", "postcode": "EX11 1LP", "postcodes": ["EX11 1LP"]}, "geometry": {"type": "Polygon", "coordinates": [[[-3.292041375143018, 50.77042003948387], [-3.2924942475091936, 50.7676972923164], [-3.2936079292434473, 50.76603220583024], [-3.295800214784555, 50.765065760128785], [-3.2981735815969393, 50.76436086506359], [-3.3013580750156297, 50.76366989319532], [-3.3040241379963553, 50.76345738035035], [-3.3048994631431983, 50.7655475082019], [-3.299129989582032, 50.766609994781], [-3.2973899895808416, 50.76682999478118], [-3.2944499895791197, 50.766609994781064], [-3.296439989579439, 50.76850999478254], [-3.2962199895782147, 50.77075999478431], [-3.2973599895784895, 50.77165999478499], [-3.297488618081692, 50.77189017812602], [-3.292016249667551, 50.772452130207306], [-3.292041375143018, 50.77042003948387]]]}}, {"type": "Feature", "properties": {"type": "postcode-cell", "postcode": "EX11 1ND", "postcodes": ["EX11 1ND"]}, "geometry": {"type": "Polygon", "coordinates": [[[-3.292016249667551, 50.772452130207306], [-3.291861975561747, 50.77251319055907], [-3.286565228135874, 50.77100982037625], [-3.284936705853098, 50.76810795049611], [-3.2884385368472087, 50.765849250851474], [-3.292041375143018, 50.77042003948387], [-3.292016249667551, 50.772452130207306]]]}}, {"type": "Feature", "properties": {"type": "postcode-cell", "postcode": "EX11 1RW", "postcodes": ["EX11 1RW"]}, "geometry": {"type": "Polygon", "coordinates": [[[-3.2900261651532863, 50.72370111117591], [-3.289376124795586, 50.72106645956827], [-3.2893985690556002, 50.720983930269846], [-3.2898183290582175, 50.72059233256829], [-3.2910136416055673, 50.719755020087625], [-3.2934540853409042, 50.71956903304882], [-3.29732039737779, 50.72284372502585], [-3.290338215339539, 50.72445750293403], [-3.2900261651532863, 50.72370111117591]]]}}, {"type": "Feature", "properties": {"type": "postcode-cell", "postcode": "EX10 0JT", "postcodes": ["EX10 0JT"]}, "geometry": {"type": "Polygon", "coordinates": [[[-3.290338215339539, 50.72445750293403], [-3.2902263710966437, 50.724590999033914], [-3.289720575590216, 50.72498828029374], [-3.2797833605106774, 50.72248131402245], [-3.280008250325431, 50.7220726898263], [-3.2834894734568336, 50.72116521666453], [-3.2900261651532863, 50.72370111117591], [-3.290338215339539, 50.72445750293403]]]}}, {"type": "Feature", "properties": {"type": "postcode-cell", "postcode": "EX11 1RL", "postcodes": ["EX11 1RL"]}, "geometry": {"type": "Polygon", "coordinates": [[[-3.301997012974009, 50.729201958027446], [-3.2877114962097687, 50.72873186256064], [-3.289720575590216, 50.72498828029374], [-3.2902263710966437, 50.724590999033914], [-3.301997012974009, 50.729201958027446]]]}}, {"type": "Feature", "properties": {"type": "postcode-cell", "postcode": "EX11 1QU", "postcodes": ["EX11 1QU"]}, "geometry": {"type": "Polygon", "coordinates": [[[-3.3051813975792714, 50.76008383098685], [-3.304657208737583, 50.76099737446552], [-3.299168625436469, 50.76075634227895], [-3.2941063416258527, 50.75965666277997], [-3.295038902673424, 50.758376686785525], [-3.3051813975792714, 50.76008383098685]]]}}, {"type": "Feature", "properties": {"type": "postcode-cell", "postcode": "EX11 1JS", "postcodes": ["EX11 1JS"]}, "geometry": {"type": "Polygon", "coordinates": [[[-3.3013492522757155, 50.74550814798281], [-3.297385533579655, 50.74640649688689], [-3.29067289649453, 50.74562184121217], [-3.291225396841734, 50.744017170259816], [-3.292548812669469, 50.74345946076295], [-3.302799479433554, 50.74332853217707], [-3.3013492522757155, 50.74550814798281]]]}}, {"type": "Feature", "properties": {"type": "postcode-cell", "postcode": "EX11 1WH", "postcodes": ["EX11 1WH"]}, "geometry": {"type": "Polygon", "coordinates": [[[-3.30284308327603, 50.7538829031456], [-3.2941602767967377, 50.75470187327241], [-3.293827145404425, 50.754158226225655], [-3.2942976244275286, 50.75060571339807], [-3.29436628774175, 50.750562718455775], [-3.295057497098164, 50.75050947131644], [-3.301421832991164, 50.75063179596276], [-3.30284308327603, 50.7538829031456]]]}}, {"type": "Feature", "properties": {"type": "postcode-cell", "postcode": "EX11 1RB", "postcodes": ["EX11 1RB"]}, "geometry": {"type": "Polygon", "coordinates": [[[-3.301421832991164, 50.75063179596276], [-3.295057497098164, 50.75050947131644], [-3.2941711163149243, 50.74854918687033], [-3.2947677217233733, 50.747684089348155], [-3.2967117627938696, 50.74666576948333], [-3.297385533579655, 50.74640649688689], [-3.3013492522757155, 50.74550814798281], [-3.301421832991164, 50.75063179596276]]]}}, {"type": "Feature", "properties": {"type": "postcode-cell", "postcode": "EX11 1ST", "postcodes": ["EX11 1ST"]}, "geometry": {"type": "Polygon", "coordinates": [[[-3.2974112757269007, 50.7193242085374], [-3.293474099906829, 50.71955858832252], [-3.295047724263128, 50.71728918359196], [-3.2973040325911533, 50.71864802345427], [-3.2974112757269007, 50.7193242085374]]]}}, {"type": "Feature", "properties": {"type": "postcode-cell", "postcode": "EX11 1NH", "postcodes": ["EX11 1NH"]}, "geometry": {"type": "Polygon", "coordinates": [[[-3.295800214784555, 50.765065760128785], [-3.293916311397212, 50.76422115638035], [-3.2935763852211664, 50.763637640851414], [-3.2981735815969393, 50.76436086506359], [-3.295800214784555, 50.765065760128785]]]}}, {"type": "Feature", "properties": {"type": "postcode-cell", "postcode": "EX10 0AG", "postcodes": ["EX10 0AG"]}, "geometry": {"type": "Polygon", "coordinates": [[[-3.293411904643027, 50.715477272686634], [-3.293349989603172, 50.71548999474111], [-3.2929299896023116, 50.71672999474207], [-3.293889989602615, 50.71732999474253], [-3.2948474660917237, 50.717067377074706], [-3.295047724263128, 50.71728918359196], [-3.293474099906829, 50.71955858832252], [-3.2934540853409042, 50.71956903304882], [-3.2910136416055673, 50.719755020087625], [-3.2921122750520992, 50.716097223108925], [-3.293238543936179, 50.715285240518654], [-3.293411904643027, 50.715477272686634]]]}}, {"type": "Feature", "properties": {"type": "postcode-cell", "postcode": "EX11 1QZ", "postcodes": ["EX11 1QZ"]}, "geometry": {"type": "Polygon", "coordinates": [[[-3.293537763449546, 50.75382797193441], [-3.2927500849883105, 50.75176347419609], [-3.2927871948031595, 50.75105738063923], [-3.2942976244275286, 50.75060571339807], [-3.293827145404425, 50.754158226225655], [-3.293537763449546, 50.75382797193441]]]}}, {"type": "Feature", "properties": {"type": "postcode-cell", "postcode": "EX11 1GU", "postcodes": ["EX11 1GU"]}, "geometry": {"type": "Polygon", "coordinates": [[[-3.293827145404425, 50.754158226225655], [-3.2941602767967377, 50.75470187327241], [-3.291595853631439, 50.75589607107158], [-3.2896181395795305, 50.756290950098425], [-3.287676416665998, 50.75262382368469], [-3.290019621160667, 50.75215572777996], [-3.291193595613727, 50.75228103103027], [-3.293537763449546, 50.75382797193441], [-3.293827145404425, 50.754158226225655]]]}}, {"type": "Feature", "properties": {"type": "postcode-cell", "postcode": "EX11 1NN", "postcodes": ["EX11 1NN"]}, "geometry": {"type": "Polygon", "coordinates": [[[-3.3040241379963553, 50.76345738035035], [-3.3013580750156297, 50.76366989319532], [-3.294216954409221, 50.76251746168183], [-3.2939186653830284, 50.761316337729916], [-3.296083003236673, 50.76093895997688], [-3.299168625436469, 50.76075634227895], [-3.304657208737583, 50.76099737446552], [-3.3040241379963553, 50.76345738035035]]]}}, {"type": "Feature", "properties": {"type": "postcode-cell", "postcode": "EX11 1FU", "postcodes": ["EX11 1FU"]}, "geometry": {"type": "Polygon", "coordinates": [[[-3.2941711163149243, 50.74854918687033], [-3.2930682776996987, 50.74957226109787], [-3.292658489800181, 50.749562935916146], [-3.292199201488512, 50.74829481462813], [-3.2933001406484177, 50.747927278630314], [-3.2947677217233733, 50.747684089348155], [-3.2941711163149243, 50.74854918687033]]]}}, {"type": "Feature", "properties": {"type": "postcode-cell", "postcode": "EX10 0AA", "postcodes": ["EX10 0AA"]}, "geometry": {"type": "Polygon", "coordinates": [[[-3.2893985690556002, 50.720983930269846], [-3.288669793293606, 50.720334692456504], [-3.2881188058758126, 50.71936623350861], [-3.2881678382382478, 50.71904174287291], [-3.2884227001684603, 50.718090055922964], [-3.2889695277630966, 50.717874435380914], [-3.2898183290582175, 50.72059233256829], [-3.2893985690556002, 50.720983930269846]]]}}, {"type": "Feature", "properties": {"type": "postcode-cell", "postcode": "EX11 1NJ", "postcodes": ["EX11 1NJ"]}, "geometry": {"type": "Polygon", "coordinates": [[[-3.3013580750156297, 50.76366989319532], [-3.2981735815969393, 50.76436086506359], [-3.2935763852211664, 50.763637640851414], [-3.2924822042777984, 50.76311127568782], [-3.294216954409221, 50.76251746168183], [-3.3013580750156297, 50.76366989319532]]]}}, {"type": "Feature", "properties": {"type": "postcode-cell", "postcode": "EX11 1RD", "postcodes": ["EX11 1RD"]}, "geometry": {"type": "Polygon", "coordinates": [[[-3.29436628774175, 50.750562718455775], [-3.2930682776996987, 50.74957226109787], [-3.2941711163149243, 50.74854918687033], [-3.295057497098164, 50.75050947131644], [-3.29436628774175, 50.750562718455775]]]}}, {"type": "Feature", "properties": {"type": "postcode-cell", "postcode": "EX11 1QX", "postcodes": ["EX11 1QX"]}, "geometry": {"type": "Polygon", "coordinates": [[[-3.299168625436469, 50.76075634227895], [-3.296083003236673, 50.76093895997688], [-3.293321163097203, 50.75995013110925], [-3.2941063416258527, 50.75965666277997], [-3.299168625436469, 50.76075634227895]]]}}, {"type": "Feature", "properties": {"type": "postcode-cell", "postcode": "EX11 1QT", "postcodes": ["EX11 1QT"]}, "geometry": {"type": "Polygon", "coordinates": [[[-3.293321163097203, 50.75995013110925], [-3.291781670291479, 50.760316053078064], [-3.284142231407208, 50.75974388497399], [-3.2841219730765663, 50.759735023675695], [-3.2896181395795305, 50.756290950098425], [-3.291595853631439, 50.75589607107158], [-3.295038902673424, 50.758376686785525], [-3.2941063416258527, 50.75965666277997], [-3.293321163097203, 50.75995013110925]]]}}, {"type": "Feature", "properties": {"type": "postcode-cell", "postcode": "EX11 1RQ", "postcodes": ["EX11 1RQ"]}, "geometry": {"type": "Polygon", "coordinates": [[[-3.302799479433554, 50.74332853217707], [-3.292548812669469, 50.74345946076295], [-3.2915677271292636, 50.742634947674894], [-3.291007851613916, 50.73578550890544], [-3.299892395554532, 50.73667924423585], [-3.3039461655254954, 50.7423674656602], [-3.302799479433554, 50.74332853217707]]]}}, {"type": "Feature", "properties": {"type": "postcode-cell", "postcode": "EX11 1NG", "postcodes": ["EX11 1NG"]}, "geometry": {"type": "Polygon", "coordinates": [[[-3.2935763852211664, 50.763637640851414], [-3.293916311397212, 50.76422115638035], [-3.292267425938365, 50.76458988581965], [-3.290571472976647, 50.76328361276937], [-3.2924822042777984, 50.76311127568782], [-3.2935763852211664, 50.763637640851414]]]}}, {"type": "Feature", "properties": {"type": "postcode-cell", "postcode": "EX11 1NW", "postcodes": ["EX11 1NW"]}, "geometry": {"type": "Polygon", "coordinates": [[[-3.2939186653830284, 50.761316337729916], [-3.291781670291479, 50.760316053078064], [-3.293321163097203, 50.75995013110925], [-3.296083003236673, 50.76093895997688], [-3.2939186653830284, 50.761316337729916]]]}}, {"type": "Feature", "properties": {"type": "postcode-cell", "postcode": "EX10 0AF", "postcodes": ["EX10 0AF"]}, "geometry": {"type": "Polygon", "coordinates": [[[-3.2921122750520992, 50.716097223108925], [-3.2910136416055673, 50.719755020087625], [-3.2898183290582175, 50.72059233256829], [-3.2889695277630966, 50.717874435380914], [-3.289169743127702, 50.7175195252015], [-3.290667328330006, 50.71647765234439], [-3.2921122750520992, 50.716097223108925]]]}}, {"type": "Feature", "properties": {"type": "postcode-cell", "postcode": "EX11 1RA", "postcodes": ["EX11 1RA"]}, "geometry": {"type": "Polygon", "coordinates": [[[-3.2942976244275286, 50.75060571339807], [-3.2927871948031595, 50.75105738063923], [-3.2926775825348327, 50.75102923204422], [-3.291924621184425, 50.75063336642119], [-3.2924428464521207, 50.74960271149232], [-3.292658489800181, 50.749562935916146], [-3.2930682776996987, 50.74957226109787], [-3.29436628774175, 50.750562718455775], [-3.2942976244275286, 50.75060571339807]]]}}, {"type": "Feature", "properties": {"type": "postcode-cell", "postcode": "EX11 1NL", "postcodes": ["EX11 1NL"]}, "geometry": {"type": "Polygon", "coordinates": [[[-3.294216954409221, 50.76251746168183], [-3.2924822042777984, 50.76311127568782], [-3.290571472976647, 50.76328361276937], [-3.288401504425573, 50.762848806042385], [-3.284142231407208, 50.75974388497399], [-3.291781670291479, 50.760316053078064], [-3.2939186653830284, 50.761316337729916], [-3.294216954409221, 50.76251746168183]]]}}, {"type": "Feature", "properties": {"type": "postcode-cell", "postcode": "EX11 1NQ", "postcodes": ["EX11 1NQ"]}, "geometry": {"type": "Polygon", "coordinates": [[[-3.2936079292434473, 50.76603220583024], [-3.292267425938365, 50.76458988581965], [-3.293916311397212, 50.76422115638035], [-3.295800214784555, 50.765065760128785], [-3.2936079292434473, 50.76603220583024]]]}}, {"type": "Feature", "properties": {"type": "postcode-cell", "postcode": "EX11 1QP", "postcodes": ["EX11 1QP"]}, "geometry": {"type": "Polygon", "coordinates": [[[-3.293537763449546, 50.75382797193441], [-3.291193595613727, 50.75228103103027], [-3.291316131714869, 50.75164504968519], [-3.2927500849883105, 50.75176347419609], [-3.293537763449546, 50.75382797193441]]]}}, {"type": "Feature", "properties": {"type": "postcode-cell", "postcode": "EX11 1NF", "postcodes": ["EX11 1NF"]}, "geometry": {"type": "Polygon", "coordinates": [[[-3.2936079292434473, 50.76603220583024], [-3.2924942475091936, 50.7676972923164], [-3.288609941901842, 50.76400776419859], [-3.2885837003951295, 50.7639511920556], [-3.288401504425573, 50.762848806042385], [-3.290571472976647, 50.76328361276937], [-3.292267425938365, 50.76458988581965], [-3.2936079292434473, 50.76603220583024]]]}}, {"type": "Feature", "properties": {"type": "postcode-cell", "postcode": "EX11 1GH", "postcodes": ["EX11 1GH"]}, "geometry": {"type": "Polygon", "coordinates": [[[-3.2947677217233733, 50.747684089348155], [-3.2933001406484177, 50.747927278630314], [-3.291709968421843, 50.74742160948628], [-3.2920752298584133, 50.7469021643795], [-3.2967117627938696, 50.74666576948333], [-3.2947677217233733, 50.747684089348155]]]}}, {"type": "Feature", "properties": {"type": "postcode-cell", "postcode": "EX11 1GY", "postcodes": ["EX11 1GY"]}, "geometry": {"type": "Polygon", "coordinates": [[[-3.291193595613727, 50.75228103103027], [-3.290019621160667, 50.75215572777996], [-3.290635119368344, 50.751156140560546], [-3.2912588296467393, 50.7515208330642], [-3.291316131714869, 50.75164504968519], [-3.291193595613727, 50.75228103103027]]]}}, {"type": "Feature", "properties": {"type": "postcode-cell", "postcode": "EX11 1ES", "postcodes": ["EX11 1ES"]}, "geometry": {"type": "Polygon", "coordinates": [[[-3.2927500849883105, 50.75176347419609], [-3.291316131714869, 50.75164504968519], [-3.2912588296467393, 50.7515208330642], [-3.2926775825348327, 50.75102923204422], [-3.2927871948031595, 50.75105738063923], [-3.2927500849883105, 50.75176347419609]]]}}, {"type": "Feature", "properties": {"type": "postcode-cell", "postcode": "EX11 1FX", "postcodes": ["EX11 1FX"]}, "geometry": {"type": "Polygon", "coordinates": [[[-3.292658489800181, 50.749562935916146], [-3.2924428464521207, 50.74960271149232], [-3.291790680064661, 50.74950383967571], [-3.2916705282603607, 50.748325769826735], [-3.292199201488512, 50.74829481462813], [-3.292658489800181, 50.749562935916146]]]}}, {"type": "Feature", "properties": {"type": "postcode-cell", "postcode": "EX11 1GJ", "postcodes": ["EX11 1GJ"]}, "geometry": {"type": "Polygon", "coordinates": [[[-3.297385533579655, 50.74640649688689], [-3.2967117627938696, 50.74666576948333], [-3.2920752298584133, 50.7469021643795], [-3.2907357862657727, 50.74647226666879], [-3.290162152431146, 50.74593386285782], [-3.29067289649453, 50.74562184121217], [-3.297385533579655, 50.74640649688689]]]}}, {"type": "Feature", "properties": {"type": "postcode-cell", "postcode": "EX11 1LD", "postcodes": ["EX11 1LD"]}, "geometry": {"type": "Polygon", "coordinates": [[[-3.291007851613916, 50.73578550890544], [-3.2915677271292636, 50.742634947674894], [-3.2821804790515703, 50.74044978915974], [-3.282376845273852, 50.739960613600566], [-3.2883354304768786, 50.73536144435315], [-3.291007851613916, 50.73578550890544]]]}}, {"type": "Feature", "properties": {"type": "postcode-cell", "postcode": "EX11 1FQ", "postcodes": ["EX11 1FQ"]}, "geometry": {"type": "Polygon", "coordinates": [[[-3.2920752298584133, 50.7469021643795], [-3.291709968421843, 50.74742160948628], [-3.290965584297344, 50.7476036210926], [-3.2907357862657727, 50.74647226666879], [-3.2920752298584133, 50.7469021643795]]]}}, {"type": "Feature", "properties": {"type": "postcode-cell", "postcode": "EX10 0AE", "postcodes": ["EX10 0AE"]}, "geometry": {"type": "Polygon", "coordinates": [[[-3.2881188058758126, 50.71936623350861], [-3.286814135822656, 50.71796785477071], [-3.2868359023740377, 50.71789649209795], [-3.288014915591487, 50.718089260333784], [-3.2881678382382478, 50.71904174287291], [-3.2881188058758126, 50.71936623350861]]]}}, {"type": "Feature", "properties": {"type": "postcode-cell", "postcode": "EX11 1GE", "postcodes": ["EX11 1GE"]}, "geometry": {"type": "Polygon", "coordinates": [[[-3.292199201488512, 50.74829481462813], [-3.2916705282603607, 50.748325769826735], [-3.2912529112765636, 50.748266361231195], [-3.290754313664416, 50.74790265103756], [-3.290965584297344, 50.7476036210926], [-3.291709968421843, 50.74742160948628], [-3.2933001406484177, 50.747927278630314], [-3.292199201488512, 50.74829481462813]]]}}, {"type": "Feature", "properties": {"type": "postcode-cell", "postcode": "EX11 1RH", "postcodes": ["EX11 1RH"]}, "geometry": {"type": "Polygon", "coordinates": [[[-3.292548812669469, 50.74345946076295], [-3.291225396841734, 50.744017170259816], [-3.282483406273668, 50.74270693984949], [-3.2813910301849263, 50.74200327014078], [-3.281322783468829, 50.74194846537282], [-3.2821804790515703, 50.74044978915974], [-3.2915677271292636, 50.742634947674894], [-3.292548812669469, 50.74345946076295]]]}}, {"type": "Feature", "properties": {"type": "postcode-cell", "postcode": "EX11 1GD", "postcodes": ["EX11 1GD"]}, "geometry": {"type": "Polygon", "coordinates": [[[-3.2907357862657727, 50.74647226666879], [-3.290965584297344, 50.7476036210926], [-3.290754313664416, 50.74790265103756], [-3.2893682388468233, 50.74792374974288], [-3.2889701483891054, 50.747722163000475], [-3.2886028029283954, 50.74614779921193], [-3.290162152431146, 50.74593386285782], [-3.2907357862657727, 50.74647226666879]]]}}, {"type": "Feature", "properties": {"type": "postcode-cell", "postcode": "EX11 1DN", "postcodes": ["EX11 1DN"]}, "geometry": {"type": "Polygon", "coordinates": [[[-3.291924621184425, 50.75063336642119], [-3.2911765482133353, 50.75063364995009], [-3.2905188683286286, 50.74957401751758], [-3.291790680064661, 50.74950383967571], [-3.2924428464521207, 50.74960271149232], [-3.291924621184425, 50.75063336642119]]]}}, {"type": "Feature", "properties": {"type": "postcode-cell", "postcode": "EX11 1ER", "postcodes": ["EX11 1ER"]}, "geometry": {"type": "Polygon", "coordinates": [[[-3.2926775825348327, 50.75102923204422], [-3.2912588296467393, 50.7515208330642], [-3.290635119368344, 50.751156140560546], [-3.2905741265037802, 50.75105311669022], [-3.2911765482133353, 50.75063364995009], [-3.291924621184425, 50.75063336642119], [-3.2926775825348327, 50.75102923204422]]]}}, {"type": "Feature", "properties": {"type": "postcode-cell", "postcode": "EX11 1FY", "postcodes": ["EX11 1FY"]}, "geometry": {"type": "Polygon", "coordinates": [[[-3.2916705282603607, 50.748325769826735], [-3.291790680064661, 50.74950383967571], [-3.2905188683286286, 50.74957401751758], [-3.290265258245787, 50.74949706570058], [-3.2912529112765636, 50.748266361231195], [-3.2916705282603607, 50.748325769826735]]]}}, {"type": "Feature", "properties": {"type": "postcode-cell", "postcode": "EX11 1GB", "postcodes": ["EX11 1GB"]}, "geometry": {"type": "Polygon", "coordinates": [[[-3.290265258245787, 50.74949706570058], [-3.28958382372957, 50.74949839633828], [-3.2894646480053074, 50.74941773675496], [-3.2893682388468233, 50.74792374974288], [-3.290754313664416, 50.74790265103756], [-3.2912529112765636, 50.748266361231195], [-3.290265258245787, 50.74949706570058]]]}}, {"type": "Feature", "properties": {"type": "postcode-cell", "postcode": "EX11 1GZ", "postcodes": ["EX11 1GZ"]}, "geometry": {"type": "Polygon", "coordinates": [[[-3.2905188683286286, 50.74957401751758], [-3.2911765482133353, 50.75063364995009], [-3.2905741265037802, 50.75105311669022], [-3.2888011182723114, 50.75081462593303], [-3.28958382372957, 50.74949839633828], [-3.290265258245787, 50.74949706570058], [-3.2905188683286286, 50.74957401751758]]]}}, {"type": "Feature", "properties": {"type": "postcode-cell", "postcode": "EX11 1GP", "postcodes": ["EX11 1GP"]}, "geometry": {"type": "Polygon", "coordinates": [[[-3.287411992009931, 50.75240748259495], [-3.2858585570661565, 50.75247836283893], [-3.2854289737141653, 50.75238896077708], [-3.2845385186199425, 50.75095031376604], [-3.285019018757874, 50.75072102877029], [-3.2866544736579684, 50.75058396484958], [-3.287576542364623, 50.75135969603002], [-3.287411992009931, 50.75240748259495]]]}}, {"type": "Feature", "properties": {"type": "postcode-cell", "postcode": "EX11 1GX", "postcodes": ["EX11 1GX"]}, "geometry": {"type": "Polygon", "coordinates": [[[-3.287576542364623, 50.75135969603002], [-3.2888011182723114, 50.75081462593303], [-3.2905741265037802, 50.75105311669022], [-3.290635119368344, 50.751156140560546], [-3.290019621160667, 50.75215572777996], [-3.287676416665998, 50.75262382368469], [-3.287411992009931, 50.75240748259495], [-3.287576542364623, 50.75135969603002]]]}}, {"type": "Feature", "properties": {"type": "postcode-cell", "postcode": "EX11 1NE", "postcodes": ["EX11 1NE"]}, "geometry": {"type": "Polygon", "coordinates": [[[-3.292041375143018, 50.77042003948387], [-3.2884385368472087, 50.765849250851474], [-3.288609941901842, 50.76400776419859], [-3.2924942475091936, 50.7676972923164], [-3.292041375143018, 50.77042003948387]]]}}, {"type": "Feature", "properties": {"type": "postcode-cell", "postcode": "EX11 1RG", "postcodes": ["EX11 1RG"]}, "geometry": {"type": "Polygon", "coordinates": [[[-3.290162152431146, 50.74593386285782], [-3.2886028029283954, 50.74614779921193], [-3.285058912571406, 50.74520128059286], [-3.282483406273668, 50.74270693984949], [-3.291225396841734, 50.744017170259816], [-3.29067289649453, 50.74562184121217], [-3.290162152431146, 50.74593386285782]]]}}, {"type": "Feature", "properties": {"type": "postcode-cell", "postcode": "EX11 1NB", "postcodes": ["EX11 1NB"]}, "geometry": {"type": "Polygon", "coordinates": [[[-3.2884385368472087, 50.765849250851474], [-3.284936705853098, 50.76810795049611], [-3.284858029792776, 50.76801048937164], [-3.2885837003951295, 50.7639511920556], [-3.288609941901842, 50.76400776419859], [-3.2884385368472087, 50.765849250851474]]]}}, {"type": "Feature", "properties": {"type": "postcode-cell", "postcode": "EX10 0AD", "postcodes": ["EX10 0AD"]}, "geometry": {"type": "Polygon", "coordinates": [[[-3.2889695277630966, 50.717874435380914], [-3.2884227001684603, 50.718090055922964], [-3.288014915591487, 50.718089260333784], [-3.2868359023740377, 50.71789649209795], [-3.286810141484042, 50.7176849166172], [-3.289169743127702, 50.7175195252015], [-3.2889695277630966, 50.717874435380914]]]}}, {"type": "Feature", "properties": {"type": "postcode-cell", "postcode": "EX10 0AW", "postcodes": ["EX10 0AW"]}, "geometry": {"type": "Polygon", "coordinates": [[[-3.288669793293606, 50.720334692456504], [-3.285522448600684, 50.71887422982484], [-3.285504893147361, 50.71878742440665], [-3.286814135822656, 50.71796785477071], [-3.2881188058758126, 50.71936623350861], [-3.288669793293606, 50.720334692456504]]]}}, {"type": "Feature", "properties": {"type": "postcode-cell", "postcode": "EX11 1NR", "postcodes": ["EX11 1NR"]}, "geometry": {"type": "Polygon", "coordinates": [[[-3.28958382372957, 50.74949839633828], [-3.2888011182723114, 50.75081462593303], [-3.287576542364623, 50.75135969603002], [-3.2866544736579684, 50.75058396484958], [-3.2865687608744842, 50.75019839562348], [-3.2867378382644206, 50.74971297065054], [-3.287761272431486, 50.74917700263844], [-3.2894646480053074, 50.74941773675496], [-3.28958382372957, 50.74949839633828]]]}}, {"type": "Feature", "properties": {"type": "postcode-cell", "postcode": "EX11 1RE", "postcodes": ["EX11 1RE"]}, "geometry": {"type": "Polygon", "coordinates": [[[-3.2893682388468233, 50.74792374974288], [-3.2894646480053074, 50.74941773675496], [-3.287761272431486, 50.74917700263844], [-3.2874751049880206, 50.74825960015021], [-3.2889701483891054, 50.747722163000475], [-3.2893682388468233, 50.74792374974288]]]}}, {"type": "Feature", "properties": {"type": "postcode-cell", "postcode": "EX10 0AP", "postcodes": ["EX10 0AP"]}, "geometry": {"type": "Polygon", "coordinates": [[[-3.2893985690556002, 50.720983930269846], [-3.289376124795586, 50.72106645956827], [-3.2847422179776817, 50.720384672412], [-3.2844777562512975, 50.719850711617774], [-3.284495671696818, 50.71975448575946], [-3.285522448600684, 50.71887422982484], [-3.288669793293606, 50.720334692456504], [-3.2893985690556002, 50.720983930269846]]]}}, {"type": "Feature", "properties": {"type": "postcode-cell", "postcode": "EX11 1NA", "postcodes": ["EX11 1NA"]}, "geometry": {"type": "Polygon", "coordinates": [[[-3.2885837003951295, 50.7639511920556], [-3.284858029792776, 50.76801048937164], [-3.284192853225919, 50.76743226792084], [-3.282207538319885, 50.76100639601065], [-3.2840548440790087, 50.7597368898633], [-3.2841219730765663, 50.759735023675695], [-3.284142231407208, 50.75974388497399], [-3.288401504425573, 50.762848806042385], [-3.2885837003951295, 50.7639511920556]]]}}, {"type": "Feature", "properties": {"type": "postcode-cell", "postcode": "EX10 0AB", "postcodes": ["EX10 0AB"]}, "geometry": {"type": "Polygon", "coordinates": [[[-3.288014915591487, 50.718089260333784], [-3.2884227001684603, 50.718090055922964], [-3.2881678382382478, 50.71904174287291], [-3.288014915591487, 50.718089260333784]]]}}, {"type": "Feature", "properties": {"type": "postcode-cell", "postcode": "EX10 0JU", "postcodes": ["EX10 0JU"]}, "geometry": {"type": "Polygon", "coordinates": [[[-3.2900261651532863, 50.72370111117591], [-3.2834894734568336, 50.72116521666453], [-3.2847422179776817, 50.720384672412], [-3.289376124795586, 50.72106645956827], [-3.2900261651532863, 50.72370111117591]]]}}, {"type": "Feature", "properties": {"type": "postcode-cell", "postcode": "EX10 0AY", "postcodes": ["EX10 0AY"]}, "geometry": {"type": "Polygon", "coordinates": [[[-3.289169743127702, 50.7175195252015], [-3.286810141484042, 50.7176849166172], [-3.286715217815329, 50.71754932438684], [-3.288684930448204, 50.716506974826274], [-3.290667328330006, 50.71647765234439], [-3.289169743127702, 50.7175195252015]]]}}, {"type": "Feature", "properties": {"type": "postcode-cell", "postcode": "EX11 1AN", "postcodes": ["EX11 1AN"]}, "geometry": {"type": "Polygon", "coordinates": [[[-3.2856383877214737, 50.748674552188305], [-3.284441700733839, 50.74887424518776], [-3.283863929808996, 50.74787547353907], [-3.2850756304022233, 50.747034858407524], [-3.2858408491363282, 50.747859999495304], [-3.2856383877214737, 50.748674552188305]]]}}, {"type": "Feature", "properties": {"type": "postcode-cell", "postcode": "EX11 1AH", "postcodes": ["EX11 1AH"]}, "geometry": {"type": "Polygon", "coordinates": [[[-3.2858408491363282, 50.747859999495304], [-3.2874751049880206, 50.74825960015021], [-3.287761272431486, 50.74917700263844], [-3.2867378382644206, 50.74971297065054], [-3.285697980251097, 50.748893369935416], [-3.2856383877214737, 50.748674552188305], [-3.2858408491363282, 50.747859999495304]]]}}, {"type": "Feature", "properties": {"type": "postcode-cell", "postcode": "EX10 0AL", "postcodes": ["EX10 0AL"]}, "geometry": {"type": "Polygon", "coordinates": [[[-3.286715217815329, 50.71754932438684], [-3.286666719154333, 50.71752132613548], [-3.2867744581989826, 50.716543005377936], [-3.287440791071649, 50.71619368466751], [-3.288684930448204, 50.716506974826274], [-3.286715217815329, 50.71754932438684]]]}}, {"type": "Feature", "properties": {"type": "postcode-cell", "postcode": "EX10 0JS", "postcodes": ["EX10 0JS"]}, "geometry": {"type": "Polygon", "coordinates": [[[-3.280537790433115, 50.71460416554012], [-3.2798436615628277, 50.71542039403284], [-3.275176125350183, 50.7171355842688], [-3.2692060703269332, 50.71806597944378], [-3.2660175651041596, 50.71092472989395], [-3.2668499895891236, 50.71061999473774], [-3.2690799895913254, 50.70892999473641], [-3.2703099895917447, 50.70962999473692], [-3.2703899895915374, 50.71015999473733], [-3.2712599895919494, 50.710419994737535], [-3.272639989592948, 50.710119994737255], [-3.274469989593916, 50.71045999473751], [-3.2821149457658745, 50.71102851543217], [-3.280537790433115, 50.71460416554012]]]}}, {"type": "Feature", "properties": {"type": "postcode-cell", "postcode": "EX11 1RF", "postcodes": ["EX11 1RF"]}, "geometry": {"type": "Polygon", "coordinates": [[[-3.2874751049880206, 50.74825960015021], [-3.2858408491363282, 50.747859999495304], [-3.2850756304022233, 50.747034858407524], [-3.285058912571406, 50.74520128059286], [-3.2886028029283954, 50.74614779921193], [-3.2889701483891054, 50.747722163000475], [-3.2874751049880206, 50.74825960015021]]]}}, {"type": "Feature", "properties": {"type": "postcode-cell", "postcode": "EX10 0AN", "postcodes": ["EX10 0AN"]}, "geometry": {"type": "Polygon", "coordinates": [[[-3.286810141484042, 50.7176849166172], [-3.2868359023740377, 50.71789649209795], [-3.286814135822656, 50.71796785477071], [-3.285504893147361, 50.71878742440665], [-3.2845576884033156, 50.718295300683515], [-3.285874573580195, 50.71736576917785], [-3.286666719154333, 50.71752132613548], [-3.286715217815329, 50.71754932438684], [-3.286810141484042, 50.7176849166172]]]}}, {"type": "Feature", "properties": {"type": "postcode-cell", "postcode": "EX10 0BA", "postcodes": ["EX10 0BA"]}, "geometry": {"type": "Polygon", "coordinates": [[[-3.286666719154333, 50.71752132613548], [-3.285874573580195, 50.71736576917785], [-3.2824224917595917, 50.71543917963272], [-3.2867744581989826, 50.716543005377936], [-3.286666719154333, 50.71752132613548]]]}}, {"type": "Feature", "properties": {"type": "postcode-cell", "postcode": "EX11 1GQ", "postcodes": ["EX11 1GQ"]}, "geometry": {"type": "Polygon", "coordinates": [[[-3.2865687608744842, 50.75019839562348], [-3.285103415464351, 50.74981758565149], [-3.2849551000386157, 50.74935281819949], [-3.285697980251097, 50.748893369935416], [-3.2867378382644206, 50.74971297065054], [-3.2865687608744842, 50.75019839562348]]]}}, {"type": "Feature", "properties": {"type": "postcode-cell", "postcode": "EX11 1LX", "postcodes": ["EX11 1LX"]}, "geometry": {"type": "Polygon", "coordinates": [[[-3.284936705853098, 50.76810795049611], [-3.286565228135874, 50.77100982037625], [-3.2760461809291774, 50.771970673479025], [-3.2709475504493852, 50.76954419014924], [-3.2712694369096638, 50.76912930643331], [-3.275330216513528, 50.76683496732946], [-3.284192853225919, 50.76743226792084], [-3.284858029792776, 50.76801048937164], [-3.284936705853098, 50.76810795049611]]]}}, {"type": "Feature", "properties": {"type": "postcode-cell", "postcode": "EX14 3AZ", "postcodes": ["EX14 3AZ"]}, "geometry": {"type": "Polygon", "coordinates": [[[-3.291167434992669, 50.77435399530262], [-3.2776501749485307, 50.777794192839295], [-3.2760461809291774, 50.771970673479025], [-3.286565228135874, 50.77100982037625], [-3.291861975561747, 50.77251319055907], [-3.291167434992669, 50.77435399530262]]]}}, {"type": "Feature", "properties": {"type": "postcode-cell", "postcode": "EX10 0JX", "postcodes": ["EX10 0JX"]}, "geometry": {"type": "Polygon", "coordinates": [[[-3.2877114962097687, 50.72873186256064], [-3.285691400432531, 50.73059337046212], [-3.2811743445688237, 50.72943481307769], [-3.2759743615706753, 50.72450877562691], [-3.2797833605106774, 50.72248131402245], [-3.289720575590216, 50.72498828029374], [-3.2877114962097687, 50.72873186256064]]]}}, {"type": "Feature", "properties": {"type": "postcode-cell", "postcode": "EX10 0TE", "postcodes": ["EX10 0TE"]}, "geometry": {"type": "Polygon", "coordinates": [[[-3.2867744581989826, 50.716543005377936], [-3.2824224917595917, 50.71543917963272], [-3.280537790433115, 50.71460416554012], [-3.2821149457658745, 50.71102851543217], [-3.2837211281071146, 50.711147894346155], [-3.287440791071649, 50.71619368466751], [-3.2867744581989826, 50.716543005377936]]]}}, {"type": "Feature", "properties": {"type": "postcode-cell", "postcode": "EX10 0FF", "postcodes": ["EX10 0FF"]}, "geometry": {"type": "Polygon", "coordinates": [[[-3.2824224917595917, 50.71543917963272], [-3.285874573580195, 50.71736576917785], [-3.2845576884033156, 50.718295300683515], [-3.2821602430106216, 50.71786817744922], [-3.281710344880756, 50.71771190588924], [-3.2812942335488358, 50.717511649613755], [-3.2798436615628277, 50.71542039403284], [-3.280537790433115, 50.71460416554012], [-3.2824224917595917, 50.71543917963272]]]}}, {"type": "Feature", "properties": {"type": "postcode-cell", "postcode": "EX11 1QS", "postcodes": ["EX11 1QS"]}, "geometry": {"type": "Polygon", "coordinates": [[[-3.287676416665998, 50.75262382368469], [-3.2896181395795305, 50.756290950098425], [-3.2841219730765663, 50.759735023675695], [-3.2840548440790087, 50.7597368898633], [-3.2823168869689283, 50.75822734702736], [-3.281922439240018, 50.75636582323726], [-3.2858585570661565, 50.75247836283893], [-3.287411992009931, 50.75240748259495], [-3.287676416665998, 50.75262382368469]]]}}, {"type": "Feature", "properties": {"type": "postcode-cell", "postcode": "EX10 0AR", "postcodes": ["EX10 0AR"]}, "geometry": {"type": "Polygon", "coordinates": [[[-3.285522448600684, 50.71887422982484], [-3.284495671696818, 50.71975448575946], [-3.2821602430106216, 50.71786817744922], [-3.2845576884033156, 50.718295300683515], [-3.285504893147361, 50.71878742440665], [-3.285522448600684, 50.71887422982484]]]}}, {"type": "Feature", "properties": {"type": "postcode-cell", "postcode": "EX11 1BB", "postcodes": ["EX11 1BB"]}, "geometry": {"type": "Polygon", "coordinates": [[[-3.283863929808996, 50.74787547353907], [-3.2834708711494893, 50.74807264474058], [-3.2828376359464935, 50.74821153231963], [-3.282074548941349, 50.748194467543804], [-3.281676424813129, 50.747638931382426], [-3.2813910301849263, 50.74200327014078], [-3.282483406273668, 50.74270693984949], [-3.285058912571406, 50.74520128059286], [-3.2850756304022233, 50.747034858407524], [-3.283863929808996, 50.74787547353907]]]}}, {"type": "Feature", "properties": {"type": "postcode-cell", "postcode": "EX11 1GR", "postcodes": ["EX11 1GR"]}, "geometry": {"type": "Polygon", "coordinates": [[[-3.285697980251097, 50.748893369935416], [-3.2849551000386157, 50.74935281819949], [-3.2845350533478683, 50.74933126192424], [-3.2840750452438283, 50.74912735721539], [-3.284441700733839, 50.74887424518776], [-3.2856383877214737, 50.748674552188305], [-3.285697980251097, 50.748893369935416]]]}}, {"type": "Feature", "properties": {"type": "postcode-cell", "postcode": "EX14 3BN", "postcodes": ["EX14 3BN"]}, "geometry": {"type": "Polygon", "coordinates": [[[-3.2919428880836454, 50.78103675461684], [-3.2770642647645865, 50.77931187653556], [-3.2776501749485307, 50.777794192839295], [-3.291167434992669, 50.77435399530262], [-3.2919428880836454, 50.78103675461684]]]}}, {"type": "Feature", "properties": {"type": "postcode-cell", "postcode": "EX11 1QR", "postcodes": ["EX11 1QR"]}, "geometry": {"type": "Polygon", "coordinates": [[[-3.282973371666714, 50.7526047417951], [-3.2850278787400344, 50.75237241565177], [-3.2854289737141653, 50.75238896077708], [-3.2858585570661565, 50.75247836283893], [-3.281922439240018, 50.75636582323726], [-3.2811707939585597, 50.754672410178955], [-3.2819250289134825, 50.75310481305485], [-3.28271624916665, 50.752647026806045], [-3.282973371666714, 50.7526047417951]]]}}, {"type": "Feature", "properties": {"type": "postcode-cell", "postcode": "EX11 1EQ", "postcodes": ["EX11 1EQ"]}, "geometry": {"type": "Polygon", "coordinates": [[[-3.28271624916665, 50.752647026806045], [-3.2827695731890842, 50.751682524509285], [-3.2831544073975136, 50.751103921953835], [-3.283669529509641, 50.751134918359334], [-3.283899283814904, 50.75146556770527], [-3.282973371666714, 50.7526047417951], [-3.28271624916665, 50.752647026806045]]]}}, {"type": "Feature", "properties": {"type": "postcode-cell", "postcode": "EX10 0AT", "postcodes": ["EX10 0AT"]}, "geometry": {"type": "Polygon", "coordinates": [[[-3.2812942335488358, 50.717511649613755], [-3.280054272618803, 50.7218923372508], [-3.280004494866356, 50.7219932243982], [-3.275176125350183, 50.7171355842688], [-3.2798436615628277, 50.71542039403284], [-3.2812942335488358, 50.717511649613755]]]}}, {"type": "Feature", "properties": {"type": "postcode-cell", "postcode": "EX11 1GT", "postcodes": ["EX11 1GT"]}, "geometry": {"type": "Polygon", "coordinates": [[[-3.2866544736579684, 50.75058396484958], [-3.285019018757874, 50.75072102877029], [-3.2843253440280136, 50.750010906708454], [-3.285103415464351, 50.74981758565149], [-3.2865687608744842, 50.75019839562348], [-3.2866544736579684, 50.75058396484958]]]}}, {"type": "Feature", "properties": {"type": "postcode-cell", "postcode": "EX11 1AF", "postcodes": ["EX11 1AF"]}, "geometry": {"type": "Polygon", "coordinates": [[[-3.2845385186199425, 50.75095031376604], [-3.284267911185548, 50.75096394104533], [-3.2838728289912162, 50.750303145994664], [-3.2841603788115536, 50.749992517697244], [-3.284219035222407, 50.74999116650303], [-3.2843253440280136, 50.750010906708454], [-3.285019018757874, 50.75072102877029], [-3.2845385186199425, 50.75095031376604]]]}}, {"type": "Feature", "properties": {"type": "postcode-cell", "postcode": "EX10 0AZ", "postcodes": ["EX10 0AZ"]}, "geometry": {"type": "Polygon", "coordinates": [[[-3.2844777562512975, 50.719850711617774], [-3.2830350146999008, 50.719780946209056], [-3.281710344880756, 50.71771190588924], [-3.2821602430106216, 50.71786817744922], [-3.284495671696818, 50.71975448575946], [-3.2844777562512975, 50.719850711617774]]]}}, {"type": "Feature", "properties": {"type": "postcode-cell", "postcode": "EX11 1AL", "postcodes": ["EX11 1AL"]}, "geometry": {"type": "Polygon", "coordinates": [[[-3.2843253440280136, 50.750010906708454], [-3.284219035222407, 50.74999116650303], [-3.2845350533478683, 50.74933126192424], [-3.2849551000386157, 50.74935281819949], [-3.285103415464351, 50.74981758565149], [-3.2843253440280136, 50.750010906708454]]]}}, {"type": "Feature", "properties": {"type": "postcode-cell", "postcode": "EX10 0AS", "postcodes": ["EX10 0AS"]}, "geometry": {"type": "Polygon", "coordinates": [[[-3.2847422179776817, 50.720384672412], [-3.2834894734568336, 50.72116521666453], [-3.280008250325431, 50.7220726898263], [-3.280004494866356, 50.7219932243982], [-3.280054272618803, 50.7218923372508], [-3.2830350146999008, 50.719780946209056], [-3.2844777562512975, 50.719850711617774], [-3.2847422179776817, 50.720384672412]]]}}, {"type": "Feature", "properties": {"type": "postcode-cell", "postcode": "EX11 1XT", "postcodes": ["EX11 1XT"]}, "geometry": {"type": "Polygon", "coordinates": [[[-3.2854289737141653, 50.75238896077708], [-3.2850278787400344, 50.75237241565177], [-3.283899283814904, 50.75146556770527], [-3.283669529509641, 50.751134918359334], [-3.284267911185548, 50.75096394104533], [-3.2845385186199425, 50.75095031376604], [-3.2854289737141653, 50.75238896077708]]]}}, {"type": "Feature", "properties": {"type": "postcode-cell", "postcode": "EX11 1YA", "postcodes": ["EX11 1YA"]}, "geometry": {"type": "Polygon", "coordinates": [[[-3.283863929808996, 50.74787547353907], [-3.284441700733839, 50.74887424518776], [-3.2840750452438283, 50.74912735721539], [-3.283865137427435, 50.74913561732359], [-3.2834708711494893, 50.74807264474058], [-3.283863929808996, 50.74787547353907]]]}}, {"type": "Feature", "properties": {"type": "postcode-cell", "postcode": "EX11 1YD", "postcodes": ["EX11 1YD"]}, "geometry": {"type": "Polygon", "coordinates": [[[-3.2845350533478683, 50.74933126192424], [-3.284219035222407, 50.74999116650303], [-3.2841603788115536, 50.749992517697244], [-3.283358595465245, 50.749628337561994], [-3.28341886229074, 50.74935780842508], [-3.283865137427435, 50.74913561732359], [-3.2840750452438283, 50.74912735721539], [-3.2845350533478683, 50.74933126192424]]]}}, {"type": "Feature", "properties": {"type": "postcode-cell", "postcode": "EX11 1AQ", "postcodes": ["EX11 1AQ"]}, "geometry": {"type": "Polygon", "coordinates": [[[-3.2850278787400344, 50.75237241565177], [-3.282973371666714, 50.7526047417951], [-3.283899283814904, 50.75146556770527], [-3.2850278787400344, 50.75237241565177]]]}}, {"type": "Feature", "properties": {"type": "postcode-cell", "postcode": "EX11 1AJ", "postcodes": ["EX11 1AJ"]}, "geometry": {"type": "Polygon", "coordinates": [[[-3.283669529509641, 50.751134918359334], [-3.2831544073975136, 50.751103921953835], [-3.283049613381598, 50.751016122475946], [-3.283035742573512, 50.750521721421265], [-3.2838728289912162, 50.750303145994664], [-3.284267911185548, 50.75096394104533], [-3.283669529509641, 50.751134918359334]]]}}, {"type": "Feature", "properties": {"type": "postcode-cell", "postcode": "EX11 1RP", "postcodes": ["EX11 1RP"]}, "geometry": {"type": "Polygon", "coordinates": [[[-3.2813910301849263, 50.74200327014078], [-3.281676424813129, 50.747638931382426], [-3.2801930192653845, 50.74789688920759], [-3.280146058235064, 50.74788379551883], [-3.2795939326407555, 50.74384663396567], [-3.279834908548941, 50.74244615063428], [-3.281322783468829, 50.74194846537282], [-3.2813910301849263, 50.74200327014078]]]}}, {"type": "Feature", "properties": {"type": "postcode-cell", "postcode": "EX10 0AU", "postcodes": ["EX10 0AU"]}, "geometry": {"type": "Polygon", "coordinates": [[[-3.281710344880756, 50.71771190588924], [-3.2830350146999008, 50.719780946209056], [-3.280054272618803, 50.7218923372508], [-3.2812942335488358, 50.717511649613755], [-3.281710344880756, 50.71771190588924]]]}}, {"type": "Feature", "properties": {"type": "postcode-cell", "postcode": "EX11 1YB", "postcodes": ["EX11 1YB"]}, "geometry": {"type": "Polygon", "coordinates": [[[-3.2838728289912162, 50.750303145994664], [-3.283035742573512, 50.750521721421265], [-3.2829073550825605, 50.75038210935162], [-3.2829372302482325, 50.74982048512667], [-3.283358595465245, 50.749628337561994], [-3.2841603788115536, 50.749992517697244], [-3.2838728289912162, 50.750303145994664]]]}}, {"type": "Feature", "properties": {"type": "postcode-cell", "postcode": "EX11 1DL", "postcodes": ["EX11 1DL"]}, "geometry": {"type": "Polygon", "coordinates": [[[-3.2831544073975136, 50.751103921953835], [-3.2827695731890842, 50.751682524509285], [-3.2816629065674645, 50.75137408300593], [-3.2816778644702547, 50.751271843395884], [-3.2820477790816556, 50.75094100818328], [-3.283049613381598, 50.751016122475946], [-3.2831544073975136, 50.751103921953835]]]}}, {"type": "Feature", "properties": {"type": "postcode-cell", "postcode": "EX11 1NS", "postcodes": ["EX11 1NS"]}, "geometry": {"type": "Polygon", "coordinates": [[[-3.2840548440790087, 50.7597368898633], [-3.282207538319885, 50.76100639601065], [-3.2809701634754345, 50.761441217529715], [-3.278552816308571, 50.761281157459955], [-3.2715870804805607, 50.75887671658821], [-3.2734285753519954, 50.75771536187181], [-3.276600879295198, 50.757264694597744], [-3.279366608866686, 50.757470154884274], [-3.2823168869689283, 50.75822734702736], [-3.2840548440790087, 50.7597368898633]]]}}, {"type": "Feature", "properties": {"type": "postcode-cell", "postcode": "EX11 1PX", "postcodes": ["EX11 1PX"]}, "geometry": {"type": "Polygon", "coordinates": [[[-3.2883354304768786, 50.73536144435315], [-3.282376845273852, 50.739960613600566], [-3.274746393531026, 50.73668806021153], [-3.2746777992798917, 50.73467305355262], [-3.2867046243764255, 50.733001951234066], [-3.2883354304768786, 50.73536144435315]]]}}, {"type": "Feature", "properties": {"type": "postcode-cell", "postcode": "EX11 1XY", "postcodes": ["EX11 1XY"]}, "geometry": {"type": "Polygon", "coordinates": [[[-3.28341886229074, 50.74935780842508], [-3.282991975686282, 50.74912265625597], [-3.2828376359464935, 50.74821153231963], [-3.2834708711494893, 50.74807264474058], [-3.283865137427435, 50.74913561732359], [-3.28341886229074, 50.74935780842508]]]}}, {"type": "Feature", "properties": {"type": "postcode-cell", "postcode": "EX14 3BW", "postcodes": ["EX14 3BW"]}, "geometry": {"type": "Polygon", "coordinates": [[[-3.2725512447464222, 50.78262293720924], [-3.2770642647645865, 50.77931187653556], [-3.2919428880836454, 50.78103675461684], [-3.2935463298582635, 50.78305996737895], [-3.291859989569513, 50.78315999479409], [-3.2831799895636213, 50.78416999479504], [-3.281829989563405, 50.78287999479404], [-3.2789999895612008, 50.7837999947948], [-3.2756199895590297, 50.78393999479497], [-3.274569989558634, 50.783409994794575], [-3.272479313412222, 50.782931553494755], [-3.2725512447464222, 50.78262293720924]]]}}, {"type": "Feature", "properties": {"type": "postcode-cell", "postcode": "EX11 1AE", "postcodes": ["EX11 1AE"]}, "geometry": {"type": "Polygon", "coordinates": [[[-3.281174186146224, 50.75177341544073], [-3.2816629065674645, 50.75137408300593], [-3.2827695731890842, 50.751682524509285], [-3.28271624916665, 50.752647026806045], [-3.2819250289134825, 50.75310481305485], [-3.2809854334142066, 50.752062264047936], [-3.281174186146224, 50.75177341544073]]]}}, {"type": "Feature", "properties": {"type": "postcode-cell", "postcode": "EX11 1ET", "postcodes": ["EX11 1ET"]}, "geometry": {"type": "Polygon", "coordinates": [[[-3.2809854334142066, 50.752062264047936], [-3.28078507363971, 50.75200033350215], [-3.280594153292762, 50.75091065078022], [-3.2808871687585315, 50.75115985628347], [-3.281174186146224, 50.75177341544073], [-3.2809854334142066, 50.752062264047936]]]}}, {"type": "Feature", "properties": {"type": "postcode-cell", "postcode": "EX11 1BH", "postcodes": ["EX11 1BH"]}, "geometry": {"type": "Polygon", "coordinates": [[[-3.28341886229074, 50.74935780842508], [-3.283358595465245, 50.749628337561994], [-3.2829372302482325, 50.74982048512667], [-3.2821966979605386, 50.74972808185213], [-3.282032450179253, 50.74951130657867], [-3.282513410789214, 50.74913903354984], [-3.282991975686282, 50.74912265625597], [-3.28341886229074, 50.74935780842508]]]}}, {"type": "Feature", "properties": {"type": "postcode-cell", "postcode": "EX11 1AW", "postcodes": ["EX11 1AW"]}, "geometry": {"type": "Polygon", "coordinates": [[[-3.283049613381598, 50.751016122475946], [-3.2820477790816556, 50.75094100818328], [-3.2814041511358396, 50.75034281281285], [-3.281406790423265, 50.7503418445222], [-3.2829073550825605, 50.75038210935162], [-3.283035742573512, 50.750521721421265], [-3.283049613381598, 50.751016122475946]]]}}, {"type": "Feature", "properties": {"type": "postcode-cell", "postcode": "EX11 1AP", "postcodes": ["EX11 1AP"]}, "geometry": {"type": "Polygon", "coordinates": [[[-3.2829073550825605, 50.75038210935162], [-3.281406790423265, 50.7503418445222], [-3.2821966979605386, 50.74972808185213], [-3.2829372302482325, 50.74982048512667], [-3.2829073550825605, 50.75038210935162]]]}}, {"type": "Feature", "properties": {"type": "postcode-cell", "postcode": "EX10 0AX", "postcodes": ["EX10 0AX"]}, "geometry": {"type": "Polygon", "coordinates": [[[-3.280008250325431, 50.7220726898263], [-3.2797833605106774, 50.72248131402245], [-3.2759743615706753, 50.72450877562691], [-3.269233550871387, 50.72364820519113], [-3.2670442860594378, 50.72129239919014], [-3.2692060703269332, 50.71806597944378], [-3.275176125350183, 50.7171355842688], [-3.280004494866356, 50.7219932243982], [-3.280008250325431, 50.7220726898263]]]}}, {"type": "Feature", "properties": {"type": "postcode-cell", "postcode": "EX11 1YQ", "postcodes": ["EX11 1YQ"]}, "geometry": {"type": "Polygon", "coordinates": [[[-3.2828376359464935, 50.74821153231963], [-3.282991975686282, 50.74912265625597], [-3.282513410789214, 50.74913903354984], [-3.2816401998313913, 50.74852289764091], [-3.282074548941349, 50.748194467543804], [-3.2828376359464935, 50.74821153231963]]]}}, {"type": "Feature", "properties": {"type": "postcode-cell", "postcode": "EX11 1BL", "postcodes": ["EX11 1BL"]}, "geometry": {"type": "Polygon", "coordinates": [[[-3.282513410789214, 50.74913903354984], [-3.282032450179253, 50.74951130657867], [-3.2816911749928463, 50.74936891319065], [-3.281412832601727, 50.748621522647724], [-3.2816401998313913, 50.74852289764091], [-3.282513410789214, 50.74913903354984]]]}}, {"type": "Feature", "properties": {"type": "postcode-cell", "postcode": "EX11 1BJ", "postcodes": ["EX11 1BJ"]}, "geometry": {"type": "Polygon", "coordinates": [[[-3.281406790423265, 50.7503418445222], [-3.2814041511358396, 50.75034281281285], [-3.28107123756134, 50.75033310585043], [-3.281200919452319, 50.7495445165056], [-3.2816911749928463, 50.74936891319065], [-3.282032450179253, 50.74951130657867], [-3.2821966979605386, 50.74972808185213], [-3.281406790423265, 50.7503418445222]]]}}, {"type": "Feature", "properties": {"type": "postcode-cell", "postcode": "EX11 1FZ", "postcodes": ["EX11 1FZ"]}, "geometry": {"type": "Polygon", "coordinates": [[[-3.281412832601727, 50.748621522647724], [-3.281359554339601, 50.74862546957478], [-3.28088131598077, 50.74849360458432], [-3.2801930192653845, 50.74789688920759], [-3.281676424813129, 50.747638931382426], [-3.282074548941349, 50.748194467543804], [-3.2816401998313913, 50.74852289764091], [-3.281412832601727, 50.748621522647724]]]}}, {"type": "Feature", "properties": {"type": "postcode-cell", "postcode": "EX11 1AS", "postcodes": ["EX11 1AS"]}, "geometry": {"type": "Polygon", "coordinates": [[[-3.2816911749928463, 50.74936891319065], [-3.281200919452319, 50.7495445165056], [-3.280426141791064, 50.74928669524374], [-3.281359554339601, 50.74862546957478], [-3.281412832601727, 50.748621522647724], [-3.2816911749928463, 50.74936891319065]]]}}, {"type": "Feature", "properties": {"type": "postcode-cell", "postcode": "EX11 1NY", "postcodes": ["EX11 1NY"]}, "geometry": {"type": "Polygon", "coordinates": [[[-3.2709475504493852, 50.76954419014924], [-3.268509482448602, 50.76994396759608], [-3.259269993756886, 50.76634447499212], [-3.2612367536259748, 50.76119690339828], [-3.264001457893096, 50.760739609274765], [-3.270354745926405, 50.76400304943385], [-3.2712694369096638, 50.76912930643331], [-3.2709475504493852, 50.76954419014924]]]}}, {"type": "Feature", "properties": {"type": "postcode-cell", "postcode": "EX11 1AB", "postcodes": ["EX11 1AB"]}, "geometry": {"type": "Polygon", "coordinates": [[[-3.2820477790816556, 50.75094100818328], [-3.2816778644702547, 50.751271843395884], [-3.281605983523121, 50.75124342935494], [-3.280599396669949, 50.75058581072074], [-3.2805891444650683, 50.75051346146788], [-3.280965774066009, 50.7503525548881], [-3.28107123756134, 50.75033310585043], [-3.2814041511358396, 50.75034281281285], [-3.2820477790816556, 50.75094100818328]]]}}, {"type": "Feature", "properties": {"type": "postcode-cell", "postcode": "EX11 1AG", "postcodes": ["EX11 1AG"]}, "geometry": {"type": "Polygon", "coordinates": [[[-3.2816778644702547, 50.751271843395884], [-3.2816629065674645, 50.75137408300593], [-3.281174186146224, 50.75177341544073], [-3.2808871687585315, 50.75115985628347], [-3.281605983523121, 50.75124342935494], [-3.2816778644702547, 50.751271843395884]]]}}, {"type": "Feature", "properties": {"type": "postcode-cell", "postcode": "EX14 3BL", "postcodes": ["EX14 3BL"]}, "geometry": {"type": "Polygon", "coordinates": [[[-3.2770642647645865, 50.77931187653556], [-3.2725512447464222, 50.78262293720924], [-3.2699985867882964, 50.78051280798882], [-3.266098596320886, 50.77302469561942], [-3.267405349652386, 50.77126712153749], [-3.268509482448602, 50.76994396759608], [-3.2709475504493852, 50.76954419014924], [-3.2760461809291774, 50.771970673479025], [-3.2776501749485307, 50.777794192839295], [-3.2770642647645865, 50.77931187653556]]]}}, {"type": "Feature", "properties": {"type": "postcode-cell", "postcode": "EX11 1AR", "postcodes": ["EX11 1AR"]}, "geometry": {"type": "Polygon", "coordinates": [[[-3.280965774066009, 50.7503525548881], [-3.280221233900526, 50.74933403519553], [-3.280426141791064, 50.74928669524374], [-3.281200919452319, 50.7495445165056], [-3.28107123756134, 50.75033310585043], [-3.280965774066009, 50.7503525548881]]]}}, {"type": "Feature", "properties": {"type": "postcode-cell", "postcode": "EX11 1BN", "postcodes": ["EX11 1BN"]}, "geometry": {"type": "Polygon", "coordinates": [[[-3.2805891444650683, 50.75051346146788], [-3.280004667428568, 50.750449185608886], [-3.2798760171450576, 50.75039725100651], [-3.2795277984559696, 50.74967538018857], [-3.2796954660855753, 50.749386870290586], [-3.2800257425462456, 50.7493240532738], [-3.280221233900526, 50.74933403519553], [-3.280965774066009, 50.7503525548881], [-3.2805891444650683, 50.75051346146788]]]}}, {"type": "Feature", "properties": {"type": "postcode-cell", "postcode": "EX11 1ZL", "postcodes": ["EX11 1ZL"]}, "geometry": {"type": "Polygon", "coordinates": [[[-3.2805985457496134, 50.75438452345987], [-3.2802467101792265, 50.754303323676325], [-3.2776791341884377, 50.75302156819966], [-3.277791230053874, 50.75273428457002], [-3.2790079946678725, 50.75274402697166], [-3.2791156473269703, 50.7527717629689], [-3.2805985457496134, 50.75438452345987]]]}}, {"type": "Feature", "properties": {"type": "postcode-cell", "postcode": "EX11 1DQ", "postcodes": ["EX11 1DQ"]}, "geometry": {"type": "Polygon", "coordinates": [[[-3.2791156473269703, 50.7527717629689], [-3.279385029911577, 50.75218458696277], [-3.2797513205964868, 50.7519516929315], [-3.280202964247529, 50.751853608088155], [-3.28078507363971, 50.75200033350215], [-3.2809854334142066, 50.752062264047936], [-3.2819250289134825, 50.75310481305485], [-3.2811707939585597, 50.754672410178955], [-3.2805985457496134, 50.75438452345987], [-3.2791156473269703, 50.7527717629689]]]}}, {"type": "Feature", "properties": {"type": "postcode-cell", "postcode": "EX11 1AD", "postcodes": ["EX11 1AD"]}, "geometry": {"type": "Polygon", "coordinates": [[[-3.281605983523121, 50.75124342935494], [-3.2808871687585315, 50.75115985628347], [-3.280594153292762, 50.75091065078022], [-3.280566837624955, 50.75088087442613], [-3.280599396669949, 50.75058581072074], [-3.281605983523121, 50.75124342935494]]]}}, {"type": "Feature", "properties": {"type": "postcode-cell", "postcode": "EX11 1PT", "postcodes": ["EX11 1PT"]}, "geometry": {"type": "Polygon", "coordinates": [[[-3.281322783468829, 50.74194846537282], [-3.279834908548941, 50.74244615063428], [-3.2798180497200673, 50.74244908413443], [-3.273491873197313, 50.742680250802344], [-3.2697572069367227, 50.73882226652401], [-3.269842898056933, 50.737797110222225], [-3.274746393531026, 50.73668806021153], [-3.282376845273852, 50.739960613600566], [-3.2821804790515703, 50.74044978915974], [-3.281322783468829, 50.74194846537282]]]}}, {"type": "Feature", "properties": {"type": "postcode-cell", "postcode": "EX11 1LY", "postcodes": ["EX11 1LY"]}, "geometry": {"type": "Polygon", "coordinates": [[[-3.284192853225919, 50.76743226792084], [-3.275330216513528, 50.76683496732946], [-3.2809701634754345, 50.761441217529715], [-3.282207538319885, 50.76100639601065], [-3.284192853225919, 50.76743226792084]]]}}, {"type": "Feature", "properties": {"type": "postcode-cell", "postcode": "EX11 1AT", "postcodes": ["EX11 1AT"]}, "geometry": {"type": "Polygon", "coordinates": [[[-3.281359554339601, 50.74862546957478], [-3.280426141791064, 50.74928669524374], [-3.280221233900526, 50.74933403519553], [-3.2800257425462456, 50.7493240532738], [-3.280056648149359, 50.748634231024745], [-3.28088131598077, 50.74849360458432], [-3.281359554339601, 50.74862546957478]]]}}, {"type": "Feature", "properties": {"type": "postcode-cell", "postcode": "EX11 1BW", "postcodes": ["EX11 1BW"]}, "geometry": {"type": "Polygon", "coordinates": [[[-3.280594153292762, 50.75091065078022], [-3.28078507363971, 50.75200033350215], [-3.280202964247529, 50.751853608088155], [-3.2800882783676912, 50.75157238905882], [-3.280112952375361, 50.75135776242551], [-3.280155889668677, 50.751294055995196], [-3.280566837624955, 50.75088087442613], [-3.280594153292762, 50.75091065078022]]]}}, {"type": "Feature", "properties": {"type": "postcode-cell", "postcode": "EX11 1NP", "postcodes": ["EX11 1NP"]}, "geometry": {"type": "Polygon", "coordinates": [[[-3.280146058235064, 50.74788379551883], [-3.27920585765838, 50.748220301409404], [-3.2781964720859773, 50.74797806612948], [-3.2795939326407555, 50.74384663396567], [-3.280146058235064, 50.74788379551883]]]}}, {"type": "Feature", "properties": {"type": "postcode-cell", "postcode": "EX11 1BA", "postcodes": ["EX11 1BA"]}, "geometry": {"type": "Polygon", "coordinates": [[[-3.2801930192653845, 50.74789688920759], [-3.28088131598077, 50.74849360458432], [-3.280056648149359, 50.748634231024745], [-3.279316001564243, 50.74836303761877], [-3.27920585765838, 50.748220301409404], [-3.280146058235064, 50.74788379551883], [-3.2801930192653845, 50.74789688920759]]]}}, {"type": "Feature", "properties": {"type": "postcode-cell", "postcode": "EX11 1YR", "postcodes": ["EX11 1YR", "EX11 1ZR"]}, "geometry": {"type": "Polygon", "coordinates": [[[-3.280566837624955, 50.75088087442613], [-3.280155889668677, 50.751294055995196], [-3.279573879243396, 50.750935382631106], [-3.280004667428568, 50.750449185608886], [-3.2805891444650683, 50.75051346146788], [-3.280599396669949, 50.75058581072074], [-3.280566837624955, 50.75088087442613]]]}}, {"type": "Feature", "properties": {"type": "postcode-cell", "postcode": "EX11 1DP", "postcodes": ["EX11 1DP"]}, "geometry": {"type": "Polygon", "coordinates": [[[-3.2802467101792265, 50.754303323676325], [-3.277738499930131, 50.753902188506046], [-3.2770277243917105, 50.7537085662812], [-3.2770229074146218, 50.75363779231563], [-3.27766340088799, 50.753030243660234], [-3.2776791341884377, 50.75302156819966], [-3.2802467101792265, 50.754303323676325]]]}}, {"type": "Feature", "properties": {"type": "postcode-cell", "postcode": "EX11 1LZ", "postcodes": ["EX11 1LZ"]}, "geometry": {"type": "Polygon", "coordinates": [[[-3.275330216513528, 50.76683496732946], [-3.2712694369096638, 50.76912930643331], [-3.270354745926405, 50.76400304943385], [-3.27183983591401, 50.76207087481211], [-3.278552816308571, 50.761281157459955], [-3.2809701634754345, 50.761441217529715], [-3.275330216513528, 50.76683496732946]]]}}, {"type": "Feature", "properties": {"type": "postcode-cell", "postcode": "EX11 1DS", "postcodes": ["EX11 1DS"]}, "geometry": {"type": "Polygon", "coordinates": [[[-3.2805985457496134, 50.75438452345987], [-3.2811707939585597, 50.754672410178955], [-3.281922439240018, 50.75636582323726], [-3.2823168869689283, 50.75822734702736], [-3.279366608866686, 50.757470154884274], [-3.2767605984479937, 50.75533963063661], [-3.2766032186376823, 50.755058561184185], [-3.277738499930131, 50.753902188506046], [-3.2802467101792265, 50.754303323676325], [-3.2805985457496134, 50.75438452345987]]]}}, {"type": "Feature", "properties": {"type": "postcode-cell", "postcode": "EX11 1AU", "postcodes": ["EX11 1AU"]}, "geometry": {"type": "Polygon", "coordinates": [[[-3.2800257425462456, 50.7493240532738], [-3.2796954660855753, 50.749386870290586], [-3.27924323657649, 50.749146280765416], [-3.279316001564243, 50.74836303761877], [-3.280056648149359, 50.748634231024745], [-3.2800257425462456, 50.7493240532738]]]}}, {"type": "Feature", "properties": {"type": "postcode-cell", "postcode": "EX11 1EX", "postcodes": ["EX11 1EX"]}, "geometry": {"type": "Polygon", "coordinates": [[[-3.280202964247529, 50.751853608088155], [-3.2797513205964868, 50.7519516929315], [-3.2791637381906757, 50.75162409065343], [-3.279155656970236, 50.75149460833553], [-3.2794735225500133, 50.75139364429918], [-3.2800882783676912, 50.75157238905882], [-3.280202964247529, 50.751853608088155]]]}}, {"type": "Feature", "properties": {"type": "postcode-cell", "postcode": "EX11 1DB", "postcodes": ["EX11 1DB"]}, "geometry": {"type": "Polygon", "coordinates": [[[-3.2797513205964868, 50.7519516929315], [-3.279385029911577, 50.75218458696277], [-3.2787458910622376, 50.75194191573145], [-3.278705814397265, 50.75176635052979], [-3.2791637381906757, 50.75162409065343], [-3.2797513205964868, 50.7519516929315]]]}}, {"type": "Feature", "properties": {"type": "postcode-cell", "postcode": "EX11 1BR", "postcodes": ["EX11 1BR"]}, "geometry": {"type": "Polygon", "coordinates": [[[-3.280155889668677, 50.751294055995196], [-3.280112952375361, 50.75135776242551], [-3.279465828589753, 50.75113044254308], [-3.2794052004064724, 50.7510627554415], [-3.279573879243396, 50.750935382631106], [-3.280155889668677, 50.751294055995196]]]}}, {"type": "Feature", "properties": {"type": "postcode-cell", "postcode": "EX11 1BG", "postcodes": ["EX11 1BG"]}, "geometry": {"type": "Polygon", "coordinates": [[[-3.279316001564243, 50.74836303761877], [-3.27924323657649, 50.749146280765416], [-3.2785157205116073, 50.749154325677395], [-3.2784871008101564, 50.74914918127033], [-3.278321208668133, 50.748996899966414], [-3.2779713441863003, 50.74817197687726], [-3.2781710497115175, 50.7479890244596], [-3.2781964720859773, 50.74797806612948], [-3.27920585765838, 50.748220301409404], [-3.279316001564243, 50.74836303761877]]]}}, {"type": "Feature", "properties": {"type": "postcode-cell", "postcode": "EX11 1BZ", "postcodes": ["EX11 1BZ"]}, "geometry": {"type": "Polygon", "coordinates": [[[-3.2794052004064724, 50.7510627554415], [-3.2791777517694496, 50.75107621712199], [-3.2790686394307578, 50.75105124867257], [-3.2786615629654383, 50.75087191181124], [-3.278716745043256, 50.75070384890671], [-3.279348836695095, 50.75043408137943], [-3.2798760171450576, 50.75039725100651], [-3.280004667428568, 50.750449185608886], [-3.279573879243396, 50.750935382631106], [-3.2794052004064724, 50.7510627554415]]]}}, {"type": "Feature", "properties": {"type": "postcode-cell", "postcode": "EX11 1BT", "postcodes": ["EX11 1BT"]}, "geometry": {"type": "Polygon", "coordinates": [[[-3.279465828589753, 50.75113044254308], [-3.2794735225500133, 50.75139364429918], [-3.279155656970236, 50.75149460833553], [-3.279108173518372, 50.75145774788243], [-3.2791777517694496, 50.75107621712199], [-3.2794052004064724, 50.7510627554415], [-3.279465828589753, 50.75113044254308]]]}}, {"type": "Feature", "properties": {"type": "postcode-cell", "postcode": "EX11 1BP", "postcodes": ["EX11 1BP"]}, "geometry": {"type": "Polygon", "coordinates": [[[-3.2800882783676912, 50.75157238905882], [-3.2794735225500133, 50.75139364429918], [-3.279465828589753, 50.75113044254308], [-3.280112952375361, 50.75135776242551], [-3.2800882783676912, 50.75157238905882]]]}}, {"type": "Feature", "properties": {"type": "postcode-cell", "postcode": "EX11 1BQ", "postcodes": ["EX11 1BQ"]}, "geometry": {"type": "Polygon", "coordinates": [[[-3.2798760171450576, 50.75039725100651], [-3.279348836695095, 50.75043408137943], [-3.2784620596850664, 50.749975726086916], [-3.2787405443472575, 50.749832068665704], [-3.2795277984559696, 50.74967538018857], [-3.2798760171450576, 50.75039725100651]]]}}, {"type": "Feature", "properties": {"type": "postcode-cell", "postcode": "EX11 1PU", "postcodes": ["EX11 1PU"]}, "geometry": {"type": "Polygon", "coordinates": [[[-3.2867046243764255, 50.733001951234066], [-3.2746777992798917, 50.73467305355262], [-3.272404028388352, 50.73186636991506], [-3.2811743445688237, 50.72943481307769], [-3.285691400432531, 50.73059337046212], [-3.2867046243764255, 50.733001951234066]]]}}, {"type": "Feature", "properties": {"type": "postcode-cell", "postcode": "EX11 1DH", "postcodes": ["EX11 1DH"]}, "geometry": {"type": "Polygon", "coordinates": [[[-3.2791156473269703, 50.7527717629689], [-3.2790079946678725, 50.75274402697166], [-3.2787080368870414, 50.752497628574716], [-3.2785710071657914, 50.75203072399687], [-3.2787458910622376, 50.75194191573145], [-3.279385029911577, 50.75218458696277], [-3.2791156473269703, 50.7527717629689]]]}}, {"type": "Feature", "properties": {"type": "postcode-cell", "postcode": "EX11 1BU", "postcodes": ["EX11 1BU"]}, "geometry": {"type": "Polygon", "coordinates": [[[-3.279108173518372, 50.75145774788243], [-3.278769827253864, 50.751388369126595], [-3.2790686394307578, 50.75105124867257], [-3.2791777517694496, 50.75107621712199], [-3.279108173518372, 50.75145774788243]]]}}, {"type": "Feature", "properties": {"type": "postcode-cell", "postcode": "EX11 1AX", "postcodes": ["EX11 1AX"]}, "geometry": {"type": "Polygon", "coordinates": [[[-3.2795277984559696, 50.74967538018857], [-3.2787405443472575, 50.749832068665704], [-3.2785157205116073, 50.749154325677395], [-3.27924323657649, 50.749146280765416], [-3.2796954660855753, 50.749386870290586], [-3.2795277984559696, 50.74967538018857]]]}}, {"type": "Feature", "properties": {"type": "postcode-cell", "postcode": "EX11 1DE", "postcodes": ["EX11 1DE"]}, "geometry": {"type": "Polygon", "coordinates": [[[-3.279155656970236, 50.75149460833553], [-3.2791637381906757, 50.75162409065343], [-3.278705814397265, 50.75176635052979], [-3.278312708902221, 50.75156333515819], [-3.278253183820429, 50.75145288393327], [-3.2782986157585423, 50.75141002453751], [-3.278769827253864, 50.751388369126595], [-3.279108173518372, 50.75145774788243], [-3.279155656970236, 50.75149460833553]]]}}, {"type": "Feature", "properties": {"type": "postcode-cell", "postcode": "EX11 1BY", "postcodes": ["EX11 1BY"]}, "geometry": {"type": "Polygon", "coordinates": [[[-3.2790686394307578, 50.75105124867257], [-3.278769827253864, 50.751388369126595], [-3.2782986157585423, 50.75141002453751], [-3.278387187259228, 50.75100454765041], [-3.2786615629654383, 50.75087191181124], [-3.2790686394307578, 50.75105124867257]]]}}, {"type": "Feature", "properties": {"type": "postcode-cell", "postcode": "EX11 1US", "postcodes": ["EX11 1US"]}, "geometry": {"type": "Polygon", "coordinates": [[[-3.279348836695095, 50.75043408137943], [-3.278716745043256, 50.75070384890671], [-3.2777594058670667, 50.750069632473846], [-3.2784620596850664, 50.749975726086916], [-3.279348836695095, 50.75043408137943]]]}}, {"type": "Feature", "properties": {"type": "postcode-cell", "postcode": "EX11 1AY", "postcodes": ["EX11 1AY"]}, "geometry": {"type": "Polygon", "coordinates": [[[-3.2785157205116073, 50.749154325677395], [-3.2787405443472575, 50.749832068665704], [-3.2784620596850664, 50.749975726086916], [-3.2777594058670667, 50.750069632473846], [-3.2776563778897074, 50.75005875066405], [-3.2775420000986077, 50.74981729012796], [-3.2784871008101564, 50.74914918127033], [-3.2785157205116073, 50.749154325677395]]]}}, {"type": "Feature", "properties": {"type": "postcode-cell", "postcode": "EX11 1GL", "postcodes": ["EX11 1GL"]}, "geometry": {"type": "Polygon", "coordinates": [[[-3.2795939326407555, 50.74384663396567], [-3.2781964720859773, 50.74797806612948], [-3.2781710497115175, 50.7479890244596], [-3.2754739814052565, 50.747104575333324], [-3.2798180497200673, 50.74244908413443], [-3.279834908548941, 50.74244615063428], [-3.2795939326407555, 50.74384663396567]]]}}, {"type": "Feature", "properties": {"type": "postcode-cell", "postcode": "EX11 1DG", "postcodes": ["EX11 1DG"]}, "geometry": {"type": "Polygon", "coordinates": [[[-3.2787458910622376, 50.75194191573145], [-3.2785710071657914, 50.75203072399687], [-3.2780331869199566, 50.75209672046709], [-3.2779954957159454, 50.75203975407622], [-3.278312708902221, 50.75156333515819], [-3.278705814397265, 50.75176635052979], [-3.2787458910622376, 50.75194191573145]]]}}, {"type": "Feature", "properties": {"type": "postcode-cell", "postcode": "EX11 1DW", "postcodes": ["EX11 1DW"]}, "geometry": {"type": "Polygon", "coordinates": [[[-3.2790079946678725, 50.75274402697166], [-3.277791230053874, 50.75273428457002], [-3.2775621980439236, 50.752534003493764], [-3.2780202490418007, 50.752157769586304], [-3.2787080368870414, 50.752497628574716], [-3.2790079946678725, 50.75274402697166]]]}}, {"type": "Feature", "properties": {"type": "postcode-cell", "postcode": "EX11 1EU", "postcodes": ["EX11 1EU"]}, "geometry": {"type": "Polygon", "coordinates": [[[-3.278253183820429, 50.75145288393327], [-3.277834528060199, 50.75144958077812], [-3.277221862854745, 50.75127352395427], [-3.277040925452337, 50.75067969026416], [-3.278387187259228, 50.75100454765041], [-3.2782986157585423, 50.75141002453751], [-3.278253183820429, 50.75145288393327]]]}}, {"type": "Feature", "properties": {"type": "postcode-cell", "postcode": "EX11 1BE", "postcodes": ["EX11 1BE"]}, "geometry": {"type": "Polygon", "coordinates": [[[-3.2786615629654383, 50.75087191181124], [-3.278387187259228, 50.75100454765041], [-3.277040925452337, 50.75067969026416], [-3.276988457719841, 50.7506237993208], [-3.2776563778897074, 50.75005875066405], [-3.2777594058670667, 50.750069632473846], [-3.278716745043256, 50.75070384890671], [-3.2786615629654383, 50.75087191181124]]]}}, {"type": "Feature", "properties": {"type": "postcode-cell", "postcode": "EX11 1BD", "postcodes": ["EX11 1BD"]}, "geometry": {"type": "Polygon", "coordinates": [[[-3.278321208668133, 50.748996899966414], [-3.2767798540314335, 50.74926718948789], [-3.2760020897049777, 50.74888151929218], [-3.2779713441863003, 50.74817197687726], [-3.278321208668133, 50.748996899966414]]]}}, {"type": "Feature", "properties": {"type": "postcode-cell", "postcode": "EX11 1DJ", "postcodes": ["EX11 1DJ"]}, "geometry": {"type": "Polygon", "coordinates": [[[-3.2780202490418007, 50.752157769586304], [-3.2780331869199566, 50.75209672046709], [-3.2785710071657914, 50.75203072399687], [-3.2787080368870414, 50.752497628574716], [-3.2780202490418007, 50.752157769586304]]]}}, {"type": "Feature", "properties": {"type": "postcode-cell", "postcode": "EX11 1EF", "postcodes": ["EX11 1EF"]}, "geometry": {"type": "Polygon", "coordinates": [[[-3.2780331869199566, 50.75209672046709], [-3.2780202490418007, 50.752157769586304], [-3.2775621980439236, 50.752534003493764], [-3.2769815193782175, 50.752432678130596], [-3.277484963501163, 50.75195510608462], [-3.277784462633598, 50.75196254613981], [-3.2779954957159454, 50.75203975407622], [-3.2780331869199566, 50.75209672046709]]]}}, {"type": "Feature", "properties": {"type": "postcode-cell", "postcode": "EX11 1AZ", "postcodes": ["EX11 1AZ"]}, "geometry": {"type": "Polygon", "coordinates": [[[-3.2784871008101564, 50.74914918127033], [-3.2775420000986077, 50.74981729012796], [-3.2767798540314335, 50.74926718948789], [-3.278321208668133, 50.748996899966414], [-3.2784871008101564, 50.74914918127033]]]}}, {"type": "Feature", "properties": {"type": "postcode-cell", "postcode": "EX11 1JN", "postcodes": ["EX11 1JN"]}, "geometry": {"type": "Polygon", "coordinates": [[[-3.2776563778897074, 50.75005875066405], [-3.276988457719841, 50.7506237993208], [-3.2768080546819696, 50.75062206990187], [-3.276612351185388, 50.75056579951017], [-3.275655483004502, 50.749511083955944], [-3.275873289413725, 50.748876066810844], [-3.2760020897049777, 50.74888151929218], [-3.2767798540314335, 50.74926718948789], [-3.2775420000986077, 50.74981729012796], [-3.2776563778897074, 50.75005875066405]]]}}, {"type": "Feature", "properties": {"type": "postcode-cell", "postcode": "EX11 1YY", "postcodes": ["EX11 1YY"]}, "geometry": {"type": "Polygon", "coordinates": [[[-3.2779954957159454, 50.75203975407622], [-3.277784462633598, 50.75196254613981], [-3.2777033868160568, 50.75170318949195], [-3.277834528060199, 50.75144958077812], [-3.278253183820429, 50.75145288393327], [-3.278312708902221, 50.75156333515819], [-3.2779954957159454, 50.75203975407622]]]}}, {"type": "Feature", "properties": {"type": "postcode-cell", "postcode": "EX11 1EZ", "postcodes": ["EX11 1EZ"]}, "geometry": {"type": "Polygon", "coordinates": [[[-3.277834528060199, 50.75144958077812], [-3.2777033868160568, 50.75170318949195], [-3.2772729352344805, 50.75179279345558], [-3.276882707323314, 50.75164098043439], [-3.277221862854745, 50.75127352395427], [-3.277834528060199, 50.75144958077812]]]}}, {"type": "Feature", "properties": {"type": "postcode-cell", "postcode": "EX11 1EY", "postcodes": ["EX11 1EY"]}, "geometry": {"type": "Polygon", "coordinates": [[[-3.277784462633598, 50.75196254613981], [-3.277484963501163, 50.75195510608462], [-3.2772729352344805, 50.75179279345558], [-3.2777033868160568, 50.75170318949195], [-3.277784462633598, 50.75196254613981]]]}}, {"type": "Feature", "properties": {"type": "postcode-cell", "postcode": "EX11 1BX", "postcodes": ["EX11 1BX"]}, "geometry": {"type": "Polygon", "coordinates": [[[-3.277791230053874, 50.75273428457002], [-3.2776791341884377, 50.75302156819966], [-3.27766340088799, 50.753030243660234], [-3.276618840077697, 50.752893561644065], [-3.2769349695841132, 50.752432616131955], [-3.2769815193782175, 50.752432678130596], [-3.2775621980439236, 50.752534003493764], [-3.277791230053874, 50.75273428457002]]]}}, {"type": "Feature", "properties": {"type": "postcode-cell", "postcode": "EX11 1HD", "postcodes": ["EX11 1HD"]}, "geometry": {"type": "Polygon", "coordinates": [[[-3.277040925452337, 50.75067969026416], [-3.277221862854745, 50.75127352395427], [-3.276882707323314, 50.75164098043439], [-3.2766208116605493, 50.751751278629854], [-3.2759865599509017, 50.75155578907566], [-3.2758348990608797, 50.75140649899266], [-3.2768080546819696, 50.75062206990187], [-3.276988457719841, 50.7506237993208], [-3.277040925452337, 50.75067969026416]]]}}, {"type": "Feature", "properties": {"type": "postcode-cell", "postcode": "EX11 1DR", "postcodes": ["EX11 1DR"]}, "geometry": {"type": "Polygon", "coordinates": [[[-3.276441422756447, 50.75484880322533], [-3.2769888641850295, 50.75372422058686], [-3.2770277243917105, 50.7537085662812], [-3.277738499930131, 50.753902188506046], [-3.2766032186376823, 50.755058561184185], [-3.276441422756447, 50.75484880322533]]]}}, {"type": "Feature", "properties": {"type": "postcode-cell", "postcode": "EX11 1FB", "postcodes": ["EX11 1FB"]}, "geometry": {"type": "Polygon", "coordinates": [[[-3.2766032186376823, 50.755058561184185], [-3.2767605984479937, 50.75533963063661], [-3.274409017643115, 50.75510345999815], [-3.2745711949385536, 50.754707795911074], [-3.275012845371802, 50.75431067791003], [-3.275115305829487, 50.75430027536847], [-3.2754484333240805, 50.75431846439915], [-3.276441422756447, 50.75484880322533], [-3.2766032186376823, 50.755058561184185]]]}}, {"type": "Feature", "properties": {"type": "postcode-cell", "postcode": "EX11 1PW", "postcodes": ["EX11 1PW"]}, "geometry": {"type": "Polygon", "coordinates": [[[-3.2740401359874634, 50.74795122012503], [-3.272775200072119, 50.7479861537548], [-3.2701095463922814, 50.74664437431149], [-3.268973015564288, 50.74482371376923], [-3.273491873197313, 50.742680250802344], [-3.2798180497200673, 50.74244908413443], [-3.2754739814052565, 50.747104575333324], [-3.2740401359874634, 50.74795122012503]]]}}, {"type": "Feature", "properties": {"type": "postcode-cell", "postcode": "EX11 1PN", "postcodes": ["EX11 1PN"]}, "geometry": {"type": "Polygon", "coordinates": [[[-3.2754739814052565, 50.747104575333324], [-3.2781710497115175, 50.7479890244596], [-3.2779713441863003, 50.74817197687726], [-3.2760020897049777, 50.74888151929218], [-3.275873289413725, 50.748876066810844], [-3.2740401359874634, 50.74795122012503], [-3.2754739814052565, 50.747104575333324]]]}}, {"type": "Feature", "properties": {"type": "postcode-cell", "postcode": "EX11 1ZA", "postcodes": ["EX11 1ZA"]}, "geometry": {"type": "Polygon", "coordinates": [[[-3.2769815193782175, 50.752432678130596], [-3.2769349695841132, 50.752432616131955], [-3.276814283610526, 50.75235553674105], [-3.2766167403553688, 50.75214615130516], [-3.2766208116605493, 50.751751278629854], [-3.276882707323314, 50.75164098043439], [-3.2772729352344805, 50.75179279345558], [-3.277484963501163, 50.75195510608462], [-3.2769815193782175, 50.752432678130596]]]}}, {"type": "Feature", "properties": {"type": "postcode-cell", "postcode": "EX11 1HG", "postcodes": ["EX11 1HG"]}, "geometry": {"type": "Polygon", "coordinates": [[[-3.2751727983440713, 50.750603079560555], [-3.2755471848143105, 50.75134853121451], [-3.2747215125752023, 50.75158071786846], [-3.274467914066357, 50.75159878397295], [-3.274100054728604, 50.75143575751345], [-3.2743783351777167, 50.75074058798433], [-3.275005991908114, 50.750544656827806], [-3.2751727983440713, 50.750603079560555]]]}}, {"type": "Feature", "properties": {"type": "postcode-cell", "postcode": "EX11 1HU", "postcodes": ["EX11 1HU"]}, "geometry": {"type": "Polygon", "coordinates": [[[-3.275005991908114, 50.750544656827806], [-3.2750138436989236, 50.75006526259957], [-3.275655483004502, 50.749511083955944], [-3.276612351185388, 50.75056579951017], [-3.2751727983440713, 50.750603079560555], [-3.275005991908114, 50.750544656827806]]]}}, {"type": "Feature", "properties": {"type": "postcode-cell", "postcode": "EX11 1FG", "postcodes": ["EX11 1FG"]}, "geometry": {"type": "Polygon", "coordinates": [[[-3.2811743445688237, 50.72943481307769], [-3.272404028388352, 50.73186636991506], [-3.266447644358532, 50.73099381789181], [-3.266038508845678, 50.73070769129839], [-3.2659876583822944, 50.73045809058536], [-3.269233550871387, 50.72364820519113], [-3.2759743615706753, 50.72450877562691], [-3.2811743445688237, 50.72943481307769]]]}}, {"type": "Feature", "properties": {"type": "postcode-cell", "postcode": "EX11 1DU", "postcodes": ["EX11 1DU"]}, "geometry": {"type": "Polygon", "coordinates": [[[-3.2769888641850295, 50.75372422058686], [-3.276163557592678, 50.75378033744859], [-3.275475521563843, 50.75329727359199], [-3.276006005458923, 50.75298931618781], [-3.2764977951724177, 50.75299864155052], [-3.2770229074146218, 50.75363779231563], [-3.2770277243917105, 50.7537085662812], [-3.2769888641850295, 50.75372422058686]]]}}, {"type": "Feature", "properties": {"type": "postcode-cell", "postcode": "EX11 1EG", "postcodes": ["EX11 1EG"]}, "geometry": {"type": "Polygon", "coordinates": [[[-3.2769349695841132, 50.752432616131955], [-3.276618840077697, 50.752893561644065], [-3.2764977951724177, 50.75299864155052], [-3.276006005458923, 50.75298931618781], [-3.275730377468274, 50.75260751910122], [-3.276814283610526, 50.75235553674105], [-3.2769349695841132, 50.752432616131955]]]}}, {"type": "Feature", "properties": {"type": "postcode-cell", "postcode": "EX11 1FD", "postcodes": ["EX11 1FD"]}, "geometry": {"type": "Polygon", "coordinates": [[[-3.2770229074146218, 50.75363779231563], [-3.2764977951724177, 50.75299864155052], [-3.276618840077697, 50.752893561644065], [-3.27766340088799, 50.753030243660234], [-3.2770229074146218, 50.75363779231563]]]}}, {"type": "Feature", "properties": {"type": "postcode-cell", "postcode": "EX11 1DT", "postcodes": ["EX11 1DT"]}, "geometry": {"type": "Polygon", "coordinates": [[[-3.2754484333240805, 50.75431846439915], [-3.276163557592678, 50.75378033744859], [-3.2769888641850295, 50.75372422058686], [-3.276441422756447, 50.75484880322533], [-3.2754484333240805, 50.75431846439915]]]}}, {"type": "Feature", "properties": {"type": "postcode-cell", "postcode": "EX11 1HE", "postcodes": ["EX11 1HE"]}, "geometry": {"type": "Polygon", "coordinates": [[[-3.2758348990608797, 50.75140649899266], [-3.2755471848143105, 50.75134853121451], [-3.2751727983440713, 50.750603079560555], [-3.276612351185388, 50.75056579951017], [-3.2768080546819696, 50.75062206990187], [-3.2758348990608797, 50.75140649899266]]]}}, {"type": "Feature", "properties": {"type": "postcode-cell", "postcode": "EX11 1HA", "postcodes": ["EX11 1HA"]}, "geometry": {"type": "Polygon", "coordinates": [[[-3.2766208116605493, 50.751751278629854], [-3.2766167403553688, 50.75214615130516], [-3.27589479975335, 50.752202103154545], [-3.2757976244074105, 50.75177444159895], [-3.2759865599509017, 50.75155578907566], [-3.2766208116605493, 50.751751278629854]]]}}, {"type": "Feature", "properties": {"type": "postcode-cell", "postcode": "EX11 1EH", "postcodes": ["EX11 1EH"]}, "geometry": {"type": "Polygon", "coordinates": [[[-3.276814283610526, 50.75235553674105], [-3.275730377468274, 50.75260751910122], [-3.2756514053076087, 50.75255807373194], [-3.275815074386698, 50.75223595251785], [-3.27589479975335, 50.752202103154545], [-3.2766167403553688, 50.75214615130516], [-3.276814283610526, 50.75235553674105]]]}}, {"type": "Feature", "properties": {"type": "postcode-cell", "postcode": "EX11 1EJ", "postcodes": ["EX11 1EJ"]}, "geometry": {"type": "Polygon", "coordinates": [[[-3.2754484333240805, 50.75431846439915], [-3.275115305829487, 50.75430027536847], [-3.275432359577938, 50.753299380119735], [-3.275475521563843, 50.75329727359199], [-3.276163557592678, 50.75378033744859], [-3.2754484333240805, 50.75431846439915]]]}}, {"type": "Feature", "properties": {"type": "postcode-cell", "postcode": "EX11 1EN", "postcodes": ["EX11 1EN"]}, "geometry": {"type": "Polygon", "coordinates": [[[-3.279366608866686, 50.757470154884274], [-3.276600879295198, 50.757264694597744], [-3.274282196436216, 50.75582977713106], [-3.2743483145195666, 50.7551445117147], [-3.274409017643115, 50.75510345999815], [-3.2767605984479937, 50.75533963063661], [-3.279366608866686, 50.757470154884274]]]}}, {"type": "Feature", "properties": {"type": "postcode-cell", "postcode": "EX11 1HB", "postcodes": ["EX11 1HB"]}, "geometry": {"type": "Polygon", "coordinates": [[[-3.275815074386698, 50.75223595251785], [-3.2753923562920124, 50.752075535936946], [-3.275404446124649, 50.75194717985014], [-3.2757976244074105, 50.75177444159895], [-3.27589479975335, 50.752202103154545], [-3.275815074386698, 50.75223595251785]]]}}, {"type": "Feature", "properties": {"type": "postcode-cell", "postcode": "EX11 1FF", "postcodes": ["EX11 1FF"]}, "geometry": {"type": "Polygon", "coordinates": [[[-3.276006005458923, 50.75298931618781], [-3.275475521563843, 50.75329727359199], [-3.275432359577938, 50.753299380119735], [-3.274976065476979, 50.75322476282455], [-3.2747543409425828, 50.752983480104255], [-3.274765802651186, 50.75278930761303], [-3.275376798187789, 50.75255557976558], [-3.2756514053076087, 50.75255807373194], [-3.275730377468274, 50.75260751910122], [-3.276006005458923, 50.75298931618781]]]}}, {"type": "Feature", "properties": {"type": "postcode-cell", "postcode": "EX11 1HX", "postcodes": ["EX11 1HX"]}, "geometry": {"type": "Polygon", "coordinates": [[[-3.275655483004502, 50.749511083955944], [-3.2750138436989236, 50.75006526259957], [-3.2728482265954812, 50.749574176750926], [-3.272584665727744, 50.74902223199122], [-3.272775200072119, 50.7479861537548], [-3.2740401359874634, 50.74795122012503], [-3.275873289413725, 50.748876066810844], [-3.275655483004502, 50.749511083955944]]]}}, {"type": "Feature", "properties": {"type": "postcode-cell", "postcode": "EX11 1HF", "postcodes": ["EX11 1HF"]}, "geometry": {"type": "Polygon", "coordinates": [[[-3.275404446124649, 50.75194717985014], [-3.2747215125752023, 50.75158071786846], [-3.2755471848143105, 50.75134853121451], [-3.2758348990608797, 50.75140649899266], [-3.2759865599509017, 50.75155578907566], [-3.2757976244074105, 50.75177444159895], [-3.275404446124649, 50.75194717985014]]]}}, {"type": "Feature", "properties": {"type": "postcode-cell", "postcode": "EX11 1JW", "postcodes": ["EX11 1JW"]}, "geometry": {"type": "Polygon", "coordinates": [[[-3.275815074386698, 50.75223595251785], [-3.2756514053076087, 50.75255807373194], [-3.275376798187789, 50.75255557976558], [-3.2751098551302054, 50.75219803321923], [-3.2753923562920124, 50.752075535936946], [-3.275815074386698, 50.75223595251785]]]}}, {"type": "Feature", "properties": {"type": "postcode-cell", "postcode": "EX11 1DZ", "postcodes": ["EX11 1DZ"]}, "geometry": {"type": "Polygon", "coordinates": [[[-3.275115305829487, 50.75430027536847], [-3.275012845371802, 50.75431067791003], [-3.2742739487846664, 50.7537953248861], [-3.274976065476979, 50.75322476282455], [-3.275432359577938, 50.753299380119735], [-3.275115305829487, 50.75430027536847]]]}}, {"type": "Feature", "properties": {"type": "postcode-cell", "postcode": "EX11 1JF", "postcodes": ["EX11 1JF"]}, "geometry": {"type": "Polygon", "coordinates": [[[-3.2751098551302054, 50.75219803321923], [-3.2745530147784265, 50.75212783347755], [-3.274467914066357, 50.75159878397295], [-3.2747215125752023, 50.75158071786846], [-3.275404446124649, 50.75194717985014], [-3.2753923562920124, 50.752075535936946], [-3.2751098551302054, 50.75219803321923]]]}}, {"type": "Feature", "properties": {"type": "postcode-cell", "postcode": "EX11 1HQ", "postcodes": ["EX11 1HQ"]}, "geometry": {"type": "Polygon", "coordinates": [[[-3.275376798187789, 50.75255557976558], [-3.274765802651186, 50.75278930761303], [-3.2743792565881016, 50.75245789909696], [-3.2743724062500625, 50.7523516748971], [-3.2745530147784265, 50.75212783347755], [-3.2751098551302054, 50.75219803321923], [-3.275376798187789, 50.75255557976558]]]}}, {"type": "Feature", "properties": {"type": "postcode-cell", "postcode": "EX11 1EB", "postcodes": ["EX11 1EB"]}, "geometry": {"type": "Polygon", "coordinates": [[[-3.2747543409425828, 50.752983480104255], [-3.2735579752073383, 50.75311337836965], [-3.2736752344204287, 50.7527182301178], [-3.2743792565881016, 50.75245789909696], [-3.274765802651186, 50.75278930761303], [-3.2747543409425828, 50.752983480104255]]]}}, {"type": "Feature", "properties": {"type": "postcode-cell", "postcode": "EX11 1DY", "postcodes": ["EX11 1DY"]}, "geometry": {"type": "Polygon", "coordinates": [[[-3.2745711949385536, 50.754707795911074], [-3.2732241579701173, 50.75420552926761], [-3.273798783059278, 50.75375761245602], [-3.2742739487846664, 50.7537953248861], [-3.275012845371802, 50.75431067791003], [-3.2745711949385536, 50.754707795911074]]]}}, {"type": "Feature", "properties": {"type": "postcode-cell", "postcode": "EX11 1HT", "postcodes": ["EX11 1HT"]}, "geometry": {"type": "Polygon", "coordinates": [[[-3.2743783351777167, 50.75074058798433], [-3.2729873147963615, 50.75018873778181], [-3.2728660923223374, 50.75008379195925], [-3.2728482265954812, 50.749574176750926], [-3.2750138436989236, 50.75006526259957], [-3.275005991908114, 50.750544656827806], [-3.2743783351777167, 50.75074058798433]]]}}, {"type": "Feature", "properties": {"type": "postcode-cell", "postcode": "EX11 1EA", "postcodes": ["EX11 1EA"]}, "geometry": {"type": "Polygon", "coordinates": [[[-3.274976065476979, 50.75322476282455], [-3.2742739487846664, 50.7537953248861], [-3.273798783059278, 50.75375761245602], [-3.273373397273613, 50.753245630102214], [-3.2735579752073383, 50.75311337836965], [-3.2747543409425828, 50.752983480104255], [-3.274976065476979, 50.75322476282455]]]}}, {"type": "Feature", "properties": {"type": "postcode-cell", "postcode": "EX11 1HH", "postcodes": ["EX11 1HH"]}, "geometry": {"type": "Polygon", "coordinates": [[[-3.2743724062500625, 50.7523516748971], [-3.2733374003846265, 50.75213948143042], [-3.2735621482925334, 50.751508043486254], [-3.274100054728604, 50.75143575751345], [-3.274467914066357, 50.75159878397295], [-3.2745530147784265, 50.75212783347755], [-3.2743724062500625, 50.7523516748971]]]}}, {"type": "Feature", "properties": {"type": "postcode-cell", "postcode": "EX11 1HY", "postcodes": ["EX11 1HY"]}, "geometry": {"type": "Polygon", "coordinates": [[[-3.2728660923223374, 50.75008379195925], [-3.2723914579523155, 50.75038794560159], [-3.270944906101217, 50.750711595916805], [-3.270572687459123, 50.750462361927525], [-3.2705015676064537, 50.75016611279275], [-3.270535396028132, 50.74999600922565], [-3.272584665727744, 50.74902223199122], [-3.2728482265954812, 50.749574176750926], [-3.2728660923223374, 50.75008379195925]]]}}, {"type": "Feature", "properties": {"type": "postcode-cell", "postcode": "EX10 0LR", "postcodes": ["EX10 0LR"]}, "geometry": {"type": "Polygon", "coordinates": [[[-3.2692060703269332, 50.71806597944378], [-3.2670442860594378, 50.72129239919014], [-3.256595280808713, 50.721037612390276], [-3.2591299895810835, 50.71734999474314], [-3.2590699895817163, 50.71596999474206], [-3.259929989583142, 50.71412999474058], [-3.26460998958734, 50.711439994738434], [-3.2660175651041596, 50.71092472989395], [-3.2692060703269332, 50.71806597944378]]]}}, {"type": "Feature", "properties": {"type": "postcode-cell", "postcode": "EX11 1HS", "postcodes": ["EX11 1HS"]}, "geometry": {"type": "Polygon", "coordinates": [[[-3.2735621482925334, 50.751508043486254], [-3.2731632929409216, 50.75139147721159], [-3.2729873147963615, 50.75018873778181], [-3.2743783351777167, 50.75074058798433], [-3.274100054728604, 50.75143575751345], [-3.2735621482925334, 50.751508043486254]]]}}, {"type": "Feature", "properties": {"type": "postcode-cell", "postcode": "EX11 1PY", "postcodes": ["EX11 1PY"]}, "geometry": {"type": "Polygon", "coordinates": [[[-3.274746393531026, 50.73668806021153], [-3.269842898056933, 50.737797110222225], [-3.2667571390313204, 50.735813154455954], [-3.266447644358532, 50.73099381789181], [-3.272404028388352, 50.73186636991506], [-3.2746777992798917, 50.73467305355262], [-3.274746393531026, 50.73668806021153]]]}}, {"type": "Feature", "properties": {"type": "postcode-cell", "postcode": "EX11 1NU", "postcodes": ["EX11 1NU"]}, "geometry": {"type": "Polygon", "coordinates": [[[-3.278552816308571, 50.761281157459955], [-3.27183983591401, 50.76207087481211], [-3.2697851086641347, 50.759385089420796], [-3.270698846564526, 50.759010853264414], [-3.2715870804805607, 50.75887671658821], [-3.278552816308571, 50.761281157459955]]]}}, {"type": "Feature", "properties": {"type": "postcode-cell", "postcode": "EX11 1HR", "postcodes": ["EX11 1HR"]}, "geometry": {"type": "Polygon", "coordinates": [[[-3.2729873147963615, 50.75018873778181], [-3.2731632929409216, 50.75139147721159], [-3.272391022745607, 50.75146076489672], [-3.272076775642848, 50.75140752700714], [-3.2723914579523155, 50.75038794560159], [-3.2728660923223374, 50.75008379195925], [-3.2729873147963615, 50.75018873778181]]]}}, {"type": "Feature", "properties": {"type": "postcode-cell", "postcode": "EX11 1DX", "postcodes": ["EX11 1DX"]}, "geometry": {"type": "Polygon", "coordinates": [[[-3.274409017643115, 50.75510345999815], [-3.2743483145195666, 50.7551445117147], [-3.272601730042519, 50.75486874496067], [-3.2725380637113375, 50.754452745963725], [-3.2732241579701173, 50.75420552926761], [-3.2745711949385536, 50.754707795911074], [-3.274409017643115, 50.75510345999815]]]}}, {"type": "Feature", "properties": {"type": "postcode-cell", "postcode": "EX11 1JR", "postcodes": ["EX11 1JR"]}, "geometry": {"type": "Polygon", "coordinates": [[[-3.2743792565881016, 50.75245789909696], [-3.2736752344204287, 50.7527182301178], [-3.2731307670880962, 50.75228398736091], [-3.2733374003846265, 50.75213948143042], [-3.2743724062500625, 50.7523516748971], [-3.2743792565881016, 50.75245789909696]]]}}, {"type": "Feature", "properties": {"type": "postcode-cell", "postcode": "EX11 1HJ", "postcodes": ["EX11 1HJ"]}, "geometry": {"type": "Polygon", "coordinates": [[[-3.2735621482925334, 50.751508043486254], [-3.2733374003846265, 50.75213948143042], [-3.2731307670880962, 50.75228398736091], [-3.2729927428649512, 50.7523099320406], [-3.27259304854858, 50.752199476748494], [-3.272391022745607, 50.75146076489672], [-3.2731632929409216, 50.75139147721159], [-3.2735621482925334, 50.751508043486254]]]}}, {"type": "Feature", "properties": {"type": "postcode-cell", "postcode": "EX11 1GA", "postcodes": ["EX11 1GA"]}, "geometry": {"type": "Polygon", "coordinates": [[[-3.2735579752073383, 50.75311337836965], [-3.273373397273613, 50.753245630102214], [-3.272500925706868, 50.753146653392015], [-3.2729927428649512, 50.7523099320406], [-3.2731307670880962, 50.75228398736091], [-3.2736752344204287, 50.7527182301178], [-3.2735579752073383, 50.75311337836965]]]}}, {"type": "Feature", "properties": {"type": "postcode-cell", "postcode": "EX11 1ED", "postcodes": ["EX11 1ED"]}, "geometry": {"type": "Polygon", "coordinates": [[[-3.273798783059278, 50.75375761245602], [-3.2732241579701173, 50.75420552926761], [-3.2725380637113375, 50.754452745963725], [-3.272095229309962, 50.7541933155846], [-3.2718394126183665, 50.75344726550302], [-3.272297506225221, 50.75318171668462], [-3.272500925706868, 50.753146653392015], [-3.273373397273613, 50.753245630102214], [-3.273798783059278, 50.75375761245602]]]}}, {"type": "Feature", "properties": {"type": "postcode-cell", "postcode": "EX11 1EP", "postcodes": ["EX11 1EP"]}, "geometry": {"type": "Polygon", "coordinates": [[[-3.2743483145195666, 50.7551445117147], [-3.274282196436216, 50.75582977713106], [-3.2728721282261306, 50.75603794750866], [-3.2725334696724526, 50.754950860774585], [-3.272601730042519, 50.75486874496067], [-3.2743483145195666, 50.7551445117147]]]}}, {"type": "Feature", "properties": {"type": "postcode-cell", "postcode": "EX11 1EW", "postcodes": ["EX11 1EW"]}, "geometry": {"type": "Polygon", "coordinates": [[[-3.276600879295198, 50.757264694597744], [-3.2734285753519954, 50.75771536187181], [-3.2728077162353864, 50.75675271202707], [-3.2727442777418227, 50.756148806649065], [-3.2728721282261306, 50.75603794750866], [-3.274282196436216, 50.75582977713106], [-3.276600879295198, 50.757264694597744]]]}}, {"type": "Feature", "properties": {"type": "postcode-cell", "postcode": "EX11 1FL", "postcodes": ["EX11 1FL"]}, "geometry": {"type": "Polygon", "coordinates": [[[-3.2706210608248307, 50.756923219645934], [-3.2708220086788478, 50.75672372514886], [-3.2728077162353864, 50.75675271202707], [-3.2734285753519954, 50.75771536187181], [-3.2715870804805607, 50.75887671658821], [-3.270698846564526, 50.759010853264414], [-3.2706210608248307, 50.756923219645934]]]}}, {"type": "Feature", "properties": {"type": "postcode-cell", "postcode": "EX11 1FN", "postcodes": ["EX11 1FN"]}, "geometry": {"type": "Polygon", "coordinates": [[[-3.270698846564526, 50.759010853264414], [-3.2697851086641347, 50.759385089420796], [-3.267055534163429, 50.75931010485875], [-3.266543650636968, 50.755775395389705], [-3.2673010727570264, 50.755781676388196], [-3.2706210608248307, 50.756923219645934], [-3.270698846564526, 50.759010853264414]]]}}, {"type": "Feature", "properties": {"type": "postcode-cell", "postcode": "EX11 1TQ", "postcodes": ["EX11 1TQ"]}, "geometry": {"type": "Polygon", "coordinates": [[[-3.2725334696724526, 50.754950860774585], [-3.2709741284316136, 50.75538867773901], [-3.270501446157141, 50.754553794658314], [-3.2705098322126926, 50.75451189209607], [-3.272095229309962, 50.7541933155846], [-3.2725380637113375, 50.754452745963725], [-3.272601730042519, 50.75486874496067], [-3.2725334696724526, 50.754950860774585]]]}}, {"type": "Feature", "properties": {"type": "postcode-cell", "postcode": "EX11 1EL", "postcodes": ["EX11 1EL"]}, "geometry": {"type": "Polygon", "coordinates": [[[-3.2728077162353864, 50.75675271202707], [-3.2708220086788478, 50.75672372514886], [-3.2708837388762113, 50.756544742099855], [-3.272433493606452, 50.756117099615224], [-3.2727442777418227, 50.756148806649065], [-3.2728077162353864, 50.75675271202707]]]}}, {"type": "Feature", "properties": {"type": "postcode-cell", "postcode": "EX11 1JA", "postcodes": ["EX11 1JA"]}, "geometry": {"type": "Polygon", "coordinates": [[[-3.272584665727744, 50.74902223199122], [-3.270535396028132, 50.74999600922565], [-3.269243716619659, 50.74935231250326], [-3.268950846348847, 50.74817452322465], [-3.2701095463922814, 50.74664437431149], [-3.272775200072119, 50.7479861537548], [-3.272584665727744, 50.74902223199122]]]}}, {"type": "Feature", "properties": {"type": "postcode-cell", "postcode": "EX11 1HL", "postcodes": ["EX11 1HL"]}, "geometry": {"type": "Polygon", "coordinates": [[[-3.2729927428649512, 50.7523099320406], [-3.272500925706868, 50.753146653392015], [-3.272297506225221, 50.75318171668462], [-3.2717860541260895, 50.752326170631335], [-3.27259304854858, 50.752199476748494], [-3.2729927428649512, 50.7523099320406]]]}}, {"type": "Feature", "properties": {"type": "postcode-cell", "postcode": "EX11 1FH", "postcodes": ["EX11 1FH"]}, "geometry": {"type": "Polygon", "coordinates": [[[-3.2727442777418227, 50.756148806649065], [-3.272433493606452, 50.756117099615224], [-3.2708632581650523, 50.755558306805064], [-3.2709741284316136, 50.75538867773901], [-3.2725334696724526, 50.754950860774585], [-3.2728721282261306, 50.75603794750866], [-3.2727442777418227, 50.756148806649065]]]}}, {"type": "Feature", "properties": {"type": "postcode-cell", "postcode": "EX11 1HN", "postcodes": ["EX11 1HN"]}, "geometry": {"type": "Polygon", "coordinates": [[[-3.272391022745607, 50.75146076489672], [-3.27259304854858, 50.752199476748494], [-3.2717860541260895, 50.752326170631335], [-3.2706957353121004, 50.75192993086285], [-3.271155485541643, 50.75153133849813], [-3.272076775642848, 50.75140752700714], [-3.272391022745607, 50.75146076489672]]]}}, {"type": "Feature", "properties": {"type": "postcode-cell", "postcode": "EX11 1EE", "postcodes": ["EX11 1EE"]}, "geometry": {"type": "Polygon", "coordinates": [[[-3.2718394126183665, 50.75344726550302], [-3.2705895257988185, 50.75324946347106], [-3.2703524604789482, 50.75288463430319], [-3.27067720997576, 50.75193577961465], [-3.2706957353121004, 50.75192993086285], [-3.2717860541260895, 50.752326170631335], [-3.272297506225221, 50.75318171668462], [-3.2718394126183665, 50.75344726550302]]]}}, {"type": "Feature", "properties": {"type": "postcode-cell", "postcode": "EX11 1HW", "postcodes": ["EX11 1HW"]}, "geometry": {"type": "Polygon", "coordinates": [[[-3.271155485541643, 50.75153133849813], [-3.270944906101217, 50.750711595916805], [-3.2723914579523155, 50.75038794560159], [-3.272076775642848, 50.75140752700714], [-3.271155485541643, 50.75153133849813]]]}}, {"type": "Feature", "properties": {"type": "postcode-cell", "postcode": "EX11 1PS", "postcodes": ["EX11 1PS"]}, "geometry": {"type": "Polygon", "coordinates": [[[-3.2697572069367227, 50.73882226652401], [-3.2616881851745947, 50.74237694294149], [-3.2612015308102125, 50.738415116510566], [-3.2667571390313204, 50.735813154455954], [-3.269842898056933, 50.737797110222225], [-3.2697572069367227, 50.73882226652401]]]}}, {"type": "Feature", "properties": {"type": "postcode-cell", "postcode": "EX11 1PZ", "postcodes": ["EX11 1PZ"]}, "geometry": {"type": "Polygon", "coordinates": [[[-3.2667571390313204, 50.735813154455954], [-3.2612015308102125, 50.738415116510566], [-3.256840169992898, 50.7360057989612], [-3.257949074009756, 50.7332803786693], [-3.266038508845678, 50.73070769129839], [-3.266447644358532, 50.73099381789181], [-3.2667571390313204, 50.735813154455954]]]}}, {"type": "Feature", "properties": {"type": "postcode-cell", "postcode": "EX11 1JD", "postcodes": ["EX11 1JD"]}, "geometry": {"type": "Polygon", "coordinates": [[[-3.2706957353121004, 50.75192993086285], [-3.27067720997576, 50.75193577961465], [-3.2695901022074345, 50.75169269067807], [-3.269285545290944, 50.75154466312713], [-3.2689888440559236, 50.75107662338294], [-3.270572687459123, 50.750462361927525], [-3.270944906101217, 50.750711595916805], [-3.271155485541643, 50.75153133849813], [-3.2706957353121004, 50.75192993086285]]]}}, {"type": "Feature", "properties": {"type": "postcode-cell", "postcode": "EX11 1FP", "postcodes": ["EX11 1FP"]}, "geometry": {"type": "Polygon", "coordinates": [[[-3.2706210608248307, 50.756923219645934], [-3.2673010727570264, 50.755781676388196], [-3.2674660610417483, 50.75575965616337], [-3.2706796479074383, 50.75566302395698], [-3.2708837388762113, 50.756544742099855], [-3.2708220086788478, 50.75672372514886], [-3.2706210608248307, 50.756923219645934]]]}}, {"type": "Feature", "properties": {"type": "postcode-cell", "postcode": "EX11 1FJ", "postcodes": ["EX11 1FJ"]}, "geometry": {"type": "Polygon", "coordinates": [[[-3.272433493606452, 50.756117099615224], [-3.2708837388762113, 50.756544742099855], [-3.2706796479074383, 50.75566302395698], [-3.2708632581650523, 50.755558306805064], [-3.272433493606452, 50.756117099615224]]]}}, {"type": "Feature", "properties": {"type": "postcode-cell", "postcode": "EX11 1PP", "postcodes": ["EX11 1PP"]}, "geometry": {"type": "Polygon", "coordinates": [[[-3.268973015564288, 50.74482371376923], [-3.2619133520942136, 50.744101216203006], [-3.2618547492421692, 50.74404944694463], [-3.2613312053006087, 50.74326064910755], [-3.2616881851745947, 50.74237694294149], [-3.2697572069367227, 50.73882226652401], [-3.273491873197313, 50.742680250802344], [-3.268973015564288, 50.74482371376923]]]}}, {"type": "Feature", "properties": {"type": "postcode-cell", "postcode": "EX11 1TG", "postcodes": ["EX11 1TG"]}, "geometry": {"type": "Polygon", "coordinates": [[[-3.272095229309962, 50.7541933155846], [-3.2705098322126926, 50.75451189209607], [-3.2698968228665337, 50.75392819027214], [-3.2705895257988185, 50.75324946347106], [-3.2718394126183665, 50.75344726550302], [-3.272095229309962, 50.7541933155846]]]}}, {"type": "Feature", "properties": {"type": "postcode-cell", "postcode": "EX11 1TH", "postcodes": ["EX11 1TH"]}, "geometry": {"type": "Polygon", "coordinates": [[[-3.2706796479074383, 50.75566302395698], [-3.2674660610417483, 50.75575965616337], [-3.270501446157141, 50.754553794658314], [-3.2709741284316136, 50.75538867773901], [-3.2708632581650523, 50.755558306805064], [-3.2706796479074383, 50.75566302395698]]]}}, {"type": "Feature", "properties": {"type": "postcode-cell", "postcode": "EX14 3BH", "postcodes": ["EX14 3BH"]}, "geometry": {"type": "Polygon", "coordinates": [[[-3.2614289215510177, 50.779649440006075], [-3.2636402518047753, 50.778921959741716], [-3.2699985867882964, 50.78051280798882], [-3.2725512447464222, 50.78262293720924], [-3.272479313412222, 50.782931553494755], [-3.2705499895565793, 50.7824899947939], [-3.2659599895538487, 50.78223999479378], [-3.261094073831888, 50.780654486901604], [-3.2614289215510177, 50.779649440006075]]]}}, {"type": "Feature", "properties": {"type": "postcode-cell", "postcode": "EX11 1PD", "postcodes": ["EX11 1PD"]}, "geometry": {"type": "Polygon", "coordinates": [[[-3.266098596320886, 50.77302469561942], [-3.263330749042943, 50.77416189891309], [-3.2585806883043054, 50.773694934263666], [-3.2585758887426293, 50.771971750093265], [-3.267405349652386, 50.77126712153749], [-3.266098596320886, 50.77302469561942]]]}}, {"type": "Feature", "properties": {"type": "postcode-cell", "postcode": "EX11 1TB", "postcodes": ["EX11 1TB"]}, "geometry": {"type": "Polygon", "coordinates": [[[-3.2705895257988185, 50.75324946347106], [-3.2698968228665337, 50.75392819027214], [-3.269727559499476, 50.75393738689167], [-3.268262543160609, 50.75312182401849], [-3.2683003105705635, 50.752936533907885], [-3.2686351968325837, 50.752857962858855], [-3.2703524604789482, 50.75288463430319], [-3.2705895257988185, 50.75324946347106]]]}}, {"type": "Feature", "properties": {"type": "postcode-cell", "postcode": "EX11 1HZ", "postcodes": ["EX11 1HZ"]}, "geometry": {"type": "Polygon", "coordinates": [[[-3.2705015676064537, 50.75016611279275], [-3.2686574247099744, 50.75034024119742], [-3.2686079102731824, 50.75006045977205], [-3.269243716619659, 50.74935231250326], [-3.270535396028132, 50.74999600922565], [-3.2705015676064537, 50.75016611279275]]]}}, {"type": "Feature", "properties": {"type": "postcode-cell", "postcode": "EX11 1QN", "postcodes": ["EX11 1QN"]}, "geometry": {"type": "Polygon", "coordinates": [[[-3.268950846348847, 50.74817452322465], [-3.266666791133853, 50.749174408819385], [-3.265327477737882, 50.74925419154428], [-3.261505770672941, 50.74868799428476], [-3.2618249281937097, 50.74445136202515], [-3.2619133520942136, 50.744101216203006], [-3.268973015564288, 50.74482371376923], [-3.2701095463922814, 50.74664437431149], [-3.268950846348847, 50.74817452322465]]]}}, {"type": "Feature", "properties": {"type": "postcode-cell", "postcode": "EX11 1SY", "postcodes": ["EX11 1SY"]}, "geometry": {"type": "Polygon", "coordinates": [[[-3.2703524604789482, 50.75288463430319], [-3.2686351968325837, 50.752857962858855], [-3.2695901022074345, 50.75169269067807], [-3.27067720997576, 50.75193577961465], [-3.2703524604789482, 50.75288463430319]]]}}, {"type": "Feature", "properties": {"type": "postcode-cell", "postcode": "EX11 1JB", "postcodes": ["EX11 1JB"]}, "geometry": {"type": "Polygon", "coordinates": [[[-3.270572687459123, 50.750462361927525], [-3.2689888440559236, 50.75107662338294], [-3.268518938806231, 50.750825459393084], [-3.2686574247099744, 50.75034024119742], [-3.2705015676064537, 50.75016611279275], [-3.270572687459123, 50.750462361927525]]]}}, {"type": "Feature", "properties": {"type": "postcode-cell", "postcode": "EX11 1TF", "postcodes": ["EX11 1TF"]}, "geometry": {"type": "Polygon", "coordinates": [[[-3.2673010727570264, 50.755781676388196], [-3.266543650636968, 50.755775395389705], [-3.266530371729595, 50.75576444623911], [-3.267416661713559, 50.75491389662144], [-3.269727559499476, 50.75393738689167], [-3.2698968228665337, 50.75392819027214], [-3.2705098322126926, 50.75451189209607], [-3.270501446157141, 50.754553794658314], [-3.2674660610417483, 50.75575965616337], [-3.2673010727570264, 50.755781676388196]]]}}, {"type": "Feature", "properties": {"type": "postcode-cell", "postcode": "EX11 1NX", "postcodes": ["EX11 1NX"]}, "geometry": {"type": "Polygon", "coordinates": [[[-3.27183983591401, 50.76207087481211], [-3.270354745926405, 50.76400304943385], [-3.264001457893096, 50.760739609274765], [-3.267055534163429, 50.75931010485875], [-3.2697851086641347, 50.759385089420796], [-3.27183983591401, 50.76207087481211]]]}}, {"type": "Feature", "properties": {"type": "postcode-cell", "postcode": "EX11 1PR", "postcodes": ["EX11 1PR"]}, "geometry": {"type": "Polygon", "coordinates": [[[-3.269243716619659, 50.74935231250326], [-3.2686079102731824, 50.75006045977205], [-3.26736235302888, 50.74975998921057], [-3.266666791133853, 50.749174408819385], [-3.268950846348847, 50.74817452322465], [-3.269243716619659, 50.74935231250326]]]}}, {"type": "Feature", "properties": {"type": "postcode-cell", "postcode": "EX11 1SZ", "postcodes": ["EX11 1SZ"]}, "geometry": {"type": "Polygon", "coordinates": [[[-3.2695901022074345, 50.75169269067807], [-3.2686351968325837, 50.752857962858855], [-3.2683003105705635, 50.752936533907885], [-3.267701633615999, 50.752501294265386], [-3.267579853469449, 50.75222694635674], [-3.269285545290944, 50.75154466312713], [-3.2695901022074345, 50.75169269067807]]]}}, {"type": "Feature", "properties": {"type": "postcode-cell", "postcode": "EX11 1JE", "postcodes": ["EX11 1JE"]}, "geometry": {"type": "Polygon", "coordinates": [[[-3.2686574247099744, 50.75034024119742], [-3.268518938806231, 50.750825459393084], [-3.268276355194392, 50.75085062534629], [-3.267274933100864, 50.75042614969188], [-3.26736235302888, 50.74975998921057], [-3.2686079102731824, 50.75006045977205], [-3.2686574247099744, 50.75034024119742]]]}}, {"type": "Feature", "properties": {"type": "postcode-cell", "postcode": "EX11 1SX", "postcodes": ["EX11 1SX"]}, "geometry": {"type": "Polygon", "coordinates": [[[-3.269285545290944, 50.75154466312713], [-3.267579853469449, 50.75222694635674], [-3.267185707064185, 50.752000279502575], [-3.267022202483667, 50.75145312532916], [-3.268276355194392, 50.75085062534629], [-3.268518938806231, 50.750825459393084], [-3.2689888440559236, 50.75107662338294], [-3.269285545290944, 50.75154466312713]]]}}, {"type": "Feature", "properties": {"type": "postcode-cell", "postcode": "EX11 1TE", "postcodes": ["EX11 1TE"]}, "geometry": {"type": "Polygon", "coordinates": [[[-3.267416661713559, 50.75491389662144], [-3.2679450560149825, 50.75341458544143], [-3.268262543160609, 50.75312182401849], [-3.269727559499476, 50.75393738689167], [-3.267416661713559, 50.75491389662144]]]}}, {"type": "Feature", "properties": {"type": "postcode-cell", "postcode": "EX11 1TD", "postcodes": ["EX11 1TD"]}, "geometry": {"type": "Polygon", "coordinates": [[[-3.266530371729595, 50.75576444623911], [-3.262556811148295, 50.754473695669574], [-3.2625273771599033, 50.75387644730656], [-3.2659878120127446, 50.75323460312325], [-3.2679450560149825, 50.75341458544143], [-3.267416661713559, 50.75491389662144], [-3.266530371729595, 50.75576444623911]]]}}, {"type": "Feature", "properties": {"type": "postcode-cell", "postcode": "EX11 1TJ", "postcodes": ["EX11 1TJ"]}, "geometry": {"type": "Polygon", "coordinates": [[[-3.266543650636968, 50.755775395389705], [-3.267055534163429, 50.75931010485875], [-3.264001457893096, 50.760739609274765], [-3.2612367536259748, 50.76119690339828], [-3.2579239469226264, 50.758458765848275], [-3.2584248092785457, 50.7572597484623], [-3.262556811148295, 50.754473695669574], [-3.266530371729595, 50.75576444623911], [-3.266543650636968, 50.755775395389705]]]}}, {"type": "Feature", "properties": {"type": "postcode-cell", "postcode": "EX11 1TA", "postcodes": ["EX11 1TA"]}, "geometry": {"type": "Polygon", "coordinates": [[[-3.2683003105705635, 50.752936533907885], [-3.268262543160609, 50.75312182401849], [-3.2679450560149825, 50.75341458544143], [-3.2659878120127446, 50.75323460312325], [-3.267701633615999, 50.752501294265386], [-3.2683003105705635, 50.752936533907885]]]}}, {"type": "Feature", "properties": {"type": "postcode-cell", "postcode": "EX11 1JL", "postcodes": ["EX11 1JL"]}, "geometry": {"type": "Polygon", "coordinates": [[[-3.267274933100864, 50.75042614969188], [-3.2664577027490216, 50.750565490315125], [-3.265327477737882, 50.74925419154428], [-3.266666791133853, 50.749174408819385], [-3.26736235302888, 50.74975998921057], [-3.267274933100864, 50.75042614969188]]]}}, {"type": "Feature", "properties": {"type": "postcode-cell", "postcode": "EX11 1JG", "postcodes": ["EX11 1JG"]}, "geometry": {"type": "Polygon", "coordinates": [[[-3.267022202483667, 50.75145312532916], [-3.2662579387755004, 50.751143148895466], [-3.2664577027490216, 50.750565490315125], [-3.267274933100864, 50.75042614969188], [-3.268276355194392, 50.75085062534629], [-3.267022202483667, 50.75145312532916]]]}}, {"type": "Feature", "properties": {"type": "postcode-cell", "postcode": "EX11 1JH", "postcodes": ["EX11 1JH"]}, "geometry": {"type": "Polygon", "coordinates": [[[-3.267701633615999, 50.752501294265386], [-3.2659878120127446, 50.75323460312325], [-3.2625273771599033, 50.75387644730656], [-3.262305855082973, 50.75319706753809], [-3.267185707064185, 50.752000279502575], [-3.267579853469449, 50.75222694635674], [-3.267701633615999, 50.752501294265386]]]}}, {"type": "Feature", "properties": {"type": "postcode-cell", "postcode": "EX11 1JQ", "postcodes": ["EX11 1JQ"]}, "geometry": {"type": "Polygon", "coordinates": [[[-3.267185707064185, 50.752000279502575], [-3.262305855082973, 50.75319706753809], [-3.261462342263391, 50.75177330325541], [-3.2662579387755004, 50.751143148895466], [-3.267022202483667, 50.75145312532916], [-3.267185707064185, 50.752000279502575]]]}}, {"type": "Feature", "properties": {"type": "postcode-cell", "postcode": "EX11 1JJ", "postcodes": ["EX11 1JJ"]}, "geometry": {"type": "Polygon", "coordinates": [[[-3.2664577027490216, 50.750565490315125], [-3.2662579387755004, 50.751143148895466], [-3.261462342263391, 50.75177330325541], [-3.260171774660684, 50.750507590790946], [-3.261505770672941, 50.74868799428476], [-3.265327477737882, 50.74925419154428], [-3.2664577027490216, 50.750565490315125]]]}}, {"type": "Feature", "properties": {"type": "postcode-cell", "postcode": "EX14 3BJ", "postcodes": ["EX14 3BJ"]}, "geometry": {"type": "Polygon", "coordinates": [[[-3.266098596320886, 50.77302469561942], [-3.2699985867882964, 50.78051280798882], [-3.2636402518047753, 50.778921959741716], [-3.2612988971796653, 50.776392805632106], [-3.263330749042943, 50.77416189891309], [-3.266098596320886, 50.77302469561942]]]}}, {"type": "Feature", "properties": {"type": "postcode-cell", "postcode": "EX11 1PL", "postcodes": ["EX11 1PL"]}, "geometry": {"type": "Polygon", "coordinates": [[[-3.262556811148295, 50.754473695669574], [-3.2584248092785457, 50.7572597484623], [-3.252377901654131, 50.75129679183427], [-3.260171774660684, 50.750507590790946], [-3.261462342263391, 50.75177330325541], [-3.262305855082973, 50.75319706753809], [-3.2625273771599033, 50.75387644730656], [-3.262556811148295, 50.754473695669574]]]}}, {"type": "Feature", "properties": {"type": "postcode-cell", "postcode": "EX11 1QG", "postcodes": ["EX11 1QG"]}, "geometry": {"type": "Polygon", "coordinates": [[[-3.2613312053006087, 50.74326064910755], [-3.2543683536765657, 50.741937904716956], [-3.2495637097618846, 50.738215176269634], [-3.256840169992898, 50.7360057989612], [-3.2612015308102125, 50.738415116510566], [-3.2616881851745947, 50.74237694294149], [-3.2613312053006087, 50.74326064910755]]]}}, {"type": "Feature", "properties": {"type": "postcode-cell", "postcode": "EX11 1QD", "postcodes": ["EX11 1QD"]}, "geometry": {"type": "Polygon", "coordinates": [[[-3.269233550871387, 50.72364820519113], [-3.2659876583822944, 50.73045809058536], [-3.25806358155094, 50.727570104234815], [-3.255751466817889, 50.72226509487334], [-3.256595280808713, 50.721037612390276], [-3.2670442860594378, 50.72129239919014], [-3.269233550871387, 50.72364820519113]]]}}, {"type": "Feature", "properties": {"type": "postcode-cell", "postcode": "EX11 1QL", "postcodes": ["EX11 1QL"]}, "geometry": {"type": "Polygon", "coordinates": [[[-3.260171774660684, 50.750507590790946], [-3.252377901654131, 50.75129679183427], [-3.249441123765599, 50.75083781432676], [-3.2618249281937097, 50.74445136202515], [-3.261505770672941, 50.74868799428476], [-3.260171774660684, 50.750507590790946]]]}}, {"type": "Feature", "properties": {"type": "postcode-cell", "postcode": "EX11 1QJ", "postcodes": ["EX11 1QJ"]}, "geometry": {"type": "Polygon", "coordinates": [[[-3.2618249281937097, 50.74445136202515], [-3.249441123765599, 50.75083781432676], [-3.2489974463990308, 50.750797364866976], [-3.2458588952573417, 50.74870240023724], [-3.246644236657093, 50.74826951389289], [-3.2618547492421692, 50.74404944694463], [-3.2619133520942136, 50.744101216203006], [-3.2618249281937097, 50.74445136202515]]]}}, {"type": "Feature", "properties": {"type": "postcode-cell", "postcode": "EX11 1NZ", "postcodes": ["EX11 1NZ"]}, "geometry": {"type": "Polygon", "coordinates": [[[-3.267405349652386, 50.77126712153749], [-3.2585758887426293, 50.771971750093265], [-3.2518872315374927, 50.7676516514864], [-3.259269993756886, 50.76634447499212], [-3.268509482448602, 50.76994396759608], [-3.267405349652386, 50.77126712153749]]]}}, {"type": "Feature", "properties": {"type": "postcode-cell", "postcode": "EX11 1PE", "postcodes": ["EX11 1PE"]}, "geometry": {"type": "Polygon", "coordinates": [[[-3.2612988971796653, 50.776392805632106], [-3.2598141091681128, 50.776911209394484], [-3.257308285606524, 50.77514550430379], [-3.257270002822221, 50.77372137610978], [-3.2585806883043054, 50.773694934263666], [-3.263330749042943, 50.77416189891309], [-3.2612988971796653, 50.776392805632106]]]}}, {"type": "Feature", "properties": {"type": "postcode-cell", "postcode": "EX14 3BQ", "postcodes": ["EX14 3BQ"]}, "geometry": {"type": "Polygon", "coordinates": [[[-3.2636402518047753, 50.778921959741716], [-3.2614289215510177, 50.779649440006075], [-3.25796745722214, 50.778221056384275], [-3.258020633609688, 50.77789938993941], [-3.2598141091681128, 50.776911209394484], [-3.2612988971796653, 50.776392805632106], [-3.2636402518047753, 50.778921959741716]]]}}, {"type": "Feature", "properties": {"type": "postcode-cell", "postcode": "EX14 3BG", "postcodes": ["EX14 3BG"]}, "geometry": {"type": "Polygon", "coordinates": [[[-3.25796745722214, 50.778221056384275], [-3.2614289215510177, 50.779649440006075], [-3.261094073831888, 50.780654486901604], [-3.2606199895513757, 50.7804999947925], [-3.259449989550964, 50.779849994791995], [-3.258879989551055, 50.7789299947913], [-3.2571179519373943, 50.77924590448692], [-3.25796745722214, 50.778221056384275]]]}}, {"type": "Feature", "properties": {"type": "postcode-cell", "postcode": "EX11 1QB", "postcodes": ["EX11 1QB"]}, "geometry": {"type": "Polygon", "coordinates": [[[-3.25806358155094, 50.727570104234815], [-3.253136684584394, 50.72994601708227], [-3.2511295438365133, 50.72956027102789], [-3.2540499895743498, 50.72473999474898], [-3.255751466817889, 50.72226509487334], [-3.25806358155094, 50.727570104234815]]]}}, {"type": "Feature", "properties": {"type": "postcode-cell", "postcode": "EX11 1QA", "postcodes": ["EX11 1QA"]}, "geometry": {"type": "Polygon", "coordinates": [[[-3.266038508845678, 50.73070769129839], [-3.257949074009756, 50.7332803786693], [-3.2558594381896198, 50.73229506668488], [-3.253136684584394, 50.72994601708227], [-3.25806358155094, 50.727570104234815], [-3.2659876583822944, 50.73045809058536], [-3.266038508845678, 50.73070769129839]]]}}, {"type": "Feature", "properties": {"type": "postcode-cell", "postcode": "EX11 1PG", "postcodes": ["EX11 1PG"]}, "geometry": {"type": "Polygon", "coordinates": [[[-3.259269993756886, 50.76634447499212], [-3.2518872315374927, 50.7676516514864], [-3.248953444978988, 50.7680549864429], [-3.2485943005535334, 50.75908923900658], [-3.2579239469226264, 50.758458765848275], [-3.2612367536259748, 50.76119690339828], [-3.259269993756886, 50.76634447499212]]]}}, {"type": "Feature", "properties": {"type": "postcode-cell", "postcode": "EX11 1PF", "postcodes": ["EX11 1PF"]}, "geometry": {"type": "Polygon", "coordinates": [[[-3.255263043471881, 50.77666720367364], [-3.257308285606524, 50.77514550430379], [-3.2598141091681128, 50.776911209394484], [-3.258020633609688, 50.77789938993941], [-3.255263043471881, 50.77666720367364]]]}}, {"type": "Feature", "properties": {"type": "postcode-cell", "postcode": "EX11 1PB", "postcodes": ["EX11 1PB"]}, "geometry": {"type": "Polygon", "coordinates": [[[-3.255263043471881, 50.77666720367364], [-3.258020633609688, 50.77789938993941], [-3.25796745722214, 50.778221056384275], [-3.2571179519373943, 50.77924590448692], [-3.2563699895492793, 50.779379994791675], [-3.2506399895468454, 50.777069994789976], [-3.249289989546352, 50.776359994789416], [-3.247339370649228, 50.77481305630066], [-3.255263043471881, 50.77666720367364]]]}}, {"type": "Feature", "properties": {"type": "postcode-cell", "postcode": "EX11 1FE", "postcodes": ["EX11 1FE"]}, "geometry": {"type": "Polygon", "coordinates": [[[-3.2585758887426293, 50.771971750093265], [-3.2585806883043054, 50.773694934263666], [-3.257270002822221, 50.77372137610978], [-3.2445723688370878, 50.77072257970675], [-3.248953444978988, 50.7680549864429], [-3.2518872315374927, 50.7676516514864], [-3.2585758887426293, 50.771971750093265]]]}}, {"type": "Feature", "properties": {"type": "postcode-cell", "postcode": "EX11 1QH", "postcodes": ["EX11 1QH"]}, "geometry": {"type": "Polygon", "coordinates": [[[-3.2613312053006087, 50.74326064910755], [-3.2618547492421692, 50.74404944694463], [-3.246644236657093, 50.74826951389289], [-3.2543683536765657, 50.741937904716956], [-3.2613312053006087, 50.74326064910755]]]}}, {"type": "Feature", "properties": {"type": "postcode-cell", "postcode": "EX11 1PA", "postcodes": ["EX11 1PA"]}, "geometry": {"type": "Polygon", "coordinates": [[[-3.257270002822221, 50.77372137610978], [-3.257308285606524, 50.77514550430379], [-3.255263043471881, 50.77666720367364], [-3.247339370649228, 50.77481305630066], [-3.244359989545193, 50.77244999478643], [-3.242502979912315, 50.771577357740405], [-3.2445723688370878, 50.77072257970675], [-3.257270002822221, 50.77372137610978]]]}}, {"type": "Feature", "properties": {"type": "postcode-cell", "postcode": "EX11 1QF", "postcodes": ["EX11 1QF"]}, "geometry": {"type": "Polygon", "coordinates": [[[-3.257949074009756, 50.7332803786693], [-3.256840169992898, 50.7360057989612], [-3.2495637097618846, 50.738215176269634], [-3.2461623156739488, 50.73775640751267], [-3.2481600398087727, 50.73446044317563], [-3.2558594381896198, 50.73229506668488], [-3.257949074009756, 50.7332803786693]]]}}, {"type": "Feature", "properties": {"type": "postcode-cell", "postcode": "EX11 1PH", "postcodes": ["EX11 1PH"]}, "geometry": {"type": "Polygon", "coordinates": [[[-3.252377901654131, 50.75129679183427], [-3.2584248092785457, 50.7572597484623], [-3.2579239469226264, 50.758458765848275], [-3.2485943005535334, 50.75908923900658], [-3.2475179870011908, 50.75837644397217], [-3.2489974463990308, 50.750797364866976], [-3.249441123765599, 50.75083781432676], [-3.252377901654131, 50.75129679183427]]]}}, {"type": "Feature", "properties": {"type": "postcode-cell", "postcode": "EX11 1PQ", "postcodes": ["EX11 1PQ"]}, "geometry": {"type": "Polygon", "coordinates": [[[-3.2475179870011908, 50.75837644397217], [-3.2485943005535334, 50.75908923900658], [-3.248953444978988, 50.7680549864429], [-3.2445723688370878, 50.77072257970675], [-3.242502979912315, 50.771577357740405], [-3.235699989541807, 50.76837999478339], [-3.234259989541461, 50.76725999478255], [-3.2341699895435227, 50.76289999477912], [-3.233823836569006, 50.75841659188113], [-3.2475179870011908, 50.75837644397217]]]}}, {"type": "Feature", "properties": {"type": "postcode-cell", "postcode": "EX11 1QQ", "postcodes": ["EX11 1QQ"]}, "geometry": {"type": "Polygon", "coordinates": [[[-3.2543683536765657, 50.741937904716956], [-3.246644236657093, 50.74826951389289], [-3.2458588952573417, 50.74870240023724], [-3.239734908468142, 50.747235367814845], [-3.241549989557344, 50.7438399947641], [-3.245359989562012, 50.739079994760324], [-3.2461623156739488, 50.73775640751267], [-3.2495637097618846, 50.738215176269634], [-3.2543683536765657, 50.741937904716956]]]}}, {"type": "Feature", "properties": {"type": "postcode-cell", "postcode": "EX11 1PJ", "postcodes": ["EX11 1PJ"]}, "geometry": {"type": "Polygon", "coordinates": [[[-3.2458588952573417, 50.74870240023724], [-3.2489974463990308, 50.750797364866976], [-3.2475179870011908, 50.75837644397217], [-3.233823836569006, 50.75841659188113], [-3.2337499895459048, 50.75745999477488], [-3.235629989549322, 50.75281999477121], [-3.2389999895534505, 50.74860999476787], [-3.239734908468142, 50.747235367814845], [-3.2458588952573417, 50.74870240023724]]]}}, {"type": "Feature", "properties": {"type": "postcode-cell", "postcode": "EX11 1QE", "postcodes": ["EX11 1QE"]}, "geometry": {"type": "Polygon", "coordinates": [[[-3.253136684584394, 50.72994601708227], [-3.2558594381896198, 50.73229506668488], [-3.2481600398087727, 50.73446044317563], [-3.2511295438365133, 50.72956027102789], [-3.253136684584394, 50.72994601708227]]]}}]}