{"type": "FeatureCollection", "features": [{"type": "Feature", "properties": {"type": "ward-outline", "name": "Pennsylvania"}, "geometry": {"type": "Polygon", "coordinates": [[[-3.50275, 50.75527], [-3.50285, 50.75426], [-3.50531, 50.75271], [-3.50648, 50.75001], [-3.50814, 50.74835], [-3.50838, 50.74643], [-3.51127, 50.74423], [-3.51206, 50.74207], [-3.5111, 50.74085], [-3.51216, 50.74048], [-3.51231, 50.74007], [-3.51154, 50.73938], [-3.51162, 50.73894], [-3.5101, 50.73871], [-3.50698, 50.73762], [-3.50516, 50.73668], [-3.50492, 50.73584], [-3.50387, 50.73616], [-3.50327, 50.73558], [-3.50492, 50.73482], [-3.50263, 50.73472], [-3.5022, 50.73347], [-3.50052, 50.73361], [-3.50116, 50.73159], [-3.50235, 50.73141], [-3.50268, 50.73134], [-3.50216, 50.73115], [-3.50117, 50.72904], [-3.50754, 50.72899], [-3.50793, 50.72986], [-3.50848, 50.72984], [-3.50894, 50.72976], [-3.50861, 50.72913], [-3.51341, 50.72846], [-3.51415, 50.73077], [-3.5152, 50.73243], [-3.51817, 50.73201], [-3.51688, 50.73455], [-3.51987, 50.73446], [-3.52497, 50.73341], [-3.52259, 50.73823], [-3.52244, 50.73999], [-3.52354, 50.74191], [-3.52595, 50.74282], [-3.52617, 50.745], [-3.52861, 50.74769], [-3.52843, 50.74862], [-3.52712, 50.74968], [-3.52782, 50.7495], [-3.52851, 50.74986], [-3.52984, 50.74949], [-3.53011, 50.75031], [-3.53217, 50.75063], [-3.53286, 50.75181], [-3.53412, 50.75229], [-3.53452, 50.75281], [-3.5299, 50.75436], [-3.52949, 50.75617], [-3.52905, 50.75656], [-3.52884, 50.75547], [-3.52723, 50.75516], [-3.52622, 50.7553], [-3.52635, 50.75766], [-3.52587, 50.7583], [-3.52542, 50.75837], [-3.52407, 50.75766], [-3.52249, 50.75756], [-3.51548, 50.75919], [-3.51465, 50.75955], [-3.51393, 50.76079], [-3.51274, 50.76146], [-3.51228, 50.7611], [-3.50742, 50.76061], [-3.50686, 50.75866], [-3.50525, 50.75718], [-3.50461, 50.75733], [-3.50278, 50.75577], [-3.50275, 50.75527]]]}}, {"type": "Feature", "properties": {"type": "postcode-cell", "postcode": "EX4 5BN", "postcodes": ["EX4 5BN"]}, "geometry": {"type": "Polygon", "coordinates": [[[-3.525985236425762, 50.753110366707965], [-3.519745246866444, 50.749936856214035], [-3.525441825102078, 50.746148698519875], [-3.527117411673122, 50.74604453203358], [-3.5286099897354544, 50.74768999476261], [-3.528429989734898, 50.74861999476336], [-3.5271199897335626, 50.74967999476421], [-3.5278199897340943, 50.74949999476406], [-3.528509989734361, 50.74985999476433], [-3.529839989735384, 50.74948999476403], [-3.530109989735166, 50.750309994764685], [-3.5321699897363237, 50.75062999476489], [-3.532859989736202, 50.75180999476579], [-3.534119989736777, 50.75228999476616], [-3.534519989736784, 50.752809994766565], [-3.5304460128538686, 50.75417681999975], [-3.525985236425762, 50.753110366707965]]]}}, {"type": "Feature", "properties": {"type": "postcode-cell", "postcode": "EX4 5BJ", "postcodes": ["EX4 5BJ"]}, "geometry": {"type": "Polygon", "coordinates": [[[-3.519745246866444, 50.749936856214035], [-3.51935078593428, 50.74980928814373], [-3.5223942927052208, 50.74546658887686], [-3.523479469242497, 50.745221136397504], [-3.5250080921028166, 50.74553896773771], [-3.525441825102078, 50.746148698519875], [-3.519745246866444, 50.749936856214035]]]}}, {"type": "Feature", "properties": {"type": "postcode-cell", "postcode": "EX4 5EU", "postcodes": ["EX4 5EU"]}, "geometry": {"type": "Polygon", "coordinates": [[[-3.525205493783569, 50.744465510907304], [-3.5250432147483464, 50.744407957922945], [-3.524962866413968, 50.74301055675451], [-3.525708809149687, 50.74272893043386], [-3.525949989736076, 50.74281999475882], [-3.526103740779942, 50.74434355157963], [-3.525205493783569, 50.744465510907304]]]}}, {"type": "Feature", "properties": {"type": "postcode-cell", "postcode": "EX4 5ET", "postcodes": ["EX4 5ET"]}, "geometry": {"type": "Polygon", "coordinates": [[[-3.525205493783569, 50.744465510907304], [-3.5250080921028166, 50.74553896773771], [-3.523479469242497, 50.745221136397504], [-3.5242387513455937, 50.744333664098484], [-3.5250432147483464, 50.744407957922945], [-3.525205493783569, 50.744465510907304]]]}}, {"type": "Feature", "properties": {"type": "postcode-cell", "postcode": "EX4 5BL", "postcodes": ["EX4 5BL"]}, "geometry": {"type": "Polygon", "coordinates": [[[-3.525441825102078, 50.746148698519875], [-3.5250080921028166, 50.74553896773771], [-3.525205493783569, 50.744465510907304], [-3.526103740779942, 50.74434355157963], [-3.52616998973518, 50.744999994760526], [-3.527117411673122, 50.74604453203358], [-3.525441825102078, 50.746148698519875]]]}}, {"type": "Feature", "properties": {"type": "postcode-cell", "postcode": "EX4 6DQ", "postcodes": ["EX4 6DQ"]}, "geometry": {"type": "Polygon", "coordinates": [[[-3.523885179794626, 50.734229893324475], [-3.5237537942834702, 50.73366041237325], [-3.5249699897399207, 50.733409994751405], [-3.524447483879737, 50.7344682661203], [-3.523885179794626, 50.734229893324475]]]}}, {"type": "Feature", "properties": {"type": "postcode-cell", "postcode": "EX4 5DZ", "postcodes": ["EX4 5DZ"]}, "geometry": {"type": "Polygon", "coordinates": [[[-3.524962866413968, 50.74301055675451], [-3.5241398449656014, 50.7430915075506], [-3.523287096893148, 50.74228520203814], [-3.5236463639083886, 50.74195016274968], [-3.525708809149687, 50.74272893043386], [-3.524962866413968, 50.74301055675451]]]}}, {"type": "Feature", "properties": {"type": "postcode-cell", "postcode": "EX4 7HP", "postcodes": ["EX4 7HP"]}, "geometry": {"type": "Polygon", "coordinates": [[[-3.5133167941716774, 50.730298736737616], [-3.5132571260832415, 50.72988225614526], [-3.513281256662193, 50.729872953361046], [-3.5138512617285262, 50.7298375079321], [-3.513996234520707, 50.730290048969835], [-3.5133167941716774, 50.730298736737616]]]}}, {"type": "Feature", "properties": {"type": "postcode-cell", "postcode": "EX4 6NE", "postcodes": ["EX4 6NE"]}, "geometry": {"type": "Polygon", "coordinates": [[[-3.5166957907822316, 50.73262951918261], [-3.5166526285241453, 50.732224581449216], [-3.5181699897362706, 50.7320099947504], [-3.5174832954159965, 50.73336212585567], [-3.5166957907822316, 50.73262951918261]]]}}, {"type": "Feature", "properties": {"type": "postcode-cell", "postcode": "EX4 5EX", "postcodes": ["EX4 5EX"]}, "geometry": {"type": "Polygon", "coordinates": [[[-3.5231790747981218, 50.74379713249302], [-3.5241398449656014, 50.7430915075506], [-3.524962866413968, 50.74301055675451], [-3.5250432147483464, 50.744407957922945], [-3.5242387513455937, 50.744333664098484], [-3.5231790747981218, 50.74379713249302]]]}}, {"type": "Feature", "properties": {"type": "postcode-cell", "postcode": "EX4 5HJ", "postcodes": ["EX4 5HJ"]}, "geometry": {"type": "Polygon", "coordinates": [[[-3.5242387513455937, 50.744333664098484], [-3.523479469242497, 50.745221136397504], [-3.5223942927052208, 50.74546658887686], [-3.5221535905968757, 50.74451382631865], [-3.522964443017686, 50.743807536297595], [-3.5231790747981218, 50.74379713249302], [-3.5242387513455937, 50.744333664098484]]]}}, {"type": "Feature", "properties": {"type": "postcode-cell", "postcode": "EX4 6JW", "postcodes": ["EX4 6JW"]}, "geometry": {"type": "Polygon", "coordinates": [[[-3.523723207825124, 50.735935117041905], [-3.5236763041236823, 50.73603010621436], [-3.523013722155604, 50.736105588111094], [-3.521829457583127, 50.73554162282216], [-3.5230394188410226, 50.735138372367636], [-3.523723207825124, 50.735935117041905]]]}}, {"type": "Feature", "properties": {"type": "postcode-cell", "postcode": "EX4 6DL", "postcodes": ["EX4 6DL"]}, "geometry": {"type": "Polygon", "coordinates": [[[-3.5230394188410226, 50.735138372367636], [-3.5230534740318795, 50.735121015017924], [-3.524193253086977, 50.73498316157973], [-3.523723207825124, 50.735935117041905], [-3.5230394188410226, 50.735138372367636]]]}}, {"type": "Feature", "properties": {"type": "postcode-cell", "postcode": "EX4 6DW", "postcodes": ["EX4 6DW"]}, "geometry": {"type": "Polygon", "coordinates": [[[-3.5225270634455437, 50.73685029320946], [-3.522482989145935, 50.736646807799474], [-3.523013722155604, 50.736105588111094], [-3.5236763041236823, 50.73603010621436], [-3.523123319852218, 50.737149977744615], [-3.5225270634455437, 50.73685029320946]]]}}, {"type": "Feature", "properties": {"type": "postcode-cell", "postcode": "EX4 6DJ", "postcodes": ["EX4 6DJ"]}, "geometry": {"type": "Polygon", "coordinates": [[[-3.5230534740318795, 50.735121015017924], [-3.5228352005504777, 50.73447549045446], [-3.523885179794626, 50.734229893324475], [-3.524447483879737, 50.7344682661203], [-3.524193253086977, 50.73498316157973], [-3.5230534740318795, 50.735121015017924]]]}}, {"type": "Feature", "properties": {"type": "postcode-cell", "postcode": "EX4 5BW", "postcodes": ["EX4 5BW"]}, "geometry": {"type": "Polygon", "coordinates": [[[-3.519745246866444, 50.749936856214035], [-3.525985236425762, 50.753110366707965], [-3.5145977570772837, 50.757637632369345], [-3.510453746708985, 50.755265427739396], [-3.5083943746846473, 50.75121434254726], [-3.514056192452924, 50.74973714284871], [-3.5183730249344314, 50.74963319355133], [-3.51935078593428, 50.74980928814373], [-3.519745246866444, 50.749936856214035]]]}}, {"type": "Feature", "properties": {"type": "postcode-cell", "postcode": "EX4 5ER", "postcodes": ["EX4 5ER"]}, "geometry": {"type": "Polygon", "coordinates": [[[-3.5223942927052208, 50.74546658887686], [-3.51935078593428, 50.74980928814373], [-3.5183730249344314, 50.74963319355133], [-3.5185666801231155, 50.746335066292104], [-3.5188031746675805, 50.745488246799354], [-3.518882590529641, 50.745362029851194], [-3.5192169592585247, 50.74513897943804], [-3.5214435647597004, 50.74439657597534], [-3.5221535905968757, 50.74451382631865], [-3.5223942927052208, 50.74546658887686]]]}}, {"type": "Feature", "properties": {"type": "postcode-cell", "postcode": "EX4 6HZ", "postcodes": ["EX4 6HZ"]}, "geometry": {"type": "Polygon", "coordinates": [[[-3.5228352005504777, 50.73447549045446], [-3.521716434712414, 50.73407987539901], [-3.5237537942834702, 50.73366041237325], [-3.523885179794626, 50.734229893324475], [-3.5228352005504777, 50.73447549045446]]]}}, {"type": "Feature", "properties": {"type": "postcode-cell", "postcode": "EX4 5DS", "postcodes": ["EX4 5DS"]}, "geometry": {"type": "Polygon", "coordinates": [[[-3.5231790747981218, 50.74379713249302], [-3.522964443017686, 50.743807536297595], [-3.521958140320953, 50.743122963805405], [-3.5221444888125095, 50.74255434343032], [-3.5224211114567625, 50.74240872171045], [-3.523287096893148, 50.74228520203814], [-3.5241398449656014, 50.7430915075506], [-3.5231790747981218, 50.74379713249302]]]}}, {"type": "Feature", "properties": {"type": "postcode-cell", "postcode": "EX4 6JN", "postcodes": ["EX4 6JN"]}, "geometry": {"type": "Polygon", "coordinates": [[[-3.5230394188410226, 50.735138372367636], [-3.521829457583127, 50.73554162282216], [-3.5216595670416444, 50.735540090991826], [-3.521331330032987, 50.73528243991515], [-3.5213112674817784, 50.73437927217971], [-3.521387801268636, 50.73414753227425], [-3.521716434712414, 50.73407987539901], [-3.5228352005504777, 50.73447549045446], [-3.5230534740318795, 50.735121015017924], [-3.5230394188410226, 50.735138372367636]]]}}, {"type": "Feature", "properties": {"type": "postcode-cell", "postcode": "EX4 5HE", "postcodes": ["EX4 5HE"]}, "geometry": {"type": "Polygon", "coordinates": [[[-3.5221535905968757, 50.74451382631865], [-3.5214435647597004, 50.74439657597534], [-3.5205848721640844, 50.74364161055641], [-3.52087756882966, 50.74330971487646], [-3.521958140320953, 50.743122963805405], [-3.522964443017686, 50.743807536297595], [-3.5221535905968757, 50.74451382631865]]]}}, {"type": "Feature", "properties": {"type": "postcode-cell", "postcode": "EX4 6HJ", "postcodes": ["EX4 6HJ"]}, "geometry": {"type": "Polygon", "coordinates": [[[-3.522482989145935, 50.736646807799474], [-3.5214375815507917, 50.73616665816238], [-3.521421006384313, 50.735995993525584], [-3.5216595670416444, 50.735540090991826], [-3.521829457583127, 50.73554162282216], [-3.523013722155604, 50.736105588111094], [-3.522482989145935, 50.736646807799474]]]}}, {"type": "Feature", "properties": {"type": "postcode-cell", "postcode": "EX4 5DU", "postcodes": ["EX4 5DU"]}, "geometry": {"type": "Polygon", "coordinates": [[[-3.523287096893148, 50.74228520203814], [-3.5224211114567625, 50.74240872171045], [-3.5220774437078, 50.74124000950582], [-3.523083741742657, 50.74111365543116], [-3.5235399897349753, 50.74190999475813], [-3.5236463639083886, 50.74195016274968], [-3.523287096893148, 50.74228520203814]]]}}, {"type": "Feature", "properties": {"type": "postcode-cell", "postcode": "EX4 5DQ", "postcodes": ["EX4 5DQ"]}, "geometry": {"type": "Polygon", "coordinates": [[[-3.5221444888125095, 50.74255434343032], [-3.520661941731214, 50.74195824053246], [-3.5205678129521387, 50.74185710245025], [-3.5216965195424943, 50.74116993382987], [-3.5220774437078, 50.74124000950582], [-3.5224211114567625, 50.74240872171045], [-3.5221444888125095, 50.74255434343032]]]}}, {"type": "Feature", "properties": {"type": "postcode-cell", "postcode": "EX4 6DZ", "postcodes": ["EX4 6DZ"]}, "geometry": {"type": "Polygon", "coordinates": [[[-3.5220774437078, 50.74124000950582], [-3.5216965195424943, 50.74116993382987], [-3.5210865961168913, 50.74028464806707], [-3.5215537956919234, 50.73990063547545], [-3.5224599489051287, 50.73975581384403], [-3.5224399897351892, 50.739989994756634], [-3.523083741742657, 50.74111365543116], [-3.5220774437078, 50.74124000950582]]]}}, {"type": "Feature", "properties": {"type": "postcode-cell", "postcode": "EX4 6JP", "postcodes": ["EX4 6JP"]}, "geometry": {"type": "Polygon", "coordinates": [[[-3.5216595670416444, 50.735540090991826], [-3.521421006384313, 50.735995993525584], [-3.5201653246257494, 50.73606150573759], [-3.5195785182032413, 50.73571091360788], [-3.51957303800086, 50.7354491029482], [-3.521331330032987, 50.73528243991515], [-3.5216595670416444, 50.735540090991826]]]}}, {"type": "Feature", "properties": {"type": "postcode-cell", "postcode": "EX4 6HG", "postcodes": ["EX4 6HG"]}, "geometry": {"type": "Polygon", "coordinates": [[[-3.522482989145935, 50.736646807799474], [-3.5225270634455437, 50.73685029320946], [-3.522101718629485, 50.73697375734355], [-3.5213076569292796, 50.736884143834224], [-3.52121552038094, 50.736415640259736], [-3.5214375815507917, 50.73616665816238], [-3.522482989145935, 50.736646807799474]]]}}, {"type": "Feature", "properties": {"type": "postcode-cell", "postcode": "EX4 6DX", "postcodes": ["EX4 6DX"]}, "geometry": {"type": "Polygon", "coordinates": [[[-3.5215537956919234, 50.73990063547545], [-3.520863791270953, 50.739152889993534], [-3.5211944582409807, 50.73874425841927], [-3.522543059802857, 50.73878065175183], [-3.5224599489051287, 50.73975581384403], [-3.5215537956919234, 50.73990063547545]]]}}, {"type": "Feature", "properties": {"type": "postcode-cell", "postcode": "EX4 6HE", "postcodes": ["EX4 6HE"]}, "geometry": {"type": "Polygon", "coordinates": [[[-3.523123319852218, 50.737149977744615], [-3.522695728802544, 50.73801587254486], [-3.5215350939096446, 50.73783327388155], [-3.522101718629485, 50.73697375734355], [-3.5225270634455437, 50.73685029320946], [-3.523123319852218, 50.737149977744615]]]}}, {"type": "Feature", "properties": {"type": "postcode-cell", "postcode": "EX4 6HB", "postcodes": ["EX4 6HB"]}, "geometry": {"type": "Polygon", "coordinates": [[[-3.522695728802544, 50.73801587254486], [-3.5225899897361215, 50.73822999475525], [-3.522543059802857, 50.73878065175183], [-3.5211944582409807, 50.73874425841927], [-3.5209207878920084, 50.73786538069204], [-3.5215350939096446, 50.73783327388155], [-3.522695728802544, 50.73801587254486]]]}}, {"type": "Feature", "properties": {"type": "postcode-cell", "postcode": "EX4 6HH", "postcodes": ["EX4 6HH"]}, "geometry": {"type": "Polygon", "coordinates": [[[-3.5214375815507917, 50.73616665816238], [-3.52121552038094, 50.736415640259736], [-3.5202423454112712, 50.73658610529012], [-3.5201653246257494, 50.73606150573759], [-3.521421006384313, 50.735995993525584], [-3.5214375815507917, 50.73616665816238]]]}}, {"type": "Feature", "properties": {"type": "postcode-cell", "postcode": "EX4 6HF", "postcodes": ["EX4 6HF"]}, "geometry": {"type": "Polygon", "coordinates": [[[-3.5209207878920084, 50.73786538069204], [-3.520295505039528, 50.737673476800126], [-3.5202979169656934, 50.737664544286794], [-3.5213076569292796, 50.736884143834224], [-3.522101718629485, 50.73697375734355], [-3.5215350939096446, 50.73783327388155], [-3.5209207878920084, 50.73786538069204]]]}}, {"type": "Feature", "properties": {"type": "postcode-cell", "postcode": "EX4 5EA", "postcodes": ["EX4 5EA"]}, "geometry": {"type": "Polygon", "coordinates": [[[-3.52087756882966, 50.74330971487646], [-3.5204309083402583, 50.74294617058527], [-3.520661941731214, 50.74195824053246], [-3.5221444888125095, 50.74255434343032], [-3.521958140320953, 50.743122963805405], [-3.52087756882966, 50.74330971487646]]]}}, {"type": "Feature", "properties": {"type": "postcode-cell", "postcode": "EX4 5DG", "postcodes": ["EX4 5DG"]}, "geometry": {"type": "Polygon", "coordinates": [[[-3.5216965195424943, 50.74116993382987], [-3.5205678129521387, 50.74185710245025], [-3.5200992899788024, 50.7417818304596], [-3.5199953469004464, 50.740373284579476], [-3.5210865961168913, 50.74028464806707], [-3.5216965195424943, 50.74116993382987]]]}}, {"type": "Feature", "properties": {"type": "postcode-cell", "postcode": "EX4 6HQ", "postcodes": ["EX4 6HQ"]}, "geometry": {"type": "Polygon", "coordinates": [[[-3.5213076569292796, 50.736884143834224], [-3.5202979169656934, 50.737664544286794], [-3.520039477085556, 50.7367678166602], [-3.5202423454112712, 50.73658610529012], [-3.52121552038094, 50.736415640259736], [-3.5213076569292796, 50.736884143834224]]]}}, {"type": "Feature", "properties": {"type": "postcode-cell", "postcode": "EX4 6HA", "postcodes": ["EX4 6HA"]}, "geometry": {"type": "Polygon", "coordinates": [[[-3.5209207878920084, 50.73786538069204], [-3.5211944582409807, 50.73874425841927], [-3.520863791270953, 50.739152889993534], [-3.519955042245862, 50.73907174556869], [-3.5195827794827497, 50.73828418960905], [-3.520123676393899, 50.73772096726011], [-3.520295505039528, 50.737673476800126], [-3.5209207878920084, 50.73786538069204]]]}}, {"type": "Feature", "properties": {"type": "postcode-cell", "postcode": "EX4 5SR", "postcodes": ["EX4 5SR"]}, "geometry": {"type": "Polygon", "coordinates": [[[-3.5145977570772837, 50.757637632369345], [-3.525985236425762, 50.753110366707965], [-3.5304460128538686, 50.75417681999975], [-3.529899989733111, 50.75435999476787], [-3.529489989731993, 50.75616999476929], [-3.5290499897315275, 50.7565599947696], [-3.528839989731911, 50.75546999476876], [-3.5272299897310337, 50.75515999476852], [-3.5262199897303246, 50.755299994768635], [-3.5263499897292894, 50.75765999477052], [-3.5258699897286796, 50.758299994771015], [-3.525419989728361, 50.75836999477109], [-3.5240699897278387, 50.757659994770535], [-3.522489989726883, 50.75755999477049], [-3.5154799897216544, 50.75918999477189], [-3.5152610110486675, 50.75928497457797], [-3.5145977570772837, 50.757637632369345]]]}}, {"type": "Feature", "properties": {"type": "postcode-cell", "postcode": "EX4 5HF", "postcodes": ["EX4 5HF"]}, "geometry": {"type": "Polygon", "coordinates": [[[-3.518882590529641, 50.745362029851194], [-3.518509954637879, 50.7433714560652], [-3.520355781181823, 50.743710497896394], [-3.5192169592585247, 50.74513897943804], [-3.518882590529641, 50.745362029851194]]]}}, {"type": "Feature", "properties": {"type": "postcode-cell", "postcode": "EX4 6EY", "postcodes": ["EX4 6EY"]}, "geometry": {"type": "Polygon", "coordinates": [[[-3.520295505039528, 50.737673476800126], [-3.520123676393899, 50.73772096726011], [-3.5190537016706513, 50.73744370850495], [-3.5185884374498566, 50.73671829565675], [-3.5189598193820957, 50.73642307986082], [-3.520039477085556, 50.7367678166602], [-3.5202979169656934, 50.737664544286794], [-3.520295505039528, 50.737673476800126]]]}}, {"type": "Feature", "properties": {"type": "postcode-cell", "postcode": "EX4 5HG", "postcodes": ["EX4 5HG"]}, "geometry": {"type": "Polygon", "coordinates": [[[-3.5214435647597004, 50.74439657597534], [-3.5192169592585247, 50.74513897943804], [-3.520355781181823, 50.743710497896394], [-3.5205848721640844, 50.74364161055641], [-3.5214435647597004, 50.74439657597534]]]}}, {"type": "Feature", "properties": {"type": "postcode-cell", "postcode": "EX4 6DY", "postcodes": ["EX4 6DY"]}, "geometry": {"type": "Polygon", "coordinates": [[[-3.5210865961168913, 50.74028464806707], [-3.5199953469004464, 50.740373284579476], [-3.519274403335085, 50.74022748001756], [-3.5190760072209697, 50.73966733604021], [-3.519955042245862, 50.73907174556869], [-3.520863791270953, 50.739152889993534], [-3.5215537956919234, 50.73990063547545], [-3.5210865961168913, 50.74028464806707]]]}}, {"type": "Feature", "properties": {"type": "postcode-cell", "postcode": "EX4 5DH", "postcodes": ["EX4 5DH"]}, "geometry": {"type": "Polygon", "coordinates": [[[-3.520661941731214, 50.74195824053246], [-3.5204309083402583, 50.74294617058527], [-3.5190080556351817, 50.74277802416219], [-3.5191518751516875, 50.74191671198491], [-3.5200992899788024, 50.7417818304596], [-3.5205678129521387, 50.74185710245025], [-3.520661941731214, 50.74195824053246]]]}}, {"type": "Feature", "properties": {"type": "postcode-cell", "postcode": "EX4 6EX", "postcodes": ["EX4 6EX"]}, "geometry": {"type": "Polygon", "coordinates": [[[-3.5201653246257494, 50.73606150573759], [-3.5202423454112712, 50.73658610529012], [-3.520039477085556, 50.7367678166602], [-3.5189598193820957, 50.73642307986082], [-3.518959179939701, 50.73633552592519], [-3.5195785182032413, 50.73571091360788], [-3.5201653246257494, 50.73606150573759]]]}}, {"type": "Feature", "properties": {"type": "postcode-cell", "postcode": "EX4 6JT", "postcodes": ["EX4 6JT"]}, "geometry": {"type": "Polygon", "coordinates": [[[-3.521331330032987, 50.73528243991515], [-3.51957303800086, 50.7354491029482], [-3.519552198261262, 50.73543374805433], [-3.5192954793506788, 50.7350520180658], [-3.5213112674817784, 50.73437927217971], [-3.521331330032987, 50.73528243991515]]]}}, {"type": "Feature", "properties": {"type": "postcode-cell", "postcode": "EX4 5DD", "postcodes": ["EX4 5DD"]}, "geometry": {"type": "Polygon", "coordinates": [[[-3.52087756882966, 50.74330971487646], [-3.5205848721640844, 50.74364161055641], [-3.520355781181823, 50.743710497896394], [-3.518509954637879, 50.7433714560652], [-3.5184118235374933, 50.74327385859562], [-3.5190080556351817, 50.74277802416219], [-3.5204309083402583, 50.74294617058527], [-3.52087756882966, 50.74330971487646]]]}}, {"type": "Feature", "properties": {"type": "postcode-cell", "postcode": "EX4 6JR", "postcodes": ["EX4 6JR"]}, "geometry": {"type": "Polygon", "coordinates": [[[-3.5195785182032413, 50.73571091360788], [-3.518959179939701, 50.73633552592519], [-3.517841799948729, 50.73584006275534], [-3.5179044060174642, 50.73575344716561], [-3.519552198261262, 50.73543374805433], [-3.51957303800086, 50.7354491029482], [-3.5195785182032413, 50.73571091360788]]]}}, {"type": "Feature", "properties": {"type": "postcode-cell", "postcode": "EX4 6HU", "postcodes": ["EX4 6HU"]}, "geometry": {"type": "Polygon", "coordinates": [[[-3.5213112674817784, 50.73437927217971], [-3.5192954793506788, 50.7350520180658], [-3.518991071391864, 50.73481346242878], [-3.51890364026655, 50.73448909061418], [-3.5198699897361845, 50.734459994752314], [-3.521387801268636, 50.73414753227425], [-3.5213112674817784, 50.73437927217971]]]}}, {"type": "Feature", "properties": {"type": "postcode-cell", "postcode": "EX4 5DJ", "postcodes": ["EX4 5DJ"]}, "geometry": {"type": "Polygon", "coordinates": [[[-3.5199953469004464, 50.740373284579476], [-3.5200992899788024, 50.7417818304596], [-3.5191518751516875, 50.74191671198491], [-3.518780504075814, 50.741753471317985], [-3.5185999794933136, 50.74058481195466], [-3.519274403335085, 50.74022748001756], [-3.5199953469004464, 50.740373284579476]]]}}, {"type": "Feature", "properties": {"type": "postcode-cell", "postcode": "EX4 5DY", "postcodes": ["EX4 5DY"]}, "geometry": {"type": "Polygon", "coordinates": [[[-3.5184118235374933, 50.74327385859562], [-3.518146664750962, 50.74325166796021], [-3.517511024749445, 50.74311438626902], [-3.5169755646588743, 50.74270660540713], [-3.516893141651199, 50.74217994573635], [-3.5171289299597563, 50.741886013024406], [-3.518780504075814, 50.741753471317985], [-3.5191518751516875, 50.74191671198491], [-3.5190080556351817, 50.74277802416219], [-3.5184118235374933, 50.74327385859562]]]}}, {"type": "Feature", "properties": {"type": "postcode-cell", "postcode": "EX4 5DP", "postcodes": ["EX4 5DP"]}, "geometry": {"type": "Polygon", "coordinates": [[[-3.519274403335085, 50.74022748001756], [-3.5185999794933136, 50.74058481195466], [-3.5172813858809375, 50.740561622763074], [-3.517639100161438, 50.7396067779428], [-3.5182883839980694, 50.73929531947399], [-3.5190760072209697, 50.73966733604021], [-3.519274403335085, 50.74022748001756]]]}}, {"type": "Feature", "properties": {"type": "postcode-cell", "postcode": "EX4 5ES", "postcodes": ["EX4 5ES"]}, "geometry": {"type": "Polygon", "coordinates": [[[-3.519955042245862, 50.73907174556869], [-3.5190760072209697, 50.73966733604021], [-3.5182883839980694, 50.73929531947399], [-3.517991684081057, 50.73879263157577], [-3.5181125848488466, 50.73856455332478], [-3.5195827794827497, 50.73828418960905], [-3.519955042245862, 50.73907174556869]]]}}, {"type": "Feature", "properties": {"type": "postcode-cell", "postcode": "EX4 6EZ", "postcodes": ["EX4 6EZ"]}, "geometry": {"type": "Polygon", "coordinates": [[[-3.520123676393899, 50.73772096726011], [-3.5195827794827497, 50.73828418960905], [-3.5181125848488466, 50.73856455332478], [-3.5178719315193665, 50.738243313623336], [-3.5178693412980193, 50.737686675066485], [-3.5190537016706513, 50.73744370850495], [-3.520123676393899, 50.73772096726011]]]}}, {"type": "Feature", "properties": {"type": "postcode-cell", "postcode": "EX5 4BH", "postcodes": ["EX5 4BH"]}, "geometry": {"type": "Polygon", "coordinates": [[[-3.510453746708985, 50.755265427739396], [-3.5145977570772837, 50.757637632369345], [-3.5152610110486675, 50.75928497457797], [-3.514649989720956, 50.75954999477216], [-3.5139299897199106, 50.76078999477317], [-3.512739989718836, 50.76145999477372], [-3.512279989718715, 50.761099994773446], [-3.5074199897158613, 50.76060999477313], [-3.506859989716432, 50.75865999477158], [-3.5068481181837994, 50.758649082239316], [-3.510453746708985, 50.755265427739396]]]}}, {"type": "Feature", "properties": {"type": "postcode-cell", "postcode": "EX4 5HA", "postcodes": ["EX4 5HA"]}, "geometry": {"type": "Polygon", "coordinates": [[[-3.5188031746675805, 50.745488246799354], [-3.517330566519425, 50.744224603280266], [-3.518146664750962, 50.74325166796021], [-3.5184118235374933, 50.74327385859562], [-3.518509954637879, 50.7433714560652], [-3.518882590529641, 50.745362029851194], [-3.5188031746675805, 50.745488246799354]]]}}, {"type": "Feature", "properties": {"type": "postcode-cell", "postcode": "EX4 6EU", "postcodes": ["EX4 6EU"]}, "geometry": {"type": "Polygon", "coordinates": [[[-3.5185884374498566, 50.73671829565675], [-3.5179257934653583, 50.736774219424504], [-3.51784408573063, 50.73669429658025], [-3.517787046581399, 50.735860176756184], [-3.517841799948729, 50.73584006275534], [-3.518959179939701, 50.73633552592519], [-3.5189598193820957, 50.73642307986082], [-3.5185884374498566, 50.73671829565675]]]}}, {"type": "Feature", "properties": {"type": "postcode-cell", "postcode": "EX4 6JS", "postcodes": ["EX4 6JS"]}, "geometry": {"type": "Polygon", "coordinates": [[[-3.519552198261262, 50.73543374805433], [-3.5179044060174642, 50.73575344716561], [-3.517867247862273, 50.73523716537966], [-3.518991071391864, 50.73481346242878], [-3.5192954793506788, 50.7350520180658], [-3.519552198261262, 50.73543374805433]]]}}, {"type": "Feature", "properties": {"type": "postcode-cell", "postcode": "EX4 6ES", "postcodes": ["EX4 6ES"]}, "geometry": {"type": "Polygon", "coordinates": [[[-3.5178693412980193, 50.737686675066485], [-3.517315490058832, 50.737320541039814], [-3.5179257934653583, 50.736774219424504], [-3.5185884374498566, 50.73671829565675], [-3.5190537016706513, 50.73744370850495], [-3.5178693412980193, 50.737686675066485]]]}}, {"type": "Feature", "properties": {"type": "postcode-cell", "postcode": "EX4 6EW", "postcodes": ["EX4 6EW"]}, "geometry": {"type": "Polygon", "coordinates": [[[-3.517841799948729, 50.73584006275534], [-3.517787046581399, 50.735860176756184], [-3.516800238980574, 50.73595062059697], [-3.5164821781623727, 50.73582086949881], [-3.5169229451122157, 50.7353050997355], [-3.517490480543678, 50.735104788554565], [-3.517867247862273, 50.73523716537966], [-3.5179044060174642, 50.73575344716561], [-3.517841799948729, 50.73584006275534]]]}}, {"type": "Feature", "properties": {"type": "postcode-cell", "postcode": "EX4 5DR", "postcodes": ["EX4 5DR"]}, "geometry": {"type": "Polygon", "coordinates": [[[-3.5182883839980694, 50.73929531947399], [-3.517639100161438, 50.7396067779428], [-3.516414538693057, 50.73951653902136], [-3.516133955976711, 50.739004234707], [-3.517991684081057, 50.73879263157577], [-3.5182883839980694, 50.73929531947399]]]}}, {"type": "Feature", "properties": {"type": "postcode-cell", "postcode": "EX4 6EH", "postcodes": ["EX4 6EH"]}, "geometry": {"type": "Polygon", "coordinates": [[[-3.5178693412980193, 50.737686675066485], [-3.5178719315193665, 50.738243313623336], [-3.5164497606542238, 50.73814919092267], [-3.516245246717201, 50.73769827870179], [-3.5166313834417218, 50.73729483081338], [-3.517315490058832, 50.737320541039814], [-3.5178693412980193, 50.737686675066485]]]}}, {"type": "Feature", "properties": {"type": "postcode-cell", "postcode": "EX4 6EP", "postcodes": ["EX4 6EP"]}, "geometry": {"type": "Polygon", "coordinates": [[[-3.517315490058832, 50.737320541039814], [-3.5166313834417218, 50.73729483081338], [-3.5164197319283694, 50.73707854304191], [-3.5169059875219904, 50.73633934630877], [-3.51784408573063, 50.73669429658025], [-3.5179257934653583, 50.736774219424504], [-3.517315490058832, 50.737320541039814]]]}}, {"type": "Feature", "properties": {"type": "postcode-cell", "postcode": "EX4 6HT", "postcodes": ["EX4 6HT"]}, "geometry": {"type": "Polygon", "coordinates": [[[-3.517867247862273, 50.73523716537966], [-3.517490480543678, 50.735104788554565], [-3.5173368652126147, 50.73476914261014], [-3.5174021388521464, 50.734534283437334], [-3.51890364026655, 50.73448909061418], [-3.518991071391864, 50.73481346242878], [-3.517867247862273, 50.73523716537966]]]}}, {"type": "Feature", "properties": {"type": "postcode-cell", "postcode": "EX4 5DN", "postcodes": ["EX4 5DN"]}, "geometry": {"type": "Polygon", "coordinates": [[[-3.518780504075814, 50.741753471317985], [-3.5171289299597563, 50.741886013024406], [-3.5169651735324234, 50.74160590868402], [-3.517061237979846, 50.7406060360566], [-3.5172813858809375, 50.740561622763074], [-3.5185999794933136, 50.74058481195466], [-3.518780504075814, 50.741753471317985]]]}}, {"type": "Feature", "properties": {"type": "postcode-cell", "postcode": "EX4 6ER", "postcodes": ["EX4 6ER"]}, "geometry": {"type": "Polygon", "coordinates": [[[-3.51784408573063, 50.73669429658025], [-3.5169059875219904, 50.73633934630877], [-3.516800238980574, 50.73595062059697], [-3.517787046581399, 50.735860176756184], [-3.51784408573063, 50.73669429658025]]]}}, {"type": "Feature", "properties": {"type": "postcode-cell", "postcode": "EX4 7AB", "postcodes": ["EX4 7AB"]}, "geometry": {"type": "Polygon", "coordinates": [[[-3.5136417570816247, 50.73105492734586], [-3.5135804636138164, 50.73077199829539], [-3.5141175436333105, 50.73066871534695], [-3.51414998973431, 50.730769994749494], [-3.514599737864528, 50.73148104099603], [-3.5136417570816247, 50.73105492734586]]]}}, {"type": "Feature", "properties": {"type": "postcode-cell", "postcode": "EX4 6NG", "postcodes": ["EX4 6NG"]}, "geometry": {"type": "Polygon", "coordinates": [[[-3.5161190142066108, 50.73427832502755], [-3.5167160990002992, 50.73348063403331], [-3.5174648613102537, 50.73339842230693], [-3.517020931781894, 50.73427249475753], [-3.5161190142066108, 50.73427832502755]]]}}, {"type": "Feature", "properties": {"type": "postcode-cell", "postcode": "EX4 5EQ", "postcodes": ["EX4 5EQ"]}, "geometry": {"type": "Polygon", "coordinates": [[[-3.517991684081057, 50.73879263157577], [-3.516133955976711, 50.739004234707], [-3.516025333674419, 50.73895628730396], [-3.5164497606542238, 50.73814919092267], [-3.5178719315193665, 50.738243313623336], [-3.5181125848488466, 50.73856455332478], [-3.517991684081057, 50.73879263157577]]]}}, {"type": "Feature", "properties": {"type": "postcode-cell", "postcode": "EX4 5DL", "postcodes": ["EX4 5DL"]}, "geometry": {"type": "Polygon", "coordinates": [[[-3.517061237979846, 50.7406060360566], [-3.516284215845498, 50.740370349281726], [-3.516414538693057, 50.73951653902136], [-3.517639100161438, 50.7396067779428], [-3.5172813858809375, 50.740561622763074], [-3.517061237979846, 50.7406060360566]]]}}, {"type": "Feature", "properties": {"type": "postcode-cell", "postcode": "EX4 5EY", "postcodes": ["EX4 5EY"]}, "geometry": {"type": "Polygon", "coordinates": [[[-3.5185666801231155, 50.746335066292104], [-3.516261267746576, 50.744341460621534], [-3.5163966219867873, 50.74397792471355], [-3.517330566519425, 50.744224603280266], [-3.5188031746675805, 50.745488246799354], [-3.5185666801231155, 50.746335066292104]]]}}, {"type": "Feature", "properties": {"type": "postcode-cell", "postcode": "EX4 5EZ", "postcodes": ["EX4 5EZ"]}, "geometry": {"type": "Polygon", "coordinates": [[[-3.518146664750962, 50.74325166796021], [-3.517330566519425, 50.744224603280266], [-3.5163966219867873, 50.74397792471355], [-3.5163810862711373, 50.74394489831075], [-3.517511024749445, 50.74311438626902], [-3.518146664750962, 50.74325166796021]]]}}, {"type": "Feature", "properties": {"type": "postcode-cell", "postcode": "EX4 6ET", "postcodes": ["EX4 6ET"]}, "geometry": {"type": "Polygon", "coordinates": [[[-3.5169229451122157, 50.7353050997355], [-3.516551257714614, 50.73491607976484], [-3.5173368652126147, 50.73476914261014], [-3.517490480543678, 50.735104788554565], [-3.5169229451122157, 50.7353050997355]]]}}, {"type": "Feature", "properties": {"type": "postcode-cell", "postcode": "EX4 6EL", "postcodes": ["EX4 6EL"]}, "geometry": {"type": "Polygon", "coordinates": [[[-3.5164821781623727, 50.73582086949881], [-3.516009618257466, 50.735793554955826], [-3.51574726607433, 50.735354292087635], [-3.516177583277404, 50.73481933279585], [-3.516551257714614, 50.73491607976484], [-3.5169229451122157, 50.7353050997355], [-3.5164821781623727, 50.73582086949881]]]}}, {"type": "Feature", "properties": {"type": "postcode-cell", "postcode": "EX4 6EJ", "postcodes": ["EX4 6EJ"]}, "geometry": {"type": "Polygon", "coordinates": [[[-3.516800238980574, 50.73595062059697], [-3.5169059875219904, 50.73633934630877], [-3.5164197319283694, 50.73707854304191], [-3.5154894255853946, 50.736747229677206], [-3.515807752374379, 50.73590931689643], [-3.516009618257466, 50.735793554955826], [-3.5164821781623727, 50.73582086949881], [-3.516800238980574, 50.73595062059697]]]}}, {"type": "Feature", "properties": {"type": "postcode-cell", "postcode": "EX4 5DA", "postcodes": ["EX4 5DA"]}, "geometry": {"type": "Polygon", "coordinates": [[[-3.517511024749445, 50.74311438626902], [-3.5163810862711373, 50.74394489831075], [-3.515639137434075, 50.74369273323329], [-3.515470861928801, 50.743257715274964], [-3.515581754775005, 50.74308117436521], [-3.5169755646588743, 50.74270660540713], [-3.517511024749445, 50.74311438626902]]]}}, {"type": "Feature", "properties": {"type": "postcode-cell", "postcode": "EX4 5EL", "postcodes": ["EX4 5EL"]}, "geometry": {"type": "Polygon", "coordinates": [[[-3.5166313834417218, 50.73729483081338], [-3.516245246717201, 50.73769827870179], [-3.515539247049625, 50.73777020738049], [-3.514878414028124, 50.737520620753735], [-3.515097140080688, 50.73683035232996], [-3.5154894255853946, 50.736747229677206], [-3.5164197319283694, 50.73707854304191], [-3.5166313834417218, 50.73729483081338]]]}}, {"type": "Feature", "properties": {"type": "postcode-cell", "postcode": "EX4 5DW", "postcodes": ["EX4 5DW"]}, "geometry": {"type": "Polygon", "coordinates": [[[-3.516133955976711, 50.739004234707], [-3.516414538693057, 50.73951653902136], [-3.516284215845498, 50.740370349281726], [-3.515949611936164, 50.74042070986702], [-3.514619205456162, 50.73993847150171], [-3.514385738419152, 50.739414492116936], [-3.5149718562173824, 50.738915278430284], [-3.516025333674419, 50.73895628730396], [-3.516133955976711, 50.739004234707]]]}}, {"type": "Feature", "properties": {"type": "postcode-cell", "postcode": "EX4 5ED", "postcodes": ["EX4 5ED"]}, "geometry": {"type": "Polygon", "coordinates": [[[-3.5171289299597563, 50.741886013024406], [-3.516893141651199, 50.74217994573635], [-3.5151296893595716, 50.74208709068617], [-3.5155023697446643, 50.74132797359968], [-3.5169651735324234, 50.74160590868402], [-3.5171289299597563, 50.741886013024406]]]}}, {"type": "Feature", "properties": {"type": "postcode-cell", "postcode": "EX4 6HS", "postcodes": ["EX4 6HS"]}, "geometry": {"type": "Polygon", "coordinates": [[[-3.516551257714614, 50.73491607976484], [-3.516177583277404, 50.73481933279585], [-3.5160224635789077, 50.73429926895535], [-3.5161190142066108, 50.73427832502755], [-3.517020931781894, 50.73427249475753], [-3.5168799897342455, 50.73454999475243], [-3.5174021388521464, 50.734534283437334], [-3.5173368652126147, 50.73476914261014], [-3.516551257714614, 50.73491607976484]]]}}, {"type": "Feature", "properties": {"type": "postcode-cell", "postcode": "EX4 5EB", "postcodes": ["EX4 5EB"]}, "geometry": {"type": "Polygon", "coordinates": [[[-3.517061237979846, 50.7406060360566], [-3.5169651735324234, 50.74160590868402], [-3.5155023697446643, 50.74132797359968], [-3.5153091090856217, 50.74102730087998], [-3.515949611936164, 50.74042070986702], [-3.516284215845498, 50.740370349281726], [-3.517061237979846, 50.7406060360566]]]}}, {"type": "Feature", "properties": {"type": "postcode-cell", "postcode": "EX4 7AQ", "postcodes": ["EX4 7AQ"]}, "geometry": {"type": "Polygon", "coordinates": [[[-3.5160224635789077, 50.73429926895535], [-3.5156190651390236, 50.734203593918004], [-3.516114573364468, 50.73335697830478], [-3.5161800660133014, 50.73334133381261], [-3.5167160990002992, 50.73348063403331], [-3.5161190142066108, 50.73427832502755], [-3.5160224635789077, 50.73429926895535]]]}}, {"type": "Feature", "properties": {"type": "postcode-cell", "postcode": "EX4 7BW", "postcodes": ["EX4 7BW"]}, "geometry": {"type": "Polygon", "coordinates": [[[-3.5166957907822316, 50.73262951918261], [-3.516259011839059, 50.732982481716235], [-3.5156529993457717, 50.73290819488584], [-3.515150026031464, 50.7325045848065], [-3.515203717513211, 50.73242946764213], [-3.5166526285241453, 50.732224581449216], [-3.5166957907822316, 50.73262951918261]]]}}, {"type": "Feature", "properties": {"type": "postcode-cell", "postcode": "EX4 6NF", "postcodes": ["EX4 6NF"]}, "geometry": {"type": "Polygon", "coordinates": [[[-3.5167160990002992, 50.73348063403331], [-3.5161800660133014, 50.73334133381261], [-3.516259011839059, 50.732982481716235], [-3.5166957907822316, 50.73262951918261], [-3.5174832954159965, 50.73336212585567], [-3.5174648613102537, 50.73339842230693], [-3.5167160990002992, 50.73348063403331]]]}}, {"type": "Feature", "properties": {"type": "postcode-cell", "postcode": "EX4 5BA", "postcodes": ["EX4 5BA"]}, "geometry": {"type": "Polygon", "coordinates": [[[-3.5163966219867873, 50.74397792471355], [-3.516261267746576, 50.744341460621534], [-3.515104452779822, 50.744864747040005], [-3.514976173373661, 50.744015690711684], [-3.515639137434075, 50.74369273323329], [-3.5163810862711373, 50.74394489831075], [-3.5163966219867873, 50.74397792471355]]]}}, {"type": "Feature", "properties": {"type": "postcode-cell", "postcode": "EX4 5EH", "postcodes": ["EX4 5EH"]}, "geometry": {"type": "Polygon", "coordinates": [[[-3.5164497606542238, 50.73814919092267], [-3.516025333674419, 50.73895628730396], [-3.5149718562173824, 50.738915278430284], [-3.514940663710433, 50.73886913813564], [-3.51493366480415, 50.738717225260395], [-3.515539247049625, 50.73777020738049], [-3.516245246717201, 50.73769827870179], [-3.5164497606542238, 50.73814919092267]]]}}, {"type": "Feature", "properties": {"type": "postcode-cell", "postcode": "EX4 7BZ", "postcodes": ["EX4 7BZ"]}, "geometry": {"type": "Polygon", "coordinates": [[[-3.516177583277404, 50.73481933279585], [-3.51574726607433, 50.735354292087635], [-3.5152192362234556, 50.73518208327835], [-3.5152230513324576, 50.734203345360676], [-3.515347629699213, 50.7341906247015], [-3.5156190651390236, 50.734203593918004], [-3.5160224635789077, 50.73429926895535], [-3.516177583277404, 50.73481933279585]]]}}, {"type": "Feature", "properties": {"type": "postcode-cell", "postcode": "EX4 7AG", "postcodes": ["EX4 7AG"]}, "geometry": {"type": "Polygon", "coordinates": [[[-3.516114573364468, 50.73335697830478], [-3.5156658853046836, 50.733287936554966], [-3.5156529993457717, 50.73290819488584], [-3.516259011839059, 50.732982481716235], [-3.5161800660133014, 50.73334133381261], [-3.516114573364468, 50.73335697830478]]]}}, {"type": "Feature", "properties": {"type": "postcode-cell", "postcode": "EX4 7AH", "postcodes": ["EX4 7AH"]}, "geometry": {"type": "Polygon", "coordinates": [[[-3.5156190651390236, 50.734203593918004], [-3.515347629699213, 50.7341906247015], [-3.5154767372460127, 50.73332916863697], [-3.5156658853046836, 50.733287936554966], [-3.516114573364468, 50.73335697830478], [-3.5156190651390236, 50.734203593918004]]]}}, {"type": "Feature", "properties": {"type": "postcode-cell", "postcode": "EX4 5HB", "postcodes": ["EX4 5HB"]}, "geometry": {"type": "Polygon", "coordinates": [[[-3.5183730249344314, 50.74963319355133], [-3.514056192452924, 50.74973714284871], [-3.513680535038875, 50.74690602586482], [-3.515104452779822, 50.744864747040005], [-3.516261267746576, 50.744341460621534], [-3.5185666801231155, 50.746335066292104], [-3.5183730249344314, 50.74963319355133]]]}}, {"type": "Feature", "properties": {"type": "postcode-cell", "postcode": "EX4 7AF", "postcodes": ["EX4 7AF"]}, "geometry": {"type": "Polygon", "coordinates": [[[-3.5156658853046836, 50.733287936554966], [-3.5154767372460127, 50.73332916863697], [-3.5142738424011357, 50.73306559309998], [-3.5142780274931598, 50.733060722291256], [-3.515150026031464, 50.7325045848065], [-3.5156529993457717, 50.73290819488584], [-3.5156658853046836, 50.733287936554966]]]}}, {"type": "Feature", "properties": {"type": "postcode-cell", "postcode": "EX4 5DE", "postcodes": ["EX4 5DE"]}, "geometry": {"type": "Polygon", "coordinates": [[[-3.5169755646588743, 50.74270660540713], [-3.515581754775005, 50.74308117436521], [-3.514837226249441, 50.74233216305451], [-3.514995769530179, 50.74213327710731], [-3.5151296893595716, 50.74208709068617], [-3.516893141651199, 50.74217994573635], [-3.5169755646588743, 50.74270660540713]]]}}, {"type": "Feature", "properties": {"type": "postcode-cell", "postcode": "EX4 7AJ", "postcodes": ["EX4 7AJ"]}, "geometry": {"type": "Polygon", "coordinates": [[[-3.515347629699213, 50.7341906247015], [-3.5152230513324576, 50.734203345360676], [-3.5145029877109057, 50.7341394734994], [-3.513346804280042, 50.73370648392999], [-3.513296044571404, 50.733674741524375], [-3.5133393170185383, 50.73361714239274], [-3.5142738424011357, 50.73306559309998], [-3.5154767372460127, 50.73332916863697], [-3.515347629699213, 50.7341906247015]]]}}, {"type": "Feature", "properties": {"type": "postcode-cell", "postcode": "EX4 7DA", "postcodes": ["EX4 7DA"]}, "geometry": {"type": "Polygon", "coordinates": [[[-3.516009618257466, 50.735793554955826], [-3.515807752374379, 50.73590931689643], [-3.5149846746908855, 50.73589412738329], [-3.51467677793088, 50.73563595328373], [-3.515035177025909, 50.73519220179937], [-3.5152192362234556, 50.73518208327835], [-3.51574726607433, 50.735354292087635], [-3.516009618257466, 50.735793554955826]]]}}, {"type": "Feature", "properties": {"type": "postcode-cell", "postcode": "EX4 5EF", "postcodes": ["EX4 5EF"]}, "geometry": {"type": "Polygon", "coordinates": [[[-3.5153091090856217, 50.74102730087998], [-3.5134788903637566, 50.74107401675294], [-3.5134135176973227, 50.741058838147595], [-3.514619205456162, 50.73993847150171], [-3.515949611936164, 50.74042070986702], [-3.5153091090856217, 50.74102730087998]]]}}, {"type": "Feature", "properties": {"type": "postcode-cell", "postcode": "EX4 7AW", "postcodes": ["EX4 7AW"]}, "geometry": {"type": "Polygon", "coordinates": [[[-3.5142738424011357, 50.73306559309998], [-3.5133393170185383, 50.73361714239274], [-3.5130762775138864, 50.732866005638286], [-3.513277786699952, 50.7321448281639], [-3.5138248766459155, 50.73214812300296], [-3.5142780274931598, 50.733060722291256], [-3.5142738424011357, 50.73306559309998]]]}}, {"type": "Feature", "properties": {"type": "postcode-cell", "postcode": "EX4 5DB", "postcodes": ["EX4 5DB"]}, "geometry": {"type": "Polygon", "coordinates": [[[-3.5155023697446643, 50.74132797359968], [-3.5151296893595716, 50.74208709068617], [-3.514995769530179, 50.74213327710731], [-3.5134788903637566, 50.74107401675294], [-3.5153091090856217, 50.74102730087998], [-3.5155023697446643, 50.74132797359968]]]}}, {"type": "Feature", "properties": {"type": "postcode-cell", "postcode": "EX4 5DX", "postcodes": ["EX4 5DX"]}, "geometry": {"type": "Polygon", "coordinates": [[[-3.5154894255853946, 50.736747229677206], [-3.515097140080688, 50.73683035232996], [-3.5144215902948943, 50.73666313777851], [-3.5143240789935115, 50.73620312822121], [-3.5149846746908855, 50.73589412738329], [-3.515807752374379, 50.73590931689643], [-3.5154894255853946, 50.736747229677206]]]}}, {"type": "Feature", "properties": {"type": "postcode-cell", "postcode": "EX4 5EN", "postcodes": ["EX4 5EN"]}, "geometry": {"type": "Polygon", "coordinates": [[[-3.51493366480415, 50.738717225260395], [-3.5142494276502187, 50.73770462206015], [-3.514878414028124, 50.737520620753735], [-3.515539247049625, 50.73777020738049], [-3.51493366480415, 50.738717225260395]]]}}, {"type": "Feature", "properties": {"type": "postcode-cell", "postcode": "EX4 5AZ", "postcodes": ["EX4 5AZ"]}, "geometry": {"type": "Polygon", "coordinates": [[[-3.514976173373661, 50.744015690711684], [-3.5118875733300086, 50.74340627134962], [-3.5118561874245082, 50.74337104671667], [-3.515470861928801, 50.743257715274964], [-3.515639137434075, 50.74369273323329], [-3.514976173373661, 50.744015690711684]]]}}, {"type": "Feature", "properties": {"type": "postcode-cell", "postcode": "EX4 5BB", "postcodes": ["EX4 5BB"]}, "geometry": {"type": "Polygon", "coordinates": [[[-3.513680535038875, 50.74690602586482], [-3.5118875733300086, 50.74340627134962], [-3.514976173373661, 50.744015690711684], [-3.515104452779822, 50.744864747040005], [-3.513680535038875, 50.74690602586482]]]}}, {"type": "Feature", "properties": {"type": "postcode-cell", "postcode": "EX4 7EJ", "postcodes": ["EX4 7EJ"]}, "geometry": {"type": "Polygon", "coordinates": [[[-3.5147173350341383, 50.73512738881158], [-3.515035177025909, 50.73519220179937], [-3.51467677793088, 50.73563595328373], [-3.513988145899982, 50.7355033462068], [-3.5138902852296514, 50.73539057971433], [-3.5139041889284686, 50.73535070474895], [-3.5147173350341383, 50.73512738881158]]]}}, {"type": "Feature", "properties": {"type": "postcode-cell", "postcode": "EX4 7EL", "postcodes": ["EX4 7EL"]}, "geometry": {"type": "Polygon", "coordinates": [[[-3.5139041889284686, 50.73535070474895], [-3.513826293479172, 50.73520474386569], [-3.514460959924125, 50.73461290568493], [-3.5147173350341383, 50.73512738881158], [-3.5139041889284686, 50.73535070474895]]]}}, {"type": "Feature", "properties": {"type": "postcode-cell", "postcode": "EX4 7EP", "postcodes": ["EX4 7EP"]}, "geometry": {"type": "Polygon", "coordinates": [[[-3.5152192362234556, 50.73518208327835], [-3.515035177025909, 50.73519220179937], [-3.5147173350341383, 50.73512738881158], [-3.514460959924125, 50.73461290568493], [-3.5145029877109057, 50.7341394734994], [-3.5152230513324576, 50.734203345360676], [-3.5152192362234556, 50.73518208327835]]]}}, {"type": "Feature", "properties": {"type": "postcode-cell", "postcode": "EX4 7DD", "postcodes": ["EX4 7DD"]}, "geometry": {"type": "Polygon", "coordinates": [[[-3.5149846746908855, 50.73589412738329], [-3.5143240789935115, 50.73620312822121], [-3.5139781148664557, 50.736026781801726], [-3.513988145899982, 50.7355033462068], [-3.51467677793088, 50.73563595328373], [-3.5149846746908855, 50.73589412738329]]]}}, {"type": "Feature", "properties": {"type": "postcode-cell", "postcode": "EX4 5EJ", "postcodes": ["EX4 5EJ"]}, "geometry": {"type": "Polygon", "coordinates": [[[-3.514940663710433, 50.73886913813564], [-3.513368040073523, 50.738322757402976], [-3.513674110616619, 50.73763752946775], [-3.5136822927852336, 50.737635113594635], [-3.5142494276502187, 50.73770462206015], [-3.51493366480415, 50.738717225260395], [-3.514940663710433, 50.73886913813564]]]}}, {"type": "Feature", "properties": {"type": "postcode-cell", "postcode": "EX4 7EN", "postcodes": ["EX4 7EN"]}, "geometry": {"type": "Polygon", "coordinates": [[[-3.514460959924125, 50.73461290568493], [-3.513826293479172, 50.73520474386569], [-3.513546240054215, 50.73498178471907], [-3.513346804280042, 50.73370648392999], [-3.5145029877109057, 50.7341394734994], [-3.514460959924125, 50.73461290568493]]]}}, {"type": "Feature", "properties": {"type": "postcode-cell", "postcode": "EX4 7DP", "postcodes": ["EX4 7DP"]}, "geometry": {"type": "Polygon", "coordinates": [[[-3.5149718562173824, 50.738915278430284], [-3.514385738419152, 50.739414492116936], [-3.513472470522146, 50.73941449472633], [-3.5126203058991203, 50.739244039237505], [-3.512644548886807, 50.738599750071785], [-3.513368040073523, 50.738322757402976], [-3.514940663710433, 50.73886913813564], [-3.5149718562173824, 50.738915278430284]]]}}, {"type": "Feature", "properties": {"type": "postcode-cell", "postcode": "EX4 5EW", "postcodes": ["EX4 5EW"]}, "geometry": {"type": "Polygon", "coordinates": [[[-3.514878414028124, 50.737520620753735], [-3.5142494276502187, 50.73770462206015], [-3.5136822927852336, 50.737635113594635], [-3.5138934946937685, 50.73682854697893], [-3.5144215902948943, 50.73666313777851], [-3.515097140080688, 50.73683035232996], [-3.514878414028124, 50.737520620753735]]]}}, {"type": "Feature", "properties": {"type": "postcode-cell", "postcode": "EX4 5EG", "postcodes": ["EX4 5EG"]}, "geometry": {"type": "Polygon", "coordinates": [[[-3.514837226249441, 50.74233216305451], [-3.5117511193035957, 50.74328905758384], [-3.511632980708829, 50.743237537768294], [-3.5120599897276126, 50.74206999475842], [-3.5115268929481296, 50.74139252657136], [-3.512974375210689, 50.74109587546943], [-3.5134135176973227, 50.741058838147595], [-3.5134788903637566, 50.74107401675294], [-3.514995769530179, 50.74213327710731], [-3.514837226249441, 50.74233216305451]]]}}, {"type": "Feature", "properties": {"type": "postcode-cell", "postcode": "EX4 5DT", "postcodes": ["EX4 5DT"]}, "geometry": {"type": "Polygon", "coordinates": [[[-3.515470861928801, 50.743257715274964], [-3.5118561874245082, 50.74337104671667], [-3.5117511193035957, 50.74328905758384], [-3.514837226249441, 50.74233216305451], [-3.515581754775005, 50.74308117436521], [-3.515470861928801, 50.743257715274964]]]}}, {"type": "Feature", "properties": {"type": "postcode-cell", "postcode": "EX4 7JH", "postcodes": ["EX4 7JH"]}, "geometry": {"type": "Polygon", "coordinates": [[[-3.5118875733300086, 50.74340627134962], [-3.513680535038875, 50.74690602586482], [-3.514056192452924, 50.74973714284871], [-3.5083943746846473, 50.75121434254726], [-3.506153164113637, 50.75076423944837], [-3.5064799897203005, 50.750009994764774], [-3.508139989722142, 50.748349994763444], [-3.508379989723207, 50.74642999476191], [-3.5112699897260864, 50.744229994760154], [-3.511632980708829, 50.743237537768294], [-3.5117511193035957, 50.74328905758384], [-3.5118561874245082, 50.74337104671667], [-3.5118875733300086, 50.74340627134962]]]}}, {"type": "Feature", "properties": {"type": "postcode-cell", "postcode": "EX4 7DB", "postcodes": ["EX4 7DB"]}, "geometry": {"type": "Polygon", "coordinates": [[[-3.5144215902948943, 50.73666313777851], [-3.5138934946937685, 50.73682854697893], [-3.5130465743549877, 50.73659689094468], [-3.5132554311467823, 50.736131019070655], [-3.5139781148664557, 50.736026781801726], [-3.5143240789935115, 50.73620312822121], [-3.5144215902948943, 50.73666313777851]]]}}, {"type": "Feature", "properties": {"type": "postcode-cell", "postcode": "EX4 7AL", "postcodes": ["EX4 7AL"]}, "geometry": {"type": "Polygon", "coordinates": [[[-3.5142780274931598, 50.733060722291256], [-3.5138248766459155, 50.73214812300296], [-3.5147276736357216, 50.731683301527944], [-3.515199989734188, 50.732429994750795], [-3.515203717513211, 50.73242946764213], [-3.515150026031464, 50.7325045848065], [-3.5142780274931598, 50.733060722291256]]]}}, {"type": "Feature", "properties": {"type": "postcode-cell", "postcode": "EX4 7DE", "postcodes": ["EX4 7DE"]}, "geometry": {"type": "Polygon", "coordinates": [[[-3.513988145899982, 50.7355033462068], [-3.5139781148664557, 50.736026781801726], [-3.5132554311467823, 50.736131019070655], [-3.512773000949468, 50.73567698745188], [-3.5127905764281255, 50.73563263906776], [-3.5138902852296514, 50.73539057971433], [-3.513988145899982, 50.7355033462068]]]}}, {"type": "Feature", "properties": {"type": "postcode-cell", "postcode": "EX4 7EH", "postcodes": ["EX4 7EH"]}, "geometry": {"type": "Polygon", "coordinates": [[[-3.5138902852296514, 50.73539057971433], [-3.5127905764281255, 50.73563263906776], [-3.51246003360352, 50.73516416671497], [-3.513546240054215, 50.73498178471907], [-3.513826293479172, 50.73520474386569], [-3.5139041889284686, 50.73535070474895], [-3.5138902852296514, 50.73539057971433]]]}}, {"type": "Feature", "properties": {"type": "postcode-cell", "postcode": "EX4 7AA", "postcodes": ["EX4 7AA"]}, "geometry": {"type": "Polygon", "coordinates": [[[-3.514599737864528, 50.73148104099603], [-3.5146673156188974, 50.73158787853717], [-3.513522300235235, 50.731589681080436], [-3.5131269555775453, 50.73135560507624], [-3.5136417570816247, 50.73105492734586], [-3.514599737864528, 50.73148104099603]]]}}, {"type": "Feature", "properties": {"type": "postcode-cell", "postcode": "EX1 2HL", "postcodes": ["EX1 2HL"]}, "geometry": {"type": "Polygon", "coordinates": [[[-3.513281256662193, 50.729872953361046], [-3.513537656193609, 50.72924874650623], [-3.513655529975508, 50.72922650516992], [-3.5138512617285262, 50.7298375079321], [-3.513281256662193, 50.729872953361046]]]}}, {"type": "Feature", "properties": {"type": "postcode-cell", "postcode": "EX4 5BY", "postcodes": ["EX4 5BY"]}, "geometry": {"type": "Polygon", "coordinates": [[[-3.5126203058991203, 50.739244039237505], [-3.513472470522146, 50.73941449472633], [-3.512974375210689, 50.74109587546943], [-3.5115268929481296, 50.74139252657136], [-3.511099989727585, 50.74084999475749], [-3.5121599897284312, 50.74047999475717], [-3.5123099897287213, 50.74006999475685], [-3.5117787248512915, 50.73959392898352], [-3.5126203058991203, 50.739244039237505]]]}}, {"type": "Feature", "properties": {"type": "postcode-cell", "postcode": "EX4 7AN", "postcodes": ["EX4 7AN"]}, "geometry": {"type": "Polygon", "coordinates": [[[-3.5138248766459155, 50.73214812300296], [-3.513277786699952, 50.7321448281639], [-3.5131517670574293, 50.7320583568711], [-3.513522300235235, 50.731589681080436], [-3.5146673156188974, 50.73158787853717], [-3.5147276736357216, 50.731683301527944], [-3.5138248766459155, 50.73214812300296]]]}}, {"type": "Feature", "properties": {"type": "postcode-cell", "postcode": "EX4 7HQ", "postcodes": ["EX4 7HQ"]}, "geometry": {"type": "Polygon", "coordinates": [[[-3.5135804636138164, 50.73077199829539], [-3.5131360770653797, 50.73058623814006], [-3.5133167941716774, 50.730298736737616], [-3.513996234520707, 50.730290048969835], [-3.5141175436333105, 50.73066871534695], [-3.5135804636138164, 50.73077199829539]]]}}, {"type": "Feature", "properties": {"type": "postcode-cell", "postcode": "EX4 7AY", "postcodes": ["EX4 7AY"]}, "geometry": {"type": "Polygon", "coordinates": [[[-3.5135804636138164, 50.73077199829539], [-3.5136417570816247, 50.73105492734586], [-3.5131269555775453, 50.73135560507624], [-3.51273733787481, 50.73133674264523], [-3.512621631476506, 50.73123279588514], [-3.5128505609555956, 50.73064237392106], [-3.5131360770653797, 50.73058623814006], [-3.5135804636138164, 50.73077199829539]]]}}, {"type": "Feature", "properties": {"type": "postcode-cell", "postcode": "EX4 7HR", "postcodes": ["EX4 7HR"]}, "geometry": {"type": "Polygon", "coordinates": [[[-3.5131360770653797, 50.73058623814006], [-3.5128505609555956, 50.73064237392106], [-3.5123315627417333, 50.73047778839939], [-3.512087941092588, 50.73019099147045], [-3.512957386281989, 50.72982312023628], [-3.5132571260832415, 50.72988225614526], [-3.5133167941716774, 50.730298736737616], [-3.5131360770653797, 50.73058623814006]]]}}, {"type": "Feature", "properties": {"type": "postcode-cell", "postcode": "EX1 2HW", "postcodes": ["EX1 2HW"]}, "geometry": {"type": "Polygon", "coordinates": [[[-3.513537656193609, 50.72924874650623], [-3.5127662189153948, 50.72909069934851], [-3.5124686810134116, 50.72859140279943], [-3.513409989734938, 50.728459994747695], [-3.513655529975508, 50.72922650516992], [-3.513537656193609, 50.72924874650623]]]}}, {"type": "Feature", "properties": {"type": "postcode-cell", "postcode": "EX4 5BZ", "postcodes": ["EX4 5BZ"]}, "geometry": {"type": "Polygon", "coordinates": [[[-3.514619205456162, 50.73993847150171], [-3.5134135176973227, 50.741058838147595], [-3.512974375210689, 50.74109587546943], [-3.513472470522146, 50.73941449472633], [-3.514385738419152, 50.739414492116936], [-3.514619205456162, 50.73993847150171]]]}}, {"type": "Feature", "properties": {"type": "postcode-cell", "postcode": "EX4 7AX", "postcodes": ["EX4 7AX"]}, "geometry": {"type": "Polygon", "coordinates": [[[-3.513522300235235, 50.731589681080436], [-3.5131517670574293, 50.7320583568711], [-3.5127068559792383, 50.731965544262906], [-3.5125510548680166, 50.73178470239367], [-3.51273733787481, 50.73133674264523], [-3.5131269555775453, 50.73135560507624], [-3.513522300235235, 50.731589681080436]]]}}, {"type": "Feature", "properties": {"type": "postcode-cell", "postcode": "EX4 7EW", "postcodes": ["EX4 7EW"]}, "geometry": {"type": "Polygon", "coordinates": [[[-3.513346804280042, 50.73370648392999], [-3.513546240054215, 50.73498178471907], [-3.51246003360352, 50.73516416671497], [-3.5121273105295723, 50.73495316599319], [-3.5120780325135903, 50.73384524989547], [-3.513296044571404, 50.733674741524375], [-3.513346804280042, 50.73370648392999]]]}}, {"type": "Feature", "properties": {"type": "postcode-cell", "postcode": "EX1 2HR", "postcodes": ["EX1 2HR"]}, "geometry": {"type": "Polygon", "coordinates": [[[-3.5132571260832415, 50.72988225614526], [-3.512957386281989, 50.72982312023628], [-3.5125870273447415, 50.72944683518453], [-3.5127662189153948, 50.72909069934851], [-3.513537656193609, 50.72924874650623], [-3.513281256662193, 50.729872953361046], [-3.5132571260832415, 50.72988225614526]]]}}, {"type": "Feature", "properties": {"type": "postcode-cell", "postcode": "EX4 7DN", "postcodes": ["EX4 7DN"]}, "geometry": {"type": "Polygon", "coordinates": [[[-3.5136822927852336, 50.737635113594635], [-3.513674110616619, 50.73763752946775], [-3.512918210780608, 50.73751031076278], [-3.512591476447958, 50.73671410416142], [-3.5130465743549877, 50.73659689094468], [-3.5138934946937685, 50.73682854697893], [-3.5136822927852336, 50.737635113594635]]]}}, {"type": "Feature", "properties": {"type": "postcode-cell", "postcode": "EX4 7DG", "postcodes": ["EX4 7DG"]}, "geometry": {"type": "Polygon", "coordinates": [[[-3.5130465743549877, 50.73659689094468], [-3.512591476447958, 50.73671410416142], [-3.5120459692926778, 50.736639502597924], [-3.5120370739358577, 50.736081115909855], [-3.5121485825271472, 50.73594119435363], [-3.512773000949468, 50.73567698745188], [-3.5132554311467823, 50.736131019070655], [-3.5130465743549877, 50.73659689094468]]]}}, {"type": "Feature", "properties": {"type": "postcode-cell", "postcode": "EX4 7DW", "postcodes": ["EX4 7DW"]}, "geometry": {"type": "Polygon", "coordinates": [[[-3.512644548886807, 50.738599750071785], [-3.5117401667691337, 50.73802137861837], [-3.5116893938993288, 50.737877190368934], [-3.512918210780608, 50.73751031076278], [-3.513674110616619, 50.73763752946775], [-3.513368040073523, 50.738322757402976], [-3.512644548886807, 50.738599750071785]]]}}, {"type": "Feature", "properties": {"type": "postcode-cell", "postcode": "EX4 7AU", "postcodes": ["EX4 7AU"]}, "geometry": {"type": "Polygon", "coordinates": [[[-3.513277786699952, 50.7321448281639], [-3.5130762775138864, 50.732866005638286], [-3.5122906624876533, 50.73232530007418], [-3.5127068559792383, 50.731965544262906], [-3.5131517670574293, 50.7320583568711], [-3.513277786699952, 50.7321448281639]]]}}, {"type": "Feature", "properties": {"type": "postcode-cell", "postcode": "EX1 2HX", "postcodes": ["EX1 2HX"]}, "geometry": {"type": "Polygon", "coordinates": [[[-3.5125870273447415, 50.72944683518453], [-3.511582316235396, 50.729634223346444], [-3.511441253265801, 50.72956396987666], [-3.5113382653536784, 50.72874919946326], [-3.5124686810134116, 50.72859140279943], [-3.5127662189153948, 50.72909069934851], [-3.5125870273447415, 50.72944683518453]]]}}, {"type": "Feature", "properties": {"type": "postcode-cell", "postcode": "EX4 7AP", "postcodes": ["EX4 7AP"]}, "geometry": {"type": "Polygon", "coordinates": [[[-3.513296044571404, 50.733674741524375], [-3.5120780325135903, 50.73384524989547], [-3.5110931085105324, 50.73365099153574], [-3.5122295499622167, 50.732333053887224], [-3.5122906624876533, 50.73232530007418], [-3.5130762775138864, 50.732866005638286], [-3.5133393170185383, 50.73361714239274], [-3.513296044571404, 50.733674741524375]]]}}, {"type": "Feature", "properties": {"type": "postcode-cell", "postcode": "EX4 7EQ", "postcodes": ["EX4 7EQ"]}, "geometry": {"type": "Polygon", "coordinates": [[[-3.512773000949468, 50.73567698745188], [-3.5121485825271472, 50.73594119435363], [-3.511350261216541, 50.73536796714247], [-3.5121273105295723, 50.73495316599319], [-3.51246003360352, 50.73516416671497], [-3.5127905764281255, 50.73563263906776], [-3.512773000949468, 50.73567698745188]]]}}, {"type": "Feature", "properties": {"type": "postcode-cell", "postcode": "EX4 7BA", "postcodes": ["EX4 7BA"]}, "geometry": {"type": "Polygon", "coordinates": [[[-3.5125510548680166, 50.73178470239367], [-3.511623491810987, 50.7317660928865], [-3.511444656884247, 50.73167173180315], [-3.5113893854849376, 50.73143871027447], [-3.5118157969155055, 50.73117055234363], [-3.512621631476506, 50.73123279588514], [-3.51273733787481, 50.73133674264523], [-3.5125510548680166, 50.73178470239367]]]}}, {"type": "Feature", "properties": {"type": "postcode-cell", "postcode": "EX4 7AZ", "postcodes": ["EX4 7AZ"]}, "geometry": {"type": "Polygon", "coordinates": [[[-3.512621631476506, 50.73123279588514], [-3.5118157969155055, 50.73117055234363], [-3.5117538289863997, 50.73088082515897], [-3.5123315627417333, 50.73047778839939], [-3.5128505609555956, 50.73064237392106], [-3.512621631476506, 50.73123279588514]]]}}, {"type": "Feature", "properties": {"type": "postcode-cell", "postcode": "EX4 7DR", "postcodes": ["EX4 7DR"]}, "geometry": {"type": "Polygon", "coordinates": [[[-3.5117401667691337, 50.73802137861837], [-3.512644548886807, 50.738599750071785], [-3.5126203058991203, 50.739244039237505], [-3.5117787248512915, 50.73959392898352], [-3.5115399897285617, 50.73937999475631], [-3.5116199897288225, 50.73893999475598], [-3.51085009800427, 50.73882350074993], [-3.5117401667691337, 50.73802137861837]]]}}, {"type": "Feature", "properties": {"type": "postcode-cell", "postcode": "EX4 7DT", "postcodes": ["EX4 7DT"]}, "geometry": {"type": "Polygon", "coordinates": [[[-3.508226641870757, 50.73756161283709], [-3.5098609928271816, 50.73801684313907], [-3.5097301635809894, 50.738580799731714], [-3.5077491974980055, 50.73788873694396], [-3.508226641870757, 50.73756161283709]]]}}, {"type": "Feature", "properties": {"type": "postcode-cell", "postcode": "EX4 7DL", "postcodes": ["EX4 7DL"]}, "geometry": {"type": "Polygon", "coordinates": [[[-3.5116893938993288, 50.737877190368934], [-3.5111762758342544, 50.737567247830945], [-3.5112074107890408, 50.736921976408716], [-3.5120459692926778, 50.736639502597924], [-3.512591476447958, 50.73671410416142], [-3.512918210780608, 50.73751031076278], [-3.5116893938993288, 50.737877190368934]]]}}, {"type": "Feature", "properties": {"type": "postcode-cell", "postcode": "EX1 2HU", "postcodes": ["EX1 2HU"]}, "geometry": {"type": "Polygon", "coordinates": [[[-3.5118859739487442, 50.730123622603266], [-3.5118300768076085, 50.73008028200625], [-3.511582316235396, 50.729634223346444], [-3.5125870273447415, 50.72944683518453], [-3.512957386281989, 50.72982312023628], [-3.512087941092588, 50.73019099147045], [-3.5118859739487442, 50.730123622603266]]]}}, {"type": "Feature", "properties": {"type": "postcode-cell", "postcode": "EX4 7HL", "postcodes": ["EX4 7HL"]}, "geometry": {"type": "Polygon", "coordinates": [[[-3.512087941092588, 50.73019099147045], [-3.5123315627417333, 50.73047778839939], [-3.5117538289863997, 50.73088082515897], [-3.511234074268565, 50.730658409461846], [-3.5118859739487442, 50.730123622603266], [-3.512087941092588, 50.73019099147045]]]}}, {"type": "Feature", "properties": {"type": "postcode-cell", "postcode": "EX4 7AT", "postcodes": ["EX4 7AT"]}, "geometry": {"type": "Polygon", "coordinates": [[[-3.5127068559792383, 50.731965544262906], [-3.5122906624876533, 50.73232530007418], [-3.5122295499622167, 50.732333053887224], [-3.51174694880182, 50.73219068770533], [-3.511623491810987, 50.7317660928865], [-3.5125510548680166, 50.73178470239367], [-3.5127068559792383, 50.731965544262906]]]}}, {"type": "Feature", "properties": {"type": "postcode-cell", "postcode": "EX1 2QA", "postcodes": ["EX1 2QA"]}, "geometry": {"type": "Polygon", "coordinates": [[[-3.511441253265801, 50.72956396987666], [-3.5103740561848524, 50.729810633327915], [-3.509952081447859, 50.729553160786686], [-3.509847509892392, 50.72895727824465], [-3.5113382653536784, 50.72874919946326], [-3.511441253265801, 50.72956396987666]]]}}, {"type": "Feature", "properties": {"type": "postcode-cell", "postcode": "EX4 7AS", "postcodes": ["EX4 7AS"]}, "geometry": {"type": "Polygon", "coordinates": [[[-3.51174694880182, 50.73219068770533], [-3.509630417803205, 50.73337397833577], [-3.509528366946724, 50.73333884872299], [-3.509464292422686, 50.733278994981276], [-3.5104511259523794, 50.732182428490006], [-3.511444656884247, 50.73167173180315], [-3.511623491810987, 50.7317660928865], [-3.51174694880182, 50.73219068770533]]]}}, {"type": "Feature", "properties": {"type": "postcode-cell", "postcode": "EX4 7DJ", "postcodes": ["EX4 7DJ"]}, "geometry": {"type": "Polygon", "coordinates": [[[-3.5120459692926778, 50.736639502597924], [-3.5112074107890408, 50.736921976408716], [-3.51079246677255, 50.73670334683831], [-3.510680672162962, 50.73624723654922], [-3.510841576786817, 50.735889598548106], [-3.5120370739358577, 50.736081115909855], [-3.5120459692926778, 50.736639502597924]]]}}, {"type": "Feature", "properties": {"type": "postcode-cell", "postcode": "EX4 7AR", "postcodes": ["EX4 7AR"]}, "geometry": {"type": "Polygon", "coordinates": [[[-3.5122295499622167, 50.732333053887224], [-3.5110931085105324, 50.73365099153574], [-3.5101880786583513, 50.73355952289614], [-3.509862391206063, 50.7334819890991], [-3.509630417803205, 50.73337397833577], [-3.51174694880182, 50.73219068770533], [-3.5122295499622167, 50.732333053887224]]]}}, {"type": "Feature", "properties": {"type": "postcode-cell", "postcode": "EX4 7EG", "postcodes": ["EX4 7EG"]}, "geometry": {"type": "Polygon", "coordinates": [[[-3.5120780325135903, 50.73384524989547], [-3.5121273105295723, 50.73495316599319], [-3.511350261216541, 50.73536796714247], [-3.5108891991669933, 50.735447515395784], [-3.5101880786583513, 50.73355952289614], [-3.5110931085105324, 50.73365099153574], [-3.5120780325135903, 50.73384524989547]]]}}, {"type": "Feature", "properties": {"type": "postcode-cell", "postcode": "EX4 7DQ", "postcodes": ["EX4 7DQ"]}, "geometry": {"type": "Polygon", "coordinates": [[[-3.5121485825271472, 50.73594119435363], [-3.5120370739358577, 50.736081115909855], [-3.510841576786817, 50.735889598548106], [-3.5107637961135887, 50.73553417860076], [-3.5108891991669933, 50.735447515395784], [-3.511350261216541, 50.73536796714247], [-3.5121485825271472, 50.73594119435363]]]}}, {"type": "Feature", "properties": {"type": "postcode-cell", "postcode": "EX4 7BB", "postcodes": ["EX4 7BB"]}, "geometry": {"type": "Polygon", "coordinates": [[[-3.5118157969155055, 50.73117055234363], [-3.5113893854849376, 50.73143871027447], [-3.5109312995004807, 50.731287471439224], [-3.5105569979181044, 50.73080801894017], [-3.5106841041841106, 50.730665554313504], [-3.511234074268565, 50.730658409461846], [-3.5117538289863997, 50.73088082515897], [-3.5118157969155055, 50.73117055234363]]]}}, {"type": "Feature", "properties": {"type": "postcode-cell", "postcode": "EX4 7HS", "postcodes": ["EX4 7HS"]}, "geometry": {"type": "Polygon", "coordinates": [[[-3.511234074268565, 50.730658409461846], [-3.5106841041841106, 50.730665554313504], [-3.5105815065811825, 50.730313855938746], [-3.5118300768076085, 50.73008028200625], [-3.5118859739487442, 50.730123622603266], [-3.511234074268565, 50.730658409461846]]]}}, {"type": "Feature", "properties": {"type": "postcode-cell", "postcode": "EX4 7BG", "postcodes": ["EX4 7BG"]}, "geometry": {"type": "Polygon", "coordinates": [[[-3.509464292422686, 50.733278994981276], [-3.5093372036681316, 50.733211854596114], [-3.5092568456655093, 50.73312794294044], [-3.5094841984037184, 50.73130073944593], [-3.5103835551930125, 50.73151561218154], [-3.5104511259523794, 50.732182428490006], [-3.509464292422686, 50.733278994981276]]]}}, {"type": "Feature", "properties": {"type": "postcode-cell", "postcode": "EX4 7DS", "postcodes": ["EX4 7DS"]}, "geometry": {"type": "Polygon", "coordinates": [[[-3.5117401667691337, 50.73802137861837], [-3.51085009800427, 50.73882350074993], [-3.5100999897279674, 50.73870999475582], [-3.5097301635809894, 50.738580799731714], [-3.5098609928271816, 50.73801684313907], [-3.510197411071937, 50.73778695188494], [-3.5111762758342544, 50.737567247830945], [-3.5116893938993288, 50.737877190368934], [-3.5117401667691337, 50.73802137861837]]]}}, {"type": "Feature", "properties": {"type": "postcode-cell", "postcode": "EX4 7HT", "postcodes": ["EX4 7HT"]}, "geometry": {"type": "Polygon", "coordinates": [[[-3.5105569979181044, 50.73080801894017], [-3.50933363646532, 50.73103294020214], [-3.509190810081063, 50.73097256554241], [-3.5090944007015, 50.73077197444937], [-3.509093673671492, 50.7306690660846], [-3.50927700954972, 50.73042701186262], [-3.510366194919509, 50.73009060811101], [-3.5105815065811825, 50.730313855938746], [-3.5106841041841106, 50.730665554313504], [-3.5105569979181044, 50.73080801894017]]]}}, {"type": "Feature", "properties": {"type": "postcode-cell", "postcode": "EX4 7BE", "postcodes": ["EX4 7BE"]}, "geometry": {"type": "Polygon", "coordinates": [[[-3.5109312995004807, 50.731287471439224], [-3.5103835551930125, 50.73151561218154], [-3.5094841984037184, 50.73130073944593], [-3.50933363646532, 50.73103294020214], [-3.5105569979181044, 50.73080801894017], [-3.5109312995004807, 50.731287471439224]]]}}, {"type": "Feature", "properties": {"type": "postcode-cell", "postcode": "EX4 7BD", "postcodes": ["EX4 7BD"]}, "geometry": {"type": "Polygon", "coordinates": [[[-3.511444656884247, 50.73167173180315], [-3.5104511259523794, 50.732182428490006], [-3.5103835551930125, 50.73151561218154], [-3.5109312995004807, 50.731287471439224], [-3.5113893854849376, 50.73143871027447], [-3.511444656884247, 50.73167173180315]]]}}, {"type": "Feature", "properties": {"type": "postcode-cell", "postcode": "EX4 7DH", "postcodes": ["EX4 7DH"]}, "geometry": {"type": "Polygon", "coordinates": [[[-3.5101880786583513, 50.73355952289614], [-3.5108891991669933, 50.735447515395784], [-3.5107637961135887, 50.73553417860076], [-3.5101720473383953, 50.73549589870866], [-3.509610312091477, 50.73486642514745], [-3.509862391206063, 50.7334819890991], [-3.5101880786583513, 50.73355952289614]]]}}, {"type": "Feature", "properties": {"type": "postcode-cell", "postcode": "EX1 2QD", "postcodes": ["EX1 2QD"]}, "geometry": {"type": "Polygon", "coordinates": [[[-3.5118300768076085, 50.73008028200625], [-3.5105815065811825, 50.730313855938746], [-3.510366194919509, 50.73009060811101], [-3.5103740561848524, 50.729810633327915], [-3.511441253265801, 50.72956396987666], [-3.511582316235396, 50.729634223346444], [-3.5118300768076085, 50.73008028200625]]]}}, {"type": "Feature", "properties": {"type": "postcode-cell", "postcode": "EX4 7HD", "postcodes": ["EX4 7HD"]}, "geometry": {"type": "Polygon", "coordinates": [[[-3.5111762758342544, 50.737567247830945], [-3.510197411071937, 50.73778695188494], [-3.509579370425038, 50.737212549096895], [-3.5102369568032907, 50.736739605432106], [-3.51079246677255, 50.73670334683831], [-3.5112074107890408, 50.736921976408716], [-3.5111762758342544, 50.737567247830945]]]}}, {"type": "Feature", "properties": {"type": "postcode-cell", "postcode": "EX4 7EZ", "postcodes": ["EX4 7EZ"]}, "geometry": {"type": "Polygon", "coordinates": [[[-3.510841576786817, 50.735889598548106], [-3.510680672162962, 50.73624723654922], [-3.509416824581944, 50.736016858527194], [-3.5094322453617544, 50.73577707199993], [-3.5101720473383953, 50.73549589870866], [-3.5107637961135887, 50.73553417860076], [-3.510841576786817, 50.735889598548106]]]}}, {"type": "Feature", "properties": {"type": "postcode-cell", "postcode": "EX1 2UG", "postcodes": ["EX1 2UG"]}, "geometry": {"type": "Polygon", "coordinates": [[[-3.5070269215210375, 50.72955086613375], [-3.505764879941352, 50.72960540731079], [-3.505027509076761, 50.72900975752164], [-3.5075399897309665, 50.72898999474821], [-3.5075783161025313, 50.72907549356746], [-3.5070269215210375, 50.72955086613375]]]}}, {"type": "Feature", "properties": {"type": "postcode-cell", "postcode": "EX4 7EF", "postcodes": ["EX4 7EF"]}, "geometry": {"type": "Polygon", "coordinates": [[[-3.509862391206063, 50.7334819890991], [-3.509610312091477, 50.73486642514745], [-3.508799714458722, 50.7354280028407], [-3.5082525054640534, 50.73538564789649], [-3.5077823291370565, 50.734701309717], [-3.507779608858696, 50.7346167610743], [-3.509528366946724, 50.73333884872299], [-3.509630417803205, 50.73337397833577], [-3.509862391206063, 50.7334819890991]]]}}, {"type": "Feature", "properties": {"type": "postcode-cell", "postcode": "EX4 7EA", "postcodes": ["EX4 7EA"]}, "geometry": {"type": "Polygon", "coordinates": [[[-3.5094322453617544, 50.73577707199993], [-3.508799714458722, 50.7354280028407], [-3.509610312091477, 50.73486642514745], [-3.5101720473383953, 50.73549589870866], [-3.5094322453617544, 50.73577707199993]]]}}, {"type": "Feature", "properties": {"type": "postcode-cell", "postcode": "EX4 7FB", "postcodes": ["EX4 7FB"]}, "geometry": {"type": "Polygon", "coordinates": [[[-3.509528366946724, 50.73333884872299], [-3.507779608858696, 50.7346167610743], [-3.506500074373226, 50.73440683383575], [-3.5064464630179226, 50.734343234340855], [-3.506862057681425, 50.73344877703612], [-3.5093372036681316, 50.733211854596114], [-3.509464292422686, 50.733278994981276], [-3.509528366946724, 50.73333884872299]]]}}, {"type": "Feature", "properties": {"type": "postcode-cell", "postcode": "EX4 7BR", "postcodes": ["EX4 7BR"]}, "geometry": {"type": "Polygon", "coordinates": [[[-3.5094841984037184, 50.73130073944593], [-3.5092568456655093, 50.73312794294044], [-3.5087934054218453, 50.73284945090791], [-3.5079419879474347, 50.73211109754201], [-3.507778491625459, 50.731825397815236], [-3.509098039238395, 50.73100598051092], [-3.509190810081063, 50.73097256554241], [-3.50933363646532, 50.73103294020214], [-3.5094841984037184, 50.73130073944593]]]}}, {"type": "Feature", "properties": {"type": "postcode-cell", "postcode": "EX1 2QB", "postcodes": ["EX1 2QB"]}, "geometry": {"type": "Polygon", "coordinates": [[[-3.510366194919509, 50.73009060811101], [-3.50927700954972, 50.73042701186262], [-3.5091151320275076, 50.72981675071624], [-3.509952081447859, 50.729553160786686], [-3.5103740561848524, 50.729810633327915], [-3.510366194919509, 50.73009060811101]]]}}, {"type": "Feature", "properties": {"type": "postcode-cell", "postcode": "EX4 7HA", "postcodes": ["EX4 7HA"]}, "geometry": {"type": "Polygon", "coordinates": [[[-3.510680672162962, 50.73624723654922], [-3.51079246677255, 50.73670334683831], [-3.5102369568032907, 50.736739605432106], [-3.5092513939255134, 50.736466434863594], [-3.50920216382894, 50.73626996785839], [-3.509416824581944, 50.736016858527194], [-3.510680672162962, 50.73624723654922]]]}}, {"type": "Feature", "properties": {"type": "postcode-cell", "postcode": "EX4 7HB", "postcodes": ["EX4 7HB"]}, "geometry": {"type": "Polygon", "coordinates": [[[-3.5102369568032907, 50.736739605432106], [-3.509579370425038, 50.737212549096895], [-3.5086118735620713, 50.73709007845826], [-3.5092513939255134, 50.736466434863594], [-3.5102369568032907, 50.736739605432106]]]}}, {"type": "Feature", "properties": {"type": "postcode-cell", "postcode": "EX4 7ER", "postcodes": ["EX4 7ER"]}, "geometry": {"type": "Polygon", "coordinates": [[[-3.510197411071937, 50.73778695188494], [-3.5098609928271816, 50.73801684313907], [-3.508226641870757, 50.73756161283709], [-3.508335614137122, 50.73729472371139], [-3.5084890614101845, 50.737130032967684], [-3.5086118735620713, 50.73709007845826], [-3.509579370425038, 50.737212549096895], [-3.510197411071937, 50.73778695188494]]]}}, {"type": "Feature", "properties": {"type": "postcode-cell", "postcode": "EX4 7EY", "postcodes": ["EX4 7EY"]}, "geometry": {"type": "Polygon", "coordinates": [[[-3.5094322453617544, 50.73577707199993], [-3.509416824581944, 50.736016858527194], [-3.50920216382894, 50.73626996785839], [-3.508029813693552, 50.736093763481584], [-3.5078674426139274, 50.735822259508694], [-3.5082525054640534, 50.73538564789649], [-3.508799714458722, 50.7354280028407], [-3.5094322453617544, 50.73577707199993]]]}}, {"type": "Feature", "properties": {"type": "postcode-cell", "postcode": "EX1 2PY", "postcodes": ["EX1 2PY"]}, "geometry": {"type": "Polygon", "coordinates": [[[-3.509093673671492, 50.7306690660846], [-3.5083372282969423, 50.73023064315931], [-3.508275788524513, 50.72990740107063], [-3.5083286501285547, 50.72984549826741], [-3.5084799897311587, 50.72983999474885], [-3.5088960834759972, 50.72976763070916], [-3.5091151320275076, 50.72981675071624], [-3.50927700954972, 50.73042701186262], [-3.509093673671492, 50.7306690660846]]]}}, {"type": "Feature", "properties": {"type": "postcode-cell", "postcode": "EX1 2PZ", "postcodes": ["EX1 2PZ"]}, "geometry": {"type": "Polygon", "coordinates": [[[-3.5091151320275076, 50.72981675071624], [-3.5088960834759972, 50.72976763070916], [-3.508939989731489, 50.7297599947488], [-3.508609989731578, 50.729129994748305], [-3.509847509892392, 50.72895727824465], [-3.509952081447859, 50.729553160786686], [-3.5091151320275076, 50.72981675071624]]]}}, {"type": "Feature", "properties": {"type": "postcode-cell", "postcode": "EX4 7EX", "postcodes": ["EX4 7EX"]}, "geometry": {"type": "Polygon", "coordinates": [[[-3.5086118735620713, 50.73709007845826], [-3.5084890614101845, 50.737130032967684], [-3.5078653692543025, 50.73646164331169], [-3.508029813693552, 50.736093763481584], [-3.50920216382894, 50.73626996785839], [-3.5092513939255134, 50.736466434863594], [-3.5086118735620713, 50.73709007845826]]]}}, {"type": "Feature", "properties": {"type": "postcode-cell", "postcode": "EX4 9JH", "postcodes": ["EX4 9JH"]}, "geometry": {"type": "Polygon", "coordinates": [[[-3.5083943746846473, 50.75121434254726], [-3.510453746708985, 50.755265427739396], [-3.5068481181837994, 50.758649082239316], [-3.505249989716113, 50.75717999477046], [-3.504609989715636, 50.757329994770586], [-3.5027799897152154, 50.75576999476936], [-3.5027499897154346, 50.75526999476898], [-3.5028499897159784, 50.75425999476819], [-3.505309989718276, 50.75270999476693], [-3.506153164113637, 50.75076423944837], [-3.5083943746846473, 50.75121434254726]]]}}, {"type": "Feature", "properties": {"type": "postcode-cell", "postcode": "EX4 7JU", "postcodes": ["EX4 7JU"]}, "geometry": {"type": "MultiPolygon", "coordinates": [[[[-3.5025695206968748, 50.73406778367019], [-3.5030432231866, 50.73415340003334], [-3.504119374046986, 50.734760403478006], [-3.5041281813679332, 50.734785423109614], [-3.5026299897251314, 50.734719994752794], [-3.5024185057373183, 50.73410522453699], [-3.5025695206968748, 50.73406778367019]]], [[[-3.5043596052004213, 50.735442836389076], [-3.503796179057426, 50.736088645395704], [-3.5032699897251267, 50.735579994753465], [-3.50424912826341, 50.73512900336308], [-3.5043596052004213, 50.735442836389076]]]]}}, {"type": "Feature", "properties": {"type": "postcode-cell", "postcode": "EX4 7EU", "postcodes": ["EX4 7EU"]}, "geometry": {"type": "Polygon", "coordinates": [[[-3.508029813693552, 50.736093763481584], [-3.5078653692543025, 50.73646164331169], [-3.5071042691781447, 50.73659089237076], [-3.5068095183330468, 50.73582175617365], [-3.5078674426139274, 50.735822259508694], [-3.508029813693552, 50.736093763481584]]]}}, {"type": "Feature", "properties": {"type": "postcode-cell", "postcode": "EX1 2UQ", "postcodes": ["EX1 2UQ"]}, "geometry": {"type": "Polygon", "coordinates": [[[-3.5083372282969423, 50.73023064315931], [-3.5074353938979517, 50.730606806976546], [-3.5072187769868806, 50.730637648582324], [-3.5070742718442665, 50.730412874746634], [-3.5072272666690436, 50.73007795405368], [-3.508275788524513, 50.72990740107063], [-3.5083372282969423, 50.73023064315931]]]}}, {"type": "Feature", "properties": {"type": "postcode-cell", "postcode": "EX4 7HU", "postcodes": ["EX4 7HU"]}, "geometry": {"type": "Polygon", "coordinates": [[[-3.5090944007015, 50.73077197444937], [-3.5074353938979517, 50.730606806976546], [-3.5083372282969423, 50.73023064315931], [-3.509093673671492, 50.7306690660846], [-3.5090944007015, 50.73077197444937]]]}}, {"type": "Feature", "properties": {"type": "postcode-cell", "postcode": "EX4 7ES", "postcodes": ["EX4 7ES"]}, "geometry": {"type": "Polygon", "coordinates": [[[-3.508335614137122, 50.73729472371139], [-3.506820604743153, 50.73679902062571], [-3.5071042691781447, 50.73659089237076], [-3.5078653692543025, 50.73646164331169], [-3.5084890614101845, 50.737130032967684], [-3.508335614137122, 50.73729472371139]]]}}, {"type": "Feature", "properties": {"type": "postcode-cell", "postcode": "EX4 7DU", "postcodes": ["EX4 7DU"]}, "geometry": {"type": "Polygon", "coordinates": [[[-3.5077491974980055, 50.73788873694396], [-3.506979989726508, 50.737619994755], [-3.5059637491156614, 50.737095131457565], [-3.506059412622842, 50.73702620566254], [-3.506820604743153, 50.73679902062571], [-3.508335614137122, 50.73729472371139], [-3.508226641870757, 50.73756161283709], [-3.5077491974980055, 50.73788873694396]]]}}, {"type": "Feature", "properties": {"type": "postcode-cell", "postcode": "EX4 7HJ", "postcodes": ["EX4 7HJ"]}, "geometry": {"type": "Polygon", "coordinates": [[[-3.509190810081063, 50.73097256554241], [-3.509098039238395, 50.73100598051092], [-3.507096168842289, 50.731030867804236], [-3.5072187769868806, 50.730637648582324], [-3.5074353938979517, 50.730606806976546], [-3.5090944007015, 50.73077197444937], [-3.509190810081063, 50.73097256554241]]]}}, {"type": "Feature", "properties": {"type": "postcode-cell", "postcode": "EX4 7DZ", "postcodes": ["EX4 7DZ"]}, "geometry": {"type": "Polygon", "coordinates": [[[-3.5082525054640534, 50.73538564789649], [-3.5078674426139274, 50.735822259508694], [-3.5068095183330468, 50.73582175617365], [-3.5066687032883377, 50.73578354893646], [-3.5066924456051956, 50.735376681377126], [-3.5077823291370565, 50.734701309717], [-3.5082525054640534, 50.73538564789649]]]}}, {"type": "Feature", "properties": {"type": "postcode-cell", "postcode": "EX4 7BQ", "postcodes": ["EX4 7BQ"]}, "geometry": {"type": "Polygon", "coordinates": [[[-3.507778491625459, 50.731825397815236], [-3.507127782950885, 50.73142889008152], [-3.507066662407494, 50.73107095973688], [-3.507096168842289, 50.731030867804236], [-3.509098039238395, 50.73100598051092], [-3.507778491625459, 50.731825397815236]]]}}, {"type": "Feature", "properties": {"type": "postcode-cell", "postcode": "EX4 7BS", "postcodes": ["EX4 7BS"]}, "geometry": {"type": "Polygon", "coordinates": [[[-3.507778491625459, 50.731825397815236], [-3.5079419879474347, 50.73211109754201], [-3.505791453440165, 50.732445081834996], [-3.5055972680138883, 50.73201520128965], [-3.507127782950885, 50.73142889008152], [-3.507778491625459, 50.731825397815236]]]}}, {"type": "Feature", "properties": {"type": "postcode-cell", "postcode": "EX1 2UJ", "postcodes": ["EX1 2UJ"]}, "geometry": {"type": "Polygon", "coordinates": [[[-3.508275788524513, 50.72990740107063], [-3.5072272666690436, 50.73007795405368], [-3.5070269215210375, 50.72955086613375], [-3.5075783161025313, 50.72907549356746], [-3.507929989730799, 50.729859994748885], [-3.5083286501285547, 50.72984549826741], [-3.508275788524513, 50.72990740107063]]]}}, {"type": "Feature", "properties": {"type": "postcode-cell", "postcode": "EX4 7DF", "postcodes": ["EX4 7DF"]}, "geometry": {"type": "Polygon", "coordinates": [[[-3.5093372036681316, 50.733211854596114], [-3.506862057681425, 50.73344877703612], [-3.505971781061013, 50.73319765055243], [-3.5058407932062776, 50.732620760662705], [-3.5087934054218453, 50.73284945090791], [-3.5092568456655093, 50.73312794294044], [-3.5093372036681316, 50.733211854596114]]]}}, {"type": "Feature", "properties": {"type": "postcode-cell", "postcode": "EX4 7EE", "postcodes": ["EX4 7EE"]}, "geometry": {"type": "Polygon", "coordinates": [[[-3.507779608858696, 50.7346167610743], [-3.5077823291370565, 50.734701309717], [-3.5066924456051956, 50.735376681377126], [-3.5059246747784925, 50.7348972063494], [-3.506500074373226, 50.73440683383575], [-3.507779608858696, 50.7346167610743]]]}}, {"type": "Feature", "properties": {"type": "postcode-cell", "postcode": "EX4 7BT", "postcodes": ["EX4 7BT"]}, "geometry": {"type": "Polygon", "coordinates": [[[-3.5087934054218453, 50.73284945090791], [-3.5058407932062776, 50.732620760662705], [-3.5057896457632913, 50.73255585002327], [-3.505791453440165, 50.732445081834996], [-3.5079419879474347, 50.73211109754201], [-3.5087934054218453, 50.73284945090791]]]}}, {"type": "Feature", "properties": {"type": "postcode-cell", "postcode": "EX4 7ET", "postcodes": ["EX4 7ET"]}, "geometry": {"type": "Polygon", "coordinates": [[[-3.506059412622842, 50.73702620566254], [-3.506255919352593, 50.735885718098864], [-3.5066687032883377, 50.73578354893646], [-3.5068095183330468, 50.73582175617365], [-3.5071042691781447, 50.73659089237076], [-3.506820604743153, 50.73679902062571], [-3.506059412622842, 50.73702620566254]]]}}, {"type": "Feature", "properties": {"type": "postcode-cell", "postcode": "EX4 7DX", "postcodes": ["EX4 7DX"]}, "geometry": {"type": "Polygon", "coordinates": [[[-3.5059637491156614, 50.737095131457565], [-3.5051599897258017, 50.73667999475429], [-3.5049860073970045, 50.7360710597766], [-3.5050080234317815, 50.73604006056702], [-3.5056830728627317, 50.73578834062642], [-3.506255919352593, 50.735885718098864], [-3.506059412622842, 50.73702620566254], [-3.5059637491156614, 50.737095131457565]]]}}, {"type": "Feature", "properties": {"type": "postcode-cell", "postcode": "EX4 7HX", "postcodes": ["EX4 7HX"]}, "geometry": {"type": "Polygon", "coordinates": [[[-3.507066662407494, 50.73107095973688], [-3.505623540585735, 50.730913853892936], [-3.5054781191387994, 50.7303862689336], [-3.5057674701559467, 50.73016224298634], [-3.5070742718442665, 50.730412874746634], [-3.5072187769868806, 50.730637648582324], [-3.507096168842289, 50.731030867804236], [-3.507066662407494, 50.73107095973688]]]}}, {"type": "Feature", "properties": {"type": "postcode-cell", "postcode": "EX4 7BX", "postcodes": ["EX4 7BX"]}, "geometry": {"type": "Polygon", "coordinates": [[[-3.5058407932062776, 50.732620760662705], [-3.505971781061013, 50.73319765055243], [-3.5050977046674774, 50.733812104017694], [-3.5030432231866, 50.73415340003334], [-3.5025695206968748, 50.73406778367019], [-3.5026290036983143, 50.73396696063523], [-3.5036890700486407, 50.73304318024735], [-3.5057896457632913, 50.73255585002327], [-3.5058407932062776, 50.732620760662705]]]}}, {"type": "Feature", "properties": {"type": "postcode-cell", "postcode": "EX4 7BL", "postcodes": ["EX4 7BL"]}, "geometry": {"type": "Polygon", "coordinates": [[[-3.507127782950885, 50.73142889008152], [-3.5055972680138883, 50.73201520128965], [-3.5055262495435024, 50.73197996379046], [-3.5053592649154806, 50.73134051995819], [-3.505469566004908, 50.731046565661586], [-3.505623540585735, 50.730913853892936], [-3.507066662407494, 50.73107095973688], [-3.507127782950885, 50.73142889008152]]]}}, {"type": "Feature", "properties": {"type": "postcode-cell", "postcode": "EX4 7JF", "postcodes": ["EX4 7JF"]}, "geometry": {"type": "Polygon", "coordinates": [[[-3.5057896457632913, 50.73255585002327], [-3.5036890700486407, 50.73304318024735], [-3.504060685895438, 50.731998327506275], [-3.504093356993038, 50.731957433906764], [-3.5055262495435024, 50.73197996379046], [-3.5055972680138883, 50.73201520128965], [-3.505791453440165, 50.732445081834996], [-3.5057896457632913, 50.73255585002327]]]}}, {"type": "Feature", "properties": {"type": "postcode-cell", "postcode": "EX1 2UH", "postcodes": ["EX1 2UH"]}, "geometry": {"type": "Polygon", "coordinates": [[[-3.5070742718442665, 50.730412874746634], [-3.5057674701559467, 50.73016224298634], [-3.505764879941352, 50.72960540731079], [-3.5070269215210375, 50.72955086613375], [-3.5072272666690436, 50.73007795405368], [-3.5070742718442665, 50.730412874746634]]]}}, {"type": "Feature", "properties": {"type": "postcode-cell", "postcode": "EX4 7BY", "postcodes": ["EX4 7BY"]}, "geometry": {"type": "Polygon", "coordinates": [[[-3.506862057681425, 50.73344877703612], [-3.5064464630179226, 50.734343234340855], [-3.5050977046674774, 50.733812104017694], [-3.505971781061013, 50.73319765055243], [-3.506862057681425, 50.73344877703612]]]}}, {"type": "Feature", "properties": {"type": "postcode-cell", "postcode": "EX1 2UD", "postcodes": ["EX1 2UD"]}, "geometry": {"type": "Polygon", "coordinates": [[[-3.504696177135373, 50.72904145570609], [-3.503346223362931, 50.72969269604625], [-3.5023563482916233, 50.72934484628935], [-3.5023038313500483, 50.729031120360176], [-3.5047320917886746, 50.72901207766878], [-3.504696177135373, 50.72904145570609]]]}}, {"type": "Feature", "properties": {"type": "postcode-cell", "postcode": "EX4 7DY", "postcodes": ["EX4 7DY"]}, "geometry": {"type": "Polygon", "coordinates": [[[-3.506255919352593, 50.735885718098864], [-3.5056830728627317, 50.73578834062642], [-3.5053659000583077, 50.735021202237206], [-3.5059246747784925, 50.7348972063494], [-3.5066924456051956, 50.735376681377126], [-3.5066687032883377, 50.73578354893646], [-3.506255919352593, 50.735885718098864]]]}}, {"type": "Feature", "properties": {"type": "postcode-cell", "postcode": "EX4 7JT", "postcodes": ["EX4 7JT"]}, "geometry": {"type": "MultiPolygon", "coordinates": [[[[-3.5043596052004213, 50.735442836389076], [-3.5048229241432898, 50.73586957722275], [-3.5038699897252306, 50.736159994753905], [-3.503796179057426, 50.736088645395704], [-3.5043596052004213, 50.735442836389076]]], [[[-3.5050080234317815, 50.73604006056702], [-3.5049860073970045, 50.7360710597766], [-3.504966125000479, 50.73600147068616], [-3.5050080234317815, 50.73604006056702]]]]}}, {"type": "Feature", "properties": {"type": "postcode-cell", "postcode": "EX1 2UF", "postcodes": ["EX1 2UF"]}, "geometry": {"type": "Polygon", "coordinates": [[[-3.5054781191387994, 50.7303862689336], [-3.5045411240470496, 50.7303461753933], [-3.504696177135373, 50.72904145570609], [-3.5047320917886746, 50.72901207766878], [-3.505027509076761, 50.72900975752164], [-3.505764879941352, 50.72960540731079], [-3.5057674701559467, 50.73016224298634], [-3.5054781191387994, 50.7303862689336]]]}}, {"type": "Feature", "properties": {"type": "postcode-cell", "postcode": "EX4 7FA", "postcodes": ["EX4 7FA", "EX4 7FD"]}, "geometry": {"type": "Polygon", "coordinates": [[[-3.506500074373226, 50.73440683383575], [-3.5059246747784925, 50.7348972063494], [-3.5053659000583077, 50.735021202237206], [-3.504758882567039, 50.73489420378832], [-3.5049199897265333, 50.734819994752826], [-3.504268170860942, 50.734791535674425], [-3.504119374046986, 50.734760403478006], [-3.5030432231866, 50.73415340003334], [-3.5050977046674774, 50.733812104017694], [-3.5064464630179226, 50.734343234340855], [-3.506500074373226, 50.73440683383575]]]}}, {"type": "Feature", "properties": {"type": "postcode-cell", "postcode": "EX4 7EB", "postcodes": ["EX4 7EB"]}, "geometry": {"type": "MultiPolygon", "coordinates": [[[[-3.5050080234317815, 50.73604006056702], [-3.504966125000479, 50.73600147068616], [-3.504919989726048, 50.735839994753654], [-3.5048229241432898, 50.73586957722275], [-3.5043596052004213, 50.735442836389076], [-3.50424912826341, 50.73512900336308], [-3.504758882567039, 50.73489420378832], [-3.5053659000583077, 50.735021202237206], [-3.5056830728627317, 50.73578834062642], [-3.5050080234317815, 50.73604006056702]]], [[[-3.504119374046986, 50.734760403478006], [-3.504268170860942, 50.734791535674425], [-3.5041281813679332, 50.734785423109614], [-3.504119374046986, 50.734760403478006]]]]}}, {"type": "Feature", "properties": {"type": "postcode-cell", "postcode": "EX4 7HY", "postcodes": ["EX4 7HY"]}, "geometry": {"type": "Polygon", "coordinates": [[[-3.505623540585735, 50.730913853892936], [-3.505469566004908, 50.731046565661586], [-3.5039708827636296, 50.730822534975196], [-3.504060881755753, 50.73049663549343], [-3.5045411240470496, 50.7303461753933], [-3.5054781191387994, 50.7303862689336], [-3.505623540585735, 50.730913853892936]]]}}, {"type": "Feature", "properties": {"type": "postcode-cell", "postcode": "EX4 7BN", "postcodes": ["EX4 7BN"]}, "geometry": {"type": "Polygon", "coordinates": [[[-3.5055262495435024, 50.73197996379046], [-3.504093356993038, 50.731957433906764], [-3.5037167545933747, 50.7314864643839], [-3.5038687475538564, 50.73123694358764], [-3.5053592649154806, 50.73134051995819], [-3.5055262495435024, 50.73197996379046]]]}}, {"type": "Feature", "properties": {"type": "postcode-cell", "postcode": "EX1 2UE", "postcodes": ["EX1 2UE"]}, "geometry": {"type": "Polygon", "coordinates": [[[-3.504060881755753, 50.73049663549343], [-3.5033618855118496, 50.73004153051797], [-3.503346223362931, 50.72969269604625], [-3.504696177135373, 50.72904145570609], [-3.5045411240470496, 50.7303461753933], [-3.504060881755753, 50.73049663549343]]]}}, {"type": "Feature", "properties": {"type": "postcode-cell", "postcode": "EX4 7HH", "postcodes": ["EX4 7HH"]}, "geometry": {"type": "Polygon", "coordinates": [[[-3.5053592649154806, 50.73134051995819], [-3.5038687475538564, 50.73123694358764], [-3.5039011317721336, 50.73090507453248], [-3.5039708827636296, 50.730822534975196], [-3.505469566004908, 50.731046565661586], [-3.5053592649154806, 50.73134051995819]]]}}, {"type": "Feature", "properties": {"type": "postcode-cell", "postcode": "EX4 7JE", "postcodes": ["EX4 7JE"]}, "geometry": {"type": "Polygon", "coordinates": [[[-3.5026290036983143, 50.73396696063523], [-3.5024688256633465, 50.73220833299518], [-3.504060685895438, 50.731998327506275], [-3.5036890700486407, 50.73304318024735], [-3.5026290036983143, 50.73396696063523]]]}}, {"type": "Feature", "properties": {"type": "postcode-cell", "postcode": "EX4 7HZ", "postcodes": ["EX4 7HZ"]}, "geometry": {"type": "Polygon", "coordinates": [[[-3.5038687475538564, 50.73123694358764], [-3.5037167545933747, 50.7314864643839], [-3.502595666478579, 50.73153576356765], [-3.5024058806654352, 50.7313981391766], [-3.5026799897267695, 50.73133999475012], [-3.5023079382990794, 50.731204053277935], [-3.502722420885824, 50.73077992123928], [-3.5039011317721336, 50.73090507453248], [-3.5038687475538564, 50.73123694358764]]]}}, {"type": "Feature", "properties": {"type": "postcode-cell", "postcode": "EX1 2UA", "postcodes": ["EX1 2UA"]}, "geometry": {"type": "Polygon", "coordinates": [[[-3.5039011317721336, 50.73090507453248], [-3.502722420885824, 50.73077992123928], [-3.502555503151819, 50.730373051515194], [-3.5033618855118496, 50.73004153051797], [-3.504060881755753, 50.73049663549343], [-3.5039708827636296, 50.730822534975196], [-3.5039011317721336, 50.73090507453248]]]}}, {"type": "Feature", "properties": {"type": "postcode-cell", "postcode": "EX4 7JG", "postcodes": ["EX4 7JG"]}, "geometry": {"type": "Polygon", "coordinates": [[[-3.504060685895438, 50.731998327506275], [-3.5024688256633465, 50.73220833299518], [-3.502370302389237, 50.732047967774534], [-3.502595666478579, 50.73153576356765], [-3.5037167545933747, 50.7314864643839], [-3.504093356993038, 50.731957433906764], [-3.504060685895438, 50.731998327506275]]]}}, {"type": "Feature", "properties": {"type": "postcode-cell", "postcode": "EX4 7JD", "postcodes": ["EX4 7JD"]}, "geometry": {"type": "Polygon", "coordinates": [[[-3.5025695206968748, 50.73406778367019], [-3.5024185057373183, 50.73410522453699], [-3.5021999897254523, 50.73346999475181], [-3.501498891863644, 50.73352842261373], [-3.5014458534226574, 50.732014353207006], [-3.502370302389237, 50.732047967774534], [-3.5024688256633465, 50.73220833299518], [-3.5026290036983143, 50.73396696063523], [-3.5025695206968748, 50.73406778367019]]]}}, {"type": "Feature", "properties": {"type": "postcode-cell", "postcode": "EX4 7JQ", "postcodes": ["EX4 7JQ"]}, "geometry": {"type": "Polygon", "coordinates": [[[-3.502595666478579, 50.73153576356765], [-3.502370302389237, 50.732047967774534], [-3.5014458534226574, 50.732014353207006], [-3.5010756222973107, 50.73185628928156], [-3.5011599897256893, 50.73158999475034], [-3.5023499897265276, 50.731409994750194], [-3.5024058806654352, 50.7313981391766], [-3.502595666478579, 50.73153576356765]]]}}, {"type": "Feature", "properties": {"type": "postcode-cell", "postcode": "EX1 2UB", "postcodes": ["EX1 2UB"]}, "geometry": {"type": "Polygon", "coordinates": [[[-3.502555503151819, 50.730373051515194], [-3.501736429038557, 50.730247279197464], [-3.5015437197528385, 50.729836554369165], [-3.5023563482916233, 50.72934484628935], [-3.503346223362931, 50.72969269604625], [-3.5033618855118496, 50.73004153051797], [-3.502555503151819, 50.730373051515194]]]}}, {"type": "Feature", "properties": {"type": "postcode-cell", "postcode": "EX1 2SA", "postcodes": ["EX1 2SA"]}, "geometry": {"type": "Polygon", "coordinates": [[[-3.5023079382990794, 50.731204053277935], [-3.502159989726531, 50.73114999474999], [-3.501736429038557, 50.730247279197464], [-3.502555503151819, 50.730373051515194], [-3.502722420885824, 50.73077992123928], [-3.5023079382990794, 50.731204053277935]]]}}, {"type": "Feature", "properties": {"type": "postcode-cell", "postcode": "EX1 2SD", "postcodes": ["EX1 2SD"]}, "geometry": {"type": "Polygon", "coordinates": [[[-3.5023563482916233, 50.72934484628935], [-3.5015437197528385, 50.729836554369165], [-3.501169989726909, 50.729039994748355], [-3.5023038313500483, 50.729031120360176], [-3.5023563482916233, 50.72934484628935]]]}}, {"type": "Feature", "properties": {"type": "postcode-cell", "postcode": "EX4 8GF", "postcodes": ["EX4 8GF"]}, "geometry": {"type": "Polygon", "coordinates": [[[-3.5014458534226574, 50.732014353207006], [-3.501498891863644, 50.73352842261373], [-3.50051998972432, 50.73360999475194], [-3.5010756222973107, 50.73185628928156], [-3.5014458534226574, 50.732014353207006]]]}}]}