{"type": "FeatureCollection", "features": [{"type": "Feature", "properties": {"type": "ward-outline", "name": "Salcombe & Thurlestone"}, "geometry": {"type": "Polygon", "coordinates": [[[-3.78806, 50.28479], [-3.78796, 50.28376], [-3.78623, 50.28329], [-3.78686, 50.28258], [-3.78617, 50.28176], [-3.78651, 50.28168], [-3.78594, 50.28029], [-3.78555, 50.28031], [-3.78489, 50.27922], [-3.78345, 50.27958], [-3.78335, 50.27917], [-3.77791, 50.27923], [-3.77782, 50.27921], [-3.7781, 50.2792], [-3.77566, 50.2788], [-3.77391, 50.27785], [-3.77386, 50.27666], [-3.77455, 50.27444], [-3.77398, 50.27401], [-3.77313, 50.27271], [-3.77251, 50.27187], [-3.77339, 50.27103], [-3.77537, 50.27031], [-3.77468, 50.26935], [-3.77233, 50.26937], [-3.77126, 50.26978], [-3.77026, 50.26958], [-3.7712, 50.26873], [-3.77148, 50.26831], [-3.77129, 50.26757], [-3.77042, 50.2669], [-3.76909, 50.26653], [-3.76914, 50.26597], [-3.76734, 50.26446], [-3.76728, 50.26309], [-3.76947, 50.26058], [-3.77191, 50.26009], [-3.7753, 50.26177], [-3.78099, 50.26186], [-3.78329, 50.26272], [-3.78578, 50.26572], [-3.78577, 50.26464], [-3.78463, 50.26297], [-3.78489, 50.26226], [-3.7812, 50.2612], [-3.7792, 50.26119], [-3.77758, 50.26077], [-3.7769, 50.26091], [-3.77629, 50.26031], [-3.77663, 50.2593], [-3.7764, 50.2584], [-3.77504, 50.2579], [-3.77406, 50.25701], [-3.77593, 50.25713], [-3.77982, 50.25632], [-3.78141, 50.25651], [-3.78422, 50.25631], [-3.7879, 50.255], [-3.78222, 50.25495], [-3.7815, 50.25468], [-3.78075, 50.25367], [-3.77827, 50.2547], [-3.7783, 50.25568], [-3.77757, 50.25515], [-3.77389, 50.25444], [-3.7726, 50.25459], [-3.76923, 50.25409], [-3.76611, 50.25424], [-3.76488, 50.25398], [-3.76433, 50.25334], [-3.76437, 50.25254], [-3.76527, 50.25143], [-3.76618, 50.25107], [-3.76489, 50.25119], [-3.76469, 50.25084], [-3.76371, 50.25076], [-3.76241, 50.25009], [-3.76128, 50.2486], [-3.7592, 50.2477], [-3.76053, 50.24662], [-3.76149, 50.24585], [-3.76036, 50.24466], [-3.76105, 50.24384], [-3.76135, 50.24236], [-3.7605, 50.24126], [-3.75893, 50.2407], [-3.7588, 50.24063], [-3.75956, 50.23986], [-3.76017, 50.2394], [-3.76132, 50.23928], [-3.76257, 50.23966], [-3.76442, 50.24115], [-3.76511, 50.24234], [-3.76814, 50.24436], [-3.76859, 50.24374], [-3.7705, 50.24401], [-3.77101, 50.24465], [-3.77165, 50.24479], [-3.77186, 50.24403], [-3.77531, 50.24377], [-3.77419, 50.24323], [-3.76902, 50.24303], [-3.76774, 50.24225], [-3.76763, 50.24215], [-3.76752, 50.24179], [-3.76691, 50.24145], [-3.76679, 50.24133], [-3.7668, 50.24134], [-3.76667, 50.24122], [-3.76659, 50.24115], [-3.76689, 50.24097], [-3.76991, 50.24002], [-3.76624, 50.2405], [-3.7661, 50.2402], [-3.76594, 50.24046], [-3.76638, 50.23893], [-3.76698, 50.23844], [-3.76612, 50.23631], [-3.76802, 50.23537], [-3.77104, 50.23298], [-3.77168, 50.23296], [-3.77224, 50.23201], [-3.77431, 50.23147], [-3.77577, 50.22999], [-3.77605, 50.22939], [-3.77849, 50.22913], [-3.77928, 50.22987], [-3.78022, 50.23017], [-3.78124, 50.23006], [-3.78194, 50.22957], [-3.78065, 50.2283], [-3.78077, 50.2278], [-3.78234, 50.22697], [-3.78241, 50.22662], [-3.78381, 50.22645], [-3.78439, 50.22554], [-3.78383, 50.22482], [-3.78148, 50.22476], [-3.78095, 50.22462], [-3.78112, 50.22408], [-3.78056, 50.22404], [-3.78057, 50.22401], [-3.78063, 50.224], [-3.7806, 50.22388], [-3.78067, 50.2235], [-3.78075, 50.22349], [-3.7816, 50.22369], [-3.78143, 50.22343], [-3.78147, 50.22342], [-3.78127, 50.22314], [-3.78128, 50.22313], [-3.78219, 50.22225], [-3.78199, 50.22217], [-3.78184, 50.22185], [-3.78215, 50.22132], [-3.78093, 50.21927], [-3.78124, 50.21864], [-3.78094, 50.21813], [-3.78098, 50.21798], [-3.78075, 50.21777], [-3.78111, 50.21734], [-3.78116, 50.21732], [-3.78114, 50.2173], [-3.78117, 50.21726], [-3.78085, 50.21648], [-3.78134, 50.21638], [-3.78102, 50.21593], [-3.78101, 50.2159], [-3.78092, 50.2156], [-3.78104, 50.21556], [-3.78128, 50.21557], [-3.78186, 50.21585], [-3.78175, 50.21548], [-3.78229, 50.21543], [-3.78236, 50.21545], [-3.78268, 50.21541], [-3.78437, 50.21552], [-3.78469, 50.21524], [-3.78542, 50.21553], [-3.78524, 50.21518], [-3.78679, 50.21513], [-3.78619, 50.21477], [-3.78682, 50.2147], [-3.78579, 50.21432], [-3.78706, 50.21416], [-3.78689, 50.21316], [-3.78623, 50.21263], [-3.78612, 50.21244], [-3.78501, 50.21146], [-3.78473, 50.2108], [-3.78547, 50.2105], [-3.78565, 50.21049], [-3.78625, 50.21056], [-3.78631, 50.21024], [-3.78675, 50.21037], [-3.78661, 50.2102], [-3.78681, 50.21006], [-3.78668, 50.21001], [-3.78693, 50.2098], [-3.7875, 50.21005], [-3.78765, 50.20997], [-3.78771, 50.21001], [-3.78775, 50.20992], [-3.78799, 50.2098], [-3.78958, 50.21002], [-3.78958, 50.21001], [-3.7896, 50.21002], [-3.7895, 50.20997], [-3.78916, 50.20977], [-3.78945, 50.20966], [-3.7895, 50.20971], [-3.78968, 50.20996], [-3.78975, 50.20995], [-3.7906, 50.21076], [-3.79223, 50.21128], [-3.79275, 50.21114], [-3.79279, 50.21144], [-3.79288, 50.21144], [-3.79288, 50.21144], [-3.79306, 50.21143], [-3.79443, 50.21146], [-3.79423, 50.21135], [-3.79649, 50.21121], [-3.79669, 50.21152], [-3.79631, 50.21166], [-3.79678, 50.2116], [-3.79782, 50.21213], [-3.79771, 50.21219], [-3.79803, 50.21224], [-3.79843, 50.21244], [-3.79844, 50.21247], [-3.79827, 50.21261], [-3.79833, 50.21264], [-3.79859, 50.21285], [-3.79829, 50.21297], [-3.79905, 50.21339], [-3.7989, 50.21341], [-3.79851, 50.21341], [-3.79865, 50.21345], [-3.7986, 50.21346], [-3.79862, 50.21346], [-3.7986, 50.21347], [-3.79884, 50.21351], [-3.79922, 50.21361], [-3.79906, 50.21365], [-3.79892, 50.21367], [-3.79892, 50.21421], [-3.79935, 50.21471], [-3.80065, 50.21479], [-3.80066, 50.21482], [-3.80071, 50.2148], [-3.8028, 50.21494], [-3.803, 50.21482], [-3.803, 50.21483], [-3.80343, 50.21461], [-3.80469, 50.21459], [-3.80477, 50.21462], [-3.80481, 50.2146], [-3.80545, 50.21475], [-3.80555, 50.21484], [-3.80564, 50.2148], [-3.80567, 50.21481], [-3.80573, 50.21476], [-3.80604, 50.21463], [-3.80702, 50.21482], [-3.80761, 50.21459], [-3.80786, 50.21462], [-3.80825, 50.21474], [-3.80829, 50.21437], [-3.80926, 50.21471], [-3.81043, 50.21458], [-3.81046, 50.21461], [-3.81045, 50.21458], [-3.81045, 50.21458], [-3.81048, 50.21462], [-3.81049, 50.21457], [-3.81085, 50.21453], [-3.81052, 50.21426], [-3.81052, 50.21423], [-3.81056, 50.21423], [-3.81092, 50.21424], [-3.81082, 50.21435], [-3.81083, 50.21435], [-3.81082, 50.21436], [-3.81146, 50.21431], [-3.81306, 50.21489], [-3.81413, 50.21509], [-3.81674, 50.21508], [-3.81638, 50.21539], [-3.81633, 50.21542], [-3.81634, 50.21543], [-3.81629, 50.21547], [-3.81621, 50.21642], [-3.81625, 50.21644], [-3.81627, 50.21645], [-3.81622, 50.2165], [-3.81642, 50.21652], [-3.81693, 50.21676], [-3.81685, 50.21704], [-3.81801, 50.21674], [-3.81815, 50.21642], [-3.81968, 50.21625], [-3.81971, 50.21627], [-3.81959, 50.21684], [-3.81958, 50.21685], [-3.81959, 50.21685], [-3.81957, 50.21694], [-3.82097, 50.21734], [-3.82255, 50.21726], [-3.82298, 50.21733], [-3.82291, 50.21738], [-3.8228, 50.21745], [-3.82281, 50.21745], [-3.8228, 50.21745], [-3.82282, 50.21745], [-3.82275, 50.21748], [-3.82317, 50.21752], [-3.82296, 50.21766], [-3.82283, 50.21772], [-3.82286, 50.21772], [-3.82284, 50.21773], [-3.82286, 50.21772], [-3.82262, 50.21787], [-3.82348, 50.2177], [-3.8234, 50.21785], [-3.82325, 50.21797], [-3.82379, 50.21802], [-3.82417, 50.21811], [-3.82356, 50.21875], [-3.82462, 50.21915], [-3.82415, 50.21953], [-3.82504, 50.21962], [-3.82505, 50.21962], [-3.82493, 50.22005], [-3.82595, 50.22022], [-3.82597, 50.22033], [-3.82595, 50.22036], [-3.82598, 50.22037], [-3.82616, 50.2212], [-3.82656, 50.22148], [-3.82666, 50.22168], [-3.8265, 50.22174], [-3.82708, 50.22204], [-3.82711, 50.2222], [-3.82705, 50.22227], [-3.82713, 50.22227], [-3.82719, 50.22258], [-3.82683, 50.22295], [-3.82727, 50.22363], [-3.82788, 50.22369], [-3.82807, 50.22329], [-3.82863, 50.22318], [-3.82877, 50.22324], [-3.8286, 50.2234], [-3.82941, 50.22339], [-3.82938, 50.22343], [-3.82974, 50.22341], [-3.82989, 50.22377], [-3.83017, 50.22367], [-3.83023, 50.22368], [-3.83067, 50.22394], [-3.83096, 50.22386], [-3.83131, 50.22389], [-3.83152, 50.22399], [-3.83151, 50.224], [-3.83128, 50.22424], [-3.83199, 50.22447], [-3.83171, 50.22457], [-3.83197, 50.22488], [-3.83275, 50.22473], [-3.83282, 50.22481], [-3.83284, 50.22502], [-3.83298, 50.225], [-3.83298, 50.22501], [-3.833, 50.225], [-3.83305, 50.22505], [-3.83328, 50.22497], [-3.83345, 50.22501], [-3.83331, 50.2252], [-3.83298, 50.22538], [-3.8335, 50.22584], [-3.83556, 50.22756], [-3.83631, 50.22752], [-3.83748, 50.22777], [-3.83766, 50.22782], [-3.83769, 50.22809], [-3.83783, 50.22803], [-3.83793, 50.22818], [-3.83798, 50.2287], [-3.84073, 50.22934], [-3.84098, 50.22958], [-3.84098, 50.22958], [-3.84099, 50.22959], [-3.841, 50.22959], [-3.8411, 50.22975], [-3.84157, 50.22966], [-3.84179, 50.22988], [-3.842, 50.23027], [-3.842, 50.23027], [-3.842, 50.23027], [-3.84206, 50.23025], [-3.84215, 50.23038], [-3.84264, 50.23017], [-3.84266, 50.23025], [-3.84356, 50.22978], [-3.84377, 50.22969], [-3.84382, 50.22993], [-3.8438, 50.23], [-3.8437, 50.23002], [-3.8438, 50.23003], [-3.84377, 50.23015], [-3.84593, 50.23024], [-3.846, 50.23028], [-3.84775, 50.23033], [-3.84812, 50.23053], [-3.84817, 50.23067], [-3.84798, 50.23084], [-3.8487, 50.23091], [-3.84906, 50.23104], [-3.84955, 50.23113], [-3.85092, 50.23243], [-3.85126, 50.23235], [-3.85158, 50.23233], [-3.8518, 50.23243], [-3.85171, 50.23248], [-3.85191, 50.23248], [-3.85202, 50.23252], [-3.85187, 50.23258], [-3.85209, 50.23274], [-3.85191, 50.23282], [-3.85278, 50.23305], [-3.85273, 50.23432], [-3.85571, 50.23446], [-3.85577, 50.23421], [-3.85711, 50.23406], [-3.85757, 50.23443], [-3.85849, 50.2343], [-3.85849, 50.23431], [-3.85936, 50.23421], [-3.85923, 50.23446], [-3.85999, 50.23424], [-3.86001, 50.23425], [-3.85973, 50.2347], [-3.86017, 50.23457], [-3.86026, 50.23493], [-3.86094, 50.23497], [-3.86115, 50.23526], [-3.86098, 50.23537], [-3.86126, 50.23542], [-3.86128, 50.23544], [-3.86187, 50.23554], [-3.86197, 50.23556], [-3.86193, 50.2356], [-3.86097, 50.23588], [-3.86171, 50.23603], [-3.86172, 50.23604], [-3.86275, 50.23624], [-3.86275, 50.23625], [-3.86235, 50.23673], [-3.86248, 50.23672], [-3.86247, 50.23673], [-3.86251, 50.23673], [-3.8625, 50.23673], [-3.86271, 50.2367], [-3.86327, 50.23664], [-3.86325, 50.23666], [-3.86237, 50.23715], [-3.86283, 50.23713], [-3.863, 50.23714], [-3.86311, 50.23722], [-3.86319, 50.23746], [-3.86442, 50.2373], [-3.86497, 50.23772], [-3.86509, 50.23781], [-3.86505, 50.23785], [-3.86506, 50.23785], [-3.86506, 50.23785], [-3.86512, 50.23783], [-3.86514, 50.23785], [-3.86585, 50.23771], [-3.86545, 50.23803], [-3.8655, 50.23807], [-3.86548, 50.23808], [-3.86549, 50.23808], [-3.86548, 50.23808], [-3.86552, 50.23809], [-3.86563, 50.23818], [-3.86611, 50.23829], [-3.86598, 50.23848], [-3.86699, 50.23895], [-3.86768, 50.23848], [-3.86777, 50.23853], [-3.8682, 50.23879], [-3.86802, 50.23895], [-3.86764, 50.23919], [-3.86772, 50.23923], [-3.86767, 50.23927], [-3.86798, 50.23935], [-3.86839, 50.23955], [-3.86739, 50.23963], [-3.86695, 50.24003], [-3.86804, 50.23997], [-3.86831, 50.23998], [-3.86787, 50.24053], [-3.86833, 50.2405], [-3.86834, 50.2405], [-3.86834, 50.2405], [-3.86835, 50.2405], [-3.86837, 50.2405], [-3.86944, 50.24043], [-3.86809, 50.24077], [-3.86873, 50.24077], [-3.86926, 50.24089], [-3.8694, 50.24092], [-3.8694, 50.24092], [-3.8694, 50.24092], [-3.86974, 50.24076], [-3.86977, 50.24076], [-3.86973, 50.24102], [-3.86979, 50.24103], [-3.86979, 50.24114], [-3.87064, 50.24117], [-3.87056, 50.24141], [-3.87049, 50.24147], [-3.87046, 50.24149], [-3.87076, 50.24159], [-3.87105, 50.24183], [-3.87064, 50.24241], [-3.87065, 50.24241], [-3.87064, 50.24242], [-3.87077, 50.24238], [-3.87066, 50.24251], [-3.8705, 50.24255], [-3.87056, 50.24246], [-3.87001, 50.24269], [-3.86883, 50.24301], [-3.86773, 50.24278], [-3.86773, 50.24278], [-3.86772, 50.24278], [-3.86773, 50.24279], [-3.86769, 50.24278], [-3.86774, 50.24297], [-3.86775, 50.24315], [-3.86675, 50.24319], [-3.86662, 50.24335], [-3.86654, 50.24334], [-3.86653, 50.2432], [-3.86609, 50.24328], [-3.86571, 50.24322], [-3.86483, 50.24287], [-3.86436, 50.24238], [-3.8618, 50.24275], [-3.85974, 50.24216], [-3.85911, 50.24251], [-3.85943, 50.24497], [-3.85968, 50.24508], [-3.86037, 50.24539], [-3.86047, 50.24507], [-3.86068, 50.24434], [-3.86088, 50.24477], [-3.86139, 50.24459], [-3.86143, 50.2446], [-3.86085, 50.24506], [-3.86041, 50.2454], [-3.8614, 50.24546], [-3.86094, 50.24559], [-3.86087, 50.2456], [-3.86077, 50.24562], [-3.8608, 50.24562], [-3.85903, 50.24614], [-3.85971, 50.2471], [-3.85928, 50.24727], [-3.85959, 50.24854], [-3.85991, 50.24859], [-3.85968, 50.24886], [-3.86009, 50.24881], [-3.85959, 50.24921], [-3.85973, 50.24982], [-3.86032, 50.25059], [-3.86111, 50.25059], [-3.86015, 50.25098], [-3.85966, 50.25172], [-3.86015, 50.25292], [-3.86078, 50.25316], [-3.86022, 50.25338], [-3.86042, 50.25442], [-3.85942, 50.25509], [-3.85973, 50.25523], [-3.85868, 50.25556], [-3.85784, 50.25671], [-3.85809, 50.26059], [-3.8592, 50.26215], [-3.86017, 50.26277], [-3.86059, 50.26253], [-3.86047, 50.26283], [-3.86157, 50.26295], [-3.86095, 50.26326], [-3.86276, 50.26445], [-3.86416, 50.26446], [-3.86428, 50.26415], [-3.86514, 50.2639], [-3.867, 50.26398], [-3.8681, 50.26362], [-3.86809, 50.264], [-3.86878, 50.26418], [-3.86783, 50.26516], [-3.86777, 50.26573], [-3.86918, 50.2675], [-3.87054, 50.26835], [-3.87201, 50.26845], [-3.87255, 50.26877], [-3.87333, 50.26826], [-3.87389, 50.26829], [-3.87322, 50.26885], [-3.87473, 50.26934], [-3.87517, 50.27035], [-3.87697, 50.27101], [-3.87695, 50.27167], [-3.87765, 50.2717], [-3.87818, 50.27216], [-3.87911, 50.27204], [-3.87863, 50.27227], [-3.8792, 50.27222], [-3.87922, 50.27336], [-3.87963, 50.27362], [-3.88157, 50.27343], [-3.88163, 50.27403], [-3.88026, 50.27459], [-3.88054, 50.27528], [-3.8812, 50.27533], [-3.88096, 50.27585], [-3.88175, 50.27653], [-3.88099, 50.27703], [-3.8795, 50.27691], [-3.87869, 50.27815], [-3.88001, 50.28177], [-3.87881, 50.28194], [-3.87772, 50.28183], [-3.87702, 50.28095], [-3.87728, 50.2807], [-3.87594, 50.27981], [-3.87228, 50.27897], [-3.87094, 50.27881], [-3.86812, 50.27931], [-3.86657, 50.28024], [-3.86534, 50.28232], [-3.86522, 50.28339], [-3.86448, 50.2837], [-3.86534, 50.28467], [-3.86416, 50.28722], [-3.86006, 50.28902], [-3.85812, 50.2906], [-3.8545, 50.29108], [-3.85242, 50.29108], [-3.85258, 50.29121], [-3.85192, 50.29102], [-3.84808, 50.29291], [-3.84335, 50.29385], [-3.8421, 50.29382], [-3.84023, 50.29347], [-3.83979, 50.29245], [-3.83565, 50.29152], [-3.83355, 50.29222], [-3.83071, 50.29149], [-3.83044, 50.29036], [-3.82924, 50.28916], [-3.82829, 50.28926], [-3.82407, 50.28737], [-3.81601, 50.28669], [-3.81569, 50.28734], [-3.81286, 50.28794], [-3.80814, 50.28826], [-3.80715, 50.28803], [-3.80162, 50.28856], [-3.79669, 50.28554], [-3.79522, 50.28522], [-3.79159, 50.28534], [-3.78806, 50.28479]]]}}, {"type": "Feature", "properties": {"type": "postcode-cell", "postcode": "TQ7 3AN", "postcodes": ["TQ7 3AN"]}, "geometry": {"type": "Polygon", "coordinates": [[[-3.8705901755385614, 50.27362100184454], [-3.877031781686207, 50.27167349995644], [-3.877649990182859, 50.27169999438649], [-3.8781799901829825, 50.272159994386826], [-3.8791099901836295, 50.27203999438671], [-3.8786299901832146, 50.27226999438688], [-3.879199990183602, 50.27221999438684], [-3.8792199901830764, 50.273359994387704], [-3.8796299901832154, 50.27361999438789], [-3.881569990184541, 50.27342999438769], [-3.881629990184298, 50.27402999438815], [-3.88025999018316, 50.27458999438863], [-3.8805399901830118, 50.27527999438913], [-3.88119999018341, 50.275329994389146], [-3.8809599901830114, 50.27584999438956], [-3.8817499901831938, 50.27652999439007], [-3.8809899901824747, 50.27702999439044], [-3.8794999901815808, 50.276909994390394], [-3.87868999018048, 50.27814999439136], [-3.8800099901796146, 50.281769994394104], [-3.8788099901787674, 50.28193999439426], [-3.8777199901781256, 50.2818299943942], [-3.8770199901780953, 50.280949994393545], [-3.8772799901783768, 50.28069999439335], [-3.8759399901779426, 50.27980999439269], [-3.8722799901760068, 50.278969994392156], [-3.8709399901752297, 50.27880999439208], [-3.8707036168358933, 50.2788519075769], [-3.8705901755385614, 50.27362100184454]]]}}, {"type": "Feature", "properties": {"type": "postcode-cell", "postcode": "TQ7 3NU", "postcodes": ["TQ7 3NU"]}, "geometry": {"type": "Polygon", "coordinates": [[[-3.8705901755385614, 50.27362100184454], [-3.8695638340842247, 50.27380682039248], [-3.8664386915693796, 50.27257915817466], [-3.8643178301636314, 50.27028575324625], [-3.8657025760257286, 50.26935326757463], [-3.87496725923617, 50.26988464043062], [-3.8751699901819183, 50.2703499943855], [-3.876969990182752, 50.27100999438596], [-3.8769499901824305, 50.27166999438647], [-3.877031781686207, 50.27167349995644], [-3.8705901755385614, 50.27362100184454]]]}}, {"type": "Feature", "properties": {"type": "postcode-cell", "postcode": "TQ7 3AW", "postcodes": ["TQ7 3AW"]}, "geometry": {"type": "Polygon", "coordinates": [[[-3.8670357269655007, 50.278398992095205], [-3.86876005208331, 50.27864451047575], [-3.869056612069881, 50.27914393539855], [-3.8681199901731973, 50.27930999439251], [-3.8678342378648716, 50.27948145002111], [-3.8670357269655007, 50.278398992095205]]]}}, {"type": "Feature", "properties": {"type": "postcode-cell", "postcode": "TQ7 3AL", "postcodes": ["TQ7 3AL"]}, "geometry": {"type": "Polygon", "coordinates": [[[-3.8707036168358933, 50.2788519075769], [-3.869056612069881, 50.27914393539855], [-3.86876005208331, 50.27864451047575], [-3.8690187159898666, 50.274119935586455], [-3.8695638340842247, 50.27380682039248], [-3.8705901755385614, 50.27362100184454], [-3.8707036168358933, 50.2788519075769]]]}}, {"type": "Feature", "properties": {"type": "postcode-cell", "postcode": "TQ7 3NY", "postcodes": ["TQ7 3NY"]}, "geometry": {"type": "Polygon", "coordinates": [[[-3.8657025760257286, 50.26935326757463], [-3.863549298695999, 50.26762638359529], [-3.8678297878147845, 50.26516191686846], [-3.86776999017939, 50.26572999438217], [-3.8691799901794512, 50.267499994383485], [-3.8705399901799145, 50.2683499943841], [-3.8720099901808025, 50.26844999438415], [-3.872549990180995, 50.26876999438438], [-3.8733299901817344, 50.268259994383975], [-3.873889990182077, 50.268289994384], [-3.8732199901813833, 50.26884999438443], [-3.874729990182113, 50.26933999438475], [-3.87496725923617, 50.26988464043062], [-3.8657025760257286, 50.26935326757463]]]}}, {"type": "Feature", "properties": {"type": "postcode-cell", "postcode": "TQ7 3AJ", "postcodes": ["TQ7 3AJ"]}, "geometry": {"type": "Polygon", "coordinates": [[[-3.86876005208331, 50.27864451047575], [-3.8670357269655007, 50.278398992095205], [-3.8646484748743766, 50.27674176284803], [-3.8648641288217704, 50.27605311717144], [-3.8690187159898666, 50.274119935586455], [-3.86876005208331, 50.27864451047575]]]}}, {"type": "Feature", "properties": {"type": "postcode-cell", "postcode": "TQ7 3NG", "postcodes": ["TQ7 3NG"]}, "geometry": {"type": "Polygon", "coordinates": [[[-3.8690187159898666, 50.274119935586455], [-3.8648641288217704, 50.27605311717144], [-3.861090109700294, 50.27529003443773], [-3.8607295315017676, 50.2747820723518], [-3.8605948910185623, 50.27446269358885], [-3.8605105293423554, 50.27361764150573], [-3.86051255303107, 50.27361294325056], [-3.8609825840147503, 50.27281050402289], [-3.861339011861957, 50.27273490952641], [-3.864674080764247, 50.27237075718551], [-3.8664386915693796, 50.27257915817466], [-3.8695638340842247, 50.27380682039248], [-3.8690187159898666, 50.274119935586455]]]}}, {"type": "Feature", "properties": {"type": "postcode-cell", "postcode": "TQ7 3AR", "postcodes": ["TQ7 3AR"]}, "geometry": {"type": "Polygon", "coordinates": [[[-3.860768649312936, 50.28203913346262], [-3.8622590464931914, 50.27915394151842], [-3.8638300695687056, 50.277993728814195], [-3.8668391743061044, 50.280078487962584], [-3.86656999017177, 50.28023999439324], [-3.865339990170007, 50.28231999439487], [-3.8652199901694244, 50.28338999439569], [-3.8644799901688067, 50.28369999439594], [-3.8653399901688976, 50.284669994396666], [-3.864571008153909, 50.2863318090037], [-3.860768649312936, 50.28203913346262]]]}}, {"type": "Feature", "properties": {"type": "postcode-cell", "postcode": "TQ7 3AP", "postcodes": ["TQ7 3AP"]}, "geometry": {"type": "Polygon", "coordinates": [[[-3.8670357269655007, 50.278398992095205], [-3.8678342378648716, 50.27948145002111], [-3.8668391743061044, 50.280078487962584], [-3.8638300695687056, 50.277993728814195], [-3.8646484748743766, 50.27674176284803], [-3.8670357269655007, 50.278398992095205]]]}}, {"type": "Feature", "properties": {"type": "postcode-cell", "postcode": "TQ7 3NR", "postcodes": ["TQ7 3NR"]}, "geometry": {"type": "Polygon", "coordinates": [[[-3.864674080764247, 50.27237075718551], [-3.8635220063281475, 50.27183015909968], [-3.8628259663076583, 50.27064566530714], [-3.86394548081204, 50.27013065778888], [-3.8643178301636314, 50.27028575324625], [-3.8664386915693796, 50.27257915817466], [-3.864674080764247, 50.27237075718551]]]}}, {"type": "Feature", "properties": {"type": "postcode-cell", "postcode": "TQ7 3NT", "postcodes": ["TQ7 3NT"]}, "geometry": {"type": "Polygon", "coordinates": [[[-3.86326543503362, 50.2677216328149], [-3.863549298695999, 50.26762638359529], [-3.8657025760257286, 50.26935326757463], [-3.8643178301636314, 50.27028575324625], [-3.86394548081204, 50.27013065778888], [-3.863755493361459, 50.269953182365924], [-3.86275498111236, 50.26846379181151], [-3.86326543503362, 50.2677216328149]]]}}, {"type": "Feature", "properties": {"type": "postcode-cell", "postcode": "TQ7 3NX", "postcodes": ["TQ7 3NX"]}, "geometry": {"type": "Polygon", "coordinates": [[[-3.86275498111236, 50.26846379181151], [-3.8605517533819502, 50.26942077536194], [-3.8603592473953583, 50.269359923399044], [-3.859112665131061, 50.26842938632447], [-3.8590311626363536, 50.26635660813843], [-3.86326543503362, 50.2677216328149], [-3.86275498111236, 50.26846379181151]]]}}, {"type": "Feature", "properties": {"type": "postcode-cell", "postcode": "TQ7 3HP", "postcodes": ["TQ7 3HP"]}, "geometry": {"type": "Polygon", "coordinates": [[[-3.8584169842804252, 50.24178468919115], [-3.858632997421399, 50.24145544826825], [-3.864527486032291, 50.23738208289198], [-3.8649699901908563, 50.237719994360965], [-3.865089990190888, 50.23780999436103], [-3.8650499901908466, 50.23784999436106], [-3.865059990190852, 50.23784999436104], [-3.8651199901909, 50.23782999436106], [-3.8651399901909036, 50.23784999436106], [-3.865849990191421, 50.23770999436092], [-3.865449990191013, 50.23802999436118], [-3.865499990191027, 50.2380699943612], [-3.8654799901910075, 50.23807999436122], [-3.8655199901910304, 50.238089994361225], [-3.865629990191058, 50.238179994361296], [-3.8661099901913114, 50.23828999436137], [-3.865979990191137, 50.23847999436152], [-3.866989990191557, 50.23894999436183], [-3.867679990192218, 50.23847999436146], [-3.867769990192251, 50.23852999436151], [-3.868199990192403, 50.2387899943617], [-3.868019990192212, 50.23894999436181], [-3.867639990191856, 50.239189994362015], [-3.8677199901918895, 50.239229994362034], [-3.8676699901918363, 50.23926999436207], [-3.8679799901919973, 50.23934999436212], [-3.8683899901921635, 50.23954999436226], [-3.8673899901914877, 50.239629994362346], [-3.866949990191022, 50.240029994362665], [-3.8680399901917384, 50.23996999436256], [-3.86830999019191, 50.23997999436259], [-3.867869990191367, 50.24052999436301], [-3.8683299901916772, 50.240499994362985], [-3.8683399901916813, 50.240499994362985], [-3.8683499901916862, 50.24049999436298], [-3.868369990191699, 50.240499994362956], [-3.869439990192413, 50.24042999436291], [-3.8680899901913937, 50.240769994363184], [-3.8687299901918006, 50.240769994363184], [-3.8692599901920826, 50.24088999436326], [-3.8693999901921567, 50.240919994363274], [-3.8697399901924476, 50.240759994363145], [-3.869769990192466, 50.24075999436317], [-3.8697299901923174, 50.24101999436333], [-3.869789990192351, 50.241029994363345], [-3.869789990192299, 50.24113999436343], [-3.870639990192825, 50.24116999436342], [-3.870559990192661, 50.24140999436361], [-3.8704899901925884, 50.241469994363676], [-3.870459990192559, 50.24148999436367], [-3.8707599901927043, 50.24158999436374], [-3.8710499901927737, 50.241829994363925], [-3.8706399901922404, 50.24240999436438], [-3.870649990192244, 50.242409994364365], [-3.8706399901922333, 50.2424199943644], [-3.8707699901923345, 50.24237999436434], [-3.8706599901922054, 50.24250999436444], [-3.870499990192082, 50.24254999436448], [-3.8705599901921635, 50.24245999436441], [-3.870009990191706, 50.24268999436461], [-3.868829990190804, 50.24300999436487], [-3.8677299901902145, 50.242779994364724], [-3.86771999019021, 50.24277999436473], [-3.8677299901902105, 50.24278999436473], [-3.8676899901901898, 50.242779994364724], [-3.8677399901901324, 50.24296999436488], [-3.8677499901900534, 50.243149994365005], [-3.8667499901893985, 50.24318999436505], [-3.866619990189238, 50.24334999436516], [-3.8665399901891946, 50.24333999436519], [-3.866529990189253, 50.24319999436508], [-3.866089990188939, 50.24327999436515], [-3.865709990188723, 50.243219994365106], [-3.8648299901883303, 50.24286999436488], [-3.8643599901882633, 50.24237999436452], [-3.861799990186463, 50.24274999436487], [-3.8597399901854343, 50.24215999436447], [-3.8593092004644043, 50.24239932290348], [-3.8584169842804252, 50.24178468919115]]]}}, {"type": "Feature", "properties": {"type": "postcode-cell", "postcode": "TQ7 3AD", "postcodes": ["TQ7 3AD"]}, "geometry": {"type": "Polygon", "coordinates": [[[-3.848881122060269, 50.283187266545646], [-3.8566100752793653, 50.28100909382782], [-3.8573015143394156, 50.28105868882435], [-3.860768649312936, 50.28203913346262], [-3.864571008153909, 50.2863318090037], [-3.8641599901669426, 50.28721999439865], [-3.860059990163479, 50.28901999440011], [-3.8581199901614998, 50.290599994401376], [-3.854499990158968, 50.29107999440182], [-3.8531021501675764, 50.29107999850472], [-3.848881122060269, 50.283187266545646]]]}}, {"type": "Feature", "properties": {"type": "postcode-cell", "postcode": "TQ7 3NJ", "postcodes": ["TQ7 3NJ"]}, "geometry": {"type": "Polygon", "coordinates": [[[-3.86051255303107, 50.27361294325056], [-3.858746073047917, 50.27241138106755], [-3.8596375514464425, 50.27176985431502], [-3.860676173754419, 50.27244749774782], [-3.8609825840147503, 50.27281050402289], [-3.86051255303107, 50.27361294325056]]]}}, {"type": "Feature", "properties": {"type": "postcode-cell", "postcode": "TQ7 3NS", "postcodes": ["TQ7 3NS"]}, "geometry": {"type": "Polygon", "coordinates": [[[-3.863755493361459, 50.269953182365924], [-3.8614975726008725, 50.270343872459875], [-3.8605973091414123, 50.27002097859268], [-3.8605517533819502, 50.26942077536194], [-3.86275498111236, 50.26846379181151], [-3.863755493361459, 50.269953182365924]]]}}, {"type": "Feature", "properties": {"type": "postcode-cell", "postcode": "TQ7 3NP", "postcodes": ["TQ7 3NP"]}, "geometry": {"type": "Polygon", "coordinates": [[[-3.8628259663076583, 50.27064566530714], [-3.862190443132168, 50.270777971530705], [-3.8614975726008725, 50.270343872459875], [-3.863755493361459, 50.269953182365924], [-3.86394548081204, 50.27013065778888], [-3.8628259663076583, 50.27064566530714]]]}}, {"type": "Feature", "properties": {"type": "postcode-cell", "postcode": "TQ7 3TL", "postcodes": ["TQ7 3TL"]}, "geometry": {"type": "Polygon", "coordinates": [[[-3.864674080764247, 50.27237075718551], [-3.861339011861957, 50.27273490952641], [-3.8621447306688297, 50.271355934571396], [-3.8621842252118914, 50.27134584735178], [-3.8635220063281475, 50.27183015909968], [-3.864674080764247, 50.27237075718551]]]}}, {"type": "Feature", "properties": {"type": "postcode-cell", "postcode": "TQ7 3AH", "postcodes": ["TQ7 3AH"]}, "geometry": {"type": "Polygon", "coordinates": [[[-3.8646484748743766, 50.27674176284803], [-3.8638300695687056, 50.277993728814195], [-3.8622590464931914, 50.27915394151842], [-3.8597427895296788, 50.27801486727192], [-3.8581722300227046, 50.27644703543563], [-3.861090109700294, 50.27529003443773], [-3.8648641288217704, 50.27605311717144], [-3.8646484748743766, 50.27674176284803]]]}}, {"type": "Feature", "properties": {"type": "postcode-cell", "postcode": "TQ7 3AS", "postcodes": ["TQ7 3AS"]}, "geometry": {"type": "Polygon", "coordinates": [[[-3.8635220063281475, 50.27183015909968], [-3.8621842252118914, 50.27134584735178], [-3.862190443132168, 50.270777971530705], [-3.8628259663076583, 50.27064566530714], [-3.8635220063281475, 50.27183015909968]]]}}, {"type": "Feature", "properties": {"type": "postcode-cell", "postcode": "TQ7 3NN", "postcodes": ["TQ7 3NN"]}, "geometry": {"type": "Polygon", "coordinates": [[[-3.8621842252118914, 50.27134584735178], [-3.8621447306688297, 50.271355934571396], [-3.8615232229806122, 50.271397676215216], [-3.8600107968095125, 50.270765272335844], [-3.8605973091414123, 50.27002097859268], [-3.8614975726008725, 50.270343872459875], [-3.862190443132168, 50.270777971530705], [-3.8621842252118914, 50.27134584735178]]]}}, {"type": "Feature", "properties": {"type": "postcode-cell", "postcode": "TQ7 3NZ", "postcodes": ["TQ7 3NZ"]}, "geometry": {"type": "Polygon", "coordinates": [[[-3.86326543503362, 50.2677216328149], [-3.8590311626363536, 50.26635660813843], [-3.8588061525167734, 50.26617651921076], [-3.862243231081021, 50.26411025574376], [-3.86275999017681, 50.26444999438132], [-3.864159990177692, 50.26445999438129], [-3.8642799901779177, 50.26414999438107], [-3.8651399901785815, 50.26389999438086], [-3.8669999901797274, 50.263979994380854], [-3.8680999901805975, 50.263619994380555], [-3.868089990180408, 50.26399999438085], [-3.8687799901807645, 50.264179994380974], [-3.8678299901796973, 50.265159994381754], [-3.8678297878147845, 50.26516191686846], [-3.863549298695999, 50.26762638359529], [-3.86326543503362, 50.2677216328149]]]}}, {"type": "Feature", "properties": {"type": "postcode-cell", "postcode": "TQ7 3NW", "postcodes": ["TQ7 3NW"]}, "geometry": {"type": "Polygon", "coordinates": [[[-3.860676173754419, 50.27244749774782], [-3.8615232229806122, 50.271397676215216], [-3.8621447306688297, 50.271355934571396], [-3.861339011861957, 50.27273490952641], [-3.8609825840147503, 50.27281050402289], [-3.860676173754419, 50.27244749774782]]]}}, {"type": "Feature", "properties": {"type": "postcode-cell", "postcode": "TQ7 3AX", "postcodes": ["TQ7 3AX"]}, "geometry": {"type": "Polygon", "coordinates": [[[-3.8533979473270064, 50.252661082875036], [-3.8580966270122703, 50.251368985745465], [-3.860016308634928, 50.25118188322217], [-3.8596599901808606, 50.25171999437171], [-3.860149990180602, 50.25291999437264], [-3.8607799901808897, 50.25315999437279], [-3.860219990180431, 50.25337999437299], [-3.8604199901800635, 50.25441999437376], [-3.859419990179112, 50.2550899943743], [-3.859729990179241, 50.255229994374375], [-3.8586799901784183, 50.25555999437467], [-3.8585949806761737, 50.255676379179796], [-3.8533979473270064, 50.252661082875036]]]}}, {"type": "Feature", "properties": {"type": "postcode-cell", "postcode": "TQ7 3LF", "postcodes": ["TQ7 3LF"]}, "geometry": {"type": "Polygon", "coordinates": [[[-3.8615232229806122, 50.271397676215216], [-3.860676173754419, 50.27244749774782], [-3.8596375514464425, 50.27176985431502], [-3.859337228523017, 50.27117720718446], [-3.8600107968095125, 50.270765272335844], [-3.8615232229806122, 50.271397676215216]]]}}, {"type": "Feature", "properties": {"type": "postcode-cell", "postcode": "TQ7 3TD", "postcodes": ["TQ7 3TD"]}, "geometry": {"type": "Polygon", "coordinates": [[[-3.8605973091414123, 50.27002097859268], [-3.8600107968095125, 50.270765272335844], [-3.859337228523017, 50.27117720718446], [-3.858462058667583, 50.27109628646106], [-3.857660952518011, 50.27041867168136], [-3.857557612874581, 50.26983147556885], [-3.8603592473953583, 50.269359923399044], [-3.8605517533819502, 50.26942077536194], [-3.8605973091414123, 50.27002097859268]]]}}, {"type": "Feature", "properties": {"type": "postcode-cell", "postcode": "TQ7 3PA", "postcodes": ["TQ7 3PA"]}, "geometry": {"type": "Polygon", "coordinates": [[[-3.8588061525167734, 50.26617651921076], [-3.857541002589194, 50.265988400856585], [-3.8572643453730953, 50.26554469619198], [-3.8579440885665908, 50.26385653761794], [-3.8615772599830587, 50.26367240833948], [-3.862243231081021, 50.26411025574376], [-3.8588061525167734, 50.26617651921076]]]}}, {"type": "Feature", "properties": {"type": "postcode-cell", "postcode": "TQ7 3AE", "postcodes": ["TQ7 3AE"]}, "geometry": {"type": "Polygon", "coordinates": [[[-3.860768649312936, 50.28203913346262], [-3.8573015143394156, 50.28105868882435], [-3.857767643477058, 50.27888227664165], [-3.8597427895296788, 50.27801486727192], [-3.8622590464931914, 50.27915394151842], [-3.860768649312936, 50.28203913346262]]]}}, {"type": "Feature", "properties": {"type": "postcode-cell", "postcode": "TQ7 3NQ", "postcodes": ["TQ7 3NQ"]}, "geometry": {"type": "Polygon", "coordinates": [[[-3.8607295315017676, 50.2747820723518], [-3.8574313234154447, 50.27433294018186], [-3.8574197879933525, 50.27386287865899], [-3.8575834793776322, 50.27362977450263], [-3.8605948910185623, 50.27446269358885], [-3.8607295315017676, 50.2747820723518]]]}}, {"type": "Feature", "properties": {"type": "postcode-cell", "postcode": "TQ7 3HS", "postcodes": ["TQ7 3HS"]}, "geometry": {"type": "Polygon", "coordinates": [[[-3.858632997421399, 50.24145544826825], [-3.855012902740345, 50.24127361848633], [-3.857757764175329, 50.2344034617249], [-3.858489990188362, 50.23429999435854], [-3.858489990188357, 50.23430999435853], [-3.8593599901889593, 50.23420999435843], [-3.8592299901887595, 50.234459994358645], [-3.8599899901893417, 50.23423999435844], [-3.86000999018935, 50.234249994358436], [-3.8597299901889617, 50.23469999435881], [-3.8601699901892994, 50.23456999435868], [-3.8602599901891863, 50.23492999435896], [-3.8609399901895984, 50.23496999435896], [-3.861149990189598, 50.2352599943592], [-3.860979990189436, 50.235369994359274], [-3.8612599901895908, 50.2354199943593], [-3.8612799901895944, 50.23543999435933], [-3.8618699901899185, 50.23553999435937], [-3.861969990189975, 50.2355599943594], [-3.8619299901899318, 50.235599994359426], [-3.8609699901891883, 50.23587999435965], [-3.861709990189588, 50.23602999435976], [-3.861719990189588, 50.23603999435976], [-3.862749990190146, 50.236239994359906], [-3.8627499901901428, 50.236249994359895], [-3.862349990189663, 50.236729994360275], [-3.862479990189749, 50.23671999436025], [-3.8624699901897386, 50.23672999436028], [-3.8625099901897624, 50.236729994360275], [-3.8624999901897556, 50.236729994360275], [-3.8627099901899036, 50.236699994360244], [-3.863269990190289, 50.236639994360175], [-3.8632499901902673, 50.23665999436022], [-3.862369990189477, 50.23714999436059], [-3.8628299901897787, 50.23712999436057], [-3.8629999901898784, 50.23713999436057], [-3.8631099901899115, 50.237219994360636], [-3.8631899901898485, 50.23745999436081], [-3.864419990190707, 50.23729999436064], [-3.864527486032291, 50.23738208289198], [-3.858632997421399, 50.24145544826825]]]}}, {"type": "Feature", "properties": {"type": "postcode-cell", "postcode": "TQ7 3HQ", "postcodes": ["TQ7 3HQ"]}, "geometry": {"type": "Polygon", "coordinates": [[[-3.85806916999093, 50.246492038579866], [-3.8573652873081237, 50.245850451279786], [-3.859913975628347, 50.24518511918214], [-3.8603699901843056, 50.24538999436688], [-3.8604699901845207, 50.245069994366645], [-3.860479331182043, 50.2450375237411], [-3.8610741149098513, 50.24488224165337], [-3.8608499901847653, 50.24505999436664], [-3.8604099901843254, 50.24539999436689], [-3.861399990184925, 50.24545999436693], [-3.860939990184571, 50.24558999436704], [-3.860869990184524, 50.24559999436706], [-3.860769990184451, 50.24561999436706], [-3.8607999901844696, 50.24561999436706], [-3.859029990183099, 50.246139994367496], [-3.8597099901830765, 50.24709999436821], [-3.859512329044334, 50.24717813981516], [-3.85806916999093, 50.246492038579866]]]}}, {"type": "Feature", "properties": {"type": "postcode-cell", "postcode": "TQ7 3HE", "postcodes": ["TQ7 3HE"]}, "geometry": {"type": "Polygon", "coordinates": [[[-3.8580966270122703, 50.251368985745465], [-3.8562657822320325, 50.24871267386675], [-3.8562954532077023, 50.247433829305166], [-3.859321363145493, 50.24743949424417], [-3.8595899901823203, 50.24853999436931], [-3.8599099901824987, 50.24858999436934], [-3.859679990182224, 50.24885999436956], [-3.8600899901825074, 50.24880999436949], [-3.8595899901820014, 50.24920999436982], [-3.8597299901818047, 50.24981999437027], [-3.860319990181813, 50.25058999437085], [-3.861109990182313, 50.25058999437083], [-3.860149990181522, 50.25097999437114], [-3.860016308634928, 50.25118188322217], [-3.8580966270122703, 50.251368985745465]]]}}, {"type": "Feature", "properties": {"type": "postcode-cell", "postcode": "TQ7 3BR", "postcodes": ["TQ7 3BR"]}, "geometry": {"type": "Polygon", "coordinates": [[[-3.8590311626363536, 50.26635660813843], [-3.859112665131061, 50.26842938632447], [-3.8582356503300317, 50.26864064498239], [-3.8562918630920087, 50.2683551638281], [-3.855547631120196, 50.26705179959048], [-3.857541002589194, 50.265988400856585], [-3.8588061525167734, 50.26617651921076], [-3.8590311626363536, 50.26635660813843]]]}}, {"type": "Feature", "properties": {"type": "postcode-cell", "postcode": "TQ7 3PD", "postcodes": ["TQ7 3PD"]}, "geometry": {"type": "Polygon", "coordinates": [[[-3.8596375514464425, 50.27176985431502], [-3.858746073047917, 50.27241138106755], [-3.858257154762498, 50.272603549047176], [-3.857797967877569, 50.272590312047164], [-3.857701529273214, 50.27153930999675], [-3.858462058667583, 50.27109628646106], [-3.859337228523017, 50.27117720718446], [-3.8596375514464425, 50.27176985431502]]]}}, {"type": "Feature", "properties": {"type": "postcode-cell", "postcode": "TQ7 3JS", "postcodes": ["TQ7 3JS"]}, "geometry": {"type": "Polygon", "coordinates": [[[-3.8579440885665908, 50.26385653761794], [-3.8573805945133604, 50.26109980486508], [-3.858149072865577, 50.260673032415134], [-3.8591999901756324, 50.262149994379676], [-3.8601699901759554, 50.26276999438011], [-3.860589990176335, 50.262529994379925], [-3.860469990176117, 50.26282999438016], [-3.861569990176763, 50.26294999438022], [-3.8609499901762208, 50.26325999438048], [-3.8615772599830587, 50.26367240833948], [-3.8579440885665908, 50.26385653761794]]]}}, {"type": "Feature", "properties": {"type": "postcode-cell", "postcode": "TQ7 3TE", "postcodes": ["TQ7 3TE"]}, "geometry": {"type": "Polygon", "coordinates": [[[-3.8603592473953583, 50.269359923399044], [-3.857557612874581, 50.26983147556885], [-3.857552232335678, 50.269827518748016], [-3.8582356503300317, 50.26864064498239], [-3.859112665131061, 50.26842938632447], [-3.8603592473953583, 50.269359923399044]]]}}, {"type": "Feature", "properties": {"type": "postcode-cell", "postcode": "TQ7 3HJ", "postcodes": ["TQ7 3HJ"]}, "geometry": {"type": "MultiPolygon", "coordinates": [[[[-3.860479331182043, 50.2450375237411], [-3.8606799901850004, 50.24433999436611], [-3.8608799901849236, 50.244769994366415], [-3.8613899901853315, 50.24458999436627], [-3.861429990185353, 50.244599994366276], [-3.8610741149098513, 50.24488224165337], [-3.860479331182043, 50.2450375237411]]], [[[-3.8573652873081237, 50.245850451279786], [-3.857053446364919, 50.245693964334656], [-3.8588470851784678, 50.24385319764605], [-3.859275019859473, 50.24377869516755], [-3.8594299901839055, 50.24496999436659], [-3.8596799901840146, 50.24507999436668], [-3.859913975628347, 50.24518511918214], [-3.8573652873081237, 50.245850451279786]]]]}}, {"type": "Feature", "properties": {"type": "postcode-cell", "postcode": "TQ7 3DU", "postcodes": ["TQ7 3DU"]}, "geometry": {"type": "Polygon", "coordinates": [[[-3.827160870542425, 50.237434560366445], [-3.818393937331079, 50.23310028864062], [-3.818201071514091, 50.22826939475047], [-3.82577859851896, 50.22019142978667], [-3.825949990174439, 50.22021999434871], [-3.8259699901744026, 50.22032999434881], [-3.825949990174372, 50.22035999434882], [-3.8259799901743894, 50.220369994348836], [-3.826159990174107, 50.22119999434946], [-3.8265599901742293, 50.221479994349664], [-3.8266599901741936, 50.22167999434979], [-3.826499990174065, 50.22173999434985], [-3.8270799901742896, 50.22203999435006], [-3.8271099901742325, 50.22219999435019], [-3.827049990174161, 50.222269994350256], [-3.827129990174212, 50.22226999435024], [-3.8271899901741016, 50.222579994350475], [-3.8268299901736986, 50.22294999435076], [-3.827269990173654, 50.223629994351256], [-3.8278799901740106, 50.22368999435129], [-3.8280699901743205, 50.223289994351], [-3.8286299901747287, 50.223179994350886], [-3.828769990174787, 50.22323999435093], [-3.8285999901746033, 50.223399994351055], [-3.8294099901751224, 50.223389994351045], [-3.829379990175085, 50.22342999435106], [-3.8297399901753226, 50.223409994351044], [-3.8298899901752446, 50.22376999435132], [-3.8301699901754667, 50.22366999435121], [-3.8302299901755004, 50.22367999435122], [-3.8306699901756556, 50.22393999435142], [-3.830959990175876, 50.22385999435133], [-3.831309990176086, 50.22388999435134], [-3.8315199901761705, 50.22398999435142], [-3.83150999017616, 50.22399999435142], [-3.831279990175899, 50.22423999435161], [-3.8319899901762406, 50.22446999435176], [-3.8317099901760154, 50.22456999435185], [-3.8319699901760313, 50.22487999435209], [-3.8327499901765965, 50.224729994351954], [-3.832819990176602, 50.224809994352015], [-3.832839990176517, 50.22501999435219], [-3.8329799901766144, 50.22499999435214], [-3.832979990176608, 50.22500999435214], [-3.832999990176626, 50.224999994352146], [-3.8330499901766344, 50.225049994352176], [-3.8332799901768184, 50.22496999435212], [-3.8334499901769066, 50.225009994352135], [-3.833309990176727, 50.22519999435228], [-3.8329799901764345, 50.225379994352444], [-3.8334999901765445, 50.22583999435277], [-3.835559990177031, 50.22755999435401], [-3.836309990177525, 50.227519994353976], [-3.837086447477222, 50.227685905650056], [-3.827160870542425, 50.237434560366445]]]}}, {"type": "Feature", "properties": {"type": "postcode-cell", "postcode": "TQ7 3HT", "postcodes": ["TQ7 3HT"]}, "geometry": {"type": "Polygon", "coordinates": [[[-3.855012902740345, 50.24127361848633], [-3.8550106522194376, 50.24127841876106], [-3.8543784994294077, 50.24184593596341], [-3.8485809642692588, 50.24436418392498], [-3.8470854250574154, 50.24444572168843], [-3.8448889267543085, 50.2436721718464], [-3.8447092589483844, 50.2432991364938], [-3.8489039330604733, 50.23098364062096], [-3.849059990183929, 50.231039994356316], [-3.849549990184198, 50.231129994356365], [-3.850919990184446, 50.232429994357325], [-3.851259990184702, 50.23234999435724], [-3.851579990184913, 50.23232999435723], [-3.8517999901850044, 50.23242999435728], [-3.851709990184928, 50.23247999435731], [-3.8519099901850535, 50.23247999435731], [-3.852019990185104, 50.23251999435736], [-3.851869990184979, 50.2325799943574], [-3.852089990185042, 50.2327399943575], [-3.85190999018489, 50.23281999435758], [-3.8527799901853337, 50.233049994357735], [-3.8527299901847005, 50.23431999435869], [-3.8557099901865257, 50.23445999435872], [-3.8557699901866798, 50.23420999435854], [-3.8571099901876016, 50.23405999435838], [-3.857569990187717, 50.23442999435866], [-3.857757764175329, 50.2344034617249], [-3.855012902740345, 50.24127361848633]]]}}, {"type": "Feature", "properties": {"type": "postcode-cell", "postcode": "TQ7 3HR", "postcodes": ["TQ7 3HR"]}, "geometry": {"type": "Polygon", "coordinates": [[[-3.8584169842804252, 50.24178468919115], [-3.8564824476066084, 50.24172884169902], [-3.8550106522194376, 50.24127841876106], [-3.855012902740345, 50.24127361848633], [-3.858632997421399, 50.24145544826825], [-3.8584169842804252, 50.24178468919115]]]}}, {"type": "Feature", "properties": {"type": "postcode-cell", "postcode": "TQ7 3HW", "postcodes": ["TQ7 3HW"]}, "geometry": {"type": "Polygon", "coordinates": [[[-3.8593092004644043, 50.24239932290348], [-3.859109990184869, 50.242509994364745], [-3.859186870085497, 50.24310103431037], [-3.8564824476066084, 50.24172884169902], [-3.8584169842804252, 50.24178468919115], [-3.8593092004644043, 50.24239932290348]]]}}, {"type": "Feature", "properties": {"type": "postcode-cell", "postcode": "TQ7 3HN", "postcodes": ["TQ7 3HN"]}, "geometry": {"type": "Polygon", "coordinates": [[[-3.8564824476066084, 50.24172884169902], [-3.859186870085497, 50.24310103431037], [-3.859275019859473, 50.24377869516755], [-3.8588470851784678, 50.24385319764605], [-3.8572790561150163, 50.24374178278495], [-3.8543784994294077, 50.24184593596341], [-3.8550106522194376, 50.24127841876106], [-3.8564824476066084, 50.24172884169902]]]}}, {"type": "Feature", "properties": {"type": "postcode-cell", "postcode": "TQ7 3JY", "postcodes": ["TQ7 3JY"]}, "geometry": {"type": "Polygon", "coordinates": [[[-3.85142651309687, 50.25608365071317], [-3.851685449856987, 50.25553810348826], [-3.858258921887599, 50.25613646446953], [-3.8578399901773417, 50.25670999437557], [-3.857977504657546, 50.25884431387286], [-3.85142651309687, 50.25608365071317]]]}}, {"type": "Feature", "properties": {"type": "postcode-cell", "postcode": "TQ7 3NL", "postcodes": ["TQ7 3NL"]}, "geometry": {"type": "Polygon", "coordinates": [[[-3.8605105293423554, 50.27361764150573], [-3.8589840623624037, 50.273209149523815], [-3.858257154762498, 50.272603549047176], [-3.858746073047917, 50.27241138106755], [-3.86051255303107, 50.27361294325056], [-3.8605105293423554, 50.27361764150573]]]}}, {"type": "Feature", "properties": {"type": "postcode-cell", "postcode": "TQ7 3NF", "postcodes": ["TQ7 3NF"]}, "geometry": {"type": "Polygon", "coordinates": [[[-3.8605948910185623, 50.27446269358885], [-3.8575834793776322, 50.27362977450263], [-3.857557190753951, 50.27350707534606], [-3.8589840623624037, 50.273209149523815], [-3.8605105293423554, 50.27361764150573], [-3.8605948910185623, 50.27446269358885]]]}}, {"type": "Feature", "properties": {"type": "postcode-cell", "postcode": "TQ7 3HY", "postcodes": ["TQ7 3HY"]}, "geometry": {"type": "Polygon", "coordinates": [[[-3.859512329044334, 50.24717813981516], [-3.8592799901827215, 50.24726999436835], [-3.859321363145493, 50.24743949424417], [-3.8562954532077023, 50.247433829305166], [-3.8560864485188717, 50.247194137974006], [-3.85806916999093, 50.246492038579866], [-3.859512329044334, 50.24717813981516]]]}}, {"type": "Feature", "properties": {"type": "postcode-cell", "postcode": "TQ7 3AG", "postcodes": ["TQ7 3AG"]}, "geometry": {"type": "Polygon", "coordinates": [[[-3.8573015143394156, 50.28105868882435], [-3.8566100752793653, 50.28100909382782], [-3.853148405086636, 50.277164711836896], [-3.854796361180026, 50.27663941659228], [-3.8569220910091055, 50.276635406278736], [-3.857767643477058, 50.27888227664165], [-3.8573015143394156, 50.28105868882435]]]}}, {"type": "Feature", "properties": {"type": "postcode-cell", "postcode": "TQ7 3TB", "postcodes": ["TQ7 3TB"]}, "geometry": {"type": "Polygon", "coordinates": [[[-3.857557612874581, 50.26983147556885], [-3.857660952518011, 50.27041867168136], [-3.8552295127023433, 50.271049339540305], [-3.8552279397392812, 50.27027404677293], [-3.85704719724151, 50.26965403382283], [-3.857552232335678, 50.269827518748016], [-3.857557612874581, 50.26983147556885]]]}}, {"type": "Feature", "properties": {"type": "postcode-cell", "postcode": "TQ7 3HZ", "postcodes": ["TQ7 3HZ"]}, "geometry": {"type": "Polygon", "coordinates": [[[-3.8585949806761737, 50.255676379179796], [-3.858258921887599, 50.25613646446953], [-3.851685449856987, 50.25553810348826], [-3.8528368502939694, 50.25275411636754], [-3.8533979473270064, 50.252661082875036], [-3.8585949806761737, 50.255676379179796]]]}}, {"type": "Feature", "properties": {"type": "postcode-cell", "postcode": "TQ7 3NH", "postcodes": ["TQ7 3NH"]}, "geometry": {"type": "Polygon", "coordinates": [[[-3.861090109700294, 50.27529003443773], [-3.8581722300227046, 50.27644703543563], [-3.857564372559642, 50.276487876419914], [-3.8572279196020895, 50.274513244526695], [-3.8574313234154447, 50.27433294018186], [-3.8607295315017676, 50.2747820723518], [-3.861090109700294, 50.27529003443773]]]}}, {"type": "Feature", "properties": {"type": "postcode-cell", "postcode": "TQ7 3AQ", "postcodes": ["TQ7 3AQ"]}, "geometry": {"type": "Polygon", "coordinates": [[[-3.8597427895296788, 50.27801486727192], [-3.857767643477058, 50.27888227664165], [-3.8569220910091055, 50.276635406278736], [-3.857564372559642, 50.276487876419914], [-3.8581722300227046, 50.27644703543563], [-3.8597427895296788, 50.27801486727192]]]}}, {"type": "Feature", "properties": {"type": "postcode-cell", "postcode": "TQ7 3NE", "postcodes": ["TQ7 3NE"]}, "geometry": {"type": "Polygon", "coordinates": [[[-3.8589840623624037, 50.273209149523815], [-3.857557190753951, 50.27350707534606], [-3.8572438189873703, 50.27314077348828], [-3.8576030094558673, 50.27268642245841], [-3.857797967877569, 50.272590312047164], [-3.858257154762498, 50.272603549047176], [-3.8589840623624037, 50.273209149523815]]]}}, {"type": "Feature", "properties": {"type": "postcode-cell", "postcode": "TQ7 3NB", "postcodes": ["TQ7 3NB"]}, "geometry": {"type": "Polygon", "coordinates": [[[-3.8575834793776322, 50.27362977450263], [-3.8574197879933525, 50.27386287865899], [-3.855711566544375, 50.274003198233515], [-3.8556861541563787, 50.27397448337837], [-3.856438518943121, 50.27314106913479], [-3.8572438189873703, 50.27314077348828], [-3.857557190753951, 50.27350707534606], [-3.8575834793776322, 50.27362977450263]]]}}, {"type": "Feature", "properties": {"type": "postcode-cell", "postcode": "TQ7 3HF", "postcodes": ["TQ7 3HF"]}, "geometry": {"type": "Polygon", "coordinates": [[[-3.8562657822320325, 50.24871267386675], [-3.8542377599451076, 50.24779104380312], [-3.8542085050904884, 50.24765849385922], [-3.8560680097063207, 50.247184579794606], [-3.8560864485188717, 50.247194137974006], [-3.8562954532077023, 50.247433829305166], [-3.8562657822320325, 50.24871267386675]]]}}, {"type": "Feature", "properties": {"type": "postcode-cell", "postcode": "TQ7 3JR", "postcodes": ["TQ7 3JR"]}, "geometry": {"type": "Polygon", "coordinates": [[[-3.8572643453730953, 50.26554469619198], [-3.8517470894869734, 50.262554179628005], [-3.8573805945133604, 50.26109980486508], [-3.8579440885665908, 50.26385653761794], [-3.8572643453730953, 50.26554469619198]]]}}, {"type": "Feature", "properties": {"type": "postcode-cell", "postcode": "TQ7 3HG", "postcodes": ["TQ7 3HG"]}, "geometry": {"type": "Polygon", "coordinates": [[[-3.85806916999093, 50.246492038579866], [-3.8560864485188717, 50.247194137974006], [-3.8560680097063207, 50.247184579794606], [-3.8551644756592918, 50.24560490006012], [-3.857053446364919, 50.245693964334656], [-3.8573652873081237, 50.245850451279786], [-3.85806916999093, 50.246492038579866]]]}}, {"type": "Feature", "properties": {"type": "postcode-cell", "postcode": "TQ7 3HH", "postcodes": ["TQ7 3HH"]}, "geometry": {"type": "Polygon", "coordinates": [[[-3.857053446364919, 50.245693964334656], [-3.8551644756592918, 50.24560490006012], [-3.854394207010548, 50.24533098067937], [-3.8572790561150163, 50.24374178278495], [-3.8588470851784678, 50.24385319764605], [-3.857053446364919, 50.245693964334656]]]}}, {"type": "Feature", "properties": {"type": "postcode-cell", "postcode": "TQ7 3HD", "postcodes": ["TQ7 3HD"]}, "geometry": {"type": "Polygon", "coordinates": [[[-3.8580966270122703, 50.251368985745465], [-3.8533979473270064, 50.252661082875036], [-3.8528368502939694, 50.25275411636754], [-3.85151799262575, 50.25194012916401], [-3.8541925024723356, 50.247839993216594], [-3.8542377599451076, 50.24779104380312], [-3.8562657822320325, 50.24871267386675], [-3.8580966270122703, 50.251368985745465]]]}}, {"type": "Feature", "properties": {"type": "postcode-cell", "postcode": "TQ7 3JJ", "postcodes": ["TQ7 3JJ"]}, "geometry": {"type": "Polygon", "coordinates": [[[-3.857541002589194, 50.265988400856585], [-3.855547631120196, 50.26705179959048], [-3.852655609584095, 50.267273397139085], [-3.850936367367814, 50.26699044847731], [-3.848408046028419, 50.264923607170324], [-3.851501124047926, 50.262558822310744], [-3.8517470894869734, 50.262554179628005], [-3.8572643453730953, 50.26554469619198], [-3.857541002589194, 50.265988400856585]]]}}, {"type": "Feature", "properties": {"type": "postcode-cell", "postcode": "TQ7 3LE", "postcodes": ["TQ7 3LE"]}, "geometry": {"type": "Polygon", "coordinates": [[[-3.857552232335678, 50.269827518748016], [-3.85704719724151, 50.26965403382283], [-3.856237986231931, 50.268806240428255], [-3.8562918630920087, 50.2683551638281], [-3.8582356503300317, 50.26864064498239], [-3.857552232335678, 50.269827518748016]]]}}, {"type": "Feature", "properties": {"type": "postcode-cell", "postcode": "TQ7 3XB", "postcodes": ["TQ7 3XB"]}, "geometry": {"type": "Polygon", "coordinates": [[[-3.8551644756592918, 50.24560490006012], [-3.8560680097063207, 50.247184579794606], [-3.8542085050904884, 50.24765849385922], [-3.851198731401323, 50.24503620334048], [-3.854394207010548, 50.24533098067937], [-3.8551644756592918, 50.24560490006012]]]}}, {"type": "Feature", "properties": {"type": "postcode-cell", "postcode": "TQ7 3PB", "postcodes": ["TQ7 3PB"]}, "geometry": {"type": "Polygon", "coordinates": [[[-3.857701529273214, 50.27153930999675], [-3.855748910427115, 50.27170563189999], [-3.8550492265768552, 50.271331636094885], [-3.8552295127023433, 50.271049339540305], [-3.857660952518011, 50.27041867168136], [-3.858462058667583, 50.27109628646106], [-3.857701529273214, 50.27153930999675]]]}}, {"type": "Feature", "properties": {"type": "postcode-cell", "postcode": "TQ7 3PE", "postcodes": ["TQ7 3PE"]}, "geometry": {"type": "Polygon", "coordinates": [[[-3.857797967877569, 50.272590312047164], [-3.8576030094558673, 50.27268642245841], [-3.8558274004314717, 50.27187567794251], [-3.855748910427115, 50.27170563189999], [-3.857701529273214, 50.27153930999675], [-3.857797967877569, 50.272590312047164]]]}}, {"type": "Feature", "properties": {"type": "postcode-cell", "postcode": "TQ7 3LZ", "postcodes": ["TQ7 3LZ"]}, "geometry": {"type": "Polygon", "coordinates": [[[-3.8572279196020895, 50.274513244526695], [-3.8558224460028456, 50.274398504673435], [-3.855711566544375, 50.274003198233515], [-3.8574197879933525, 50.27386287865899], [-3.8574313234154447, 50.27433294018186], [-3.8572279196020895, 50.274513244526695]]]}}, {"type": "Feature", "properties": {"type": "postcode-cell", "postcode": "TQ7 3TF", "postcodes": ["TQ7 3TF"]}, "geometry": {"type": "Polygon", "coordinates": [[[-3.85704719724151, 50.26965403382283], [-3.8552279397392812, 50.27027404677293], [-3.854632627599564, 50.26960939095209], [-3.856237986231931, 50.268806240428255], [-3.85704719724151, 50.26965403382283]]]}}, {"type": "Feature", "properties": {"type": "postcode-cell", "postcode": "TQ7 3ND", "postcodes": ["TQ7 3ND"]}, "geometry": {"type": "Polygon", "coordinates": [[[-3.8576030094558673, 50.27268642245841], [-3.8572438189873703, 50.27314077348828], [-3.856438518943121, 50.27314106913479], [-3.8557931917452914, 50.27275257836522], [-3.8558274004314717, 50.27187567794251], [-3.8576030094558673, 50.27268642245841]]]}}, {"type": "Feature", "properties": {"type": "postcode-cell", "postcode": "TQ7 3PF", "postcodes": ["TQ7 3PF"]}, "geometry": {"type": "Polygon", "coordinates": [[[-3.8558274004314717, 50.27187567794251], [-3.8557931917452914, 50.27275257836522], [-3.85487657696348, 50.27306075350142], [-3.853198067505206, 50.272555894463196], [-3.8533820091447537, 50.271614446571604], [-3.8550492265768552, 50.271331636094885], [-3.855748910427115, 50.27170563189999], [-3.8558274004314717, 50.27187567794251]]]}}, {"type": "Feature", "properties": {"type": "postcode-cell", "postcode": "TQ7 3FE", "postcodes": ["TQ7 3FE"]}, "geometry": {"type": "Polygon", "coordinates": [[[-3.8573805945133604, 50.26109980486508], [-3.8517470894869734, 50.262554179628005], [-3.851501124047926, 50.262558822310744], [-3.8487264007970454, 50.25761746906623], [-3.85142651309687, 50.25608365071317], [-3.857977504657546, 50.25884431387286], [-3.858089990175666, 50.26058999437851], [-3.858149072865577, 50.260673032415134], [-3.8573805945133604, 50.26109980486508]]]}}, {"type": "Feature", "properties": {"type": "postcode-cell", "postcode": "TQ7 3HB", "postcodes": ["TQ7 3HB"]}, "geometry": {"type": "Polygon", "coordinates": [[[-3.8485809642692588, 50.24436418392498], [-3.851198731401323, 50.24503620334048], [-3.8542085050904884, 50.24765849385922], [-3.8542377599451076, 50.24779104380312], [-3.8541925024723356, 50.247839993216594], [-3.848833816757718, 50.24891211943387], [-3.8470854250574154, 50.24444572168843], [-3.8485809642692588, 50.24436418392498]]]}}, {"type": "Feature", "properties": {"type": "postcode-cell", "postcode": "TQ7 3HL", "postcodes": ["TQ7 3HL"]}, "geometry": {"type": "Polygon", "coordinates": [[[-3.854394207010548, 50.24533098067937], [-3.851198731401323, 50.24503620334048], [-3.8485809642692588, 50.24436418392498], [-3.8543784994294077, 50.24184593596341], [-3.8572790561150163, 50.24374178278495], [-3.854394207010548, 50.24533098067937]]]}}, {"type": "Feature", "properties": {"type": "postcode-cell", "postcode": "TQ7 3LY", "postcodes": ["TQ7 3LY"]}, "geometry": {"type": "Polygon", "coordinates": [[[-3.855711566544375, 50.274003198233515], [-3.8558224460028456, 50.274398504673435], [-3.854905528405586, 50.27595036270818], [-3.854004904779574, 50.274022210914204], [-3.8550441299191665, 50.27378827306522], [-3.8556861541563787, 50.27397448337837], [-3.855711566544375, 50.274003198233515]]]}}, {"type": "Feature", "properties": {"type": "postcode-cell", "postcode": "TQ7 3TH", "postcodes": ["TQ7 3TH"]}, "geometry": {"type": "Polygon", "coordinates": [[[-3.857564372559642, 50.276487876419914], [-3.8569220910091055, 50.276635406278736], [-3.854796361180026, 50.27663941659228], [-3.854905528405586, 50.27595036270818], [-3.8558224460028456, 50.274398504673435], [-3.8572279196020895, 50.274513244526695], [-3.857564372559642, 50.276487876419914]]]}}, {"type": "Feature", "properties": {"type": "postcode-cell", "postcode": "TQ7 3BP", "postcodes": ["TQ7 3BP"]}, "geometry": {"type": "Polygon", "coordinates": [[[-3.856237986231931, 50.268806240428255], [-3.854632627599564, 50.26960939095209], [-3.853996371403279, 50.26945134998779], [-3.852655609584095, 50.267273397139085], [-3.855547631120196, 50.26705179959048], [-3.8562918630920087, 50.2683551638281], [-3.856237986231931, 50.268806240428255]]]}}, {"type": "Feature", "properties": {"type": "postcode-cell", "postcode": "TQ7 3NA", "postcodes": ["TQ7 3NA"]}, "geometry": {"type": "Polygon", "coordinates": [[[-3.8556861541563787, 50.27397448337837], [-3.8550441299191665, 50.27378827306522], [-3.85487657696348, 50.27306075350142], [-3.8557931917452914, 50.27275257836522], [-3.856438518943121, 50.27314106913479], [-3.8556861541563787, 50.27397448337837]]]}}, {"type": "Feature", "properties": {"type": "postcode-cell", "postcode": "TQ7 3EW", "postcodes": ["TQ7 3EW"]}, "geometry": {"type": "Polygon", "coordinates": [[[-3.85142651309687, 50.25608365071317], [-3.8487264007970454, 50.25761746906623], [-3.8437129444679368, 50.25771696717486], [-3.842846689298705, 50.255642537508486], [-3.847851437673894, 50.25126162097182], [-3.8495277517158484, 50.25097752884935], [-3.85151799262575, 50.25194012916401], [-3.8528368502939694, 50.25275411636754], [-3.851685449856987, 50.25553810348826], [-3.85142651309687, 50.25608365071317]]]}}, {"type": "Feature", "properties": {"type": "postcode-cell", "postcode": "TQ7 3TA", "postcodes": ["TQ7 3TA"]}, "geometry": {"type": "Polygon", "coordinates": [[[-3.8552295127023433, 50.271049339540305], [-3.8550492265768552, 50.271331636094885], [-3.8533820091447537, 50.271614446571604], [-3.851830079578517, 50.27079610942214], [-3.853996371403279, 50.26945134998779], [-3.854632627599564, 50.26960939095209], [-3.8552279397392812, 50.27027404677293], [-3.8552295127023433, 50.271049339540305]]]}}, {"type": "Feature", "properties": {"type": "postcode-cell", "postcode": "TQ7 3AA", "postcodes": ["TQ7 3AA"]}, "geometry": {"type": "Polygon", "coordinates": [[[-3.834737001713963, 50.286340137831836], [-3.837079829375013, 50.28657350833099], [-3.848006470286946, 50.29292460686597], [-3.843349990150566, 50.293849994404226], [-3.842099990149784, 50.29381999440421], [-3.8402299901487624, 50.293469994404006], [-3.839789990148964, 50.29244999440321], [-3.835649990146772, 50.29151999440263], [-3.833549990145106, 50.29221999440321], [-3.830709990143648, 50.29148999440274], [-3.830439990144014, 50.290359994401875], [-3.8292399901438166, 50.289159994401], [-3.828289990143165, 50.28925999440109], [-3.828130630581992, 50.28918862803012], [-3.834737001713963, 50.286340137831836]]]}}, {"type": "Feature", "properties": {"type": "postcode-cell", "postcode": "TQ7 3AF", "postcodes": ["TQ7 3AF"]}, "geometry": {"type": "Polygon", "coordinates": [[[-3.8465340176987572, 50.28175606308808], [-3.8460228654881257, 50.27866766783804], [-3.84831500579057, 50.277003556724495], [-3.853148405086636, 50.277164711836896], [-3.8566100752793653, 50.28100909382782], [-3.848881122060269, 50.283187266545646], [-3.8465340176987572, 50.28175606308808]]]}}, {"type": "Feature", "properties": {"type": "postcode-cell", "postcode": "TQ7 3AB", "postcodes": ["TQ7 3AB"]}, "geometry": {"type": "Polygon", "coordinates": [[[-3.848881122060269, 50.283187266545646], [-3.8531021501675764, 50.29107999850472], [-3.8524199901576437, 50.29107999440188], [-3.8525799901576856, 50.29120999440198], [-3.851919990157354, 50.291019994401836], [-3.848079990154017, 50.29290999440338], [-3.848006470286946, 50.29292460686597], [-3.837079829375013, 50.28657350833099], [-3.8456152497143035, 50.2820594973688], [-3.8465340176987572, 50.28175606308808], [-3.848881122060269, 50.283187266545646]]]}}, {"type": "Feature", "properties": {"type": "postcode-cell", "postcode": "TQ7 3LS", "postcodes": ["TQ7 3LS"]}, "geometry": {"type": "Polygon", "coordinates": [[[-3.854796361180026, 50.27663941659228], [-3.853148405086636, 50.277164711836896], [-3.84831500579057, 50.277003556724495], [-3.8484877772460484, 50.274952303593324], [-3.852191543574971, 50.273569341912875], [-3.854004904779574, 50.274022210914204], [-3.854905528405586, 50.27595036270818], [-3.854796361180026, 50.27663941659228]]]}}, {"type": "Feature", "properties": {"type": "postcode-cell", "postcode": "TQ7 3LX", "postcodes": ["TQ7 3LX"]}, "geometry": {"type": "Polygon", "coordinates": [[[-3.8550441299191665, 50.27378827306522], [-3.854004904779574, 50.274022210914204], [-3.852191543574971, 50.273569341912875], [-3.853198067505206, 50.272555894463196], [-3.85487657696348, 50.27306075350142], [-3.8550441299191665, 50.27378827306522]]]}}, {"type": "Feature", "properties": {"type": "postcode-cell", "postcode": "TQ7 3EP", "postcodes": ["TQ7 3EP"]}, "geometry": {"type": "Polygon", "coordinates": [[[-3.853996371403279, 50.26945134998779], [-3.851830079578517, 50.27079610942214], [-3.8497207946958207, 50.2704398430057], [-3.850936367367814, 50.26699044847731], [-3.852655609584095, 50.267273397139085], [-3.853996371403279, 50.26945134998779]]]}}, {"type": "Feature", "properties": {"type": "postcode-cell", "postcode": "TQ7 3LT", "postcodes": ["TQ7 3LT"]}, "geometry": {"type": "Polygon", "coordinates": [[[-3.8533820091447537, 50.271614446571604], [-3.853198067505206, 50.272555894463196], [-3.852191543574971, 50.273569341912875], [-3.8484877772460484, 50.274952303593324], [-3.846593670089693, 50.27178241973656], [-3.8497207946958207, 50.2704398430057], [-3.851830079578517, 50.27079610942214], [-3.8533820091447537, 50.271614446571604]]]}}, {"type": "Feature", "properties": {"type": "postcode-cell", "postcode": "TQ7 3XA", "postcodes": ["TQ7 3XA"]}, "geometry": {"type": "Polygon", "coordinates": [[[-3.85151799262575, 50.25194012916401], [-3.8495277517158484, 50.25097752884935], [-3.848833816757718, 50.24891211943387], [-3.8541925024723356, 50.247839993216594], [-3.85151799262575, 50.25194012916401]]]}}, {"type": "Feature", "properties": {"type": "postcode-cell", "postcode": "TQ7 3JT", "postcodes": ["TQ7 3JT"]}, "geometry": {"type": "Polygon", "coordinates": [[[-3.850936367367814, 50.26699044847731], [-3.8497207946958207, 50.2704398430057], [-3.846593670089693, 50.27178241973656], [-3.8430544032439187, 50.270659638372535], [-3.842365857170206, 50.26793629469151], [-3.844402705128967, 50.26517186230439], [-3.848408046028419, 50.264923607170324], [-3.850936367367814, 50.26699044847731]]]}}, {"type": "Feature", "properties": {"type": "postcode-cell", "postcode": "TQ7 3DY", "postcodes": ["TQ7 3DY"]}, "geometry": {"type": "Polygon", "coordinates": [[[-3.8382955523084554, 50.23782906878489], [-3.835907954376597, 50.23865153583354], [-3.8272026391814946, 50.23897306730191], [-3.827160870542425, 50.237434560366445], [-3.837086447477222, 50.227685905650056], [-3.8374799901781462, 50.22776999435414], [-3.8376599901782344, 50.227819994354164], [-3.837689990178127, 50.22808999435436], [-3.8378299901782444, 50.228029994354316], [-3.8379299901782367, 50.228179994354434], [-3.8379799901780207, 50.22869999435483], [-3.8407299901794567, 50.229339994355236], [-3.8409799901795014, 50.22957999435541], [-3.840989990179506, 50.22958999435542], [-3.840999990179512, 50.22958999435541], [-3.841099990179494, 50.22974999435552], [-3.8415699901798384, 50.22965999435546], [-3.841789990179871, 50.22987999435562], [-3.841999990179821, 50.2302699943559], [-3.842059990179868, 50.230249994355894], [-3.8421499901798626, 50.230379994356], [-3.842639990180274, 50.230169994355805], [-3.842659990180249, 50.23024999435589], [-3.8435599901810438, 50.2297799943555], [-3.8437699901812166, 50.229689994355404], [-3.8438199901811356, 50.22992999435561], [-3.84379999018109, 50.229999994355666], [-3.8436999901810176, 50.23001999435567], [-3.843799990181076, 50.230029994355675], [-3.8437699901810003, 50.23014999435578], [-3.845929990182324, 50.23023999435577], [-3.8459999901823503, 50.23027999435582], [-3.847749990183436, 50.23032999435582], [-3.8481199901835734, 50.230529994355955], [-3.84816999018354, 50.230669994356056], [-3.847979990183339, 50.23083999435617], [-3.8484933304834703, 50.23088990291983], [-3.8382955523084554, 50.23782906878489]]]}}, {"type": "Feature", "properties": {"type": "postcode-cell", "postcode": "TQ7 3LU", "postcodes": ["TQ7 3LU"]}, "geometry": {"type": "Polygon", "coordinates": [[[-3.846593670089693, 50.27178241973656], [-3.8484877772460484, 50.274952303593324], [-3.84831500579057, 50.277003556724495], [-3.8460228654881257, 50.27866766783804], [-3.8453049241564923, 50.27848060726192], [-3.839601184000656, 50.27267775526285], [-3.841309887793988, 50.271587072025824], [-3.8430544032439187, 50.270659638372535], [-3.846593670089693, 50.27178241973656]]]}}, {"type": "Feature", "properties": {"type": "postcode-cell", "postcode": "TQ7 3JX", "postcodes": ["TQ7 3JX"]}, "geometry": {"type": "Polygon", "coordinates": [[[-3.851501124047926, 50.262558822310744], [-3.848408046028419, 50.264923607170324], [-3.844402705128967, 50.26517186230439], [-3.8393931291665973, 50.261189201269744], [-3.8400258582521127, 50.259755084907276], [-3.8437129444679368, 50.25771696717486], [-3.8487264007970454, 50.25761746906623], [-3.851501124047926, 50.262558822310744]]]}}, {"type": "Feature", "properties": {"type": "postcode-cell", "postcode": "TQ7 3JU", "postcodes": ["TQ7 3JU"]}, "geometry": {"type": "Polygon", "coordinates": [[[-3.842365857170206, 50.26793629469151], [-3.836835425573354, 50.26770467493291], [-3.833404472668866, 50.262941837380254], [-3.8393931291665973, 50.261189201269744], [-3.844402705128967, 50.26517186230439], [-3.842365857170206, 50.26793629469151]]]}}, {"type": "Feature", "properties": {"type": "postcode-cell", "postcode": "TQ7 3EJ", "postcodes": ["TQ7 3EJ"]}, "geometry": {"type": "Polygon", "coordinates": [[[-3.8437129444679368, 50.25771696717486], [-3.8400258582521127, 50.259755084907276], [-3.8361980473930637, 50.25730915984444], [-3.834877405335212, 50.25313489368172], [-3.839073624779361, 50.25227254823924], [-3.83948912882624, 50.252245223046124], [-3.842846689298705, 50.255642537508486], [-3.8437129444679368, 50.25771696717486]]]}}, {"type": "Feature", "properties": {"type": "postcode-cell", "postcode": "TQ7 3HA", "postcodes": ["TQ7 3HA"]}, "geometry": {"type": "Polygon", "coordinates": [[[-3.8495277517158484, 50.25097752884935], [-3.847851437673894, 50.25126162097182], [-3.8409856678801817, 50.251156066115726], [-3.841023891262412, 50.24738433850814], [-3.8414104720577207, 50.24571995334204], [-3.8448889267543085, 50.2436721718464], [-3.8470854250574154, 50.24444572168843], [-3.848833816757718, 50.24891211943387], [-3.8495277517158484, 50.25097752884935]]]}}, {"type": "Feature", "properties": {"type": "postcode-cell", "postcode": "TQ7 3EL", "postcodes": ["TQ7 3EL"]}, "geometry": {"type": "Polygon", "coordinates": [[[-3.842846689298705, 50.255642537508486], [-3.83948912882624, 50.252245223046124], [-3.8409856678801817, 50.251156066115726], [-3.847851437673894, 50.25126162097182], [-3.842846689298705, 50.255642537508486]]]}}, {"type": "Feature", "properties": {"type": "postcode-cell", "postcode": "TQ7 3EN", "postcodes": ["TQ7 3EN"]}, "geometry": {"type": "Polygon", "coordinates": [[[-3.8428795632496486, 50.24217324759834], [-3.8382955523084554, 50.23782906878489], [-3.8484933304834703, 50.23088990291983], [-3.848699990183763, 50.23090999435621], [-3.8489039330604733, 50.23098364062096], [-3.8447092589483844, 50.2432991364938], [-3.8446610469997573, 50.24328324738369], [-3.8428795632496486, 50.24217324759834]]]}}, {"type": "Feature", "properties": {"type": "postcode-cell", "postcode": "TQ7 3EA", "postcodes": ["TQ7 3EA"]}, "geometry": {"type": "Polygon", "coordinates": [[[-3.8446610469997573, 50.24328324738369], [-3.826665686352265, 50.240295300734616], [-3.8272026391814946, 50.23897306730191], [-3.835907954376597, 50.23865153583354], [-3.8428795632496486, 50.24217324759834], [-3.8446610469997573, 50.24328324738369]]]}}, {"type": "Feature", "properties": {"type": "postcode-cell", "postcode": "TQ7 3EY", "postcodes": ["TQ7 3EY"]}, "geometry": {"type": "Polygon", "coordinates": [[[-3.83948912882624, 50.252245223046124], [-3.839073624779361, 50.25227254823924], [-3.83650432050243, 50.249329887519096], [-3.841023891262412, 50.24738433850814], [-3.8409856678801817, 50.251156066115726], [-3.83948912882624, 50.252245223046124]]]}}, {"type": "Feature", "properties": {"type": "postcode-cell", "postcode": "TQ7 3JP", "postcodes": ["TQ7 3JP"]}, "geometry": {"type": "Polygon", "coordinates": [[[-3.8430544032439187, 50.270659638372535], [-3.841309887793988, 50.271587072025824], [-3.8348072830152082, 50.26889838472284], [-3.836835425573354, 50.26770467493291], [-3.842365857170206, 50.26793629469151], [-3.8430544032439187, 50.270659638372535]]]}}, {"type": "Feature", "properties": {"type": "postcode-cell", "postcode": "TQ7 3LR", "postcodes": ["TQ7 3LR"]}, "geometry": {"type": "Polygon", "coordinates": [[[-3.8460228654881257, 50.27866766783804], [-3.8465340176987572, 50.28175606308808], [-3.8456152497143035, 50.2820594973688], [-3.8337110197616275, 50.28117011371323], [-3.832653306915727, 50.27944689080945], [-3.835806047994016, 50.27789132353229], [-3.8453049241564923, 50.27848060726192], [-3.8460228654881257, 50.27866766783804]]]}}, {"type": "Feature", "properties": {"type": "postcode-cell", "postcode": "TQ7 3LP", "postcodes": ["TQ7 3LP"]}, "geometry": {"type": "Polygon", "coordinates": [[[-3.837079829375013, 50.28657350833099], [-3.834737001713963, 50.286340137831836], [-3.8337110197616275, 50.28117011371323], [-3.8456152497143035, 50.2820594973688], [-3.837079829375013, 50.28657350833099]]]}}, {"type": "Feature", "properties": {"type": "postcode-cell", "postcode": "TQ7 3DZ", "postcodes": ["TQ7 3DZ"]}, "geometry": {"type": "Polygon", "coordinates": [[[-3.8382955523084554, 50.23782906878489], [-3.8428795632496486, 50.24217324759834], [-3.835907954376597, 50.23865153583354], [-3.8382955523084554, 50.23782906878489]]]}}, {"type": "Feature", "properties": {"type": "postcode-cell", "postcode": "TQ7 3EB", "postcodes": ["TQ7 3EB"]}, "geometry": {"type": "Polygon", "coordinates": [[[-3.8447092589483844, 50.2432991364938], [-3.8448889267543085, 50.2436721718464], [-3.8414104720577207, 50.24571995334204], [-3.8341262538615934, 50.24626071254664], [-3.8276943150827916, 50.24330724047651], [-3.8265608333499044, 50.241358043181954], [-3.826514619571013, 50.24047452108522], [-3.826665686352265, 50.240295300734616], [-3.8446610469997573, 50.24328324738369], [-3.8447092589483844, 50.2432991364938]]]}}, {"type": "Feature", "properties": {"type": "postcode-cell", "postcode": "TQ7 3LA", "postcodes": ["TQ7 3LA"]}, "geometry": {"type": "Polygon", "coordinates": [[[-3.8453049241564923, 50.27848060726192], [-3.835806047994016, 50.27789132353229], [-3.8367015488602, 50.27333493504793], [-3.839601184000656, 50.27267775526285], [-3.8453049241564923, 50.27848060726192]]]}}, {"type": "Feature", "properties": {"type": "postcode-cell", "postcode": "TQ7 3EQ", "postcodes": ["TQ7 3EQ"]}, "geometry": {"type": "Polygon", "coordinates": [[[-3.8393931291665973, 50.261189201269744], [-3.833404472668866, 50.262941837380254], [-3.8268411548156487, 50.26314245213119], [-3.82730350929829, 50.25776520723245], [-3.8361980473930637, 50.25730915984444], [-3.8400258582521127, 50.259755084907276], [-3.8393931291665973, 50.261189201269744]]]}}, {"type": "Feature", "properties": {"type": "postcode-cell", "postcode": "TQ7 3JB", "postcodes": ["TQ7 3JB"]}, "geometry": {"type": "Polygon", "coordinates": [[[-3.839601184000656, 50.27267775526285], [-3.8367015488602, 50.27333493504793], [-3.834742557174921, 50.27254667847087], [-3.833132520124469, 50.26964248736176], [-3.8348072830152082, 50.26889838472284], [-3.841309887793988, 50.271587072025824], [-3.839601184000656, 50.27267775526285]]]}}, {"type": "Feature", "properties": {"type": "postcode-cell", "postcode": "TQ7 3LB", "postcodes": ["TQ7 3LB"]}, "geometry": {"type": "Polygon", "coordinates": [[[-3.832653306915727, 50.27944689080945], [-3.8305407265812565, 50.279087918796954], [-3.828219996292479, 50.275263894258366], [-3.829020213143937, 50.27460078432824], [-3.8312205483195765, 50.27341177267241], [-3.834742557174921, 50.27254667847087], [-3.8367015488602, 50.27333493504793], [-3.835806047994016, 50.27789132353229], [-3.832653306915727, 50.27944689080945]]]}}, {"type": "Feature", "properties": {"type": "postcode-cell", "postcode": "TQ7 3EZ", "postcodes": ["TQ7 3EZ"]}, "geometry": {"type": "Polygon", "coordinates": [[[-3.83650432050243, 50.249329887519096], [-3.833809225768761, 50.248465821593825], [-3.8341262538615934, 50.24626071254664], [-3.8414104720577207, 50.24571995334204], [-3.841023891262412, 50.24738433850814], [-3.83650432050243, 50.249329887519096]]]}}, {"type": "Feature", "properties": {"type": "postcode-cell", "postcode": "TQ7 3DS", "postcodes": ["TQ7 3DS"]}, "geometry": {"type": "Polygon", "coordinates": [[[-3.818201071514091, 50.22826939475047], [-3.809301166547274, 50.22932517018939], [-3.8018589423360902, 50.225009176393456], [-3.801294428823182, 50.22447111830157], [-3.81070594799392, 50.21454599917236], [-3.810849990167614, 50.214529994344815], [-3.810777414282476, 50.21447061442264], [-3.810887266467911, 50.214354738554185], [-3.811459990168102, 50.21430999434464], [-3.813059990168836, 50.214889994345036], [-3.814129990169415, 50.21508999434514], [-3.8167399901710684, 50.215079994345075], [-3.816379990170692, 50.215389994345315], [-3.8163299901706464, 50.21541999434534], [-3.816339990170649, 50.21542999434535], [-3.816289990170601, 50.21546999434538], [-3.816209990170093, 50.21641999434609], [-3.8162499901701112, 50.216439994346125], [-3.816269990170118, 50.21644999434612], [-3.816219990170065, 50.216499994346165], [-3.816419990170183, 50.21651999434618], [-3.8169299901703906, 50.21675999434637], [-3.816849990170202, 50.21703999434656], [-3.8180099901710807, 50.216739994346305], [-3.81814999017132, 50.21641999434605], [-3.8196799901723666, 50.216249994345894], [-3.819709990172376, 50.21626999434589], [-3.8195899901720307, 50.216839994346316], [-3.8195799901720204, 50.21684999434634], [-3.819589990172026, 50.21684999434633], [-3.8195699901719697, 50.216939994346426], [-3.8209699901726646, 50.21733999434667], [-3.822549990173699, 50.21725999434656], [-3.8229799901739376, 50.217329994346606], [-3.822909990173868, 50.21737999434666], [-3.8227999901737677, 50.2174499943467], [-3.8228199901737785, 50.2174499943467], [-3.8227499901737203, 50.21747999434674], [-3.8231699901739673, 50.217519994346745], [-3.8229599901737688, 50.21765999434687], [-3.8228299901736555, 50.21771999434692], [-3.822859990173679, 50.217719994346915], [-3.8226199901734534, 50.21786999434701], [-3.823479990174079, 50.217699994346866], [-3.8233999901739564, 50.21784999434698], [-3.823249990173804, 50.217969994347094], [-3.8237899901741206, 50.2180199943471], [-3.8241699901743207, 50.21810999434718], [-3.8235599901736292, 50.21874999434766], [-3.8246199901741083, 50.21914999434794], [-3.824149990173631, 50.21952999434825], [-3.825039990174151, 50.219619994348285], [-3.8250499901741586, 50.21961999434828], [-3.824929990173876, 50.22004999434862], [-3.82577859851896, 50.22019142978667], [-3.818201071514091, 50.22826939475047]]]}}, {"type": "Feature", "properties": {"type": "postcode-cell", "postcode": "TQ7 3JZ", "postcodes": ["TQ7 3JZ"]}, "geometry": {"type": "Polygon", "coordinates": [[[-3.8348072830152082, 50.26889838472284], [-3.833132520124469, 50.26964248736176], [-3.8312819183377824, 50.26912495281936], [-3.8283122823879348, 50.265857476113744], [-3.827322100816755, 50.26445609095012], [-3.82680536586031, 50.26316371342764], [-3.8268411548156487, 50.26314245213119], [-3.833404472668866, 50.262941837380254], [-3.836835425573354, 50.26770467493291], [-3.8348072830152082, 50.26889838472284]]]}}, {"type": "Feature", "properties": {"type": "postcode-cell", "postcode": "TQ7 3EU", "postcodes": ["TQ7 3EU"]}, "geometry": {"type": "Polygon", "coordinates": [[[-3.839073624779361, 50.25227254823924], [-3.834877405335212, 50.25313489368172], [-3.830835419954283, 50.25228724392585], [-3.833809225768761, 50.248465821593825], [-3.83650432050243, 50.249329887519096], [-3.839073624779361, 50.25227254823924]]]}}, {"type": "Feature", "properties": {"type": "postcode-cell", "postcode": "TQ7 3ET", "postcodes": ["TQ7 3ET"]}, "geometry": {"type": "Polygon", "coordinates": [[[-3.830835419954283, 50.25228724392585], [-3.827405598706384, 50.25266538965106], [-3.8258799223318993, 50.248409888215555], [-3.8276943150827916, 50.24330724047651], [-3.8341262538615934, 50.24626071254664], [-3.833809225768761, 50.248465821593825], [-3.830835419954283, 50.25228724392585]]]}}, {"type": "Feature", "properties": {"type": "postcode-cell", "postcode": "TQ7 3DX", "postcodes": ["TQ7 3DX"]}, "geometry": {"type": "Polygon", "coordinates": [[[-3.8272026391814946, 50.23897306730191], [-3.826665686352265, 50.240295300734616], [-3.826514619571013, 50.24047452108522], [-3.8214495806652096, 50.24048178363259], [-3.8164945373547585, 50.2401361333035], [-3.814513822069951, 50.23932645103663], [-3.8133031772061075, 50.23494052713763], [-3.818393937331079, 50.23310028864062], [-3.827160870542425, 50.237434560366445], [-3.8272026391814946, 50.23897306730191]]]}}, {"type": "Feature", "properties": {"type": "postcode-cell", "postcode": "TQ7 3EH", "postcodes": ["TQ7 3EH"]}, "geometry": {"type": "Polygon", "coordinates": [[[-3.8361980473930637, 50.25730915984444], [-3.82730350929829, 50.25776520723245], [-3.8254600431064443, 50.25406818566061], [-3.827405598706384, 50.25266538965106], [-3.830835419954283, 50.25228724392585], [-3.834877405335212, 50.25313489368172], [-3.8361980473930637, 50.25730915984444]]]}}, {"type": "Feature", "properties": {"type": "postcode-cell", "postcode": "TQ7 3LN", "postcodes": ["TQ7 3LN"]}, "geometry": {"type": "Polygon", "coordinates": [[[-3.805815754349388, 50.28276633986948], [-3.80695972260366, 50.2823342976779], [-3.8202081027803096, 50.28199382433141], [-3.821545722554386, 50.28715709125088], [-3.8160099901365943, 50.286689994399445], [-3.815689990136083, 50.28733999439992], [-3.812859990134005, 50.287939994400475], [-3.808139990130862, 50.28825999440083], [-3.807149990130341, 50.288029994400645], [-3.8070977537889106, 50.2880350020603], [-3.805815754349388, 50.28276633986948]]]}}, {"type": "Feature", "properties": {"type": "postcode-cell", "postcode": "TQ7 3JH", "postcodes": ["TQ7 3JH"]}, "geometry": {"type": "Polygon", "coordinates": [[[-3.828803493823442, 50.270630891813965], [-3.826263581573743, 50.27018989344385], [-3.8283122823879348, 50.265857476113744], [-3.8312819183377824, 50.26912495281936], [-3.828803493823442, 50.270630891813965]]]}}, {"type": "Feature", "properties": {"type": "postcode-cell", "postcode": "TQ7 3JW", "postcodes": ["TQ7 3JW"]}, "geometry": {"type": "Polygon", "coordinates": [[[-3.8312819183377824, 50.26912495281936], [-3.833132520124469, 50.26964248736176], [-3.834742557174921, 50.27254667847087], [-3.8312205483195765, 50.27341177267241], [-3.828692564313197, 50.27095073526883], [-3.828803493823442, 50.270630891813965], [-3.8312819183377824, 50.26912495281936]]]}}, {"type": "Feature", "properties": {"type": "postcode-cell", "postcode": "TQ7 3LW", "postcodes": ["TQ7 3LW"]}, "geometry": {"type": "Polygon", "coordinates": [[[-3.8337110197616275, 50.28117011371323], [-3.834737001713963, 50.286340137831836], [-3.828130630581992, 50.28918862803012], [-3.824069990141386, 50.28736999439977], [-3.821545722554386, 50.28715709125088], [-3.8202081027803096, 50.28199382433141], [-3.8202420093721656, 50.28193408613121], [-3.8305407265812565, 50.279087918796954], [-3.832653306915727, 50.27944689080945], [-3.8337110197616275, 50.28117011371323]]]}}, {"type": "Feature", "properties": {"type": "postcode-cell", "postcode": "TQ7 3JQ", "postcodes": ["TQ7 3JQ"]}, "geometry": {"type": "Polygon", "coordinates": [[[-3.828692564313197, 50.27095073526883], [-3.828020680160458, 50.27152803658724], [-3.821701684124378, 50.27352262030508], [-3.8184494552216686, 50.273115190674964], [-3.824089747742768, 50.270382911337435], [-3.826263581573743, 50.27018989344385], [-3.828803493823442, 50.270630891813965], [-3.828692564313197, 50.27095073526883]]]}}, {"type": "Feature", "properties": {"type": "postcode-cell", "postcode": "TQ7 3JN", "postcodes": ["TQ7 3JN"]}, "geometry": {"type": "Polygon", "coordinates": [[[-3.829020213143937, 50.27460078432824], [-3.828020680160458, 50.27152803658724], [-3.828692564313197, 50.27095073526883], [-3.8312205483195765, 50.27341177267241], [-3.829020213143937, 50.27460078432824]]]}}, {"type": "Feature", "properties": {"type": "postcode-cell", "postcode": "TQ7 3EF", "postcodes": ["TQ7 3EF"]}, "geometry": {"type": "Polygon", "coordinates": [[[-3.827405598706384, 50.25266538965106], [-3.8254600431064443, 50.25406818566061], [-3.824348864247277, 50.25406089966923], [-3.816738886428884, 50.24918273115125], [-3.8173533654157175, 50.24819428920211], [-3.8258799223318993, 50.248409888215555], [-3.827405598706384, 50.25266538965106]]]}}, {"type": "Feature", "properties": {"type": "postcode-cell", "postcode": "TQ7 3LD", "postcodes": ["TQ7 3LD"]}, "geometry": {"type": "Polygon", "coordinates": [[[-3.8283122823879348, 50.265857476113744], [-3.826263581573743, 50.27018989344385], [-3.824089747742768, 50.270382911337435], [-3.827322100816755, 50.26445609095012], [-3.8283122823879348, 50.265857476113744]]]}}, {"type": "Feature", "properties": {"type": "postcode-cell", "postcode": "TQ7 3JG", "postcodes": ["TQ7 3JG"]}, "geometry": {"type": "Polygon", "coordinates": [[[-3.827322100816755, 50.26445609095012], [-3.824089747742768, 50.270382911337435], [-3.8184494552216686, 50.273115190674964], [-3.8161421032508382, 50.27324521609472], [-3.815522756594299, 50.27297086380808], [-3.8151473511419742, 50.27222678611314], [-3.816126098583347, 50.26673357598998], [-3.821141518415492, 50.2636860901573], [-3.82680536586031, 50.26316371342764], [-3.827322100816755, 50.26445609095012]]]}}, {"type": "Feature", "properties": {"type": "postcode-cell", "postcode": "TQ7 3JE", "postcodes": ["TQ7 3JE"]}, "geometry": {"type": "Polygon", "coordinates": [[[-3.8202081027803096, 50.28199382433141], [-3.80695972260366, 50.2823342976779], [-3.811148193040552, 50.274843268546135], [-3.815522756594299, 50.27297086380808], [-3.8161421032508382, 50.27324521609472], [-3.8202420093721656, 50.28193408613121], [-3.8202081027803096, 50.28199382433141]]]}}, {"type": "Feature", "properties": {"type": "postcode-cell", "postcode": "TQ7 3JL", "postcodes": ["TQ7 3JL"]}, "geometry": {"type": "Polygon", "coordinates": [[[-3.828219996292479, 50.275263894258366], [-3.821701684124378, 50.27352262030508], [-3.828020680160458, 50.27152803658724], [-3.829020213143937, 50.27460078432824], [-3.828219996292479, 50.275263894258366]]]}}, {"type": "Feature", "properties": {"type": "postcode-cell", "postcode": "TQ7 3JF", "postcodes": ["TQ7 3JF"]}, "geometry": {"type": "Polygon", "coordinates": [[[-3.828219996292479, 50.275263894258366], [-3.8305407265812565, 50.279087918796954], [-3.8202420093721656, 50.28193408613121], [-3.8161421032508382, 50.27324521609472], [-3.8184494552216686, 50.273115190674964], [-3.821701684124378, 50.27352262030508], [-3.828219996292479, 50.275263894258366]]]}}, {"type": "Feature", "properties": {"type": "postcode-cell", "postcode": "TQ7 3EE", "postcodes": ["TQ7 3EE"]}, "geometry": {"type": "Polygon", "coordinates": [[[-3.82680536586031, 50.26316371342764], [-3.821141518415492, 50.2636860901573], [-3.813843419513035, 50.256745710212094], [-3.824348864247277, 50.25406089966923], [-3.8254600431064443, 50.25406818566061], [-3.82730350929829, 50.25776520723245], [-3.8268411548156487, 50.26314245213119], [-3.82680536586031, 50.26316371342764]]]}}, {"type": "Feature", "properties": {"type": "postcode-cell", "postcode": "TQ7 3DR", "postcodes": ["TQ7 3DR"]}, "geometry": {"type": "MultiPolygon", "coordinates": [[[[-3.810777414282476, 50.21447061442264], [-3.8105199901675335, 50.21425999434462], [-3.810519990167548, 50.21422999434461], [-3.810559990167574, 50.21422999434462], [-3.8109199901677937, 50.21423999434459], [-3.810819990167679, 50.214349994344694], [-3.810829990167687, 50.21434999434469], [-3.8108199901676745, 50.2143599943447], [-3.810887266467911, 50.214354738554185], [-3.810777414282476, 50.21447061442264]]], [[[-3.801294428823182, 50.22447111830157], [-3.801069250553929, 50.22452335178017], [-3.7966644469540745, 50.22488635430493], [-3.7880521337878297, 50.220524259140106], [-3.784389464296281, 50.21550295458628], [-3.7846899901507927, 50.21523999434604], [-3.7854199901511114, 50.215529994346255], [-3.7852399901511653, 50.21517999434599], [-3.7867899901521653, 50.21512999434592], [-3.78618999015196, 50.21476999434563], [-3.7868199901523907, 50.214699994345615], [-3.785789990151924, 50.21431999434534], [-3.7870599901527973, 50.214159994345174], [-3.786889990153169, 50.213159994344416], [-3.7862299901530045, 50.21262999434403], [-3.7861199901530282, 50.2124399943439], [-3.785009990152796, 50.21145999434319], [-3.784729990152935, 50.2107999943427], [-3.7854699901535436, 50.210499994342456], [-3.785649990153662, 50.21048999434246], [-3.786249990154005, 50.21055999434247], [-3.786309990154199, 50.210239994342224], [-3.786749990154411, 50.21036999434232], [-3.7866099901544055, 50.210199994342204], [-3.7868099901545964, 50.210059994342096], [-3.7866799901545405, 50.210009994342045], [-3.7869299901547966, 50.20979999434188], [-3.787499990155038, 50.210049994342064], [-3.7876499901551677, 50.20996999434199], [-3.7877099901551894, 50.21000999434202], [-3.7877499901552554, 50.209919994341945], [-3.787989990155463, 50.209799994341864], [-3.789579990156361, 50.21001999434199], [-3.7895799901563647, 50.2100099943574], [-3.789499990156332, 50.20996999434193], [-3.7891599901562136, 50.209769994341805], [-3.789449990156452, 50.20965999434172], [-3.789499990156461, 50.20970999434177], [-3.7896799901564497, 50.20995999434194], [-3.7897499901564986, 50.209949994341926], [-3.7905999901566476, 50.21075999434251], [-3.7922299901574266, 50.21127999434287], [-3.7927499901578217, 50.211139994342744], [-3.7927899901577056, 50.21143999434297], [-3.792879990157759, 50.21143999434297], [-3.793059990157879, 50.21142999434295], [-3.7944299901587266, 50.21145999434294], [-3.794229990158654, 50.211349994342875], [-3.7964899901601434, 50.211209994342695], [-3.79668999016012, 50.211519994342936], [-3.796309990159815, 50.21165999434304], [-3.7967799901601404, 50.21159999434298], [-3.7978199901605416, 50.212129994343364], [-3.7977099901604436, 50.212189994343404], [-3.79802999016062, 50.212239994343435], [-3.7984299901607788, 50.212439994343576], [-3.798439990160771, 50.212469994343586], [-3.798269990160594, 50.212609994343694], [-3.7983299901606205, 50.21263999434373], [-3.7985899901606848, 50.21284999434388], [-3.7982899901604386, 50.21296999434398], [-3.7990499901607184, 50.213389994344276], [-3.7988999901606135, 50.2134099943443], [-3.7985099901603667, 50.21340999434432], [-3.798649990160435, 50.213449994344316], [-3.7985999901604015, 50.21345999434433], [-3.7986199901604123, 50.21345999434433], [-3.7985999901603944, 50.21346999434434], [-3.7988399901605265, 50.21350999434437], [-3.7992199901607178, 50.213609994344424], [-3.799059990160599, 50.213649994344465], [-3.7989199901605004, 50.213669994344485], [-3.7989199901602424, 50.214209994344884], [-3.799349990160277, 50.21470999434526], [-3.8006499901610575, 50.2147899943453], [-3.800659990161049, 50.21481999434532], [-3.8007099901610903, 50.21479999434529], [-3.8027999901623417, 50.21493999434534], [-3.8029999901625238, 50.21481999434526], [-3.802999990162519, 50.21482999434524], [-3.803429990162897, 50.21460999434508], [-3.8046899901637, 50.21458999434504], [-3.804769990163736, 50.21461999434504], [-3.80480999016377, 50.214599994345036], [-3.805449990164103, 50.214749994345134], [-3.805549990164123, 50.21483999434519], [-3.8056399901641966, 50.21479999434515], [-3.805669990164213, 50.21480999434517], [-3.805729990164274, 50.21475999434514], [-3.8060399901645314, 50.21462999434503], [-3.8070199901650597, 50.21481999434515], [-3.807609990165543, 50.214589994344955], [-3.8078599901656855, 50.21461999434498], [-3.8082499901658733, 50.21473999434505], [-3.8082899901660743, 50.214369994344764], [-3.8092599901665234, 50.21470999434501], [-3.8104299901673233, 50.21457999434488], [-3.8104599901673297, 50.214609994344904], [-3.8104499901673354, 50.21457999434488], [-3.8104799901673374, 50.214619994344886], [-3.810489990167366, 50.214569994344835], [-3.81070594799392, 50.21454599917236], [-3.801294428823182, 50.22447111830157]]]]}}, {"type": "Feature", "properties": {"type": "postcode-cell", "postcode": "TQ7 3ED", "postcodes": ["TQ7 3ED"]}, "geometry": {"type": "Polygon", "coordinates": [[[-3.8276943150827916, 50.24330724047651], [-3.8258799223318993, 50.248409888215555], [-3.8173533654157175, 50.24819428920211], [-3.8172323533111716, 50.247262631534745], [-3.8173954998798414, 50.246716297310535], [-3.817436872111653, 50.24664956977958], [-3.817528517528317, 50.246580040550356], [-3.8265608333499044, 50.241358043181954], [-3.8276943150827916, 50.24330724047651]]]}}, {"type": "Feature", "properties": {"type": "postcode-cell", "postcode": "TQ7 3ES", "postcodes": ["TQ7 3ES"]}, "geometry": {"type": "Polygon", "coordinates": [[[-3.821141518415492, 50.2636860901573], [-3.816126098583347, 50.26673357598998], [-3.807435313117814, 50.263392454057495], [-3.8103197843787386, 50.25614769366445], [-3.813843419513035, 50.256745710212094], [-3.821141518415492, 50.2636860901573]]]}}, {"type": "Feature", "properties": {"type": "postcode-cell", "postcode": "TQ7 3RS", "postcodes": ["TQ7 3RS"]}, "geometry": {"type": "Polygon", "coordinates": [[[-3.817528517528317, 50.246580040550356], [-3.816724519268647, 50.24366263217497], [-3.8214495806652096, 50.24048178363259], [-3.826514619571013, 50.24047452108522], [-3.8265608333499044, 50.241358043181954], [-3.817528517528317, 50.246580040550356]]]}}, {"type": "Feature", "properties": {"type": "postcode-cell", "postcode": "TQ7 3RX", "postcodes": ["TQ7 3RX"]}, "geometry": {"type": "Polygon", "coordinates": [[[-3.817436872111653, 50.24664956977958], [-3.8173954998798414, 50.246716297310535], [-3.8137359079992783, 50.24549893384959], [-3.8135149180812973, 50.24482332242313], [-3.8137631015156526, 50.244691625990626], [-3.8160294273019155, 50.24534488343407], [-3.817436872111653, 50.24664956977958]]]}}, {"type": "Feature", "properties": {"type": "postcode-cell", "postcode": "TQ7 3RT", "postcodes": ["TQ7 3RT"]}, "geometry": {"type": "Polygon", "coordinates": [[[-3.8160294273019155, 50.24534488343407], [-3.8152859001852715, 50.244301706158], [-3.8152919028343124, 50.24418868288625], [-3.8159213453903233, 50.24365166454618], [-3.816724519268647, 50.24366263217497], [-3.817528517528317, 50.246580040550356], [-3.817436872111653, 50.24664956977958], [-3.8160294273019155, 50.24534488343407]]]}}, {"type": "Feature", "properties": {"type": "postcode-cell", "postcode": "TQ7 3EG", "postcodes": ["TQ7 3EG"]}, "geometry": {"type": "Polygon", "coordinates": [[[-3.813843419513035, 50.256745710212094], [-3.8103197843787386, 50.25614769366445], [-3.8092909479438553, 50.2553939238806], [-3.809109782453413, 50.253001181164564], [-3.815269305587126, 50.249768900026595], [-3.816738886428884, 50.24918273115125], [-3.824348864247277, 50.25406089966923], [-3.813843419513035, 50.256745710212094]]]}}, {"type": "Feature", "properties": {"type": "postcode-cell", "postcode": "TQ7 3SU", "postcodes": ["TQ7 3SU"]}, "geometry": {"type": "Polygon", "coordinates": [[[-3.8164945373547585, 50.2401361333035], [-3.8152225030666136, 50.241624514919664], [-3.812463509779571, 50.242448426134814], [-3.812118870450876, 50.24223771112908], [-3.812077834701455, 50.241153340703015], [-3.814336171442652, 50.23935933597022], [-3.814513822069951, 50.23932645103663], [-3.8164945373547585, 50.2401361333035]]]}}, {"type": "Feature", "properties": {"type": "postcode-cell", "postcode": "TQ7 3RZ", "postcodes": ["TQ7 3RZ"]}, "geometry": {"type": "Polygon", "coordinates": [[[-3.8172323533111716, 50.247262631534745], [-3.8166096712679773, 50.24717616195235], [-3.812598268937726, 50.24640218918472], [-3.813034904387577, 50.245561044914744], [-3.8137359079992783, 50.24549893384959], [-3.8173954998798414, 50.246716297310535], [-3.8172323533111716, 50.247262631534745]]]}}, {"type": "Feature", "properties": {"type": "postcode-cell", "postcode": "TQ7 3SF", "postcodes": ["TQ7 3SF"]}, "geometry": {"type": "Polygon", "coordinates": [[[-3.8142113134991535, 50.2431094009713], [-3.8126859114010747, 50.24314520421568], [-3.812578700379593, 50.243102741584046], [-3.812400848795887, 50.24258346355523], [-3.812463509779571, 50.242448426134814], [-3.8152225030666136, 50.241624514919664], [-3.814988307668115, 50.24224111476825], [-3.8142113134991535, 50.2431094009713]]]}}, {"type": "Feature", "properties": {"type": "postcode-cell", "postcode": "TQ7 3RR", "postcodes": ["TQ7 3RR"]}, "geometry": {"type": "Polygon", "coordinates": [[[-3.814988307668115, 50.24224111476825], [-3.8159213453903233, 50.24365166454618], [-3.8152919028343124, 50.24418868288625], [-3.8142001908553373, 50.24330459996311], [-3.8142113134991535, 50.2431094009713], [-3.814988307668115, 50.24224111476825]]]}}, {"type": "Feature", "properties": {"type": "postcode-cell", "postcode": "TQ7 3BS", "postcodes": ["TQ7 3BS"]}, "geometry": {"type": "Polygon", "coordinates": [[[-3.816724519268647, 50.24366263217497], [-3.8159213453903233, 50.24365166454618], [-3.814988307668115, 50.24224111476825], [-3.8152225030666136, 50.241624514919664], [-3.8164945373547585, 50.2401361333035], [-3.8214495806652096, 50.24048178363259], [-3.816724519268647, 50.24366263217497]]]}}, {"type": "Feature", "properties": {"type": "postcode-cell", "postcode": "TQ7 3SE", "postcodes": ["TQ7 3SE"]}, "geometry": {"type": "Polygon", "coordinates": [[[-3.8142001908553373, 50.24330459996311], [-3.8137153304855635, 50.24377911547867], [-3.813556955652789, 50.24384308205453], [-3.8132329765509803, 50.24380919791941], [-3.8127362502561124, 50.2434823529181], [-3.8126859114010747, 50.24314520421568], [-3.8142113134991535, 50.2431094009713], [-3.8142001908553373, 50.24330459996311]]]}}, {"type": "Feature", "properties": {"type": "postcode-cell", "postcode": "TQ7 3RP", "postcodes": ["TQ7 3RP"]}, "geometry": {"type": "Polygon", "coordinates": [[[-3.8152859001852715, 50.244301706158], [-3.8143114181235256, 50.24430769122446], [-3.8137153304855635, 50.24377911547867], [-3.8142001908553373, 50.24330459996311], [-3.8152919028343124, 50.24418868288625], [-3.8152859001852715, 50.244301706158]]]}}, {"type": "Feature", "properties": {"type": "postcode-cell", "postcode": "TQ7 3RW", "postcodes": ["TQ7 3RW"]}, "geometry": {"type": "Polygon", "coordinates": [[[-3.8137153304855635, 50.24377911547867], [-3.8143114181235256, 50.24430769122446], [-3.813806872315637, 50.24457704094112], [-3.8134199909293147, 50.244168561766976], [-3.813556955652789, 50.24384308205453], [-3.8137153304855635, 50.24377911547867]]]}}, {"type": "Feature", "properties": {"type": "postcode-cell", "postcode": "TQ7 3RU", "postcodes": ["TQ7 3RU"]}, "geometry": {"type": "Polygon", "coordinates": [[[-3.8160294273019155, 50.24534488343407], [-3.8137631015156526, 50.244691625990626], [-3.813806872315637, 50.24457704094112], [-3.8143114181235256, 50.24430769122446], [-3.8152859001852715, 50.244301706158], [-3.8160294273019155, 50.24534488343407]]]}}, {"type": "Feature", "properties": {"type": "postcode-cell", "postcode": "TQ7 3FJ", "postcodes": ["TQ7 3FJ"]}, "geometry": {"type": "Polygon", "coordinates": [[[-3.8173533654157175, 50.24819428920211], [-3.816738886428884, 50.24918273115125], [-3.815269305587126, 50.249768900026595], [-3.8118145539357804, 50.2472528400445], [-3.8166096712679773, 50.24717616195235], [-3.8172323533111716, 50.247262631534745], [-3.8173533654157175, 50.24819428920211]]]}}, {"type": "Feature", "properties": {"type": "postcode-cell", "postcode": "TQ7 3ST", "postcodes": ["TQ7 3ST"]}, "geometry": {"type": "Polygon", "coordinates": [[[-3.8137631015156526, 50.244691625990626], [-3.8135149180812973, 50.24482332242313], [-3.8131981999879554, 50.24479446197647], [-3.8127660774280336, 50.24447747904267], [-3.8128106166485183, 50.2443812944624], [-3.8134199909293147, 50.244168561766976], [-3.813806872315637, 50.24457704094112], [-3.8137631015156526, 50.244691625990626]]]}}, {"type": "Feature", "properties": {"type": "postcode-cell", "postcode": "TQ7 3RY", "postcodes": ["TQ7 3RY"]}, "geometry": {"type": "Polygon", "coordinates": [[[-3.8135149180812973, 50.24482332242313], [-3.8137359079992783, 50.24549893384959], [-3.813034904387577, 50.245561044914744], [-3.812425074614332, 50.24527420976333], [-3.8131981999879554, 50.24479446197647], [-3.8135149180812973, 50.24482332242313]]]}}, {"type": "Feature", "properties": {"type": "postcode-cell", "postcode": "TQ7 3DH", "postcodes": ["TQ7 3DH"]}, "geometry": {"type": "Polygon", "coordinates": [[[-3.8166096712679773, 50.24717616195235], [-3.8118145539357804, 50.2472528400445], [-3.8103036456808694, 50.24665304709872], [-3.812598268937726, 50.24640218918472], [-3.8166096712679773, 50.24717616195235]]]}}, {"type": "Feature", "properties": {"type": "postcode-cell", "postcode": "TQ7 3RN", "postcodes": ["TQ7 3RN"]}, "geometry": {"type": "Polygon", "coordinates": [[[-3.813556955652789, 50.24384308205453], [-3.8134199909293147, 50.244168561766976], [-3.8128106166485183, 50.2443812944624], [-3.8125561677149973, 50.24400436116461], [-3.8132329765509803, 50.24380919791941], [-3.813556955652789, 50.24384308205453]]]}}, {"type": "Feature", "properties": {"type": "postcode-cell", "postcode": "TQ7 3SD", "postcodes": ["TQ7 3SD"]}, "geometry": {"type": "Polygon", "coordinates": [[[-3.8132329765509803, 50.24380919791941], [-3.8125561677149973, 50.24400436116461], [-3.8122599266916373, 50.243906945945874], [-3.8127362502561124, 50.2434823529181], [-3.8132329765509803, 50.24380919791941]]]}}, {"type": "Feature", "properties": {"type": "postcode-cell", "postcode": "TQ7 3RL", "postcodes": ["TQ7 3RL"]}, "geometry": {"type": "Polygon", "coordinates": [[[-3.8127660774280336, 50.24447747904267], [-3.812093588006358, 50.24462800592375], [-3.8117281520719484, 50.244173460629796], [-3.812059273984998, 50.24390682940665], [-3.8122599266916373, 50.243906945945874], [-3.8125561677149973, 50.24400436116461], [-3.8128106166485183, 50.2443812944624], [-3.8127660774280336, 50.24447747904267]]]}}, {"type": "Feature", "properties": {"type": "postcode-cell", "postcode": "TQ7 3FB", "postcodes": ["TQ7 3FB"]}, "geometry": {"type": "Polygon", "coordinates": [[[-3.8109254928922915, 50.24164387013968], [-3.8105856218985754, 50.241652413527625], [-3.810144524499106, 50.241334525107604], [-3.8101506494921833, 50.24111535786884], [-3.8131750913625075, 50.239383657442886], [-3.814336171442652, 50.23935933597022], [-3.812077834701455, 50.241153340703015], [-3.8109254928922915, 50.24164387013968]]]}}, {"type": "Feature", "properties": {"type": "postcode-cell", "postcode": "TQ7 3SX", "postcodes": ["TQ7 3SX"]}, "geometry": {"type": "Polygon", "coordinates": [[[-3.812077834701455, 50.241153340703015], [-3.812118870450876, 50.24223771112908], [-3.811395772085181, 50.24220358466326], [-3.8109254928922915, 50.24164387013968], [-3.812077834701455, 50.241153340703015]]]}}, {"type": "Feature", "properties": {"type": "postcode-cell", "postcode": "TQ7 3DT", "postcodes": ["TQ7 3DT"]}, "geometry": {"type": "Polygon", "coordinates": [[[-3.8133031772061075, 50.23494052713763], [-3.808074358482614, 50.2342657665027], [-3.807988169913233, 50.233993966890154], [-3.809301166547274, 50.22932517018939], [-3.818201071514091, 50.22826939475047], [-3.818393937331079, 50.23310028864062], [-3.8133031772061075, 50.23494052713763]]]}}, {"type": "Feature", "properties": {"type": "postcode-cell", "postcode": "TQ7 3SB", "postcodes": ["TQ7 3SB"]}, "geometry": {"type": "Polygon", "coordinates": [[[-3.8131981999879554, 50.24479446197647], [-3.812425074614332, 50.24527420976333], [-3.8117600613289198, 50.24521945537026], [-3.812093588006358, 50.24462800592375], [-3.8127660774280336, 50.24447747904267], [-3.8131981999879554, 50.24479446197647]]]}}, {"type": "Feature", "properties": {"type": "postcode-cell", "postcode": "TQ7 3SQ", "postcodes": ["TQ7 3SQ"]}, "geometry": {"type": "Polygon", "coordinates": [[[-3.8127362502561124, 50.2434823529181], [-3.8122599266916373, 50.243906945945874], [-3.812059273984998, 50.24390682940665], [-3.8116861012845895, 50.243376562183165], [-3.812578700379593, 50.243102741584046], [-3.8126859114010747, 50.24314520421568], [-3.8127362502561124, 50.2434823529181]]]}}, {"type": "Feature", "properties": {"type": "postcode-cell", "postcode": "TQ7 3BQ", "postcodes": ["TQ7 3BQ"]}, "geometry": {"type": "Polygon", "coordinates": [[[-3.8151473511419742, 50.27222678611314], [-3.802348516295894, 50.2689634802816], [-3.8007151807982424, 50.265200804497276], [-3.807435313117814, 50.263392454057495], [-3.816126098583347, 50.26673357598998], [-3.8151473511419742, 50.27222678611314]]]}}, {"type": "Feature", "properties": {"type": "postcode-cell", "postcode": "TQ7 3BT", "postcodes": ["TQ7 3BT"]}, "geometry": {"type": "Polygon", "coordinates": [[[-3.8118145539357804, 50.2472528400445], [-3.815269305587126, 50.249768900026595], [-3.809109782453413, 50.253001181164564], [-3.804322376415197, 50.24840159222429], [-3.8047033655695577, 50.24768429055849], [-3.8084115267647984, 50.246474813278276], [-3.8103036456808694, 50.24665304709872], [-3.8118145539357804, 50.2472528400445]]]}}, {"type": "Feature", "properties": {"type": "postcode-cell", "postcode": "TQ7 3SA", "postcodes": ["TQ7 3SA"]}, "geometry": {"type": "Polygon", "coordinates": [[[-3.813034904387577, 50.245561044914744], [-3.812598268937726, 50.24640218918472], [-3.8103036456808694, 50.24665304709872], [-3.8084115267647984, 50.246474813278276], [-3.808649895918454, 50.24628706203108], [-3.80922315111437, 50.24605883095401], [-3.8117600613289198, 50.24521945537026], [-3.812425074614332, 50.24527420976333], [-3.813034904387577, 50.245561044914744]]]}}, {"type": "Feature", "properties": {"type": "postcode-cell", "postcode": "TQ7 3SS", "postcodes": ["TQ7 3SS"]}, "geometry": {"type": "Polygon", "coordinates": [[[-3.812400848795887, 50.24258346355523], [-3.811247555271992, 50.24282487282274], [-3.8110507488939374, 50.24263535141363], [-3.811395772085181, 50.24220358466326], [-3.812118870450876, 50.24223771112908], [-3.812463509779571, 50.242448426134814], [-3.812400848795887, 50.24258346355523]]]}}, {"type": "Feature", "properties": {"type": "postcode-cell", "postcode": "TQ7 3RH", "postcodes": ["TQ7 3RH"]}, "geometry": {"type": "Polygon", "coordinates": [[[-3.812093588006358, 50.24462800592375], [-3.8117600613289198, 50.24521945537026], [-3.80922315111437, 50.24605883095401], [-3.8116220695157788, 50.24417511822625], [-3.8117281520719484, 50.244173460629796], [-3.812093588006358, 50.24462800592375]]]}}, {"type": "Feature", "properties": {"type": "postcode-cell", "postcode": "TQ7 3RJ", "postcodes": ["TQ7 3RJ"]}, "geometry": {"type": "Polygon", "coordinates": [[[-3.8117281520719484, 50.244173460629796], [-3.8116220695157788, 50.24417511822625], [-3.810123058280082, 50.243738795880304], [-3.8112493199281676, 50.24328788154349], [-3.8116861012845895, 50.243376562183165], [-3.812059273984998, 50.24390682940665], [-3.8117281520719484, 50.244173460629796]]]}}, {"type": "Feature", "properties": {"type": "postcode-cell", "postcode": "TQ7 3SG", "postcodes": ["TQ7 3SG"]}, "geometry": {"type": "Polygon", "coordinates": [[[-3.812578700379593, 50.243102741584046], [-3.8116861012845895, 50.243376562183165], [-3.8112493199281676, 50.24328788154349], [-3.811247555271992, 50.24282487282274], [-3.812400848795887, 50.24258346355523], [-3.812578700379593, 50.243102741584046]]]}}, {"type": "Feature", "properties": {"type": "postcode-cell", "postcode": "TQ7 3BX", "postcodes": ["TQ7 3BX"]}, "geometry": {"type": "Polygon", "coordinates": [[[-3.8084115267647984, 50.246474813278276], [-3.8047033655695577, 50.24768429055849], [-3.803888245145777, 50.24498059467069], [-3.8047263931811077, 50.24439409586311], [-3.8077137580492963, 50.24303825800927], [-3.8092498153417536, 50.243037840197395], [-3.80931376878524, 50.24305118359837], [-3.810062896501923, 50.243747178492775], [-3.808649895918454, 50.24628706203108], [-3.8084115267647984, 50.246474813278276]]]}}, {"type": "Feature", "properties": {"type": "postcode-cell", "postcode": "TQ7 3BH", "postcodes": ["TQ7 3BH"]}, "geometry": {"type": "Polygon", "coordinates": [[[-3.8103197843787386, 50.25614769366445], [-3.807435313117814, 50.263392454057495], [-3.8007151807982424, 50.265200804497276], [-3.7958254533716342, 50.26371396742542], [-3.7938702336765466, 50.26105595095275], [-3.7967631711798853, 50.25720363765712], [-3.8092909479438553, 50.2553939238806], [-3.8103197843787386, 50.25614769366445]]]}}, {"type": "Feature", "properties": {"type": "postcode-cell", "postcode": "TQ7 3SH", "postcodes": ["TQ7 3SH"]}, "geometry": {"type": "Polygon", "coordinates": [[[-3.8112493199281676, 50.24328788154349], [-3.810123058280082, 50.243738795880304], [-3.810062896501923, 50.243747178492775], [-3.80931376878524, 50.24305118359837], [-3.809844045571064, 50.24271133986038], [-3.8104411351686918, 50.242540400068314], [-3.8110507488939374, 50.24263535141363], [-3.811247555271992, 50.24282487282274], [-3.8112493199281676, 50.24328788154349]]]}}, {"type": "Feature", "properties": {"type": "postcode-cell", "postcode": "TQ7 3DD", "postcodes": ["TQ7 3DD"]}, "geometry": {"type": "Polygon", "coordinates": [[[-3.814336171442652, 50.23935933597022], [-3.8131750913625075, 50.239383657442886], [-3.808177526657695, 50.23915265715386], [-3.8081281493522554, 50.239145485802034], [-3.807189830505101, 50.238806724194056], [-3.8045619283386047, 50.23674674774554], [-3.808074358482614, 50.2342657665027], [-3.8133031772061075, 50.23494052713763], [-3.814513822069951, 50.23932645103663], [-3.814336171442652, 50.23935933597022]]]}}, {"type": "Feature", "properties": {"type": "postcode-cell", "postcode": "TQ7 3BU", "postcodes": ["TQ7 3BU"]}, "geometry": {"type": "Polygon", "coordinates": [[[-3.8116220695157788, 50.24417511822625], [-3.80922315111437, 50.24605883095401], [-3.808649895918454, 50.24628706203108], [-3.810062896501923, 50.243747178492775], [-3.810123058280082, 50.243738795880304], [-3.8116220695157788, 50.24417511822625]]]}}, {"type": "Feature", "properties": {"type": "postcode-cell", "postcode": "TQ7 3SY", "postcodes": ["TQ7 3SY"]}, "geometry": {"type": "Polygon", "coordinates": [[[-3.811395772085181, 50.24220358466326], [-3.8110507488939374, 50.24263535141363], [-3.8104411351686918, 50.242540400068314], [-3.810552021090805, 50.24168585560447], [-3.8105856218985754, 50.241652413527625], [-3.8109254928922915, 50.24164387013968], [-3.811395772085181, 50.24220358466326]]]}}, {"type": "Feature", "properties": {"type": "postcode-cell", "postcode": "TQ7 3SJ", "postcodes": ["TQ7 3SJ"]}, "geometry": {"type": "Polygon", "coordinates": [[[-3.80931376878524, 50.24305118359837], [-3.8092498153417536, 50.243037840197395], [-3.8090180221167924, 50.241903847062964], [-3.8097661125041, 50.241996707364926], [-3.809844045571064, 50.24271133986038], [-3.80931376878524, 50.24305118359837]]]}}, {"type": "Feature", "properties": {"type": "postcode-cell", "postcode": "TQ7 3SL", "postcodes": ["TQ7 3SL"]}, "geometry": {"type": "Polygon", "coordinates": [[[-3.8097661125041, 50.241996707364926], [-3.810552021090805, 50.24168585560447], [-3.8104411351686918, 50.242540400068314], [-3.809844045571064, 50.24271133986038], [-3.8097661125041, 50.241996707364926]]]}}, {"type": "Feature", "properties": {"type": "postcode-cell", "postcode": "TQ7 3LL", "postcodes": ["TQ7 3LL"]}, "geometry": {"type": "Polygon", "coordinates": [[[-3.79436288727135, 50.284926748850665], [-3.795712281974801, 50.284239360997766], [-3.7967202344737268, 50.28386420787053], [-3.8038499579525746, 50.28224426419449], [-3.805815754349388, 50.28276633986948], [-3.8070977537889106, 50.2880350020603], [-3.801619990126588, 50.2885599944012], [-3.7966899901249, 50.28553999439903], [-3.7952199901241235, 50.28521999439884], [-3.7939365564764786, 50.28526243497408], [-3.79436288727135, 50.284926748850665]]]}}, {"type": "Feature", "properties": {"type": "postcode-cell", "postcode": "TQ7 3JD", "postcodes": ["TQ7 3JD"]}, "geometry": {"type": "Polygon", "coordinates": [[[-3.8038499579525746, 50.28224426419449], [-3.801388777880847, 50.278849159235], [-3.8060868995302553, 50.27518747308442], [-3.811148193040552, 50.274843268546135], [-3.80695972260366, 50.2823342976779], [-3.805815754349388, 50.28276633986948], [-3.8038499579525746, 50.28224426419449]]]}}, {"type": "Feature", "properties": {"type": "postcode-cell", "postcode": "TQ7 3RE", "postcodes": ["TQ7 3RE"]}, "geometry": {"type": "Polygon", "coordinates": [[[-3.810552021090805, 50.24168585560447], [-3.8097661125041, 50.241996707364926], [-3.8090180221167924, 50.241903847062964], [-3.8089816910191416, 50.24187875783048], [-3.8092172248848173, 50.24141181160346], [-3.810144524499106, 50.241334525107604], [-3.8105856218985754, 50.241652413527625], [-3.810552021090805, 50.24168585560447]]]}}, {"type": "Feature", "properties": {"type": "postcode-cell", "postcode": "TQ7 3EX", "postcodes": ["TQ7 3EX"]}, "geometry": {"type": "Polygon", "coordinates": [[[-3.810144524499106, 50.241334525107604], [-3.8092172248848173, 50.24141181160346], [-3.808513427269845, 50.240845353790085], [-3.8081281493522554, 50.239145485802034], [-3.808177526657695, 50.23915265715386], [-3.8101506494921833, 50.24111535786884], [-3.810144524499106, 50.241334525107604]]]}}, {"type": "Feature", "properties": {"type": "postcode-cell", "postcode": "TQ7 3BW", "postcodes": ["TQ7 3BW"]}, "geometry": {"type": "Polygon", "coordinates": [[[-3.807988169913233, 50.233993966890154], [-3.802778896897748, 50.23143233271717], [-3.8018589423360902, 50.225009176393456], [-3.809301166547274, 50.22932517018939], [-3.807988169913233, 50.233993966890154]]]}}, {"type": "Feature", "properties": {"type": "postcode-cell", "postcode": "TQ7 3BY", "postcodes": ["TQ7 3BY"]}, "geometry": {"type": "Polygon", "coordinates": [[[-3.804322376415197, 50.24840159222429], [-3.799867394451581, 50.24886376922729], [-3.792385832979254, 50.243570776447925], [-3.795258039669245, 50.24194056055205], [-3.800369206330614, 50.24201730518915], [-3.803888245145777, 50.24498059467069], [-3.8047033655695577, 50.24768429055849], [-3.804322376415197, 50.24840159222429]]]}}, {"type": "Feature", "properties": {"type": "postcode-cell", "postcode": "TQ7 3FA", "postcodes": ["TQ7 3FA"]}, "geometry": {"type": "Polygon", "coordinates": [[[-3.8101506494921833, 50.24111535786884], [-3.808177526657695, 50.23915265715386], [-3.8131750913625075, 50.239383657442886], [-3.8101506494921833, 50.24111535786884]]]}}, {"type": "Feature", "properties": {"type": "postcode-cell", "postcode": "TQ7 3SP", "postcodes": ["TQ7 3SP"]}, "geometry": {"type": "Polygon", "coordinates": [[[-3.808513427269845, 50.240845353790085], [-3.807944288760652, 50.24159649967438], [-3.806292681395274, 50.24106913314833], [-3.807189830505101, 50.238806724194056], [-3.8081281493522554, 50.239145485802034], [-3.808513427269845, 50.240845353790085]]]}}, {"type": "Feature", "properties": {"type": "postcode-cell", "postcode": "TQ7 3SR", "postcodes": ["TQ7 3SR"]}, "geometry": {"type": "Polygon", "coordinates": [[[-3.8092172248848173, 50.24141181160346], [-3.8089816910191416, 50.24187875783048], [-3.808051474263141, 50.2419272527478], [-3.807944288760652, 50.24159649967438], [-3.808513427269845, 50.240845353790085], [-3.8092172248848173, 50.24141181160346]]]}}, {"type": "Feature", "properties": {"type": "postcode-cell", "postcode": "TQ7 3SN", "postcodes": ["TQ7 3SN"]}, "geometry": {"type": "Polygon", "coordinates": [[[-3.8090180221167924, 50.241903847062964], [-3.8092498153417536, 50.243037840197395], [-3.8077137580492963, 50.24303825800927], [-3.807825614616609, 50.24214068779149], [-3.808051474263141, 50.2419272527478], [-3.8089816910191416, 50.24187875783048], [-3.8090180221167924, 50.241903847062964]]]}}, {"type": "Feature", "properties": {"type": "postcode-cell", "postcode": "TQ7 3SW", "postcodes": ["TQ7 3SW"]}, "geometry": {"type": "Polygon", "coordinates": [[[-3.808051474263141, 50.2419272527478], [-3.807825614616609, 50.24214068779149], [-3.8063015747738507, 50.24170627944982], [-3.806213544813808, 50.241152529257896], [-3.806292681395274, 50.24106913314833], [-3.807944288760652, 50.24159649967438], [-3.808051474263141, 50.2419272527478]]]}}, {"type": "Feature", "properties": {"type": "postcode-cell", "postcode": "TQ7 3DG", "postcodes": ["TQ7 3DG"]}, "geometry": {"type": "Polygon", "coordinates": [[[-3.8077137580492963, 50.24303825800927], [-3.8047263931811077, 50.24439409586311], [-3.8063015747738507, 50.24170627944982], [-3.807825614616609, 50.24214068779149], [-3.8077137580492963, 50.24303825800927]]]}}, {"type": "Feature", "properties": {"type": "postcode-cell", "postcode": "TQ7 3DL", "postcodes": ["TQ7 3DL"]}, "geometry": {"type": "Polygon", "coordinates": [[[-3.808074358482614, 50.2342657665027], [-3.8045619283386047, 50.23674674774554], [-3.8042238496807133, 50.2367942062853], [-3.795742246792995, 50.234836899204026], [-3.7968737260616847, 50.233794599795964], [-3.802778896897748, 50.23143233271717], [-3.807988169913233, 50.233993966890154], [-3.808074358482614, 50.2342657665027]]]}}, {"type": "Feature", "properties": {"type": "postcode-cell", "postcode": "TQ7 3DE", "postcodes": ["TQ7 3DE"]}, "geometry": {"type": "Polygon", "coordinates": [[[-3.806292681395274, 50.24106913314833], [-3.806213544813808, 50.241152529257896], [-3.800479665541908, 50.24191560989065], [-3.8042238496807133, 50.2367942062853], [-3.8045619283386047, 50.23674674774554], [-3.807189830505101, 50.238806724194056], [-3.806292681395274, 50.24106913314833]]]}}, {"type": "Feature", "properties": {"type": "postcode-cell", "postcode": "TQ7 3BG", "postcodes": ["TQ7 3BG"]}, "geometry": {"type": "Polygon", "coordinates": [[[-3.815522756594299, 50.27297086380808], [-3.811148193040552, 50.274843268546135], [-3.8060868995302553, 50.27518747308442], [-3.799451649739704, 50.27260683378375], [-3.802348516295894, 50.2689634802816], [-3.8151473511419742, 50.27222678611314], [-3.815522756594299, 50.27297086380808]]]}}, {"type": "Feature", "properties": {"type": "postcode-cell", "postcode": "TQ7 3DF", "postcodes": ["TQ7 3DF"]}, "geometry": {"type": "Polygon", "coordinates": [[[-3.8047263931811077, 50.24439409586311], [-3.803888245145777, 50.24498059467069], [-3.800369206330614, 50.24201730518915], [-3.800479665541908, 50.24191560989065], [-3.806213544813808, 50.241152529257896], [-3.8063015747738507, 50.24170627944982], [-3.8047263931811077, 50.24439409586311]]]}}, {"type": "Feature", "properties": {"type": "postcode-cell", "postcode": "TQ7 3DW", "postcodes": ["TQ7 3DW"]}, "geometry": {"type": "Polygon", "coordinates": [[[-3.8018589423360902, 50.225009176393456], [-3.802778896897748, 50.23143233271717], [-3.7968737260616847, 50.233794599795964], [-3.801069250553929, 50.22452335178017], [-3.801294428823182, 50.22447111830157], [-3.8018589423360902, 50.225009176393456]]]}}, {"type": "Feature", "properties": {"type": "postcode-cell", "postcode": "TQ7 3BJ", "postcodes": ["TQ7 3BJ"]}, "geometry": {"type": "Polygon", "coordinates": [[[-3.8092909479438553, 50.2553939238806], [-3.7967631711798853, 50.25720363765712], [-3.793637380647467, 50.25229964104521], [-3.799867394451581, 50.24886376922729], [-3.804322376415197, 50.24840159222429], [-3.809109782453413, 50.253001181164564], [-3.8092909479438553, 50.2553939238806]]]}}, {"type": "Feature", "properties": {"type": "postcode-cell", "postcode": "TQ7 3GZ", "postcodes": ["TQ7 3GZ"]}, "geometry": {"type": "Polygon", "coordinates": [[[-3.8060868995302553, 50.27518747308442], [-3.801388777880847, 50.278849159235], [-3.800220924783197, 50.27837742572316], [-3.795648916213024, 50.274049507081784], [-3.799451649739704, 50.27260683378375], [-3.8060868995302553, 50.27518747308442]]]}}, {"type": "Feature", "properties": {"type": "postcode-cell", "postcode": "TQ7 3BE", "postcodes": ["TQ7 3BE"]}, "geometry": {"type": "Polygon", "coordinates": [[[-3.799451649739704, 50.27260683378375], [-3.795648916213024, 50.274049507081784], [-3.7950760243024857, 50.274039181130405], [-3.7942747177487974, 50.273918697807446], [-3.791454096164759, 50.26747097491331], [-3.7958254533716342, 50.26371396742542], [-3.8007151807982424, 50.265200804497276], [-3.802348516295894, 50.2689634802816], [-3.799451649739704, 50.27260683378375]]]}}, {"type": "Feature", "properties": {"type": "postcode-cell", "postcode": "TQ7 3DJ", "postcodes": ["TQ7 3DJ"]}, "geometry": {"type": "Polygon", "coordinates": [[[-3.800369206330614, 50.24201730518915], [-3.795258039669245, 50.24194056055205], [-3.794451569473113, 50.235005175135974], [-3.795742246792995, 50.234836899204026], [-3.8042238496807133, 50.2367942062853], [-3.800479665541908, 50.24191560989065], [-3.800369206330614, 50.24201730518915]]]}}, {"type": "Feature", "properties": {"type": "postcode-cell", "postcode": "TQ7 3DB", "postcodes": ["TQ7 3DB"]}, "geometry": {"type": "Polygon", "coordinates": [[[-3.792385832979254, 50.243570776447925], [-3.78853724718836, 50.24415501278518], [-3.786056836266891, 50.24187084073376], [-3.7864560449251203, 50.237923987683224], [-3.787010189736257, 50.2375096357204], [-3.7925319996264553, 50.23454801988719], [-3.794451569473113, 50.235005175135974], [-3.795258039669245, 50.24194056055205], [-3.792385832979254, 50.243570776447925]]]}}, {"type": "Feature", "properties": {"type": "postcode-cell", "postcode": "TQ7 3DN", "postcodes": ["TQ7 3DN"]}, "geometry": {"type": "Polygon", "coordinates": [[[-3.795742246792995, 50.234836899204026], [-3.794451569473113, 50.235005175135974], [-3.7925319996264553, 50.23454801988719], [-3.7898730937218565, 50.23179244634636], [-3.7895250690284055, 50.231239644604166], [-3.7915684885297107, 50.227741607037245], [-3.7966644469540745, 50.22488635430493], [-3.801069250553929, 50.22452335178017], [-3.7968737260616847, 50.233794599795964], [-3.795742246792995, 50.234836899204026]]]}}, {"type": "Feature", "properties": {"type": "postcode-cell", "postcode": "TQ7 3PS", "postcodes": ["TQ7 3PS"]}, "geometry": {"type": "Polygon", "coordinates": [[[-3.8038499579525746, 50.28224426419449], [-3.7967202344737268, 50.28386420787053], [-3.7962715237112237, 50.279561018793885], [-3.800220924783197, 50.27837742572316], [-3.801388777880847, 50.278849159235], [-3.8038499579525746, 50.28224426419449]]]}}, {"type": "Feature", "properties": {"type": "postcode-cell", "postcode": "TQ7 3PR", "postcodes": ["TQ7 3PR"]}, "geometry": {"type": "Polygon", "coordinates": [[[-3.795712281974801, 50.284239360997766], [-3.794490361501848, 50.28040634302627], [-3.7957567916530532, 50.27951278339581], [-3.7962715237112237, 50.279561018793885], [-3.7967202344737268, 50.28386420787053], [-3.795712281974801, 50.284239360997766]]]}}, {"type": "Feature", "properties": {"type": "postcode-cell", "postcode": "TQ7 3BL", "postcodes": ["TQ7 3BL"]}, "geometry": {"type": "MultiPolygon", "coordinates": [[[[-3.7938702336765466, 50.26105595095275], [-3.784930122750122, 50.26015942545038], [-3.7836212489783563, 50.259593016308095], [-3.7784719278094747, 50.25660071408268], [-3.7798199901281406, 50.25631999437727], [-3.7814099901290508, 50.25650999437736], [-3.784219990130922, 50.25630999437716], [-3.787899990133868, 50.25499999437607], [-3.782219990130307, 50.25494999437617], [-3.781499990129983, 50.254679994376], [-3.7813285183093317, 50.254449083279766], [-3.79208770658887, 50.25190734352542], [-3.793637380647467, 50.25229964104521], [-3.7967631711798853, 50.25720363765712], [-3.7938702336765466, 50.26105595095275]]], [[[-3.7782843170230285, 50.255168013443004], [-3.778299990127489, 50.25567999437681], [-3.7777640321276027, 50.255290875804086], [-3.7782843170230285, 50.255168013443004]]]]}}, {"type": "Feature", "properties": {"type": "postcode-cell", "postcode": "TQ7 3BZ", "postcodes": ["TQ7 3BZ"]}, "geometry": {"type": "Polygon", "coordinates": [[[-3.793637380647467, 50.25229964104521], [-3.79208770658887, 50.25190734352542], [-3.787497443955355, 50.24563500193754], [-3.78853724718836, 50.24415501278518], [-3.792385832979254, 50.243570776447925], [-3.799867394451581, 50.24886376922729], [-3.793637380647467, 50.25229964104521]]]}}, {"type": "Feature", "properties": {"type": "postcode-cell", "postcode": "TQ7 3QA", "postcodes": ["TQ7 3QA"]}, "geometry": {"type": "Polygon", "coordinates": [[[-3.7957567916530532, 50.27951278339581], [-3.794490361501848, 50.28040634302627], [-3.793746994674502, 50.28026925223884], [-3.7936199719155397, 50.28017333649534], [-3.793856882362195, 50.27952028195243], [-3.795357458352578, 50.279313719684666], [-3.7957567916530532, 50.27951278339581]]]}}, {"type": "Feature", "properties": {"type": "postcode-cell", "postcode": "TQ7 3PT", "postcodes": ["TQ7 3PT"]}, "geometry": {"type": "Polygon", "coordinates": [[[-3.795357458352578, 50.279313719684666], [-3.794492569459657, 50.278322857464296], [-3.7950760243024857, 50.274039181130405], [-3.795648916213024, 50.274049507081784], [-3.800220924783197, 50.27837742572316], [-3.7962715237112237, 50.279561018793885], [-3.7957567916530532, 50.27951278339581], [-3.795357458352578, 50.279313719684666]]]}}, {"type": "Feature", "properties": {"type": "postcode-cell", "postcode": "TQ7 3PL", "postcodes": ["TQ7 3PL"]}, "geometry": {"type": "Polygon", "coordinates": [[[-3.795712281974801, 50.284239360997766], [-3.79436288727135, 50.284926748850665], [-3.792706895808915, 50.28160842670452], [-3.7928453282208796, 50.28115755830346], [-3.793746994674502, 50.28026925223884], [-3.794490361501848, 50.28040634302627], [-3.795712281974801, 50.284239360997766]]]}}, {"type": "Feature", "properties": {"type": "postcode-cell", "postcode": "TQ7 3PX", "postcodes": ["TQ7 3PX"]}, "geometry": {"type": "Polygon", "coordinates": [[[-3.794492569459657, 50.278322857464296], [-3.79278264790331, 50.27901015454703], [-3.7927393834410004, 50.27899646676891], [-3.791790512026622, 50.278505628569654], [-3.7894172414796405, 50.27599942824248], [-3.789467028626976, 50.27498577556381], [-3.7942747177487974, 50.273918697807446], [-3.7950760243024857, 50.274039181130405], [-3.794492569459657, 50.278322857464296]]]}}, {"type": "Feature", "properties": {"type": "postcode-cell", "postcode": "TQ7 3PU", "postcodes": ["TQ7 3PU"]}, "geometry": {"type": "Polygon", "coordinates": [[[-3.795357458352578, 50.279313719684666], [-3.793856882362195, 50.27952028195243], [-3.7928417015705627, 50.27910555317505], [-3.79278264790331, 50.27901015454703], [-3.794492569459657, 50.278322857464296], [-3.795357458352578, 50.279313719684666]]]}}, {"type": "Feature", "properties": {"type": "postcode-cell", "postcode": "TQ7 3PZ", "postcodes": ["TQ7 3PZ"]}, "geometry": {"type": "Polygon", "coordinates": [[[-3.7936199719155397, 50.28017333649534], [-3.792804638055676, 50.28002779554444], [-3.7927583376272374, 50.27993891006744], [-3.7927505992363906, 50.27951770659217], [-3.7928417015705627, 50.27910555317505], [-3.793856882362195, 50.27952028195243], [-3.7936199719155397, 50.28017333649534]]]}}, {"type": "Feature", "properties": {"type": "postcode-cell", "postcode": "TQ7 3PW", "postcodes": ["TQ7 3PW"]}, "geometry": {"type": "Polygon", "coordinates": [[[-3.792706895808915, 50.28160842670452], [-3.7922181347064745, 50.28129882990952], [-3.792006395053568, 50.28099577262297], [-3.791824149927887, 50.28032229272472], [-3.7925364452000254, 50.280248044318945], [-3.7928453282208796, 50.28115755830346], [-3.792706895808915, 50.28160842670452]]]}}, {"type": "Feature", "properties": {"type": "postcode-cell", "postcode": "TQ7 3PP", "postcodes": ["TQ7 3PP"]}, "geometry": {"type": "Polygon", "coordinates": [[[-3.7936199719155397, 50.28017333649534], [-3.793746994674502, 50.28026925223884], [-3.7928453282208796, 50.28115755830346], [-3.7925364452000254, 50.280248044318945], [-3.792804638055676, 50.28002779554444], [-3.7936199719155397, 50.28017333649534]]]}}, {"type": "Feature", "properties": {"type": "postcode-cell", "postcode": "TQ7 3QB", "postcodes": ["TQ7 3QB"]}, "geometry": {"type": "Polygon", "coordinates": [[[-3.792804638055676, 50.28002779554444], [-3.7925364452000254, 50.280248044318945], [-3.791824149927887, 50.28032229272472], [-3.791088761898818, 50.280087994232574], [-3.7910454150108617, 50.279912999794895], [-3.7917312276967765, 50.27981979027842], [-3.7927583376272374, 50.27993891006744], [-3.792804638055676, 50.28002779554444]]]}}, {"type": "Feature", "properties": {"type": "postcode-cell", "postcode": "TQ7 3PY", "postcodes": ["TQ7 3PY"]}, "geometry": {"type": "Polygon", "coordinates": [[[-3.7927583376272374, 50.27993891006744], [-3.7917312276967765, 50.27981979027842], [-3.791914008467824, 50.27972271497127], [-3.7927505992363906, 50.27951770659217], [-3.7927583376272374, 50.27993891006744]]]}}, {"type": "Feature", "properties": {"type": "postcode-cell", "postcode": "TQ7 3QE", "postcodes": ["TQ7 3QE"]}, "geometry": {"type": "Polygon", "coordinates": [[[-3.7927505992363906, 50.27951770659217], [-3.791914008467824, 50.27972271497127], [-3.7922216563660736, 50.27930553714405], [-3.7927393834410004, 50.27899646676891], [-3.79278264790331, 50.27901015454703], [-3.7928417015705627, 50.27910555317505], [-3.7927505992363906, 50.27951770659217]]]}}, {"type": "Feature", "properties": {"type": "postcode-cell", "postcode": "TQ7 3PJ", "postcodes": ["TQ7 3PJ"]}, "geometry": {"type": "Polygon", "coordinates": [[[-3.7922181347064745, 50.28129882990952], [-3.790762570384167, 50.28096219602795], [-3.7908821430209754, 50.280454557569264], [-3.792006395053568, 50.28099577262297], [-3.7922181347064745, 50.28129882990952]]]}}, {"type": "Feature", "properties": {"type": "postcode-cell", "postcode": "TQ7 3QF", "postcodes": ["TQ7 3QF"]}, "geometry": {"type": "Polygon", "coordinates": [[[-3.7922216563660736, 50.27930553714405], [-3.790982711890696, 50.27983775761616], [-3.790959835603094, 50.27981910711151], [-3.791790512026622, 50.278505628569654], [-3.7927393834410004, 50.27899646676891], [-3.7922216563660736, 50.27930553714405]]]}}, {"type": "Feature", "properties": {"type": "postcode-cell", "postcode": "TQ7 3ER", "postcodes": ["TQ7 3ER"]}, "geometry": {"type": "Polygon", "coordinates": [[[-3.790959835603094, 50.27981910711151], [-3.790982711890696, 50.27983775761616], [-3.7910454150108617, 50.279912999794895], [-3.791088761898818, 50.280087994232574], [-3.7908728499768, 50.28037642106883], [-3.788556187628393, 50.28064400652322], [-3.78648930439244, 50.28037037140612], [-3.7880720624722883, 50.27892548245151], [-3.790959835603094, 50.27981910711151]]]}}, {"type": "Feature", "properties": {"type": "postcode-cell", "postcode": "TQ7 3QG", "postcodes": ["TQ7 3QG"]}, "geometry": {"type": "Polygon", "coordinates": [[[-3.7880720624722883, 50.27892548245151], [-3.7894172414796405, 50.27599942824248], [-3.791790512026622, 50.278505628569654], [-3.790959835603094, 50.27981910711151], [-3.7880720624722883, 50.27892548245151]]]}}, {"type": "Feature", "properties": {"type": "postcode-cell", "postcode": "TQ8 8LN", "postcodes": ["TQ8 8LN"]}, "geometry": {"type": "Polygon", "coordinates": [[[-3.7915684885297107, 50.227741607037245], [-3.7894127969166953, 50.22696238034205], [-3.787168145635023, 50.22557672620371], [-3.7860221998293806, 50.22414382533824], [-3.785978636210523, 50.223529101286324], [-3.7880521337878297, 50.220524259140106], [-3.7966644469540745, 50.22488635430493], [-3.7915684885297107, 50.227741607037245]]]}}, {"type": "Feature", "properties": {"type": "postcode-cell", "postcode": "TQ7 3PH", "postcodes": ["TQ7 3PH"]}, "geometry": {"type": "Polygon", "coordinates": [[[-3.792706895808915, 50.28160842670452], [-3.79436288727135, 50.284926748850665], [-3.7939365564764786, 50.28526243497408], [-3.791589990121769, 50.285339994399], [-3.791273701732902, 50.28529071924999], [-3.7903549511227004, 50.28119997599398], [-3.790762570384167, 50.28096219602795], [-3.7922181347064745, 50.28129882990952], [-3.792706895808915, 50.28160842670452]]]}}, {"type": "Feature", "properties": {"type": "postcode-cell", "postcode": "TQ7 3QD", "postcodes": ["TQ7 3QD"]}, "geometry": {"type": "Polygon", "coordinates": [[[-3.790982711890696, 50.27983775761616], [-3.7922216563660736, 50.27930553714405], [-3.791914008467824, 50.27972271497127], [-3.7917312276967765, 50.27981979027842], [-3.7910454150108617, 50.279912999794895], [-3.790982711890696, 50.27983775761616]]]}}, {"type": "Feature", "properties": {"type": "postcode-cell", "postcode": "TQ7 3PN", "postcodes": ["TQ7 3PN"]}, "geometry": {"type": "Polygon", "coordinates": [[[-3.791824149927887, 50.28032229272472], [-3.792006395053568, 50.28099577262297], [-3.7908821430209754, 50.280454557569264], [-3.7908728499768, 50.28037642106883], [-3.791088761898818, 50.280087994232574], [-3.791824149927887, 50.28032229272472]]]}}, {"type": "Feature", "properties": {"type": "postcode-cell", "postcode": "TQ7 3BD", "postcodes": ["TQ7 3BD"]}, "geometry": {"type": "Polygon", "coordinates": [[[-3.789467028626976, 50.27498577556381], [-3.7868052651823576, 50.2744355375506], [-3.7839655402577077, 50.26966686279284], [-3.785413150833173, 50.26847021428208], [-3.791454096164759, 50.26747097491331], [-3.7942747177487974, 50.273918697807446], [-3.789467028626976, 50.27498577556381]]]}}, {"type": "Feature", "properties": {"type": "postcode-cell", "postcode": "TQ7 3BB", "postcodes": ["TQ7 3BB"]}, "geometry": {"type": "Polygon", "coordinates": [[[-3.7958254533716342, 50.26371396742542], [-3.791454096164759, 50.26747097491331], [-3.785413150833173, 50.26847021428208], [-3.783298135867514, 50.26524324568816], [-3.783879978486192, 50.26343086345519], [-3.785779990127425, 50.26571999438424], [-3.785769990127935, 50.26463999438342], [-3.7846299901280083, 50.262969994382196], [-3.784889990128511, 50.26225999438165], [-3.784309384646765, 50.26209321895389], [-3.784930122750122, 50.26015942545038], [-3.7938702336765466, 50.26105595095275], [-3.7958254533716342, 50.26371396742542]]]}}, {"type": "Feature", "properties": {"type": "postcode-cell", "postcode": "TQ7 3PG", "postcodes": ["TQ7 3PG"]}, "geometry": {"type": "Polygon", "coordinates": [[[-3.7908821430209754, 50.280454557569264], [-3.790762570384167, 50.28096219602795], [-3.7903549511227004, 50.28119997599398], [-3.788556187628393, 50.28064400652322], [-3.7908728499768, 50.28037642106883], [-3.7908821430209754, 50.280454557569264]]]}}, {"type": "Feature", "properties": {"type": "postcode-cell", "postcode": "TQ7 3PQ", "postcodes": ["TQ7 3PQ"]}, "geometry": {"type": "Polygon", "coordinates": [[[-3.78648930439244, 50.28037037140612], [-3.788556187628393, 50.28064400652322], [-3.7903549511227004, 50.28119997599398], [-3.791273701732902, 50.28529071924999], [-3.7880599901197995, 50.28478999439871], [-3.7879599901202257, 50.28375999439792], [-3.786229990119356, 50.283289994397606], [-3.7868599901200897, 50.28257999439703], [-3.7861699901200434, 50.28175999439643], [-3.786509990120296, 50.28167999439637], [-3.786063534482538, 50.28059127661428], [-3.78648930439244, 50.28037037140612]]]}}, {"type": "Feature", "properties": {"type": "postcode-cell", "postcode": "TQ8 8LJ", "postcodes": ["TQ8 8LJ"]}, "geometry": {"type": "Polygon", "coordinates": [[[-3.787168145635023, 50.22557672620371], [-3.7847472063664522, 50.22606891687772], [-3.7841536867564964, 50.225910750671794], [-3.784389990145691, 50.22553999435384], [-3.7841479876078172, 50.225228851291554], [-3.7860221998293806, 50.22414382533824], [-3.787168145635023, 50.22557672620371]]]}}, {"type": "Feature", "properties": {"type": "postcode-cell", "postcode": "TQ8 8LF", "postcodes": ["TQ8 8LF"]}, "geometry": {"type": "Polygon", "coordinates": [[[-3.7915684885297107, 50.227741607037245], [-3.7895250690284055, 50.231239644604166], [-3.7872020605666683, 50.23092730018423], [-3.783642747564087, 50.2285692019118], [-3.783516545314156, 50.22781428595153], [-3.7872377493740212, 50.226995636656916], [-3.7894127969166953, 50.22696238034205], [-3.7915684885297107, 50.227741607037245]]]}}, {"type": "Feature", "properties": {"type": "postcode-cell", "postcode": "TQ7 3QQ", "postcodes": ["TQ7 3QQ"]}, "geometry": {"type": "Polygon", "coordinates": [[[-3.7880720624722883, 50.27892548245151], [-3.78648930439244, 50.28037037140612], [-3.786063534482538, 50.28059127661428], [-3.785939990120598, 50.280289994395325], [-3.785549990120342, 50.280309994395346], [-3.784889990120441, 50.27921999439452], [-3.783449990119362, 50.27957999439484], [-3.7833499901194907, 50.27916999439453], [-3.7808436093429676, 50.27919766994841], [-3.7807051424889555, 50.27635784687369], [-3.7868052651823576, 50.2744355375506], [-3.789467028626976, 50.27498577556381], [-3.7894172414796405, 50.27599942824248], [-3.7880720624722883, 50.27892548245151]]]}}, {"type": "Feature", "properties": {"type": "postcode-cell", "postcode": "TQ7 3DA", "postcodes": ["TQ7 3DA"]}, "geometry": {"type": "Polygon", "coordinates": [[[-3.79208770658887, 50.25190734352542], [-3.7813285183093317, 50.254449083279766], [-3.780749990129989, 50.25366999437524], [-3.7782699901279346, 50.25469999437609], [-3.7782843170230285, 50.255168013443004], [-3.7777640321276027, 50.255290875804086], [-3.777569990127279, 50.25514999437644], [-3.7769433045427183, 50.255029094706124], [-3.785519016405657, 50.24630687477222], [-3.787497443955355, 50.24563500193754], [-3.79208770658887, 50.25190734352542]]]}}, {"type": "Feature", "properties": {"type": "postcode-cell", "postcode": "TQ8 8LU", "postcodes": ["TQ8 8LU"]}, "geometry": {"type": "Polygon", "coordinates": [[[-3.7925319996264553, 50.23454801988719], [-3.787010189736257, 50.2375096357204], [-3.783532879875413, 50.23439904143875], [-3.7898730937218565, 50.23179244634636], [-3.7925319996264553, 50.23454801988719]]]}}, {"type": "Feature", "properties": {"type": "postcode-cell", "postcode": "TQ7 3AY", "postcodes": ["TQ7 3AY"]}, "geometry": {"type": "Polygon", "coordinates": [[[-3.7807051424889555, 50.27635784687369], [-3.7808436093429676, 50.27919766994841], [-3.777909990116028, 50.279229994394704], [-3.777819990115981, 50.27920999439469], [-3.7780999901161603, 50.27919999439468], [-3.775659990114813, 50.278799994394426], [-3.773909990114159, 50.27784999439377], [-3.773859990114691, 50.27665999439286], [-3.7745499901161876, 50.27443999439115], [-3.7739799901160307, 50.27400999439084], [-3.773670259384006, 50.27353629770837], [-3.7807051424889555, 50.27635784687369]]]}}, {"type": "Feature", "properties": {"type": "postcode-cell", "postcode": "TQ8 8LQ", "postcodes": ["TQ8 8LQ"]}, "geometry": {"type": "Polygon", "coordinates": [[[-3.7847472063664522, 50.22606891687772], [-3.787168145635023, 50.22557672620371], [-3.7894127969166953, 50.22696238034205], [-3.7872377493740212, 50.226995636656916], [-3.7850561362123285, 50.22671412083284], [-3.7847472063664522, 50.22606891687772]]]}}, {"type": "Feature", "properties": {"type": "postcode-cell", "postcode": "TQ8 8LH", "postcodes": ["TQ8 8LH"]}, "geometry": {"type": "Polygon", "coordinates": [[[-3.7850561362123285, 50.22671412083284], [-3.783471554503576, 50.22772877168299], [-3.782380472302083, 50.22676758415503], [-3.7824099901439268, 50.22661999435469], [-3.783809990144891, 50.22644999435454], [-3.7841536867564964, 50.225910750671794], [-3.7847472063664522, 50.22606891687772], [-3.7850561362123285, 50.22671412083284]]]}}, {"type": "Feature", "properties": {"type": "postcode-cell", "postcode": "TQ8 8NF", "postcodes": ["TQ8 8NF"]}, "geometry": {"type": "Polygon", "coordinates": [[[-3.787497443955355, 50.24563500193754], [-3.785519016405657, 50.24630687477222], [-3.779559962275589, 50.24578416989654], [-3.7786435088551236, 50.24445011028841], [-3.7784448856508215, 50.243951310471914], [-3.7790702038532604, 50.24305281844093], [-3.780051682979975, 50.242272902417135], [-3.782708258327535, 50.24157466181721], [-3.786056836266891, 50.24187084073376], [-3.78853724718836, 50.24415501278518], [-3.787497443955355, 50.24563500193754]]]}}, {"type": "Feature", "properties": {"type": "postcode-cell", "postcode": "TQ8 8JS", "postcodes": ["TQ8 8JS"]}, "geometry": {"type": "Polygon", "coordinates": [[[-3.7872020605666683, 50.23092730018423], [-3.7895250690284055, 50.231239644604166], [-3.7898730937218565, 50.23179244634636], [-3.783532879875413, 50.23439904143875], [-3.7830979647792162, 50.23439348538363], [-3.7821447789551033, 50.2341393133249], [-3.7821109820693986, 50.23412298051779], [-3.7820871920037744, 50.232620534273856], [-3.7860417310053602, 50.23111393262259], [-3.7872020605666683, 50.23092730018423]]]}}, {"type": "Feature", "properties": {"type": "postcode-cell", "postcode": "TQ8 8LD", "postcodes": ["TQ8 8LD"]}, "geometry": {"type": "Polygon", "coordinates": [[[-3.7860417310053602, 50.23111393262259], [-3.7802644131570284, 50.230317583107386], [-3.7782354308649158, 50.2294114338253], [-3.7787113224904045, 50.22933732123269], [-3.779279990140407, 50.22986999435725], [-3.780219990140857, 50.23016999435746], [-3.7812399901415508, 50.23005999435736], [-3.7819399901422264, 50.229569994356964], [-3.7812949140104464, 50.22893492981761], [-3.783642747564087, 50.2285692019118], [-3.7872020605666683, 50.23092730018423], [-3.7860417310053602, 50.23111393262259]]]}}, {"type": "Feature", "properties": {"type": "postcode-cell", "postcode": "TQ8 8LG", "postcodes": ["TQ8 8LG"]}, "geometry": {"type": "Polygon", "coordinates": [[[-3.783516545314156, 50.22781428595153], [-3.783471554503576, 50.22772877168299], [-3.7850561362123285, 50.22671412083284], [-3.7872377493740212, 50.226995636656916], [-3.783516545314156, 50.22781428595153]]]}}, {"type": "Feature", "properties": {"type": "postcode-cell", "postcode": "TQ8 8LL", "postcodes": ["TQ8 8LL"]}, "geometry": {"type": "Polygon", "coordinates": [[[-3.785978636210523, 50.223529101286324], [-3.7860221998293806, 50.22414382533824], [-3.7841479876078172, 50.225228851291554], [-3.783829990145681, 50.224819994353325], [-3.7814799901442306, 50.224759994353334], [-3.780949990143963, 50.22461999435323], [-3.781111923513482, 50.224105618039026], [-3.785978636210523, 50.223529101286324]]]}}, {"type": "Feature", "properties": {"type": "postcode-cell", "postcode": "TQ7 3BN", "postcodes": ["TQ7 3BN"]}, "geometry": {"type": "MultiPolygon", "coordinates": [[[[-3.784309384646765, 50.26209321895389], [-3.781778807659811, 50.26136627811178], [-3.7836212489783563, 50.259593016308095], [-3.784930122750122, 50.26015942545038], [-3.784309384646765, 50.26209321895389]]], [[[-3.783298135867514, 50.26524324568816], [-3.777120225519766, 50.265849231419416], [-3.781188623133645, 50.26193426890044], [-3.7832899901272836, 50.26271999438204], [-3.783879978486192, 50.26343086345519], [-3.783298135867514, 50.26524324568816]]]]}}, {"type": "Feature", "properties": {"type": "postcode-cell", "postcode": "TQ8 8LE", "postcodes": ["TQ8 8LE"]}, "geometry": {"type": "MultiPolygon", "coordinates": [[[[-3.783516545314156, 50.22781428595153], [-3.783642747564087, 50.2285692019118], [-3.7812949140104464, 50.22893492981761], [-3.78064999014202, 50.22829999435602], [-3.7807699901423337, 50.22779999435566], [-3.782339990143719, 50.22696999435498], [-3.782380472302083, 50.22676758415503], [-3.783471554503576, 50.22772877168299], [-3.783516545314156, 50.22781428595153]]], [[[-3.7782354308649158, 50.2294114338253], [-3.777602044181621, 50.22931397724001], [-3.777452996078359, 50.229240500315676], [-3.7784899901402635, 50.22912999435671], [-3.7787113224904045, 50.22933732123269], [-3.7782354308649158, 50.2294114338253]]]]}}, {"type": "Feature", "properties": {"type": "postcode-cell", "postcode": "TQ8 8NZ", "postcodes": ["TQ8 8NZ"]}, "geometry": {"type": "Polygon", "coordinates": [[[-3.7864560449251203, 50.237923987683224], [-3.7849752497080353, 50.237619296682645], [-3.782915132937811, 50.23664791190011], [-3.7830979647792162, 50.23439348538363], [-3.783532879875413, 50.23439904143875], [-3.787010189736257, 50.2375096357204], [-3.7864560449251203, 50.237923987683224]]]}}, {"type": "Feature", "properties": {"type": "postcode-cell", "postcode": "TQ8 8LW", "postcodes": ["TQ8 8LW"]}, "geometry": {"type": "Polygon", "coordinates": [[[-3.7880521337878297, 50.220524259140106], [-3.785978636210523, 50.223529101286324], [-3.781111923513482, 50.224105618039026], [-3.7811199901443278, 50.224079994352834], [-3.7805599901439937, 50.224039994352815], [-3.780569990144013, 50.22400999435279], [-3.7806299901440577, 50.22399999435277], [-3.7805999901440948, 50.22387999435268], [-3.780669990144324, 50.223499994352416], [-3.7807499901443746, 50.2234899943524], [-3.781599990144817, 50.22368999435252], [-3.781429990144834, 50.22342999435234], [-3.7814699901448647, 50.223419994352305], [-3.7812699901448714, 50.22313999435213], [-3.7812799901448813, 50.223129994352114], [-3.782189990145875, 50.222249994351415], [-3.781989990145788, 50.22216999435137], [-3.781839990145844, 50.22184999435113], [-3.782149990146294, 50.22131999435071], [-3.780929990146503, 50.21926999434919], [-3.7812399901469975, 50.21863999434872], [-3.7809399901470533, 50.218129994348345], [-3.780979990147151, 50.21797999434821], [-3.780749990147105, 50.21776999434807], [-3.7811099901475345, 50.21733999434771], [-3.7811599901475774, 50.217319994347726], [-3.781139990147577, 50.21729999434771], [-3.7811699901476143, 50.217259994347664], [-3.780849990147785, 50.21647999434708], [-3.781339990148141, 50.216379994347], [-3.781019990148153, 50.215929994346666], [-3.781009990148163, 50.215899994346664], [-3.7809199901482478, 50.21559999434645], [-3.7810399901483414, 50.2155599943464], [-3.781279990148488, 50.21556999434639], [-3.7818599901487215, 50.2158499943466], [-3.781749990148828, 50.215479994346325], [-3.782289990149189, 50.21542999434626], [-3.7823599901492257, 50.21544999434629], [-3.782679990149447, 50.215409994346246], [-3.7843699901504575, 50.215519994346266], [-3.784389464296281, 50.21550295458628], [-3.7880521337878297, 50.220524259140106]]]}}, {"type": "Feature", "properties": {"type": "postcode-cell", "postcode": "TQ7 3AZ", "postcodes": ["TQ7 3AZ"]}, "geometry": {"type": "Polygon", "coordinates": [[[-3.7868052651823576, 50.2744355375506], [-3.7807051424889555, 50.27635784687369], [-3.773670259384006, 50.27353629770837], [-3.7731299901161153, 50.27270999438989], [-3.7725099901161245, 50.271869994389256], [-3.773389990117079, 50.2710299943886], [-3.7753699901186715, 50.270309994388], [-3.7752080134139456, 50.270084639419764], [-3.7839655402577077, 50.26966686279284], [-3.7868052651823576, 50.2744355375506]]]}}, {"type": "Feature", "properties": {"type": "postcode-cell", "postcode": "TQ8 8NB", "postcodes": ["TQ8 8NB"]}, "geometry": {"type": "Polygon", "coordinates": [[[-3.7864560449251203, 50.237923987683224], [-3.786056836266891, 50.24187084073376], [-3.782708258327535, 50.24157466181721], [-3.782349223618713, 50.24133109164517], [-3.780220210628864, 50.23965684581004], [-3.780149683549769, 50.23844268864252], [-3.78017414140436, 50.23842283265651], [-3.7849752497080353, 50.237619296682645], [-3.7864560449251203, 50.237923987683224]]]}}, {"type": "Feature", "properties": {"type": "postcode-cell", "postcode": "TQ8 8NY", "postcodes": ["TQ8 8NY"]}, "geometry": {"type": "Polygon", "coordinates": [[[-3.7830979647792162, 50.23439348538363], [-3.782915132937811, 50.23664791190011], [-3.7818953142730614, 50.23638962866809], [-3.7821447789551033, 50.2341393133249], [-3.7830979647792162, 50.23439348538363]]]}}, {"type": "Feature", "properties": {"type": "postcode-cell", "postcode": "TQ8 8NT", "postcodes": ["TQ8 8NT"]}, "geometry": {"type": "Polygon", "coordinates": [[[-3.7849752497080353, 50.237619296682645], [-3.78017414140436, 50.23842283265651], [-3.780037273527718, 50.237358558262585], [-3.7817016178129896, 50.236373880435046], [-3.7818953142730614, 50.23638962866809], [-3.782915132937811, 50.23664791190011], [-3.7849752497080353, 50.237619296682645]]]}}, {"type": "Feature", "properties": {"type": "postcode-cell", "postcode": "TQ8 8JT", "postcodes": ["TQ8 8JT"]}, "geometry": {"type": "Polygon", "coordinates": [[[-3.7820871920037744, 50.232620534273856], [-3.7813819009551097, 50.23247544505197], [-3.7802644131570284, 50.230317583107386], [-3.7860417310053602, 50.23111393262259], [-3.7820871920037744, 50.232620534273856]]]}}, {"type": "Feature", "properties": {"type": "postcode-cell", "postcode": "TQ8 8JW", "postcodes": ["TQ8 8JW"]}, "geometry": {"type": "Polygon", "coordinates": [[[-3.7821109820693986, 50.23412298051779], [-3.780755556039307, 50.23444543931029], [-3.7800364460525797, 50.23418338438417], [-3.779723764461324, 50.232646654561144], [-3.7813819009551097, 50.23247544505197], [-3.7820871920037744, 50.232620534273856], [-3.7821109820693986, 50.23412298051779]]]}}, {"type": "Feature", "properties": {"type": "postcode-cell", "postcode": "TQ8 8NU", "postcodes": ["TQ8 8NU"]}, "geometry": {"type": "Polygon", "coordinates": [[[-3.7821447789551033, 50.2341393133249], [-3.7818953142730614, 50.23638962866809], [-3.7817016178129896, 50.236373880435046], [-3.7809224456546744, 50.23601265752565], [-3.7804570411804175, 50.2350878298727], [-3.780755556039307, 50.23444543931029], [-3.7821109820693986, 50.23412298051779], [-3.7821447789551033, 50.2341393133249]]]}}, {"type": "Feature", "properties": {"type": "postcode-cell", "postcode": "TQ8 8AW", "postcodes": ["TQ8 8AW"]}, "geometry": {"type": "Polygon", "coordinates": [[[-3.777479145605597, 50.23377793589642], [-3.7791832418562556, 50.234224802116636], [-3.778907727056928, 50.23494469495487], [-3.7779584089106097, 50.234970180658216], [-3.776870600426205, 50.23426749082988], [-3.777479145605597, 50.23377793589642]]]}}, {"type": "Feature", "properties": {"type": "postcode-cell", "postcode": "TQ8 8AR", "postcodes": ["TQ8 8AR"]}, "geometry": {"type": "Polygon", "coordinates": [[[-3.776870600426205, 50.23426749082988], [-3.776372498435772, 50.23443476552261], [-3.776290842777392, 50.234451308579864], [-3.77620013693394, 50.234431621799864], [-3.775996510579362, 50.23434386040617], [-3.7738317962472308, 50.2330204840444], [-3.7738182353127887, 50.232955294512514], [-3.7751533675478286, 50.232447059248486], [-3.7756397235453645, 50.2325610830367], [-3.7775194255727245, 50.23359472845572], [-3.777479145605597, 50.23377793589642], [-3.776870600426205, 50.23426749082988]]]}}, {"type": "Feature", "properties": {"type": "postcode-cell", "postcode": "TQ8 8JP", "postcodes": ["TQ8 8JP"]}, "geometry": {"type": "Polygon", "coordinates": [[[-3.7802644131570284, 50.230317583107386], [-3.7813819009551097, 50.23247544505197], [-3.779723764461324, 50.232646654561144], [-3.7786888608921507, 50.23246010212246], [-3.778348991350792, 50.23195689799692], [-3.777602044181621, 50.22931397724001], [-3.7782354308649158, 50.2294114338253], [-3.7802644131570284, 50.230317583107386]]]}}, {"type": "Feature", "properties": {"type": "postcode-cell", "postcode": "TQ8 8NQ", "postcodes": ["TQ8 8NQ"]}, "geometry": {"type": "Polygon", "coordinates": [[[-3.7653292222379493, 50.24625280165101], [-3.7726935659541025, 50.248554921865434], [-3.773177363481212, 50.24888496540242], [-3.7767488630929784, 50.25499158240492], [-3.773889990125298, 50.254439994376], [-3.7725999901244127, 50.25458999437615], [-3.769229990122529, 50.25408999437585], [-3.7661099901204906, 50.254239994376064], [-3.7648799901198404, 50.253979994375875], [-3.7643299901198, 50.253339994375416], [-3.7643699901202052, 50.252539994374814], [-3.7652699901213023, 50.251429994373936], [-3.766179990122048, 50.25106999437364], [-3.764889990121176, 50.251189994373775], [-3.764689990121217, 50.25083999437351], [-3.7637099901206397, 50.250759994373475], [-3.7624099901201413, 50.25008999437302], [-3.7612799901201406, 50.248599994371894], [-3.7591999901192605, 50.24769999437128], [-3.760529990120615, 50.24661999437044], [-3.7613319834758037, 50.2459767310969], [-3.7653292222379493, 50.24625280165101]]]}}, {"type": "Feature", "properties": {"type": "postcode-cell", "postcode": "TQ8 8LZ", "postcodes": ["TQ8 8LZ"]}, "geometry": {"type": "Polygon", "coordinates": [[[-3.78017414140436, 50.23842283265651], [-3.780149683549769, 50.23844268864252], [-3.778485307896508, 50.23827339006537], [-3.7782639883312634, 50.23763520942631], [-3.7783317614657355, 50.23706752799673], [-3.7787748348933485, 50.236789291190334], [-3.780037273527718, 50.237358558262585], [-3.78017414140436, 50.23842283265651]]]}}, {"type": "Feature", "properties": {"type": "postcode-cell", "postcode": "TQ8 8NX", "postcodes": ["TQ8 8NX"]}, "geometry": {"type": "Polygon", "coordinates": [[[-3.7809224456546744, 50.23601265752565], [-3.7788950911260097, 50.23624954758682], [-3.7795656774522244, 50.23522312665366], [-3.7804570411804175, 50.2350878298727], [-3.7809224456546744, 50.23601265752565]]]}}, {"type": "Feature", "properties": {"type": "postcode-cell", "postcode": "TQ8 8LX", "postcodes": ["TQ8 8LX"]}, "geometry": {"type": "Polygon", "coordinates": [[[-3.7817016178129896, 50.236373880435046], [-3.780037273527718, 50.237358558262585], [-3.7787748348933485, 50.236789291190334], [-3.77877865820854, 50.236315093372056], [-3.7788282326449316, 50.236271458785765], [-3.7788950911260097, 50.23624954758682], [-3.7809224456546744, 50.23601265752565], [-3.7817016178129896, 50.236373880435046]]]}}, {"type": "Feature", "properties": {"type": "postcode-cell", "postcode": "TQ7 3GD", "postcodes": ["TQ7 3GD"]}, "geometry": {"type": "Polygon", "coordinates": [[[-3.7839655402577077, 50.26966686279284], [-3.7752080134139456, 50.270084639419764], [-3.7746799901186927, 50.26934999438729], [-3.772329990117201, 50.26936999438739], [-3.77125999011633, 50.269779994387704], [-3.7702599901157967, 50.26957999438758], [-3.7711999901167923, 50.26872999438691], [-3.771479990117169, 50.268309994386584], [-3.771310725129606, 50.267650752994236], [-3.777120225519766, 50.265849231419416], [-3.783298135867514, 50.26524324568816], [-3.785413150833173, 50.26847021428208], [-3.7839655402577077, 50.26966686279284]]]}}, {"type": "Feature", "properties": {"type": "postcode-cell", "postcode": "TQ8 8BP", "postcodes": ["TQ8 8BP"]}, "geometry": {"type": "Polygon", "coordinates": [[[-3.7779584089106097, 50.234970180658216], [-3.778077865566467, 50.23534222188214], [-3.777500183378205, 50.23562638843216], [-3.777359574482655, 50.23559763991496], [-3.776372498435772, 50.23443476552261], [-3.776870600426205, 50.23426749082988], [-3.7779584089106097, 50.234970180658216]]]}}, {"type": "Feature", "properties": {"type": "postcode-cell", "postcode": "TQ7 3BA", "postcodes": ["TQ7 3BA"]}, "geometry": {"type": "MultiPolygon", "coordinates": [[[[-3.7836212489783563, 50.259593016308095], [-3.781778807659811, 50.26136627811178], [-3.7811999901266864, 50.26119999438095], [-3.77919999012543, 50.26118999438097], [-3.777579990124609, 50.2607699943807], [-3.7768999901241136, 50.260909994380825], [-3.7762899901240132, 50.260309994380385], [-3.7766299901247096, 50.259299994379624], [-3.7763999901249927, 50.258399994378955], [-3.7750399901243736, 50.2578999943786], [-3.77405999012418, 50.25700999437795], [-3.775929990125301, 50.25712999437798], [-3.7784719278094747, 50.25660071408268], [-3.7836212489783563, 50.259593016308095]]], [[[-3.777120225519766, 50.265849231419416], [-3.771310725129606, 50.267650752994236], [-3.7712899901174004, 50.26756999438604], [-3.7704199901171718, 50.26689999438553], [-3.7690899901165107, 50.26652999438529], [-3.76913999011681, 50.26596999438487], [-3.7673399901163926, 50.264459994383785], [-3.7672799901170086, 50.26308999438274], [-3.769469990119584, 50.26057999438078], [-3.771909990121356, 50.26008999438032], [-3.775299990122693, 50.2617699943815], [-3.780989990126239, 50.26185999438144], [-3.781188623133645, 50.26193426890044], [-3.777120225519766, 50.265849231419416]]]]}}, {"type": "Feature", "properties": {"type": "postcode-cell", "postcode": "TQ8 8LY", "postcodes": ["TQ8 8LY"]}, "geometry": {"type": "Polygon", "coordinates": [[[-3.7788950911260097, 50.23624954758682], [-3.7788282326449316, 50.236271458785765], [-3.7784773255168362, 50.23558189052089], [-3.7791060953574145, 50.23511167835668], [-3.7795656774522244, 50.23522312665366], [-3.7788950911260097, 50.23624954758682]]]}}, {"type": "Feature", "properties": {"type": "postcode-cell", "postcode": "TQ8 8AA", "postcodes": ["TQ8 8AA"]}, "geometry": {"type": "Polygon", "coordinates": [[[-3.7804570411804175, 50.2350878298727], [-3.7795656774522244, 50.23522312665366], [-3.7791060953574145, 50.23511167835668], [-3.778907727056928, 50.23494469495487], [-3.7791832418562556, 50.234224802116636], [-3.7800364460525797, 50.23418338438417], [-3.780755556039307, 50.23444543931029], [-3.7804570411804175, 50.2350878298727]]]}}, {"type": "Feature", "properties": {"type": "postcode-cell", "postcode": "TQ8 8NG", "postcodes": ["TQ8 8NG"]}, "geometry": {"type": "Polygon", "coordinates": [[[-3.7769433045427183, 50.255029094706124], [-3.7767488630929784, 50.25499158240492], [-3.773177363481212, 50.24888496540242], [-3.779559962275589, 50.24578416989654], [-3.785519016405657, 50.24630687477222], [-3.7769433045427183, 50.255029094706124]]]}}, {"type": "Feature", "properties": {"type": "postcode-cell", "postcode": "TQ8 8AP", "postcodes": ["TQ8 8AP"]}, "geometry": {"type": "Polygon", "coordinates": [[[-3.7800364460525797, 50.23418338438417], [-3.7791832418562556, 50.234224802116636], [-3.777479145605597, 50.23377793589642], [-3.7775194255727245, 50.23359472845572], [-3.7786888608921507, 50.23246010212246], [-3.779723764461324, 50.232646654561144], [-3.7800364460525797, 50.23418338438417]]]}}, {"type": "Feature", "properties": {"type": "postcode-cell", "postcode": "TQ8 8FH", "postcodes": ["TQ8 8FH"]}, "geometry": {"type": "Polygon", "coordinates": [[[-3.782349223618713, 50.24133109164517], [-3.7787633759781216, 50.24064435455127], [-3.7784299229413096, 50.23978505401198], [-3.780220210628864, 50.23965684581004], [-3.782349223618713, 50.24133109164517]]]}}, {"type": "Feature", "properties": {"type": "postcode-cell", "postcode": "TQ8 8FF", "postcodes": ["TQ8 8FF"]}, "geometry": {"type": "Polygon", "coordinates": [[[-3.777657539326322, 50.240526328918016], [-3.7769215814602726, 50.24146288722644], [-3.7753773987758192, 50.24171868957454], [-3.7746825222520175, 50.24147446726609], [-3.7747042377973425, 50.24137519183614], [-3.775717514237718, 50.24039440265653], [-3.7775902026600336, 50.24010568025367], [-3.777657539326322, 50.240526328918016]]]}}, {"type": "Feature", "properties": {"type": "postcode-cell", "postcode": "TQ8 8FG", "postcodes": ["TQ8 8FG"]}, "geometry": {"type": "Polygon", "coordinates": [[[-3.7775902026600336, 50.24010568025367], [-3.7777627320312686, 50.23988622289441], [-3.7780467189265394, 50.23977900288649], [-3.7784299229413096, 50.23978505401198], [-3.7787633759781216, 50.24064435455127], [-3.778223182501695, 50.240761659604935], [-3.777657539326322, 50.240526328918016], [-3.7775902026600336, 50.24010568025367]]]}}, {"type": "Feature", "properties": {"type": "postcode-cell", "postcode": "TQ8 8FJ", "postcodes": ["TQ8 8FJ"]}, "geometry": {"type": "Polygon", "coordinates": [[[-3.782708258327535, 50.24157466181721], [-3.780051682979975, 50.242272902417135], [-3.77923658115689, 50.24196416666904], [-3.778223182501695, 50.240761659604935], [-3.7787633759781216, 50.24064435455127], [-3.782349223618713, 50.24133109164517], [-3.782708258327535, 50.24157466181721]]]}}, {"type": "Feature", "properties": {"type": "postcode-cell", "postcode": "TQ8 8GA", "postcodes": ["TQ8 8GA"]}, "geometry": {"type": "Polygon", "coordinates": [[[-3.7791060953574145, 50.23511167835668], [-3.7784773255168362, 50.23558189052089], [-3.778077865566467, 50.23534222188214], [-3.7779584089106097, 50.234970180658216], [-3.778907727056928, 50.23494469495487], [-3.7791060953574145, 50.23511167835668]]]}}, {"type": "Feature", "properties": {"type": "postcode-cell", "postcode": "TQ8 8AB", "postcodes": ["TQ8 8AB"]}, "geometry": {"type": "Polygon", "coordinates": [[[-3.7788282326449316, 50.236271458785765], [-3.77877865820854, 50.236315093372056], [-3.7778626223303307, 50.23618031702321], [-3.777500183378205, 50.23562638843216], [-3.778077865566467, 50.23534222188214], [-3.7784773255168362, 50.23558189052089], [-3.7788282326449316, 50.236271458785765]]]}}, {"type": "Feature", "properties": {"type": "postcode-cell", "postcode": "TQ8 8AD", "postcodes": ["TQ8 8AD"]}, "geometry": {"type": "Polygon", "coordinates": [[[-3.7787748348933485, 50.236789291190334], [-3.7783317614657355, 50.23706752799673], [-3.7772523454935993, 50.23706960981648], [-3.776937189764012, 50.236799216576465], [-3.7775364736273382, 50.23623078089172], [-3.7778626223303307, 50.23618031702321], [-3.77877865820854, 50.236315093372056], [-3.7787748348933485, 50.236789291190334]]]}}, {"type": "Feature", "properties": {"type": "postcode-cell", "postcode": "TQ8 8ND", "postcodes": ["TQ8 8ND"]}, "geometry": {"type": "Polygon", "coordinates": [[[-3.780051682979975, 50.242272902417135], [-3.7790702038532604, 50.24305281844093], [-3.775680037950101, 50.242121121453806], [-3.7753773987758192, 50.24171868957454], [-3.7769215814602726, 50.24146288722644], [-3.77923658115689, 50.24196416666904], [-3.780051682979975, 50.242272902417135]]]}}, {"type": "Feature", "properties": {"type": "postcode-cell", "postcode": "TQ8 8NA", "postcodes": ["TQ8 8NA"]}, "geometry": {"type": "Polygon", "coordinates": [[[-3.780220210628864, 50.23965684581004], [-3.7784299229413096, 50.23978505401198], [-3.7780467189265394, 50.23977900288649], [-3.7778501715875943, 50.23848644075302], [-3.778485307896508, 50.23827339006537], [-3.780149683549769, 50.23844268864252], [-3.780220210628864, 50.23965684581004]]]}}, {"type": "Feature", "properties": {"type": "postcode-cell", "postcode": "TQ8 8JN", "postcodes": ["TQ8 8JN"]}, "geometry": {"type": "Polygon", "coordinates": [[[-3.7775194255727245, 50.23359472845572], [-3.7756397235453645, 50.2325610830367], [-3.778348991350792, 50.23195689799692], [-3.7786888608921507, 50.23246010212246], [-3.7775194255727245, 50.23359472845572]]]}}, {"type": "Feature", "properties": {"type": "postcode-cell", "postcode": "TQ8 8FL", "postcodes": ["TQ8 8FL"]}, "geometry": {"type": "Polygon", "coordinates": [[[-3.77923658115689, 50.24196416666904], [-3.7769215814602726, 50.24146288722644], [-3.777657539326322, 50.240526328918016], [-3.778223182501695, 50.240761659604935], [-3.77923658115689, 50.24196416666904]]]}}, {"type": "Feature", "properties": {"type": "postcode-cell", "postcode": "TQ8 8BN", "postcodes": ["TQ8 8BN"]}, "geometry": {"type": "Polygon", "coordinates": [[[-3.7778626223303307, 50.23618031702321], [-3.7775364736273382, 50.23623078089172], [-3.776860281635597, 50.236042236975706], [-3.776851892818177, 50.23581898298617], [-3.777359574482655, 50.23559763991496], [-3.777500183378205, 50.23562638843216], [-3.7778626223303307, 50.23618031702321]]]}}, {"type": "Feature", "properties": {"type": "postcode-cell", "postcode": "TQ8 8FP", "postcodes": ["TQ8 8FP"]}, "geometry": {"type": "Polygon", "coordinates": [[[-3.7777627320312686, 50.23988622289441], [-3.7763437917025446, 50.239258674329115], [-3.7764786291500383, 50.23882289716173], [-3.777199506882243, 50.23842753220819], [-3.7778501715875943, 50.23848644075302], [-3.7780467189265394, 50.23977900288649], [-3.7777627320312686, 50.23988622289441]]]}}, {"type": "Feature", "properties": {"type": "postcode-cell", "postcode": "TQ8 8AE", "postcodes": ["TQ8 8AE"]}, "geometry": {"type": "Polygon", "coordinates": [[[-3.7778501715875943, 50.23848644075302], [-3.777199506882243, 50.23842753220819], [-3.776947969103152, 50.23813423736862], [-3.777389902542577, 50.237629884557336], [-3.7782639883312634, 50.23763520942631], [-3.778485307896508, 50.23827339006537], [-3.7778501715875943, 50.23848644075302]]]}}, {"type": "Feature", "properties": {"type": "postcode-cell", "postcode": "TQ8 8AF", "postcodes": ["TQ8 8AF"]}, "geometry": {"type": "Polygon", "coordinates": [[[-3.7782639883312634, 50.23763520942631], [-3.777389902542577, 50.237629884557336], [-3.7771475936626873, 50.237198270625456], [-3.7772523454935993, 50.23706960981648], [-3.7783317614657355, 50.23706752799673], [-3.7782639883312634, 50.23763520942631]]]}}, {"type": "Feature", "properties": {"type": "postcode-cell", "postcode": "TQ8 8AJ", "postcodes": ["TQ8 8AJ"]}, "geometry": {"type": "Polygon", "coordinates": [[[-3.7771475936626873, 50.237198270625456], [-3.776216622488682, 50.237693276141144], [-3.7761462618397665, 50.23768321002781], [-3.7758658375126495, 50.23740644623343], [-3.7759207959192587, 50.23658158043444], [-3.776937189764012, 50.236799216576465], [-3.7772523454935993, 50.23706960981648], [-3.7771475936626873, 50.237198270625456]]]}}, {"type": "Feature", "properties": {"type": "postcode-cell", "postcode": "TQ8 8AN", "postcodes": ["TQ8 8AN"]}, "geometry": {"type": "Polygon", "coordinates": [[[-3.777359574482655, 50.23559763991496], [-3.776851892818177, 50.23581898298617], [-3.775969365098901, 50.235215417157775], [-3.776290842777392, 50.234451308579864], [-3.776372498435772, 50.23443476552261], [-3.777359574482655, 50.23559763991496]]]}}, {"type": "Feature", "properties": {"type": "postcode-cell", "postcode": "TQ8 8NE", "postcodes": ["TQ8 8NE"]}, "geometry": {"type": "Polygon", "coordinates": [[[-3.7784448856508215, 50.243951310471914], [-3.7770434764277194, 50.24377444795172], [-3.7758606622319504, 50.24297956898011], [-3.775680037950101, 50.242121121453806], [-3.7790702038532604, 50.24305281844093], [-3.7784448856508215, 50.243951310471914]]]}}, {"type": "Feature", "properties": {"type": "postcode-cell", "postcode": "TQ8 8AL", "postcodes": ["TQ8 8AL"]}, "geometry": {"type": "Polygon", "coordinates": [[[-3.776937189764012, 50.236799216576465], [-3.7759207959192587, 50.23658158043444], [-3.775871483790576, 50.23653575388375], [-3.7759332822155955, 50.236423581623896], [-3.776860281635597, 50.236042236975706], [-3.7775364736273382, 50.23623078089172], [-3.776937189764012, 50.236799216576465]]]}}, {"type": "Feature", "properties": {"type": "postcode-cell", "postcode": "TQ8 8AG", "postcodes": ["TQ8 8AG"]}, "geometry": {"type": "Polygon", "coordinates": [[[-3.776947969103152, 50.23813423736862], [-3.776216622488682, 50.237693276141144], [-3.7771475936626873, 50.237198270625456], [-3.777389902542577, 50.237629884557336], [-3.776947969103152, 50.23813423736862]]]}}, {"type": "Feature", "properties": {"type": "postcode-cell", "postcode": "TQ8 8NS", "postcodes": ["TQ8 8NS"]}, "geometry": {"type": "Polygon", "coordinates": [[[-3.7717041597054717, 50.24219712258219], [-3.7716809784639946, 50.24217115581092], [-3.7725189891730024, 50.23989597209034], [-3.772954185705675, 50.239680736025605], [-3.773124833608232, 50.239677388235584], [-3.7743428316310457, 50.240731292907554], [-3.7747042377973425, 50.24137519183614], [-3.7746825222520175, 50.24147446726609], [-3.771806574521221, 50.24220768009055], [-3.7717041597054717, 50.24219712258219]]]}}, {"type": "Feature", "properties": {"type": "postcode-cell", "postcode": "TQ8 8NP", "postcodes": ["TQ8 8NP"]}, "geometry": {"type": "MultiPolygon", "coordinates": [[[[-3.771806574521221, 50.24220768009055], [-3.772861494441973, 50.243178624031536], [-3.7703162864468562, 50.24308016301855], [-3.7717041597054717, 50.24219712258219], [-3.771806574521221, 50.24220768009055]]], [[[-3.773721803592107, 50.24612147326399], [-3.7726935659541025, 50.248554921865434], [-3.7653292222379493, 50.24625280165101], [-3.7691538819304036, 50.24381971042002], [-3.770499990128134, 50.244009994368184], [-3.7710099901281495, 50.24464999436865], [-3.7716499901284877, 50.24478999436874], [-3.771859990128982, 50.24402999436818], [-3.7734174069549025, 50.2439126368375], [-3.773721803592107, 50.24612147326399]]]]}}, {"type": "Feature", "properties": {"type": "postcode-cell", "postcode": "TQ8 8NH", "postcodes": ["TQ8 8NH"]}, "geometry": {"type": "Polygon", "coordinates": [[[-3.779559962275589, 50.24578416989654], [-3.773177363481212, 50.24888496540242], [-3.7726935659541025, 50.248554921865434], [-3.773721803592107, 50.24612147326399], [-3.7750617913939832, 50.24510584353188], [-3.7786435088551236, 50.24445011028841], [-3.779559962275589, 50.24578416989654]]]}}, {"type": "Feature", "properties": {"type": "postcode-cell", "postcode": "TQ8 8EL", "postcodes": ["TQ8 8EL"]}, "geometry": {"type": "Polygon", "coordinates": [[[-3.7775902026600336, 50.24010568025367], [-3.775717514237718, 50.24039440265653], [-3.7757091694043705, 50.23951172383837], [-3.7763437917025446, 50.239258674329115], [-3.7777627320312686, 50.23988622289441], [-3.7775902026600336, 50.24010568025367]]]}}, {"type": "Feature", "properties": {"type": "postcode-cell", "postcode": "TQ8 8AQ", "postcodes": ["TQ8 8AQ"]}, "geometry": {"type": "Polygon", "coordinates": [[[-3.777199506882243, 50.23842753220819], [-3.7764786291500383, 50.23882289716173], [-3.7760998324127244, 50.238684914675495], [-3.7758399902020425, 50.23839049222249], [-3.7759678427768875, 50.23779597905187], [-3.7761462618397665, 50.23768321002781], [-3.776216622488682, 50.237693276141144], [-3.776947969103152, 50.23813423736862], [-3.777199506882243, 50.23842753220819]]]}}, {"type": "Feature", "properties": {"type": "postcode-cell", "postcode": "TQ8 8JL", "postcodes": ["TQ8 8JL"]}, "geometry": {"type": "Polygon", "coordinates": [[[-3.778348991350792, 50.23195689799692], [-3.7756397235453645, 50.2325610830367], [-3.7751533675478286, 50.232447059248486], [-3.7766234944039887, 50.2293288880965], [-3.777452996078359, 50.229240500315676], [-3.777602044181621, 50.22931397724001], [-3.778348991350792, 50.23195689799692]]]}}, {"type": "Feature", "properties": {"type": "postcode-cell", "postcode": "TQ8 8AU", "postcodes": ["TQ8 8AU"]}, "geometry": {"type": "Polygon", "coordinates": [[[-3.7759332822155955, 50.236423581623896], [-3.775723389112295, 50.23545138499453], [-3.775969365098901, 50.235215417157775], [-3.776851892818177, 50.23581898298617], [-3.776860281635597, 50.236042236975706], [-3.7759332822155955, 50.236423581623896]]]}}, {"type": "Feature", "properties": {"type": "postcode-cell", "postcode": "TQ8 8NR", "postcodes": ["TQ8 8NR"]}, "geometry": {"type": "Polygon", "coordinates": [[[-3.7753773987758192, 50.24171868957454], [-3.775680037950101, 50.242121121453806], [-3.7758606622319504, 50.24297956898011], [-3.77485877035999, 50.243552444776164], [-3.774189990130831, 50.24322999436749], [-3.772861494441973, 50.243178624031536], [-3.771806574521221, 50.24220768009055], [-3.7746825222520175, 50.24147446726609], [-3.7753773987758192, 50.24171868957454]]]}}, {"type": "Feature", "properties": {"type": "postcode-cell", "postcode": "TQ8 8JU", "postcodes": ["TQ8 8JU"]}, "geometry": {"type": "Polygon", "coordinates": [[[-3.7751533675478286, 50.232447059248486], [-3.7738182353127887, 50.232955294512514], [-3.773110365816059, 50.23261670870445], [-3.772295965690558, 50.23199539268279], [-3.774309990136517, 50.23146999435862], [-3.775769990138142, 50.22998999435746], [-3.7760499901386027, 50.22938999435698], [-3.7766234944039887, 50.2293288880965], [-3.7751533675478286, 50.232447059248486]]]}}, {"type": "Feature", "properties": {"type": "postcode-cell", "postcode": "TQ8 8AS", "postcodes": ["TQ8 8AS"]}, "geometry": {"type": "Polygon", "coordinates": [[[-3.775723389112295, 50.23545138499453], [-3.774270962699631, 50.23572885512273], [-3.7738696516275088, 50.23516220344547], [-3.77620013693394, 50.234431621799864], [-3.776290842777392, 50.234451308579864], [-3.775969365098901, 50.235215417157775], [-3.775723389112295, 50.23545138499453]]]}}, {"type": "Feature", "properties": {"type": "postcode-cell", "postcode": "TQ8 8AX", "postcodes": ["TQ8 8AX"]}, "geometry": {"type": "Polygon", "coordinates": [[[-3.775871483790576, 50.23653575388375], [-3.7745174100165957, 50.23655001102043], [-3.7740970432046748, 50.23616594102621], [-3.774270962699631, 50.23572885512273], [-3.775723389112295, 50.23545138499453], [-3.7759332822155955, 50.236423581623896], [-3.775871483790576, 50.23653575388375]]]}}, {"type": "Feature", "properties": {"type": "postcode-cell", "postcode": "TQ8 8EF", "postcodes": ["TQ8 8EF"]}, "geometry": {"type": "Polygon", "coordinates": [[[-3.7763437917025446, 50.239258674329115], [-3.7757091694043705, 50.23951172383837], [-3.775173146964803, 50.23936751278919], [-3.7746420098264766, 50.238794916709345], [-3.77469919422557, 50.238725870057024], [-3.7760998324127244, 50.238684914675495], [-3.7764786291500383, 50.23882289716173], [-3.7763437917025446, 50.239258674329115]]]}}, {"type": "Feature", "properties": {"type": "postcode-cell", "postcode": "TQ8 8NJ", "postcodes": ["TQ8 8NJ"]}, "geometry": {"type": "Polygon", "coordinates": [[[-3.7786435088551236, 50.24445011028841], [-3.7750617913939832, 50.24510584353188], [-3.7752574188788754, 50.24486013763499], [-3.776768951335801, 50.243877342184966], [-3.7770434764277194, 50.24377444795172], [-3.7784448856508215, 50.243951310471914], [-3.7786435088551236, 50.24445011028841]]]}}, {"type": "Feature", "properties": {"type": "postcode-cell", "postcode": "TQ8 8NL", "postcodes": ["TQ8 8NL"]}, "geometry": {"type": "Polygon", "coordinates": [[[-3.7752574188788754, 50.24486013763499], [-3.7752512465086694, 50.24389941307581], [-3.776768951335801, 50.243877342184966], [-3.7752574188788754, 50.24486013763499]]]}}, {"type": "Feature", "properties": {"type": "postcode-cell", "postcode": "TQ8 8NN", "postcodes": ["TQ8 8NN"]}, "geometry": {"type": "Polygon", "coordinates": [[[-3.7770434764277194, 50.24377444795172], [-3.776768951335801, 50.243877342184966], [-3.7752512465086694, 50.24389941307581], [-3.775102995863182, 50.2437855968995], [-3.7753099901312774, 50.24376999436786], [-3.77485877035999, 50.243552444776164], [-3.7758606622319504, 50.24297956898011], [-3.7770434764277194, 50.24377444795172]]]}}, {"type": "Feature", "properties": {"type": "postcode-cell", "postcode": "TQ8 8EE", "postcodes": ["TQ8 8EE"]}, "geometry": {"type": "Polygon", "coordinates": [[[-3.775717514237718, 50.24039440265653], [-3.7747042377973425, 50.24137519183614], [-3.7743428316310457, 50.240731292907554], [-3.7745513755295614, 50.23966666091967], [-3.775173146964803, 50.23936751278919], [-3.7757091694043705, 50.23951172383837], [-3.775717514237718, 50.24039440265653]]]}}, {"type": "Feature", "properties": {"type": "postcode-cell", "postcode": "TQ8 8AZ", "postcodes": ["TQ8 8AZ"]}, "geometry": {"type": "Polygon", "coordinates": [[[-3.7758399902020425, 50.23839049222249], [-3.775199666777744, 50.23831509368315], [-3.7754742315869207, 50.237939945245216], [-3.7759678427768875, 50.23779597905187], [-3.7758399902020425, 50.23839049222249]]]}}, {"type": "Feature", "properties": {"type": "postcode-cell", "postcode": "TQ8 8AH", "postcodes": ["TQ8 8AH"]}, "geometry": {"type": "Polygon", "coordinates": [[[-3.7759678427768875, 50.23779597905187], [-3.7754742315869207, 50.237939945245216], [-3.7744694722770338, 50.2377366231812], [-3.7744564980789823, 50.23738530889137], [-3.7758658375126495, 50.23740644623343], [-3.7761462618397665, 50.23768321002781], [-3.7759678427768875, 50.23779597905187]]]}}, {"type": "Feature", "properties": {"type": "postcode-cell", "postcode": "TQ8 8AY", "postcodes": ["TQ8 8AY"]}, "geometry": {"type": "Polygon", "coordinates": [[[-3.7759207959192587, 50.23658158043444], [-3.7758658375126495, 50.23740644623343], [-3.7744564980789823, 50.23738530889137], [-3.7742443657228324, 50.23716168889816], [-3.7745174100165957, 50.23655001102043], [-3.775871483790576, 50.23653575388375], [-3.7759207959192587, 50.23658158043444]]]}}, {"type": "Feature", "properties": {"type": "postcode-cell", "postcode": "TQ8 8EG", "postcodes": ["TQ8 8EG"]}, "geometry": {"type": "Polygon", "coordinates": [[[-3.7758399902020425, 50.23839049222249], [-3.7760998324127244, 50.238684914675495], [-3.77469919422557, 50.238725870057024], [-3.7747353209174137, 50.23853256335012], [-3.775199666777744, 50.23831509368315], [-3.7758399902020425, 50.23839049222249]]]}}, {"type": "Feature", "properties": {"type": "postcode-cell", "postcode": "TQ8 8BW", "postcodes": ["TQ8 8BW"]}, "geometry": {"type": "Polygon", "coordinates": [[[-3.775199666777744, 50.23831509368315], [-3.7747353209174137, 50.23853256335012], [-3.7743272257189675, 50.23795977763961], [-3.7744694722770338, 50.2377366231812], [-3.7754742315869207, 50.237939945245216], [-3.775199666777744, 50.23831509368315]]]}}, {"type": "Feature", "properties": {"type": "postcode-cell", "postcode": "TQ8 8NW", "postcodes": ["TQ8 8NW"]}, "geometry": {"type": "Polygon", "coordinates": [[[-3.7750617913939832, 50.24510584353188], [-3.773721803592107, 50.24612147326399], [-3.7734174069549025, 50.2439126368375], [-3.775102995863182, 50.2437855968995], [-3.7752512465086694, 50.24389941307581], [-3.7752574188788754, 50.24486013763499], [-3.7750617913939832, 50.24510584353188]]]}}, {"type": "Feature", "properties": {"type": "postcode-cell", "postcode": "TQ8 8BL", "postcodes": ["TQ8 8BL"]}, "geometry": {"type": "Polygon", "coordinates": [[[-3.7742443657228324, 50.23716168889816], [-3.7741356976323677, 50.23717479753727], [-3.772890486615925, 50.23701074503229], [-3.7727351564834777, 50.23693907198122], [-3.773325805525223, 50.23621740800014], [-3.7740970432046748, 50.23616594102621], [-3.7745174100165957, 50.23655001102043], [-3.7742443657228324, 50.23716168889816]]]}}, {"type": "Feature", "properties": {"type": "postcode-cell", "postcode": "TQ8 8BA", "postcodes": ["TQ8 8BA"]}, "geometry": {"type": "Polygon", "coordinates": [[[-3.7743272257189675, 50.23795977763961], [-3.7734146400001114, 50.23810891271647], [-3.7732727582139183, 50.23765050873977], [-3.7741356976323677, 50.23717479753727], [-3.7742443657228324, 50.23716168889816], [-3.7744564980789823, 50.23738530889137], [-3.7744694722770338, 50.2377366231812], [-3.7743272257189675, 50.23795977763961]]]}}, {"type": "Feature", "properties": {"type": "postcode-cell", "postcode": "TQ8 8EH", "postcodes": ["TQ8 8EH"]}, "geometry": {"type": "Polygon", "coordinates": [[[-3.7746420098264766, 50.238794916709345], [-3.7739916692579687, 50.23889860621687], [-3.77330284690051, 50.23819709943391], [-3.7734146400001114, 50.23810891271647], [-3.7743272257189675, 50.23795977763961], [-3.7747353209174137, 50.23853256335012], [-3.77469919422557, 50.238725870057024], [-3.7746420098264766, 50.238794916709345]]]}}, {"type": "Feature", "properties": {"type": "postcode-cell", "postcode": "TQ8 8ED", "postcodes": ["TQ8 8ED"]}, "geometry": {"type": "Polygon", "coordinates": [[[-3.775173146964803, 50.23936751278919], [-3.7745513755295614, 50.23966666091967], [-3.773550722344476, 50.23941122358497], [-3.7737494618597434, 50.23905358196825], [-3.7739916692579687, 50.23889860621687], [-3.7746420098264766, 50.238794916709345], [-3.775173146964803, 50.23936751278919]]]}}, {"type": "Feature", "properties": {"type": "postcode-cell", "postcode": "TQ8 8EA", "postcodes": ["TQ8 8EA"]}, "geometry": {"type": "Polygon", "coordinates": [[[-3.773550722344476, 50.23941122358497], [-3.773124833608232, 50.239677388235584], [-3.772954185705675, 50.239680736025605], [-3.7717819078414054, 50.23862397344852], [-3.772044807130271, 50.23852634789802], [-3.7737494618597434, 50.23905358196825], [-3.773550722344476, 50.23941122358497]]]}}, {"type": "Feature", "properties": {"type": "postcode-cell", "postcode": "TQ8 8JD", "postcodes": ["TQ8 8JD"]}, "geometry": {"type": "Polygon", "coordinates": [[[-3.775996510579362, 50.23434386040617], [-3.77620013693394, 50.234431621799864], [-3.7738696516275088, 50.23516220344547], [-3.773463414336334, 50.234965868039836], [-3.773305763657614, 50.23479452337705], [-3.7733733606795883, 50.23455662062951], [-3.775996510579362, 50.23434386040617]]]}}, {"type": "Feature", "properties": {"type": "postcode-cell", "postcode": "TQ8 8HN", "postcodes": ["TQ8 8HN"]}, "geometry": {"type": "Polygon", "coordinates": [[[-3.7733733606795883, 50.23455662062951], [-3.7732835479247164, 50.23382335700457], [-3.7738317962472308, 50.2330204840444], [-3.775996510579362, 50.23434386040617], [-3.7733733606795883, 50.23455662062951]]]}}, {"type": "Feature", "properties": {"type": "postcode-cell", "postcode": "TQ8 8JX", "postcodes": ["TQ8 8JX"]}, "geometry": {"type": "Polygon", "coordinates": [[[-3.773110365816059, 50.23261670870445], [-3.7710921496484686, 50.23377489431673], [-3.7708794942525006, 50.23379449324486], [-3.770273220523241, 50.23358683850582], [-3.7710399901337373, 50.23297999435983], [-3.771679990134151, 50.2329599943598], [-3.772239990134954, 50.232009994359075], [-3.772295965690558, 50.23199539268279], [-3.773110365816059, 50.23261670870445]]]}}, {"type": "Feature", "properties": {"type": "postcode-cell", "postcode": "TQ8 8JJ", "postcodes": ["TQ8 8JJ"]}, "geometry": {"type": "Polygon", "coordinates": [[[-3.7738317962472308, 50.2330204840444], [-3.7732835479247164, 50.23382335700457], [-3.7721445756620873, 50.234020440076605], [-3.7710921496484686, 50.23377489431673], [-3.773110365816059, 50.23261670870445], [-3.7738182353127887, 50.232955294512514], [-3.7738317962472308, 50.2330204840444]]]}}, {"type": "Feature", "properties": {"type": "postcode-cell", "postcode": "TQ8 8AT", "postcodes": ["TQ8 8AT"]}, "geometry": {"type": "Polygon", "coordinates": [[[-3.7740970432046748, 50.23616594102621], [-3.773325805525223, 50.23621740800014], [-3.7725821385144993, 50.23595209518642], [-3.7725541330395447, 50.235850958885614], [-3.773463414336334, 50.234965868039836], [-3.7738696516275088, 50.23516220344547], [-3.774270962699631, 50.23572885512273], [-3.7740970432046748, 50.23616594102621]]]}}, {"type": "Feature", "properties": {"type": "postcode-cell", "postcode": "TQ8 8EB", "postcodes": ["TQ8 8EB"]}, "geometry": {"type": "Polygon", "coordinates": [[[-3.7743428316310457, 50.240731292907554], [-3.773124833608232, 50.239677388235584], [-3.773550722344476, 50.23941122358497], [-3.7745513755295614, 50.23966666091967], [-3.7743428316310457, 50.240731292907554]]]}}, {"type": "Feature", "properties": {"type": "postcode-cell", "postcode": "TQ8 8EQ", "postcodes": ["TQ8 8EQ"]}, "geometry": {"type": "Polygon", "coordinates": [[[-3.7739916692579687, 50.23889860621687], [-3.7737494618597434, 50.23905358196825], [-3.772044807130271, 50.23852634789802], [-3.772174205331997, 50.238440244951185], [-3.772389135191841, 50.23835381171086], [-3.77330284690051, 50.23819709943391], [-3.7739916692579687, 50.23889860621687]]]}}, {"type": "Feature", "properties": {"type": "postcode-cell", "postcode": "TQ8 8BB", "postcodes": ["TQ8 8BB"]}, "geometry": {"type": "Polygon", "coordinates": [[[-3.77330284690051, 50.23819709943391], [-3.772389135191841, 50.23835381171086], [-3.772667920489309, 50.237641802929616], [-3.7730293783464024, 50.23757256684461], [-3.7732727582139183, 50.23765050873977], [-3.7734146400001114, 50.23810891271647], [-3.77330284690051, 50.23819709943391]]]}}, {"type": "Feature", "properties": {"type": "postcode-cell", "postcode": "TQ8 8BQ", "postcodes": ["TQ8 8BQ"]}, "geometry": {"type": "Polygon", "coordinates": [[[-3.7732727582139183, 50.23765050873977], [-3.7730293783464024, 50.23757256684461], [-3.772890486615925, 50.23701074503229], [-3.7741356976323677, 50.23717479753727], [-3.7732727582139183, 50.23765050873977]]]}}, {"type": "Feature", "properties": {"type": "postcode-cell", "postcode": "TQ8 8HW", "postcodes": ["TQ8 8HW"]}, "geometry": {"type": "Polygon", "coordinates": [[[-3.773463414336334, 50.234965868039836], [-3.7725541330395447, 50.235850958885614], [-3.771876382560227, 50.23538746840654], [-3.7719805747667983, 50.23492641601963], [-3.773305763657614, 50.23479452337705], [-3.773463414336334, 50.234965868039836]]]}}, {"type": "Feature", "properties": {"type": "postcode-cell", "postcode": "TQ8 8HJ", "postcodes": ["TQ8 8HJ"]}, "geometry": {"type": "Polygon", "coordinates": [[[-3.773305763657614, 50.23479452337705], [-3.7719805747667983, 50.23492641601963], [-3.771747159562357, 50.234801098198744], [-3.7721445756620873, 50.234020440076605], [-3.7732835479247164, 50.23382335700457], [-3.7733733606795883, 50.23455662062951], [-3.773305763657614, 50.23479452337705]]]}}, {"type": "Feature", "properties": {"type": "postcode-cell", "postcode": "TQ8 8BH", "postcodes": ["TQ8 8BH"]}, "geometry": {"type": "Polygon", "coordinates": [[[-3.7730293783464024, 50.23757256684461], [-3.772667920489309, 50.237641802929616], [-3.7719948780689165, 50.23729160109135], [-3.7718747562084998, 50.23715567725504], [-3.7721480097216853, 50.23698394155321], [-3.7727351564834777, 50.23693907198122], [-3.772890486615925, 50.23701074503229], [-3.7730293783464024, 50.23757256684461]]]}}, {"type": "Feature", "properties": {"type": "postcode-cell", "postcode": "TQ8 8BD", "postcodes": ["TQ8 8BD"]}, "geometry": {"type": "Polygon", "coordinates": [[[-3.772667920489309, 50.237641802929616], [-3.772389135191841, 50.23835381171086], [-3.772174205331997, 50.238440244951185], [-3.7719948780689165, 50.23729160109135], [-3.772667920489309, 50.237641802929616]]]}}, {"type": "Feature", "properties": {"type": "postcode-cell", "postcode": "TQ8 8BE", "postcodes": ["TQ8 8BE"]}, "geometry": {"type": "Polygon", "coordinates": [[[-3.772044807130271, 50.23852634789802], [-3.7717819078414054, 50.23862397344852], [-3.7715466636363875, 50.2386369946191], [-3.7714727078957875, 50.23862717814578], [-3.7711199214585833, 50.237722205651224], [-3.771319807802051, 50.237228858839046], [-3.771412576499906, 50.237206940760316], [-3.7718747562084998, 50.23715567725504], [-3.7719948780689165, 50.23729160109135], [-3.772174205331997, 50.238440244951185], [-3.772044807130271, 50.23852634789802]]]}}, {"type": "Feature", "properties": {"type": "postcode-cell", "postcode": "TQ8 8FB", "postcodes": ["TQ8 8FB"]}, "geometry": {"type": "Polygon", "coordinates": [[[-3.772954185705675, 50.239680736025605], [-3.7725189891730024, 50.23989597209034], [-3.771829829073732, 50.23978868204692], [-3.7716693036648556, 50.23972978708164], [-3.771644269358343, 50.239704929167594], [-3.7715466636363875, 50.2386369946191], [-3.7717819078414054, 50.23862397344852], [-3.772954185705675, 50.239680736025605]]]}}, {"type": "Feature", "properties": {"type": "postcode-cell", "postcode": "TQ8 8BJ", "postcodes": ["TQ8 8BJ"]}, "geometry": {"type": "Polygon", "coordinates": [[[-3.773325805525223, 50.23621740800014], [-3.7727351564834777, 50.23693907198122], [-3.7721480097216853, 50.23698394155321], [-3.771928107405142, 50.23626229084455], [-3.7725821385144993, 50.23595209518642], [-3.773325805525223, 50.23621740800014]]]}}, {"type": "Feature", "properties": {"type": "postcode-cell", "postcode": "TQ8 8HR", "postcodes": ["TQ8 8HR"]}, "geometry": {"type": "Polygon", "coordinates": [[[-3.7725541330395447, 50.235850958885614], [-3.7725821385144993, 50.23595209518642], [-3.771928107405142, 50.23626229084455], [-3.771535967563359, 50.23619936295807], [-3.771262619155745, 50.23562701647129], [-3.771876382560227, 50.23538746840654], [-3.7725541330395447, 50.235850958885614]]]}}, {"type": "Feature", "properties": {"type": "postcode-cell", "postcode": "TQ8 8BG", "postcodes": ["TQ8 8BG"]}, "geometry": {"type": "Polygon", "coordinates": [[[-3.7718747562084998, 50.23715567725504], [-3.771412576499906, 50.237206940760316], [-3.771259519358319, 50.23628713491009], [-3.771535967563359, 50.23619936295807], [-3.771928107405142, 50.23626229084455], [-3.7721480097216853, 50.23698394155321], [-3.7718747562084998, 50.23715567725504]]]}}, {"type": "Feature", "properties": {"type": "postcode-cell", "postcode": "TQ8 8HP", "postcodes": ["TQ8 8HP"]}, "geometry": {"type": "Polygon", "coordinates": [[[-3.7719805747667983, 50.23492641601963], [-3.771876382560227, 50.23538746840654], [-3.771262619155745, 50.23562701647129], [-3.7703435368826925, 50.235505062524766], [-3.7703192405804633, 50.23546052937553], [-3.7703621271966443, 50.23522033084592], [-3.7706303844244995, 50.23489972671467], [-3.771137802627245, 50.23469523357424], [-3.771747159562357, 50.234801098198744], [-3.7719805747667983, 50.23492641601963]]]}}, {"type": "Feature", "properties": {"type": "postcode-cell", "postcode": "TQ8 8LP", "postcodes": ["TQ8 8LP"]}, "geometry": {"type": "Polygon", "coordinates": [[[-3.7710921496484686, 50.23377489431673], [-3.7721445756620873, 50.234020440076605], [-3.771747159562357, 50.234801098198744], [-3.771137802627245, 50.23469523357424], [-3.7708794942525006, 50.23379449324486], [-3.7710921496484686, 50.23377489431673]]]}}, {"type": "Feature", "properties": {"type": "postcode-cell", "postcode": "TQ8 8QA", "postcodes": ["TQ8 8QA"]}, "geometry": {"type": "Polygon", "coordinates": [[[-3.7716809784639946, 50.24217115581092], [-3.7711701141512335, 50.24179810491245], [-3.7709603126911677, 50.24120344407367], [-3.771829829073732, 50.23978868204692], [-3.7725189891730024, 50.23989597209034], [-3.7716809784639946, 50.24217115581092]]]}}, {"type": "Feature", "properties": {"type": "postcode-cell", "postcode": "TQ8 8DY", "postcodes": ["TQ8 8DY"]}, "geometry": {"type": "Polygon", "coordinates": [[[-3.771829829073732, 50.23978868204692], [-3.7709603126911677, 50.24120344407367], [-3.7707834309429398, 50.24083623672583], [-3.7709233092208017, 50.24021316028722], [-3.7716693036648556, 50.23972978708164], [-3.771829829073732, 50.23978868204692]]]}}, {"type": "Feature", "properties": {"type": "postcode-cell", "postcode": "TQ8 8FN", "postcodes": ["TQ8 8FN"]}, "geometry": {"type": "Polygon", "coordinates": [[[-3.7707834309429398, 50.24083623672583], [-3.7697774660983856, 50.24006168481436], [-3.769909990129666, 50.24001999436517], [-3.7697504280256555, 50.240040866126925], [-3.769695680712502, 50.23999871189254], [-3.770545943245369, 50.239523117178294], [-3.770696318967863, 50.23963414545375], [-3.7709233092208017, 50.24021316028722], [-3.7707834309429398, 50.24083623672583]]]}}, {"type": "Feature", "properties": {"type": "postcode-cell", "postcode": "TQ8 8FQ", "postcodes": ["TQ8 8FQ"]}, "geometry": {"type": "MultiPolygon", "coordinates": [[[[-3.7717041597054717, 50.24219712258219], [-3.7703162864468562, 50.24308016301855], [-3.7690199901276724, 50.2430299943675], [-3.767739990127237, 50.24224999436692], [-3.7676299901272143, 50.24214999436686], [-3.767519990127319, 50.241789994366584], [-3.766909990127095, 50.24144999436634], [-3.7668489580918747, 50.24138896242356], [-3.7676430734352286, 50.24104748923214], [-3.76828038710047, 50.241018579900725], [-3.7711701141512335, 50.24179810491245], [-3.7716809784639946, 50.24217115581092], [-3.7717041597054717, 50.24219712258219]]], [[[-3.7653292222379493, 50.24625280165101], [-3.7613319834758037, 50.2459767310969], [-3.7614899901215844, 50.24584999436981], [-3.760359990121443, 50.244659994368945], [-3.760994302887226, 50.2439061745811], [-3.76501563069809, 50.24217726238525], [-3.7651099901255365, 50.242339994367065], [-3.7681399901264823, 50.244359994368516], [-3.7685899901270603, 50.24373999436802], [-3.7691538819304036, 50.24381971042002], [-3.7653292222379493, 50.24625280165101]]]]}}, {"type": "Feature", "properties": {"type": "postcode-cell", "postcode": "TQ8 8GY", "postcodes": ["TQ8 8GY"]}, "geometry": {"type": "Polygon", "coordinates": [[[-3.7683514622682437, 50.235297308993665], [-3.767362482914637, 50.23573578979919], [-3.767320169358229, 50.23571622934138], [-3.768019990130696, 50.23536999436171], [-3.7683925805935434, 50.235075146728974], [-3.7683514622682437, 50.235297308993665]]]}}, {"type": "Feature", "properties": {"type": "postcode-cell", "postcode": "TQ8 8HS", "postcodes": ["TQ8 8HS"]}, "geometry": {"type": "Polygon", "coordinates": [[[-3.771259519358319, 50.23628713491009], [-3.770781164029219, 50.23633256955387], [-3.770344719747504, 50.23556872215717], [-3.770337975810748, 50.23551636102618], [-3.7703435368826925, 50.235505062524766], [-3.771262619155745, 50.23562701647129], [-3.771535967563359, 50.23619936295807], [-3.771259519358319, 50.23628713491009]]]}}, {"type": "Feature", "properties": {"type": "postcode-cell", "postcode": "TQ8 8DX", "postcodes": ["TQ8 8DX"]}, "geometry": {"type": "Polygon", "coordinates": [[[-3.771644269358343, 50.239704929167594], [-3.770696318967863, 50.23963414545375], [-3.770545943245369, 50.239523117178294], [-3.770521606360977, 50.239069313278854], [-3.7706910901262227, 50.238766740221195], [-3.7714727078957875, 50.23862717814578], [-3.7715466636363875, 50.2386369946191], [-3.771644269358343, 50.239704929167594]]]}}, {"type": "Feature", "properties": {"type": "postcode-cell", "postcode": "TQ8 8DZ", "postcodes": ["TQ8 8DZ"]}, "geometry": {"type": "Polygon", "coordinates": [[[-3.7709233092208017, 50.24021316028722], [-3.770696318967863, 50.23963414545375], [-3.771644269358343, 50.239704929167594], [-3.7716693036648556, 50.23972978708164], [-3.7709233092208017, 50.24021316028722]]]}}, {"type": "Feature", "properties": {"type": "postcode-cell", "postcode": "TQ8 8DU", "postcodes": ["TQ8 8DU"]}, "geometry": {"type": "MultiPolygon", "coordinates": [[[[-3.7709603126911677, 50.24120344407367], [-3.7711701141512335, 50.24179810491245], [-3.76828038710047, 50.241018579900725], [-3.7687984425722565, 50.240369666814374], [-3.7697774660983856, 50.24006168481436], [-3.7707834309429398, 50.24083623672583], [-3.7709603126911677, 50.24120344407367]]], [[[-3.7690667663290314, 50.240033558409145], [-3.769442684596622, 50.23996431572361], [-3.7694998330462153, 50.239965837714315], [-3.769695680712502, 50.23999871189254], [-3.7697504280256555, 50.240040866126925], [-3.7689805389910362, 50.240141569297315], [-3.7690667663290314, 50.240033558409145]]]]}}, {"type": "Feature", "properties": {"type": "postcode-cell", "postcode": "TQ8 8HX", "postcodes": ["TQ8 8HX"]}, "geometry": {"type": "Polygon", "coordinates": [[[-3.771319807802051, 50.237228858839046], [-3.7712172209714487, 50.23719919375381], [-3.7705858134531924, 50.23648076357858], [-3.770781164029219, 50.23633256955387], [-3.771259519358319, 50.23628713491009], [-3.771412576499906, 50.237206940760316], [-3.771319807802051, 50.237228858839046]]]}}, {"type": "Feature", "properties": {"type": "postcode-cell", "postcode": "TQ8 8JY", "postcodes": ["TQ8 8JY"]}, "geometry": {"type": "Polygon", "coordinates": [[[-3.7706303844244995, 50.23489972671467], [-3.7695179602284075, 50.23418455402091], [-3.770273220523241, 50.23358683850582], [-3.7708794942525006, 50.23379449324486], [-3.771137802627245, 50.23469523357424], [-3.7706303844244995, 50.23489972671467]]]}}, {"type": "Feature", "properties": {"type": "postcode-cell", "postcode": "TQ8 8HU", "postcodes": ["TQ8 8HU"]}, "geometry": {"type": "Polygon", "coordinates": [[[-3.771319807802051, 50.237228858839046], [-3.7711199214585833, 50.237722205651224], [-3.770045934219484, 50.237768203255044], [-3.770039559833986, 50.23776430445792], [-3.7703766466140842, 50.237204839167866], [-3.7712172209714487, 50.23719919375381], [-3.771319807802051, 50.237228858839046]]]}}, {"type": "Feature", "properties": {"type": "postcode-cell", "postcode": "TQ8 8EJ", "postcodes": ["TQ8 8EJ"]}, "geometry": {"type": "Polygon", "coordinates": [[[-3.7706910901262227, 50.238766740221195], [-3.7703762822809406, 50.23865478199143], [-3.7703503118502746, 50.23863428181444], [-3.770045934219484, 50.237768203255044], [-3.7711199214585833, 50.237722205651224], [-3.7714727078957875, 50.23862717814578], [-3.7706910901262227, 50.238766740221195]]]}}, {"type": "Feature", "properties": {"type": "postcode-cell", "postcode": "TQ8 8GZ", "postcodes": ["TQ8 8GZ"]}, "geometry": {"type": "Polygon", "coordinates": [[[-3.770344719747504, 50.23556872215717], [-3.7699695746758914, 50.23620427548977], [-3.7693790544294865, 50.23631791231344], [-3.7690743534411797, 50.236078960607], [-3.770337975810748, 50.23551636102618], [-3.770344719747504, 50.23556872215717]]]}}, {"type": "Feature", "properties": {"type": "postcode-cell", "postcode": "TQ8 8HD", "postcodes": ["TQ8 8HD"]}, "geometry": {"type": "Polygon", "coordinates": [[[-3.770039559833986, 50.23776430445792], [-3.769981496881082, 50.23775680108974], [-3.769264445806752, 50.23739756122379], [-3.769289381474012, 50.23713717793853], [-3.7695816299497285, 50.23689035503406], [-3.7696696571762676, 50.23689205892127], [-3.7703766466140842, 50.237204839167866], [-3.770039559833986, 50.23776430445792]]]}}, {"type": "Feature", "properties": {"type": "postcode-cell", "postcode": "TQ8 8HZ", "postcodes": ["TQ8 8HZ"]}, "geometry": {"type": "Polygon", "coordinates": [[[-3.7712172209714487, 50.23719919375381], [-3.7703766466140842, 50.237204839167866], [-3.7696696571762676, 50.23689205892127], [-3.770557986341774, 50.23648455275558], [-3.7705858134531924, 50.23648076357858], [-3.7712172209714487, 50.23719919375381]]]}}, {"type": "Feature", "properties": {"type": "postcode-cell", "postcode": "TQ8 8JZ", "postcodes": ["TQ8 8JZ"]}, "geometry": {"type": "Polygon", "coordinates": [[[-3.7706303844244995, 50.23489972671467], [-3.7703621271966443, 50.23522033084592], [-3.768952495913153, 50.23463205149], [-3.7695179602284075, 50.23418455402091], [-3.7706303844244995, 50.23489972671467]]]}}, {"type": "Feature", "properties": {"type": "postcode-cell", "postcode": "TQ8 8HL", "postcodes": ["TQ8 8HL"]}, "geometry": {"type": "Polygon", "coordinates": [[[-3.7705858134531924, 50.23648076357858], [-3.770557986341774, 50.23648455275558], [-3.7699695746758914, 50.23620427548977], [-3.770344719747504, 50.23556872215717], [-3.770781164029219, 50.23633256955387], [-3.7705858134531924, 50.23648076357858]]]}}, {"type": "Feature", "properties": {"type": "postcode-cell", "postcode": "TQ8 8HT", "postcodes": ["TQ8 8HT"]}, "geometry": {"type": "Polygon", "coordinates": [[[-3.7696696571762676, 50.23689205892127], [-3.7695816299497285, 50.23689035503406], [-3.7695288619558878, 50.23682518182303], [-3.7693790544294865, 50.23631791231344], [-3.7699695746758914, 50.23620427548977], [-3.770557986341774, 50.23648455275558], [-3.7696696571762676, 50.23689205892127]]]}}, {"type": "Feature", "properties": {"type": "postcode-cell", "postcode": "TQ8 8QE", "postcodes": ["TQ8 8QE"]}, "geometry": {"type": "Polygon", "coordinates": [[[-3.769695680712502, 50.23999871189254], [-3.7694998330462153, 50.239965837714315], [-3.7698096308292874, 50.2392963132654], [-3.770521606360977, 50.239069313278854], [-3.770545943245369, 50.239523117178294], [-3.769695680712502, 50.23999871189254]]]}}, {"type": "Feature", "properties": {"type": "postcode-cell", "postcode": "TQ8 8HH", "postcodes": ["TQ8 8HH"]}, "geometry": {"type": "Polygon", "coordinates": [[[-3.770337975810748, 50.23551636102618], [-3.7690743534411797, 50.236078960607], [-3.7686951237972752, 50.23598765971329], [-3.7690188746176703, 50.23539389552465], [-3.769081496784159, 50.23534779453248], [-3.7703192405804633, 50.23546052937553], [-3.7703435368826925, 50.235505062524766], [-3.770337975810748, 50.23551636102618]]]}}, {"type": "Feature", "properties": {"type": "postcode-cell", "postcode": "TQ8 8HE", "postcodes": ["TQ8 8HE"]}, "geometry": {"type": "Polygon", "coordinates": [[[-3.770045934219484, 50.237768203255044], [-3.7703503118502746, 50.23863428181444], [-3.7696346373141267, 50.23839543474114], [-3.7694586593941835, 50.23808198435441], [-3.769568339940965, 50.23794278696343], [-3.769981496881082, 50.23775680108974], [-3.770039559833986, 50.23776430445792], [-3.770045934219484, 50.237768203255044]]]}}, {"type": "Feature", "properties": {"type": "postcode-cell", "postcode": "TQ8 8JH", "postcodes": ["TQ8 8JH"]}, "geometry": {"type": "Polygon", "coordinates": [[[-3.769081496784159, 50.23534779453248], [-3.7690188746176703, 50.23539389552465], [-3.7683514622682437, 50.235297308993665], [-3.7683925805935434, 50.235075146728974], [-3.7689262790652864, 50.23465279872646], [-3.769081496784159, 50.23534779453248]]]}}, {"type": "Feature", "properties": {"type": "postcode-cell", "postcode": "TQ8 8QT", "postcodes": ["TQ8 8QT"]}, "geometry": {"type": "Polygon", "coordinates": [[[-3.770521606360977, 50.239069313278854], [-3.7698096308292874, 50.2392963132654], [-3.7692638495016495, 50.239305067817504], [-3.7692235360300077, 50.23928651375201], [-3.769173830178648, 50.23912828482709], [-3.769584266682065, 50.23883136028521], [-3.7703762822809406, 50.23865478199143], [-3.7706910901262227, 50.238766740221195], [-3.770521606360977, 50.239069313278854]]]}}, {"type": "Feature", "properties": {"type": "postcode-cell", "postcode": "TQ8 8HF", "postcodes": ["TQ8 8HF"]}, "geometry": {"type": "Polygon", "coordinates": [[[-3.7693790544294865, 50.23631791231344], [-3.7695288619558878, 50.23682518182303], [-3.7681832741459362, 50.23654349067096], [-3.767860625720373, 50.2362106752344], [-3.767874883684194, 50.236109169550815], [-3.7686951237972752, 50.23598765971329], [-3.7690743534411797, 50.236078960607], [-3.7693790544294865, 50.23631791231344]]]}}, {"type": "Feature", "properties": {"type": "postcode-cell", "postcode": "TQ8 8LA", "postcodes": ["TQ8 8LA"]}, "geometry": {"type": "Polygon", "coordinates": [[[-3.7703192405804633, 50.23546052937553], [-3.769081496784159, 50.23534779453248], [-3.7689262790652864, 50.23465279872646], [-3.768952495913153, 50.23463205149], [-3.7703621271966443, 50.23522033084592], [-3.7703192405804633, 50.23546052937553]]]}}, {"type": "Feature", "properties": {"type": "postcode-cell", "postcode": "TQ8 8HY", "postcodes": ["TQ8 8HY"]}, "geometry": {"type": "Polygon", "coordinates": [[[-3.7703762822809406, 50.23865478199143], [-3.769584266682065, 50.23883136028521], [-3.7687195659386066, 50.23866136534398], [-3.7692061362564724, 50.238401844764], [-3.7696346373141267, 50.23839543474114], [-3.7703503118502746, 50.23863428181444], [-3.7703762822809406, 50.23865478199143]]]}}, {"type": "Feature", "properties": {"type": "postcode-cell", "postcode": "TQ8 8HQ", "postcodes": ["TQ8 8HQ"]}, "geometry": {"type": "Polygon", "coordinates": [[[-3.7695816299497285, 50.23689035503406], [-3.769289381474012, 50.23713717793853], [-3.768355442414448, 50.23704979814037], [-3.7681832741459362, 50.23654349067096], [-3.7695288619558878, 50.23682518182303], [-3.7695816299497285, 50.23689035503406]]]}}, {"type": "Feature", "properties": {"type": "postcode-cell", "postcode": "TQ8 8HB", "postcodes": ["TQ8 8HB"]}, "geometry": {"type": "Polygon", "coordinates": [[[-3.7696346373141267, 50.23839543474114], [-3.7692061362564724, 50.238401844764], [-3.76892178654246, 50.238090216056236], [-3.768994265340962, 50.238032398476776], [-3.7694586593941835, 50.23808198435441], [-3.7696346373141267, 50.23839543474114]]]}}, {"type": "Feature", "properties": {"type": "postcode-cell", "postcode": "TQ8 8DT", "postcodes": ["TQ8 8DT"]}, "geometry": {"type": "Polygon", "coordinates": [[[-3.7694998330462153, 50.239965837714315], [-3.769442684596622, 50.23996431572361], [-3.7692638495016495, 50.239305067817504], [-3.7698096308292874, 50.2392963132654], [-3.7694998330462153, 50.239965837714315]]]}}, {"type": "Feature", "properties": {"type": "postcode-cell", "postcode": "TQ8 8EZ", "postcodes": ["TQ8 8EZ"]}, "geometry": {"type": "Polygon", "coordinates": [[[-3.7694586593941835, 50.23808198435441], [-3.768994265340962, 50.238032398476776], [-3.769041656748896, 50.23777074038591], [-3.769568339940965, 50.23794278696343], [-3.7694586593941835, 50.23808198435441]]]}}, {"type": "Feature", "properties": {"type": "postcode-cell", "postcode": "TQ8 8EY", "postcodes": ["TQ8 8EY"]}, "geometry": {"type": "Polygon", "coordinates": [[[-3.769981496881082, 50.23775680108974], [-3.769568339940965, 50.23794278696343], [-3.769041656748896, 50.23777074038591], [-3.7689878263615513, 50.23759748751723], [-3.769264445806752, 50.23739756122379], [-3.769981496881082, 50.23775680108974]]]}}, {"type": "Feature", "properties": {"type": "postcode-cell", "postcode": "TQ8 8DS", "postcodes": ["TQ8 8DS"]}, "geometry": {"type": "Polygon", "coordinates": [[[-3.7690667663290314, 50.240033558409145], [-3.7688855935064574, 50.23992064315736], [-3.7685664233004434, 50.23949851859239], [-3.7692235360300077, 50.23928651375201], [-3.7692638495016495, 50.239305067817504], [-3.769442684596622, 50.23996431572361], [-3.7690667663290314, 50.240033558409145]]]}}, {"type": "Feature", "properties": {"type": "postcode-cell", "postcode": "TQ8 8EX", "postcodes": ["TQ8 8EX"]}, "geometry": {"type": "Polygon", "coordinates": [[[-3.769264445806752, 50.23739756122379], [-3.7689878263615513, 50.23759748751723], [-3.7684496426012712, 50.23763929589236], [-3.768426092973539, 50.237637182296766], [-3.7682436208663006, 50.23713306686676], [-3.768355442414448, 50.23704979814037], [-3.769289381474012, 50.23713717793853], [-3.769264445806752, 50.23739756122379]]]}}, {"type": "Feature", "properties": {"type": "postcode-cell", "postcode": "TQ8 8DG", "postcodes": ["TQ8 8DG"]}, "geometry": {"type": "Polygon", "coordinates": [[[-3.76892178654246, 50.238090216056236], [-3.7686952410266747, 50.23812793519058], [-3.7684496426012712, 50.23763929589236], [-3.7689878263615513, 50.23759748751723], [-3.769041656748896, 50.23777074038591], [-3.768994265340962, 50.238032398476776], [-3.76892178654246, 50.238090216056236]]]}}, {"type": "Feature", "properties": {"type": "postcode-cell", "postcode": "TQ8 8DJ", "postcodes": ["TQ8 8DJ"]}, "geometry": {"type": "Polygon", "coordinates": [[[-3.769173830178648, 50.23912828482709], [-3.7685159054452244, 50.238865271321615], [-3.768614540819919, 50.2386809261211], [-3.7687195659386066, 50.23866136534398], [-3.769584266682065, 50.23883136028521], [-3.769173830178648, 50.23912828482709]]]}}, {"type": "Feature", "properties": {"type": "postcode-cell", "postcode": "TQ8 8HA", "postcodes": ["TQ8 8HA"]}, "geometry": {"type": "Polygon", "coordinates": [[[-3.7687195659386066, 50.23866136534398], [-3.768614540819919, 50.2386809261211], [-3.768289681767405, 50.238310946382384], [-3.7686952410266747, 50.23812793519058], [-3.76892178654246, 50.238090216056236], [-3.7692061362564724, 50.238401844764], [-3.7687195659386066, 50.23866136534398]]]}}, {"type": "Feature", "properties": {"type": "postcode-cell", "postcode": "TQ8 8FE", "postcodes": ["TQ8 8FE"]}, "geometry": {"type": "MultiPolygon", "coordinates": [[[[-3.7690667663290314, 50.240033558409145], [-3.7689805389910362, 50.240141569297315], [-3.7677442101701164, 50.24030327228275], [-3.768065580361761, 50.23991700473713], [-3.7688855935064574, 50.23992064315736], [-3.7690667663290314, 50.240033558409145]]], [[[-3.76828038710047, 50.241018579900725], [-3.7676430734352286, 50.24104748923214], [-3.7675850385001772, 50.240751363566645], [-3.7687984425722565, 50.240369666814374], [-3.76828038710047, 50.241018579900725]]]]}}, {"type": "Feature", "properties": {"type": "postcode-cell", "postcode": "TQ8 8QB", "postcodes": ["TQ8 8QB"]}, "geometry": {"type": "Polygon", "coordinates": [[[-3.7692235360300077, 50.23928651375201], [-3.7685664233004434, 50.23949851859239], [-3.768199174745909, 50.239354399554564], [-3.7681331101816316, 50.239094847302], [-3.7685159054452244, 50.238865271321615], [-3.769173830178648, 50.23912828482709], [-3.7692235360300077, 50.23928651375201]]]}}, {"type": "Feature", "properties": {"type": "postcode-cell", "postcode": "TQ8 8JQ", "postcodes": ["TQ8 8JQ"]}, "geometry": {"type": "Polygon", "coordinates": [[[-3.7686951237972752, 50.23598765971329], [-3.767874883684194, 50.236109169550815], [-3.767362482914637, 50.23573578979919], [-3.7683514622682437, 50.235297308993665], [-3.7690188746176703, 50.23539389552465], [-3.7686951237972752, 50.23598765971329]]]}}, {"type": "Feature", "properties": {"type": "postcode-cell", "postcode": "TQ8 8DL", "postcodes": ["TQ8 8DL"]}, "geometry": {"type": "Polygon", "coordinates": [[[-3.7688855935064574, 50.23992064315736], [-3.768065580361761, 50.23991700473713], [-3.7680023767308377, 50.239776676159465], [-3.768014564200482, 50.23948843297471], [-3.768199174745909, 50.239354399554564], [-3.7685664233004434, 50.23949851859239], [-3.7688855935064574, 50.23992064315736]]]}}, {"type": "Feature", "properties": {"type": "postcode-cell", "postcode": "TQ8 8DE", "postcodes": ["TQ8 8DE"]}, "geometry": {"type": "Polygon", "coordinates": [[[-3.7685159054452244, 50.238865271321615], [-3.7681331101816316, 50.239094847302], [-3.7680595823525347, 50.2390749838245], [-3.767646219901188, 50.23885191283552], [-3.767644557262731, 50.2383724941262], [-3.7676692304663746, 50.238365155068756], [-3.768193944351965, 50.23828364768072], [-3.768289681767405, 50.238310946382384], [-3.768614540819919, 50.2386809261211], [-3.7685159054452244, 50.238865271321615]]]}}, {"type": "Feature", "properties": {"type": "postcode-cell", "postcode": "TQ8 8DQ", "postcodes": ["TQ8 8DQ"]}, "geometry": {"type": "Polygon", "coordinates": [[[-3.7686952410266747, 50.23812793519058], [-3.768289681767405, 50.238310946382384], [-3.768193944351965, 50.23828364768072], [-3.768165511980572, 50.23817111846778], [-3.7682221943477074, 50.237703129329184], [-3.768426092973539, 50.237637182296766], [-3.7684496426012712, 50.23763929589236], [-3.7686952410266747, 50.23812793519058]]]}}, {"type": "Feature", "properties": {"type": "postcode-cell", "postcode": "TQ8 8HG", "postcodes": ["TQ8 8HG"]}, "geometry": {"type": "Polygon", "coordinates": [[[-3.7682436208663006, 50.23713306686676], [-3.7678365543940564, 50.23720113683637], [-3.767733728865932, 50.23716735625408], [-3.767500102742782, 50.23651863987888], [-3.767860625720373, 50.2362106752344], [-3.7681832741459362, 50.23654349067096], [-3.768355442414448, 50.23704979814037], [-3.7682436208663006, 50.23713306686676]]]}}, {"type": "Feature", "properties": {"type": "postcode-cell", "postcode": "TQ8 8EU", "postcodes": ["TQ8 8EU"]}, "geometry": {"type": "Polygon", "coordinates": [[[-3.768426092973539, 50.237637182296766], [-3.7682221943477074, 50.237703129329184], [-3.7677292339276445, 50.237641804497976], [-3.7678365543940564, 50.23720113683637], [-3.7682436208663006, 50.23713306686676], [-3.768426092973539, 50.237637182296766]]]}}, {"type": "Feature", "properties": {"type": "postcode-cell", "postcode": "TQ8 8DD", "postcodes": ["TQ8 8DD"]}, "geometry": {"type": "Polygon", "coordinates": [[[-3.7669613626501564, 50.239196667651655], [-3.7671767233497984, 50.238917627994866], [-3.7672647391315097, 50.23888114582291], [-3.767646219901188, 50.23885191283552], [-3.7680595823525347, 50.2390749838245], [-3.767054335837133, 50.23933168944187], [-3.7669613626501564, 50.239196667651655]]]}}, {"type": "Feature", "properties": {"type": "postcode-cell", "postcode": "TQ8 8DB", "postcodes": ["TQ8 8DB"]}, "geometry": {"type": "Polygon", "coordinates": [[[-3.767054335837133, 50.23933168944187], [-3.7670441951828817, 50.2396632899693], [-3.767039999613537, 50.239667835943315], [-3.7662232902678645, 50.23947489346478], [-3.766345777811455, 50.23904896334418], [-3.7669613626501564, 50.239196667651655], [-3.767054335837133, 50.23933168944187]]]}}, {"type": "Feature", "properties": {"type": "postcode-cell", "postcode": "TQ8 8WP", "postcodes": ["TQ8 8WP"]}, "geometry": {"type": "Polygon", "coordinates": [[[-3.7680023767308377, 50.239776676159465], [-3.767128738030737, 50.23992972734069], [-3.7670282961269352, 50.23982394188854], [-3.767039999613537, 50.239667835943315], [-3.7670441951828817, 50.2396632899693], [-3.768014564200482, 50.23948843297471], [-3.7680023767308377, 50.239776676159465]]]}}, {"type": "Feature", "properties": {"type": "postcode-cell", "postcode": "TQ8 8EN", "postcodes": ["TQ8 8EN"]}, "geometry": {"type": "Polygon", "coordinates": [[[-3.7682221943477074, 50.237703129329184], [-3.768165511980572, 50.23817111846778], [-3.7676517821029636, 50.237860352441714], [-3.7675376109941743, 50.23769888426392], [-3.7677292339276445, 50.237641804497976], [-3.7682221943477074, 50.237703129329184]]]}}, {"type": "Feature", "properties": {"type": "postcode-cell", "postcode": "TQ8 8DH", "postcodes": ["TQ8 8DH"]}, "geometry": {"type": "Polygon", "coordinates": [[[-3.768014564200482, 50.23948843297471], [-3.7670441951828817, 50.2396632899693], [-3.767054335837133, 50.23933168944187], [-3.7680595823525347, 50.2390749838245], [-3.7681331101816316, 50.239094847302], [-3.768199174745909, 50.239354399554564], [-3.768014564200482, 50.23948843297471]]]}}, {"type": "Feature", "properties": {"type": "postcode-cell", "postcode": "TQ8 8JE", "postcodes": ["TQ8 8JE"]}, "geometry": {"type": "Polygon", "coordinates": [[[-3.767860625720373, 50.2362106752344], [-3.767500102742782, 50.23651863987888], [-3.7670741109178194, 50.23672333841191], [-3.7662234948747577, 50.23625878849169], [-3.767320169358229, 50.23571622934138], [-3.767362482914637, 50.23573578979919], [-3.767874883684194, 50.236109169550815], [-3.767860625720373, 50.2362106752344]]]}}, {"type": "Feature", "properties": {"type": "postcode-cell", "postcode": "TQ8 8DP", "postcodes": ["TQ8 8DP"]}, "geometry": {"type": "Polygon", "coordinates": [[[-3.7677442101701164, 50.24030327228275], [-3.767411132519016, 50.2403468340323], [-3.767128738030737, 50.23992972734069], [-3.7680023767308377, 50.239776676159465], [-3.768065580361761, 50.23991700473713], [-3.7677442101701164, 50.24030327228275]]]}}, {"type": "Feature", "properties": {"type": "postcode-cell", "postcode": "TQ8 8ES", "postcodes": ["TQ8 8ES"]}, "geometry": {"type": "Polygon", "coordinates": [[[-3.7675376109941743, 50.23769888426392], [-3.7671432119633366, 50.23770828147939], [-3.7672967716372137, 50.237194056223174], [-3.767733728865932, 50.23716735625408], [-3.7678365543940564, 50.23720113683637], [-3.7677292339276445, 50.237641804497976], [-3.7675376109941743, 50.23769888426392]]]}}, {"type": "Feature", "properties": {"type": "postcode-cell", "postcode": "TQ8 8BS", "postcodes": ["TQ8 8BS"]}, "geometry": {"type": "Polygon", "coordinates": [[[-3.768193944351965, 50.23828364768072], [-3.7676692304663746, 50.238365155068756], [-3.7676517821029636, 50.237860352441714], [-3.768165511980572, 50.23817111846778], [-3.768193944351965, 50.23828364768072]]]}}, {"type": "Feature", "properties": {"type": "postcode-cell", "postcode": "TQ8 8BU", "postcodes": ["TQ8 8BU"]}, "geometry": {"type": "Polygon", "coordinates": [[[-3.7676517821029636, 50.237860352441714], [-3.7676692304663746, 50.238365155068756], [-3.767644557262731, 50.2383724941262], [-3.7675831126294383, 50.23836193228976], [-3.767421957903594, 50.23826339932402], [-3.7671011197914694, 50.237721724364505], [-3.7671432119633366, 50.23770828147939], [-3.7675376109941743, 50.23769888426392], [-3.7676517821029636, 50.237860352441714]]]}}, {"type": "Feature", "properties": {"type": "postcode-cell", "postcode": "TQ8 8DA", "postcodes": ["TQ8 8DA"]}, "geometry": {"type": "Polygon", "coordinates": [[[-3.7669613626501564, 50.239196667651655], [-3.766345777811455, 50.23904896334418], [-3.766379990127965, 50.23892999436445], [-3.7666252713664887, 50.2387296829261], [-3.7671767233497984, 50.238917627994866], [-3.7669613626501564, 50.239196667651655]]]}}, {"type": "Feature", "properties": {"type": "postcode-cell", "postcode": "TQ8 8DW", "postcodes": ["TQ8 8DW"]}, "geometry": {"type": "MultiPolygon", "coordinates": [[[[-3.7676430734352286, 50.24104748923214], [-3.7668489580918747, 50.24138896242356], [-3.766799989759872, 50.241339994027314], [-3.766669990127054, 50.241219994366176], [-3.766589990127035, 50.24114999436612], [-3.7668899901273143, 50.24096999436598], [-3.7675850385001772, 50.240751363566645], [-3.7676430734352286, 50.24104748923214]]], [[[-3.760994302887226, 50.2439061745811], [-3.7610499901222707, 50.24383999436831], [-3.7611435499106953, 50.243378442076306], [-3.7645149519856607, 50.24131377303149], [-3.76501563069809, 50.24217726238525], [-3.760994302887226, 50.2439061745811]]], [[[-3.7659587618647166, 50.24042949044675], [-3.7659399901269595, 50.240459994365615], [-3.765946624914274, 50.24043692410997], [-3.7659587618647166, 50.24042949044675]]], [[[-3.7668907750328504, 50.239858638584074], [-3.7670282961269352, 50.23982394188854], [-3.767128738030737, 50.23992972734069], [-3.767411132519016, 50.2403468340323], [-3.766239990127127, 50.24049999436563], [-3.7661518876834266, 50.2403112038886], [-3.7668907750328504, 50.239858638584074]]]]}}, {"type": "Feature", "properties": {"type": "postcode-cell", "postcode": "TQ8 8BY", "postcodes": ["TQ8 8BY"]}, "geometry": {"type": "Polygon", "coordinates": [[[-3.767646219901188, 50.23885191283552], [-3.7672647391315097, 50.23888114582291], [-3.767056717005668, 50.23854110151714], [-3.7675831126294383, 50.23836193228976], [-3.767644557262731, 50.2383724941262], [-3.767646219901188, 50.23885191283552]]]}}, {"type": "Feature", "properties": {"type": "postcode-cell", "postcode": "TQ8 8JA", "postcodes": ["TQ8 8JA"]}, "geometry": {"type": "Polygon", "coordinates": [[[-3.767733728865932, 50.23716735625408], [-3.7672967716372137, 50.237194056223174], [-3.7668551627964884, 50.23692417485448], [-3.7670741109178194, 50.23672333841191], [-3.767500102742782, 50.23651863987888], [-3.767733728865932, 50.23716735625408]]]}}, {"type": "Feature", "properties": {"type": "postcode-cell", "postcode": "TQ8 8BZ", "postcodes": ["TQ8 8BZ"]}, "geometry": {"type": "Polygon", "coordinates": [[[-3.7671767233497984, 50.238917627994866], [-3.7666252713664887, 50.2387296829261], [-3.766874261079576, 50.23852634069891], [-3.767056717005668, 50.23854110151714], [-3.7672647391315097, 50.23888114582291], [-3.7671767233497984, 50.238917627994866]]]}}, {"type": "Feature", "properties": {"type": "postcode-cell", "postcode": "TQ8 8BT", "postcodes": ["TQ8 8BT"]}, "geometry": {"type": "Polygon", "coordinates": [[[-3.767421957903594, 50.23826339932402], [-3.76690066921399, 50.23824354526591], [-3.766696968865323, 50.23773904555254], [-3.7671011197914694, 50.237721724364505], [-3.767421957903594, 50.23826339932402]]]}}, {"type": "Feature", "properties": {"type": "postcode-cell", "postcode": "TQ8 8BX", "postcodes": ["TQ8 8BX"]}, "geometry": {"type": "Polygon", "coordinates": [[[-3.767056717005668, 50.23854110151714], [-3.766874261079576, 50.23852634069891], [-3.766979990128578, 50.238439994364064], [-3.76690066921399, 50.23824354526591], [-3.767421957903594, 50.23826339932402], [-3.7675831126294383, 50.23836193228976], [-3.767056717005668, 50.23854110151714]]]}}, {"type": "Feature", "properties": {"type": "postcode-cell", "postcode": "TQ8 8ET", "postcodes": ["TQ8 8ET"]}, "geometry": {"type": "Polygon", "coordinates": [[[-3.7671011197914694, 50.237721724364505], [-3.766696968865323, 50.23773904555254], [-3.7664133870867937, 50.23703668643528], [-3.7668551627964884, 50.23692417485448], [-3.7672967716372137, 50.237194056223174], [-3.7671432119633366, 50.23770828147939], [-3.7671011197914694, 50.237721724364505]]]}}, {"type": "Feature", "properties": {"type": "postcode-cell", "postcode": "TQ8 8JG", "postcodes": ["TQ8 8JG"]}, "geometry": {"type": "Polygon", "coordinates": [[[-3.7670741109178194, 50.23672333841191], [-3.7668551627964884, 50.23692417485448], [-3.7664133870867937, 50.23703668643528], [-3.7661199901290523, 50.236309994362486], [-3.7662234948747577, 50.23625878849169], [-3.7670741109178194, 50.23672333841191]]]}}, {"type": "Feature", "properties": {"type": "postcode-cell", "postcode": "TQ8 8QD", "postcodes": ["TQ8 8QD"]}, "geometry": {"type": "MultiPolygon", "coordinates": [[[[-3.767039999613537, 50.239667835943315], [-3.7670282961269352, 50.23982394188854], [-3.7668907750328504, 50.239858638584074], [-3.766109620190997, 50.239870155684905], [-3.7662232902678645, 50.23947489346478], [-3.767039999613537, 50.239667835943315]]], [[[-3.7594533089434483, 50.23996808102084], [-3.759559990123231, 50.239859994365325], [-3.7601699901238357, 50.23939999436497], [-3.7613199901246137, 50.23927999436486], [-3.762569990125222, 50.2396599943651], [-3.762889790684827, 50.23991757235238], [-3.7594533089434483, 50.23996808102084]]]]}}, {"type": "Feature", "properties": {"type": "postcode-cell", "postcode": "TQ8 8DN", "postcodes": ["TQ8 8DN"]}, "geometry": {"type": "MultiPolygon", "coordinates": [[[[-3.762889790684827, 50.23991757235238], [-3.764419990125673, 50.24114999436618], [-3.7645149519856607, 50.24131377303149], [-3.7611435499106953, 50.243378442076306], [-3.7613499901231626, 50.242359994367185], [-3.7604999901231526, 50.241259994366374], [-3.7589299901224336, 50.24069999436598], [-3.7587999901223865, 50.24062999436593], [-3.7594533089434483, 50.23996808102084], [-3.762889790684827, 50.23991757235238]]], [[[-3.7668907750328504, 50.239858638584074], [-3.7661518876834266, 50.2403112038886], [-3.7660999901271826, 50.24019999436541], [-3.7659587618647166, 50.24042949044675], [-3.765946624914274, 50.24043692410997], [-3.766109620190997, 50.239870155684905], [-3.7668907750328504, 50.239858638584074]]]]}}]}