{"type": "FeatureCollection", "features": [{"type": "Feature", "properties": {"type": "ward-outline", "name": "Sandford & Creedy"}, "geometry": {"type": "Polygon", "coordinates": [[[-3.61464, 50.81691], [-3.61229, 50.81507], [-3.6105, 50.81533], [-3.60862, 50.815], [-3.60881, 50.81263], [-3.60855, 50.81231], [-3.60781, 50.81224], [-3.59531, 50.81409], [-3.58886, 50.81607], [-3.58212, 50.8174], [-3.57713, 50.81758], [-3.57262, 50.81852], [-3.56838, 50.81875], [-3.56821, 50.81829], [-3.56903, 50.81775], [-3.56892, 50.81701], [-3.56733, 50.81343], [-3.56342, 50.80982], [-3.56255, 50.80739], [-3.5613, 50.80573], [-3.55873, 50.80499], [-3.55633, 50.80352], [-3.55652, 50.80136], [-3.55536, 50.80113], [-3.5544, 50.80012], [-3.55413, 50.79712], [-3.55025, 50.79622], [-3.5486, 50.79528], [-3.54867, 50.7927], [-3.54752, 50.79128], [-3.55432, 50.79162], [-3.56153, 50.79099], [-3.57201, 50.78853], [-3.57401, 50.78782], [-3.58026, 50.78683], [-3.58574, 50.78541], [-3.59411, 50.7838], [-3.60214, 50.78343], [-3.6067, 50.78433], [-3.60758, 50.78526], [-3.60935, 50.78618], [-3.61181, 50.7868], [-3.61614, 50.78699], [-3.61995, 50.78787], [-3.62049, 50.78773], [-3.62164, 50.78894], [-3.62562, 50.79143], [-3.62759, 50.79212], [-3.62804, 50.79176], [-3.62837, 50.79314], [-3.63086, 50.79506], [-3.63221, 50.79448], [-3.63295, 50.79344], [-3.6335, 50.79387], [-3.63464, 50.79359], [-3.63578, 50.79413], [-3.63491, 50.79465], [-3.63573, 50.7958], [-3.63535, 50.79628], [-3.63605, 50.79631], [-3.63592, 50.7967], [-3.63688, 50.79729], [-3.63749, 50.79683], [-3.63806, 50.79772], [-3.63883, 50.79785], [-3.63871, 50.79844], [-3.64316, 50.79708], [-3.64561, 50.79528], [-3.65105, 50.79515], [-3.65406, 50.7957], [-3.66112, 50.79544], [-3.66585, 50.7957], [-3.673, 50.79667], [-3.67858, 50.79701], [-3.68451, 50.7988], [-3.69091, 50.80003], [-3.69607, 50.79959], [-3.69651, 50.80018], [-3.69544, 50.80046], [-3.69464, 50.80115], [-3.69182, 50.80158], [-3.6932, 50.80347], [-3.69339, 50.80452], [-3.69464, 50.80495], [-3.69429, 50.80544], [-3.69492, 50.80625], [-3.69499, 50.80716], [-3.69796, 50.80651], [-3.69835, 50.80715], [-3.70111, 50.80619], [-3.70697, 50.80576], [-3.7079, 50.80596], [-3.708, 50.80764], [-3.71328, 50.80851], [-3.71761, 50.80861], [-3.71775, 50.80729], [-3.72015, 50.80717], [-3.7201, 50.80855], [-3.72091, 50.80853], [-3.72085, 50.8117], [-3.72179, 50.81474], [-3.72498, 50.81438], [-3.72999, 50.8146], [-3.73199, 50.81738], [-3.73307, 50.81697], [-3.73337, 50.8172], [-3.73447, 50.81853], [-3.73474, 50.81961], [-3.73979, 50.81996], [-3.74126, 50.8198], [-3.7421, 50.81923], [-3.74431, 50.81895], [-3.75157, 50.81951], [-3.75284, 50.82036], [-3.75402, 50.82046], [-3.75475, 50.82099], [-3.75619, 50.821], [-3.75711, 50.82161], [-3.75935, 50.82207], [-3.75931, 50.82237], [-3.7616, 50.8242], [-3.76394, 50.82375], [-3.76421, 50.82417], [-3.76471, 50.82382], [-3.7658, 50.82452], [-3.76709, 50.82422], [-3.76971, 50.82619], [-3.77059, 50.82602], [-3.7711, 50.82687], [-3.77205, 50.82687], [-3.77226, 50.82721], [-3.77295, 50.82704], [-3.77318, 50.82747], [-3.77407, 50.8277], [-3.77387, 50.82823], [-3.77419, 50.82843], [-3.77209, 50.82986], [-3.77122, 50.83004], [-3.771, 50.83162], [-3.77168, 50.83204], [-3.77253, 50.8321], [-3.77328, 50.83275], [-3.77349, 50.83256], [-3.7744, 50.83275], [-3.77484, 50.83379], [-3.77564, 50.83356], [-3.77595, 50.83397], [-3.7763, 50.83354], [-3.77681, 50.83366], [-3.77715, 50.83336], [-3.77734, 50.83364], [-3.77827, 50.83381], [-3.77845, 50.83353], [-3.77962, 50.83403], [-3.78055, 50.83514], [-3.78034, 50.83602], [-3.78137, 50.8363], [-3.78157, 50.83673], [-3.78344, 50.83715], [-3.78597, 50.83857], [-3.7867, 50.83938], [-3.78651, 50.8397], [-3.78699, 50.83987], [-3.78709, 50.8408], [-3.78787, 50.841], [-3.78859, 50.84171], [-3.78949, 50.84182], [-3.79036, 50.84291], [-3.79287, 50.84358], [-3.79394, 50.84452], [-3.79481, 50.8446], [-3.79489, 50.84502], [-3.79556, 50.84536], [-3.79535, 50.84601], [-3.79468, 50.84675], [-3.79339, 50.84728], [-3.79321, 50.84798], [-3.79419, 50.84814], [-3.79304, 50.84861], [-3.79279, 50.84919], [-3.79345, 50.84958], [-3.79329, 50.84991], [-3.79415, 50.85032], [-3.79406, 50.85091], [-3.79523, 50.85088], [-3.79561, 50.85201], [-3.79677, 50.8525], [-3.7971, 50.85217], [-3.79746, 50.85227], [-3.79739, 50.85288], [-3.79686, 50.85309], [-3.79731, 50.85329], [-3.7969, 50.85419], [-3.79637, 50.85418], [-3.79599, 50.85463], [-3.79553, 50.85426], [-3.79491, 50.85452], [-3.79467, 50.85521], [-3.79369, 50.85511], [-3.79287, 50.85556], [-3.79324, 50.85596], [-3.79159, 50.85679], [-3.79094, 50.85779], [-3.79015, 50.85751], [-3.78902, 50.85789], [-3.78859, 50.85859], [-3.78758, 50.85849], [-3.7866, 50.85938], [-3.78695, 50.85931], [-3.78738, 50.85987], [-3.78688, 50.85971], [-3.78662, 50.86034], [-3.78562, 50.86011], [-3.78574, 50.86061], [-3.7853, 50.86048], [-3.78492, 50.86157], [-3.78415, 50.86186], [-3.78276, 50.8615], [-3.78272, 50.86215], [-3.78198, 50.86203], [-3.78162, 50.86241], [-3.78147, 50.86342], [-3.7808, 50.86308], [-3.78015, 50.86341], [-3.78039, 50.86436], [-3.77895, 50.86415], [-3.77822, 50.86491], [-3.7776, 50.86458], [-3.77664, 50.86499], [-3.77732, 50.86655], [-3.77647, 50.86714], [-3.77854, 50.86784], [-3.77828, 50.8683], [-3.77904, 50.86973], [-3.77843, 50.87047], [-3.77727, 50.87098], [-3.77735, 50.87138], [-3.77575, 50.87119], [-3.77607, 50.87175], [-3.77458, 50.87206], [-3.7741, 50.87277], [-3.77451, 50.87353], [-3.77226, 50.87494], [-3.77215, 50.8755], [-3.77047, 50.87555], [-3.76994, 50.87599], [-3.76872, 50.87584], [-3.76856, 50.87629], [-3.76711, 50.87666], [-3.76647, 50.87626], [-3.76602, 50.87657], [-3.76402, 50.87644], [-3.76259, 50.87702], [-3.76207, 50.87696], [-3.76175, 50.87651], [-3.76161, 50.87679], [-3.76084, 50.87681], [-3.75868, 50.87658], [-3.7574, 50.8768], [-3.75696, 50.87638], [-3.75513, 50.87646], [-3.75358, 50.87681], [-3.75316, 50.87725], [-3.75157, 50.87765], [-3.75135, 50.87802], [-3.75077, 50.8779], [-3.74947, 50.87845], [-3.74882, 50.87843], [-3.74689, 50.87919], [-3.74652, 50.8789], [-3.74619, 50.87919], [-3.74511, 50.87874], [-3.74482, 50.87894], [-3.74311, 50.87869], [-3.74233, 50.87919], [-3.74181, 50.87916], [-3.74093, 50.88012], [-3.74036, 50.88007], [-3.74053, 50.88046], [-3.73929, 50.88087], [-3.73812, 50.88014], [-3.73687, 50.88002], [-3.73537, 50.88053], [-3.73439, 50.88045], [-3.73378, 50.88086], [-3.73229, 50.88047], [-3.7316, 50.88109], [-3.73095, 50.88067], [-3.73099, 50.88113], [-3.73023, 50.88133], [-3.72964, 50.88129], [-3.72985, 50.88097], [-3.72936, 50.8807], [-3.72898, 50.88107], [-3.7277, 50.88097], [-3.7274, 50.88152], [-3.72731, 50.88121], [-3.72547, 50.88165], [-3.72464, 50.88146], [-3.72333, 50.88195], [-3.72264, 50.88148], [-3.7217, 50.88158], [-3.72147, 50.88192], [-3.72125, 50.88168], [-3.72082, 50.8819], [-3.71991, 50.88162], [-3.71917, 50.88223], [-3.71902, 50.88194], [-3.71733, 50.88191], [-3.71745, 50.88233], [-3.71674, 50.88222], [-3.71618, 50.88296], [-3.71366, 50.88378], [-3.71397, 50.884], [-3.71269, 50.88485], [-3.71286, 50.88567], [-3.71216, 50.8865], [-3.7125, 50.88682], [-3.7109, 50.88736], [-3.71108, 50.88685], [-3.70758, 50.88755], [-3.70557, 50.88758], [-3.7059, 50.88801], [-3.70513, 50.88864], [-3.70464, 50.88859], [-3.70462, 50.88946], [-3.70376, 50.88996], [-3.70344, 50.89081], [-3.70032, 50.89127], [-3.69893, 50.89242], [-3.69858, 50.89229], [-3.69787, 50.89267], [-3.69795, 50.89314], [-3.69505, 50.89375], [-3.69301, 50.89454], [-3.69245, 50.89601], [-3.69131, 50.89649], [-3.68658, 50.89387], [-3.68164, 50.89208], [-3.67964, 50.89177], [-3.67862, 50.89191], [-3.67629, 50.89125], [-3.67221, 50.89088], [-3.67025, 50.89034], [-3.6669, 50.89283], [-3.6637, 50.89343], [-3.66449, 50.89441], [-3.6648, 50.89861], [-3.66385, 50.89897], [-3.66342, 50.90295], [-3.66149, 50.90752], [-3.6606, 50.90703], [-3.65905, 50.90715], [-3.65863, 50.9069], [-3.65476, 50.90717], [-3.65372, 50.90583], [-3.65403, 50.90512], [-3.6537, 50.90391], [-3.65451, 50.90227], [-3.65412, 50.90147], [-3.65322, 50.90071], [-3.65315, 50.90016], [-3.65137, 50.89952], [-3.65078, 50.89854], [-3.64688, 50.89568], [-3.64654, 50.89107], [-3.64573, 50.88997], [-3.64577, 50.88811], [-3.64513, 50.88614], [-3.64359, 50.88573], [-3.6424, 50.88619], [-3.64219, 50.88469], [-3.64107, 50.88413], [-3.6416, 50.88285], [-3.63521, 50.88377], [-3.63421, 50.88107], [-3.63371, 50.88108], [-3.63407, 50.8802], [-3.63288, 50.87971], [-3.63325, 50.87888], [-3.63181, 50.87789], [-3.6305, 50.87597], [-3.62942, 50.87512], [-3.63359, 50.87496], [-3.63571, 50.87451], [-3.63949, 50.87423], [-3.64233, 50.8746], [-3.64277, 50.87436], [-3.65091, 50.87382], [-3.65433, 50.87389], [-3.65612, 50.87323], [-3.65648, 50.87213], [-3.65763, 50.87127], [-3.65951, 50.86826], [-3.66019, 50.86799], [-3.66065, 50.86728], [-3.65972, 50.86526], [-3.65989, 50.86446], [-3.65941, 50.86431], [-3.66001, 50.86363], [-3.65976, 50.86322], [-3.66029, 50.86288], [-3.65987, 50.86244], [-3.66146, 50.86128], [-3.66144, 50.86034], [-3.66262, 50.85953], [-3.6625, 50.8592], [-3.66336, 50.85877], [-3.66408, 50.85775], [-3.6647, 50.85761], [-3.66446, 50.85593], [-3.66402, 50.8557], [-3.66539, 50.85492], [-3.66511, 50.85472], [-3.66594, 50.85428], [-3.66563, 50.85404], [-3.66595, 50.85371], [-3.66668, 50.85386], [-3.66739, 50.85299], [-3.66677, 50.8529], [-3.66718, 50.85254], [-3.66786, 50.85262], [-3.66871, 50.8522], [-3.66822, 50.8516], [-3.66849, 50.8511], [-3.66924, 50.85104], [-3.66907, 50.85078], [-3.6695, 50.85055], [-3.66892, 50.85025], [-3.66978, 50.85001], [-3.67011, 50.84962], [-3.66975, 50.84959], [-3.67014, 50.84905], [-3.66986, 50.84896], [-3.67031, 50.84864], [-3.66947, 50.84832], [-3.66995, 50.84806], [-3.66642, 50.84767], [-3.65841, 50.84786], [-3.65273, 50.8465], [-3.65083, 50.8463], [-3.64757, 50.84487], [-3.64235, 50.84401], [-3.63974, 50.84323], [-3.63671, 50.84185], [-3.63687, 50.84144], [-3.63572, 50.84004], [-3.63222, 50.83988], [-3.62909, 50.84057], [-3.62663, 50.84013], [-3.6279, 50.83934], [-3.62814, 50.8388], [-3.62855, 50.8388], [-3.62844, 50.83829], [-3.62743, 50.83743], [-3.62414, 50.83791], [-3.62414, 50.83584], [-3.62279, 50.83609], [-3.62278, 50.83546], [-3.62159, 50.8344], [-3.62145, 50.83318], [-3.62013, 50.83278], [-3.61902, 50.83074], [-3.61661, 50.83104], [-3.6193, 50.82366], [-3.62149, 50.82334], [-3.62082, 50.82268], [-3.6201, 50.8204], [-3.62003, 50.81712], [-3.61876, 50.81671], [-3.61464, 50.81691]]]}}, {"type": "Feature", "properties": {"type": "postcode-cell", "postcode": "EX17 6AA", "postcodes": ["EX17 6AA"]}, "geometry": {"type": "MultiPolygon", "coordinates": [[[[-3.7836451414947163, 50.85209104342491], [-3.793366239687836, 50.8473723577777], [-3.793209989859314, 50.84797999483896], [-3.7941899898598805, 50.84813999483908], [-3.79303998985891, 50.84860999483948], [-3.7927899898584787, 50.84918999483994], [-3.79344998985873, 50.84957999484025], [-3.7932899898584744, 50.84990999484052], [-3.7941499898588518, 50.850319994840824], [-3.794059989858518, 50.850909994841324], [-3.795229989859298, 50.850879994841264], [-3.795609989859027, 50.85200999484217], [-3.7967699898595613, 50.85249999484256], [-3.797099989859929, 50.852169994842264], [-3.797459989860119, 50.85226999484235], [-3.7973899898597936, 50.85287999484286], [-3.796859989859348, 50.85308999484303], [-3.7973099898595515, 50.85328999484319], [-3.7968999898588693, 50.854189994843885], [-3.796369989858522, 50.8541799948439], [-3.7959899898580676, 50.85462999484428], [-3.7955299898579353, 50.85425999484398], [-3.7949099898574112, 50.85451999484419], [-3.7946699898569336, 50.85520999484475], [-3.793689989856338, 50.855109994844696], [-3.792869989855594, 50.855559994845066], [-3.7932399898556497, 50.855959994845364], [-3.7915899898541867, 50.85678999484605], [-3.7909399898533005, 50.85778999484687], [-3.79014998985291, 50.857509994846644], [-3.789019989851995, 50.85788999484697], [-3.7885899898513906, 50.85858999484752], [-3.7875799898507756, 50.85848999484747], [-3.7875340787865017, 50.85853169051998], [-3.7836451414947163, 50.85209104342491]]], [[[-3.794704991409124, 50.84672238167118], [-3.794679989860844, 50.84674999483796], [-3.7944727192579775, 50.8468351542883], [-3.794704991409124, 50.84672238167118]]]]}}, {"type": "Feature", "properties": {"type": "postcode-cell", "postcode": "EX17 6NG", "postcodes": ["EX17 6NG"]}, "geometry": {"type": "Polygon", "coordinates": [[[-3.7875340787865017, 50.85853169051998], [-3.786599989849721, 50.85937999484819], [-3.7869499898499845, 50.859309994848125], [-3.7873799898500065, 50.85986999484858], [-3.786879989849753, 50.85970999484847], [-3.7866199898492905, 50.86033999484895], [-3.7856199898487413, 50.86010999484878], [-3.78573998984859, 50.86060999484917], [-3.785299989848361, 50.860479994849086], [-3.7850250030432457, 50.861268777822495], [-3.7709506299964137, 50.86019629996038], [-3.7702236066734875, 50.85987208518963], [-3.7694758971601576, 50.8573121236377], [-3.775230803315617, 50.84978662666554], [-3.7836451414947163, 50.85209104342491], [-3.7875340787865017, 50.85853169051998]]]}}, {"type": "Feature", "properties": {"type": "postcode-cell", "postcode": "EX17 5LU", "postcodes": ["EX17 5LU"]}, "geometry": {"type": "Polygon", "coordinates": [[[-3.7719013191423714, 50.84605011035621], [-3.7756517287898075, 50.83747764445076], [-3.7803926950179, 50.83579913809642], [-3.780339989856412, 50.83601999482951], [-3.781369989856955, 50.83629999482972], [-3.781569989856887, 50.836729994830065], [-3.7834399898579183, 50.83714999483042], [-3.785969989858914, 50.8385699948315], [-3.7866999898590215, 50.839379994832115], [-3.786509989858747, 50.839699994832394], [-3.786989989858984, 50.83986999483253], [-3.7870899898586208, 50.840799994833276], [-3.787869989859038, 50.84099999483342], [-3.7885899898591813, 50.84170999483398], [-3.78948998985972, 50.841819994834076], [-3.790359989859785, 50.842909994834926], [-3.7928699898611202, 50.84357999483543], [-3.793939989861391, 50.84451999483618], [-3.7948099898619208, 50.84459999483625], [-3.7948899898617783, 50.845019994836555], [-3.7955599898620616, 50.845359994836826], [-3.7953499898616236, 50.846009994837345], [-3.794704991409124, 50.84672238167118], [-3.7944727192579775, 50.8468351542883], [-3.7933899898597554, 50.8472799948384], [-3.793366239687836, 50.8473723577777], [-3.7836451414947163, 50.85209104342491], [-3.775230803315617, 50.84978662666554], [-3.7719013191423714, 50.84605011035621]]]}}, {"type": "Feature", "properties": {"type": "postcode-cell", "postcode": "EX17 6RW", "postcodes": ["EX17 6RW"]}, "geometry": {"type": "Polygon", "coordinates": [[[-3.775230803315617, 50.84978662666554], [-3.7694758971601576, 50.8573121236377], [-3.763707117712595, 50.85587853381939], [-3.75855553579134, 50.85295767882199], [-3.7574910685183123, 50.85191244787576], [-3.7575805714528667, 50.8507410025446], [-3.7583690068130697, 50.84814785823977], [-3.7719013191423714, 50.84605011035621], [-3.775230803315617, 50.84978662666554]]]}}, {"type": "Feature", "properties": {"type": "postcode-cell", "postcode": "EX17 5LQ", "postcodes": ["EX17 5LQ"]}, "geometry": {"type": "Polygon", "coordinates": [[[-3.7756517287898075, 50.83747764445076], [-3.7624473379572, 50.834370928598865], [-3.7558295026218476, 50.820997493103114], [-3.7561899898475954, 50.820999994817775], [-3.757109989847912, 50.821609994818246], [-3.7593499898491585, 50.822069994818584], [-3.759309989848994, 50.82236999481884], [-3.7615999898496386, 50.82419999482025], [-3.7639399898513752, 50.823749994819885], [-3.7642099898513575, 50.82416999482022], [-3.7647099898518475, 50.823819994819914], [-3.7657999898522325, 50.82451999482048], [-3.7670899898532144, 50.82421999482021], [-3.7697099898540105, 50.82618999482175], [-3.770589989854667, 50.82601999482162], [-3.771099989854605, 50.82686999482231], [-3.772049989855225, 50.82686999482229], [-3.7722599898552063, 50.82720999482257], [-3.7729499898557344, 50.827039994822414], [-3.773179989855685, 50.827469994822756], [-3.7740699898561614, 50.827699994822915], [-3.7738699898557857, 50.828229994823374], [-3.7741899898558997, 50.828429994823516], [-3.7720899898538685, 50.82985999482468], [-3.771219989853216, 50.830039994824816], [-3.770999989852343, 50.8316199948261], [-3.771679989852591, 50.83203999482643], [-3.7725299898531204, 50.832099994826464], [-3.773279989853309, 50.83274999482696], [-3.773489989853532, 50.83255999482682], [-3.7743999898540395, 50.83274999482696], [-3.774839989853848, 50.83378999482779], [-3.7756399898544775, 50.83355999482761], [-3.7759499898544893, 50.83396999482792], [-3.7762999898549183, 50.83353999482759], [-3.7768099898551917, 50.83365999482767], [-3.7771499898555563, 50.83335999482743], [-3.7773399898555517, 50.83363999482764], [-3.778269989856081, 50.833809994827774], [-3.778449989856326, 50.833529994827565], [-3.7796199898568603, 50.83402999482793], [-3.780549989856958, 50.83513999482883], [-3.7803926950179, 50.83579913809642], [-3.7756517287898075, 50.83747764445076]]]}}, {"type": "Feature", "properties": {"type": "postcode-cell", "postcode": "EX17 6NF", "postcodes": ["EX17 6NF"]}, "geometry": {"type": "Polygon", "coordinates": [[[-3.7709506299964137, 50.86019629996038], [-3.7850250030432457, 50.861268777822495], [-3.78491998984761, 50.86156999484997], [-3.7841499898469713, 50.86185999485021], [-3.782759989846227, 50.861499994849936], [-3.782719989845901, 50.862149994850455], [-3.781979989845472, 50.86202999485036], [-3.7816199898450615, 50.86240999485069], [-3.7814699898444952, 50.86341999485149], [-3.7807999898442124, 50.8630799948512], [-3.7801499898436366, 50.8634099948515], [-3.780389989843356, 50.86435999485226], [-3.7789499898425074, 50.86414999485211], [-3.7782199898416797, 50.86490999485274], [-3.777599989841425, 50.86457999485245], [-3.7766399898406062, 50.864989994852806], [-3.777319989840334, 50.866549994854054], [-3.7764699898395055, 50.86713999485455], [-3.7785399898405356, 50.86783999485508], [-3.7782799898401556, 50.86829999485545], [-3.7790399898399927, 50.86972999485657], [-3.7784299898392506, 50.870469994857174], [-3.777269989838256, 50.87097999485762], [-3.7773499898381244, 50.87137999485793], [-3.775749989837161, 50.871189994857794], [-3.7760699898371137, 50.87174999485824], [-3.7745799898359946, 50.8720599948585], [-3.7740999898353516, 50.87276999485908], [-3.7745099898352694, 50.873529994859695], [-3.774051394685161, 50.87381739149702], [-3.7709506299964137, 50.86019629996038]]]}}, {"type": "Feature", "properties": {"type": "postcode-cell", "postcode": "EX17 6RJ", "postcodes": ["EX17 6RJ"]}, "geometry": {"type": "Polygon", "coordinates": [[[-3.7709506299964137, 50.86019629996038], [-3.774051394685161, 50.87381739149702], [-3.7722599898331466, 50.87493999486085], [-3.7722186601915397, 50.87515040179912], [-3.7588945661657465, 50.86450989552473], [-3.7589159581675067, 50.864203765130334], [-3.7702236066734875, 50.85987208518963], [-3.7709506299964137, 50.86019629996038]]]}}, {"type": "Feature", "properties": {"type": "postcode-cell", "postcode": "EX17 4PU", "postcodes": ["EX17 4PU"]}, "geometry": {"type": "Polygon", "coordinates": [[[-3.728001203721647, 50.82064480065591], [-3.724259387481565, 50.82142349311749], [-3.7213696708926687, 50.82138961074178], [-3.720271555501386, 50.82070678701124], [-3.7168436746598, 50.81608892891655], [-3.7208628923494858, 50.81101832459846], [-3.720849989828916, 50.81169999481079], [-3.7217899898281117, 50.81473999481321], [-3.724979989830353, 50.814379994812874], [-3.729989989833507, 50.81459999481299], [-3.731989989833516, 50.81737999481518], [-3.733069989834411, 50.81696999481484], [-3.7333699898344967, 50.817199994815006], [-3.733666536552754, 50.81755855538917], [-3.728001203721647, 50.82064480065591]]]}}, {"type": "Feature", "properties": {"type": "postcode-cell", "postcode": "EX17 6RH", "postcodes": ["EX17 6RH"]}, "geometry": {"type": "Polygon", "coordinates": [[[-3.751429674399072, 50.868889823800686], [-3.7588945661657465, 50.86450989552473], [-3.7722186601915397, 50.87515040179912], [-3.772149989832815, 50.8754999948613], [-3.77046998983169, 50.87554999486135], [-3.76993998983114, 50.875989994861726], [-3.768719989830412, 50.87583999486162], [-3.7685599898300994, 50.87628999486197], [-3.767109989828978, 50.87665999486229], [-3.7664699898287446, 50.876259994861975], [-3.766019989828306, 50.87656999486221], [-3.7640199898270597, 50.87643999486214], [-3.7625899898258535, 50.87701999486262], [-3.7620699898255396, 50.87695999486257], [-3.7617499898255393, 50.8765099948622], [-3.761609989825319, 50.87678999486244], [-3.7608399898248046, 50.876809994862455], [-3.7586799898234977, 50.87657999486232], [-3.757399989822557, 50.87679999486249], [-3.7569599898224633, 50.87637999486214], [-3.755129989821229, 50.876459994862245], [-3.7535799898200537, 50.87680999486255], [-3.7531599898195744, 50.87724999486289], [-3.7515699898183508, 50.87764999486323], [-3.7513499898180376, 50.878019994863536], [-3.750769989817713, 50.877899994863434], [-3.7494699898166113, 50.878449994863914], [-3.7488199898161922, 50.87842999486391], [-3.7484360363343967, 50.878581193468484], [-3.751429674399072, 50.868889823800686]]]}}, {"type": "Feature", "properties": {"type": "postcode-cell", "postcode": "EX17 6RG", "postcodes": ["EX17 6RG"]}, "geometry": {"type": "Polygon", "coordinates": [[[-3.7588945661657465, 50.86450989552473], [-3.751429674399072, 50.868889823800686], [-3.7417088301790815, 50.86389516900351], [-3.742007280854475, 50.86110384233534], [-3.751592602663461, 50.86069510432599], [-3.7540321602466067, 50.861151077666136], [-3.7557469601339113, 50.86169298647431], [-3.7589159581675067, 50.864203765130334], [-3.7588945661657465, 50.86450989552473]]]}}, {"type": "Feature", "properties": {"type": "postcode-cell", "postcode": "EX17 6SJ", "postcodes": ["EX17 6SJ"]}, "geometry": {"type": "Polygon", "coordinates": [[[-3.7583690068130697, 50.84814785823977], [-3.757067743269826, 50.84748763589414], [-3.7529511144761383, 50.844169992497626], [-3.7524204497914746, 50.84365083090517], [-3.7515389710592446, 50.84248706152776], [-3.7517151198685808, 50.83831914544798], [-3.7624473379572, 50.834370928598865], [-3.7756517287898075, 50.83747764445076], [-3.7719013191423714, 50.84605011035621], [-3.7583690068130697, 50.84814785823977]]]}}, {"type": "Feature", "properties": {"type": "postcode-cell", "postcode": "EX17 6RL", "postcodes": ["EX17 6RL"]}, "geometry": {"type": "Polygon", "coordinates": [[[-3.7702236066734875, 50.85987208518963], [-3.7589159581675067, 50.864203765130334], [-3.7557469601339113, 50.86169298647431], [-3.7569196014655564, 50.860173476659845], [-3.763707117712595, 50.85587853381939], [-3.7694758971601576, 50.8573121236377], [-3.7702236066734875, 50.85987208518963]]]}}, {"type": "Feature", "properties": {"type": "postcode-cell", "postcode": "EX17 6NR", "postcodes": ["EX17 6NR"]}, "geometry": {"type": "Polygon", "coordinates": [[[-3.753156506603303, 50.85343091257928], [-3.749525734431683, 50.85429003417495], [-3.7490067891176966, 50.854128107563575], [-3.748766433167451, 50.853380598499925], [-3.7547316339732846, 50.85293242841744], [-3.753156506603303, 50.85343091257928]]]}}, {"type": "Feature", "properties": {"type": "postcode-cell", "postcode": "EX17 6NT", "postcodes": ["EX17 6NT"]}, "geometry": {"type": "Polygon", "coordinates": [[[-3.7547316339732846, 50.85293242841744], [-3.7549339901993593, 50.852902990127184], [-3.752886550119561, 50.854457853917175], [-3.751248531964708, 50.85509688406238], [-3.7502837930810613, 50.855052903948696], [-3.7500661071384456, 50.85490129925595], [-3.7499482602388428, 50.8547303601753], [-3.7499663457242405, 50.854591497070174], [-3.753156506603303, 50.85343091257928], [-3.7547316339732846, 50.85293242841744]]]}}, {"type": "Feature", "properties": {"type": "postcode-cell", "postcode": "EX17 6RN", "postcodes": ["EX17 6RN"]}, "geometry": {"type": "Polygon", "coordinates": [[[-3.763707117712595, 50.85587853381939], [-3.7569196014655564, 50.860173476659845], [-3.75855553579134, 50.85295767882199], [-3.763707117712595, 50.85587853381939]]]}}, {"type": "Feature", "properties": {"type": "postcode-cell", "postcode": "EX17 6FR", "postcodes": ["EX17 6FR"]}, "geometry": {"type": "Polygon", "coordinates": [[[-3.7569196014655564, 50.860173476659845], [-3.7557469601339113, 50.86169298647431], [-3.7540321602466067, 50.861151077666136], [-3.7547883526854764, 50.855903728460376], [-3.757432586023682, 50.85194679542856], [-3.7574910685183123, 50.85191244787576], [-3.75855553579134, 50.85295767882199], [-3.7569196014655564, 50.860173476659845]]]}}, {"type": "Feature", "properties": {"type": "postcode-cell", "postcode": "EX17 4QZ", "postcodes": ["EX17 4QZ"]}, "geometry": {"type": "Polygon", "coordinates": [[[-3.6869645904213493, 50.885657930068966], [-3.701826959106313, 50.89104782501078], [-3.70031998977859, 50.89126999487472], [-3.6989299897771515, 50.89241999487566], [-3.698579989776985, 50.89228999487557], [-3.6978699897763443, 50.892669994875874], [-3.6979499897761805, 50.893139994876265], [-3.69504998977401, 50.893749994876764], [-3.693009989772312, 50.894539994877434], [-3.6924499897712657, 50.896009994878604], [-3.6913099897703012, 50.89648999487903], [-3.6865799897684393, 50.89386999487695], [-3.681639989766056, 50.892079994875566], [-3.679639989764899, 50.89176999487535], [-3.67861998976417, 50.89190999487548], [-3.676289989762964, 50.891249994874975], [-3.6758275830532052, 50.8912080684114], [-3.6869645904213493, 50.885657930068966]]]}}, {"type": "Feature", "properties": {"type": "postcode-cell", "postcode": "EX17 6RE", "postcodes": ["EX17 6RE"]}, "geometry": {"type": "Polygon", "coordinates": [[[-3.740807723204073, 50.85776064990456], [-3.741355896591945, 50.859996896777254], [-3.741387560327396, 50.86057462646893], [-3.7264649095501454, 50.86065908292776], [-3.723180088802351, 50.852188396032766], [-3.727618999785354, 50.85027490364215], [-3.740038186625544, 50.85644928937079], [-3.740807723204073, 50.85776064990456]]]}}, {"type": "Feature", "properties": {"type": "postcode-cell", "postcode": "EX17 6PJ", "postcodes": ["EX17 6PJ"]}, "geometry": {"type": "Polygon", "coordinates": [[[-3.740038186625544, 50.85644928937079], [-3.742175375475665, 50.85394558815511], [-3.7458708064397284, 50.85274501610202], [-3.7469310721401956, 50.8549549610732], [-3.740807723204073, 50.85776064990456], [-3.740038186625544, 50.85644928937079]]]}}, {"type": "Feature", "properties": {"type": "postcode-cell", "postcode": "EX17 6NW", "postcodes": ["EX17 6NW"]}, "geometry": {"type": "Polygon", "coordinates": [[[-3.757432586023682, 50.85194679542856], [-3.7549339901993593, 50.852902990127184], [-3.7547316339732846, 50.85293242841744], [-3.748766433167451, 50.853380598499925], [-3.7485143563381147, 50.85329171315631], [-3.74670396008543, 50.852185305239296], [-3.746711271432286, 50.85215970456408], [-3.7575805714528667, 50.8507410025446], [-3.7574910685183123, 50.85191244787576], [-3.757432586023682, 50.85194679542856]]]}}, {"type": "Feature", "properties": {"type": "postcode-cell", "postcode": "EX17 6NZ", "postcodes": ["EX17 6NZ"]}, "geometry": {"type": "Polygon", "coordinates": [[[-3.7547883526854764, 50.855903728460376], [-3.7522617684571595, 50.85661594777589], [-3.7522552856451874, 50.8566055809339], [-3.7521347895808392, 50.85607135142609], [-3.752886550119561, 50.854457853917175], [-3.7549339901993593, 50.852902990127184], [-3.757432586023682, 50.85194679542856], [-3.7547883526854764, 50.855903728460376]]]}}, {"type": "Feature", "properties": {"type": "postcode-cell", "postcode": "EX17 6PB", "postcodes": ["EX17 6PB"]}, "geometry": {"type": "Polygon", "coordinates": [[[-3.7522552856451874, 50.8566055809339], [-3.7506557037353394, 50.85620051445199], [-3.7508819506138575, 50.85589208603767], [-3.7521347895808392, 50.85607135142609], [-3.7522552856451874, 50.8566055809339]]]}}, {"type": "Feature", "properties": {"type": "postcode-cell", "postcode": "EX17 6PA", "postcodes": ["EX17 6PA"]}, "geometry": {"type": "Polygon", "coordinates": [[[-3.7540321602466067, 50.861151077666136], [-3.751592602663461, 50.86069510432599], [-3.7515599071745465, 50.860413374601634], [-3.7522617684571595, 50.85661594777589], [-3.7547883526854764, 50.855903728460376], [-3.7540321602466067, 50.861151077666136]]]}}, {"type": "Feature", "properties": {"type": "postcode-cell", "postcode": "EX17 5NZ", "postcodes": ["EX17 5NZ"]}, "geometry": {"type": "Polygon", "coordinates": [[[-3.73857082303971, 50.83347597881905], [-3.737319612032606, 50.8336755715505], [-3.728001203721647, 50.82064480065591], [-3.733666536552754, 50.81755855538917], [-3.7344699898345928, 50.81852999481606], [-3.7347399898342712, 50.81960999481693], [-3.7397899898373934, 50.81995999481714], [-3.7412599898384253, 50.81979999481702], [-3.7420999898392355, 50.819229994816546], [-3.7443099898408048, 50.818949994816286], [-3.751569989845271, 50.819509994816634], [-3.7521448852860146, 50.81989477296863], [-3.73857082303971, 50.83347597881905]]]}}, {"type": "Feature", "properties": {"type": "postcode-cell", "postcode": "EX17 6SH", "postcodes": ["EX17 6SH"]}, "geometry": {"type": "Polygon", "coordinates": [[[-3.7517151198685808, 50.83831914544798], [-3.73857082303971, 50.83347597881905], [-3.7521448852860146, 50.81989477296863], [-3.752839989845707, 50.820359994817295], [-3.7540199898464315, 50.82045999481738], [-3.7547499898466605, 50.8209899948178], [-3.7558295026218476, 50.820997493103114], [-3.7624473379572, 50.834370928598865], [-3.7517151198685808, 50.83831914544798]]]}}, {"type": "Feature", "properties": {"type": "postcode-cell", "postcode": "EX17 6NX", "postcodes": ["EX17 6NX"]}, "geometry": {"type": "Polygon", "coordinates": [[[-3.7508295920979564, 50.855691801029764], [-3.7498356614965247, 50.855617022162974], [-3.7498520506404835, 50.855402081744735], [-3.7502837930810613, 50.855052903948696], [-3.751248531964708, 50.85509688406238], [-3.7508295920979564, 50.855691801029764]]]}}, {"type": "Feature", "properties": {"type": "postcode-cell", "postcode": "EX17 6NY", "postcodes": ["EX17 6NY"]}, "geometry": {"type": "Polygon", "coordinates": [[[-3.751248531964708, 50.85509688406238], [-3.752886550119561, 50.854457853917175], [-3.7521347895808392, 50.85607135142609], [-3.7508819506138575, 50.85589208603767], [-3.7508295920979564, 50.855691801029764], [-3.751248531964708, 50.85509688406238]]]}}, {"type": "Feature", "properties": {"type": "postcode-cell", "postcode": "EX17 6RA", "postcodes": ["EX17 6RA"]}, "geometry": {"type": "Polygon", "coordinates": [[[-3.7522617684571595, 50.85661594777589], [-3.7515599071745465, 50.860413374601634], [-3.749934044032668, 50.85659170976825], [-3.7506557037353394, 50.85620051445199], [-3.7522552856451874, 50.8566055809339], [-3.7522617684571595, 50.85661594777589]]]}}, {"type": "Feature", "properties": {"type": "postcode-cell", "postcode": "EX17 6PD", "postcodes": ["EX17 6PD"]}, "geometry": {"type": "Polygon", "coordinates": [[[-3.749934044032668, 50.85659170976825], [-3.7491403612745327, 50.85614760463992], [-3.7498356614965247, 50.855617022162974], [-3.7508295920979564, 50.855691801029764], [-3.7508819506138575, 50.85589208603767], [-3.7506557037353394, 50.85620051445199], [-3.749934044032668, 50.85659170976825]]]}}, {"type": "Feature", "properties": {"type": "postcode-cell", "postcode": "EX17 6NU", "postcodes": ["EX17 6NU"]}, "geometry": {"type": "Polygon", "coordinates": [[[-3.7502837930810613, 50.855052903948696], [-3.7498520506404835, 50.855402081744735], [-3.749225334005821, 50.85511927264028], [-3.7500661071384456, 50.85490129925595], [-3.7502837930810613, 50.855052903948696]]]}}, {"type": "Feature", "properties": {"type": "postcode-cell", "postcode": "EX17 6NP", "postcodes": ["EX17 6NP"]}, "geometry": {"type": "Polygon", "coordinates": [[[-3.7499663457242405, 50.854591497070174], [-3.749525734431683, 50.85429003417495], [-3.753156506603303, 50.85343091257928], [-3.7499663457242405, 50.854591497070174]]]}}, {"type": "Feature", "properties": {"type": "postcode-cell", "postcode": "EX17 6PN", "postcodes": ["EX17 6PN"]}, "geometry": {"type": "Polygon", "coordinates": [[[-3.7491403612745327, 50.85614760463992], [-3.748690132197657, 50.85608520605194], [-3.7483183585585085, 50.85546198795353], [-3.7491062563702275, 50.85509849862473], [-3.749225334005821, 50.85511927264028], [-3.7498520506404835, 50.855402081744735], [-3.7498356614965247, 50.855617022162974], [-3.7491403612745327, 50.85614760463992]]]}}, {"type": "Feature", "properties": {"type": "postcode-cell", "postcode": "EX17 6PE", "postcodes": ["EX17 6PE"]}, "geometry": {"type": "Polygon", "coordinates": [[[-3.749934044032668, 50.85659170976825], [-3.7515599071745465, 50.860413374601634], [-3.751592602663461, 50.86069510432599], [-3.742007280854475, 50.86110384233534], [-3.741387560327396, 50.86057462646893], [-3.741355896591945, 50.859996896777254], [-3.748690132197657, 50.85608520605194], [-3.7491403612745327, 50.85614760463992], [-3.749934044032668, 50.85659170976825]]]}}, {"type": "Feature", "properties": {"type": "postcode-cell", "postcode": "EX17 6NH", "postcodes": ["EX17 6NH"]}, "geometry": {"type": "Polygon", "coordinates": [[[-3.7500661071384456, 50.85490129925595], [-3.749225334005821, 50.85511927264028], [-3.7491062563702275, 50.85509849862473], [-3.7491626243676497, 50.854819511176665], [-3.7499482602388428, 50.8547303601753], [-3.7500661071384456, 50.85490129925595]]]}}, {"type": "Feature", "properties": {"type": "postcode-cell", "postcode": "EX17 6NS", "postcodes": ["EX17 6NS"]}, "geometry": {"type": "Polygon", "coordinates": [[[-3.7499482602388428, 50.8547303601753], [-3.7491626243676497, 50.854819511176665], [-3.7488499623450386, 50.8543833479608], [-3.7490067891176966, 50.854128107563575], [-3.749525734431683, 50.85429003417495], [-3.7499663457242405, 50.854591497070174], [-3.7499482602388428, 50.8547303601753]]]}}, {"type": "Feature", "properties": {"type": "postcode-cell", "postcode": "EX17 6SD", "postcodes": ["EX17 6SD"]}, "geometry": {"type": "Polygon", "coordinates": [[[-3.7575805714528667, 50.8507410025446], [-3.746711271432286, 50.85215970456408], [-3.746052984603758, 50.850372750423], [-3.757067743269826, 50.84748763589414], [-3.7583690068130697, 50.84814785823977], [-3.7575805714528667, 50.8507410025446]]]}}, {"type": "Feature", "properties": {"type": "postcode-cell", "postcode": "EX17 6PG", "postcodes": ["EX17 6PG"]}, "geometry": {"type": "Polygon", "coordinates": [[[-3.7491062563702275, 50.85509849862473], [-3.7483183585585085, 50.85546198795353], [-3.747430102384335, 50.85501454212174], [-3.7488499623450386, 50.8543833479608], [-3.7491626243676497, 50.854819511176665], [-3.7491062563702275, 50.85509849862473]]]}}, {"type": "Feature", "properties": {"type": "postcode-cell", "postcode": "EX17 6PQ", "postcodes": ["EX17 6PQ"]}, "geometry": {"type": "Polygon", "coordinates": [[[-3.7490067891176966, 50.854128107563575], [-3.7488499623450386, 50.8543833479608], [-3.747430102384335, 50.85501454212174], [-3.747051860912056, 50.85495240174041], [-3.7485143563381147, 50.85329171315631], [-3.748766433167451, 50.853380598499925], [-3.7490067891176966, 50.854128107563575]]]}}, {"type": "Feature", "properties": {"type": "postcode-cell", "postcode": "EX17 6SE", "postcodes": ["EX17 6SE"]}, "geometry": {"type": "Polygon", "coordinates": [[[-3.746052984603758, 50.850372750423], [-3.744526310953916, 50.84969692938853], [-3.7529511144761383, 50.844169992497626], [-3.757067743269826, 50.84748763589414], [-3.746052984603758, 50.850372750423]]]}}, {"type": "Feature", "properties": {"type": "postcode-cell", "postcode": "EX17 6RQ", "postcodes": ["EX17 6RQ"]}, "geometry": {"type": "Polygon", "coordinates": [[[-3.7484360363343967, 50.878581193468484], [-3.748257493798543, 50.878651501701285], [-3.7355480286299887, 50.86971271300373], [-3.7417088301790815, 50.86389516900351], [-3.751429674399072, 50.868889823800686], [-3.7484360363343967, 50.878581193468484]]]}}, {"type": "Feature", "properties": {"type": "postcode-cell", "postcode": "EX17 6PF", "postcodes": ["EX17 6PF"]}, "geometry": {"type": "Polygon", "coordinates": [[[-3.741355896591945, 50.859996896777254], [-3.740807723204073, 50.85776064990456], [-3.7469310721401956, 50.8549549610732], [-3.747051860912056, 50.85495240174041], [-3.747430102384335, 50.85501454212174], [-3.7483183585585085, 50.85546198795353], [-3.748690132197657, 50.85608520605194], [-3.741355896591945, 50.859996896777254]]]}}, {"type": "Feature", "properties": {"type": "postcode-cell", "postcode": "EX17 6PH", "postcodes": ["EX17 6PH"]}, "geometry": {"type": "Polygon", "coordinates": [[[-3.747051860912056, 50.85495240174041], [-3.7469310721401956, 50.8549549610732], [-3.7458708064397284, 50.85274501610202], [-3.74670396008543, 50.852185305239296], [-3.7485143563381147, 50.85329171315631], [-3.747051860912056, 50.85495240174041]]]}}, {"type": "Feature", "properties": {"type": "postcode-cell", "postcode": "EX17 6PL", "postcodes": ["EX17 6PL"]}, "geometry": {"type": "Polygon", "coordinates": [[[-3.746711271432286, 50.85215970456408], [-3.74670396008543, 50.852185305239296], [-3.7458708064397284, 50.85274501610202], [-3.742175375475665, 50.85394558815511], [-3.740968684453704, 50.84905834650477], [-3.743006415792796, 50.84931096270358], [-3.744526310953916, 50.84969692938853], [-3.746052984603758, 50.850372750423], [-3.746711271432286, 50.85215970456408]]]}}, {"type": "Feature", "properties": {"type": "postcode-cell", "postcode": "EX17 6SF", "postcodes": ["EX17 6SF"]}, "geometry": {"type": "Polygon", "coordinates": [[[-3.7529511144761383, 50.844169992497626], [-3.744526310953916, 50.84969692938853], [-3.743006415792796, 50.84931096270358], [-3.7478486861964933, 50.8460550760033], [-3.7524204497914746, 50.84365083090517], [-3.7529511144761383, 50.844169992497626]]]}}, {"type": "Feature", "properties": {"type": "postcode-cell", "postcode": "EX17 6RF", "postcodes": ["EX17 6RF"]}, "geometry": {"type": "Polygon", "coordinates": [[[-3.742007280854475, 50.86110384233534], [-3.7417088301790815, 50.86389516900351], [-3.7355480286299887, 50.86971271300373], [-3.729833534830066, 50.869572704502744], [-3.7252664762296996, 50.8624274449623], [-3.7264649095501454, 50.86065908292776], [-3.741387560327396, 50.86057462646893], [-3.742007280854475, 50.86110384233534]]]}}, {"type": "Feature", "properties": {"type": "postcode-cell", "postcode": "EX17 6FL", "postcodes": ["EX17 6FL"]}, "geometry": {"type": "Polygon", "coordinates": [[[-3.7524204497914746, 50.84365083090517], [-3.7478486861964933, 50.8460550760033], [-3.739699143195948, 50.84851221840781], [-3.733390646584634, 50.84615804060503], [-3.7515389710592446, 50.84248706152776], [-3.7524204497914746, 50.84365083090517]]]}}, {"type": "Feature", "properties": {"type": "postcode-cell", "postcode": "EX17 6SG", "postcodes": ["EX17 6SG"]}, "geometry": {"type": "Polygon", "coordinates": [[[-3.740968684453704, 50.84905834650477], [-3.739699143195948, 50.84851221840781], [-3.7478486861964933, 50.8460550760033], [-3.743006415792796, 50.84931096270358], [-3.740968684453704, 50.84905834650477]]]}}, {"type": "Feature", "properties": {"type": "postcode-cell", "postcode": "EX17 6RU", "postcodes": ["EX17 6RU"]}, "geometry": {"type": "Polygon", "coordinates": [[[-3.739699143195948, 50.84851221840781], [-3.740968684453704, 50.84905834650477], [-3.742175375475665, 50.85394558815511], [-3.740038186625544, 50.85644928937079], [-3.727618999785354, 50.85027490364215], [-3.7318695135393716, 50.84601076294957], [-3.733390646584634, 50.84615804060503], [-3.739699143195948, 50.84851221840781]]]}}, {"type": "Feature", "properties": {"type": "postcode-cell", "postcode": "EX17 6SQ", "postcodes": ["EX17 6SQ"]}, "geometry": {"type": "Polygon", "coordinates": [[[-3.7515389710592446, 50.84248706152776], [-3.733390646584634, 50.84615804060503], [-3.7318695135393716, 50.84601076294957], [-3.7293897522399155, 50.83774272719469], [-3.7310776340465566, 50.836151245813106], [-3.737319612032606, 50.8336755715505], [-3.73857082303971, 50.83347597881905], [-3.7517151198685808, 50.83831914544798], [-3.7515389710592446, 50.84248706152776]]]}}, {"type": "Feature", "properties": {"type": "postcode-cell", "postcode": "EX17 4QF", "postcodes": ["EX17 4QF"]}, "geometry": {"type": "Polygon", "coordinates": [[[-3.726165700571482, 50.87175506199025], [-3.729833534830066, 50.869572704502744], [-3.7355480286299887, 50.86971271300373], [-3.748257493798543, 50.878651501701285], [-3.746889989814581, 50.87918999486453], [-3.7465199898144714, 50.8788999948643], [-3.7461899898141224, 50.87918999486454], [-3.7451099898136224, 50.87873999486419], [-3.7448199898133434, 50.87893999486435], [-3.743109989812341, 50.87868999486416], [-3.7423299898115987, 50.87918999486458], [-3.7418099898112738, 50.87915999486456], [-3.7409299898102533, 50.88011999486533], [-3.740359989809905, 50.88006999486531], [-3.740529989809835, 50.8804599948656], [-3.739289989808833, 50.88086999486596], [-3.7381199898084083, 50.88013999486537], [-3.736869989807649, 50.88001999486531], [-3.735369989806431, 50.88052999486573], [-3.7343899898058295, 50.88044999486568], [-3.73377998980524, 50.88085999486601], [-3.732289989804449, 50.88046999486572], [-3.7315999898037107, 50.881089994866215], [-3.730949989803481, 50.88066999486589], [-3.7309899898032937, 50.881129994866264], [-3.7302299898027043, 50.88132999486643], [-3.7300576542826582, 50.88131831141839], [-3.726165700571482, 50.87175506199025]]]}}, {"type": "Feature", "properties": {"type": "postcode-cell", "postcode": "EX17 6RX", "postcodes": ["EX17 6RX"]}, "geometry": {"type": "Polygon", "coordinates": [[[-3.727618999785354, 50.85027490364215], [-3.723180088802351, 50.852188396032766], [-3.710549217086177, 50.85156384358274], [-3.7066081012519034, 50.84527547917118], [-3.718495740492087, 50.837943109498], [-3.7293897522399155, 50.83774272719469], [-3.7318695135393716, 50.84601076294957], [-3.727618999785354, 50.85027490364215]]]}}, {"type": "Feature", "properties": {"type": "postcode-cell", "postcode": "EX17 5NY", "postcodes": ["EX17 5NY"]}, "geometry": {"type": "Polygon", "coordinates": [[[-3.7310776340465566, 50.836151245813106], [-3.725340009003562, 50.83101288735972], [-3.724259387481565, 50.82142349311749], [-3.728001203721647, 50.82064480065591], [-3.737319612032606, 50.8336755715505], [-3.7310776340465566, 50.836151245813106]]]}}, {"type": "Feature", "properties": {"type": "postcode-cell", "postcode": "EX17 4PX", "postcodes": ["EX17 4PX"]}, "geometry": {"type": "Polygon", "coordinates": [[[-3.725340009003562, 50.83101288735972], [-3.7124341549832742, 50.82760212639266], [-3.7213696708926687, 50.82138961074178], [-3.724259387481565, 50.82142349311749], [-3.725340009003562, 50.83101288735972]]]}}, {"type": "Feature", "properties": {"type": "postcode-cell", "postcode": "EX17 6RZ", "postcodes": ["EX17 6RZ"]}, "geometry": {"type": "Polygon", "coordinates": [[[-3.7252664762296996, 50.8624274449623], [-3.71353858656314, 50.864487805895], [-3.7077641140302475, 50.86138430932612], [-3.7102178762870546, 50.85186520571875], [-3.710549217086177, 50.85156384358274], [-3.723180088802351, 50.852188396032766], [-3.7264649095501454, 50.86065908292776], [-3.7252664762296996, 50.8624274449623]]]}}, {"type": "Feature", "properties": {"type": "postcode-cell", "postcode": "EX17 4QE", "postcodes": ["EX17 4QE"]}, "geometry": {"type": "Polygon", "coordinates": [[[-3.729833534830066, 50.869572704502744], [-3.726165700571482, 50.87175506199025], [-3.7149506748045837, 50.87265248911483], [-3.714360279814774, 50.87236909865033], [-3.71353858656314, 50.864487805895], [-3.7252664762296996, 50.8624274449623], [-3.729833534830066, 50.869572704502744]]]}}, {"type": "Feature", "properties": {"type": "postcode-cell", "postcode": "EX17 4PS", "postcodes": ["EX17 4PS"]}, "geometry": {"type": "Polygon", "coordinates": [[[-3.7293897522399155, 50.83774272719469], [-3.718495740492087, 50.837943109498], [-3.7071271628331246, 50.82926665374148], [-3.7124341549832742, 50.82760212639266], [-3.725340009003562, 50.83101288735972], [-3.7310776340465566, 50.836151245813106], [-3.7293897522399155, 50.83774272719469]]]}}, {"type": "Feature", "properties": {"type": "postcode-cell", "postcode": "EX17 4PH", "postcodes": ["EX17 4PH"]}, "geometry": {"type": "Polygon", "coordinates": [[[-3.7100009988817866, 50.81135148713244], [-3.6995429299309572, 50.81116374327067], [-3.6979644782339864, 50.808779380811316], [-3.69856372048847, 50.80707565742304], [-3.7011099898186726, 50.80618999480662], [-3.706969989822673, 50.80575999480624], [-3.7078999898231824, 50.80595999480635], [-3.7079999898224645, 50.807639994807694], [-3.713279989825485, 50.80850999480833], [-3.714826929701659, 50.8085457394184], [-3.7100009988817866, 50.81135148713244]]]}}, {"type": "Feature", "properties": {"type": "postcode-cell", "postcode": "EX17 4QD", "postcodes": ["EX17 4QD"]}, "geometry": {"type": "Polygon", "coordinates": [[[-3.7149506748045837, 50.87265248911483], [-3.726165700571482, 50.87175506199025], [-3.7300576542826582, 50.88131831141839], [-3.729639989802337, 50.881289994866385], [-3.7298499898026245, 50.88096999486614], [-3.729359989802429, 50.880699994865935], [-3.7289799898020086, 50.88106999486622], [-3.72769998980122, 50.88096999486615], [-3.727399989800769, 50.8815199948666], [-3.7273099898008546, 50.88120999486637], [-3.7254699897994503, 50.88164999486675], [-3.724639989798997, 50.88145999486658], [-3.723329989797914, 50.881949994867], [-3.722639989797683, 50.881479994866645], [-3.7216999897970213, 50.881579994866705], [-3.721469989796716, 50.881919994867], [-3.7212499897966835, 50.881679994866815], [-3.7208199897963, 50.881899994867], [-3.719909989795837, 50.88161999486676], [-3.71916998979507, 50.882229994867245], [-3.7190199897951084, 50.88193999486704], [-3.7173299897940195, 50.88190999486703], [-3.7174499897939026, 50.88232999486737], [-3.716739989793491, 50.88221999486729], [-3.71642636708951, 50.882634428043], [-3.7149506748045837, 50.87265248911483]]]}}, {"type": "Feature", "properties": {"type": "postcode-cell", "postcode": "EX17 4RA", "postcodes": ["EX17 4RA"]}, "geometry": {"type": "Polygon", "coordinates": [[[-3.6869645904213493, 50.885657930068966], [-3.687252014175815, 50.88353269307255], [-3.6953874513452907, 50.87938091508881], [-3.697134427743486, 50.879356749201314], [-3.7089891228416527, 50.88726818334999], [-3.707579989785048, 50.88754999487165], [-3.705569989783723, 50.88757999487171], [-3.705899989783739, 50.888009994872036], [-3.7051299897829457, 50.88863999487256], [-3.7046399897826476, 50.88858999487252], [-3.7046199897822314, 50.889459994873235], [-3.70375998978144, 50.88995999487365], [-3.703439989780837, 50.89080999487433], [-3.701826959106313, 50.89104782501078], [-3.6869645904213493, 50.885657930068966]]]}}, {"type": "Feature", "properties": {"type": "postcode-cell", "postcode": "EX17 4QB", "postcodes": ["EX17 4QB"]}, "geometry": {"type": "Polygon", "coordinates": [[[-3.71353858656314, 50.864487805895], [-3.714360279814774, 50.87236909865033], [-3.7067225635400134, 50.87287467902981], [-3.706052842083117, 50.87263018739464], [-3.70123288079369, 50.870554126750086], [-3.6988782632248984, 50.86831521452877], [-3.7005336283826535, 50.86354111878156], [-3.7077641140302475, 50.86138430932612], [-3.71353858656314, 50.864487805895]]]}}, {"type": "Feature", "properties": {"type": "postcode-cell", "postcode": "EX17 4QJ", "postcodes": ["EX17 4QJ"]}, "geometry": {"type": "Polygon", "coordinates": [[[-3.7149506748045837, 50.87265248911483], [-3.71642636708951, 50.882634428043], [-3.7161799897927836, 50.88295999486788], [-3.713659989790759, 50.883779994868576], [-3.7139699897908587, 50.88399999486874], [-3.713268819921102, 50.88446562101262], [-3.7034896522880247, 50.8774617104653], [-3.7067225635400134, 50.87287467902981], [-3.714360279814774, 50.87236909865033], [-3.7149506748045837, 50.87265248911483]]]}}, {"type": "Feature", "properties": {"type": "postcode-cell", "postcode": "EX17 4PR", "postcodes": ["EX17 4PR"]}, "geometry": {"type": "Polygon", "coordinates": [[[-3.7124341549832742, 50.82760212639266], [-3.7071271628331246, 50.82926665374148], [-3.7069188959743897, 50.829251318669556], [-3.7070321118554586, 50.821659209749], [-3.7119189648718165, 50.82044598697028], [-3.719585773672196, 50.82063979849401], [-3.720271555501386, 50.82070678701124], [-3.7213696708926687, 50.82138961074178], [-3.7124341549832742, 50.82760212639266]]]}}, {"type": "Feature", "properties": {"type": "postcode-cell", "postcode": "EX17 4PL", "postcodes": ["EX17 4PL"]}, "geometry": {"type": "Polygon", "coordinates": [[[-3.720271555501386, 50.82070678701124], [-3.719585773672196, 50.82063979849401], [-3.711668608370185, 50.81837861695156], [-3.7108738667091283, 50.81579910017076], [-3.7121908547323925, 50.81505433101701], [-3.7168436746598, 50.81608892891655], [-3.720271555501386, 50.82070678701124]]]}}, {"type": "Feature", "properties": {"type": "postcode-cell", "postcode": "EX17 4PJ", "postcodes": ["EX17 4PJ"]}, "geometry": {"type": "Polygon", "coordinates": [[[-3.7100009988817866, 50.81135148713244], [-3.714826929701659, 50.8085457394184], [-3.717609989828248, 50.80860999480836], [-3.7177499898289548, 50.807289994807306], [-3.7201499898305674, 50.80716999480716], [-3.720099989829895, 50.80854999480828], [-3.7209099898304294, 50.80852999480825], [-3.7208628923494858, 50.81101832459846], [-3.7168436746598, 50.81608892891655], [-3.7121908547323925, 50.81505433101701], [-3.7100009988817866, 50.81135148713244]]]}}, {"type": "Feature", "properties": {"type": "postcode-cell", "postcode": "EX17 4PT", "postcodes": ["EX17 4PT"]}, "geometry": {"type": "Polygon", "coordinates": [[[-3.7121908547323925, 50.81505433101701], [-3.7108738667091283, 50.81579910017076], [-3.7051284581135833, 50.817821167455165], [-3.704309817826699, 50.81797019935051], [-3.6982095698209383, 50.81624638734394], [-3.6995429299309572, 50.81116374327067], [-3.7100009988817866, 50.81135148713244], [-3.7121908547323925, 50.81505433101701]]]}}, {"type": "Feature", "properties": {"type": "postcode-cell", "postcode": "EX17 4PW", "postcodes": ["EX17 4PW"]}, "geometry": {"type": "Polygon", "coordinates": [[[-3.711516897710587, 50.81843143478562], [-3.7093496015048704, 50.818664953337226], [-3.7051284581135833, 50.817821167455165], [-3.7108738667091283, 50.81579910017076], [-3.711668608370185, 50.81837861695156], [-3.711516897710587, 50.81843143478562]]]}}, {"type": "Feature", "properties": {"type": "postcode-cell", "postcode": "EX17 4PN", "postcodes": ["EX17 4PN"]}, "geometry": {"type": "Polygon", "coordinates": [[[-3.711668608370185, 50.81837861695156], [-3.719585773672196, 50.82063979849401], [-3.7119189648718165, 50.82044598697028], [-3.7109926223313825, 50.819535472139165], [-3.711516897710587, 50.81843143478562], [-3.711668608370185, 50.81837861695156]]]}}, {"type": "Feature", "properties": {"type": "postcode-cell", "postcode": "EX17 6RY", "postcodes": ["EX17 6RY"]}, "geometry": {"type": "Polygon", "coordinates": [[[-3.718495740492087, 50.837943109498], [-3.7066081012519034, 50.84527547917118], [-3.6969564288922516, 50.841562224929326], [-3.6963868228752017, 50.840765293792124], [-3.7019466350639902, 50.830020678631016], [-3.7069188959743897, 50.829251318669556], [-3.7071271628331246, 50.82926665374148], [-3.718495740492087, 50.837943109498]]]}}, {"type": "Feature", "properties": {"type": "postcode-cell", "postcode": "EX17 4PZ", "postcodes": ["EX17 4PZ"]}, "geometry": {"type": "Polygon", "coordinates": [[[-3.7093496015048704, 50.818664953337226], [-3.711516897710587, 50.81843143478562], [-3.7109926223313825, 50.819535472139165], [-3.7093496015048704, 50.818664953337226]]]}}, {"type": "Feature", "properties": {"type": "postcode-cell", "postcode": "EX17 4PP", "postcodes": ["EX17 4PP"]}, "geometry": {"type": "Polygon", "coordinates": [[[-3.7109926223313825, 50.819535472139165], [-3.7119189648718165, 50.82044598697028], [-3.7070321118554586, 50.821659209749], [-3.704309817826699, 50.81797019935051], [-3.7051284581135833, 50.817821167455165], [-3.7093496015048704, 50.818664953337226], [-3.7109926223313825, 50.819535472139165]]]}}, {"type": "Feature", "properties": {"type": "postcode-cell", "postcode": "EX17 4PF", "postcodes": ["EX17 4PF"]}, "geometry": {"type": "Polygon", "coordinates": [[[-3.69787573614132, 50.816434184040475], [-3.683117566543233, 50.81822531718963], [-3.6816282638916076, 50.81810338014829], [-3.681310968032844, 50.81758694323046], [-3.6904722316876843, 50.81156497546469], [-3.6960706868660367, 50.80884477814851], [-3.6979644782339864, 50.808779380811316], [-3.6995429299309572, 50.81116374327067], [-3.6982095698209383, 50.81624638734394], [-3.69787573614132, 50.816434184040475]]]}}, {"type": "Feature", "properties": {"type": "postcode-cell", "postcode": "EX17 4ES", "postcodes": ["EX17 4ES"]}, "geometry": {"type": "Polygon", "coordinates": [[[-3.6982095698209383, 50.81624638734394], [-3.704309817826699, 50.81797019935051], [-3.7070321118554586, 50.821659209749], [-3.7069188959743897, 50.829251318669556], [-3.7019466350639902, 50.830020678631016], [-3.697487252554831, 50.82803390259345], [-3.69787573614132, 50.816434184040475], [-3.6982095698209383, 50.81624638734394]]]}}, {"type": "Feature", "properties": {"type": "postcode-cell", "postcode": "EX17 2EP", "postcodes": ["EX17 2EP"]}, "geometry": {"type": "Polygon", "coordinates": [[[-3.683954927449137, 50.7988516871989], [-3.6838985528415145, 50.79861544992503], [-3.6845099898113713, 50.79879999480095], [-3.690909989814938, 50.80002999480184], [-3.6960699898184854, 50.79958999480143], [-3.696509989818494, 50.8001799948019], [-3.6954399898176695, 50.80045999480213], [-3.6946399898168316, 50.80114999480271], [-3.6918199898148023, 50.80157999480307], [-3.692733283442352, 50.80283082929526], [-3.683954927449137, 50.7988516871989]]]}}, {"type": "Feature", "properties": {"type": "postcode-cell", "postcode": "EX17 4RP", "postcodes": ["EX17 4RP"]}, "geometry": {"type": "Polygon", "coordinates": [[[-3.7077641140302475, 50.86138430932612], [-3.7005336283826535, 50.86354111878156], [-3.6905898600596463, 50.85999481727429], [-3.688933873221806, 50.85541778167637], [-3.7102178762870546, 50.85186520571875], [-3.7077641140302475, 50.86138430932612]]]}}, {"type": "Feature", "properties": {"type": "postcode-cell", "postcode": "EX17 6RT", "postcodes": ["EX17 6RT"]}, "geometry": {"type": "Polygon", "coordinates": [[[-3.7102178762870546, 50.85186520571875], [-3.688933873221806, 50.85541778167637], [-3.68860914024642, 50.85523008556921], [-3.6862492680029715, 50.8501728197689], [-3.6969564288922516, 50.841562224929326], [-3.7066081012519034, 50.84527547917118], [-3.710549217086177, 50.85156384358274], [-3.7102178762870546, 50.85186520571875]]]}}, {"type": "Feature", "properties": {"type": "postcode-cell", "postcode": "EX17 4QR", "postcodes": ["EX17 4QR"]}, "geometry": {"type": "Polygon", "coordinates": [[[-3.697134427743486, 50.879356749201314], [-3.698547460642794, 50.878822021852855], [-3.7034896522880247, 50.8774617104653], [-3.713268819921102, 50.88446562101262], [-3.7126899897896304, 50.884849994869434], [-3.712859989789362, 50.88566999487009], [-3.71215998978852, 50.886499994870775], [-3.7124999897885944, 50.88681999487102], [-3.7108999897872987, 50.88735999487148], [-3.7110799897876543, 50.88684999487106], [-3.7089891228416527, 50.88726818334999], [-3.697134427743486, 50.879356749201314]]]}}, {"type": "Feature", "properties": {"type": "postcode-cell", "postcode": "EX17 4RQ", "postcodes": ["EX17 4RQ"]}, "geometry": {"type": "Polygon", "coordinates": [[[-3.7034896522880247, 50.8774617104653], [-3.698547460642794, 50.878822021852855], [-3.69915109565955, 50.87523537606566], [-3.706052842083117, 50.87263018739464], [-3.7067225635400134, 50.87287467902981], [-3.7034896522880247, 50.8774617104653]]]}}, {"type": "Feature", "properties": {"type": "postcode-cell", "postcode": "EX17 4EW", "postcodes": ["EX17 4EW"]}, "geometry": {"type": "Polygon", "coordinates": [[[-3.7019466350639902, 50.830020678631016], [-3.6963868228752017, 50.840765293792124], [-3.687359452791948, 50.83877050024918], [-3.6819758711165655, 50.82967854717755], [-3.697118240314541, 50.82799909272536], [-3.697487252554831, 50.82803390259345], [-3.7019466350639902, 50.830020678631016]]]}}, {"type": "Feature", "properties": {"type": "postcode-cell", "postcode": "EX17 4QS", "postcodes": ["EX17 4QS"]}, "geometry": {"type": "Polygon", "coordinates": [[[-3.698547460642794, 50.878822021852855], [-3.697134427743486, 50.879356749201314], [-3.6953874513452907, 50.87938091508881], [-3.694567970507426, 50.87704201471411], [-3.698436477871522, 50.87476523683405], [-3.69915109565955, 50.87523537606566], [-3.698547460642794, 50.878822021852855]]]}}, {"type": "Feature", "properties": {"type": "postcode-cell", "postcode": "EX17 4QA", "postcodes": ["EX17 4QA"]}, "geometry": {"type": "Polygon", "coordinates": [[[-3.70123288079369, 50.870554126750086], [-3.706052842083117, 50.87263018739464], [-3.69915109565955, 50.87523537606566], [-3.698436477871522, 50.87476523683405], [-3.6984759530008624, 50.87409097598677], [-3.6988107092561058, 50.872480122928984], [-3.70123288079369, 50.870554126750086]]]}}, {"type": "Feature", "properties": {"type": "postcode-cell", "postcode": "EX17 4RL", "postcodes": ["EX17 4RL"]}, "geometry": {"type": "Polygon", "coordinates": [[[-3.6988107092561058, 50.872480122928984], [-3.693361952812035, 50.87505891068012], [-3.689884464852317, 50.873116206191916], [-3.69282587803819, 50.86940693564215], [-3.6988782632248984, 50.86831521452877], [-3.70123288079369, 50.870554126750086], [-3.6988107092561058, 50.872480122928984]]]}}, {"type": "Feature", "properties": {"type": "postcode-cell", "postcode": "EX17 4RH", "postcodes": ["EX17 4RH"]}, "geometry": {"type": "Polygon", "coordinates": [[[-3.698436477871522, 50.87476523683405], [-3.694567970507426, 50.87704201471411], [-3.6943367045446287, 50.87663456907772], [-3.6984759530008624, 50.87409097598677], [-3.698436477871522, 50.87476523683405]]]}}, {"type": "Feature", "properties": {"type": "postcode-cell", "postcode": "EX17 4RJ", "postcodes": ["EX17 4RJ"]}, "geometry": {"type": "Polygon", "coordinates": [[[-3.6984759530008624, 50.87409097598677], [-3.6943367045446287, 50.87663456907772], [-3.693361952812035, 50.87505891068012], [-3.6988107092561058, 50.872480122928984], [-3.6984759530008624, 50.87409097598677]]]}}, {"type": "Feature", "properties": {"type": "postcode-cell", "postcode": "EX17 4QT", "postcodes": ["EX17 4QT"]}, "geometry": {"type": "Polygon", "coordinates": [[[-3.6953874513452907, 50.87938091508881], [-3.687252014175815, 50.88353269307255], [-3.687144741353744, 50.883427445723676], [-3.684530912693895, 50.87402616986784], [-3.689884464852317, 50.873116206191916], [-3.693361952812035, 50.87505891068012], [-3.6943367045446287, 50.87663456907772], [-3.694567970507426, 50.87704201471411], [-3.6953874513452907, 50.87938091508881]]]}}, {"type": "Feature", "properties": {"type": "postcode-cell", "postcode": "EX17 1AH", "postcodes": ["EX17 1AH"]}, "geometry": {"type": "Polygon", "coordinates": [[[-3.605847099503921, 50.787804390740725], [-3.60256544802609, 50.7847874830543], [-3.6029338574006213, 50.783586694568584], [-3.6066999897680185, 50.784329994790475], [-3.607579989768148, 50.785259994791204], [-3.60934998976885, 50.78617999479192], [-3.611809989770139, 50.786799994792375], [-3.614209406616411, 50.78690530105375], [-3.605847099503921, 50.787804390740725]]]}}, {"type": "Feature", "properties": {"type": "postcode-cell", "postcode": "EX17 4RW", "postcodes": ["EX17 4RW"]}, "geometry": {"type": "Polygon", "coordinates": [[[-3.6988782632248984, 50.86831521452877], [-3.69282587803819, 50.86940693564215], [-3.6837685733870913, 50.86540536601562], [-3.6905898600596463, 50.85999481727429], [-3.7005336283826535, 50.86354111878156], [-3.6988782632248984, 50.86831521452877]]]}}, {"type": "Feature", "properties": {"type": "postcode-cell", "postcode": "EX17 4ER", "postcodes": ["EX17 4ER"]}, "geometry": {"type": "Polygon", "coordinates": [[[-3.697487252554831, 50.82803390259345], [-3.697118240314541, 50.82799909272536], [-3.683117566543233, 50.81822531718963], [-3.69787573614132, 50.816434184040475], [-3.697487252554831, 50.82803390259345]]]}}, {"type": "Feature", "properties": {"type": "postcode-cell", "postcode": "EX17 4RR", "postcodes": ["EX17 4RR"]}, "geometry": {"type": "Polygon", "coordinates": [[[-3.6905898600596463, 50.85999481727429], [-3.6837685733870913, 50.86540536601562], [-3.678535431329051, 50.86667321620971], [-3.6728555484951517, 50.86093703484642], [-3.672746551407047, 50.86079969389994], [-3.673535466014609, 50.85812682519441], [-3.68860914024642, 50.85523008556921], [-3.688933873221806, 50.85541778167637], [-3.6905898600596463, 50.85999481727429]]]}}, {"type": "Feature", "properties": {"type": "postcode-cell", "postcode": "EX17 4EP", "postcodes": ["EX17 4EP"]}, "geometry": {"type": "Polygon", "coordinates": [[[-3.6819758711165655, 50.82967854717755], [-3.681804033535316, 50.82962894163488], [-3.680447808768106, 50.81933978923758], [-3.6816282638916076, 50.81810338014829], [-3.683117566543233, 50.81822531718963], [-3.697118240314541, 50.82799909272536], [-3.6819758711165655, 50.82967854717755]]]}}, {"type": "Feature", "properties": {"type": "postcode-cell", "postcode": "EX17 4EN", "postcodes": ["EX17 4EN"]}, "geometry": {"type": "Polygon", "coordinates": [[[-3.6969564288922516, 50.841562224929326], [-3.6862492680029715, 50.8501728197689], [-3.668197636837926, 50.84556997653352], [-3.6680927174147806, 50.84330478362806], [-3.669514665012489, 50.84245679847127], [-3.687359452791948, 50.83877050024918], [-3.6963868228752017, 50.840765293792124], [-3.6969564288922516, 50.841562224929326]]]}}, {"type": "Feature", "properties": {"type": "postcode-cell", "postcode": "EX17 4PQ", "postcodes": ["EX17 4PQ"]}, "geometry": {"type": "Polygon", "coordinates": [[[-3.6979644782339864, 50.808779380811316], [-3.6960706868660367, 50.80884477814851], [-3.6938290534639266, 50.808717914634116], [-3.6895894629284256, 50.80811454967027], [-3.6811953818308285, 50.806579178404476], [-3.6803926845906454, 50.80582035200274], [-3.683954927449137, 50.7988516871989], [-3.692733283442352, 50.80283082929526], [-3.693199989814816, 50.80346999480457], [-3.6933899898144475, 50.80451999480539], [-3.6946399898150593, 50.80494999480573], [-3.694289989814605, 50.80543999480612], [-3.694919989814633, 50.80624999480676], [-3.6949899898142555, 50.8071599948075], [-3.6979599898164826, 50.806509994806945], [-3.6983499898164367, 50.807149994807446], [-3.69856372048847, 50.80707565742304], [-3.6979644782339864, 50.808779380811316]]]}}, {"type": "Feature", "properties": {"type": "postcode-cell", "postcode": "EX17 4EA", "postcodes": ["EX17 4EA"]}, "geometry": {"type": "Polygon", "coordinates": [[[-3.6803926845906454, 50.80582035200274], [-3.6761562473758564, 50.80635258169992], [-3.669828970103544, 50.80573100699547], [-3.6690508536397597, 50.80551841580968], [-3.668562386344485, 50.80520774090108], [-3.668551015577324, 50.80519892155894], [-3.674458853553332, 50.7967589124308], [-3.6785799898083726, 50.7970099947996], [-3.6838985528415145, 50.79861544992503], [-3.683954927449137, 50.7988516871989], [-3.6803926845906454, 50.80582035200274]]]}}, {"type": "Feature", "properties": {"type": "postcode-cell", "postcode": "EX17 4RN", "postcodes": ["EX17 4RN"]}, "geometry": {"type": "Polygon", "coordinates": [[[-3.69282587803819, 50.86940693564215], [-3.689884464852317, 50.873116206191916], [-3.684530912693895, 50.87402616986784], [-3.6758639337879337, 50.87097152741989], [-3.678535431329051, 50.86667321620971], [-3.6837685733870913, 50.86540536601562], [-3.69282587803819, 50.86940693564215]]]}}, {"type": "Feature", "properties": {"type": "postcode-cell", "postcode": "EX17 4PE", "postcodes": ["EX17 4PE"]}, "geometry": {"type": "Polygon", "coordinates": [[[-3.681310968032844, 50.81758694323046], [-3.681228165977315, 50.81748045117587], [-3.682037014101993, 50.81342336988874], [-3.6858605582443604, 50.81191708715306], [-3.6904722316876843, 50.81156497546469], [-3.681310968032844, 50.81758694323046]]]}}, {"type": "Feature", "properties": {"type": "postcode-cell", "postcode": "EX17 4PG", "postcodes": ["EX17 4PG"]}, "geometry": {"type": "Polygon", "coordinates": [[[-3.6859656106223913, 50.81186500202093], [-3.6938290534639266, 50.808717914634116], [-3.6960706868660367, 50.80884477814851], [-3.6904722316876843, 50.81156497546469], [-3.6858605582443604, 50.81191708715306], [-3.6859656106223913, 50.81186500202093]]]}}, {"type": "Feature", "properties": {"type": "postcode-cell", "postcode": "EX17 4PB", "postcodes": ["EX17 4PB"]}, "geometry": {"type": "Polygon", "coordinates": [[[-3.6858605582443604, 50.81191708715306], [-3.682037014101993, 50.81342336988874], [-3.6811953818308285, 50.806579178404476], [-3.6895894629284256, 50.80811454967027], [-3.6859656106223913, 50.81186500202093], [-3.6858605582443604, 50.81191708715306]]]}}, {"type": "Feature", "properties": {"type": "postcode-cell", "postcode": "EX17 4ET", "postcodes": ["EX17 4ET"]}, "geometry": {"type": "Polygon", "coordinates": [[[-3.681310968032844, 50.81758694323046], [-3.6816282638916076, 50.81810338014829], [-3.680447808768106, 50.81933978923758], [-3.6724886836942536, 50.82146835459991], [-3.6661864196716847, 50.821001691406124], [-3.669428813470949, 50.814234324361834], [-3.671473099120273, 50.813909946115125], [-3.6720420104450993, 50.813964379528585], [-3.681228165977315, 50.81748045117587], [-3.681310968032844, 50.81758694323046]]]}}, {"type": "Feature", "properties": {"type": "postcode-cell", "postcode": "EX17 4PD", "postcodes": ["EX17 4PD"]}, "geometry": {"type": "Polygon", "coordinates": [[[-3.6859656106223913, 50.81186500202093], [-3.6895894629284256, 50.80811454967027], [-3.6938290534639266, 50.808717914634116], [-3.6859656106223913, 50.81186500202093]]]}}, {"type": "Feature", "properties": {"type": "postcode-cell", "postcode": "EX17 4EL", "postcodes": ["EX17 4EL"]}, "geometry": {"type": "Polygon", "coordinates": [[[-3.687359452791948, 50.83877050024918], [-3.669514665012489, 50.84245679847127], [-3.6749419219080117, 50.832018733033145], [-3.67846506024248, 50.83025451629058], [-3.681804033535316, 50.82962894163488], [-3.6819758711165655, 50.82967854717755], [-3.687359452791948, 50.83877050024918]]]}}, {"type": "Feature", "properties": {"type": "postcode-cell", "postcode": "EX17 4PA", "postcodes": ["EX17 4PA"]}, "geometry": {"type": "Polygon", "coordinates": [[[-3.6811953818308285, 50.806579178404476], [-3.682037014101993, 50.81342336988874], [-3.681228165977315, 50.81748045117587], [-3.6720420104450993, 50.813964379528585], [-3.6761562473758564, 50.80635258169992], [-3.6803926845906454, 50.80582035200274], [-3.6811953818308285, 50.806579178404476]]]}}, {"type": "Feature", "properties": {"type": "postcode-cell", "postcode": "EX17 4QU", "postcodes": ["EX17 4QU"]}, "geometry": {"type": "Polygon", "coordinates": [[[-3.687252014175815, 50.88353269307255], [-3.6869645904213493, 50.885657930068966], [-3.6758275830532052, 50.8912080684114], [-3.6722333664469047, 50.890882115243265], [-3.670927797643035, 50.8827655925451], [-3.6776875806605536, 50.879529934772165], [-3.687144741353744, 50.883427445723676], [-3.687252014175815, 50.88353269307255]]]}}, {"type": "Feature", "properties": {"type": "postcode-cell", "postcode": "EX17 4DR", "postcodes": ["EX17 4DR"]}, "geometry": {"type": "Polygon", "coordinates": [[[-3.687144741353744, 50.883427445723676], [-3.6776875806605536, 50.879529934772165], [-3.672321472985974, 50.87258331309513], [-3.672809573020995, 50.872237937111], [-3.6758639337879337, 50.87097152741989], [-3.684530912693895, 50.87402616986784], [-3.687144741353744, 50.883427445723676]]]}}, {"type": "Feature", "properties": {"type": "postcode-cell", "postcode": "EX17 4RS", "postcodes": ["EX17 4RS"]}, "geometry": {"type": "Polygon", "coordinates": [[[-3.673535466014609, 50.85812682519441], [-3.66817714809248, 50.85246328291931], [-3.6687099897762265, 50.85219999484378], [-3.668219989776186, 50.85159999484328], [-3.6684899897765946, 50.851099994842876], [-3.6692399897771084, 50.851039994842836], [-3.669069989777121, 50.85077999484262], [-3.6694999897775062, 50.850549994842424], [-3.6689199897772715, 50.8502499948422], [-3.669779989777939, 50.85000999484199], [-3.670109989778334, 50.84961999484169], [-3.6697499897781154, 50.849589994841665], [-3.670139989778622, 50.84904999484123], [-3.6698599897784803, 50.84895999484116], [-3.6703099897789198, 50.848639994840894], [-3.669469989778526, 50.84831999484065], [-3.669949989778959, 50.84805999484043], [-3.666419989776855, 50.84766999484016], [-3.6664038942994215, 50.84767037718316], [-3.668197636837926, 50.84556997653352], [-3.6862492680029715, 50.8501728197689], [-3.68860914024642, 50.85523008556921], [-3.673535466014609, 50.85812682519441]]]}}, {"type": "Feature", "properties": {"type": "postcode-cell", "postcode": "EX17 4EF", "postcodes": ["EX17 4EF"]}, "geometry": {"type": "Polygon", "coordinates": [[[-3.67846506024248, 50.83025451629058], [-3.671356552616007, 50.82607130636991], [-3.6724886836942536, 50.82146835459991], [-3.680447808768106, 50.81933978923758], [-3.681804033535316, 50.82962894163488], [-3.67846506024248, 50.83025451629058]]]}}, {"type": "Feature", "properties": {"type": "postcode-cell", "postcode": "EX17 4SA", "postcodes": ["EX17 4SA"]}, "geometry": {"type": "Polygon", "coordinates": [[[-3.672809573020995, 50.872237937111], [-3.6660059631817186, 50.86663898318255], [-3.6728555484951517, 50.86093703484642], [-3.678535431329051, 50.86667321620971], [-3.6758639337879337, 50.87097152741989], [-3.672809573020995, 50.872237937111]]]}}, {"type": "Feature", "properties": {"type": "postcode-cell", "postcode": "EX17 4QX", "postcodes": ["EX17 4QX"]}, "geometry": {"type": "Polygon", "coordinates": [[[-3.6776875806605536, 50.879529934772165], [-3.670927797643035, 50.8827655925451], [-3.6651694885116277, 50.87696897595128], [-3.6658765342571087, 50.874636826321684], [-3.672321472985974, 50.87258331309513], [-3.6776875806605536, 50.879529934772165]]]}}, {"type": "Feature", "properties": {"type": "postcode-cell", "postcode": "EX17 4EQ", "postcodes": ["EX17 4EQ"]}, "geometry": {"type": "Polygon", "coordinates": [[[-3.6680927174147806, 50.84330478362806], [-3.663282227001819, 50.84072373294365], [-3.6638757811776186, 50.83518400186595], [-3.6655397983716793, 50.82999223567776], [-3.6749419219080117, 50.832018733033145], [-3.669514665012489, 50.84245679847127], [-3.6680927174147806, 50.84330478362806]]]}}, {"type": "Feature", "properties": {"type": "postcode-cell", "postcode": "EX17 4BJ", "postcodes": ["EX17 4BJ"]}, "geometry": {"type": "Polygon", "coordinates": [[[-3.6720420104450993, 50.813964379528585], [-3.671473099120273, 50.813909946115125], [-3.67140059384151, 50.81379153425567], [-3.6699394971980386, 50.810625185521914], [-3.669828970103544, 50.80573100699547], [-3.6761562473758564, 50.80635258169992], [-3.6720420104450993, 50.813964379528585]]]}}, {"type": "Feature", "properties": {"type": "postcode-cell", "postcode": "EX17 4EG", "postcodes": ["EX17 4EG"]}, "geometry": {"type": "Polygon", "coordinates": [[[-3.6749419219080117, 50.832018733033145], [-3.6655397983716793, 50.82999223567776], [-3.663004053308682, 50.827821984369855], [-3.671356552616007, 50.82607130636991], [-3.67846506024248, 50.83025451629058], [-3.6749419219080117, 50.832018733033145]]]}}, {"type": "Feature", "properties": {"type": "postcode-cell", "postcode": "EX17 2ES", "postcodes": ["EX17 2ES"]}, "geometry": {"type": "Polygon", "coordinates": [[[-3.663063622881258, 50.79916000782001], [-3.6553078472550005, 50.79869848751967], [-3.6536341360902846, 50.7956221865266], [-3.654059989793151, 50.79569999479887], [-3.6611199897978293, 50.79543999479859], [-3.6658499898007597, 50.79569999479874], [-3.6679169551081006, 50.79598045761375], [-3.663063622881258, 50.79916000782001]]]}}, {"type": "Feature", "properties": {"type": "postcode-cell", "postcode": "EX16 8PF", "postcodes": ["EX16 8PF"]}, "geometry": {"type": "Polygon", "coordinates": [[[-3.656502434446727, 50.887549095218766], [-3.6651721216314876, 50.88896763369276], [-3.6697197831940302, 50.890734112607134], [-3.666899989756127, 50.89282999487634], [-3.66369998975377, 50.89342999487684], [-3.6644899897538257, 50.89440999487762], [-3.664799989752072, 50.898609994880985], [-3.663849989751287, 50.898969994881284], [-3.663419989749156, 50.90294999488449], [-3.6614899897457764, 50.9075199948882], [-3.660599989745426, 50.90702999488779], [-3.659049989744364, 50.90714999488793], [-3.6586299897442083, 50.90689999488772], [-3.654759989741566, 50.90716999488798], [-3.653719989741517, 50.905829994886915], [-3.654029989742048, 50.90511999488634], [-3.6536999897423983, 50.90390999488537], [-3.654509989743689, 50.90226999488404], [-3.6541199897438044, 50.9014699948834], [-3.653219989743576, 50.90070999488281], [-3.653149989743785, 50.900159994882344], [-3.6513699897429297, 50.899519994881864], [-3.650779989743002, 50.89853999488108], [-3.646879989741806, 50.89567999487883], [-3.646539989743735, 50.891069994875146], [-3.645729989743721, 50.889969994874264], [-3.645754768723666, 50.88881778038485], [-3.656502434446727, 50.887549095218766]]]}}, {"type": "Feature", "properties": {"type": "postcode-cell", "postcode": "EX16 8PE", "postcodes": ["EX16 8PE"]}, "geometry": {"type": "Polygon", "coordinates": [[[-3.6722333664469047, 50.890882115243265], [-3.672209989760484, 50.89087999487472], [-3.67024998975946, 50.890339994874296], [-3.6697197831940302, 50.890734112607134], [-3.6651721216314876, 50.88896763369276], [-3.662943134858441, 50.88315161163528], [-3.6622440971536507, 50.87922382308163], [-3.6651694885116277, 50.87696897595128], [-3.670927797643035, 50.8827655925451], [-3.6722333664469047, 50.890882115243265]]]}}, {"type": "Feature", "properties": {"type": "postcode-cell", "postcode": "EX17 4LL", "postcodes": ["EX17 4LL"]}, "geometry": {"type": "Polygon", "coordinates": [[[-3.6699394971980386, 50.810625185521914], [-3.6676886341552706, 50.81019186700563], [-3.6675956261171154, 50.810122193916], [-3.6667181677165432, 50.80864754154767], [-3.666751840342107, 50.808212904932105], [-3.666761367013593, 50.80817552587414], [-3.6690508536397597, 50.80551841580968], [-3.669828970103544, 50.80573100699547], [-3.6699394971980386, 50.810625185521914]]]}}, {"type": "Feature", "properties": {"type": "postcode-cell", "postcode": "EX17 4RZ", "postcodes": ["EX17 4RZ"]}, "geometry": {"type": "Polygon", "coordinates": [[[-3.672809573020995, 50.872237937111], [-3.672321472985974, 50.87258331309513], [-3.6658765342571087, 50.874636826321684], [-3.6568500520350256, 50.8718532572889], [-3.657629989760151, 50.87126999485916], [-3.6591682453507794, 50.868807180050695], [-3.664312270426917, 50.86583479762649], [-3.6660059631817186, 50.86663898318255], [-3.672809573020995, 50.872237937111]]]}}, {"type": "Feature", "properties": {"type": "postcode-cell", "postcode": "EX17 4EE", "postcodes": ["EX17 4EE"]}, "geometry": {"type": "Polygon", "coordinates": [[[-3.663004053308682, 50.827821984369855], [-3.6618149137920333, 50.82739503727372], [-3.6619864876125807, 50.825377777287486], [-3.665565366728827, 50.82108125716179], [-3.6661864196716847, 50.821001691406124], [-3.6724886836942536, 50.82146835459991], [-3.671356552616007, 50.82607130636991], [-3.663004053308682, 50.827821984369855]]]}}, {"type": "Feature", "properties": {"type": "postcode-cell", "postcode": "EX17 4DN", "postcodes": ["EX17 4DN"]}, "geometry": {"type": "Polygon", "coordinates": [[[-3.668197636837926, 50.84556997653352], [-3.6664038942994215, 50.84767037718316], [-3.658409989771578, 50.8478599948404], [-3.6527299897685364, 50.84649999483939], [-3.650829989767401, 50.84629999483924], [-3.6475699897659624, 50.844869994838156], [-3.643780534524282, 50.84424570494411], [-3.6455723976010574, 50.842267315061314], [-3.6575874170498204, 50.83914581560193], [-3.663282227001819, 50.84072373294365], [-3.6680927174147806, 50.84330478362806], [-3.668197636837926, 50.84556997653352]]]}}, {"type": "Feature", "properties": {"type": "postcode-cell", "postcode": "EX17 4FE", "postcodes": ["EX17 4FE"]}, "geometry": {"type": "Polygon", "coordinates": [[[-3.663063622881258, 50.79916000782001], [-3.6679169551081006, 50.79598045761375], [-3.672999989804925, 50.79666999479942], [-3.674458853553332, 50.7967589124308], [-3.668551015577324, 50.80519892155894], [-3.6660762773815647, 50.80432719212473], [-3.664961918030504, 50.80371343587741], [-3.663063622881258, 50.79916000782001]]]}}, {"type": "Feature", "properties": {"type": "postcode-cell", "postcode": "EX17 4EB", "postcodes": ["EX17 4EB"]}, "geometry": {"type": "Polygon", "coordinates": [[[-3.664961918030504, 50.80371343587741], [-3.6547960380655247, 50.80527310836526], [-3.6525809330404018, 50.80272223190948], [-3.652434669086093, 50.8017368986143], [-3.6553078472550005, 50.79869848751967], [-3.663063622881258, 50.79916000782001], [-3.664961918030504, 50.80371343587741]]]}}, {"type": "Feature", "properties": {"type": "postcode-cell", "postcode": "EX17 4LT", "postcodes": ["EX17 4LT"]}, "geometry": {"type": "Polygon", "coordinates": [[[-3.6676886341552706, 50.81019186700563], [-3.66744903300626, 50.81077228742153], [-3.666735516982995, 50.81071457834465], [-3.666642919105077, 50.81054465075678], [-3.6675956261171154, 50.810122193916], [-3.6676886341552706, 50.81019186700563]]]}}, {"type": "Feature", "properties": {"type": "postcode-cell", "postcode": "EX17 4LU", "postcodes": ["EX17 4LU"]}, "geometry": {"type": "Polygon", "coordinates": [[[-3.67140059384151, 50.81379153425567], [-3.66744903300626, 50.81077228742153], [-3.6676886341552706, 50.81019186700563], [-3.6699394971980386, 50.810625185521914], [-3.67140059384151, 50.81379153425567]]]}}, {"type": "Feature", "properties": {"type": "postcode-cell", "postcode": "EX17 4NH", "postcodes": ["EX17 4NH"]}, "geometry": {"type": "Polygon", "coordinates": [[[-3.6690508536397597, 50.80551841580968], [-3.666761367013593, 50.80817552587414], [-3.663634111633342, 50.80908009019619], [-3.6633492393839364, 50.809055845610885], [-3.6629009728924444, 50.80817536247764], [-3.668562386344485, 50.80520774090108], [-3.6690508536397597, 50.80551841580968]]]}}, {"type": "Feature", "properties": {"type": "postcode-cell", "postcode": "EX17 4ED", "postcodes": ["EX17 4ED"]}, "geometry": {"type": "Polygon", "coordinates": [[[-3.669428813470949, 50.814234324361834], [-3.6661864196716847, 50.821001691406124], [-3.665565366728827, 50.82108125716179], [-3.656840832694571, 50.81580856116543], [-3.6574540269280083, 50.815555996647404], [-3.6623664412871886, 50.81438441372582], [-3.6650333492956335, 50.81403046576098], [-3.666402115970851, 50.81402639052371], [-3.669428813470949, 50.814234324361834]]]}}, {"type": "Feature", "properties": {"type": "postcode-cell", "postcode": "EX17 4NR", "postcodes": ["EX17 4NR"]}, "geometry": {"type": "Polygon", "coordinates": [[[-3.666402115970851, 50.81402639052371], [-3.6665517664566636, 50.81093991105021], [-3.666735516982995, 50.81071457834465], [-3.66744903300626, 50.81077228742153], [-3.67140059384151, 50.81379153425567], [-3.671473099120273, 50.813909946115125], [-3.669428813470949, 50.814234324361834], [-3.666402115970851, 50.81402639052371]]]}}, {"type": "Feature", "properties": {"type": "postcode-cell", "postcode": "EX17 4LS", "postcodes": ["EX17 4LS"]}, "geometry": {"type": "Polygon", "coordinates": [[[-3.6675956261171154, 50.810122193916], [-3.666642919105077, 50.81054465075678], [-3.666541645021406, 50.81047614319071], [-3.6664288768988347, 50.809192964791606], [-3.6667181677165432, 50.80864754154767], [-3.6675956261171154, 50.810122193916]]]}}, {"type": "Feature", "properties": {"type": "postcode-cell", "postcode": "EX17 4EH", "postcodes": ["EX17 4EH"]}, "geometry": {"type": "Polygon", "coordinates": [[[-3.6655397983716793, 50.82999223567776], [-3.6638757811776186, 50.83518400186595], [-3.657167072607687, 50.829268037135456], [-3.6571116000234616, 50.82875395841412], [-3.6618149137920333, 50.82739503727372], [-3.663004053308682, 50.827821984369855], [-3.6655397983716793, 50.82999223567776]]]}}, {"type": "Feature", "properties": {"type": "postcode-cell", "postcode": "EX17 4LX", "postcodes": ["EX17 4LX"]}, "geometry": {"type": "Polygon", "coordinates": [[[-3.666402115970851, 50.81402639052371], [-3.6650333492956335, 50.81403046576098], [-3.6650292210909954, 50.810786099314996], [-3.6652865032515565, 50.81070792199931], [-3.6665517664566636, 50.81093991105021], [-3.666402115970851, 50.81402639052371]]]}}, {"type": "Feature", "properties": {"type": "postcode-cell", "postcode": "EX17 4LR", "postcodes": ["EX17 4LR"]}, "geometry": {"type": "Polygon", "coordinates": [[[-3.666541645021406, 50.81047614319071], [-3.6656534219751835, 50.810500398925846], [-3.665917962547039, 50.80970337247872], [-3.6664288768988347, 50.809192964791606], [-3.666541645021406, 50.81047614319071]]]}}, {"type": "Feature", "properties": {"type": "postcode-cell", "postcode": "EX17 4LY", "postcodes": ["EX17 4LY"]}, "geometry": {"type": "Polygon", "coordinates": [[[-3.666735516982995, 50.81071457834465], [-3.6665517664566636, 50.81093991105021], [-3.6652865032515565, 50.81070792199931], [-3.6656534219751835, 50.810500398925846], [-3.666541645021406, 50.81047614319071], [-3.666642919105077, 50.81054465075678], [-3.666735516982995, 50.81071457834465]]]}}, {"type": "Feature", "properties": {"type": "postcode-cell", "postcode": "EX17 4LW", "postcodes": ["EX17 4LW"]}, "geometry": {"type": "Polygon", "coordinates": [[[-3.665917962547039, 50.80970337247872], [-3.6649065179414584, 50.81012748489002], [-3.66461622279175, 50.80980822830045], [-3.666751840342107, 50.808212904932105], [-3.6667181677165432, 50.80864754154767], [-3.6664288768988347, 50.809192964791606], [-3.665917962547039, 50.80970337247872]]]}}, {"type": "Feature", "properties": {"type": "postcode-cell", "postcode": "EX17 4RX", "postcodes": ["EX17 4RX"]}, "geometry": {"type": "Polygon", "coordinates": [[[-3.6728555484951517, 50.86093703484642], [-3.6660059631817186, 50.86663898318255], [-3.664312270426917, 50.86583479762649], [-3.662475124363687, 50.86213651312488], [-3.672746551407047, 50.86079969389994], [-3.6728555484951517, 50.86093703484642]]]}}, {"type": "Feature", "properties": {"type": "postcode-cell", "postcode": "EX17 4LP", "postcodes": ["EX17 4LP"]}, "geometry": {"type": "Polygon", "coordinates": [[[-3.6649065179414584, 50.81012748489002], [-3.665917962547039, 50.80970337247872], [-3.6656534219751835, 50.810500398925846], [-3.6652865032515565, 50.81070792199931], [-3.6650292210909954, 50.810786099314996], [-3.664751727437304, 50.810606765755544], [-3.6649065179414584, 50.81012748489002]]]}}, {"type": "Feature", "properties": {"type": "postcode-cell", "postcode": "EX17 4LZ", "postcodes": ["EX17 4LZ"]}, "geometry": {"type": "Polygon", "coordinates": [[[-3.664751727437304, 50.810606765755544], [-3.6643558128997964, 50.81054118612246], [-3.663998162367562, 50.810369025883844], [-3.663763763782451, 50.81016610668085], [-3.6637648708495085, 50.81012863642248], [-3.6639763325532617, 50.80977293859701], [-3.66461622279175, 50.80980822830045], [-3.6649065179414584, 50.81012748489002], [-3.664751727437304, 50.810606765755544]]]}}, {"type": "Feature", "properties": {"type": "postcode-cell", "postcode": "EX17 4RU", "postcodes": ["EX17 4RU"]}, "geometry": {"type": "Polygon", "coordinates": [[[-3.672746551407047, 50.86079969389994], [-3.662475124363687, 50.86213651312488], [-3.6607614875418473, 50.861789603639615], [-3.6614599897672937, 50.861279994851124], [-3.6614399897677177, 50.86033999485036], [-3.6626199897688596, 50.8595299948497], [-3.662499989768936, 50.85919999484944], [-3.6633599897696927, 50.85876999484908], [-3.6640799897706344, 50.857749994848255], [-3.6646999897711043, 50.85760999484815], [-3.66445998977173, 50.85592999484679], [-3.6640199897715533, 50.85569999484661], [-3.665389989772807, 50.85491999484599], [-3.6651099897727177, 50.85471999484584], [-3.6659399897734595, 50.854279994845456], [-3.665629989773371, 50.854039994845266], [-3.665949989773733, 50.853709994845], [-3.6666799897741345, 50.8538599948451], [-3.6673899897749993, 50.85298999484441], [-3.666769989774641, 50.852899994844336], [-3.6671799897750756, 50.85253999484403], [-3.6678599897754784, 50.8526199948441], [-3.66817714809248, 50.85246328291931], [-3.673535466014609, 50.85812682519441], [-3.672746551407047, 50.86079969389994]]]}}, {"type": "Feature", "properties": {"type": "postcode-cell", "postcode": "EX17 4NF", "postcodes": ["EX17 4NF"]}, "geometry": {"type": "Polygon", "coordinates": [[[-3.6650333492956335, 50.81403046576098], [-3.6623664412871886, 50.81438441372582], [-3.663105600096452, 50.81131797298729], [-3.6643558128997964, 50.81054118612246], [-3.664751727437304, 50.810606765755544], [-3.6650292210909954, 50.810786099314996], [-3.6650333492956335, 50.81403046576098]]]}}, {"type": "Feature", "properties": {"type": "postcode-cell", "postcode": "EX17 4LN", "postcodes": ["EX17 4LN"]}, "geometry": {"type": "Polygon", "coordinates": [[[-3.666751840342107, 50.808212904932105], [-3.66461622279175, 50.80980822830045], [-3.6639763325532617, 50.80977293859701], [-3.663634111633342, 50.80908009019619], [-3.666761367013593, 50.80817552587414], [-3.666751840342107, 50.808212904932105]]]}}, {"type": "Feature", "properties": {"type": "postcode-cell", "postcode": "EX17 4NE", "postcodes": ["EX17 4NE"]}, "geometry": {"type": "Polygon", "coordinates": [[[-3.6643558128997964, 50.81054118612246], [-3.663105600096452, 50.81131797298729], [-3.6630161954343343, 50.81089461522475], [-3.663998162367562, 50.810369025883844], [-3.6643558128997964, 50.81054118612246]]]}}, {"type": "Feature", "properties": {"type": "postcode-cell", "postcode": "EX17 4ND", "postcodes": ["EX17 4ND"]}, "geometry": {"type": "Polygon", "coordinates": [[[-3.663998162367562, 50.810369025883844], [-3.6630161954343343, 50.81089461522475], [-3.662733064873886, 50.81049797524475], [-3.6627503972432565, 50.81039673527214], [-3.663763763782451, 50.81016610668085], [-3.663998162367562, 50.810369025883844]]]}}, {"type": "Feature", "properties": {"type": "postcode-cell", "postcode": "EX17 4NB", "postcodes": ["EX17 4NB"]}, "geometry": {"type": "Polygon", "coordinates": [[[-3.6623664412871886, 50.81438441372582], [-3.6574540269280083, 50.815555996647404], [-3.658340890206177, 50.81408663722933], [-3.660703210968763, 50.81107027004905], [-3.662733064873886, 50.81049797524475], [-3.6630161954343343, 50.81089461522475], [-3.663105600096452, 50.81131797298729], [-3.6623664412871886, 50.81438441372582]]]}}, {"type": "Feature", "properties": {"type": "postcode-cell", "postcode": "EX17 4NQ", "postcodes": ["EX17 4NQ"]}, "geometry": {"type": "Polygon", "coordinates": [[[-3.6633492393839364, 50.809055845610885], [-3.663634111633342, 50.80908009019619], [-3.6639763325532617, 50.80977293859701], [-3.6637648708495085, 50.81012863642248], [-3.6627326193742613, 50.80971424627199], [-3.662549518763794, 50.80929286479828], [-3.6633492393839364, 50.809055845610885]]]}}, {"type": "Feature", "properties": {"type": "postcode-cell", "postcode": "EX17 4NJ", "postcodes": ["EX17 4NJ"]}, "geometry": {"type": "Polygon", "coordinates": [[[-3.662549518763794, 50.80929286479828], [-3.66205719560649, 50.8092653461249], [-3.6616166953194558, 50.80800141941543], [-3.6629009728924444, 50.80817536247764], [-3.6633492393839364, 50.809055845610885], [-3.662549518763794, 50.80929286479828]]]}}, {"type": "Feature", "properties": {"type": "postcode-cell", "postcode": "EX17 4NW", "postcodes": ["EX17 4NW"]}, "geometry": {"type": "Polygon", "coordinates": [[[-3.668562386344485, 50.80520774090108], [-3.6629009728924444, 50.80817536247764], [-3.6616166953194558, 50.80800141941543], [-3.6610095628681707, 50.80765863358829], [-3.6660762773815647, 50.80432719212473], [-3.668551015577324, 50.80519892155894], [-3.668562386344485, 50.80520774090108]]]}}, {"type": "Feature", "properties": {"type": "postcode-cell", "postcode": "EX17 4NG", "postcodes": ["EX17 4NG"]}, "geometry": {"type": "Polygon", "coordinates": [[[-3.6627503972432565, 50.81039673527214], [-3.662630016950192, 50.81028059392819], [-3.6627326193742613, 50.80971424627199], [-3.6637648708495085, 50.81012863642248], [-3.663763763782451, 50.81016610668085], [-3.6627503972432565, 50.81039673527214]]]}}, {"type": "Feature", "properties": {"type": "postcode-cell", "postcode": "EX17 4LQ", "postcodes": ["EX17 4LQ"]}, "geometry": {"type": "Polygon", "coordinates": [[[-3.658340890206177, 50.81408663722933], [-3.659554700763799, 50.80938688743417], [-3.6598851108977, 50.80940582362281], [-3.6610533799721825, 50.81024930260858], [-3.660703210968763, 50.81107027004905], [-3.658340890206177, 50.81408663722933]]]}}, {"type": "Feature", "properties": {"type": "postcode-cell", "postcode": "EX16 8LW", "postcodes": ["EX16 8LW"]}, "geometry": {"type": "Polygon", "coordinates": [[[-3.6622440971536507, 50.87922382308163], [-3.662943134858441, 50.88315161163528], [-3.657849196725378, 50.88367943827175], [-3.662100699655372, 50.87926670861632], [-3.6622440971536507, 50.87922382308163]]]}}, {"type": "Feature", "properties": {"type": "postcode-cell", "postcode": "EX16 8LP", "postcodes": ["EX16 8LP"]}, "geometry": {"type": "Polygon", "coordinates": [[[-3.662100699655372, 50.87926670861632], [-3.653919967465696, 50.88035160869034], [-3.6314457705712284, 50.87735619515318], [-3.6304999897403945, 50.87596999486322], [-3.6294199897400903, 50.87511999486253], [-3.633589989742863, 50.87495999486237], [-3.6357099897444454, 50.874509994862], [-3.639489989747022, 50.87422999486173], [-3.642329989748689, 50.874599994861995], [-3.642769989749085, 50.8743599948618], [-3.6509099897546085, 50.873819994861265], [-3.654329989756792, 50.87388999486128], [-3.6561199897582615, 50.87322999486075], [-3.6564799897590063, 50.87212999485985], [-3.6568500520350256, 50.8718532572889], [-3.6658765342571087, 50.874636826321684], [-3.6651694885116277, 50.87696897595128], [-3.6622440971536507, 50.87922382308163], [-3.662100699655372, 50.87926670861632]]]}}, {"type": "Feature", "properties": {"type": "postcode-cell", "postcode": "EX17 4NS", "postcodes": ["EX17 4NS"]}, "geometry": {"type": "Polygon", "coordinates": [[[-3.6627326193742613, 50.80971424627199], [-3.662630016950192, 50.81028059392819], [-3.661365447423472, 50.81008770722925], [-3.6619691502148233, 50.80929525464611], [-3.66205719560649, 50.8092653461249], [-3.662549518763794, 50.80929286479828], [-3.6627326193742613, 50.80971424627199]]]}}, {"type": "Feature", "properties": {"type": "postcode-cell", "postcode": "EX17 4NA", "postcodes": ["EX17 4NA"]}, "geometry": {"type": "Polygon", "coordinates": [[[-3.662733064873886, 50.81049797524475], [-3.660703210968763, 50.81107027004905], [-3.6610533799721825, 50.81024930260858], [-3.661365447423472, 50.81008770722925], [-3.662630016950192, 50.81028059392819], [-3.6627503972432565, 50.81039673527214], [-3.662733064873886, 50.81049797524475]]]}}, {"type": "Feature", "properties": {"type": "postcode-cell", "postcode": "EX17 4NP", "postcodes": ["EX17 4NP"]}, "geometry": {"type": "Polygon", "coordinates": [[[-3.6610095628681707, 50.80765863358829], [-3.660773219184284, 50.80767292844094], [-3.6561990526430197, 50.807073234714714], [-3.6547641141226874, 50.805662833316866], [-3.6547960380655247, 50.80527310836526], [-3.664961918030504, 50.80371343587741], [-3.6660762773815647, 50.80432719212473], [-3.6610095628681707, 50.80765863358829]]]}}, {"type": "Feature", "properties": {"type": "postcode-cell", "postcode": "EX17 4NL", "postcodes": ["EX17 4NL"]}, "geometry": {"type": "Polygon", "coordinates": [[[-3.6616166953194558, 50.80800141941543], [-3.66205719560649, 50.8092653461249], [-3.6619691502148233, 50.80929525464611], [-3.660701849829562, 50.80910691939712], [-3.660773219184284, 50.80767292844094], [-3.6610095628681707, 50.80765863358829], [-3.6616166953194558, 50.80800141941543]]]}}, {"type": "Feature", "properties": {"type": "postcode-cell", "postcode": "EX17 4NT", "postcodes": ["EX17 4NT"]}, "geometry": {"type": "Polygon", "coordinates": [[[-3.6610533799721825, 50.81024930260858], [-3.6598851108977, 50.80940582362281], [-3.660701849829562, 50.80910691939712], [-3.6619691502148233, 50.80929525464611], [-3.661365447423472, 50.81008770722925], [-3.6610533799721825, 50.81024930260858]]]}}, {"type": "Feature", "properties": {"type": "postcode-cell", "postcode": "EX17 4RY", "postcodes": ["EX17 4RY"]}, "geometry": {"type": "Polygon", "coordinates": [[[-3.664312270426917, 50.86583479762649], [-3.6591682453507794, 50.868807180050695], [-3.6595099897627725, 50.86825999485672], [-3.6601899897633414, 50.867989994856494], [-3.66064998976397, 50.86727999485591], [-3.6597199897643096, 50.86525999485432], [-3.659889989764792, 50.86445999485367], [-3.659409989764551, 50.864309994853556], [-3.660009989765258, 50.863629994853014], [-3.6597599897652886, 50.86321999485267], [-3.660289989765787, 50.862879994852385], [-3.65986998976572, 50.86243999485203], [-3.6607614875418473, 50.861789603639615], [-3.662475124363687, 50.86213651312488], [-3.664312270426917, 50.86583479762649]]]}}, {"type": "Feature", "properties": {"type": "postcode-cell", "postcode": "EX17 4BT", "postcodes": ["EX17 4BT"]}, "geometry": {"type": "Polygon", "coordinates": [[[-3.6618149137920333, 50.82739503727372], [-3.6571116000234616, 50.82875395841412], [-3.6481867264747847, 50.82785608623719], [-3.647980387054768, 50.827782414710065], [-3.6465994378812727, 50.82169882597405], [-3.6516931825536765, 50.819771930400044], [-3.6619864876125807, 50.825377777287486], [-3.6618149137920333, 50.82739503727372]]]}}, {"type": "Feature", "properties": {"type": "postcode-cell", "postcode": "EX17 4NN", "postcodes": ["EX17 4NN"]}, "geometry": {"type": "Polygon", "coordinates": [[[-3.660773219184284, 50.80767292844094], [-3.660701849829562, 50.80910691939712], [-3.6598851108977, 50.80940582362281], [-3.659554700763799, 50.80938688743417], [-3.6564719574493094, 50.80795424752395], [-3.6561990526430197, 50.807073234714714], [-3.660773219184284, 50.80767292844094]]]}}, {"type": "Feature", "properties": {"type": "postcode-cell", "postcode": "EX17 4EJ", "postcodes": ["EX17 4EJ"]}, "geometry": {"type": "Polygon", "coordinates": [[[-3.663282227001819, 50.84072373294365], [-3.6575874170498204, 50.83914581560193], [-3.6567363641881396, 50.838196230406645], [-3.657167072607687, 50.829268037135456], [-3.6638757811776186, 50.83518400186595], [-3.663282227001819, 50.84072373294365]]]}}, {"type": "Feature", "properties": {"type": "postcode-cell", "postcode": "EX17 1AG", "postcodes": ["EX17 1AG"]}, "geometry": {"type": "Polygon", "coordinates": [[[-3.6279140370118523, 50.793276309080376], [-3.6236582991929716, 50.79528935238537], [-3.620710802530453, 50.79493784678534], [-3.615817513259215, 50.792670127612034], [-3.615941206415967, 50.786981275755494], [-3.6161399897728295, 50.78698999479247], [-3.6199499897748653, 50.7878699947931], [-3.6204899897752765, 50.787729994793004], [-3.6216399897754488, 50.78893999479393], [-3.6256199897768373, 50.791429994795884], [-3.6275899897777797, 50.792119994796394], [-3.6280399897782383, 50.7917599947961], [-3.628334870740014, 50.7929931374824], [-3.6279140370118523, 50.793276309080376]]]}}, {"type": "Feature", "properties": {"type": "postcode-cell", "postcode": "EX17 4BS", "postcodes": ["EX17 4BS"]}, "geometry": {"type": "Polygon", "coordinates": [[[-3.665565366728827, 50.82108125716179], [-3.6619864876125807, 50.825377777287486], [-3.6516931825536765, 50.819771930400044], [-3.656789019238267, 50.815809398217965], [-3.656840832694571, 50.81580856116543], [-3.665565366728827, 50.82108125716179]]]}}, {"type": "Feature", "properties": {"type": "postcode-cell", "postcode": "EX17 4LH", "postcodes": ["EX17 4LH"]}, "geometry": {"type": "Polygon", "coordinates": [[[-3.6574540269280083, 50.815555996647404], [-3.656840832694571, 50.81580856116543], [-3.656789019238267, 50.815809398217965], [-3.655255742615035, 50.81453021037652], [-3.6564719574493094, 50.80795424752395], [-3.659554700763799, 50.80938688743417], [-3.658340890206177, 50.81408663722933], [-3.6574540269280083, 50.815555996647404]]]}}, {"type": "Feature", "properties": {"type": "postcode-cell", "postcode": "EX17 4BR", "postcodes": ["EX17 4BR"]}, "geometry": {"type": "Polygon", "coordinates": [[[-3.6564719574493094, 50.80795424752395], [-3.655255742615035, 50.81453021037652], [-3.646111562887698, 50.81070617498289], [-3.6547641141226874, 50.805662833316866], [-3.6561990526430197, 50.807073234714714], [-3.6564719574493094, 50.80795424752395]]]}}, {"type": "Feature", "properties": {"type": "postcode-cell", "postcode": "EX17 4AD", "postcodes": ["EX17 4AD"]}, "geometry": {"type": "Polygon", "coordinates": [[[-3.6547641141226874, 50.805662833316866], [-3.646111562887698, 50.81070617498289], [-3.6409443145193796, 50.810453456060564], [-3.6405651378368393, 50.80702326681341], [-3.6525809330404018, 50.80272223190948], [-3.6547960380655247, 50.80527310836526], [-3.6547641141226874, 50.805662833316866]]]}}, {"type": "Feature", "properties": {"type": "postcode-cell", "postcode": "EX17 4BU", "postcodes": ["EX17 4BU"]}, "geometry": {"type": "Polygon", "coordinates": [[[-3.6567363641881396, 50.838196230406645], [-3.65118974401141, 50.83544941969661], [-3.6481867264747847, 50.82785608623719], [-3.6571116000234616, 50.82875395841412], [-3.657167072607687, 50.829268037135456], [-3.6567363641881396, 50.838196230406645]]]}}, {"type": "Feature", "properties": {"type": "postcode-cell", "postcode": "EX16 8PJ", "postcodes": ["EX16 8PJ"]}, "geometry": {"type": "Polygon", "coordinates": [[[-3.6651721216314876, 50.88896763369276], [-3.656502434446727, 50.887549095218766], [-3.657042596059171, 50.88428435006358], [-3.657849196725378, 50.88367943827175], [-3.662943134858441, 50.88315161163528], [-3.6651721216314876, 50.88896763369276]]]}}, {"type": "Feature", "properties": {"type": "postcode-cell", "postcode": "EX16 8ND", "postcodes": ["EX16 8ND"]}, "geometry": {"type": "Polygon", "coordinates": [[[-3.657849196725378, 50.88367943827175], [-3.657042596059171, 50.88428435006358], [-3.653919967465696, 50.88035160869034], [-3.662100699655372, 50.87926670861632], [-3.657849196725378, 50.88367943827175]]]}}, {"type": "Feature", "properties": {"type": "postcode-cell", "postcode": "EX17 4AE", "postcodes": ["EX17 4AE"]}, "geometry": {"type": "Polygon", "coordinates": [[[-3.656789019238267, 50.815809398217965], [-3.6516931825536765, 50.819771930400044], [-3.6465994378812727, 50.82169882597405], [-3.636013907989423, 50.81826056958306], [-3.6345154416532615, 50.81546620237237], [-3.635341485013639, 50.81433844852255], [-3.6409443145193796, 50.810453456060564], [-3.646111562887698, 50.81070617498289], [-3.655255742615035, 50.81453021037652], [-3.656789019238267, 50.815809398217965]]]}}, {"type": "Feature", "properties": {"type": "postcode-cell", "postcode": "EX16 8LN", "postcodes": ["EX16 8LN"]}, "geometry": {"type": "Polygon", "coordinates": [[[-3.656502434446727, 50.887549095218766], [-3.645754768723666, 50.88881778038485], [-3.645769989744612, 50.888109994872764], [-3.6451299897451177, 50.88613999487119], [-3.6435899897443105, 50.88572999487088], [-3.6423999897433257, 50.88618999487127], [-3.642189989743889, 50.88468999487009], [-3.6410699897434244, 50.88412999486964], [-3.641599989744365, 50.8828499948686], [-3.6352099897398, 50.88376999486941], [-3.6342099897404134, 50.88106999486726], [-3.6337099897400833, 50.88107999486727], [-3.6340699897407305, 50.88019999486657], [-3.632879989740187, 50.87970999486618], [-3.6332499897408135, 50.87887999486552], [-3.631809989740344, 50.87788999486474], [-3.6314457705712284, 50.87735619515318], [-3.653919967465696, 50.88035160869034], [-3.657042596059171, 50.88428435006358], [-3.656502434446727, 50.887549095218766]]]}}, {"type": "Feature", "properties": {"type": "postcode-cell", "postcode": "EX17 4DB", "postcodes": ["EX17 4DB"]}, "geometry": {"type": "Polygon", "coordinates": [[[-3.6303171089581743, 50.83598258244536], [-3.644005519541392, 50.83986778715178], [-3.6455723976010574, 50.842267315061314], [-3.643780534524282, 50.84424570494411], [-3.6423499897629905, 50.84400999483751], [-3.6397399897616673, 50.84322999483693], [-3.636709989760358, 50.84184999483587], [-3.6368699897606533, 50.84143999483553], [-3.6357199897605645, 50.84003999483444], [-3.632219989758378, 50.83987999483434], [-3.629089989756036, 50.840569994834944], [-3.626629989754656, 50.84012999483463], [-3.6278999897558437, 50.839339994833985], [-3.628139989756252, 50.83879999483353], [-3.628549989756519, 50.83879999483353], [-3.628439989756684, 50.83828999483314], [-3.627429989756436, 50.837429994832455], [-3.624139989754089, 50.83790999483289], [-3.6241399895656836, 50.837428761028434], [-3.6303171089581743, 50.83598258244536]]]}}, {"type": "Feature", "properties": {"type": "postcode-cell", "postcode": "EX17 1BE", "postcodes": ["EX17 1BE"]}, "geometry": {"type": "Polygon", "coordinates": [[[-3.5820847241749765, 50.80860339309864], [-3.592759328363254, 50.81210186923037], [-3.5932931770922085, 50.81470916546055], [-3.588859989741641, 50.816069994815926], [-3.5821199897366895, 50.81739999481708], [-3.57922508045055, 50.817504446548355], [-3.5820847241749765, 50.80860339309864]]]}}, {"type": "Feature", "properties": {"type": "postcode-cell", "postcode": "EX17 4AA", "postcodes": ["EX17 4AA"]}, "geometry": {"type": "Polygon", "coordinates": [[[-3.652434669086093, 50.8017368986143], [-3.6453859638772546, 50.80034465718524], [-3.645397636263922, 50.80017713553894], [-3.646498189719877, 50.7952587868053], [-3.6510499897914674, 50.79514999479849], [-3.6536341360902846, 50.7956221865266], [-3.6553078472550005, 50.79869848751967], [-3.652434669086093, 50.8017368986143]]]}}, {"type": "Feature", "properties": {"type": "postcode-cell", "postcode": "EX17 1BT", "postcodes": ["EX17 1BT"]}, "geometry": {"type": "Polygon", "coordinates": [[[-3.6073737750387003, 50.80767546246029], [-3.611778168280661, 50.80728529248751], [-3.6137709977258163, 50.816229615230434], [-3.612289989757167, 50.81506999481481], [-3.610499989755893, 50.81532999481505], [-3.608619989754839, 50.81499999481483], [-3.6088099897560726, 50.81262999481294], [-3.6085499897560567, 50.812309994812686], [-3.607809989755614, 50.81223999481265], [-3.6030792033774666, 50.81294032545189], [-3.6073737750387003, 50.80767546246029]]]}}, {"type": "Feature", "properties": {"type": "postcode-cell", "postcode": "EX17 4BX", "postcodes": ["EX17 4BX"]}, "geometry": {"type": "Polygon", "coordinates": [[[-3.6481867264747847, 50.82785608623719], [-3.65118974401141, 50.83544941969661], [-3.646764061276315, 50.835680385017916], [-3.644107303524061, 50.82935020298034], [-3.647980387054768, 50.827782414710065], [-3.6481867264747847, 50.82785608623719]]]}}, {"type": "Feature", "properties": {"type": "postcode-cell", "postcode": "EX17 4DW", "postcodes": ["EX17 4DW"]}, "geometry": {"type": "Polygon", "coordinates": [[[-3.644005519541392, 50.83986778715178], [-3.6440974946127676, 50.83653800172019], [-3.646764061276315, 50.835680385017916], [-3.65118974401141, 50.83544941969661], [-3.6567363641881396, 50.838196230406645], [-3.6575874170498204, 50.83914581560193], [-3.6455723976010574, 50.842267315061314], [-3.644005519541392, 50.83986778715178]]]}}, {"type": "Feature", "properties": {"type": "postcode-cell", "postcode": "EX17 4DS", "postcodes": ["EX17 4DS"]}, "geometry": {"type": "Polygon", "coordinates": [[[-3.645397636263922, 50.80017713553894], [-3.6425075626595675, 50.797279403746955], [-3.6431599897854787, 50.79707999480013], [-3.645609989787901, 50.79527999479866], [-3.646498189719877, 50.7952587868053], [-3.645397636263922, 50.80017713553894]]]}}, {"type": "Feature", "properties": {"type": "postcode-cell", "postcode": "EX17 4AB", "postcodes": ["EX17 4AB"]}, "geometry": {"type": "Polygon", "coordinates": [[[-3.6405651378368393, 50.80702326681341], [-3.638249931211314, 50.80364715540609], [-3.640874193941319, 50.801434376671644], [-3.6453859638772546, 50.80034465718524], [-3.652434669086093, 50.8017368986143], [-3.6525809330404018, 50.80272223190948], [-3.6405651378368393, 50.80702326681341]]]}}, {"type": "Feature", "properties": {"type": "postcode-cell", "postcode": "EX17 4DP", "postcodes": ["EX17 4DP"]}, "geometry": {"type": "Polygon", "coordinates": [[[-3.647980387054768, 50.827782414710065], [-3.644107303524061, 50.82935020298034], [-3.640204969194859, 50.83044699747707], [-3.6306614200558878, 50.82420475307862], [-3.636013907989423, 50.81826056958306], [-3.6465994378812727, 50.82169882597405], [-3.647980387054768, 50.827782414710065]]]}}, {"type": "Feature", "properties": {"type": "postcode-cell", "postcode": "EX17 4BZ", "postcodes": ["EX17 4BZ"]}, "geometry": {"type": "Polygon", "coordinates": [[[-3.644005519541392, 50.83986778715178], [-3.6303171089581743, 50.83598258244536], [-3.6377100171170937, 50.83308992738265], [-3.6440974946127676, 50.83653800172019], [-3.644005519541392, 50.83986778715178]]]}}, {"type": "Feature", "properties": {"type": "postcode-cell", "postcode": "EX17 4FA", "postcodes": ["EX17 4FA"]}, "geometry": {"type": "Polygon", "coordinates": [[[-3.640874193941319, 50.801434376671644], [-3.6396991735188506, 50.79813770386786], [-3.6425075626595675, 50.797279403746955], [-3.645397636263922, 50.80017713553894], [-3.6453859638772546, 50.80034465718524], [-3.640874193941319, 50.801434376671644]]]}}, {"type": "Feature", "properties": {"type": "postcode-cell", "postcode": "EX17 4AF", "postcodes": ["EX17 4AF"]}, "geometry": {"type": "Polygon", "coordinates": [[[-3.6405651378368393, 50.80702326681341], [-3.6409443145193796, 50.810453456060564], [-3.635341485013639, 50.81433844852255], [-3.627555088102429, 50.80613054835341], [-3.6351524184813124, 50.80296830249813], [-3.638249931211314, 50.80364715540609], [-3.6405651378368393, 50.80702326681341]]]}}, {"type": "Feature", "properties": {"type": "postcode-cell", "postcode": "EX17 4BY", "postcodes": ["EX17 4BY"]}, "geometry": {"type": "Polygon", "coordinates": [[[-3.6440974946127676, 50.83653800172019], [-3.6377100171170937, 50.83308992738265], [-3.640204969194859, 50.83044699747707], [-3.644107303524061, 50.82935020298034], [-3.646764061276315, 50.835680385017916], [-3.6440974946127676, 50.83653800172019]]]}}, {"type": "Feature", "properties": {"type": "postcode-cell", "postcode": "EX17 1AD", "postcodes": ["EX17 1AD"]}, "geometry": {"type": "Polygon", "coordinates": [[[-3.633120949652491, 50.79761202311937], [-3.631489111604118, 50.79478970913154], [-3.632209989779646, 50.794479994798195], [-3.6329499897806103, 50.79343999479735], [-3.633499989780763, 50.7938699947977], [-3.634639989781628, 50.79358999479746], [-3.63577998978211, 50.794129994797885], [-3.634909989781303, 50.79464999479831], [-3.6357299897812925, 50.79579999479921], [-3.6353499897808224, 50.7962799947996], [-3.635898258729295, 50.79630349240052], [-3.633120949652491, 50.79761202311937]]]}}, {"type": "Feature", "properties": {"type": "postcode-cell", "postcode": "EX17 4DA", "postcodes": ["EX17 4DA"]}, "geometry": {"type": "Polygon", "coordinates": [[[-3.6303171089581743, 50.83598258244536], [-3.6241399895656836, 50.837428761028434], [-3.6241399897550597, 50.83583999483124], [-3.622789989754072, 50.83608999483144], [-3.6227799897543607, 50.83545999483093], [-3.621589989754089, 50.83439999483011], [-3.621449989754573, 50.83317999482914], [-3.6201299897539068, 50.83277999482885], [-3.6190199897541473, 50.83073999482721], [-3.616609989752455, 50.83103999482749], [-3.6172805953576783, 50.82920040931653], [-3.6306614200558878, 50.82420475307862], [-3.640204969194859, 50.83044699747707], [-3.6377100171170937, 50.83308992738265], [-3.6303171089581743, 50.83598258244536]]]}}, {"type": "Feature", "properties": {"type": "postcode-cell", "postcode": "EX17 1AB", "postcodes": ["EX17 1AB"]}, "geometry": {"type": "Polygon", "coordinates": [[[-3.6351524184813124, 50.80296830249813], [-3.6309791002065075, 50.79953264855356], [-3.6329190203845036, 50.79774124487096], [-3.633120949652491, 50.79761202311937], [-3.635898258729295, 50.79630349240052], [-3.6360499897812595, 50.79630999479961], [-3.6359199897809944, 50.7966999947999], [-3.636879989781335, 50.79728999480035], [-3.637489989781944, 50.796829994799985], [-3.6380599897818926, 50.7977199948007], [-3.6388299897823306, 50.797849994800806], [-3.6387099897819755, 50.798439994801264], [-3.6396991735188506, 50.79813770386786], [-3.640874193941319, 50.801434376671644], [-3.638249931211314, 50.80364715540609], [-3.6351524184813124, 50.80296830249813]]]}}, {"type": "Feature", "properties": {"type": "postcode-cell", "postcode": "EX17 1BS", "postcodes": ["EX17 1BS"]}, "geometry": {"type": "Polygon", "coordinates": [[[-3.592759328363254, 50.81210186923037], [-3.5942173206013917, 50.8080866308539], [-3.602347282430248, 50.806325725646154], [-3.6073737750387003, 50.80767546246029], [-3.6030792033774666, 50.81294032545189], [-3.5953099897467133, 50.81408999481426], [-3.5932931770922085, 50.81470916546055], [-3.592759328363254, 50.81210186923037]]]}}, {"type": "Feature", "properties": {"type": "postcode-cell", "postcode": "EX17 4AJ", "postcodes": ["EX17 4AJ"]}, "geometry": {"type": "Polygon", "coordinates": [[[-3.6345154416532615, 50.81546620237237], [-3.623847525007128, 50.81472927675943], [-3.621850792353914, 50.80991814726845], [-3.626526754924927, 50.805982296259906], [-3.627555088102429, 50.80613054835341], [-3.635341485013639, 50.81433844852255], [-3.6345154416532615, 50.81546620237237]]]}}, {"type": "Feature", "properties": {"type": "postcode-cell", "postcode": "EX17 1DG", "postcodes": ["EX17 1DG"]}, "geometry": {"type": "Polygon", "coordinates": [[[-3.6351524184813124, 50.80296830249813], [-3.627555088102429, 50.80613054835341], [-3.626526754924927, 50.805982296259906], [-3.6250806730748555, 50.80501690298428], [-3.6238704399202817, 50.80203998563099], [-3.628074976720662, 50.79931365770466], [-3.6309791002065075, 50.79953264855356], [-3.6351524184813124, 50.80296830249813]]]}}, {"type": "Feature", "properties": {"type": "postcode-cell", "postcode": "EX17 1AE", "postcodes": ["EX17 1AE"]}, "geometry": {"type": "Polygon", "coordinates": [[[-3.6329190203845036, 50.79774124487096], [-3.6279140370118523, 50.793276309080376], [-3.628334870740014, 50.7929931374824], [-3.6283699897778035, 50.793139994797194], [-3.630859989778504, 50.795059994798656], [-3.631489111604118, 50.79478970913154], [-3.633120949652491, 50.79761202311937], [-3.6329190203845036, 50.79774124487096]]]}}, {"type": "Feature", "properties": {"type": "postcode-cell", "postcode": "EX17 1AY", "postcodes": ["EX17 1AY"]}, "geometry": {"type": "Polygon", "coordinates": [[[-3.611778168280661, 50.80728529248751], [-3.6073737750387003, 50.80767546246029], [-3.602347282430248, 50.806325725646154], [-3.602491193682574, 50.803639843044046], [-3.605032321646071, 50.802331979911045], [-3.6080301753758586, 50.802433162685425], [-3.6097031233570425, 50.80294328808376], [-3.612213619624133, 50.80467074896327], [-3.613198934813478, 50.80556098350871], [-3.613144599041293, 50.80636459504266], [-3.611778168280661, 50.80728529248751]]]}}, {"type": "Feature", "properties": {"type": "postcode-cell", "postcode": "EX17 1DJ", "postcodes": ["EX17 1DJ"]}, "geometry": {"type": "Polygon", "coordinates": [[[-3.613144599041293, 50.80636459504266], [-3.6148262658886146, 50.80668283201868], [-3.621850792353914, 50.80991814726845], [-3.623847525007128, 50.81472927675943], [-3.616372028738495, 50.8168259331724], [-3.614639989757814, 50.81690999481627], [-3.6137709977258163, 50.816229615230434], [-3.611778168280661, 50.80728529248751], [-3.613144599041293, 50.80636459504266]]]}}, {"type": "Feature", "properties": {"type": "postcode-cell", "postcode": "EX17 4AH", "postcodes": ["EX17 4AH"]}, "geometry": {"type": "Polygon", "coordinates": [[[-3.636013907989423, 50.81826056958306], [-3.6306614200558878, 50.82420475307862], [-3.6172805953576783, 50.82920040931653], [-3.6192999897576477, 50.82365999482159], [-3.621489989759208, 50.8233399948213], [-3.6208199897590876, 50.82267999482078], [-3.620099989759692, 50.82039999481897], [-3.620029989761187, 50.817119994816366], [-3.61875998976056, 50.81670999481605], [-3.616372028738495, 50.8168259331724], [-3.623847525007128, 50.81472927675943], [-3.6345154416532615, 50.81546620237237], [-3.636013907989423, 50.81826056958306]]]}}, {"type": "Feature", "properties": {"type": "postcode-cell", "postcode": "EX17 1AF", "postcodes": ["EX17 1AF"]}, "geometry": {"type": "Polygon", "coordinates": [[[-3.6309791002065075, 50.79953264855356], [-3.628074976720662, 50.79931365770466], [-3.6236582991929716, 50.79528935238537], [-3.6279140370118523, 50.793276309080376], [-3.6329190203845036, 50.79774124487096], [-3.6309791002065075, 50.79953264855356]]]}}, {"type": "Feature", "properties": {"type": "postcode-cell", "postcode": "EX17 1AR", "postcodes": ["EX17 1AR"]}, "geometry": {"type": "Polygon", "coordinates": [[[-3.6238704399202817, 50.80203998563099], [-3.618574387892549, 50.80130696270386], [-3.620710802530453, 50.79493784678534], [-3.6236582991929716, 50.79528935238537], [-3.628074976720662, 50.79931365770466], [-3.6238704399202817, 50.80203998563099]]]}}, {"type": "Feature", "properties": {"type": "postcode-cell", "postcode": "EX17 1DH", "postcodes": ["EX17 1DH"]}, "geometry": {"type": "Polygon", "coordinates": [[[-3.626526754924927, 50.805982296259906], [-3.621850792353914, 50.80991814726845], [-3.6148262658886146, 50.80668283201868], [-3.6250806730748555, 50.80501690298428], [-3.626526754924927, 50.805982296259906]]]}}, {"type": "Feature", "properties": {"type": "postcode-cell", "postcode": "EX17 1AP", "postcodes": ["EX17 1AP"]}, "geometry": {"type": "Polygon", "coordinates": [[[-3.618083278010502, 50.80144001697999], [-3.6123418263057085, 50.79809223250588], [-3.612017712452068, 50.79781036318874], [-3.61079061878897, 50.7953531773434], [-3.615817513259215, 50.792670127612034], [-3.620710802530453, 50.79493784678534], [-3.618574387892549, 50.80130696270386], [-3.618083278010502, 50.80144001697999]]]}}, {"type": "Feature", "properties": {"type": "postcode-cell", "postcode": "EX17 1DQ", "postcodes": ["EX17 1DQ"]}, "geometry": {"type": "Polygon", "coordinates": [[[-3.618574387892549, 50.80130696270386], [-3.6238704399202817, 50.80203998563099], [-3.6250806730748555, 50.80501690298428], [-3.6148262658886146, 50.80668283201868], [-3.613144599041293, 50.80636459504266], [-3.613198934813478, 50.80556098350871], [-3.618083278010502, 50.80144001697999], [-3.618574387892549, 50.80130696270386]]]}}, {"type": "Feature", "properties": {"type": "postcode-cell", "postcode": "EX17 1AS", "postcodes": ["EX17 1AS"]}, "geometry": {"type": "Polygon", "coordinates": [[[-3.610044612402919, 50.80043835734492], [-3.612017712452068, 50.79781036318874], [-3.6123418263057085, 50.79809223250588], [-3.612213619624133, 50.80467074896327], [-3.6097031233570425, 50.80294328808376], [-3.610044612402919, 50.80043835734492]]]}}, {"type": "Feature", "properties": {"type": "postcode-cell", "postcode": "EX17 1AT", "postcodes": ["EX17 1AT"]}, "geometry": {"type": "Polygon", "coordinates": [[[-3.6097031233570425, 50.80294328808376], [-3.6080301753758586, 50.802433162685425], [-3.6074688265229025, 50.80078970616664], [-3.6076614650835186, 50.80009100332848], [-3.610044612402919, 50.80043835734492], [-3.6097031233570425, 50.80294328808376]]]}}, {"type": "Feature", "properties": {"type": "postcode-cell", "postcode": "EX17 1BU", "postcodes": ["EX17 1BU"]}, "geometry": {"type": "Polygon", "coordinates": [[[-3.613198934813478, 50.80556098350871], [-3.612213619624133, 50.80467074896327], [-3.6123418263057085, 50.79809223250588], [-3.618083278010502, 50.80144001697999], [-3.613198934813478, 50.80556098350871]]]}}, {"type": "Feature", "properties": {"type": "postcode-cell", "postcode": "EX17 1HP", "postcodes": ["EX17 1HP"]}, "geometry": {"type": "Polygon", "coordinates": [[[-3.612017712452068, 50.79781036318874], [-3.610044612402919, 50.80043835734492], [-3.6076614650835186, 50.80009100332848], [-3.6056637777396854, 50.795760469533164], [-3.61079061878897, 50.7953531773434], [-3.612017712452068, 50.79781036318874]]]}}, {"type": "Feature", "properties": {"type": "postcode-cell", "postcode": "EX17 1AW", "postcodes": ["EX17 1AW"]}, "geometry": {"type": "Polygon", "coordinates": [[[-3.61079061878897, 50.7953531773434], [-3.6056637777396854, 50.795760469533164], [-3.602771127690767, 50.79569158206567], [-3.5962692951005995, 50.792527970821574], [-3.605847099503921, 50.787804390740725], [-3.614209406616411, 50.78690530105375], [-3.615941206415967, 50.786981275755494], [-3.615817513259215, 50.792670127612034], [-3.61079061878897, 50.7953531773434]]]}}, {"type": "Feature", "properties": {"type": "postcode-cell", "postcode": "EX17 1AX", "postcodes": ["EX17 1AX"]}, "geometry": {"type": "Polygon", "coordinates": [[[-3.6076614650835186, 50.80009100332848], [-3.6074688265229025, 50.80078970616664], [-3.6042592305042147, 50.80021760922815], [-3.602361614815312, 50.79751855453718], [-3.602771127690767, 50.79569158206567], [-3.6056637777396854, 50.795760469533164], [-3.6076614650835186, 50.80009100332848]]]}}, {"type": "Feature", "properties": {"type": "postcode-cell", "postcode": "EX17 1AU", "postcodes": ["EX17 1AU"]}, "geometry": {"type": "Polygon", "coordinates": [[[-3.6042592305042147, 50.80021760922815], [-3.6074688265229025, 50.80078970616664], [-3.6080301753758586, 50.802433162685425], [-3.605032321646071, 50.802331979911045], [-3.6042592305042147, 50.80021760922815]]]}}, {"type": "Feature", "properties": {"type": "postcode-cell", "postcode": "EX17 1AZ", "postcodes": ["EX17 1AZ"]}, "geometry": {"type": "Polygon", "coordinates": [[[-3.605032321646071, 50.802331979911045], [-3.602491193682574, 50.803639843044046], [-3.5991965094047615, 50.801396654544305], [-3.602361614815312, 50.79751855453718], [-3.6042592305042147, 50.80021760922815], [-3.605032321646071, 50.802331979911045]]]}}, {"type": "Feature", "properties": {"type": "postcode-cell", "postcode": "EX17 1BB", "postcodes": ["EX17 1BB"]}, "geometry": {"type": "Polygon", "coordinates": [[[-3.602347282430248, 50.806325725646154], [-3.5942173206013917, 50.8080866308539], [-3.5905605158009894, 50.802876628344684], [-3.5991965094047615, 50.801396654544305], [-3.602491193682574, 50.803639843044046], [-3.602347282430248, 50.806325725646154]]]}}, {"type": "Feature", "properties": {"type": "postcode-cell", "postcode": "EX17 1BA", "postcodes": ["EX17 1BA"]}, "geometry": {"type": "Polygon", "coordinates": [[[-3.602361614815312, 50.79751855453718], [-3.5991965094047615, 50.801396654544305], [-3.5905605158009894, 50.802876628344684], [-3.5898796876769636, 50.80248991259188], [-3.595187086240728, 50.79240352821429], [-3.5962692951005995, 50.792527970821574], [-3.602771127690767, 50.79569158206567], [-3.602361614815312, 50.79751855453718]]]}}, {"type": "Feature", "properties": {"type": "postcode-cell", "postcode": "EX17 1AJ", "postcodes": ["EX17 1AJ"]}, "geometry": {"type": "Polygon", "coordinates": [[[-3.60256544802609, 50.7847874830543], [-3.5932569734124167, 50.785575040476765], [-3.592636777832941, 50.78408342388151], [-3.594109989760194, 50.78379999479023], [-3.6021399897655173, 50.783429994789834], [-3.6029338574006213, 50.783586694568584], [-3.60256544802609, 50.7847874830543]]]}}, {"type": "Feature", "properties": {"type": "postcode-cell", "postcode": "EX17 1AN", "postcodes": ["EX17 1AN"]}, "geometry": {"type": "Polygon", "coordinates": [[[-3.5962692951005995, 50.792527970821574], [-3.595187086240728, 50.79240352821429], [-3.593233200060452, 50.791420843291945], [-3.5932569734124167, 50.785575040476765], [-3.60256544802609, 50.7847874830543], [-3.605847099503921, 50.787804390740725], [-3.5962692951005995, 50.792527970821574]]]}}, {"type": "Feature", "properties": {"type": "postcode-cell", "postcode": "EX17 1BD", "postcodes": ["EX17 1BD"]}, "geometry": {"type": "Polygon", "coordinates": [[[-3.592759328363254, 50.81210186923037], [-3.5820847241749765, 50.80860339309864], [-3.5793759710267334, 50.80673928873323], [-3.5785527491429354, 50.80432570181213], [-3.58286613571567, 50.80221059396611], [-3.5898796876769636, 50.80248991259188], [-3.5905605158009894, 50.802876628344684], [-3.5942173206013917, 50.8080866308539], [-3.592759328363254, 50.81210186923037]]]}}, {"type": "Feature", "properties": {"type": "postcode-cell", "postcode": "EX17 1BG", "postcodes": ["EX17 1BG"]}, "geometry": {"type": "Polygon", "coordinates": [[[-3.5793759710267334, 50.80673928873323], [-3.5820847241749765, 50.80860339309864], [-3.57922508045055, 50.817504446548355], [-3.577129989733405, 50.817579994817294], [-3.5726199897300703, 50.81851999481809], [-3.5699351745440158, 50.818665651516696], [-3.5793759710267334, 50.80673928873323]]]}}, {"type": "Feature", "properties": {"type": "postcode-cell", "postcode": "EX17 1BR", "postcodes": ["EX17 1BR"]}, "geometry": {"type": "Polygon", "coordinates": [[[-3.5898796876769636, 50.80248991259188], [-3.58286613571567, 50.80221059396611], [-3.5813764954885454, 50.79822865104972], [-3.583188208081674, 50.79205049839967], [-3.583349127686085, 50.79189845965657], [-3.593233200060452, 50.791420843291945], [-3.595187086240728, 50.79240352821429], [-3.5898796876769636, 50.80248991259188]]]}}, {"type": "Feature", "properties": {"type": "postcode-cell", "postcode": "EX17 1AL", "postcodes": ["EX17 1AL"]}, "geometry": {"type": "Polygon", "coordinates": [[[-3.5932569734124167, 50.785575040476765], [-3.593233200060452, 50.791420843291945], [-3.583349127686085, 50.79189845965657], [-3.5794558593840926, 50.78871162766161], [-3.578698619286327, 50.787077351077265], [-3.5802599897498935, 50.786829994792846], [-3.585739989754074, 50.78540999479162], [-3.592636777832941, 50.78408342388151], [-3.5932569734124167, 50.785575040476765]]]}}, {"type": "Feature", "properties": {"type": "postcode-cell", "postcode": "EX17 1BJ", "postcodes": ["EX17 1BJ"]}, "geometry": {"type": "Polygon", "coordinates": [[[-3.58286613571567, 50.80221059396611], [-3.5785527491429354, 50.80432570181213], [-3.5649256945215315, 50.803244517254875], [-3.5736918321584987, 50.797256840697735], [-3.5813764954885454, 50.79822865104972], [-3.58286613571567, 50.80221059396611]]]}}, {"type": "Feature", "properties": {"type": "postcode-cell", "postcode": "EX17 1BH", "postcodes": ["EX17 1BH"]}, "geometry": {"type": "Polygon", "coordinates": [[[-3.5649256945215315, 50.803244517254875], [-3.5785527491429354, 50.80432570181213], [-3.5793759710267334, 50.80673928873323], [-3.5699351745440158, 50.818665651516696], [-3.5683799897272435, 50.81874999481833], [-3.568209989727352, 50.81828999481796], [-3.5690299897281315, 50.81774999481751], [-3.5689199897284087, 50.81700999481693], [-3.5673299897290787, 50.81342999481413], [-3.563419989728275, 50.80981999481131], [-3.562549989728865, 50.80738999480938], [-3.5612999897288473, 50.805729994808075], [-3.5587299897275524, 50.804989994807514], [-3.557082494428002, 50.803980919359674], [-3.5649256945215315, 50.803244517254875]]]}}, {"type": "Feature", "properties": {"type": "postcode-cell", "postcode": "EX17 1BN", "postcodes": ["EX17 1BN"]}, "geometry": {"type": "Polygon", "coordinates": [[[-3.5813764954885454, 50.79822865104972], [-3.5736918321584987, 50.797256840697735], [-3.573758200848845, 50.794387817511065], [-3.583188208081674, 50.79205049839967], [-3.5813764954885454, 50.79822865104972]]]}}, {"type": "Feature", "properties": {"type": "postcode-cell", "postcode": "EX17 1BL", "postcodes": ["EX17 1BL"]}, "geometry": {"type": "Polygon", "coordinates": [[[-3.5660405156886683, 50.79198271516457], [-3.573758200848845, 50.794387817511065], [-3.5736918321584987, 50.797256840697735], [-3.5649256945215315, 50.803244517254875], [-3.557082494428002, 50.803980919359674], [-3.5563299897267115, 50.8035199948064], [-3.5565199897278514, 50.80135999480467], [-3.555359989727218, 50.801129994804505], [-3.554399989727084, 50.800119994803744], [-3.5541299897283247, 50.79711999480135], [-3.550249989726272, 50.79621999480067], [-3.548599989725662, 50.79527999479997], [-3.548669989726923, 50.79269999479791], [-3.5475199897268626, 50.791279994796795], [-3.5543199897310447, 50.791619994796996], [-3.5574350128954446, 50.791347864972934], [-3.5660405156886683, 50.79198271516457]]]}}, {"type": "Feature", "properties": {"type": "postcode-cell", "postcode": "EX17 1BW", "postcodes": ["EX17 1BW"]}, "geometry": {"type": "Polygon", "coordinates": [[[-3.583188208081674, 50.79205049839967], [-3.573758200848845, 50.794387817511065], [-3.5660405156886683, 50.79198271516457], [-3.5794558593840926, 50.78871162766161], [-3.583349127686085, 50.79189845965657], [-3.583188208081674, 50.79205049839967]]]}}, {"type": "Feature", "properties": {"type": "postcode-cell", "postcode": "EX17 1BP", "postcodes": ["EX17 1BP"]}, "geometry": {"type": "Polygon", "coordinates": [[[-3.5794558593840926, 50.78871162766161], [-3.5660405156886683, 50.79198271516457], [-3.5574350128954446, 50.791347864972934], [-3.5615299897359494, 50.79098999479638], [-3.5720099897438127, 50.78852999479429], [-3.574009989745428, 50.78781999479371], [-3.578698619286327, 50.787077351077265], [-3.5794558593840926, 50.78871162766161]]]}}]}