{"type": "FeatureCollection", "features": [{"type": "Feature", "properties": {"type": "ward-outline", "name": "Seaton"}, "geometry": {"type": "MultiPolygon", "coordinates": [[[[-3.059, 50.72018], [-3.05903, 50.72015], [-3.05903, 50.72016], [-3.05903, 50.72017], [-3.05901, 50.72018], [-3.059, 50.72018]]], [[[-3.07302, 50.72491], [-3.07021, 50.72372], [-3.06927, 50.72242], [-3.06805, 50.72222], [-3.06634, 50.72143], [-3.06555, 50.72135], [-3.06456, 50.72182], [-3.06321, 50.72195], [-3.06116, 50.72171], [-3.06068, 50.72099], [-3.06001, 50.72075], [-3.06003, 50.72076], [-3.06031, 50.72082], [-3.05897, 50.72037], [-3.05891, 50.72035], [-3.059, 50.72024], [-3.05911, 50.72014], [-3.05911, 50.72006], [-3.05911, 50.72004], [-3.05912, 50.72003], [-3.05911, 50.72002], [-3.05911, 50.71997], [-3.059, 50.7199], [-3.05876, 50.71979], [-3.0587, 50.71976], [-3.05936, 50.71915], [-3.05901, 50.71901], [-3.05889, 50.71875], [-3.05922, 50.71806], [-3.0588, 50.71715], [-3.05873, 50.71666], [-3.05896, 50.7153], [-3.06094, 50.70479], [-3.06091, 50.70302], [-3.06091, 50.70302], [-3.0676, 50.70304], [-3.06778, 50.70305], [-3.06793, 50.70304], [-3.07278, 50.70305], [-3.07289, 50.70346], [-3.07713, 50.70593], [-3.07973, 50.70812], [-3.08077, 50.70789], [-3.08182, 50.70719], [-3.08254, 50.70748], [-3.08372, 50.70715], [-3.08658, 50.70552], [-3.08762, 50.7079], [-3.08716, 50.7119], [-3.08744, 50.71361], [-3.08667, 50.71509], [-3.0863, 50.71515], [-3.0866, 50.71569], [-3.08832, 50.717], [-3.08972, 50.71986], [-3.08901, 50.7212], [-3.08955, 50.72251], [-3.08636, 50.72441], [-3.08563, 50.72453], [-3.08533, 50.7242], [-3.0826, 50.72509], [-3.08105, 50.72514], [-3.079, 50.72477], [-3.07759, 50.72539], [-3.07614, 50.72542], [-3.07302, 50.72491]]]]}}, {"type": "Feature", "properties": {"type": "postcode-cell", "postcode": "EX12 2TH", "postcodes": ["EX12 2TH"]}, "geometry": {"type": "Polygon", "coordinates": [[[-3.084054094462388, 50.71644800139271], [-3.084490282762837, 50.71557198796149], [-3.0869949128518703, 50.714465478545364], [-3.0866699894764986, 50.71508999474441], [-3.086299989476244, 50.715149994744465], [-3.08659998947616, 50.71568999474487], [-3.0883199894765596, 50.716999994745855], [-3.0897199894760035, 50.719859994748056], [-3.0890099894749103, 50.7211999947491], [-3.089110892015763, 50.721444782713476], [-3.084054094462388, 50.71644800139271]]]}}, {"type": "Feature", "properties": {"type": "postcode-cell", "postcode": "EX12 2HD", "postcodes": ["EX12 2HD"]}, "geometry": {"type": "Polygon", "coordinates": [[[-3.0842326553258466, 50.711053783530545], [-3.0873635091878353, 50.71013033698178], [-3.087159989478367, 50.71189999474194], [-3.0874399894776947, 50.71360999474325], [-3.087077244160118, 50.714307231610725], [-3.0863619221112413, 50.7137652692217], [-3.0842326553258466, 50.711053783530545]]]}}, {"type": "Feature", "properties": {"type": "postcode-cell", "postcode": "EX12 2JD", "postcodes": ["EX12 2JD"]}, "geometry": {"type": "Polygon", "coordinates": [[[-3.0863619221112413, 50.7137652692217], [-3.0826598604867113, 50.71189403562833], [-3.082293712320687, 50.71129569659143], [-3.0826661587450626, 50.71067215797049], [-3.0828937731210853, 50.71064412234188], [-3.0842326553258466, 50.711053783530545], [-3.0863619221112413, 50.7137652692217]]]}}, {"type": "Feature", "properties": {"type": "postcode-cell", "postcode": "EX12 2HS", "postcodes": ["EX12 2HS"]}, "geometry": {"type": "Polygon", "coordinates": [[[-3.0849260556632747, 50.70830436207311], [-3.0842058586200247, 50.70780112859303], [-3.083793970374574, 50.70710783310099], [-3.0865799894811605, 50.705519994737], [-3.086926857617665, 50.70631381756491], [-3.0849260556632747, 50.70830436207311]]]}}, {"type": "Feature", "properties": {"type": "postcode-cell", "postcode": "EX12 2JH", "postcodes": ["EX12 2JH"]}, "geometry": {"type": "Polygon", "coordinates": [[[-3.085279475985881, 50.70865371571725], [-3.0849267285859896, 50.70830603859418], [-3.0849260556632747, 50.70830436207311], [-3.086926857617665, 50.70631381756491], [-3.087619989480619, 50.70789999473885], [-3.087438052907909, 50.70948212829351], [-3.085279475985881, 50.70865371571725]]]}}, {"type": "Feature", "properties": {"type": "postcode-cell", "postcode": "EX12 2JA", "postcodes": ["EX12 2JA"]}, "geometry": {"type": "Polygon", "coordinates": [[[-3.087077244160118, 50.714307231610725], [-3.0869949128518703, 50.714465478545364], [-3.084490282762837, 50.71557198796149], [-3.08080851980829, 50.71422775265802], [-3.0805323993611298, 50.71389514820112], [-3.0826598604867113, 50.71189403562833], [-3.0863619221112413, 50.7137652692217], [-3.087077244160118, 50.714307231610725]]]}}, {"type": "Feature", "properties": {"type": "postcode-cell", "postcode": "EX12 2PG", "postcodes": ["EX12 2PG"]}, "geometry": {"type": "Polygon", "coordinates": [[[-3.0754083211310195, 50.705817482264685], [-3.074125711700075, 50.70527845197316], [-3.0740337923288505, 50.70495241409827], [-3.0743133525330104, 50.704289217394845], [-3.0764036918866795, 50.705506921755216], [-3.0754083211310195, 50.705817482264685]]]}}, {"type": "Feature", "properties": {"type": "postcode-cell", "postcode": "EX12 2JE", "postcodes": ["EX12 2JE"]}, "geometry": {"type": "Polygon", "coordinates": [[[-3.0842326553258466, 50.711053783530545], [-3.0828937731210853, 50.71064412234188], [-3.083508544650778, 50.7102346848691], [-3.087395309055856, 50.70985381740796], [-3.0873635091878353, 50.71013033698178], [-3.0842326553258466, 50.711053783530545]]]}}, {"type": "Feature", "properties": {"type": "postcode-cell", "postcode": "EX12 2JF", "postcodes": ["EX12 2JF"]}, "geometry": {"type": "Polygon", "coordinates": [[[-3.087438052907909, 50.70948212829351], [-3.087395309055856, 50.70985381740796], [-3.083508544650778, 50.7102346848691], [-3.0839665541827648, 50.709417238576044], [-3.085279475985881, 50.70865371571725], [-3.087438052907909, 50.70948212829351]]]}}, {"type": "Feature", "properties": {"type": "postcode-cell", "postcode": "EX12 2JQ", "postcodes": ["EX12 2JQ"]}, "geometry": {"type": "Polygon", "coordinates": [[[-3.0839665541827648, 50.709417238576044], [-3.0825033201753107, 50.709039417539124], [-3.082388758501307, 50.70881483830192], [-3.0849267285859896, 50.70830603859418], [-3.085279475985881, 50.70865371571725], [-3.0839665541827648, 50.709417238576044]]]}}, {"type": "Feature", "properties": {"type": "postcode-cell", "postcode": "EX12 2TF", "postcodes": ["EX12 2TF"]}, "geometry": {"type": "Polygon", "coordinates": [[[-3.0813908272218056, 50.71951404889002], [-3.0813065378499354, 50.717982094499774], [-3.084054094462388, 50.71644800139271], [-3.089110892015763, 50.721444782713476], [-3.0895499894745924, 50.7225099947501], [-3.086359989471718, 50.72440999475165], [-3.085629989471216, 50.72452999475175], [-3.0853299894711963, 50.724199994751515], [-3.0847090179298813, 50.724402444578956], [-3.0813908272218056, 50.71951404889002]]]}}, {"type": "Feature", "properties": {"type": "postcode-cell", "postcode": "EX12 2TD", "postcodes": ["EX12 2TD"]}, "geometry": {"type": "Polygon", "coordinates": [[[-3.0847090179298813, 50.724402444578956], [-3.0837442427294475, 50.72471697166025], [-3.07721330566209, 50.72063270655403], [-3.07745467188199, 50.72041807905585], [-3.0813908272218056, 50.71951404889002], [-3.0847090179298813, 50.724402444578956]]]}}, {"type": "Feature", "properties": {"type": "postcode-cell", "postcode": "EX12 2JG", "postcodes": ["EX12 2JG"]}, "geometry": {"type": "Polygon", "coordinates": [[[-3.0826661587450626, 50.71067215797049], [-3.082519757750722, 50.71057857602203], [-3.0822467603176538, 50.710218792460935], [-3.0825033201753107, 50.709039417539124], [-3.0839665541827648, 50.709417238576044], [-3.083508544650778, 50.7102346848691], [-3.0828937731210853, 50.71064412234188], [-3.0826661587450626, 50.71067215797049]]]}}, {"type": "Feature", "properties": {"type": "postcode-cell", "postcode": "EX12 2HZ", "postcodes": ["EX12 2HZ"]}, "geometry": {"type": "Polygon", "coordinates": [[[-3.0825033201753107, 50.709039417539124], [-3.0822467603176538, 50.710218792460935], [-3.080528120442106, 50.70943719837091], [-3.081032748077636, 50.70898811443186], [-3.082206351157066, 50.70872249196748], [-3.082388758501307, 50.70881483830192], [-3.0825033201753107, 50.709039417539124]]]}}, {"type": "Feature", "properties": {"type": "postcode-cell", "postcode": "EX12 2HU", "postcodes": ["EX12 2HU"]}, "geometry": {"type": "Polygon", "coordinates": [[[-3.0849267285859896, 50.70830603859418], [-3.082388758501307, 50.70881483830192], [-3.082206351157066, 50.70872249196748], [-3.082085503402952, 50.70809110377721], [-3.0842058586200247, 50.70780112859303], [-3.0849260556632747, 50.70830436207311], [-3.0849267285859896, 50.70830603859418]]]}}, {"type": "Feature", "properties": {"type": "postcode-cell", "postcode": "EX12 2XS", "postcodes": ["EX12 2XS"]}, "geometry": {"type": "Polygon", "coordinates": [[[-3.082519757750722, 50.71057857602203], [-3.080497061196759, 50.710566862950266], [-3.07995447184964, 50.71019168126546], [-3.0799114253520643, 50.70952289993366], [-3.080528120442106, 50.70943719837091], [-3.0822467603176538, 50.710218792460935], [-3.082519757750722, 50.71057857602203]]]}}, {"type": "Feature", "properties": {"type": "postcode-cell", "postcode": "EX12 2HT", "postcodes": ["EX12 2HT"]}, "geometry": {"type": "Polygon", "coordinates": [[[-3.0842058586200247, 50.70780112859303], [-3.082085503402952, 50.70809110377721], [-3.081378235919155, 50.707484500788844], [-3.0818199894774487, 50.70718999473839], [-3.082539989477743, 50.707479994738605], [-3.083719989478622, 50.7071499947383], [-3.083793970374574, 50.70710783310099], [-3.0842058586200247, 50.70780112859303]]]}}, {"type": "Feature", "properties": {"type": "postcode-cell", "postcode": "EX12 2HN", "postcodes": ["EX12 2HN"]}, "geometry": {"type": "Polygon", "coordinates": [[[-3.080010746830198, 50.70812910480339], [-3.0787655262798586, 50.70815460302524], [-3.078799692827374, 50.70761733134936], [-3.0790176655463593, 50.70752002516397], [-3.079729989475721, 50.70811999473915], [-3.080225573886894, 50.70801039577517], [-3.080010746830198, 50.70812910480339]]]}}, {"type": "Feature", "properties": {"type": "postcode-cell", "postcode": "EX12 2NU", "postcodes": ["EX12 2NU"]}, "geometry": {"type": "Polygon", "coordinates": [[[-3.0805323993611298, 50.71389514820112], [-3.0799167610958587, 50.7134272670495], [-3.0798606724498727, 50.713334142410055], [-3.0806061395733844, 50.71173639053191], [-3.082293712320687, 50.71129569659143], [-3.0826598604867113, 50.71189403562833], [-3.0805323993611298, 50.71389514820112]]]}}, {"type": "Feature", "properties": {"type": "postcode-cell", "postcode": "EX12 2FZ", "postcodes": ["EX12 2FZ"]}, "geometry": {"type": "Polygon", "coordinates": [[[-3.084054094462388, 50.71644800139271], [-3.0813065378499354, 50.717982094499774], [-3.0805936956585307, 50.71790316498207], [-3.079107527719828, 50.71720310433037], [-3.0791124862320247, 50.71547626144701], [-3.0802833979770576, 50.71444662526756], [-3.08080851980829, 50.71422775265802], [-3.084490282762837, 50.71557198796149], [-3.084054094462388, 50.71644800139271]]]}}, {"type": "Feature", "properties": {"type": "postcode-cell", "postcode": "EX12 2HY", "postcodes": ["EX12 2HY"]}, "geometry": {"type": "Polygon", "coordinates": [[[-3.082206351157066, 50.70872249196748], [-3.081032748077636, 50.70898811443186], [-3.080345321867967, 50.70798391300341], [-3.080769989476464, 50.70788999473894], [-3.081378235919155, 50.707484500788844], [-3.082085503402952, 50.70809110377721], [-3.082206351157066, 50.70872249196748]]]}}, {"type": "Feature", "properties": {"type": "postcode-cell", "postcode": "EX12 2JB", "postcodes": ["EX12 2JB"]}, "geometry": {"type": "Polygon", "coordinates": [[[-3.0806061395733844, 50.71173639053191], [-3.0800010600633865, 50.711330984019156], [-3.080497061196759, 50.710566862950266], [-3.082519757750722, 50.71057857602203], [-3.0826661587450626, 50.71067215797049], [-3.082293712320687, 50.71129569659143], [-3.0806061395733844, 50.71173639053191]]]}}, {"type": "Feature", "properties": {"type": "postcode-cell", "postcode": "EX12 2HQ", "postcodes": ["EX12 2HQ"]}, "geometry": {"type": "Polygon", "coordinates": [[[-3.080225573886894, 50.70801039577517], [-3.080345321867967, 50.70798391300341], [-3.081032748077636, 50.70898811443186], [-3.080528120442106, 50.70943719837091], [-3.0799114253520643, 50.70952289993366], [-3.079342030729235, 50.70935281004611], [-3.0792644684673185, 50.70924985734043], [-3.080010746830198, 50.70812910480339], [-3.080225573886894, 50.70801039577517]]]}}, {"type": "Feature", "properties": {"type": "postcode-cell", "postcode": "EX12 2ET", "postcodes": ["EX12 2ET"]}, "geometry": {"type": "Polygon", "coordinates": [[[-3.080497061196759, 50.710566862950266], [-3.0800010600633865, 50.711330984019156], [-3.079653929276859, 50.71126475599504], [-3.0792774357555377, 50.71073087501367], [-3.079299700955864, 50.71059713774495], [-3.07995447184964, 50.71019168126546], [-3.080497061196759, 50.710566862950266]]]}}, {"type": "Feature", "properties": {"type": "postcode-cell", "postcode": "EX12 2XX", "postcodes": ["EX12 2XX"]}, "geometry": {"type": "Polygon", "coordinates": [[[-3.07995447184964, 50.71019168126546], [-3.079299700955864, 50.71059713774495], [-3.078071725678323, 50.71007657709786], [-3.079342030729235, 50.70935281004611], [-3.0799114253520643, 50.70952289993366], [-3.07995447184964, 50.71019168126546]]]}}, {"type": "Feature", "properties": {"type": "postcode-cell", "postcode": "EX12 2EZ", "postcodes": ["EX12 2EZ"]}, "geometry": {"type": "Polygon", "coordinates": [[[-3.0806061395733844, 50.71173639053191], [-3.0798606724498727, 50.713334142410055], [-3.0795648620297125, 50.71317139529127], [-3.0785334182588526, 50.711941491343325], [-3.078823054574428, 50.711475161769215], [-3.079653929276859, 50.71126475599504], [-3.0800010600633865, 50.711330984019156], [-3.0806061395733844, 50.71173639053191]]]}}, {"type": "Feature", "properties": {"type": "postcode-cell", "postcode": "EX12 2EL", "postcodes": ["EX12 2EL"]}, "geometry": {"type": "Polygon", "coordinates": [[[-3.079964604249268, 50.71449826204508], [-3.0769272201838205, 50.714630839878815], [-3.07693238229698, 50.714470815494465], [-3.0780425375825913, 50.71368528890535], [-3.0799167610958587, 50.7134272670495], [-3.0805323993611298, 50.71389514820112], [-3.08080851980829, 50.71422775265802], [-3.0802833979770576, 50.71444662526756], [-3.079964604249268, 50.71449826204508]]]}}, {"type": "Feature", "properties": {"type": "postcode-cell", "postcode": "EX12 2JT", "postcodes": ["EX12 2JT"]}, "geometry": {"type": "Polygon", "coordinates": [[[-3.0802833979770576, 50.71444662526756], [-3.0791124862320247, 50.71547626144701], [-3.078336549705841, 50.7157209876257], [-3.0776073952063374, 50.715287639607276], [-3.079964604249268, 50.71449826204508], [-3.0802833979770576, 50.71444662526756]]]}}, {"type": "Feature", "properties": {"type": "postcode-cell", "postcode": "EX12 2XT", "postcodes": ["EX12 2XT"]}, "geometry": {"type": "Polygon", "coordinates": [[[-3.078823054574428, 50.711475161769215], [-3.0780380650914245, 50.710954154916216], [-3.0792774357555377, 50.71073087501367], [-3.079653929276859, 50.71126475599504], [-3.078823054574428, 50.711475161769215]]]}}, {"type": "Feature", "properties": {"type": "postcode-cell", "postcode": "EX12 2XU", "postcodes": ["EX12 2XU"]}, "geometry": {"type": "Polygon", "coordinates": [[[-3.079299700955864, 50.71059713774495], [-3.0792774357555377, 50.71073087501367], [-3.0780380650914245, 50.710954154916216], [-3.0777406752469156, 50.710866155310065], [-3.0772128997936163, 50.710292376993706], [-3.0772218624641634, 50.71028358792408], [-3.078071725678323, 50.71007657709786], [-3.079299700955864, 50.71059713774495]]]}}, {"type": "Feature", "properties": {"type": "postcode-cell", "postcode": "EX12 2HA", "postcodes": ["EX12 2HA"]}, "geometry": {"type": "Polygon", "coordinates": [[[-3.0792644684673185, 50.70924985734043], [-3.0780141235921232, 50.70861360303116], [-3.0787655262798586, 50.70815460302524], [-3.080010746830198, 50.70812910480339], [-3.0792644684673185, 50.70924985734043]]]}}, {"type": "Feature", "properties": {"type": "postcode-cell", "postcode": "EX12 2SE", "postcodes": ["EX12 2SE"]}, "geometry": {"type": "Polygon", "coordinates": [[[-3.0780141235921232, 50.70861360303116], [-3.077498388024801, 50.70855274676508], [-3.0772037791759246, 50.708273029810385], [-3.0771870732421793, 50.70824078212418], [-3.0781681038027773, 50.70755949396471], [-3.078799692827374, 50.70761733134936], [-3.0787655262798586, 50.70815460302524], [-3.0780141235921232, 50.70861360303116]]]}}, {"type": "Feature", "properties": {"type": "postcode-cell", "postcode": "EX12 2HL", "postcodes": ["EX12 2HL"]}, "geometry": {"type": "Polygon", "coordinates": [[[-3.078799692827374, 50.70761733134936], [-3.0781681038027773, 50.70755949396471], [-3.077691869367689, 50.706403292935356], [-3.0790176655463593, 50.70752002516397], [-3.078799692827374, 50.70761733134936]]]}}, {"type": "Feature", "properties": {"type": "postcode-cell", "postcode": "EX12 2SF", "postcodes": ["EX12 2SF"]}, "geometry": {"type": "Polygon", "coordinates": [[[-3.0792644684673185, 50.70924985734043], [-3.079342030729235, 50.70935281004611], [-3.078071725678323, 50.71007657709786], [-3.0772218624641634, 50.71028358792408], [-3.0769644204836926, 50.70921839374681], [-3.077498388024801, 50.70855274676508], [-3.0780141235921232, 50.70861360303116], [-3.0792644684673185, 50.70924985734043]]]}}, {"type": "Feature", "properties": {"type": "postcode-cell", "postcode": "EX12 2TA", "postcodes": ["EX12 2TA"]}, "geometry": {"type": "Polygon", "coordinates": [[[-3.075601448926709, 50.724141282606524], [-3.0748289020450077, 50.721238844895105], [-3.074906338271268, 50.72118861855356], [-3.074907407230994, 50.72118823941436], [-3.0770051333384885, 50.72066134283939], [-3.07721330566209, 50.72063270655403], [-3.0837442427294475, 50.72471697166025], [-3.0825999894690996, 50.72508999475225], [-3.081049989468131, 50.725139994752304], [-3.0789999894670697, 50.72476999475206], [-3.077589989465907, 50.72538999475256], [-3.076139989465013, 50.72541999475263], [-3.0761128463259935, 50.725415558302274], [-3.075601448926709, 50.724141282606524]]]}}, {"type": "Feature", "properties": {"type": "postcode-cell", "postcode": "EX12 2TE", "postcodes": ["EX12 2TE"]}, "geometry": {"type": "Polygon", "coordinates": [[[-3.0813908272218056, 50.71951404889002], [-3.07745467188199, 50.72041807905585], [-3.0775352184302522, 50.71930448036807], [-3.078658003113897, 50.718456322223005], [-3.0805936956585307, 50.71790316498207], [-3.0813065378499354, 50.717982094499774], [-3.0813908272218056, 50.71951404889002]]]}}, {"type": "Feature", "properties": {"type": "postcode-cell", "postcode": "EX12 2FW", "postcodes": ["EX12 2FW"]}, "geometry": {"type": "Polygon", "coordinates": [[[-3.07721330566209, 50.72063270655403], [-3.0770051333384885, 50.72066134283939], [-3.0757351759105824, 50.718911990996276], [-3.0757245682263394, 50.7188378325379], [-3.075814140622884, 50.71870441248317], [-3.0775352184302522, 50.71930448036807], [-3.07745467188199, 50.72041807905585], [-3.07721330566209, 50.72063270655403]]]}}, {"type": "Feature", "properties": {"type": "postcode-cell", "postcode": "EX12 2FY", "postcodes": ["EX12 2FY"]}, "geometry": {"type": "Polygon", "coordinates": [[[-3.079107527719828, 50.71720310433037], [-3.078812277656428, 50.71712059155585], [-3.077948192583788, 50.716126512104445], [-3.078336549705841, 50.7157209876257], [-3.0791124862320247, 50.71547626144701], [-3.079107527719828, 50.71720310433037]]]}}, {"type": "Feature", "properties": {"type": "postcode-cell", "postcode": "EX12 2NT", "postcodes": ["EX12 2NT"]}, "geometry": {"type": "Polygon", "coordinates": [[[-3.0799167610958587, 50.7134272670495], [-3.0780425375825913, 50.71368528890535], [-3.0765729837796263, 50.71349350835901], [-3.0765390950038767, 50.7130508381216], [-3.0771453702299563, 50.71277353054508], [-3.077603740867753, 50.71276098979434], [-3.0795648620297125, 50.71317139529127], [-3.0798606724498727, 50.713334142410055], [-3.0799167610958587, 50.7134272670495]]]}}, {"type": "Feature", "properties": {"type": "postcode-cell", "postcode": "EX12 2TQ", "postcodes": ["EX12 2TQ"]}, "geometry": {"type": "Polygon", "coordinates": [[[-3.0785334182588526, 50.711941491343325], [-3.077615968543538, 50.71185398892406], [-3.0773549570592227, 50.71175790873491], [-3.0777406752469156, 50.710866155310065], [-3.0780380650914245, 50.710954154916216], [-3.078823054574428, 50.711475161769215], [-3.0785334182588526, 50.711941491343325]]]}}, {"type": "Feature", "properties": {"type": "postcode-cell", "postcode": "EX12 2LB", "postcodes": ["EX12 2LB"]}, "geometry": {"type": "Polygon", "coordinates": [[[-3.0771870732421793, 50.70824078212418], [-3.077075644688538, 50.70815625896678], [-3.0766343987272973, 50.707627971166175], [-3.076663847326362, 50.70717406567896], [-3.0775248430251327, 50.70626259998341], [-3.077691869367689, 50.706403292935356], [-3.0781681038027773, 50.70755949396471], [-3.0771870732421793, 50.70824078212418]]]}}, {"type": "Feature", "properties": {"type": "postcode-cell", "postcode": "EX12 2UA", "postcodes": ["EX12 2UA"]}, "geometry": {"type": "Polygon", "coordinates": [[[-3.079107527719828, 50.71720310433037], [-3.0805936956585307, 50.71790316498207], [-3.078658003113897, 50.718456322223005], [-3.0770247415234597, 50.718210543658536], [-3.076914375480229, 50.717323945929614], [-3.0771086328964437, 50.717136171144666], [-3.078812277656428, 50.71712059155585], [-3.079107527719828, 50.71720310433037]]]}}, {"type": "Feature", "properties": {"type": "postcode-cell", "postcode": "EX12 2EQ", "postcodes": ["EX12 2EQ"]}, "geometry": {"type": "Polygon", "coordinates": [[[-3.078336549705841, 50.7157209876257], [-3.077948192583788, 50.716126512104445], [-3.077841029474256, 50.7161043993937], [-3.077300326768794, 50.71528322428259], [-3.0776073952063374, 50.715287639607276], [-3.078336549705841, 50.7157209876257]]]}}, {"type": "Feature", "properties": {"type": "postcode-cell", "postcode": "EX12 2EY", "postcodes": ["EX12 2EY"]}, "geometry": {"type": "Polygon", "coordinates": [[[-3.0785334182588526, 50.711941491343325], [-3.0795648620297125, 50.71317139529127], [-3.077603740867753, 50.71276098979434], [-3.077615968543538, 50.71185398892406], [-3.0785334182588526, 50.711941491343325]]]}}, {"type": "Feature", "properties": {"type": "postcode-cell", "postcode": "EX12 2HG", "postcodes": ["EX12 2HG"]}, "geometry": {"type": "Polygon", "coordinates": [[[-3.077615968543538, 50.71185398892406], [-3.077603740867753, 50.71276098979434], [-3.0771453702299563, 50.71277353054508], [-3.076646162678686, 50.711864532536836], [-3.0773549570592227, 50.71175790873491], [-3.077615968543538, 50.71185398892406]]]}}, {"type": "Feature", "properties": {"type": "postcode-cell", "postcode": "EX12 2BX", "postcodes": ["EX12 2BX"]}, "geometry": {"type": "Polygon", "coordinates": [[[-3.0777406752469156, 50.710866155310065], [-3.0773549570592227, 50.71175790873491], [-3.076646162678686, 50.711864532536836], [-3.0765200504930426, 50.71184634753639], [-3.0761195248050894, 50.711025065642076], [-3.076159575047791, 50.71093264320725], [-3.076848284758761, 50.71036510485357], [-3.0772128997936163, 50.710292376993706], [-3.0777406752469156, 50.710866155310065]]]}}, {"type": "Feature", "properties": {"type": "postcode-cell", "postcode": "EX12 2HJ", "postcodes": ["EX12 2HJ"]}, "geometry": {"type": "Polygon", "coordinates": [[[-3.076663847326362, 50.70717406567896], [-3.075005528765726, 50.70698552109988], [-3.075212902396652, 50.70594615023504], [-3.0754083211310195, 50.705817482264685], [-3.0764036918866795, 50.705506921755216], [-3.0771299894752238, 50.70592999473748], [-3.0775248430251327, 50.70626259998341], [-3.076663847326362, 50.70717406567896]]]}}, {"type": "Feature", "properties": {"type": "postcode-cell", "postcode": "EX12 2BD", "postcodes": ["EX12 2BD"]}, "geometry": {"type": "Polygon", "coordinates": [[[-3.077498388024801, 50.70855274676508], [-3.0769644204836926, 50.70921839374681], [-3.075591064807273, 50.709179576721624], [-3.0754124543440935, 50.70889884635468], [-3.0755707448421368, 50.7087323708675], [-3.0772037791759246, 50.708273029810385], [-3.077498388024801, 50.70855274676508]]]}}, {"type": "Feature", "properties": {"type": "postcode-cell", "postcode": "EX12 2JS", "postcodes": ["EX12 2JS"]}, "geometry": {"type": "Polygon", "coordinates": [[[-3.079964604249268, 50.71449826204508], [-3.0776073952063374, 50.715287639607276], [-3.077300326768794, 50.71528322428259], [-3.0770374290506814, 50.71522677385967], [-3.076766181422015, 50.71479047264298], [-3.0769272201838205, 50.714630839878815], [-3.079964604249268, 50.71449826204508]]]}}, {"type": "Feature", "properties": {"type": "postcode-cell", "postcode": "EX12 2EW", "postcodes": ["EX12 2EW"]}, "geometry": {"type": "Polygon", "coordinates": [[[-3.07693238229698, 50.714470815494465], [-3.07651303026657, 50.71389574807129], [-3.076473857500984, 50.71358423898719], [-3.0765729837796263, 50.71349350835901], [-3.0780425375825913, 50.71368528890535], [-3.07693238229698, 50.714470815494465]]]}}, {"type": "Feature", "properties": {"type": "postcode-cell", "postcode": "EX12 2UT", "postcodes": ["EX12 2UT"]}, "geometry": {"type": "Polygon", "coordinates": [[[-3.077948192583788, 50.716126512104445], [-3.078812277656428, 50.71712059155585], [-3.0771086328964437, 50.717136171144666], [-3.0767511727242254, 50.716879545660554], [-3.0766475416590984, 50.71658460191589], [-3.077056101787644, 50.71611134811266], [-3.077841029474256, 50.7161043993937], [-3.077948192583788, 50.716126512104445]]]}}, {"type": "Feature", "properties": {"type": "postcode-cell", "postcode": "EX12 2TG", "postcodes": ["EX12 2TG"]}, "geometry": {"type": "Polygon", "coordinates": [[[-3.077300326768794, 50.71528322428259], [-3.077841029474256, 50.7161043993937], [-3.077056101787644, 50.71611134811266], [-3.07665508085092, 50.715676308189074], [-3.0770374290506814, 50.71522677385967], [-3.077300326768794, 50.71528322428259]]]}}, {"type": "Feature", "properties": {"type": "postcode-cell", "postcode": "EX12 2EJ", "postcodes": ["EX12 2EJ"]}, "geometry": {"type": "Polygon", "coordinates": [[[-3.0769272201838205, 50.714630839878815], [-3.076766181422015, 50.71479047264298], [-3.076685350108164, 50.714790797104406], [-3.0761668305687793, 50.71467459123487], [-3.075859289712845, 50.71418233068972], [-3.07651303026657, 50.71389574807129], [-3.07693238229698, 50.714470815494465], [-3.0769272201838205, 50.714630839878815]]]}}, {"type": "Feature", "properties": {"type": "postcode-cell", "postcode": "EX12 2BG", "postcodes": ["EX12 2BG"]}, "geometry": {"type": "Polygon", "coordinates": [[[-3.0772128997936163, 50.710292376993706], [-3.076848284758761, 50.71036510485357], [-3.0752609496952505, 50.709907135206244], [-3.075211796320323, 50.70968434372066], [-3.075591064807273, 50.709179576721624], [-3.0769644204836926, 50.70921839374681], [-3.0772218624641634, 50.71028358792408], [-3.0772128997936163, 50.710292376993706]]]}}, {"type": "Feature", "properties": {"type": "postcode-cell", "postcode": "EX12 2BJ", "postcodes": ["EX12 2BJ"]}, "geometry": {"type": "Polygon", "coordinates": [[[-3.0766475416590984, 50.71658460191589], [-3.0758134240249886, 50.71625148769609], [-3.075787679332855, 50.7158059998707], [-3.07665508085092, 50.715676308189074], [-3.077056101787644, 50.71611134811266], [-3.0766475416590984, 50.71658460191589]]]}}, {"type": "Feature", "properties": {"type": "postcode-cell", "postcode": "EX12 2TU", "postcodes": ["EX12 2TU"]}, "geometry": {"type": "Polygon", "coordinates": [[[-3.0770247415234597, 50.718210543658536], [-3.075781513539741, 50.718553818949474], [-3.075647349435437, 50.718450592117755], [-3.0768435498623, 50.71734816972163], [-3.076914375480229, 50.717323945929614], [-3.0770247415234597, 50.718210543658536]]]}}, {"type": "Feature", "properties": {"type": "postcode-cell", "postcode": "EX12 2UQ", "postcodes": ["EX12 2UQ"]}, "geometry": {"type": "Polygon", "coordinates": [[[-3.078658003113897, 50.718456322223005], [-3.0775352184302522, 50.71930448036807], [-3.075814140622884, 50.71870441248317], [-3.075781513539741, 50.718553818949474], [-3.0770247415234597, 50.718210543658536], [-3.078658003113897, 50.718456322223005]]]}}, {"type": "Feature", "properties": {"type": "postcode-cell", "postcode": "EX12 2BZ", "postcodes": ["EX12 2BZ"]}, "geometry": {"type": "Polygon", "coordinates": [[[-3.0770374290506814, 50.71522677385967], [-3.07665508085092, 50.715676308189074], [-3.075787679332855, 50.7158059998707], [-3.075669412741352, 50.71574885576854], [-3.0756488566389213, 50.71571618247861], [-3.075566208856414, 50.715475271541706], [-3.075604812381804, 50.71533429076672], [-3.076685350108164, 50.714790797104406], [-3.076766181422015, 50.71479047264298], [-3.0770374290506814, 50.71522677385967]]]}}, {"type": "Feature", "properties": {"type": "postcode-cell", "postcode": "EX12 2ES", "postcodes": ["EX12 2ES"]}, "geometry": {"type": "Polygon", "coordinates": [[[-3.0765390950038767, 50.7130508381216], [-3.0762230716956767, 50.712923443848], [-3.0755967796577326, 50.712192703204245], [-3.0765200504930426, 50.71184634753639], [-3.076646162678686, 50.711864532536836], [-3.0771453702299563, 50.71277353054508], [-3.0765390950038767, 50.7130508381216]]]}}, {"type": "Feature", "properties": {"type": "postcode-cell", "postcode": "EX12 2FX", "postcodes": ["EX12 2FX"]}, "geometry": {"type": "Polygon", "coordinates": [[[-3.074906338271268, 50.72118861855356], [-3.0743568628552636, 50.719395599502725], [-3.0757245682263394, 50.7188378325379], [-3.0757351759105824, 50.718911990996276], [-3.074907407230994, 50.72118823941436], [-3.074906338271268, 50.72118861855356]]]}}, {"type": "Feature", "properties": {"type": "postcode-cell", "postcode": "EX12 2EP", "postcodes": ["EX12 2EP"]}, "geometry": {"type": "Polygon", "coordinates": [[[-3.07651303026657, 50.71389574807129], [-3.075859289712845, 50.71418233068972], [-3.075451769272982, 50.71411144939758], [-3.0755031041432406, 50.713671445547256], [-3.076473857500984, 50.71358423898719], [-3.07651303026657, 50.71389574807129]]]}}, {"type": "Feature", "properties": {"type": "postcode-cell", "postcode": "EX12 2QE", "postcodes": ["EX12 2QE"]}, "geometry": {"type": "Polygon", "coordinates": [[[-3.0765200504930426, 50.71184634753639], [-3.0755967796577326, 50.712192703204245], [-3.0754842252510968, 50.71218585356799], [-3.075280596928112, 50.71208738216655], [-3.0750359396894744, 50.71138664915511], [-3.0761195248050894, 50.711025065642076], [-3.0765200504930426, 50.71184634753639]]]}}, {"type": "Feature", "properties": {"type": "postcode-cell", "postcode": "EX12 2TX", "postcodes": ["EX12 2TX"]}, "geometry": {"type": "Polygon", "coordinates": [[[-3.0768435498623, 50.71734816972163], [-3.075347201429917, 50.71759115030818], [-3.0752340049888516, 50.7172423934188], [-3.0753793773531615, 50.71699012767807], [-3.0767511727242254, 50.716879545660554], [-3.0771086328964437, 50.717136171144666], [-3.076914375480229, 50.717323945929614], [-3.0768435498623, 50.71734816972163]]]}}, {"type": "Feature", "properties": {"type": "postcode-cell", "postcode": "EX12 2EN", "postcodes": ["EX12 2EN"]}, "geometry": {"type": "Polygon", "coordinates": [[[-3.076473857500984, 50.71358423898719], [-3.0755031041432406, 50.713671445547256], [-3.075314536068966, 50.71359781128436], [-3.0754828850688565, 50.71309061992599], [-3.0762230716956767, 50.712923443848], [-3.0765390950038767, 50.7130508381216], [-3.0765729837796263, 50.71349350835901], [-3.076473857500984, 50.71358423898719]]]}}, {"type": "Feature", "properties": {"type": "postcode-cell", "postcode": "EX12 2TT", "postcodes": ["EX12 2TT"]}, "geometry": {"type": "Polygon", "coordinates": [[[-3.075781513539741, 50.718553818949474], [-3.075814140622884, 50.71870441248317], [-3.0757245682263394, 50.7188378325379], [-3.0743568628552636, 50.719395599502725], [-3.074082435504005, 50.71926640327987], [-3.074388127020002, 50.718511508425586], [-3.075492004434279, 50.718364347802066], [-3.075647349435437, 50.718450592117755], [-3.075781513539741, 50.718553818949474]]]}}, {"type": "Feature", "properties": {"type": "postcode-cell", "postcode": "EX12 2AZ", "postcodes": ["EX12 2AZ"]}, "geometry": {"type": "Polygon", "coordinates": [[[-3.0754124543440935, 50.70889884635468], [-3.0746178370103836, 50.70872640019003], [-3.0746004900084754, 50.70871357555484], [-3.0751566937627555, 50.70801505857587], [-3.075498543150871, 50.708252031499896], [-3.0755707448421368, 50.7087323708675], [-3.0754124543440935, 50.70889884635468]]]}}, {"type": "Feature", "properties": {"type": "postcode-cell", "postcode": "EX12 2BB", "postcodes": ["EX12 2BB"]}, "geometry": {"type": "Polygon", "coordinates": [[[-3.0772037791759246, 50.708273029810385], [-3.0755707448421368, 50.7087323708675], [-3.075498543150871, 50.708252031499896], [-3.077075644688538, 50.70815625896678], [-3.0771870732421793, 50.70824078212418], [-3.0772037791759246, 50.708273029810385]]]}}, {"type": "Feature", "properties": {"type": "postcode-cell", "postcode": "EX12 2EH", "postcodes": ["EX12 2EH"]}, "geometry": {"type": "Polygon", "coordinates": [[[-3.0761668305687793, 50.71467459123487], [-3.0752385853378286, 50.71466717624594], [-3.075436838547262, 50.714121875267516], [-3.075451769272982, 50.71411144939758], [-3.075859289712845, 50.71418233068972], [-3.0761668305687793, 50.71467459123487]]]}}, {"type": "Feature", "properties": {"type": "postcode-cell", "postcode": "EX12 2UG", "postcodes": ["EX12 2UG"]}, "geometry": {"type": "Polygon", "coordinates": [[[-3.075647349435437, 50.718450592117755], [-3.075492004434279, 50.718364347802066], [-3.075228543999117, 50.71786786594622], [-3.075347201429917, 50.71759115030818], [-3.0768435498623, 50.71734816972163], [-3.075647349435437, 50.718450592117755]]]}}, {"type": "Feature", "properties": {"type": "postcode-cell", "postcode": "EX12 2TW", "postcodes": ["EX12 2TW"]}, "geometry": {"type": "Polygon", "coordinates": [[[-3.0767511727242254, 50.716879545660554], [-3.0753793773531615, 50.71699012767807], [-3.0751816945993484, 50.71660554676071], [-3.0751850649188333, 50.71659751968068], [-3.0758134240249886, 50.71625148769609], [-3.0766475416590984, 50.71658460191589], [-3.0767511727242254, 50.716879545660554]]]}}, {"type": "Feature", "properties": {"type": "postcode-cell", "postcode": "EX12 2PF", "postcodes": ["EX12 2PF"]}, "geometry": {"type": "Polygon", "coordinates": [[[-3.075005528765726, 50.70698552109988], [-3.0748706996006714, 50.7070787906499], [-3.0739560434465933, 50.70708160673532], [-3.0737322364649766, 50.70695224481106], [-3.073690286859973, 50.70669586826627], [-3.074440887883686, 50.70605998872393], [-3.075212902396652, 50.70594615023504], [-3.075005528765726, 50.70698552109988]]]}}, {"type": "Feature", "properties": {"type": "postcode-cell", "postcode": "EX12 2SB", "postcodes": ["EX12 2SB"]}, "geometry": {"type": "Polygon", "coordinates": [[[-3.077075644688538, 50.70815625896678], [-3.075498543150871, 50.708252031499896], [-3.0751566937627555, 50.70801505857587], [-3.0750731083204537, 50.70780102292384], [-3.0766343987272973, 50.707627971166175], [-3.077075644688538, 50.70815625896678]]]}}, {"type": "Feature", "properties": {"type": "postcode-cell", "postcode": "EX12 2BW", "postcodes": ["EX12 2BW"]}, "geometry": {"type": "Polygon", "coordinates": [[[-3.076159575047791, 50.71093264320725], [-3.074653435609351, 50.71061667497955], [-3.074575225544453, 50.71056375136005], [-3.074778056692273, 50.710180771020205], [-3.0752609496952505, 50.709907135206244], [-3.076848284758761, 50.71036510485357], [-3.076159575047791, 50.71093264320725]]]}}, {"type": "Feature", "properties": {"type": "postcode-cell", "postcode": "EX12 2SD", "postcodes": ["EX12 2SD"]}, "geometry": {"type": "Polygon", "coordinates": [[[-3.0766343987272973, 50.707627971166175], [-3.0750731083204537, 50.70780102292384], [-3.0750707723212853, 50.70779990224218], [-3.0748706996006714, 50.7070787906499], [-3.075005528765726, 50.70698552109988], [-3.076663847326362, 50.70717406567896], [-3.0766343987272973, 50.707627971166175]]]}}, {"type": "Feature", "properties": {"type": "postcode-cell", "postcode": "EX12 2TP", "postcodes": ["EX12 2TP"]}, "geometry": {"type": "Polygon", "coordinates": [[[-3.0753793773531615, 50.71699012767807], [-3.0752340049888516, 50.7172423934188], [-3.0742661212614766, 50.71713115774313], [-3.074112195908357, 50.7168285496802], [-3.0743284032259686, 50.716704115791394], [-3.0751816945993484, 50.71660554676071], [-3.0753793773531615, 50.71699012767807]]]}}, {"type": "Feature", "properties": {"type": "postcode-cell", "postcode": "EX12 2ED", "postcodes": ["EX12 2ED"]}, "geometry": {"type": "Polygon", "coordinates": [[[-3.0758134240249886, 50.71625148769609], [-3.0751850649188333, 50.71659751968068], [-3.07463382810105, 50.71608299312249], [-3.0747203680018695, 50.71598297851594], [-3.075669412741352, 50.71574885576854], [-3.075787679332855, 50.7158059998707], [-3.0758134240249886, 50.71625148769609]]]}}, {"type": "Feature", "properties": {"type": "postcode-cell", "postcode": "EX12 2EG", "postcodes": ["EX12 2EG"]}, "geometry": {"type": "Polygon", "coordinates": [[[-3.075604812381804, 50.71533429076672], [-3.075155577965834, 50.71484984677065], [-3.0752316120280567, 50.714669708988104], [-3.0752385853378286, 50.71466717624594], [-3.0761668305687793, 50.71467459123487], [-3.076685350108164, 50.714790797104406], [-3.075604812381804, 50.71533429076672]]]}}, {"type": "Feature", "properties": {"type": "postcode-cell", "postcode": "EX12 2BA", "postcodes": ["EX12 2BA"]}, "geometry": {"type": "Polygon", "coordinates": [[[-3.0750731083204537, 50.70780102292384], [-3.0751566937627555, 50.70801505857587], [-3.0746004900084754, 50.70871357555484], [-3.0739982631644334, 50.70855097080871], [-3.0739495642237626, 50.70843755034972], [-3.0742892711793903, 50.70792559496816], [-3.0750707723212853, 50.70779990224218], [-3.0750731083204537, 50.70780102292384]]]}}, {"type": "Feature", "properties": {"type": "postcode-cell", "postcode": "EX12 2ER", "postcodes": ["EX12 2ER"]}, "geometry": {"type": "Polygon", "coordinates": [[[-3.0754828850688565, 50.71309061992599], [-3.0747981064596757, 50.712855385028334], [-3.0754842252510968, 50.71218585356799], [-3.0755967796577326, 50.712192703204245], [-3.0762230716956767, 50.712923443848], [-3.0754828850688565, 50.71309061992599]]]}}, {"type": "Feature", "properties": {"type": "postcode-cell", "postcode": "EX12 2UH", "postcodes": ["EX12 2UH"]}, "geometry": {"type": "Polygon", "coordinates": [[[-3.074907407230994, 50.72118823941436], [-3.0757351759105824, 50.718911990996276], [-3.0770051333384885, 50.72066134283939], [-3.074907407230994, 50.72118823941436]]]}}, {"type": "Feature", "properties": {"type": "postcode-cell", "postcode": "EX12 2DY", "postcodes": ["EX12 2DY"]}, "geometry": {"type": "Polygon", "coordinates": [[[-3.075314536068966, 50.71359781128436], [-3.0748771524647007, 50.713578456940894], [-3.0746506784451606, 50.71309235857901], [-3.0747299480007824, 50.712877292597675], [-3.0747981064596757, 50.712855385028334], [-3.0754828850688565, 50.71309061992599], [-3.075314536068966, 50.71359781128436]]]}}, {"type": "Feature", "properties": {"type": "postcode-cell", "postcode": "EX12 2BE", "postcodes": ["EX12 2BE"]}, "geometry": {"type": "Polygon", "coordinates": [[[-3.075591064807273, 50.709179576721624], [-3.075211796320323, 50.70968434372066], [-3.074303920645029, 50.70937032146316], [-3.0746178370103836, 50.70872640019003], [-3.0754124543440935, 50.70889884635468], [-3.075591064807273, 50.709179576721624]]]}}, {"type": "Feature", "properties": {"type": "postcode-cell", "postcode": "EX12 2EX", "postcodes": ["EX12 2EX"]}, "geometry": {"type": "Polygon", "coordinates": [[[-3.0755031041432406, 50.713671445547256], [-3.075451769272982, 50.71411144939758], [-3.075436838547262, 50.714121875267516], [-3.0740851837768925, 50.71405156849655], [-3.074236230697964, 50.713891435178645], [-3.0748771524647007, 50.713578456940894], [-3.075314536068966, 50.71359781128436], [-3.0755031041432406, 50.713671445547256]]]}}, {"type": "Feature", "properties": {"type": "postcode-cell", "postcode": "EX12 2EA", "postcodes": ["EX12 2EA"]}, "geometry": {"type": "Polygon", "coordinates": [[[-3.075566208856414, 50.715475271541706], [-3.074374367068743, 50.71524364709606], [-3.075155577965834, 50.71484984677065], [-3.075604812381804, 50.71533429076672], [-3.075566208856414, 50.715475271541706]]]}}, {"type": "Feature", "properties": {"type": "postcode-cell", "postcode": "EX12 2BN", "postcodes": ["EX12 2BN"]}, "geometry": {"type": "Polygon", "coordinates": [[[-3.076159575047791, 50.71093264320725], [-3.0761195248050894, 50.711025065642076], [-3.0750359396894744, 50.71138664915511], [-3.074972950507352, 50.71136462463435], [-3.074653435609351, 50.71061667497955], [-3.076159575047791, 50.71093264320725]]]}}, {"type": "Feature", "properties": {"type": "postcode-cell", "postcode": "EX12 2BT", "postcodes": ["EX12 2BT"]}, "geometry": {"type": "Polygon", "coordinates": [[[-3.0750359396894744, 50.71138664915511], [-3.075280596928112, 50.71208738216655], [-3.0742270114220496, 50.71207366503436], [-3.074048201876115, 50.71191939209452], [-3.074489176501446, 50.71139724063111], [-3.074972950507352, 50.71136462463435], [-3.0750359396894744, 50.71138664915511]]]}}, {"type": "Feature", "properties": {"type": "postcode-cell", "postcode": "EX12 2BQ", "postcodes": ["EX12 2BQ"]}, "geometry": {"type": "Polygon", "coordinates": [[[-3.0752609496952505, 50.709907135206244], [-3.074778056692273, 50.710180771020205], [-3.0739703680632227, 50.70992908369125], [-3.074192301354349, 50.70938407952023], [-3.074303920645029, 50.70937032146316], [-3.075211796320323, 50.70968434372066], [-3.0752609496952505, 50.709907135206244]]]}}, {"type": "Feature", "properties": {"type": "postcode-cell", "postcode": "EX12 2DX", "postcodes": ["EX12 2DX"]}, "geometry": {"type": "Polygon", "coordinates": [[[-3.0747981064596757, 50.712855385028334], [-3.0747299480007824, 50.712877292597675], [-3.073826249057508, 50.71261838194553], [-3.0742270114220496, 50.71207366503436], [-3.075280596928112, 50.71208738216655], [-3.0754842252510968, 50.71218585356799], [-3.0747981064596757, 50.712855385028334]]]}}, {"type": "Feature", "properties": {"type": "postcode-cell", "postcode": "EX12 2EB", "postcodes": ["EX12 2EB"]}, "geometry": {"type": "Polygon", "coordinates": [[[-3.075669412741352, 50.71574885576854], [-3.0747203680018695, 50.71598297851594], [-3.0744202111942847, 50.71549750864275], [-3.0756488566389213, 50.71571618247861], [-3.075669412741352, 50.71574885576854]]]}}, {"type": "Feature", "properties": {"type": "postcode-cell", "postcode": "EX12 2QR", "postcodes": ["EX12 2QR"]}, "geometry": {"type": "Polygon", "coordinates": [[[-3.075347201429917, 50.71759115030818], [-3.075228543999117, 50.71786786594622], [-3.0737063193788665, 50.7176813379219], [-3.0742661212614766, 50.71713115774313], [-3.0752340049888516, 50.7172423934188], [-3.075347201429917, 50.71759115030818]]]}}, {"type": "Feature", "properties": {"type": "postcode-cell", "postcode": "EX12 2DZ", "postcodes": ["EX12 2DZ"]}, "geometry": {"type": "Polygon", "coordinates": [[[-3.0752316120280567, 50.714669708988104], [-3.0739685464750317, 50.71424482499201], [-3.0739269280747337, 50.714156306132786], [-3.0740851837768925, 50.71405156849655], [-3.075436838547262, 50.714121875267516], [-3.0752385853378286, 50.71466717624594], [-3.0752316120280567, 50.714669708988104]]]}}, {"type": "Feature", "properties": {"type": "postcode-cell", "postcode": "EX12 2BP", "postcodes": ["EX12 2BP"]}, "geometry": {"type": "Polygon", "coordinates": [[[-3.074653435609351, 50.71061667497955], [-3.074972950507352, 50.71136462463435], [-3.074489176501446, 50.71139724063111], [-3.073827321530936, 50.71113169376887], [-3.0742559354032, 50.71064287786047], [-3.074575225544453, 50.71056375136005], [-3.074653435609351, 50.71061667497955]]]}}, {"type": "Feature", "properties": {"type": "postcode-cell", "postcode": "EX12 2EU", "postcodes": ["EX12 2EU"]}, "geometry": {"type": "Polygon", "coordinates": [[[-3.075566208856414, 50.715475271541706], [-3.0756488566389213, 50.71571618247861], [-3.0744202111942847, 50.71549750864275], [-3.074187234056707, 50.715286215453105], [-3.074374367068743, 50.71524364709606], [-3.075566208856414, 50.715475271541706]]]}}, {"type": "Feature", "properties": {"type": "postcode-cell", "postcode": "EX12 2SX", "postcodes": ["EX12 2SX"]}, "geometry": {"type": "Polygon", "coordinates": [[[-3.0743568628552636, 50.719395599502725], [-3.074906338271268, 50.72118861855356], [-3.0748289020450077, 50.721238844895105], [-3.0734984135560954, 50.72107775559204], [-3.0728882179533303, 50.72093259956563], [-3.0725812317313856, 50.71923152910488], [-3.0727965926998944, 50.71910175661892], [-3.074082435504005, 50.71926640327987], [-3.0743568628552636, 50.719395599502725]]]}}, {"type": "Feature", "properties": {"type": "postcode-cell", "postcode": "EX12 2HE", "postcodes": ["EX12 2HE"]}, "geometry": {"type": "Polygon", "coordinates": [[[-3.075155577965834, 50.71484984677065], [-3.074374367068743, 50.71524364709606], [-3.074187234056707, 50.715286215453105], [-3.0737571537416537, 50.7152346661996], [-3.073701843818737, 50.71506810309082], [-3.0739685464750317, 50.71424482499201], [-3.0752316120280567, 50.714669708988104], [-3.075155577965834, 50.71484984677065]]]}}, {"type": "Feature", "properties": {"type": "postcode-cell", "postcode": "EX12 2HF", "postcodes": ["EX12 2HF"]}, "geometry": {"type": "Polygon", "coordinates": [[[-3.0748771524647007, 50.713578456940894], [-3.074236230697964, 50.713891435178645], [-3.0739923522343293, 50.713284169456706], [-3.0746506784451606, 50.71309235857901], [-3.0748771524647007, 50.713578456940894]]]}}, {"type": "Feature", "properties": {"type": "postcode-cell", "postcode": "EX12 2EE", "postcodes": ["EX12 2EE"]}, "geometry": {"type": "Polygon", "coordinates": [[[-3.0751816945993484, 50.71660554676071], [-3.0743284032259686, 50.716704115791394], [-3.074216048250567, 50.71615737344349], [-3.07463382810105, 50.71608299312249], [-3.0751850649188333, 50.71659751968068], [-3.0751816945993484, 50.71660554676071]]]}}, {"type": "Feature", "properties": {"type": "postcode-cell", "postcode": "EX12 2AY", "postcodes": ["EX12 2AY"]}, "geometry": {"type": "Polygon", "coordinates": [[[-3.0746178370103836, 50.70872640019003], [-3.074303920645029, 50.70937032146316], [-3.074192301354349, 50.70938407952023], [-3.0737025169610397, 50.70930325215826], [-3.073446790015575, 50.70913981733803], [-3.0736087553900977, 50.70879713738158], [-3.0739982631644334, 50.70855097080871], [-3.0746004900084754, 50.70871357555484], [-3.0746178370103836, 50.70872640019003]]]}}, {"type": "Feature", "properties": {"type": "postcode-cell", "postcode": "EX12 2QW", "postcodes": ["EX12 2QW"]}, "geometry": {"type": "Polygon", "coordinates": [[[-3.073043663596502, 50.70434645398687], [-3.0724511563529626, 50.70416509024918], [-3.071812683409063, 50.703048016400174], [-3.072779989474008, 50.70304999473535], [-3.072889989473873, 50.70345999473566], [-3.074074444507102, 50.70415003767416], [-3.073043663596502, 50.70434645398687]]]}}, {"type": "Feature", "properties": {"type": "postcode-cell", "postcode": "EX12 2DT", "postcodes": ["EX12 2DT"]}, "geometry": {"type": "Polygon", "coordinates": [[[-3.0740851837768925, 50.71405156849655], [-3.0739269280747337, 50.714156306132786], [-3.073249905455686, 50.71399750709172], [-3.073006191089218, 50.71375165180983], [-3.072683299689635, 50.71287537368805], [-3.072878453052898, 50.71286326731798], [-3.0739923522343293, 50.713284169456706], [-3.074236230697964, 50.713891435178645], [-3.0740851837768925, 50.71405156849655]]]}}, {"type": "Feature", "properties": {"type": "postcode-cell", "postcode": "EX12 2DU", "postcodes": ["EX12 2DU"]}, "geometry": {"type": "Polygon", "coordinates": [[[-3.0747299480007824, 50.712877292597675], [-3.0746506784451606, 50.71309235857901], [-3.0739923522343293, 50.713284169456706], [-3.072878453052898, 50.71286326731798], [-3.073826249057508, 50.71261838194553], [-3.0747299480007824, 50.712877292597675]]]}}, {"type": "Feature", "properties": {"type": "postcode-cell", "postcode": "EX12 2HB", "postcodes": ["EX12 2HB"]}, "geometry": {"type": "Polygon", "coordinates": [[[-3.0744202111942847, 50.71549750864275], [-3.0747203680018695, 50.71598297851594], [-3.07463382810105, 50.71608299312249], [-3.074216048250567, 50.71615737344349], [-3.073645707300324, 50.71607744338266], [-3.073419146998084, 50.71577117255105], [-3.073460773071541, 50.71546606175792], [-3.0737571537416537, 50.7152346661996], [-3.074187234056707, 50.715286215453105], [-3.0744202111942847, 50.71549750864275]]]}}, {"type": "Feature", "properties": {"type": "postcode-cell", "postcode": "EX12 2BL", "postcodes": ["EX12 2BL"]}, "geometry": {"type": "Polygon", "coordinates": [[[-3.074575225544453, 50.71056375136005], [-3.0742559354032, 50.71064287786047], [-3.073724053090569, 50.71048826895203], [-3.0736199021670885, 50.709953943748964], [-3.0739703680632227, 50.70992908369125], [-3.074778056692273, 50.710180771020205], [-3.074575225544453, 50.71056375136005]]]}}, {"type": "Feature", "properties": {"type": "postcode-cell", "postcode": "EX12 2AA", "postcodes": ["EX12 2AA"]}, "geometry": {"type": "Polygon", "coordinates": [[[-3.0742270114220496, 50.71207366503436], [-3.073826249057508, 50.71261838194553], [-3.072878453052898, 50.71286326731798], [-3.072683299689635, 50.71287537368805], [-3.0722025537619557, 50.71269700568267], [-3.0725189479858805, 50.71200885582857], [-3.0737227576335986, 50.71181712538884], [-3.074048201876115, 50.71191939209452], [-3.0742270114220496, 50.71207366503436]]]}}, {"type": "Feature", "properties": {"type": "postcode-cell", "postcode": "EX12 2SA", "postcodes": ["EX12 2SA"]}, "geometry": {"type": "Polygon", "coordinates": [[[-3.0750707723212853, 50.70779990224218], [-3.0742892711793903, 50.70792559496816], [-3.0740560782786646, 50.7078011561124], [-3.073820067530319, 50.70738841023223], [-3.0739560434465933, 50.70708160673532], [-3.0748706996006714, 50.7070787906499], [-3.0750707723212853, 50.70779990224218]]]}}, {"type": "Feature", "properties": {"type": "postcode-cell", "postcode": "EX12 2RY", "postcodes": ["EX12 2RY"]}, "geometry": {"type": "Polygon", "coordinates": [[[-3.0739982631644334, 50.70855097080871], [-3.0736087553900977, 50.70879713738158], [-3.072903255953671, 50.70859929510884], [-3.0730969995813546, 50.70821098495887], [-3.073246544543785, 50.708168237060185], [-3.0739495642237626, 50.70843755034972], [-3.0739982631644334, 50.70855097080871]]]}}, {"type": "Feature", "properties": {"type": "postcode-cell", "postcode": "EX12 2PE", "postcodes": ["EX12 2PE"]}, "geometry": {"type": "Polygon", "coordinates": [[[-3.075212902396652, 50.70594615023504], [-3.074440887883686, 50.70605998872393], [-3.073336007148414, 50.70586380351318], [-3.0732080624814557, 50.70574900468965], [-3.073183036373266, 50.70552847184202], [-3.074125711700075, 50.70527845197316], [-3.0754083211310195, 50.705817482264685], [-3.075212902396652, 50.70594615023504]]]}}, {"type": "Feature", "properties": {"type": "postcode-cell", "postcode": "EX12 2RZ", "postcodes": ["EX12 2RZ"]}, "geometry": {"type": "Polygon", "coordinates": [[[-3.0739495642237626, 50.70843755034972], [-3.073246544543785, 50.708168237060185], [-3.0732886179204937, 50.70791007313211], [-3.0740560782786646, 50.7078011561124], [-3.0742892711793903, 50.70792559496816], [-3.0739495642237626, 50.70843755034972]]]}}, {"type": "Feature", "properties": {"type": "postcode-cell", "postcode": "EX12 2TS", "postcodes": ["EX12 2TS"]}, "geometry": {"type": "Polygon", "coordinates": [[[-3.074388127020002, 50.718511508425586], [-3.074082435504005, 50.71926640327987], [-3.0727965926998944, 50.71910175661892], [-3.073090598211324, 50.71822843905031], [-3.074388127020002, 50.718511508425586]]]}}, {"type": "Feature", "properties": {"type": "postcode-cell", "postcode": "EX12 2TR", "postcodes": ["EX12 2TR"]}, "geometry": {"type": "Polygon", "coordinates": [[[-3.073090598211324, 50.71822843905031], [-3.072930291059611, 50.71785519610119], [-3.0737063193788665, 50.7176813379219], [-3.075228543999117, 50.71786786594622], [-3.075492004434279, 50.718364347802066], [-3.074388127020002, 50.718511508425586], [-3.073090598211324, 50.71822843905031]]]}}, {"type": "Feature", "properties": {"type": "postcode-cell", "postcode": "EX12 2EF", "postcodes": ["EX12 2EF"]}, "geometry": {"type": "Polygon", "coordinates": [[[-3.074112195908357, 50.7168285496802], [-3.073353406352706, 50.716691601327874], [-3.073316069505647, 50.71663036220983], [-3.073645707300324, 50.71607744338266], [-3.074216048250567, 50.71615737344349], [-3.0743284032259686, 50.716704115791394], [-3.074112195908357, 50.7168285496802]]]}}, {"type": "Feature", "properties": {"type": "postcode-cell", "postcode": "EX12 2BU", "postcodes": ["EX12 2BU"]}, "geometry": {"type": "Polygon", "coordinates": [[[-3.074489176501446, 50.71139724063111], [-3.074048201876115, 50.71191939209452], [-3.0737227576335986, 50.71181712538884], [-3.073633103200889, 50.7111867119191], [-3.073827321530936, 50.71113169376887], [-3.074489176501446, 50.71139724063111]]]}}, {"type": "Feature", "properties": {"type": "postcode-cell", "postcode": "EX12 2SU", "postcodes": ["EX12 2SU"]}, "geometry": {"type": "Polygon", "coordinates": [[[-3.072930291059611, 50.71785519610119], [-3.0727589860240543, 50.71776785965159], [-3.072728418098519, 50.71768246302134], [-3.073353406352706, 50.716691601327874], [-3.074112195908357, 50.7168285496802], [-3.0742661212614766, 50.71713115774313], [-3.0737063193788665, 50.7176813379219], [-3.072930291059611, 50.71785519610119]]]}}, {"type": "Feature", "properties": {"type": "postcode-cell", "postcode": "EX12 2RL", "postcodes": ["EX12 2RL"]}, "geometry": {"type": "Polygon", "coordinates": [[[-3.073820067530319, 50.70738841023223], [-3.073090145827242, 50.707651397101415], [-3.072882791670541, 50.70718592367847], [-3.073157395492312, 50.707028671950106], [-3.0737322364649766, 50.70695224481106], [-3.0739560434465933, 50.70708160673532], [-3.073820067530319, 50.70738841023223]]]}}, {"type": "Feature", "properties": {"type": "postcode-cell", "postcode": "EX12 2DB", "postcodes": ["EX12 2DB"]}, "geometry": {"type": "Polygon", "coordinates": [[[-3.073701843818737, 50.71506810309082], [-3.07219872247364, 50.71460846394457], [-3.073249905455686, 50.71399750709172], [-3.0739269280747337, 50.714156306132786], [-3.0739685464750317, 50.71424482499201], [-3.073701843818737, 50.71506810309082]]]}}, {"type": "Feature", "properties": {"type": "postcode-cell", "postcode": "EX12 2BS", "postcodes": ["EX12 2BS"]}, "geometry": {"type": "Polygon", "coordinates": [[[-3.073633103200889, 50.7111867119191], [-3.0726973440806797, 50.711080622555144], [-3.0730316481798376, 50.71054878745738], [-3.073724053090569, 50.71048826895203], [-3.0742559354032, 50.71064287786047], [-3.073827321530936, 50.71113169376887], [-3.073633103200889, 50.7111867119191]]]}}, {"type": "Feature", "properties": {"type": "postcode-cell", "postcode": "EX12 2BH", "postcodes": ["EX12 2BH"]}, "geometry": {"type": "Polygon", "coordinates": [[[-3.0739703680632227, 50.70992908369125], [-3.0736199021670885, 50.709953943748964], [-3.0734064778379184, 50.70989470536674], [-3.0737025169610397, 50.70930325215826], [-3.074192301354349, 50.70938407952023], [-3.0739703680632227, 50.70992908369125]]]}}, {"type": "Feature", "properties": {"type": "postcode-cell", "postcode": "EX12 2DD", "postcodes": ["EX12 2DD"]}, "geometry": {"type": "Polygon", "coordinates": [[[-3.0737571537416537, 50.7152346661996], [-3.073460773071541, 50.71546606175792], [-3.0719872000482673, 50.71532038959759], [-3.0718501914456673, 50.71525110157935], [-3.071971640888555, 50.71465229650801], [-3.07219872247364, 50.71460846394457], [-3.073701843818737, 50.71506810309082], [-3.0737571537416537, 50.7152346661996]]]}}, {"type": "Feature", "properties": {"type": "postcode-cell", "postcode": "EX12 2RW", "postcodes": ["EX12 2RW"]}, "geometry": {"type": "Polygon", "coordinates": [[[-3.073690286859973, 50.70669586826627], [-3.073109233906964, 50.70636956530856], [-3.073336007148414, 50.70586380351318], [-3.074440887883686, 50.70605998872393], [-3.073690286859973, 50.70669586826627]]]}}, {"type": "Feature", "properties": {"type": "postcode-cell", "postcode": "EX12 2RE", "postcodes": ["EX12 2RE"]}, "geometry": {"type": "Polygon", "coordinates": [[[-3.073109233906964, 50.70636956530856], [-3.073066837056079, 50.7063792789141], [-3.0722673545754353, 50.70621858550005], [-3.072177224150403, 50.70608022890359], [-3.072249166182885, 50.7059986443425], [-3.072329473779171, 50.705958287786856], [-3.0732080624814557, 50.70574900468965], [-3.073336007148414, 50.70586380351318], [-3.073109233906964, 50.70636956530856]]]}}, {"type": "Feature", "properties": {"type": "postcode-cell", "postcode": "EX12 2PD", "postcodes": ["EX12 2PD"]}, "geometry": {"type": "Polygon", "coordinates": [[[-3.073183036373266, 50.70552847184202], [-3.072859168897798, 50.70522619044245], [-3.0728645347782333, 50.705117441345436], [-3.0740337923288505, 50.70495241409827], [-3.074125711700075, 50.70527845197316], [-3.073183036373266, 50.70552847184202]]]}}, {"type": "Feature", "properties": {"type": "postcode-cell", "postcode": "EX12 2AX", "postcodes": ["EX12 2AX"]}, "geometry": {"type": "Polygon", "coordinates": [[[-3.0734064778379184, 50.70989470536674], [-3.073108219682772, 50.709919128144136], [-3.072743676955792, 50.7093628350265], [-3.0727800226895923, 50.70925879188128], [-3.0732558787512763, 50.70916891053396], [-3.073446790015575, 50.70913981733803], [-3.0737025169610397, 50.70930325215826], [-3.0734064778379184, 50.70989470536674]]]}}, {"type": "Feature", "properties": {"type": "postcode-cell", "postcode": "EX12 2ST", "postcodes": ["EX12 2ST"]}, "geometry": {"type": "Polygon", "coordinates": [[[-3.072728418098519, 50.71768246302134], [-3.0716783573600597, 50.71686323842788], [-3.071998135865533, 50.71640262015441], [-3.0720969348207285, 50.716366020443765], [-3.073316069505647, 50.71663036220983], [-3.073353406352706, 50.716691601327874], [-3.072728418098519, 50.71768246302134]]]}}, {"type": "Feature", "properties": {"type": "postcode-cell", "postcode": "EX12 2RR", "postcodes": ["EX12 2RR"]}, "geometry": {"type": "Polygon", "coordinates": [[[-3.0732886179204937, 50.70791007313211], [-3.0730809379957242, 50.7076645749812], [-3.073090145827242, 50.707651397101415], [-3.073820067530319, 50.70738841023223], [-3.0740560782786646, 50.7078011561124], [-3.0732886179204937, 50.70791007313211]]]}}, {"type": "Feature", "properties": {"type": "postcode-cell", "postcode": "EX12 2RD", "postcodes": ["EX12 2RD"]}, "geometry": {"type": "Polygon", "coordinates": [[[-3.0732080624814557, 50.70574900468965], [-3.072329473779171, 50.705958287786856], [-3.0722766940402235, 50.705383641665506], [-3.072859168897798, 50.70522619044245], [-3.073183036373266, 50.70552847184202], [-3.0732080624814557, 50.70574900468965]]]}}, {"type": "Feature", "properties": {"type": "postcode-cell", "postcode": "EX12 2QS", "postcodes": ["EX12 2QS"]}, "geometry": {"type": "Polygon", "coordinates": [[[-3.0728645347782333, 50.705117441345436], [-3.07282790797467, 50.705022823236106], [-3.073043663596502, 50.70434645398687], [-3.074074444507102, 50.70415003767416], [-3.0743133525330104, 50.704289217394845], [-3.0740337923288505, 50.70495241409827], [-3.0728645347782333, 50.705117441345436]]]}}, {"type": "Feature", "properties": {"type": "postcode-cell", "postcode": "EX12 2RS", "postcodes": ["EX12 2RS"]}, "geometry": {"type": "Polygon", "coordinates": [[[-3.073246544543785, 50.708168237060185], [-3.0730969995813546, 50.70821098495887], [-3.0728212098845806, 50.708177086380026], [-3.072614870036373, 50.707727465997905], [-3.0730809379957242, 50.7076645749812], [-3.0732886179204937, 50.70791007313211], [-3.073246544543785, 50.708168237060185]]]}}, {"type": "Feature", "properties": {"type": "postcode-cell", "postcode": "EX12 2BR", "postcodes": ["EX12 2BR"]}, "geometry": {"type": "Polygon", "coordinates": [[[-3.073724053090569, 50.71048826895203], [-3.0730316481798376, 50.71054878745738], [-3.0727852714118544, 50.71013024127474], [-3.073108219682772, 50.709919128144136], [-3.0734064778379184, 50.70989470536674], [-3.0736199021670885, 50.709953943748964], [-3.073724053090569, 50.71048826895203]]]}}, {"type": "Feature", "properties": {"type": "postcode-cell", "postcode": "EX12 2RN", "postcodes": ["EX12 2RN"]}, "geometry": {"type": "Polygon", "coordinates": [[[-3.0737322364649766, 50.70695224481106], [-3.073157395492312, 50.707028671950106], [-3.07268076072837, 50.706686222732664], [-3.073066837056079, 50.7063792789141], [-3.073109233906964, 50.70636956530856], [-3.073690286859973, 50.70669586826627], [-3.0737322364649766, 50.70695224481106]]]}}, {"type": "Feature", "properties": {"type": "postcode-cell", "postcode": "EX12 2UN", "postcodes": ["EX12 2UN"]}, "geometry": {"type": "Polygon", "coordinates": [[[-3.072930291059611, 50.71785519610119], [-3.073090598211324, 50.71822843905031], [-3.0727965926998944, 50.71910175661892], [-3.0725812317313856, 50.71923152910488], [-3.072196537175865, 50.71919929692932], [-3.0708880391759226, 50.71843257826005], [-3.0709541525022988, 50.71821632846641], [-3.0710537410238983, 50.71810673869346], [-3.0727589860240543, 50.71776785965159], [-3.072930291059611, 50.71785519610119]]]}}, {"type": "Feature", "properties": {"type": "postcode-cell", "postcode": "EX12 2SS", "postcodes": ["EX12 2SS"]}, "geometry": {"type": "Polygon", "coordinates": [[[-3.073645707300324, 50.71607744338266], [-3.073316069505647, 50.71663036220983], [-3.0720969348207285, 50.716366020443765], [-3.0722774936531256, 50.71611963756662], [-3.073419146998084, 50.71577117255105], [-3.073645707300324, 50.71607744338266]]]}}, {"type": "Feature", "properties": {"type": "postcode-cell", "postcode": "EX12 2UD", "postcodes": ["EX12 2UD"]}, "geometry": {"type": "Polygon", "coordinates": [[[-3.073633103200889, 50.7111867119191], [-3.0737227576335986, 50.71181712538884], [-3.0725189479858805, 50.71200885582857], [-3.072310743813994, 50.711362946980856], [-3.07238382852285, 50.71118376682587], [-3.0726973440806797, 50.711080622555144], [-3.073633103200889, 50.7111867119191]]]}}, {"type": "Feature", "properties": {"type": "postcode-cell", "postcode": "EX12 2BY", "postcodes": ["EX12 2BY"]}, "geometry": {"type": "Polygon", "coordinates": [[[-3.0730316481798376, 50.71054878745738], [-3.0726973440806797, 50.711080622555144], [-3.07238382852285, 50.71118376682587], [-3.071002214623766, 50.71032074138969], [-3.071397015056489, 50.710032131049665], [-3.071418718947384, 50.71002979884173], [-3.0727852714118544, 50.71013024127474], [-3.0730316481798376, 50.71054878745738]]]}}, {"type": "Feature", "properties": {"type": "postcode-cell", "postcode": "EX12 2DR", "postcodes": ["EX12 2DR"]}, "geometry": {"type": "Polygon", "coordinates": [[[-3.073249905455686, 50.71399750709172], [-3.07219872247364, 50.71460846394457], [-3.071971640888555, 50.71465229650801], [-3.071484375987998, 50.714374198191244], [-3.071352749875482, 50.71400873305996], [-3.073006191089218, 50.71375165180983], [-3.073249905455686, 50.71399750709172]]]}}, {"type": "Feature", "properties": {"type": "postcode-cell", "postcode": "EX12 2UB", "postcodes": ["EX12 2UB"]}, "geometry": {"type": "Polygon", "coordinates": [[[-3.075601448926709, 50.724141282606524], [-3.072388661506862, 50.72245421302056], [-3.0734984135560954, 50.72107775559204], [-3.0748289020450077, 50.721238844895105], [-3.075601448926709, 50.724141282606524]]]}}, {"type": "Feature", "properties": {"type": "postcode-cell", "postcode": "EX12 2QZ", "postcodes": ["EX12 2QZ"]}, "geometry": {"type": "Polygon", "coordinates": [[[-3.0736087553900977, 50.70879713738158], [-3.073446790015575, 50.70913981733803], [-3.0732558787512763, 50.70916891053396], [-3.072799063328082, 50.70862605482866], [-3.072903255953671, 50.70859929510884], [-3.0736087553900977, 50.70879713738158]]]}}, {"type": "Feature", "properties": {"type": "postcode-cell", "postcode": "EX12 2RU", "postcodes": ["EX12 2RU"]}, "geometry": {"type": "Polygon", "coordinates": [[[-3.072799063328082, 50.70862605482866], [-3.0722490703871568, 50.70873426131736], [-3.072141794934443, 50.70826366771436], [-3.0728212098845806, 50.708177086380026], [-3.0730969995813546, 50.70821098495887], [-3.072903255953671, 50.70859929510884], [-3.072799063328082, 50.70862605482866]]]}}, {"type": "Feature", "properties": {"type": "postcode-cell", "postcode": "EX12 2AU", "postcodes": ["EX12 2AU"]}, "geometry": {"type": "Polygon", "coordinates": [[[-3.0727852714118544, 50.71013024127474], [-3.071418718947384, 50.71002979884173], [-3.072743676955792, 50.7093628350265], [-3.073108219682772, 50.709919128144136], [-3.0727852714118544, 50.71013024127474]]]}}, {"type": "Feature", "properties": {"type": "postcode-cell", "postcode": "EX12 2NW", "postcodes": ["EX12 2NW"]}, "geometry": {"type": "Polygon", "coordinates": [[[-3.0634653317595415, 50.70311122462884], [-3.063114765853014, 50.70385330947048], [-3.0624377405699503, 50.704113705533096], [-3.0616483342906826, 50.703384963095395], [-3.0615012631208685, 50.70302177783834], [-3.0634683875302766, 50.70302768850307], [-3.0634653317595415, 50.70311122462884]]]}}, {"type": "Feature", "properties": {"type": "postcode-cell", "postcode": "EX12 2RP", "postcodes": ["EX12 2RP"]}, "geometry": {"type": "Polygon", "coordinates": [[[-3.0730809379957242, 50.7076645749812], [-3.072614870036373, 50.707727465997905], [-3.0720507576058083, 50.70769183386342], [-3.0722275480419663, 50.707303334165125], [-3.0724858340609673, 50.70719377574886], [-3.072882791670541, 50.70718592367847], [-3.073090145827242, 50.707651397101415], [-3.0730809379957242, 50.7076645749812]]]}}, {"type": "Feature", "properties": {"type": "postcode-cell", "postcode": "EX12 2RX", "postcodes": ["EX12 2RX"]}, "geometry": {"type": "Polygon", "coordinates": [[[-3.0727800226895923, 50.70925879188128], [-3.0721519768588696, 50.70887802052127], [-3.0722490703871568, 50.70873426131736], [-3.072799063328082, 50.70862605482866], [-3.0732558787512763, 50.70916891053396], [-3.0727800226895923, 50.70925879188128]]]}}, {"type": "Feature", "properties": {"type": "postcode-cell", "postcode": "EX12 2DS", "postcodes": ["EX12 2DS"]}, "geometry": {"type": "Polygon", "coordinates": [[[-3.073006191089218, 50.71375165180983], [-3.071352749875482, 50.71400873305996], [-3.0708944542612167, 50.713520090931745], [-3.070954419684016, 50.71329757760055], [-3.071658810780178, 50.71276865518716], [-3.0722025537619557, 50.71269700568267], [-3.072683299689635, 50.71287537368805], [-3.073006191089218, 50.71375165180983]]]}}, {"type": "Feature", "properties": {"type": "postcode-cell", "postcode": "EX12 2AT", "postcodes": ["EX12 2AT"]}, "geometry": {"type": "Polygon", "coordinates": [[[-3.072743676955792, 50.7093628350265], [-3.071418718947384, 50.71002979884173], [-3.071397015056489, 50.710032131049665], [-3.0713356272428833, 50.70936136249668], [-3.071624452137113, 50.70899731823649], [-3.0721519768588696, 50.70887802052127], [-3.0727800226895923, 50.70925879188128], [-3.072743676955792, 50.7093628350265]]]}}, {"type": "Feature", "properties": {"type": "postcode-cell", "postcode": "EX12 2SG", "postcodes": ["EX12 2SG"]}, "geometry": {"type": "Polygon", "coordinates": [[[-3.072882791670541, 50.70718592367847], [-3.0724858340609673, 50.70719377574886], [-3.072379070080402, 50.706772064737265], [-3.072544318803811, 50.70669741465931], [-3.07268076072837, 50.706686222732664], [-3.073157395492312, 50.707028671950106], [-3.072882791670541, 50.70718592367847]]]}}, {"type": "Feature", "properties": {"type": "postcode-cell", "postcode": "EX12 2PA", "postcodes": ["EX12 2PA"]}, "geometry": {"type": "Polygon", "coordinates": [[[-3.0728645347782333, 50.705117441345436], [-3.072859168897798, 50.70522619044245], [-3.0722766940402235, 50.705383641665506], [-3.071694272019785, 50.705412735185035], [-3.0717439364036374, 50.70504644598847], [-3.072177771731939, 50.70491650332782], [-3.07282790797467, 50.705022823236106], [-3.0728645347782333, 50.705117441345436]]]}}, {"type": "Feature", "properties": {"type": "postcode-cell", "postcode": "EX12 2RT", "postcodes": ["EX12 2RT"]}, "geometry": {"type": "Polygon", "coordinates": [[[-3.072614870036373, 50.707727465997905], [-3.0728212098845806, 50.708177086380026], [-3.072141794934443, 50.70826366771436], [-3.071688683396126, 50.707900529853966], [-3.0717151523047876, 50.70785796559604], [-3.0720507576058083, 50.70769183386342], [-3.072614870036373, 50.707727465997905]]]}}, {"type": "Feature", "properties": {"type": "postcode-cell", "postcode": "EX12 2AH", "postcodes": ["EX12 2AH"]}, "geometry": {"type": "Polygon", "coordinates": [[[-3.0724858340609673, 50.70719377574886], [-3.0722275480419663, 50.707303334165125], [-3.0716614687577746, 50.70694313158018], [-3.071903003919705, 50.70674438189192], [-3.072379070080402, 50.706772064737265], [-3.0724858340609673, 50.70719377574886]]]}}, {"type": "Feature", "properties": {"type": "postcode-cell", "postcode": "EX12 2RJ", "postcodes": ["EX12 2RJ"]}, "geometry": {"type": "Polygon", "coordinates": [[[-3.07268076072837, 50.706686222732664], [-3.072544318803811, 50.70669741465931], [-3.0722477694970687, 50.706280820425285], [-3.0722673545754353, 50.70621858550005], [-3.073066837056079, 50.7063792789141], [-3.07268076072837, 50.706686222732664]]]}}, {"type": "Feature", "properties": {"type": "postcode-cell", "postcode": "EX12 2AQ", "postcodes": ["EX12 2AQ"]}, "geometry": {"type": "Polygon", "coordinates": [[[-3.0720507576058083, 50.70769183386342], [-3.0717151523047876, 50.70785796559604], [-3.071266959457511, 50.707382396263135], [-3.0712205073675194, 50.70700570759064], [-3.0716614687577746, 50.70694313158018], [-3.0722275480419663, 50.707303334165125], [-3.0720507576058083, 50.70769183386342]]]}}, {"type": "Feature", "properties": {"type": "postcode-cell", "postcode": "EX12 2RQ", "postcodes": ["EX12 2RQ"]}, "geometry": {"type": "Polygon", "coordinates": [[[-3.072544318803811, 50.70669741465931], [-3.072379070080402, 50.706772064737265], [-3.071903003919705, 50.70674438189192], [-3.0718689837844595, 50.70661189157291], [-3.0722477694970687, 50.706280820425285], [-3.072544318803811, 50.70669741465931]]]}}, {"type": "Feature", "properties": {"type": "postcode-cell", "postcode": "EX12 2DW", "postcodes": ["EX12 2DW"]}, "geometry": {"type": "Polygon", "coordinates": [[[-3.0722774936531256, 50.71611963756662], [-3.0719872000482673, 50.71532038959759], [-3.073460773071541, 50.71546606175792], [-3.073419146998084, 50.71577117255105], [-3.0722774936531256, 50.71611963756662]]]}}, {"type": "Feature", "properties": {"type": "postcode-cell", "postcode": "EX12 2AS", "postcodes": ["EX12 2AS"]}, "geometry": {"type": "Polygon", "coordinates": [[[-3.0721519768588696, 50.70887802052127], [-3.071624452137113, 50.70899731823649], [-3.0713448427433523, 50.708804837646476], [-3.071298362323896, 50.70802646891615], [-3.071688683396126, 50.707900529853966], [-3.072141794934443, 50.70826366771436], [-3.0722490703871568, 50.70873426131736], [-3.0721519768588696, 50.70887802052127]]]}}, {"type": "Feature", "properties": {"type": "postcode-cell", "postcode": "EX12 2SZ", "postcodes": ["EX12 2SZ"]}, "geometry": {"type": "Polygon", "coordinates": [[[-3.072388661506862, 50.72245421302056], [-3.075601448926709, 50.724141282606524], [-3.0761128463259935, 50.725415558302274], [-3.0730199894633685, 50.724909994752274], [-3.0702099894622505, 50.72371999475139], [-3.0696920203380134, 50.72300366445925], [-3.072388661506862, 50.72245421302056]]]}}, {"type": "Feature", "properties": {"type": "postcode-cell", "postcode": "EX12 2DE", "postcodes": ["EX12 2DE"]}, "geometry": {"type": "Polygon", "coordinates": [[[-3.071998135865533, 50.71640262015441], [-3.071092098306296, 50.715967384467504], [-3.070891569276702, 50.715607673910576], [-3.070949726185586, 50.71551434074081], [-3.070966988207934, 50.71550409809243], [-3.0718501914456673, 50.71525110157935], [-3.0719872000482673, 50.71532038959759], [-3.0722774936531256, 50.71611963756662], [-3.0720969348207285, 50.716366020443765], [-3.071998135865533, 50.71640262015441]]]}}, {"type": "Feature", "properties": {"type": "postcode-cell", "postcode": "EX12 2RF", "postcodes": ["EX12 2RF"]}, "geometry": {"type": "Polygon", "coordinates": [[[-3.0722477694970687, 50.706280820425285], [-3.0718689837844595, 50.70661189157291], [-3.071129415097886, 50.70620296998214], [-3.071437938208873, 50.70609465335707], [-3.072177224150403, 50.70608022890359], [-3.0722673545754353, 50.70621858550005], [-3.0722477694970687, 50.706280820425285]]]}}, {"type": "Feature", "properties": {"type": "postcode-cell", "postcode": "EX12 2QT", "postcodes": ["EX12 2QT"]}, "geometry": {"type": "Polygon", "coordinates": [[[-3.07282790797467, 50.705022823236106], [-3.072177771731939, 50.70491650332782], [-3.071846774623385, 50.704512758122966], [-3.072187543824742, 50.70427123919417], [-3.0724511563529626, 50.70416509024918], [-3.073043663596502, 50.70434645398687], [-3.07282790797467, 50.705022823236106]]]}}, {"type": "Feature", "properties": {"type": "postcode-cell", "postcode": "EX12 2SY", "postcodes": ["EX12 2SY"]}, "geometry": {"type": "Polygon", "coordinates": [[[-3.0734984135560954, 50.72107775559204], [-3.072388661506862, 50.72245421302056], [-3.0696920203380134, 50.72300366445925], [-3.0692699894623217, 50.72241999475041], [-3.068049989461678, 50.72221999475027], [-3.066949314177811, 50.721711501608645], [-3.0673372736290148, 50.72155298841915], [-3.0681941257099514, 50.72131134093753], [-3.0728882179533303, 50.72093259956563], [-3.0734984135560954, 50.72107775559204]]]}}, {"type": "Feature", "properties": {"type": "postcode-cell", "postcode": "EX12 2DN", "postcodes": ["EX12 2DN"]}, "geometry": {"type": "Polygon", "coordinates": [[[-3.0718501914456673, 50.71525110157935], [-3.070966988207934, 50.71550409809243], [-3.0706577952047507, 50.71465460624333], [-3.071484375987998, 50.714374198191244], [-3.071971640888555, 50.71465229650801], [-3.0718501914456673, 50.71525110157935]]]}}, {"type": "Feature", "properties": {"type": "postcode-cell", "postcode": "EX12 2RB", "postcodes": ["EX12 2RB"]}, "geometry": {"type": "Polygon", "coordinates": [[[-3.072249166182885, 50.7059986443425], [-3.0716752810123524, 50.70543351929785], [-3.071673492903511, 50.705423494312164], [-3.071694272019785, 50.705412735185035], [-3.0722766940402235, 50.705383641665506], [-3.072329473779171, 50.705958287786856], [-3.072249166182885, 50.7059986443425]]]}}, {"type": "Feature", "properties": {"type": "postcode-cell", "postcode": "EX12 2QU", "postcodes": ["EX12 2QU"]}, "geometry": {"type": "Polygon", "coordinates": [[[-3.072187543824742, 50.70427123919417], [-3.0712692116268303, 50.704123106066234], [-3.071257816445978, 50.70364594856646], [-3.071542294192972, 50.70304746196442], [-3.071812683409063, 50.703048016400174], [-3.0724511563529626, 50.70416509024918], [-3.072187543824742, 50.70427123919417]]]}}, {"type": "Feature", "properties": {"type": "postcode-cell", "postcode": "EX12 2UU", "postcodes": ["EX12 2UU"]}, "geometry": {"type": "Polygon", "coordinates": [[[-3.0722025537619557, 50.71269700568267], [-3.071658810780178, 50.71276865518716], [-3.0704215583882712, 50.71193796867329], [-3.0703577734079093, 50.71167787740774], [-3.072310743813994, 50.711362946980856], [-3.0725189479858805, 50.71200885582857], [-3.0722025537619557, 50.71269700568267]]]}}, {"type": "Feature", "properties": {"type": "postcode-cell", "postcode": "EX12 2NY", "postcodes": ["EX12 2NY"]}, "geometry": {"type": "Polygon", "coordinates": [[[-3.071673492903511, 50.705423494312164], [-3.0715011995162267, 50.705413131246836], [-3.0710701830192124, 50.70502206166053], [-3.0710666401085156, 50.70487038031779], [-3.0714013957635373, 50.704762055360476], [-3.0717439364036374, 50.70504644598847], [-3.071694272019785, 50.705412735185035], [-3.071673492903511, 50.705423494312164]]]}}, {"type": "Feature", "properties": {"type": "postcode-cell", "postcode": "EX12 2UJ", "postcodes": ["EX12 2UJ"]}, "geometry": {"type": "Polygon", "coordinates": [[[-3.071903003919705, 50.70674438189192], [-3.0716614687577746, 50.70694313158018], [-3.0712205073675194, 50.70700570759064], [-3.070980659958078, 50.70691067741161], [-3.07085302589811, 50.70683310044907], [-3.0710958063661695, 50.7062058373075], [-3.071129415097886, 50.70620296998214], [-3.0718689837844595, 50.70661189157291], [-3.071903003919705, 50.70674438189192]]]}}, {"type": "Feature", "properties": {"type": "postcode-cell", "postcode": "EX12 2RA", "postcodes": ["EX12 2RA", "EX12 3YJ", "EX12 9AT", "EX12 9AX", "EX12 9BA"]}, "geometry": {"type": "Polygon", "coordinates": [[[-3.072177224150403, 50.70608022890359], [-3.071437938208873, 50.70609465335707], [-3.0716752810123524, 50.70543351929785], [-3.072249166182885, 50.7059986443425], [-3.072177224150403, 50.70608022890359]]]}}, {"type": "Feature", "properties": {"type": "postcode-cell", "postcode": "EX12 2XQ", "postcodes": ["EX12 2XQ"]}, "geometry": {"type": "Polygon", "coordinates": [[[-3.0691355764264068, 50.718608214159374], [-3.0693056026156174, 50.71853594192609], [-3.0706513663351376, 50.71857737146539], [-3.0700039182634065, 50.7199022409572], [-3.0681941257099514, 50.72131134093753], [-3.0673372736290148, 50.72155298841915], [-3.0691355764264068, 50.718608214159374]]]}}, {"type": "Feature", "properties": {"type": "postcode-cell", "postcode": "EX12 2XB", "postcodes": ["EX12 2XB"]}, "geometry": {"type": "MultiPolygon", "coordinates": [[[[-3.068538999299061, 50.7181759558848], [-3.0691355764264068, 50.718608214159374], [-3.0673372736290148, 50.72155298841915], [-3.066949314177811, 50.721711501608645], [-3.066339989461033, 50.72142999474969], [-3.065549989460592, 50.72134999474964], [-3.0645599894597604, 50.721819994750035], [-3.063209989458879, 50.72194999475014], [-3.0611599894577535, 50.72170999474999], [-3.0606799894578174, 50.72098999474946], [-3.060049692121842, 50.72076421677588], [-3.0603099894576777, 50.72081999474935], [-3.058969989457086, 50.720369994749], [-3.0589099894570606, 50.720349994749014], [-3.0589999894571713, 50.72023999474891], [-3.0591099894572857, 50.720139994748834], [-3.059109989457182, 50.720130515526535], [-3.068538999299061, 50.7181759558848]]], [[[-3.059029989457233, 50.72014999474883], [-3.059029989457229, 50.72015999474885], [-3.0590299894572226, 50.720169994748844], [-3.059009989457203, 50.720179994748854], [-3.0589999894572, 50.72017999474887], [-3.059029989457233, 50.72014999474883]]]]}}, {"type": "Feature", "properties": {"type": "postcode-cell", "postcode": "EX12 2NR", "postcodes": ["EX12 2NR"]}, "geometry": {"type": "Polygon", "coordinates": [[[-3.07238382852285, 50.71118376682587], [-3.072310743813994, 50.711362946980856], [-3.0703577734079093, 50.71167787740774], [-3.0703329895577802, 50.711652624554056], [-3.0703329896308382, 50.71043392897565], [-3.071002214623766, 50.71032074138969], [-3.07238382852285, 50.71118376682587]]]}}, {"type": "Feature", "properties": {"type": "postcode-cell", "postcode": "EX12 2RH", "postcodes": ["EX12 2RH"]}, "geometry": {"type": "Polygon", "coordinates": [[[-3.0714013957635373, 50.704762055360476], [-3.0715095000465658, 50.704609733401526], [-3.071846774623385, 50.704512758122966], [-3.072177771731939, 50.70491650332782], [-3.0717439364036374, 50.70504644598847], [-3.0714013957635373, 50.704762055360476]]]}}, {"type": "Feature", "properties": {"type": "postcode-cell", "postcode": "EX12 2QX", "postcodes": ["EX12 2QX"]}, "geometry": {"type": "Polygon", "coordinates": [[[-3.0715095000465658, 50.704609733401526], [-3.0711784396532398, 50.70439284303314], [-3.0712441969728004, 50.70414640912467], [-3.0712692116268303, 50.704123106066234], [-3.072187543824742, 50.70427123919417], [-3.071846774623385, 50.704512758122966], [-3.0715095000465658, 50.704609733401526]]]}}, {"type": "Feature", "properties": {"type": "postcode-cell", "postcode": "EX12 2UX", "postcodes": ["EX12 2UX"]}, "geometry": {"type": "Polygon", "coordinates": [[[-3.0727589860240543, 50.71776785965159], [-3.0710537410238983, 50.71810673869346], [-3.0707915665026624, 50.7177250168336], [-3.0711018721916092, 50.716934561965125], [-3.0716783573600597, 50.71686323842788], [-3.072728418098519, 50.71768246302134], [-3.0727589860240543, 50.71776785965159]]]}}, {"type": "Feature", "properties": {"type": "postcode-cell", "postcode": "EX12 2AJ", "postcodes": ["EX12 2AJ"]}, "geometry": {"type": "Polygon", "coordinates": [[[-3.071688683396126, 50.707900529853966], [-3.071298362323896, 50.70802646891615], [-3.0711341041483697, 50.70803405063926], [-3.0700847562693134, 50.70770298427093], [-3.0700792562507853, 50.70768221546327], [-3.070499129953386, 50.7075079100333], [-3.071266959457511, 50.707382396263135], [-3.0717151523047876, 50.70785796559604], [-3.071688683396126, 50.707900529853966]]]}}, {"type": "Feature", "properties": {"type": "postcode-cell", "postcode": "EX12 2WH", "postcodes": ["EX12 2WH"]}, "geometry": {"type": "Polygon", "coordinates": [[[-3.0725812317313856, 50.71923152910488], [-3.0728882179533303, 50.72093259956563], [-3.0681941257099514, 50.72131134093753], [-3.0700039182634065, 50.7199022409572], [-3.072196537175865, 50.71919929692932], [-3.0725812317313856, 50.71923152910488]]]}}, {"type": "Feature", "properties": {"type": "postcode-cell", "postcode": "EX12 2LL", "postcodes": ["EX12 2LL"]}, "geometry": {"type": "Polygon", "coordinates": [[[-3.071257816445978, 50.70364594856646], [-3.0705935456006124, 50.704101065469885], [-3.0703779096949964, 50.704092517869576], [-3.0703477947635482, 50.70391656964458], [-3.0715339415305527, 50.703047444827206], [-3.071542294192972, 50.70304746196442], [-3.071257816445978, 50.70364594856646]]]}}, {"type": "Feature", "properties": {"type": "postcode-cell", "postcode": "EX12 2LH", "postcodes": ["EX12 2LH"]}, "geometry": {"type": "Polygon", "coordinates": [[[-3.071129415097886, 50.70620296998214], [-3.0710958063661695, 50.7062058373075], [-3.070442379014618, 50.7059022535741], [-3.070373518094562, 50.70586137328168], [-3.0707164876659743, 50.705572926831486], [-3.0715011995162267, 50.705413131246836], [-3.071673492903511, 50.705423494312164], [-3.0716752810123524, 50.70543351929785], [-3.071437938208873, 50.70609465335707], [-3.071129415097886, 50.70620296998214]]]}}, {"type": "Feature", "properties": {"type": "postcode-cell", "postcode": "EX12 2NX", "postcodes": ["EX12 2NX"]}, "geometry": {"type": "Polygon", "coordinates": [[[-3.0715095000465658, 50.704609733401526], [-3.0714013957635373, 50.704762055360476], [-3.0710666401085156, 50.70487038031779], [-3.070678421811182, 50.70479383633904], [-3.0708047985102764, 50.70445358257655], [-3.070871329948968, 50.7044100921076], [-3.0711784396532398, 50.70439284303314], [-3.0715095000465658, 50.704609733401526]]]}}, {"type": "Feature", "properties": {"type": "postcode-cell", "postcode": "EX12 2DA", "postcodes": ["EX12 2DA"]}, "geometry": {"type": "Polygon", "coordinates": [[[-3.071352749875482, 50.71400873305996], [-3.071484375987998, 50.714374198191244], [-3.0706577952047507, 50.71465460624333], [-3.070045705741792, 50.71462505509021], [-3.069655475327982, 50.71404985268885], [-3.0708944542612167, 50.713520090931745], [-3.071352749875482, 50.71400873305996]]]}}, {"type": "Feature", "properties": {"type": "postcode-cell", "postcode": "EX12 2AR", "postcodes": ["EX12 2AR"]}, "geometry": {"type": "Polygon", "coordinates": [[[-3.071397015056489, 50.710032131049665], [-3.071002214623766, 50.71032074138969], [-3.0703329896308382, 50.71043392897565], [-3.0697219617306217, 50.71027310752635], [-3.069444147011297, 50.71009709860371], [-3.0694781823376407, 50.70941864672479], [-3.070235654961852, 50.7090965649865], [-3.0713356272428833, 50.70936136249668], [-3.071397015056489, 50.710032131049665]]]}}, {"type": "Feature", "properties": {"type": "postcode-cell", "postcode": "EX12 2FG", "postcodes": ["EX12 2FG"]}, "geometry": {"type": "Polygon", "coordinates": [[[-3.0715011995162267, 50.705413131246836], [-3.0707164876659743, 50.705572926831486], [-3.070686561131293, 50.70531701743036], [-3.0710701830192124, 50.70502206166053], [-3.0715011995162267, 50.705413131246836]]]}}, {"type": "Feature", "properties": {"type": "postcode-cell", "postcode": "EX12 2TJ", "postcodes": ["EX12 2TJ"]}, "geometry": {"type": "Polygon", "coordinates": [[[-3.0716783573600597, 50.71686323842788], [-3.0711018721916092, 50.716934561965125], [-3.0703281011717793, 50.71671005663525], [-3.071092098306296, 50.715967384467504], [-3.071998135865533, 50.71640262015441], [-3.0716783573600597, 50.71686323842788]]]}}, {"type": "Feature", "properties": {"type": "postcode-cell", "postcode": "EX12 2UW", "postcodes": ["EX12 2UW"]}, "geometry": {"type": "Polygon", "coordinates": [[[-3.0706513663351376, 50.71857737146539], [-3.0708880391759226, 50.71843257826005], [-3.072196537175865, 50.71919929692932], [-3.0700039182634065, 50.7199022409572], [-3.0706513663351376, 50.71857737146539]]]}}, {"type": "Feature", "properties": {"type": "postcode-cell", "postcode": "EX12 2LR", "postcodes": ["EX12 2LR"]}, "geometry": {"type": "Polygon", "coordinates": [[[-3.0713448427433523, 50.708804837646476], [-3.070436530923557, 50.70865516302152], [-3.070400738968812, 50.70859491311306], [-3.0711341041483697, 50.70803405063926], [-3.071298362323896, 50.70802646891615], [-3.0713448427433523, 50.708804837646476]]]}}, {"type": "Feature", "properties": {"type": "postcode-cell", "postcode": "EX12 2FD", "postcodes": ["EX12 2FD"]}, "geometry": {"type": "Polygon", "coordinates": [[[-3.071624452137113, 50.70899731823649], [-3.0713356272428833, 50.70936136249668], [-3.070235654961852, 50.7090965649865], [-3.070436530923557, 50.70865516302152], [-3.0713448427433523, 50.708804837646476], [-3.071624452137113, 50.70899731823649]]]}}, {"type": "Feature", "properties": {"type": "postcode-cell", "postcode": "EX12 2QL", "postcodes": ["EX12 2QL"]}, "geometry": {"type": "Polygon", "coordinates": [[[-3.070871329948968, 50.7044100921076], [-3.0706542612426895, 50.7041324965701], [-3.0712441969728004, 50.70414640912467], [-3.0711784396532398, 50.70439284303314], [-3.070871329948968, 50.7044100921076]]]}}, {"type": "Feature", "properties": {"type": "postcode-cell", "postcode": "EX12 2AG", "postcodes": ["EX12 2AG"]}, "geometry": {"type": "Polygon", "coordinates": [[[-3.0712205073675194, 50.70700570759064], [-3.071266959457511, 50.707382396263135], [-3.070499129953386, 50.7075079100333], [-3.070980659958078, 50.70691067741161], [-3.0712205073675194, 50.70700570759064]]]}}, {"type": "Feature", "properties": {"type": "postcode-cell", "postcode": "EX12 2LA", "postcodes": ["EX12 2LA"]}, "geometry": {"type": "Polygon", "coordinates": [[[-3.0710666401085156, 50.70487038031779], [-3.0710701830192124, 50.70502206166053], [-3.070686561131293, 50.70531701743036], [-3.0704494027791576, 50.705090924016275], [-3.070631671217709, 50.70480087689704], [-3.070678421811182, 50.70479383633904], [-3.0710666401085156, 50.70487038031779]]]}}, {"type": "Feature", "properties": {"type": "postcode-cell", "postcode": "EX12 2QN", "postcodes": ["EX12 2QN"]}, "geometry": {"type": "Polygon", "coordinates": [[[-3.0712441969728004, 50.70414640912467], [-3.0706542612426895, 50.7041324965701], [-3.0705935456006124, 50.704101065469885], [-3.071257816445978, 50.70364594856646], [-3.0712692116268303, 50.704123106066234], [-3.0712441969728004, 50.70414640912467]]]}}, {"type": "Feature", "properties": {"type": "postcode-cell", "postcode": "EX12 2LN", "postcodes": ["EX12 2LN"]}, "geometry": {"type": "Polygon", "coordinates": [[[-3.0703477947635482, 50.70391656964458], [-3.070265574278371, 50.703855690228615], [-3.0697748241525993, 50.70327680083095], [-3.0696757248292363, 50.70304361743552], [-3.0715339415305527, 50.703047444827206], [-3.0703477947635482, 50.70391656964458]]]}}, {"type": "Feature", "properties": {"type": "postcode-cell", "postcode": "EX12 2QJ", "postcodes": ["EX12 2QJ"]}, "geometry": {"type": "Polygon", "coordinates": [[[-3.0706542612426895, 50.7041324965701], [-3.070871329948968, 50.7044100921076], [-3.0708047985102764, 50.70445358257655], [-3.069898014538713, 50.70434794102896], [-3.0698923588030094, 50.70434381219297], [-3.0703779096949964, 50.704092517869576], [-3.0705935456006124, 50.704101065469885], [-3.0706542612426895, 50.7041324965701]]]}}, {"type": "Feature", "properties": {"type": "postcode-cell", "postcode": "EX12 2NZ", "postcodes": ["EX12 2NZ"]}, "geometry": {"type": "Polygon", "coordinates": [[[-3.070954419684016, 50.71329757760055], [-3.0698843257073487, 50.713026970389784], [-3.0698689134366215, 50.71223635693326], [-3.0704215583882712, 50.71193796867329], [-3.071658810780178, 50.71276865518716], [-3.070954419684016, 50.71329757760055]]]}}, {"type": "Feature", "properties": {"type": "postcode-cell", "postcode": "EX12 2LE", "postcodes": ["EX12 2LE"]}, "geometry": {"type": "Polygon", "coordinates": [[[-3.0707164876659743, 50.705572926831486], [-3.070373518094562, 50.70586137328168], [-3.070204761410447, 50.70585644298678], [-3.069475579551988, 50.705303141414056], [-3.0695061707577573, 50.70526863447278], [-3.069745087177033, 50.705161475337086], [-3.0704494027791576, 50.705090924016275], [-3.070686561131293, 50.70531701743036], [-3.0707164876659743, 50.705572926831486]]]}}, {"type": "Feature", "properties": {"type": "postcode-cell", "postcode": "EX12 2FA", "postcodes": ["EX12 2FA"]}, "geometry": {"type": "Polygon", "coordinates": [[[-3.0711341041483697, 50.70803405063926], [-3.070400738968812, 50.70859491311306], [-3.069836189972824, 50.70837076089398], [-3.06972200757106, 50.70809869540464], [-3.0700847562693134, 50.70770298427093], [-3.0711341041483697, 50.70803405063926]]]}}, {"type": "Feature", "properties": {"type": "postcode-cell", "postcode": "EX12 2UY", "postcodes": ["EX12 2UY"]}, "geometry": {"type": "Polygon", "coordinates": [[[-3.0710537410238983, 50.71810673869346], [-3.0709541525022988, 50.71821632846641], [-3.069557587878207, 50.71797692644778], [-3.0696363245192813, 50.71759438324015], [-3.0701266738667026, 50.71751814943281], [-3.0707915665026624, 50.7177250168336], [-3.0710537410238983, 50.71810673869346]]]}}, {"type": "Feature", "properties": {"type": "postcode-cell", "postcode": "EX12 2DL", "postcodes": ["EX12 2DL"]}, "geometry": {"type": "Polygon", "coordinates": [[[-3.070949726185586, 50.71551434074081], [-3.069755606397543, 50.71499807245063], [-3.070045705741792, 50.71462505509021], [-3.0706577952047507, 50.71465460624333], [-3.070966988207934, 50.71550409809243], [-3.070949726185586, 50.71551434074081]]]}}, {"type": "Feature", "properties": {"type": "postcode-cell", "postcode": "EX12 2XE", "postcodes": ["EX12 2XE"]}, "geometry": {"type": "Polygon", "coordinates": [[[-3.0708880391759226, 50.71843257826005], [-3.0706513663351376, 50.71857737146539], [-3.0693056026156174, 50.71853594192609], [-3.0695403373279126, 50.717986268499715], [-3.069557587878207, 50.71797692644778], [-3.0709541525022988, 50.71821632846641], [-3.0708880391759226, 50.71843257826005]]]}}, {"type": "Feature", "properties": {"type": "postcode-cell", "postcode": "EX12 2UP", "postcodes": ["EX12 2UP"]}, "geometry": {"type": "Polygon", "coordinates": [[[-3.0711018721916092, 50.716934561965125], [-3.0707915665026624, 50.7177250168336], [-3.0701266738667026, 50.71751814943281], [-3.0701653123752735, 50.71670834618], [-3.0703281011717793, 50.71671005663525], [-3.0711018721916092, 50.716934561965125]]]}}, {"type": "Feature", "properties": {"type": "postcode-cell", "postcode": "EX12 2JZ", "postcodes": ["EX12 2JZ"]}, "geometry": {"type": "Polygon", "coordinates": [[[-3.070631671217709, 50.70480087689704], [-3.0705210641236897, 50.70476991096379], [-3.0701067203347585, 50.70458630134232], [-3.069898014538713, 50.70434794102896], [-3.0708047985102764, 50.70445358257655], [-3.070678421811182, 50.70479383633904], [-3.070631671217709, 50.70480087689704]]]}}, {"type": "Feature", "properties": {"type": "postcode-cell", "postcode": "EX12 2AF", "postcodes": ["EX12 2AF"]}, "geometry": {"type": "Polygon", "coordinates": [[[-3.070980659958078, 50.70691067741161], [-3.070499129953386, 50.7075079100333], [-3.0700792562507853, 50.70768221546327], [-3.0697145108660533, 50.70730627381324], [-3.070100299992763, 50.706896294988084], [-3.0702613974602992, 50.706869208683244], [-3.07085302589811, 50.70683310044907], [-3.070980659958078, 50.70691067741161]]]}}, {"type": "Feature", "properties": {"type": "postcode-cell", "postcode": "EX12 2AD", "postcodes": ["EX12 2AD"]}, "geometry": {"type": "Polygon", "coordinates": [[[-3.07085302589811, 50.70683310044907], [-3.0702613974602992, 50.706869208683244], [-3.070442379014618, 50.7059022535741], [-3.0710958063661695, 50.7062058373075], [-3.07085302589811, 50.70683310044907]]]}}, {"type": "Feature", "properties": {"type": "postcode-cell", "postcode": "EX12 2LS", "postcodes": ["EX12 2LS"]}, "geometry": {"type": "Polygon", "coordinates": [[[-3.0703779096949964, 50.704092517869576], [-3.0698923588030094, 50.70434381219297], [-3.069857575108511, 50.704339596015686], [-3.0697203438429628, 50.70425891016184], [-3.0698219626518792, 50.703898285043216], [-3.070265574278371, 50.703855690228615], [-3.0703477947635482, 50.70391656964458], [-3.0703779096949964, 50.704092517869576]]]}}, {"type": "Feature", "properties": {"type": "postcode-cell", "postcode": "EX12 2JN", "postcodes": ["EX12 2JN"]}, "geometry": {"type": "Polygon", "coordinates": [[[-3.0703577734079093, 50.71167787740774], [-3.0704215583882712, 50.71193796867329], [-3.0698689134366215, 50.71223635693326], [-3.069640109942826, 50.712282999676816], [-3.069031096614337, 50.71215692612321], [-3.0685006755937128, 50.71168343860646], [-3.0688161733070105, 50.71160030312497], [-3.0703329895577802, 50.711652624554056], [-3.0703577734079093, 50.71167787740774]]]}}, {"type": "Feature", "properties": {"type": "postcode-cell", "postcode": "EX12 2AN", "postcodes": ["EX12 2AN"]}, "geometry": {"type": "Polygon", "coordinates": [[[-3.070436530923557, 50.70865516302152], [-3.070235654961852, 50.7090965649865], [-3.0694781823376407, 50.70941864672479], [-3.068991177099855, 50.70896250893184], [-3.069836189972824, 50.70837076089398], [-3.070400738968812, 50.70859491311306], [-3.070436530923557, 50.70865516302152]]]}}, {"type": "Feature", "properties": {"type": "postcode-cell", "postcode": "EX12 2FU", "postcodes": ["EX12 2FU"]}, "geometry": {"type": "Polygon", "coordinates": [[[-3.069898014538713, 50.70434794102896], [-3.0701067203347585, 50.70458630134232], [-3.0698278245042534, 50.70507017332422], [-3.069745087177033, 50.705161475337086], [-3.0695061707577573, 50.70526863447278], [-3.069419872864983, 50.704694430365976], [-3.069857575108511, 50.704339596015686], [-3.0698923588030094, 50.70434381219297], [-3.069898014538713, 50.70434794102896]]]}}, {"type": "Feature", "properties": {"type": "postcode-cell", "postcode": "EX12 2AE", "postcodes": ["EX12 2AE"]}, "geometry": {"type": "Polygon", "coordinates": [[[-3.070442379014618, 50.7059022535741], [-3.0702613974602992, 50.706869208683244], [-3.070100299992763, 50.706896294988084], [-3.0695513964264682, 50.70637268267107], [-3.069550579838582, 50.70626072806401], [-3.070204761410447, 50.70585644298678], [-3.070373518094562, 50.70586137328168], [-3.070442379014618, 50.7059022535741]]]}}, {"type": "Feature", "properties": {"type": "postcode-cell", "postcode": "EX12 2AL", "postcodes": ["EX12 2AL"]}, "geometry": {"type": "Polygon", "coordinates": [[[-3.0700847562693134, 50.70770298427093], [-3.06972200757106, 50.70809869540464], [-3.0685699237447888, 50.70805855063038], [-3.0694190799607686, 50.70728606720169], [-3.0697145108660533, 50.70730627381324], [-3.0700792562507853, 50.70768221546327], [-3.0700847562693134, 50.70770298427093]]]}}, {"type": "Feature", "properties": {"type": "postcode-cell", "postcode": "EX12 2LG", "postcodes": ["EX12 2LG"]}, "geometry": {"type": "Polygon", "coordinates": [[[-3.0704494027791576, 50.705090924016275], [-3.069745087177033, 50.705161475337086], [-3.0698278245042534, 50.70507017332422], [-3.0705210641236897, 50.70476991096379], [-3.070631671217709, 50.70480087689704], [-3.0704494027791576, 50.705090924016275]]]}}, {"type": "Feature", "properties": {"type": "postcode-cell", "postcode": "EX12 2TL", "postcodes": ["EX12 2TL"]}, "geometry": {"type": "Polygon", "coordinates": [[[-3.071092098306296, 50.715967384467504], [-3.0703281011717793, 50.71671005663525], [-3.0701653123752735, 50.71670834618], [-3.0699173584853665, 50.7166509621347], [-3.069857032633847, 50.71588119846245], [-3.070891569276702, 50.715607673910576], [-3.071092098306296, 50.715967384467504]]]}}, {"type": "Feature", "properties": {"type": "postcode-cell", "postcode": "EX12 2DJ", "postcodes": ["EX12 2DJ"]}, "geometry": {"type": "Polygon", "coordinates": [[[-3.0708944542612167, 50.713520090931745], [-3.069655475327982, 50.71404985268885], [-3.0692558789921347, 50.7140099832332], [-3.0690143134620502, 50.71381906465715], [-3.0691755706338726, 50.7132292105508], [-3.069696429139503, 50.71302734890778], [-3.0698843257073487, 50.713026970389784], [-3.070954419684016, 50.71329757760055], [-3.0708944542612167, 50.713520090931745]]]}}, {"type": "Feature", "properties": {"type": "postcode-cell", "postcode": "EX12 2SJ", "postcodes": ["EX12 2SJ"]}, "geometry": {"type": "Polygon", "coordinates": [[[-3.070949726185586, 50.71551434074081], [-3.070891569276702, 50.715607673910576], [-3.069857032633847, 50.71588119846245], [-3.069674956590669, 50.71580966114033], [-3.0694758151520185, 50.71509634106447], [-3.069755606397543, 50.71499807245063], [-3.070949726185586, 50.71551434074081]]]}}, {"type": "Feature", "properties": {"type": "postcode-cell", "postcode": "EX12 2FF", "postcodes": ["EX12 2FF"]}, "geometry": {"type": "Polygon", "coordinates": [[[-3.0705210641236897, 50.70476991096379], [-3.0698278245042534, 50.70507017332422], [-3.0701067203347585, 50.70458630134232], [-3.0705210641236897, 50.70476991096379]]]}}, {"type": "Feature", "properties": {"type": "postcode-cell", "postcode": "EX12 2UR", "postcodes": ["EX12 2UR"]}, "geometry": {"type": "Polygon", "coordinates": [[[-3.0701653123752735, 50.71670834618], [-3.0701266738667026, 50.71751814943281], [-3.0696363245192813, 50.71759438324015], [-3.069173617982226, 50.71733117238313], [-3.0693718305772384, 50.71676060178404], [-3.0699173584853665, 50.7166509621347], [-3.0701653123752735, 50.71670834618]]]}}, {"type": "Feature", "properties": {"type": "postcode-cell", "postcode": "EX12 2GD", "postcodes": ["EX12 2GD"]}, "geometry": {"type": "Polygon", "coordinates": [[[-3.0697145108660533, 50.70730627381324], [-3.0694190799607686, 50.70728606720169], [-3.0685462119629654, 50.706995888335165], [-3.0695513964264682, 50.70637268267107], [-3.070100299992763, 50.706896294988084], [-3.0697145108660533, 50.70730627381324]]]}}, {"type": "Feature", "properties": {"type": "postcode-cell", "postcode": "EX12 2RG", "postcodes": ["EX12 2RG"]}, "geometry": {"type": "Polygon", "coordinates": [[[-3.069755606397543, 50.71499807245063], [-3.0694758151520185, 50.71509634106447], [-3.0693191515370652, 50.71508359704943], [-3.0684687034770857, 50.714645813562385], [-3.0692558789921347, 50.7140099832332], [-3.069655475327982, 50.71404985268885], [-3.070045705741792, 50.71462505509021], [-3.069755606397543, 50.71499807245063]]]}}, {"type": "Feature", "properties": {"type": "postcode-cell", "postcode": "EX12 2LP", "postcodes": ["EX12 2LP"]}, "geometry": {"type": "Polygon", "coordinates": [[[-3.0697748241525993, 50.70327680083095], [-3.0698219626518792, 50.703898285043216], [-3.0697203438429628, 50.70425891016184], [-3.0694368501257503, 50.70418486144808], [-3.0689976085498554, 50.70386980500021], [-3.0689790593528565, 50.703042174870234], [-3.0696757248292363, 50.70304361743552], [-3.0697748241525993, 50.70327680083095]]]}}, {"type": "Feature", "properties": {"type": "postcode-cell", "postcode": "EX12 2LW", "postcodes": ["EX12 2LW"]}, "geometry": {"type": "Polygon", "coordinates": [[[-3.0698219626518792, 50.703898285043216], [-3.0697748241525993, 50.70327680083095], [-3.070265574278371, 50.703855690228615], [-3.0698219626518792, 50.703898285043216]]]}}, {"type": "Feature", "properties": {"type": "postcode-cell", "postcode": "EX12 2JL", "postcodes": ["EX12 2JL"]}, "geometry": {"type": "Polygon", "coordinates": [[[-3.0703329895577802, 50.711652624554056], [-3.0688161733070105, 50.71160030312497], [-3.0693037288705014, 50.710647421211846], [-3.0697219617306217, 50.71027310752635], [-3.0703329896308382, 50.71043392897565], [-3.0703329895577802, 50.711652624554056]]]}}, {"type": "Feature", "properties": {"type": "postcode-cell", "postcode": "EX12 2WE", "postcodes": ["EX12 2WE"]}, "geometry": {"type": "Polygon", "coordinates": [[[-3.069550579838582, 50.70626072806401], [-3.0688971322285696, 50.706095889050225], [-3.0690816015150353, 50.705331506106326], [-3.069475579551988, 50.705303141414056], [-3.070204761410447, 50.70585644298678], [-3.069550579838582, 50.70626072806401]]]}}, {"type": "Feature", "properties": {"type": "postcode-cell", "postcode": "EX12 2SR", "postcodes": ["EX12 2SR"]}, "geometry": {"type": "Polygon", "coordinates": [[[-3.0699173584853665, 50.7166509621347], [-3.0693718305772384, 50.71676060178404], [-3.0686068814700858, 50.71654292760895], [-3.0687770031784125, 50.715880283221075], [-3.069674956590669, 50.71580966114033], [-3.069857032633847, 50.71588119846245], [-3.0699173584853665, 50.7166509621347]]]}}, {"type": "Feature", "properties": {"type": "postcode-cell", "postcode": "EX12 2JP", "postcodes": ["EX12 2JP"]}, "geometry": {"type": "Polygon", "coordinates": [[[-3.0698843257073487, 50.713026970389784], [-3.069696429139503, 50.71302734890778], [-3.0692124736394817, 50.71263336783356], [-3.069640109942826, 50.712282999676816], [-3.0698689134366215, 50.71223635693326], [-3.0698843257073487, 50.713026970389784]]]}}, {"type": "Feature", "properties": {"type": "postcode-cell", "postcode": "EX12 2LT", "postcodes": ["EX12 2LT"]}, "geometry": {"type": "Polygon", "coordinates": [[[-3.0689976085498554, 50.70386980500021], [-3.0682812571114835, 50.704261539536375], [-3.0681602288816716, 50.70428022100297], [-3.0679862616742324, 50.70420163015999], [-3.0680994162895305, 50.703040347470704], [-3.0689790593528565, 50.703042174870234], [-3.0689976085498554, 50.70386980500021]]]}}, {"type": "Feature", "properties": {"type": "postcode-cell", "postcode": "EX12 2GZ", "postcodes": ["EX12 2GZ"]}, "geometry": {"type": "Polygon", "coordinates": [[[-3.069857575108511, 50.704339596015686], [-3.069419872864983, 50.704694430365976], [-3.0689684374821136, 50.70463665513174], [-3.0688936350638083, 50.704448648801815], [-3.0694368501257503, 50.70418486144808], [-3.0697203438429628, 50.70425891016184], [-3.069857575108511, 50.704339596015686]]]}}, {"type": "Feature", "properties": {"type": "postcode-cell", "postcode": "EX12 2XF", "postcodes": ["EX12 2XF"]}, "geometry": {"type": "Polygon", "coordinates": [[[-3.0696363245192813, 50.71759438324015], [-3.069557587878207, 50.71797692644778], [-3.0695403373279126, 50.717986268499715], [-3.0686570449397803, 50.71788832238488], [-3.0684814167688494, 50.71756460045901], [-3.069173617982226, 50.71733117238313], [-3.0696363245192813, 50.71759438324015]]]}}, {"type": "Feature", "properties": {"type": "postcode-cell", "postcode": "EX12 2XG", "postcodes": ["EX12 2XG"]}, "geometry": {"type": "Polygon", "coordinates": [[[-3.0691355764264068, 50.718608214159374], [-3.068538999299061, 50.7181759558848], [-3.0686570449397803, 50.71788832238488], [-3.0695403373279126, 50.717986268499715], [-3.0693056026156174, 50.71853594192609], [-3.0691355764264068, 50.718608214159374]]]}}, {"type": "Feature", "properties": {"type": "postcode-cell", "postcode": "EX12 2AW", "postcodes": ["EX12 2AW"]}, "geometry": {"type": "Polygon", "coordinates": [[[-3.069836189972824, 50.70837076089398], [-3.068991177099855, 50.70896250893184], [-3.067032881490498, 50.70835129026564], [-3.0685699237447888, 50.70805855063038], [-3.06972200757106, 50.70809869540464], [-3.069836189972824, 50.70837076089398]]]}}, {"type": "Feature", "properties": {"type": "postcode-cell", "postcode": "EX12 2JW", "postcodes": ["EX12 2JW"]}, "geometry": {"type": "Polygon", "coordinates": [[[-3.0692124736394817, 50.71263336783356], [-3.068727309035202, 50.71262677023094], [-3.069031096614337, 50.71215692612321], [-3.069640109942826, 50.712282999676816], [-3.0692124736394817, 50.71263336783356]]]}}, {"type": "Feature", "properties": {"type": "postcode-cell", "postcode": "EX12 2DF", "postcodes": ["EX12 2DF"]}, "geometry": {"type": "Polygon", "coordinates": [[[-3.0693037288705014, 50.710647421211846], [-3.0681541444536293, 50.711104578454915], [-3.0678586539990143, 50.71090394186828], [-3.068375055941921, 50.71009803072465], [-3.069444147011297, 50.71009709860371], [-3.0697219617306217, 50.71027310752635], [-3.0693037288705014, 50.710647421211846]]]}}, {"type": "Feature", "properties": {"type": "postcode-cell", "postcode": "EX12 2PQ", "postcodes": ["EX12 2PQ"]}, "geometry": {"type": "Polygon", "coordinates": [[[-3.069475579551988, 50.705303141414056], [-3.0690816015150353, 50.705331506106326], [-3.0682007914092466, 50.70517339031412], [-3.0689684374821136, 50.70463665513174], [-3.069419872864983, 50.704694430365976], [-3.0695061707577573, 50.70526863447278], [-3.069475579551988, 50.705303141414056]]]}}, {"type": "Feature", "properties": {"type": "postcode-cell", "postcode": "EX12 2LQ", "postcodes": ["EX12 2LQ"]}, "geometry": {"type": "Polygon", "coordinates": [[[-3.0685462119629654, 50.706995888335165], [-3.067287856506294, 50.706955212740446], [-3.067209443783366, 50.706292850426], [-3.0688971322285696, 50.706095889050225], [-3.069550579838582, 50.70626072806401], [-3.0695513964264682, 50.70637268267107], [-3.0685462119629654, 50.706995888335165]]]}}, {"type": "Feature", "properties": {"type": "postcode-cell", "postcode": "EX12 2AP", "postcodes": ["EX12 2AP"]}, "geometry": {"type": "Polygon", "coordinates": [[[-3.069444147011297, 50.71009709860371], [-3.068375055941921, 50.71009803072465], [-3.0651580554076965, 50.70917564667608], [-3.066486575482293, 50.7083072752769], [-3.067032881490498, 50.70835129026564], [-3.068991177099855, 50.70896250893184], [-3.0694781823376407, 50.70941864672479], [-3.069444147011297, 50.71009709860371]]]}}, {"type": "Feature", "properties": {"type": "postcode-cell", "postcode": "EX12 2PB", "postcodes": ["EX12 2PB"]}, "geometry": {"type": "Polygon", "coordinates": [[[-3.0689684374821136, 50.70463665513174], [-3.0682007914092466, 50.70517339031412], [-3.06810456546699, 50.70517378217521], [-3.0681602288816716, 50.70428022100297], [-3.0682812571114835, 50.704261539536375], [-3.0688936350638083, 50.704448648801815], [-3.0689684374821136, 50.70463665513174]]]}}, {"type": "Feature", "properties": {"type": "postcode-cell", "postcode": "EX12 2WF", "postcodes": ["EX12 2WF"]}, "geometry": {"type": "Polygon", "coordinates": [[[-3.0690816015150353, 50.705331506106326], [-3.0688971322285696, 50.706095889050225], [-3.067209443783366, 50.706292850426], [-3.0668128625012714, 50.70571359806733], [-3.067127684372357, 50.705513796739886], [-3.06810456546699, 50.70517378217521], [-3.0682007914092466, 50.70517339031412], [-3.0690816015150353, 50.705331506106326]]]}}, {"type": "Feature", "properties": {"type": "postcode-cell", "postcode": "EX12 2JR", "postcodes": ["EX12 2JR"]}, "geometry": {"type": "Polygon", "coordinates": [[[-3.0691755706338726, 50.7132292105508], [-3.068116142326941, 50.71278156303894], [-3.068727309035202, 50.71262677023094], [-3.0692124736394817, 50.71263336783356], [-3.069696429139503, 50.71302734890778], [-3.0691755706338726, 50.7132292105508]]]}}, {"type": "Feature", "properties": {"type": "postcode-cell", "postcode": "EX12 2DP", "postcodes": ["EX12 2DP"]}, "geometry": {"type": "Polygon", "coordinates": [[[-3.0685006755937128, 50.71168343860646], [-3.0683742134172958, 50.71168399666138], [-3.0681541444536293, 50.711104578454915], [-3.0693037288705014, 50.710647421211846], [-3.0688161733070105, 50.71160030312497], [-3.0685006755937128, 50.71168343860646]]]}}, {"type": "Feature", "properties": {"type": "postcode-cell", "postcode": "EX12 2WL", "postcodes": ["EX12 2WL"]}, "geometry": {"type": "Polygon", "coordinates": [[[-3.0685699237447888, 50.70805855063038], [-3.067032881490498, 50.70835129026564], [-3.066486575482293, 50.7083072752769], [-3.0665963285786786, 50.70789649994942], [-3.067287856506294, 50.706955212740446], [-3.0685462119629654, 50.706995888335165], [-3.0694190799607686, 50.70728606720169], [-3.0685699237447888, 50.70805855063038]]]}}, {"type": "Feature", "properties": {"type": "postcode-cell", "postcode": "EX12 2SL", "postcodes": ["EX12 2SL"]}, "geometry": {"type": "Polygon", "coordinates": [[[-3.06859025121676, 50.715535201607956], [-3.0693191515370652, 50.71508359704943], [-3.0694758151520185, 50.71509634106447], [-3.069674956590669, 50.71580966114033], [-3.0687770031784125, 50.715880283221075], [-3.068510218953199, 50.715682542176296], [-3.06859025121676, 50.715535201607956]]]}}, {"type": "Feature", "properties": {"type": "postcode-cell", "postcode": "EX12 2SQ", "postcodes": ["EX12 2SQ"]}, "geometry": {"type": "Polygon", "coordinates": [[[-3.068510218953199, 50.715682542176296], [-3.0662420368983048, 50.71566920681722], [-3.0664844553157393, 50.71548439974095], [-3.0681483914396463, 50.71485781790934], [-3.06859025121676, 50.715535201607956], [-3.068510218953199, 50.715682542176296]]]}}, {"type": "Feature", "properties": {"type": "postcode-cell", "postcode": "EX12 2DG", "postcodes": ["EX12 2DG"]}, "geometry": {"type": "Polygon", "coordinates": [[[-3.0690143134620502, 50.71381906465715], [-3.067946375535841, 50.71362116839972], [-3.067414108566891, 50.71276122663508], [-3.068116142326941, 50.71278156303894], [-3.0691755706338726, 50.7132292105508], [-3.0690143134620502, 50.71381906465715]]]}}, {"type": "Feature", "properties": {"type": "postcode-cell", "postcode": "EX12 2LX", "postcodes": ["EX12 2LX"]}, "geometry": {"type": "Polygon", "coordinates": [[[-3.0688936350638083, 50.704448648801815], [-3.0682812571114835, 50.704261539536375], [-3.0689976085498554, 50.70386980500021], [-3.0694368501257503, 50.70418486144808], [-3.0688936350638083, 50.704448648801815]]]}}, {"type": "Feature", "properties": {"type": "postcode-cell", "postcode": "EX12 2JJ", "postcodes": ["EX12 2JJ"]}, "geometry": {"type": "Polygon", "coordinates": [[[-3.068116142326941, 50.71278156303894], [-3.067414108566891, 50.71276122663508], [-3.0666461026306466, 50.71241191387623], [-3.0683742134172958, 50.71168399666138], [-3.0685006755937128, 50.71168343860646], [-3.069031096614337, 50.71215692612321], [-3.068727309035202, 50.71262677023094], [-3.068116142326941, 50.71278156303894]]]}}, {"type": "Feature", "properties": {"type": "postcode-cell", "postcode": "EX12 2UZ", "postcodes": ["EX12 2UZ"]}, "geometry": {"type": "Polygon", "coordinates": [[[-3.0693718305772384, 50.71676060178404], [-3.069173617982226, 50.71733117238313], [-3.0684814167688494, 50.71756460045901], [-3.068209898616933, 50.71750269775964], [-3.068242103666041, 50.71717237777863], [-3.0686013314927796, 50.716543915894334], [-3.0686068814700858, 50.71654292760895], [-3.0693718305772384, 50.71676060178404]]]}}, {"type": "Feature", "properties": {"type": "postcode-cell", "postcode": "EX12 2XA", "postcodes": ["EX12 2XA"]}, "geometry": {"type": "Polygon", "coordinates": [[[-3.068209898616933, 50.71750269775964], [-3.0684814167688494, 50.71756460045901], [-3.0686570449397803, 50.71788832238488], [-3.068538999299061, 50.7181759558848], [-3.059109989457182, 50.720130515526535], [-3.0591099894573253, 50.720059994748766], [-3.0591099894573355, 50.72003999474876], [-3.059119989457347, 50.72002999474877], [-3.0591099894573457, 50.720019994748725], [-3.0591099894573692, 50.71996999474868], [-3.0589999894573374, 50.71989999474865], [-3.0587599894572466, 50.71978999474857], [-3.0586999894572258, 50.71975999474855], [-3.059359989457926, 50.719149994748065], [-3.059009989457781, 50.71900999474794], [-3.0588899894578385, 50.71874999474776], [-3.0589977328965317, 50.71852471531378], [-3.068209898616933, 50.71750269775964]]]}}, {"type": "Feature", "properties": {"type": "postcode-cell", "postcode": "EX12 2WD", "postcodes": ["EX12 2WD"]}, "geometry": {"type": "Polygon", "coordinates": [[[-3.0681602288816716, 50.70428022100297], [-3.06810456546699, 50.70517378217521], [-3.067127684372357, 50.705513796739886], [-3.0671888955843096, 50.70435494865622], [-3.067518997837288, 50.704194739927644], [-3.0679862616742324, 50.70420163015999], [-3.0681602288816716, 50.70428022100297]]]}}, {"type": "Feature", "properties": {"type": "postcode-cell", "postcode": "EX12 2LU", "postcodes": ["EX12 2LU"]}, "geometry": {"type": "Polygon", "coordinates": [[[-3.0668128625012714, 50.70571359806733], [-3.066490194149181, 50.705642940784294], [-3.066340044171379, 50.70433223306973], [-3.0664467173200554, 50.704191749649326], [-3.0671888955843096, 50.70435494865622], [-3.067127684372357, 50.705513796739886], [-3.0668128625012714, 50.70571359806733]]]}}, {"type": "Feature", "properties": {"type": "postcode-cell", "postcode": "EX12 2DH", "postcodes": ["EX12 2DH"]}, "geometry": {"type": "Polygon", "coordinates": [[[-3.0692558789921347, 50.7140099832332], [-3.0684687034770857, 50.714645813562385], [-3.0684015007632093, 50.71465469927101], [-3.0674971677255196, 50.71413664387013], [-3.067946375535841, 50.71362116839972], [-3.0690143134620502, 50.71381906465715], [-3.0692558789921347, 50.7140099832332]]]}}, {"type": "Feature", "properties": {"type": "postcode-cell", "postcode": "EX12 2SH", "postcodes": ["EX12 2SH"]}, "geometry": {"type": "Polygon", "coordinates": [[[-3.0693191515370652, 50.71508359704943], [-3.06859025121676, 50.715535201607956], [-3.0681483914396463, 50.71485781790934], [-3.0684015007632093, 50.71465469927101], [-3.0684687034770857, 50.714645813562385], [-3.0693191515370652, 50.71508359704943]]]}}, {"type": "Feature", "properties": {"type": "postcode-cell", "postcode": "EX12 2LF", "postcodes": ["EX12 2LF"]}, "geometry": {"type": "Polygon", "coordinates": [[[-3.0683742134172958, 50.71168399666138], [-3.0666461026306466, 50.71241191387623], [-3.061110176196409, 50.71192117044877], [-3.059894932594287, 50.7117361796406], [-3.0610211927776056, 50.711198660451515], [-3.0678586539990143, 50.71090394186828], [-3.0681541444536293, 50.711104578454915], [-3.0683742134172958, 50.71168399666138]]]}}, {"type": "Feature", "properties": {"type": "postcode-cell", "postcode": "EX12 2LJ", "postcodes": ["EX12 2LJ"]}, "geometry": {"type": "Polygon", "coordinates": [[[-3.0679862616742324, 50.70420163015999], [-3.067518997837288, 50.704194739927644], [-3.0670755342534326, 50.703601363582955], [-3.0671259588633872, 50.7030385902433], [-3.067599989470874, 50.703039994735434], [-3.0677799894709783, 50.703049994735444], [-3.0679299894710743, 50.703039994735434], [-3.0680994162895305, 50.703040347470704], [-3.0679862616742324, 50.70420163015999]]]}}, {"type": "Feature", "properties": {"type": "postcode-cell", "postcode": "EX12 2UF", "postcodes": ["EX12 2UF"]}, "geometry": {"type": "Polygon", "coordinates": [[[-3.067414108566891, 50.71276122663508], [-3.067946375535841, 50.71362116839972], [-3.0674971677255196, 50.71413664387013], [-3.0671727653176775, 50.71419718117062], [-3.061110176196409, 50.71192117044877], [-3.0666461026306466, 50.71241191387623], [-3.067414108566891, 50.71276122663508]]]}}, {"type": "Feature", "properties": {"type": "postcode-cell", "postcode": "EX12 2TN", "postcodes": ["EX12 2TN"]}, "geometry": {"type": "Polygon", "coordinates": [[[-3.0687770031784125, 50.715880283221075], [-3.0686068814700858, 50.71654292760895], [-3.0686013314927796, 50.716543915894334], [-3.0668093658070967, 50.71643596684263], [-3.0648890309290833, 50.71622704648032], [-3.0662420368983048, 50.71566920681722], [-3.068510218953199, 50.715682542176296], [-3.0687770031784125, 50.715880283221075]]]}}, {"type": "Feature", "properties": {"type": "postcode-cell", "postcode": "EX12 2US", "postcodes": ["EX12 2US"]}, "geometry": {"type": "Polygon", "coordinates": [[[-3.067287856506294, 50.706955212740446], [-3.0665963285786786, 50.70789649994942], [-3.0648365477839943, 50.70663394448406], [-3.064770437274552, 50.70620545348698], [-3.064773852079135, 50.70620220829553], [-3.066314086373299, 50.70562929435749], [-3.066490194149181, 50.705642940784294], [-3.0668128625012714, 50.70571359806733], [-3.067209443783366, 50.706292850426], [-3.067287856506294, 50.706955212740446]]]}}, {"type": "Feature", "properties": {"type": "postcode-cell", "postcode": "EX12 2FE", "postcodes": ["EX12 2FE"]}, "geometry": {"type": "Polygon", "coordinates": [[[-3.0678586539990143, 50.71090394186828], [-3.0610211927776056, 50.711198660451515], [-3.0633061254938534, 50.7099138151429], [-3.064171833720161, 50.70950505714469], [-3.0651580554076965, 50.70917564667608], [-3.068375055941921, 50.71009803072465], [-3.0678586539990143, 50.71090394186828]]]}}, {"type": "Feature", "properties": {"type": "postcode-cell", "postcode": "EX12 2WA", "postcodes": ["EX12 2WA"]}, "geometry": {"type": "Polygon", "coordinates": [[[-3.0616585468598623, 50.70626621908546], [-3.061892687710287, 50.70672965816647], [-3.059837371936588, 50.71064334044593], [-3.0607438153004276, 50.70583150664073], [-3.0616585468598623, 50.70626621908546]]]}}, {"type": "Feature", "properties": {"type": "postcode-cell", "postcode": "EX12 2SN", "postcodes": ["EX12 2SN"]}, "geometry": {"type": "Polygon", "coordinates": [[[-3.0681483914396463, 50.71485781790934], [-3.0664844553157393, 50.71548439974095], [-3.0671727653176775, 50.71419718117062], [-3.0674971677255196, 50.71413664387013], [-3.0684015007632093, 50.71465469927101], [-3.0681483914396463, 50.71485781790934]]]}}, {"type": "Feature", "properties": {"type": "postcode-cell", "postcode": "EX12 2SP", "postcodes": ["EX12 2SP"]}, "geometry": {"type": "Polygon", "coordinates": [[[-3.0668093658070967, 50.71643596684263], [-3.068242103666041, 50.71717237777863], [-3.068209898616933, 50.71750269775964], [-3.0589977328965317, 50.71852471531378], [-3.05921998945838, 50.718059994747215], [-3.058959232569026, 50.717495025903276], [-3.0648890309290833, 50.71622704648032], [-3.0668093658070967, 50.71643596684263]]]}}, {"type": "Feature", "properties": {"type": "postcode-cell", "postcode": "EX12 2SW", "postcodes": ["EX12 2SW"]}, "geometry": {"type": "Polygon", "coordinates": [[[-3.068242103666041, 50.71717237777863], [-3.0668093658070967, 50.71643596684263], [-3.0686013314927796, 50.716543915894334], [-3.068242103666041, 50.71717237777863]]]}}, {"type": "Feature", "properties": {"type": "postcode-cell", "postcode": "EX12 2NP", "postcodes": ["EX12 2NP"]}, "geometry": {"type": "Polygon", "coordinates": [[[-3.0670755342534326, 50.703601363582955], [-3.066442753234616, 50.70418357273455], [-3.0659193472874997, 50.703904716251685], [-3.0659903367221113, 50.7030352176987], [-3.0671259588633872, 50.7030385902433], [-3.0670755342534326, 50.703601363582955]]]}}, {"type": "Feature", "properties": {"type": "postcode-cell", "postcode": "EX12 2XW", "postcodes": ["EX12 2XW"]}, "geometry": {"type": "Polygon", "coordinates": [[[-3.059894932594287, 50.7117361796406], [-3.061110176196409, 50.71192117044877], [-3.0671727653176775, 50.71419718117062], [-3.0664844553157393, 50.71548439974095], [-3.0662420368983048, 50.71566920681722], [-3.0648890309290833, 50.71622704648032], [-3.058959232569026, 50.717495025903276], [-3.0587999894585747, 50.7171499947465], [-3.0587299894587745, 50.71665999474614], [-3.0589599894595842, 50.71529999474508], [-3.05962094215516, 50.71179211159782], [-3.059894932594287, 50.7117361796406]]]}}, {"type": "Feature", "properties": {"type": "postcode-cell", "postcode": "EX12 2LZ", "postcodes": ["EX12 2LZ"]}, "geometry": {"type": "Polygon", "coordinates": [[[-3.0671888955843096, 50.70435494865622], [-3.0664467173200554, 50.704191749649326], [-3.066442753234616, 50.70418357273455], [-3.0670755342534326, 50.703601363582955], [-3.067518997837288, 50.704194739927644], [-3.0671888955843096, 50.70435494865622]]]}}, {"type": "Feature", "properties": {"type": "postcode-cell", "postcode": "EX12 2NB", "postcodes": ["EX12 2NB"]}, "geometry": {"type": "Polygon", "coordinates": [[[-3.066490194149181, 50.705642940784294], [-3.066314086373299, 50.70562929435749], [-3.0651030176238683, 50.704938072722626], [-3.06556363804759, 50.70448518991925], [-3.066340044171379, 50.70433223306973], [-3.066490194149181, 50.705642940784294]]]}}, {"type": "Feature", "properties": {"type": "postcode-cell", "postcode": "EX12 2FR", "postcodes": ["EX12 2FR"]}, "geometry": {"type": "Polygon", "coordinates": [[[-3.0633061254938534, 50.7099138151429], [-3.063137489822065, 50.706726626319266], [-3.063169036256764, 50.70671478428581], [-3.0634629634229746, 50.70673657628309], [-3.0641206682818507, 50.70708108572332], [-3.064171833720161, 50.70950505714469], [-3.0633061254938534, 50.7099138151429]]]}}, {"type": "Feature", "properties": {"type": "postcode-cell", "postcode": "EX12 2FT", "postcodes": ["EX12 2FT"]}, "geometry": {"type": "Polygon", "coordinates": [[[-3.066486575482293, 50.7083072752769], [-3.0651580554076965, 50.70917564667608], [-3.064171833720161, 50.70950505714469], [-3.0641206682818507, 50.70708108572332], [-3.0648365477839943, 50.70663394448406], [-3.0665963285786786, 50.70789649994942], [-3.066486575482293, 50.7083072752769]]]}}, {"type": "Feature", "properties": {"type": "postcode-cell", "postcode": "EX12 2GB", "postcodes": ["EX12 2GB"]}, "geometry": {"type": "Polygon", "coordinates": [[[-3.0651221756285882, 50.703993609276196], [-3.0646696311614776, 50.70410847762213], [-3.064644805389877, 50.7030312074497], [-3.065285025825535, 50.70303311751273], [-3.0651221756285882, 50.703993609276196]]]}}, {"type": "Feature", "properties": {"type": "postcode-cell", "postcode": "EX12 2NA", "postcodes": ["EX12 2NA"]}, "geometry": {"type": "Polygon", "coordinates": [[[-3.0664467173200554, 50.704191749649326], [-3.066340044171379, 50.70433223306973], [-3.06556363804759, 50.70448518991925], [-3.0655521729440807, 50.704038248627995], [-3.0659193472874997, 50.703904716251685], [-3.066442753234616, 50.70418357273455], [-3.0664467173200554, 50.704191749649326]]]}}, {"type": "Feature", "properties": {"type": "postcode-cell", "postcode": "EX12 2NS", "postcodes": ["EX12 2NS"]}, "geometry": {"type": "Polygon", "coordinates": [[[-3.0651030176238683, 50.704938072722626], [-3.0646206126911792, 50.70483866758625], [-3.0643011732382837, 50.70466190912349], [-3.0642735050462133, 50.704566292370096], [-3.0644301285744415, 50.70426751465501], [-3.0646696311614776, 50.70410847762213], [-3.0651221756285882, 50.703993609276196], [-3.0655521729440807, 50.704038248627995], [-3.06556363804759, 50.70448518991925], [-3.0651030176238683, 50.704938072722626]]]}}, {"type": "Feature", "properties": {"type": "postcode-cell", "postcode": "EX12 2FB", "postcodes": ["EX12 2FB"]}, "geometry": {"type": "Polygon", "coordinates": [[[-3.064773852079135, 50.70620220829553], [-3.0641117741215753, 50.70558977961716], [-3.0646206126911792, 50.70483866758625], [-3.0651030176238683, 50.704938072722626], [-3.066314086373299, 50.70562929435749], [-3.064773852079135, 50.70620220829553]]]}}, {"type": "Feature", "properties": {"type": "postcode-cell", "postcode": "EX12 2TZ", "postcodes": ["EX12 2TZ"]}, "geometry": {"type": "Polygon", "coordinates": [[[-3.0655521729440807, 50.704038248627995], [-3.0651221756285882, 50.703993609276196], [-3.065285025825535, 50.70303311751273], [-3.0659903367221113, 50.7030352176987], [-3.0659193472874997, 50.703904716251685], [-3.0655521729440807, 50.704038248627995]]]}}, {"type": "Feature", "properties": {"type": "postcode-cell", "postcode": "EX12 2FS", "postcodes": ["EX12 2FS"]}, "geometry": {"type": "Polygon", "coordinates": [[[-3.0610211927776056, 50.711198660451515], [-3.059894932594287, 50.7117361796406], [-3.05962094215516, 50.71179211159782], [-3.059837371936588, 50.71064334044593], [-3.061892687710287, 50.70672965816647], [-3.063137489822065, 50.706726626319266], [-3.0633061254938534, 50.7099138151429], [-3.0610211927776056, 50.711198660451515]]]}}, {"type": "Feature", "properties": {"type": "postcode-cell", "postcode": "EX12 2FJ", "postcodes": ["EX12 2FJ"]}, "geometry": {"type": "Polygon", "coordinates": [[[-3.064770437274552, 50.70620545348698], [-3.0645078504790737, 50.7062329722694], [-3.063708702302358, 50.70611172714878], [-3.063037230718106, 50.70562219605198], [-3.0641117741215753, 50.70558977961716], [-3.064773852079135, 50.70620220829553], [-3.064770437274552, 50.70620545348698]]]}}, {"type": "Feature", "properties": {"type": "postcode-cell", "postcode": "EX12 2FH", "postcodes": ["EX12 2FH"]}, "geometry": {"type": "Polygon", "coordinates": [[[-3.0648365477839943, 50.70663394448406], [-3.0641206682818507, 50.70708108572332], [-3.0634629634229746, 50.70673657628309], [-3.0645078504790737, 50.7062329722694], [-3.064770437274552, 50.70620545348698], [-3.0648365477839943, 50.70663394448406]]]}}, {"type": "Feature", "properties": {"type": "postcode-cell", "postcode": "EX12 2XN", "postcodes": ["EX12 2XN"]}, "geometry": {"type": "Polygon", "coordinates": [[[-3.0646696311614776, 50.70410847762213], [-3.0644301285744415, 50.70426751465501], [-3.0634653317595415, 50.70311122462884], [-3.0634683875302766, 50.70302768850307], [-3.064644805389877, 50.7030312074497], [-3.0646696311614776, 50.70410847762213]]]}}, {"type": "Feature", "properties": {"type": "postcode-cell", "postcode": "EX12 2FN", "postcodes": ["EX12 2FN"]}, "geometry": {"type": "Polygon", "coordinates": [[[-3.0646206126911792, 50.70483866758625], [-3.0641117741215753, 50.70558977961716], [-3.063037230718106, 50.70562219605198], [-3.063020831741382, 50.70561826717873], [-3.0628322940149912, 50.705160770544765], [-3.063037703172741, 50.7050647471611], [-3.0643011732382837, 50.70466190912349], [-3.0646206126911792, 50.70483866758625]]]}}, {"type": "Feature", "properties": {"type": "postcode-cell", "postcode": "EX12 2FP", "postcodes": ["EX12 2FP"]}, "geometry": {"type": "Polygon", "coordinates": [[[-3.063708702302358, 50.70611172714878], [-3.063203865880043, 50.706486500001795], [-3.0627776356308236, 50.7058297038823], [-3.063020831741382, 50.70561826717873], [-3.063037230718106, 50.70562219605198], [-3.063708702302358, 50.70611172714878]]]}}, {"type": "Feature", "properties": {"type": "postcode-cell", "postcode": "EX12 2NF", "postcodes": ["EX12 2NF"]}, "geometry": {"type": "Polygon", "coordinates": [[[-3.0642735050462133, 50.704566292370096], [-3.063575585355415, 50.704275348836845], [-3.063114765853014, 50.70385330947048], [-3.0634653317595415, 50.70311122462884], [-3.0644301285744415, 50.70426751465501], [-3.0642735050462133, 50.704566292370096]]]}}, {"type": "Feature", "properties": {"type": "postcode-cell", "postcode": "EX12 2NJ", "postcodes": ["EX12 2NJ"]}, "geometry": {"type": "Polygon", "coordinates": [[[-3.0643011732382837, 50.70466190912349], [-3.063037703172741, 50.7050647471611], [-3.0630267660724613, 50.7044097888507], [-3.063575585355415, 50.704275348836845], [-3.0642735050462133, 50.704566292370096], [-3.0643011732382837, 50.70466190912349]]]}}, {"type": "Feature", "properties": {"type": "postcode-cell", "postcode": "EX12 2FQ", "postcodes": ["EX12 2FQ"]}, "geometry": {"type": "Polygon", "coordinates": [[[-3.063708702302358, 50.70611172714878], [-3.0645078504790737, 50.7062329722694], [-3.0634629634229746, 50.70673657628309], [-3.063169036256764, 50.70671478428581], [-3.063203865880043, 50.706486500001795], [-3.063708702302358, 50.70611172714878]]]}}, {"type": "Feature", "properties": {"type": "postcode-cell", "postcode": "EX12 2FL", "postcodes": ["EX12 2FL"]}, "geometry": {"type": "Polygon", "coordinates": [[[-3.063203865880043, 50.706486500001795], [-3.063169036256764, 50.70671478428581], [-3.063137489822065, 50.706726626319266], [-3.061892687710287, 50.70672965816647], [-3.0616585468598623, 50.70626621908546], [-3.0627776356308236, 50.7058297038823], [-3.063203865880043, 50.706486500001795]]]}}, {"type": "Feature", "properties": {"type": "postcode-cell", "postcode": "EX12 2XJ", "postcodes": ["EX12 2XJ"]}, "geometry": {"type": "Polygon", "coordinates": [[[-3.063037703172741, 50.7050647471611], [-3.0628322940149912, 50.705160770544765], [-3.062636682778029, 50.70510448895954], [-3.0625077277147126, 50.704281112750216], [-3.0630267660724613, 50.7044097888507], [-3.063037703172741, 50.7050647471611]]]}}, {"type": "Feature", "properties": {"type": "postcode-cell", "postcode": "EX12 2GA", "postcodes": ["EX12 2GA"]}, "geometry": {"type": "Polygon", "coordinates": [[[-3.0624084390164987, 50.704167012029906], [-3.0624377405699503, 50.704113705533096], [-3.063114765853014, 50.70385330947048], [-3.063575585355415, 50.704275348836845], [-3.0630267660724613, 50.7044097888507], [-3.0625077277147126, 50.704281112750216], [-3.0624084390164987, 50.704167012029906]]]}}, {"type": "Feature", "properties": {"type": "postcode-cell", "postcode": "EX12 2NQ", "postcodes": ["EX12 2NQ"]}, "geometry": {"type": "Polygon", "coordinates": [[[-3.0625077277147126, 50.704281112750216], [-3.062636682778029, 50.70510448895954], [-3.0618788077751073, 50.70507056435801], [-3.0621707744523365, 50.704235175431776], [-3.0624084390164987, 50.704167012029906], [-3.0625077277147126, 50.704281112750216]]]}}, {"type": "Feature", "properties": {"type": "postcode-cell", "postcode": "EX12 2UE", "postcodes": ["EX12 2UE"]}, "geometry": {"type": "Polygon", "coordinates": [[[-3.0627776356308236, 50.7058297038823], [-3.0616585468598623, 50.70626621908546], [-3.0607438153004276, 50.70583150664073], [-3.0608745475450525, 50.70513743863188], [-3.0618788077751073, 50.70507056435801], [-3.062636682778029, 50.70510448895954], [-3.0628322940149912, 50.705160770544765], [-3.063020831741382, 50.70561826717873], [-3.0627776356308236, 50.7058297038823]]]}}, {"type": "Feature", "properties": {"type": "postcode-cell", "postcode": "EX12 2NN", "postcodes": ["EX12 2NN"]}, "geometry": {"type": "Polygon", "coordinates": [[[-3.0621707744523365, 50.704235175431776], [-3.0613953041593644, 50.70429381056133], [-3.0616483342906826, 50.703384963095395], [-3.0624377405699503, 50.704113705533096], [-3.0624084390164987, 50.704167012029906], [-3.0621707744523365, 50.704235175431776]]]}}, {"type": "Feature", "properties": {"type": "postcode-cell", "postcode": "EX12 2NH", "postcodes": ["EX12 2NH"]}, "geometry": {"type": "Polygon", "coordinates": [[[-3.0613953041593644, 50.70429381056133], [-3.0621707744523365, 50.704235175431776], [-3.0618788077751073, 50.70507056435801], [-3.0608745475450525, 50.70513743863188], [-3.0609399894659766, 50.70478999473693], [-3.060935668272166, 50.70453505621798], [-3.0613953041593644, 50.70429381056133]]]}}, {"type": "Feature", "properties": {"type": "postcode-cell", "postcode": "EX12 2NL", "postcodes": ["EX12 2NL"]}, "geometry": {"type": "Polygon", "coordinates": [[[-3.0616483342906826, 50.703384963095395], [-3.0613953041593644, 50.70429381056133], [-3.060935668272166, 50.70453505621798], [-3.060909989466833, 50.70301999473555], [-3.0615012631208685, 50.70302177783834], [-3.0616483342906826, 50.703384963095395]]]}}]}