{"type": "FeatureCollection", "features": [{"type": "Feature", "properties": {"type": "ward-outline", "name": "Sidmouth Town"}, "geometry": {"type": "Polygon", "coordinates": [[[-3.23605, 50.68566], [-3.23603, 50.68237], [-3.23394, 50.6789], [-3.23409, 50.67888], [-3.23406, 50.67865], [-3.23486, 50.67843], [-3.2348, 50.67805], [-3.23481, 50.67805], [-3.23546, 50.67826], [-3.23694, 50.67799], [-3.23697, 50.67788], [-3.23726, 50.67782], [-3.23754, 50.67791], [-3.23997, 50.67739], [-3.24564, 50.67528], [-3.24845, 50.67516], [-3.25261, 50.67446], [-3.25841, 50.67306], [-3.26183, 50.67187], [-3.26274, 50.6733], [-3.26234, 50.67618], [-3.263, 50.67922], [-3.26471, 50.68213], [-3.26557, 50.68334], [-3.2711, 50.68566], [-3.27002, 50.69033], [-3.26816, 50.69284], [-3.2677, 50.6928], [-3.26664, 50.69158], [-3.26487, 50.69036], [-3.26407, 50.68902], [-3.26208, 50.68866], [-3.25994, 50.68887], [-3.25708, 50.68982], [-3.25385, 50.69004], [-3.25188, 50.69247], [-3.25062, 50.69286], [-3.2469, 50.6922], [-3.24592, 50.68999], [-3.24529, 50.68949], [-3.24316, 50.69136], [-3.23909, 50.69332], [-3.23721, 50.69201], [-3.23626, 50.69067], [-3.23656, 50.68918], [-3.2376, 50.68746], [-3.23732, 50.68573], [-3.23605, 50.68566]]]}}, {"type": "Feature", "properties": {"type": "postcode-cell", "postcode": "EX10 8SA", "postcodes": ["EX10 8SA"]}, "geometry": {"type": "Polygon", "coordinates": [[[-3.2569764632977374, 50.685535667262], [-3.257523126298994, 50.68246645754381], [-3.2626364705040287, 50.6800483316964], [-3.26347331617021, 50.68002551959472], [-3.264709989601651, 50.682129994715616], [-3.2655699896015946, 50.68333999471657], [-3.27109998960388, 50.68565999471825], [-3.2700199896009434, 50.690329994721914], [-3.2681599895985736, 50.69283999472386], [-3.2676999895983103, 50.692799994723856], [-3.266639989598247, 50.691579994722936], [-3.264869989597747, 50.690359994722016], [-3.264069989597905, 50.68901999472098], [-3.2620799895968533, 50.68865999472073], [-3.259939989595429, 50.688869994720974], [-3.2599028372648697, 50.68888233622357], [-3.2569764632977374, 50.685535667262]]]}}, {"type": "Feature", "properties": {"type": "postcode-cell", "postcode": "EX10 8TB", "postcodes": ["EX10 8TB"]}, "geometry": {"type": "Polygon", "coordinates": [[[-3.2569764632977374, 50.685535667262], [-3.254693144096691, 50.68584544792704], [-3.254336332892652, 50.68535720952745], [-3.254611966888122, 50.68418547648103], [-3.257431108566793, 50.68249139603064], [-3.257523126298994, 50.68246645754381], [-3.2569764632977374, 50.685535667262]]]}}, {"type": "Feature", "properties": {"type": "postcode-cell", "postcode": "EX10 0NW", "postcodes": ["EX10 0NW"]}, "geometry": {"type": "Polygon", "coordinates": [[[-3.2626364705040287, 50.6800483316964], [-3.2603764960324737, 50.679451017546015], [-3.254266785188004, 50.67482381814551], [-3.253817222963086, 50.67416862411486], [-3.2584099896021828, 50.673059994708666], [-3.2618299896048693, 50.67186999470769], [-3.262739989604735, 50.67329999470879], [-3.2623399896030865, 50.67617999471105], [-3.262999989602014, 50.67921999471339], [-3.26347331617021, 50.68002551959472], [-3.2626364705040287, 50.6800483316964]]]}}, {"type": "Feature", "properties": {"type": "postcode-cell", "postcode": "EX10 9HG", "postcodes": ["EX10 9HG"]}, "geometry": {"type": "Polygon", "coordinates": [[[-3.2407977726940107, 50.69174497743863], [-3.241372246417919, 50.691391214071075], [-3.243201295791404, 50.69126309528467], [-3.2432445830618057, 50.69128573076516], [-3.2431599895838708, 50.69135999472317], [-3.2406732201800397, 50.692557590591015], [-3.2407977726940107, 50.69174497743863]]]}}, {"type": "Feature", "properties": {"type": "postcode-cell", "postcode": "EX10 8RH", "postcodes": ["EX10 8RH"]}, "geometry": {"type": "Polygon", "coordinates": [[[-3.254679665489638, 50.68721898419563], [-3.254693144096691, 50.68584544792704], [-3.2569764632977374, 50.685535667262], [-3.2599028372648697, 50.68888233622357], [-3.2570799895932026, 50.68981999472172], [-3.255735567474451, 50.689911576381135], [-3.254679665489638, 50.68721898419563]]]}}, {"type": "Feature", "properties": {"type": "postcode-cell", "postcode": "EX10 8RQ", "postcodes": ["EX10 8RQ"]}, "geometry": {"type": "Polygon", "coordinates": [[[-3.254679665489638, 50.68721898419563], [-3.2519034571387864, 50.685928938785985], [-3.2520836432073903, 50.68561438641953], [-3.254336332892652, 50.68535720952745], [-3.254693144096691, 50.68584544792704], [-3.254679665489638, 50.68721898419563]]]}}, {"type": "Feature", "properties": {"type": "postcode-cell", "postcode": "EX10 8SJ", "postcodes": ["EX10 8SJ"]}, "geometry": {"type": "Polygon", "coordinates": [[[-3.2626364705040287, 50.6800483316964], [-3.257523126298994, 50.68246645754381], [-3.257431108566793, 50.68249139603064], [-3.254261185493817, 50.68233675919797], [-3.251225065502717, 50.680648664860264], [-3.25320626684316, 50.67946982961262], [-3.258604126665476, 50.679343333068815], [-3.2603764960324737, 50.679451017546015], [-3.2626364705040287, 50.6800483316964]]]}}, {"type": "Feature", "properties": {"type": "postcode-cell", "postcode": "EX10 8SY", "postcodes": ["EX10 8SY"]}, "geometry": {"type": "Polygon", "coordinates": [[[-3.254266785188004, 50.67482381814551], [-3.252861396235972, 50.67697668048411], [-3.2513833317507412, 50.677325239251886], [-3.249289069936877, 50.67603959758184], [-3.2489258191006734, 50.67551497777915], [-3.248937150057683, 50.67507802932688], [-3.2526099895979264, 50.674459994709885], [-3.253817222963086, 50.67416862411486], [-3.254266785188004, 50.67482381814551]]]}}, {"type": "Feature", "properties": {"type": "postcode-cell", "postcode": "EX10 8SX", "postcodes": ["EX10 8SX"]}, "geometry": {"type": "Polygon", "coordinates": [[[-3.2603764960324737, 50.679451017546015], [-3.258604126665476, 50.679343333068815], [-3.252861396235972, 50.67697668048411], [-3.254266785188004, 50.67482381814551], [-3.2603764960324737, 50.679451017546015]]]}}, {"type": "Feature", "properties": {"type": "postcode-cell", "postcode": "EX10 8SG", "postcodes": ["EX10 8SG"]}, "geometry": {"type": "Polygon", "coordinates": [[[-3.257431108566793, 50.68249139603064], [-3.254611966888122, 50.68418547648103], [-3.252806787462811, 50.68411853575903], [-3.251839621127258, 50.68316728023127], [-3.2521260144809077, 50.68266406874626], [-3.254261185493817, 50.68233675919797], [-3.257431108566793, 50.68249139603064]]]}}, {"type": "Feature", "properties": {"type": "postcode-cell", "postcode": "EX10 8SD", "postcodes": ["EX10 8SD"]}, "geometry": {"type": "Polygon", "coordinates": [[[-3.2516530600928357, 50.68232570062635], [-3.249865465710893, 50.68303509033632], [-3.2497904017372887, 50.68259967474657], [-3.2501277986125574, 50.68196342386141], [-3.2508306855058717, 50.68152252110197], [-3.2516530600928357, 50.68232570062635]]]}}, {"type": "Feature", "properties": {"type": "postcode-cell", "postcode": "EX10 8SH", "postcodes": ["EX10 8SH"]}, "geometry": {"type": "Polygon", "coordinates": [[[-3.2508306855058717, 50.68152252110197], [-3.250955473870949, 50.68073857301764], [-3.251225065502717, 50.680648664860264], [-3.254261185493817, 50.68233675919797], [-3.2521260144809077, 50.68266406874626], [-3.2516530600928357, 50.68232570062635], [-3.2508306855058717, 50.68152252110197]]]}}, {"type": "Feature", "properties": {"type": "postcode-cell", "postcode": "EX10 8SU", "postcodes": ["EX10 8SU"]}, "geometry": {"type": "Polygon", "coordinates": [[[-3.25320626684316, 50.67946982961262], [-3.251638497694112, 50.67844288022943], [-3.251610808265171, 50.67839954137967], [-3.2513833317507412, 50.677325239251886], [-3.252861396235972, 50.67697668048411], [-3.258604126665476, 50.679343333068815], [-3.25320626684316, 50.67946982961262]]]}}, {"type": "Feature", "properties": {"type": "postcode-cell", "postcode": "EX10 8TQ", "postcodes": ["EX10 8TQ"]}, "geometry": {"type": "Polygon", "coordinates": [[[-3.255735567474451, 50.689911576381135], [-3.2538499895911026, 50.69003999472197], [-3.2521667975997794, 50.692116233847436], [-3.2515123114821214, 50.69147539164864], [-3.2503920415330794, 50.68959802102752], [-3.249828679339122, 50.68755595750384], [-3.250056102617722, 50.687021668728036], [-3.2519034571387864, 50.685928938785985], [-3.254679665489638, 50.68721898419563], [-3.255735567474451, 50.689911576381135]]]}}, {"type": "Feature", "properties": {"type": "postcode-cell", "postcode": "EX10 8RG", "postcodes": ["EX10 8RG"]}, "geometry": {"type": "Polygon", "coordinates": [[[-3.2519034571387864, 50.685928938785985], [-3.250056102617722, 50.687021668728036], [-3.2493435378928415, 50.68528735827405], [-3.2499370414698925, 50.68468462037812], [-3.2503256779084255, 50.68454953587428], [-3.2515244912402, 50.6847708651493], [-3.2520836432073903, 50.68561438641953], [-3.2519034571387864, 50.685928938785985]]]}}, {"type": "Feature", "properties": {"type": "postcode-cell", "postcode": "EX10 8RF", "postcodes": ["EX10 8RF"]}, "geometry": {"type": "Polygon", "coordinates": [[[-3.254336332892652, 50.68535720952745], [-3.2520836432073903, 50.68561438641953], [-3.2515244912402, 50.6847708651493], [-3.252806787462811, 50.68411853575903], [-3.254611966888122, 50.68418547648103], [-3.254336332892652, 50.68535720952745]]]}}, {"type": "Feature", "properties": {"type": "postcode-cell", "postcode": "EX10 8RE", "postcodes": ["EX10 8RE"]}, "geometry": {"type": "Polygon", "coordinates": [[[-3.2515244912402, 50.6847708651493], [-3.2503256779084255, 50.68454953587428], [-3.2504622510555654, 50.68352745190801], [-3.251839621127258, 50.68316728023127], [-3.252806787462811, 50.68411853575903], [-3.2515244912402, 50.6847708651493]]]}}, {"type": "Feature", "properties": {"type": "postcode-cell", "postcode": "EX10 8SQ", "postcodes": ["EX10 8SQ"]}, "geometry": {"type": "Polygon", "coordinates": [[[-3.251839621127258, 50.68316728023127], [-3.2504622510555654, 50.68352745190801], [-3.2498552197591835, 50.68315795887968], [-3.249865465710893, 50.68303509033632], [-3.2516530600928357, 50.68232570062635], [-3.2521260144809077, 50.68266406874626], [-3.251839621127258, 50.68316728023127]]]}}, {"type": "Feature", "properties": {"type": "postcode-cell", "postcode": "EX10 8SP", "postcodes": ["EX10 8SP"]}, "geometry": {"type": "Polygon", "coordinates": [[[-3.251225065502717, 50.680648664860264], [-3.250955473870949, 50.68073857301764], [-3.2498729225851726, 50.68050177494593], [-3.2493738956333114, 50.679948140016656], [-3.249408633435622, 50.67911777321784], [-3.251638497694112, 50.67844288022943], [-3.25320626684316, 50.67946982961262], [-3.251225065502717, 50.680648664860264]]]}}, {"type": "Feature", "properties": {"type": "postcode-cell", "postcode": "EX10 8FJ", "postcodes": ["EX10 8FJ"]}, "geometry": {"type": "Polygon", "coordinates": [[[-3.2467931108750605, 50.67665279026023], [-3.246683230129514, 50.676662290908055], [-3.2448883422507566, 50.676327612758755], [-3.2449383694799447, 50.6755411165604], [-3.245639989593234, 50.67527999471066], [-3.2484499895950227, 50.675159994710505], [-3.248937150057683, 50.67507802932688], [-3.2489258191006734, 50.67551497777915], [-3.247769389119732, 50.67624074879345], [-3.2467931108750605, 50.67665279026023]]]}}, {"type": "Feature", "properties": {"type": "postcode-cell", "postcode": "EX10 8QL", "postcodes": ["EX10 8QL"]}, "geometry": {"type": "Polygon", "coordinates": [[[-3.247769389119732, 50.67624074879345], [-3.2471246455645772, 50.67785852163484], [-3.2466234767022204, 50.677864142308785], [-3.246172509025668, 50.67748647895124], [-3.2467931108750605, 50.67665279026023], [-3.247769389119732, 50.67624074879345]]]}}, {"type": "Feature", "properties": {"type": "postcode-cell", "postcode": "EX10 9HB", "postcodes": ["EX10 9HB"]}, "geometry": {"type": "Polygon", "coordinates": [[[-3.2521667975997794, 50.692116233847436], [-3.251879989588705, 50.692469994723886], [-3.250619989587738, 50.69285999472421], [-3.246899989585766, 50.69219999472379], [-3.245919989586239, 50.68998999472205], [-3.245289989586094, 50.68948999472169], [-3.2432445830618057, 50.69128573076516], [-3.243201295791404, 50.69126309528467], [-3.24234068032465, 50.68955806462786], [-3.245010419166587, 50.689189247854706], [-3.2515123114821214, 50.69147539164864], [-3.2521667975997794, 50.692116233847436]]]}}, {"type": "Feature", "properties": {"type": "postcode-cell", "postcode": "EX10 8HS", "postcodes": ["EX10 8HS"]}, "geometry": {"type": "Polygon", "coordinates": [[[-3.250056102617722, 50.687021668728036], [-3.249828679339122, 50.68755595750384], [-3.247482382468899, 50.686581837914034], [-3.2472645355949044, 50.685806628000144], [-3.2485911067817725, 50.685254746618014], [-3.2493435378928415, 50.68528735827405], [-3.250056102617722, 50.687021668728036]]]}}, {"type": "Feature", "properties": {"type": "postcode-cell", "postcode": "EX10 8QR", "postcodes": ["EX10 8QR"]}, "geometry": {"type": "Polygon", "coordinates": [[[-3.2504622510555654, 50.68352745190801], [-3.2503256779084255, 50.68454953587428], [-3.2499370414698925, 50.68468462037812], [-3.248011028450884, 50.68376664244443], [-3.2482508712937137, 50.68336606085911], [-3.2498552197591835, 50.68315795887968], [-3.2504622510555654, 50.68352745190801]]]}}, {"type": "Feature", "properties": {"type": "postcode-cell", "postcode": "EX10 8HR", "postcodes": ["EX10 8HR"]}, "geometry": {"type": "Polygon", "coordinates": [[[-3.2493435378928415, 50.68528735827405], [-3.2485911067817725, 50.685254746618014], [-3.247417027183712, 50.68456535429901], [-3.247416978250992, 50.684552490622984], [-3.2474210893142077, 50.6840121229961], [-3.248011028450884, 50.68376664244443], [-3.2499370414698925, 50.68468462037812], [-3.2493435378928415, 50.68528735827405]]]}}, {"type": "Feature", "properties": {"type": "postcode-cell", "postcode": "EX10 8SS", "postcodes": ["EX10 8SS"]}, "geometry": {"type": "Polygon", "coordinates": [[[-3.249408633435622, 50.67911777321784], [-3.2486197187379706, 50.678558549620455], [-3.248680548488365, 50.67812411933311], [-3.248692725076429, 50.678111662851066], [-3.251610808265171, 50.67839954137967], [-3.251638497694112, 50.67844288022943], [-3.249408633435622, 50.67911777321784]]]}}, {"type": "Feature", "properties": {"type": "postcode-cell", "postcode": "EX10 8RJ", "postcodes": ["EX10 8RJ"]}, "geometry": {"type": "Polygon", "coordinates": [[[-3.2501277986125574, 50.68196342386141], [-3.2486670801283606, 50.681953402797454], [-3.248504518073128, 50.68092500533192], [-3.2498729225851726, 50.68050177494593], [-3.250955473870949, 50.68073857301764], [-3.2508306855058717, 50.68152252110197], [-3.2501277986125574, 50.68196342386141]]]}}, {"type": "Feature", "properties": {"type": "postcode-cell", "postcode": "EX10 8ST", "postcodes": ["EX10 8ST"]}, "geometry": {"type": "Polygon", "coordinates": [[[-3.251610808265171, 50.67839954137967], [-3.248692725076429, 50.678111662851066], [-3.249289069936877, 50.67603959758184], [-3.2513833317507412, 50.677325239251886], [-3.251610808265171, 50.67839954137967]]]}}, {"type": "Feature", "properties": {"type": "postcode-cell", "postcode": "EX10 8RS", "postcodes": ["EX10 8RS"]}, "geometry": {"type": "Polygon", "coordinates": [[[-3.249289069936877, 50.67603959758184], [-3.248692725076429, 50.678111662851066], [-3.248680548488365, 50.67812411933311], [-3.247360837628208, 50.67801112948305], [-3.2471246455645772, 50.67785852163484], [-3.247769389119732, 50.67624074879345], [-3.2489258191006734, 50.67551497777915], [-3.249289069936877, 50.67603959758184]]]}}, {"type": "Feature", "properties": {"type": "postcode-cell", "postcode": "EX10 8SR", "postcodes": ["EX10 8SR"]}, "geometry": {"type": "Polygon", "coordinates": [[[-3.248532854336237, 50.678594827709354], [-3.247337310433798, 50.67889344609546], [-3.2467707991747856, 50.678813137618086], [-3.247360837628208, 50.67801112948305], [-3.248680548488365, 50.67812411933311], [-3.2486197187379706, 50.678558549620455], [-3.248532854336237, 50.678594827709354]]]}}, {"type": "Feature", "properties": {"type": "postcode-cell", "postcode": "EX10 8SZ", "postcodes": ["EX10 8SZ"]}, "geometry": {"type": "Polygon", "coordinates": [[[-3.2486197187379706, 50.678558549620455], [-3.249408633435622, 50.67911777321784], [-3.2493738956333114, 50.679948140016656], [-3.247987192911082, 50.6796885727399], [-3.248532854336237, 50.678594827709354], [-3.2486197187379706, 50.678558549620455]]]}}, {"type": "Feature", "properties": {"type": "postcode-cell", "postcode": "EX10 8RB", "postcodes": ["EX10 8RB"]}, "geometry": {"type": "Polygon", "coordinates": [[[-3.2498552197591835, 50.68315795887968], [-3.2482508712937137, 50.68336606085911], [-3.2478484100059437, 50.68274446475931], [-3.248366488508015, 50.682412424060736], [-3.2497904017372887, 50.68259967474657], [-3.249865465710893, 50.68303509033632], [-3.2498552197591835, 50.68315795887968]]]}}, {"type": "Feature", "properties": {"type": "postcode-cell", "postcode": "EX10 8HW", "postcodes": ["EX10 8HW"]}, "geometry": {"type": "Polygon", "coordinates": [[[-3.248011028450884, 50.68376664244443], [-3.2474210893142077, 50.6840121229961], [-3.245772756725891, 50.683715533535306], [-3.2457685560075435, 50.683240977640494], [-3.2465465084359124, 50.68264249502361], [-3.2471958409600945, 50.68255814334239], [-3.2478484100059437, 50.68274446475931], [-3.2482508712937137, 50.68336606085911], [-3.248011028450884, 50.68376664244443]]]}}, {"type": "Feature", "properties": {"type": "postcode-cell", "postcode": "EX10 8RL", "postcodes": ["EX10 8RL"]}, "geometry": {"type": "Polygon", "coordinates": [[[-3.2486670801283606, 50.681953402797454], [-3.248555487955895, 50.68203004838496], [-3.24774814643159, 50.681791452473064], [-3.247762025582151, 50.68137854975451], [-3.247835945180815, 50.68129544546469], [-3.2484317897538997, 50.680927152350726], [-3.248504518073128, 50.68092500533192], [-3.2486670801283606, 50.681953402797454]]]}}, {"type": "Feature", "properties": {"type": "postcode-cell", "postcode": "EX10 8RD", "postcodes": ["EX10 8RD"]}, "geometry": {"type": "Polygon", "coordinates": [[[-3.2497904017372887, 50.68259967474657], [-3.248366488508015, 50.682412424060736], [-3.248555487955895, 50.68203004838496], [-3.2486670801283606, 50.681953402797454], [-3.2501277986125574, 50.68196342386141], [-3.2497904017372887, 50.68259967474657]]]}}, {"type": "Feature", "properties": {"type": "postcode-cell", "postcode": "EX10 8RA", "postcodes": ["EX10 8RA"]}, "geometry": {"type": "Polygon", "coordinates": [[[-3.248366488508015, 50.682412424060736], [-3.2478484100059437, 50.68274446475931], [-3.2471958409600945, 50.68255814334239], [-3.247243272069709, 50.682080653104485], [-3.24774814643159, 50.681791452473064], [-3.248555487955895, 50.68203004838496], [-3.248366488508015, 50.682412424060736]]]}}, {"type": "Feature", "properties": {"type": "postcode-cell", "postcode": "EX10 8SL", "postcodes": ["EX10 8SL"]}, "geometry": {"type": "Polygon", "coordinates": [[[-3.2498729225851726, 50.68050177494593], [-3.248504518073128, 50.68092500533192], [-3.2484317897538997, 50.680927152350726], [-3.247217989508469, 50.68050497437697], [-3.2469886657539377, 50.68018048729793], [-3.24715906472412, 50.679973606149815], [-3.247792380895851, 50.67968953456416], [-3.247987192911082, 50.6796885727399], [-3.2493738956333114, 50.679948140016656], [-3.2498729225851726, 50.68050177494593]]]}}, {"type": "Feature", "properties": {"type": "postcode-cell", "postcode": "EX10 8XW", "postcodes": ["EX10 8XW"]}, "geometry": {"type": "Polygon", "coordinates": [[[-3.2503920415330794, 50.68959802102752], [-3.2456761311445312, 50.68750318439462], [-3.246289707310333, 50.68676648425808], [-3.247482382468899, 50.686581837914034], [-3.249828679339122, 50.68755595750384], [-3.2503920415330794, 50.68959802102752]]]}}, {"type": "Feature", "properties": {"type": "postcode-cell", "postcode": "EX10 8SN", "postcodes": ["EX10 8SN"]}, "geometry": {"type": "Polygon", "coordinates": [[[-3.24715906472412, 50.679973606149815], [-3.246219983754203, 50.678871024881246], [-3.2467707991747856, 50.678813137618086], [-3.247337310433798, 50.67889344609546], [-3.247792380895851, 50.67968953456416], [-3.24715906472412, 50.679973606149815]]]}}, {"type": "Feature", "properties": {"type": "postcode-cell", "postcode": "EX10 8SW", "postcodes": ["EX10 8SW"]}, "geometry": {"type": "Polygon", "coordinates": [[[-3.247987192911082, 50.6796885727399], [-3.247792380895851, 50.67968953456416], [-3.247337310433798, 50.67889344609546], [-3.248532854336237, 50.678594827709354], [-3.247987192911082, 50.6796885727399]]]}}, {"type": "Feature", "properties": {"type": "postcode-cell", "postcode": "EX10 8QZ", "postcodes": ["EX10 8QZ"]}, "geometry": {"type": "Polygon", "coordinates": [[[-3.247243272069709, 50.682080653104485], [-3.246818380537809, 50.681642605997844], [-3.247762025582151, 50.68137854975451], [-3.24774814643159, 50.681791452473064], [-3.247243272069709, 50.682080653104485]]]}}, {"type": "Feature", "properties": {"type": "postcode-cell", "postcode": "EX10 8HP", "postcodes": ["EX10 8HP"]}, "geometry": {"type": "Polygon", "coordinates": [[[-3.2485911067817725, 50.685254746618014], [-3.2472645355949044, 50.685806628000144], [-3.2462427811381938, 50.68534718673775], [-3.247417027183712, 50.68456535429901], [-3.2485911067817725, 50.685254746618014]]]}}, {"type": "Feature", "properties": {"type": "postcode-cell", "postcode": "EX10 8SF", "postcodes": ["EX10 8SF"]}, "geometry": {"type": "Polygon", "coordinates": [[[-3.2467707991747856, 50.678813137618086], [-3.246219983754203, 50.678871024881246], [-3.245685352934597, 50.678809713308404], [-3.2466234767022204, 50.677864142308785], [-3.2471246455645772, 50.67785852163484], [-3.247360837628208, 50.67801112948305], [-3.2467707991747856, 50.678813137618086]]]}}, {"type": "Feature", "properties": {"type": "postcode-cell", "postcode": "EX10 8QX", "postcodes": ["EX10 8QX"]}, "geometry": {"type": "Polygon", "coordinates": [[[-3.247835945180815, 50.68129544546469], [-3.247100506453855, 50.68121757899306], [-3.2468717944975984, 50.68079178314269], [-3.247217989508469, 50.68050497437697], [-3.2484317897538997, 50.680927152350726], [-3.247835945180815, 50.68129544546469]]]}}, {"type": "Feature", "properties": {"type": "postcode-cell", "postcode": "EX10 1SB", "postcodes": ["EX10 1SB", "EX10 1SD", "EX10 1SE", "EX10 1SF", "EX10 1SG", "EX10 1SH", "EX10 1SJ", "EX10 1SL", "EX10 1SN", "EX10 1SP", "EX10 1SQ", "EX10 1SR", "EX10 1SS", "EX10 1ST", "EX10 1SU", "EX10 1SW", "EX10 1SX", "EX10 1SY", "EX10 1SZ", "EX10 1TA", "EX10 1TB", "EX10 1TD", "EX10 1TE", "EX10 1TF", "EX10 1TG", "EX10 1TH", "EX10 1TJ", "EX10 1TL", "EX10 1TP", "EX10 1TQ", "EX10 1TR", "EX10 1TS"]}, "geometry": {"type": "Polygon", "coordinates": [[[-3.247417027183712, 50.68456535429901], [-3.2462427811381938, 50.68534718673775], [-3.245761990347792, 50.68534375272217], [-3.245262179713373, 50.684552488766464], [-3.247416978250992, 50.684552490622984], [-3.247417027183712, 50.68456535429901]]]}}, {"type": "Feature", "properties": {"type": "postcode-cell", "postcode": "EX10 8QY", "postcodes": ["EX10 8QY"]}, "geometry": {"type": "Polygon", "coordinates": [[[-3.246818380537809, 50.681642605997844], [-3.2465179211237243, 50.68154309523616], [-3.247100506453855, 50.68121757899306], [-3.247835945180815, 50.68129544546469], [-3.247762025582151, 50.68137854975451], [-3.246818380537809, 50.681642605997844]]]}}, {"type": "Feature", "properties": {"type": "postcode-cell", "postcode": "EX10 8QU", "postcodes": ["EX10 8QU"]}, "geometry": {"type": "Polygon", "coordinates": [[[-3.247100506453855, 50.68121757899306], [-3.2465179211237243, 50.68154309523616], [-3.2461309601812514, 50.68149000051412], [-3.24608508797586, 50.681446860224554], [-3.2462550321886754, 50.68108347609085], [-3.2468717944975984, 50.68079178314269], [-3.247100506453855, 50.68121757899306]]]}}, {"type": "Feature", "properties": {"type": "postcode-cell", "postcode": "EX10 8XN", "postcodes": ["EX10 8XN"]}, "geometry": {"type": "Polygon", "coordinates": [[[-3.247217989508469, 50.68050497437697], [-3.2468717944975984, 50.68079178314269], [-3.2462550321886754, 50.68108347609085], [-3.245578386578562, 50.68039857229847], [-3.2457401868354623, 50.68013093038444], [-3.2469886657539377, 50.68018048729793], [-3.247217989508469, 50.68050497437697]]]}}, {"type": "Feature", "properties": {"type": "postcode-cell", "postcode": "EX10 8RW", "postcodes": ["EX10 8RW"]}, "geometry": {"type": "Polygon", "coordinates": [[[-3.2469886657539377, 50.68018048729793], [-3.2457401868354623, 50.68013093038444], [-3.245554888548051, 50.67993712309803], [-3.2456456577369224, 50.6788127104621], [-3.245685352934597, 50.678809713308404], [-3.246219983754203, 50.678871024881246], [-3.24715906472412, 50.679973606149815], [-3.2469886657539377, 50.68018048729793]]]}}, {"type": "Feature", "properties": {"type": "postcode-cell", "postcode": "EX10 8HB", "postcodes": ["EX10 8HB"]}, "geometry": {"type": "Polygon", "coordinates": [[[-3.2471958409600945, 50.68255814334239], [-3.2465465084359124, 50.68264249502361], [-3.2459454920312454, 50.68208606574941], [-3.2461309601812514, 50.68149000051412], [-3.2465179211237243, 50.68154309523616], [-3.246818380537809, 50.681642605997844], [-3.247243272069709, 50.682080653104485], [-3.2471958409600945, 50.68255814334239]]]}}, {"type": "Feature", "properties": {"type": "postcode-cell", "postcode": "EX10 1SA", "postcodes": ["EX10 1SA"]}, "geometry": {"type": "Polygon", "coordinates": [[[-3.247416978250992, 50.684552490622984], [-3.245262179713373, 50.684552488766464], [-3.2450143006329637, 50.684166781215275], [-3.245772756725891, 50.683715533535306], [-3.2474210893142077, 50.6840121229961], [-3.247416978250992, 50.684552490622984]]]}}, {"type": "Feature", "properties": {"type": "postcode-cell", "postcode": "EX10 8XL", "postcodes": ["EX10 8XL"]}, "geometry": {"type": "Polygon", "coordinates": [[[-3.2515123114821214, 50.69147539164864], [-3.245010419166587, 50.689189247854706], [-3.2446033925535374, 50.68812238652158], [-3.2452196498852586, 50.687559604399915], [-3.2456761311445312, 50.68750318439462], [-3.2503920415330794, 50.68959802102752], [-3.2515123114821214, 50.69147539164864]]]}}, {"type": "Feature", "properties": {"type": "postcode-cell", "postcode": "EX10 8XH", "postcodes": ["EX10 8XH"]}, "geometry": {"type": "Polygon", "coordinates": [[[-3.247482382468899, 50.686581837914034], [-3.246289707310333, 50.68676648425808], [-3.2451114744373877, 50.68591604963962], [-3.2451210239496464, 50.68582767426436], [-3.245761990347792, 50.68534375272217], [-3.2462427811381938, 50.68534718673775], [-3.2472645355949044, 50.685806628000144], [-3.247482382468899, 50.686581837914034]]]}}, {"type": "Feature", "properties": {"type": "postcode-cell", "postcode": "EX10 9DJ", "postcodes": ["EX10 9DJ"]}, "geometry": {"type": "Polygon", "coordinates": [[[-3.2456761311445312, 50.68750318439462], [-3.2452196498852586, 50.687559604399915], [-3.2444459933601753, 50.68698777806705], [-3.2444141754662397, 50.68649526046761], [-3.2451114744373877, 50.68591604963962], [-3.246289707310333, 50.68676648425808], [-3.2456761311445312, 50.68750318439462]]]}}, {"type": "Feature", "properties": {"type": "postcode-cell", "postcode": "EX10 8HN", "postcodes": ["EX10 8HN"]}, "geometry": {"type": "Polygon", "coordinates": [[[-3.2457685560075435, 50.683240977640494], [-3.2445594900765835, 50.682594422132716], [-3.244658592771701, 50.68237695660692], [-3.2448836755458506, 50.68220364108502], [-3.2459454920312454, 50.68208606574941], [-3.2465465084359124, 50.68264249502361], [-3.2457685560075435, 50.683240977640494]]]}}, {"type": "Feature", "properties": {"type": "postcode-cell", "postcode": "EX10 8HE", "postcodes": ["EX10 8HE"]}, "geometry": {"type": "Polygon", "coordinates": [[[-3.245578386578562, 50.68039857229847], [-3.2450066132115087, 50.68071286423657], [-3.2444747799326716, 50.680749702461405], [-3.2444315617307162, 50.680747053480594], [-3.2442907771401184, 50.68037666652659], [-3.244635842064392, 50.67993927035833], [-3.245554888548051, 50.67993712309803], [-3.2457401868354623, 50.68013093038444], [-3.245578386578562, 50.68039857229847]]]}}, {"type": "Feature", "properties": {"type": "postcode-cell", "postcode": "EX10 8RR", "postcodes": ["EX10 8RR"]}, "geometry": {"type": "Polygon", "coordinates": [[[-3.245685352934597, 50.678809713308404], [-3.2456456577369224, 50.6788127104621], [-3.2455985811021426, 50.678797907580204], [-3.2450048028901826, 50.678327019529924], [-3.2447768918433804, 50.677871410963206], [-3.2448614102068922, 50.67777604963959], [-3.246172509025668, 50.67748647895124], [-3.2466234767022204, 50.677864142308785], [-3.245685352934597, 50.678809713308404]]]}}, {"type": "Feature", "properties": {"type": "postcode-cell", "postcode": "EX10 8HD", "postcodes": ["EX10 8HD"]}, "geometry": {"type": "Polygon", "coordinates": [[[-3.2461309601812514, 50.68149000051412], [-3.2459454920312454, 50.68208606574941], [-3.2448836755458506, 50.68220364108502], [-3.2448687725661913, 50.68159906533181], [-3.2449732959868713, 50.68154391318572], [-3.245536008185658, 50.68138240135177], [-3.24608508797586, 50.681446860224554], [-3.2461309601812514, 50.68149000051412]]]}}, {"type": "Feature", "properties": {"type": "postcode-cell", "postcode": "EX10 8QT", "postcodes": ["EX10 8QT"]}, "geometry": {"type": "Polygon", "coordinates": [[[-3.24608508797586, 50.681446860224554], [-3.245536008185658, 50.68138240135177], [-3.2450066132115087, 50.68071286423657], [-3.245578386578562, 50.68039857229847], [-3.2462550321886754, 50.68108347609085], [-3.24608508797586, 50.681446860224554]]]}}, {"type": "Feature", "properties": {"type": "postcode-cell", "postcode": "EX10 8HH", "postcodes": ["EX10 8HH"]}, "geometry": {"type": "Polygon", "coordinates": [[[-3.245262179713373, 50.684552488766464], [-3.245761990347792, 50.68534375272217], [-3.2451210239496464, 50.68582767426436], [-3.2440228339321786, 50.68552925027537], [-3.2443920635679135, 50.6841540541325], [-3.2450143006329637, 50.684166781215275], [-3.245262179713373, 50.684552488766464]]]}}, {"type": "Feature", "properties": {"type": "postcode-cell", "postcode": "EX10 8HJ", "postcodes": ["EX10 8HJ"]}, "geometry": {"type": "Polygon", "coordinates": [[[-3.245772756725891, 50.683715533535306], [-3.2450143006329637, 50.684166781215275], [-3.2443920635679135, 50.6841540541325], [-3.2443088676476184, 50.684142363793384], [-3.2434586717164593, 50.68331301731911], [-3.243495713474283, 50.682855021304434], [-3.2445594900765835, 50.682594422132716], [-3.2457685560075435, 50.683240977640494], [-3.245772756725891, 50.683715533535306]]]}}, {"type": "Feature", "properties": {"type": "postcode-cell", "postcode": "EX10 8RT", "postcodes": ["EX10 8RT"]}, "geometry": {"type": "Polygon", "coordinates": [[[-3.246683230129514, 50.676662290908055], [-3.2467931108750605, 50.67665279026023], [-3.246172509025668, 50.67748647895124], [-3.2448614102068922, 50.67777604963959], [-3.2449031319434583, 50.67701383470048], [-3.246683230129514, 50.676662290908055]]]}}, {"type": "Feature", "properties": {"type": "postcode-cell", "postcode": "EX10 8RU", "postcodes": ["EX10 8RU"]}, "geometry": {"type": "Polygon", "coordinates": [[[-3.2449031319434583, 50.67701383470048], [-3.244609826875058, 50.67675790740599], [-3.2448883422507566, 50.676327612758755], [-3.246683230129514, 50.676662290908055], [-3.2449031319434583, 50.67701383470048]]]}}, {"type": "Feature", "properties": {"type": "postcode-cell", "postcode": "EX10 8FG", "postcodes": ["EX10 8FG"]}, "geometry": {"type": "Polygon", "coordinates": [[[-3.2456456577369224, 50.6788127104621], [-3.245554888548051, 50.67993712309803], [-3.244635842064392, 50.67993927035833], [-3.2442319283682908, 50.679732466535704], [-3.244071443958877, 50.679463370895675], [-3.2441980775397132, 50.67933157738977], [-3.2455985811021426, 50.678797907580204], [-3.2456456577369224, 50.6788127104621]]]}}, {"type": "Feature", "properties": {"type": "postcode-cell", "postcode": "EX10 8RZ", "postcodes": ["EX10 8RZ"]}, "geometry": {"type": "Polygon", "coordinates": [[[-3.2448883422507566, 50.676327612758755], [-3.244609826875058, 50.67675790740599], [-3.2429582724607338, 50.67661818232991], [-3.2425029059705106, 50.676447467575436], [-3.2449383694799447, 50.6755411165604], [-3.2448883422507566, 50.676327612758755]]]}}, {"type": "Feature", "properties": {"type": "postcode-cell", "postcode": "EX10 8XG", "postcodes": ["EX10 8XG"]}, "geometry": {"type": "Polygon", "coordinates": [[[-3.2452196498852586, 50.687559604399915], [-3.2446033925535374, 50.68812238652158], [-3.2440951985587234, 50.688070287036346], [-3.243516431963626, 50.68720877532266], [-3.2444459933601753, 50.68698777806705], [-3.2452196498852586, 50.687559604399915]]]}}, {"type": "Feature", "properties": {"type": "postcode-cell", "postcode": "EX10 8EZ", "postcodes": ["EX10 8EZ"]}, "geometry": {"type": "Polygon", "coordinates": [[[-3.2449732959868713, 50.68154391318572], [-3.2444747799326716, 50.680749702461405], [-3.2450066132115087, 50.68071286423657], [-3.245536008185658, 50.68138240135177], [-3.2449732959868713, 50.68154391318572]]]}}, {"type": "Feature", "properties": {"type": "postcode-cell", "postcode": "EX10 8HT", "postcodes": ["EX10 8HT"]}, "geometry": {"type": "Polygon", "coordinates": [[[-3.2448687725661913, 50.68159906533181], [-3.2442354168176313, 50.681496543453775], [-3.2441998471733533, 50.6808394364438], [-3.2444315617307162, 50.680747053480594], [-3.2444747799326716, 50.680749702461405], [-3.2449732959868713, 50.68154391318572], [-3.2448687725661913, 50.68159906533181]]]}}, {"type": "Feature", "properties": {"type": "postcode-cell", "postcode": "EX10 8HA", "postcodes": ["EX10 8HA"]}, "geometry": {"type": "Polygon", "coordinates": [[[-3.244658592771701, 50.68237695660692], [-3.243697788592189, 50.68169857007404], [-3.2442354168176313, 50.681496543453775], [-3.2448687725661913, 50.68159906533181], [-3.2448836755458506, 50.68220364108502], [-3.244658592771701, 50.68237695660692]]]}}, {"type": "Feature", "properties": {"type": "postcode-cell", "postcode": "EX10 8RY", "postcodes": ["EX10 8RY"]}, "geometry": {"type": "Polygon", "coordinates": [[[-3.2447768918433804, 50.677871410963206], [-3.2439755344920065, 50.677776066684416], [-3.2429582724607338, 50.67661818232991], [-3.244609826875058, 50.67675790740599], [-3.2449031319434583, 50.67701383470048], [-3.2448614102068922, 50.67777604963959], [-3.2447768918433804, 50.677871410963206]]]}}, {"type": "Feature", "properties": {"type": "postcode-cell", "postcode": "EX10 8FF", "postcodes": ["EX10 8FF"]}, "geometry": {"type": "Polygon", "coordinates": [[[-3.2442907771401184, 50.68037666652659], [-3.2436671501097285, 50.68014534953156], [-3.2442319283682908, 50.679732466535704], [-3.244635842064392, 50.67993927035833], [-3.2442907771401184, 50.68037666652659]]]}}, {"type": "Feature", "properties": {"type": "postcode-cell", "postcode": "EX10 8HF", "postcodes": ["EX10 8HF"]}, "geometry": {"type": "Polygon", "coordinates": [[[-3.2441998471733533, 50.6808394364438], [-3.243658195615358, 50.68084525353696], [-3.2430563177353546, 50.680361669876326], [-3.2433047936177024, 50.68017395204084], [-3.2436671501097285, 50.68014534953156], [-3.2442907771401184, 50.68037666652659], [-3.2444315617307162, 50.680747053480594], [-3.2441998471733533, 50.6808394364438]]]}}, {"type": "Feature", "properties": {"type": "postcode-cell", "postcode": "EX10 8HG", "postcodes": ["EX10 8HG"]}, "geometry": {"type": "Polygon", "coordinates": [[[-3.244658592771701, 50.68237695660692], [-3.2445594900765835, 50.682594422132716], [-3.243495713474283, 50.682855021304434], [-3.24279633782818, 50.68246730605233], [-3.243356880323879, 50.68169997336126], [-3.243697788592189, 50.68169857007404], [-3.244658592771701, 50.68237695660692]]]}}, {"type": "Feature", "properties": {"type": "postcode-cell", "postcode": "EX10 8EY", "postcodes": ["EX10 8EY"]}, "geometry": {"type": "Polygon", "coordinates": [[[-3.2442354168176313, 50.681496543453775], [-3.243697788592189, 50.68169857007404], [-3.243356880323879, 50.68169997336126], [-3.2430397681327188, 50.681356624120184], [-3.243658195615358, 50.68084525353696], [-3.2441998471733533, 50.6808394364438], [-3.2442354168176313, 50.681496543453775]]]}}, {"type": "Feature", "properties": {"type": "postcode-cell", "postcode": "EX10 8PJ", "postcodes": ["EX10 8PJ"]}, "geometry": {"type": "Polygon", "coordinates": [[[-3.2455985811021426, 50.678797907580204], [-3.2441980775397132, 50.67933157738977], [-3.2436019133067138, 50.678813124140426], [-3.243603610395378, 50.67871612915154], [-3.2450048028901826, 50.678327019529924], [-3.2455985811021426, 50.678797907580204]]]}}, {"type": "Feature", "properties": {"type": "postcode-cell", "postcode": "EX10 8XQ", "postcodes": ["EX10 8XQ"]}, "geometry": {"type": "Polygon", "coordinates": [[[-3.2451114744373877, 50.68591604963962], [-3.2444141754662397, 50.68649526046761], [-3.242838473507406, 50.68632897987228], [-3.2427601765042, 50.686113105987594], [-3.243141318913475, 50.68567954630588], [-3.243838256883288, 50.685520760015194], [-3.2440228339321786, 50.68552925027537], [-3.2451210239496464, 50.68582767426436], [-3.2451114744373877, 50.68591604963962]]]}}, {"type": "Feature", "properties": {"type": "postcode-cell", "postcode": "EX10 8RX", "postcodes": ["EX10 8RX"]}, "geometry": {"type": "Polygon", "coordinates": [[[-3.2439755344920065, 50.677776066684416], [-3.2426217603288032, 50.678173088742426], [-3.2421344871846105, 50.67802049937437], [-3.242097149488605, 50.67659846042035], [-3.2425029059705106, 50.676447467575436], [-3.2429582724607338, 50.67661818232991], [-3.2439755344920065, 50.677776066684416]]]}}, {"type": "Feature", "properties": {"type": "postcode-cell", "postcode": "EX10 8SB", "postcodes": ["EX10 8SB"]}, "geometry": {"type": "Polygon", "coordinates": [[[-3.2436671501097285, 50.68014534953156], [-3.2433047936177024, 50.68017395204084], [-3.2432193090342127, 50.67961413322262], [-3.2434624401769994, 50.67950428941456], [-3.244071443958877, 50.679463370895675], [-3.2442319283682908, 50.679732466535704], [-3.2436671501097285, 50.68014534953156]]]}}, {"type": "Feature", "properties": {"type": "postcode-cell", "postcode": "EX10 8PH", "postcodes": ["EX10 8PH"]}, "geometry": {"type": "Polygon", "coordinates": [[[-3.2450048028901826, 50.678327019529924], [-3.243603610395378, 50.67871612915154], [-3.2427002633834694, 50.678285814518915], [-3.2426217603288032, 50.678173088742426], [-3.2439755344920065, 50.677776066684416], [-3.2447768918433804, 50.677871410963206], [-3.2450048028901826, 50.678327019529924]]]}}, {"type": "Feature", "properties": {"type": "postcode-cell", "postcode": "EX10 8FB", "postcodes": ["EX10 8FB"]}, "geometry": {"type": "Polygon", "coordinates": [[[-3.2432193090342127, 50.67961413322262], [-3.242712330401264, 50.679548325537425], [-3.242665883485032, 50.67947597843458], [-3.242887696260146, 50.67905587299124], [-3.2432493202807704, 50.67908628749046], [-3.2434624401769994, 50.67950428941456], [-3.2432193090342127, 50.67961413322262]]]}}, {"type": "Feature", "properties": {"type": "postcode-cell", "postcode": "EX10 8XJ", "postcodes": ["EX10 8XJ"]}, "geometry": {"type": "Polygon", "coordinates": [[[-3.2443920635679135, 50.6841540541325], [-3.2440228339321786, 50.68552925027537], [-3.243838256883288, 50.685520760015194], [-3.2432534634822754, 50.68450803179556], [-3.2443088676476184, 50.684142363793384], [-3.2443920635679135, 50.6841540541325]]]}}, {"type": "Feature", "properties": {"type": "postcode-cell", "postcode": "EX10 8RP", "postcodes": ["EX10 8RP"]}, "geometry": {"type": "Polygon", "coordinates": [[[-3.2430563177353546, 50.680361669876326], [-3.2424499508661944, 50.68040475865897], [-3.2421689213687386, 50.67989135139171], [-3.242712330401264, 50.679548325537425], [-3.2432193090342127, 50.67961413322262], [-3.2433047936177024, 50.68017395204084], [-3.2430563177353546, 50.680361669876326]]]}}, {"type": "Feature", "properties": {"type": "postcode-cell", "postcode": "EX10 8XP", "postcodes": ["EX10 8XP"]}, "geometry": {"type": "Polygon", "coordinates": [[[-3.2446033925535374, 50.68812238652158], [-3.245010419166587, 50.689189247854706], [-3.24234068032465, 50.68955806462786], [-3.2413678090797484, 50.68910562216188], [-3.2415490231427064, 50.68882568948971], [-3.242322820486767, 50.68819190097481], [-3.2440951985587234, 50.688070287036346], [-3.2446033925535374, 50.68812238652158]]]}}, {"type": "Feature", "properties": {"type": "postcode-cell", "postcode": "EX10 8LL", "postcodes": ["EX10 8LL"]}, "geometry": {"type": "Polygon", "coordinates": [[[-3.243603610395378, 50.67871612915154], [-3.2436019133067138, 50.678813124140426], [-3.2432493202807704, 50.67908628749046], [-3.242887696260146, 50.67905587299124], [-3.2426056140461808, 50.67883496507601], [-3.2427002633834694, 50.678285814518915], [-3.243603610395378, 50.67871612915154]]]}}, {"type": "Feature", "properties": {"type": "postcode-cell", "postcode": "EX10 8TA", "postcodes": ["EX10 8TA"]}, "geometry": {"type": "Polygon", "coordinates": [[[-3.244071443958877, 50.679463370895675], [-3.2434624401769994, 50.67950428941456], [-3.2432493202807704, 50.67908628749046], [-3.2436019133067138, 50.678813124140426], [-3.2441980775397132, 50.67933157738977], [-3.244071443958877, 50.679463370895675]]]}}, {"type": "Feature", "properties": {"type": "postcode-cell", "postcode": "EX10 8UE", "postcodes": ["EX10 8UE"]}, "geometry": {"type": "Polygon", "coordinates": [[[-3.2432534634822754, 50.68450803179556], [-3.2424733390038742, 50.684597458267945], [-3.241948902674793, 50.68373444631423], [-3.2434586717164593, 50.68331301731911], [-3.2443088676476184, 50.684142363793384], [-3.2432534634822754, 50.68450803179556]]]}}, {"type": "Feature", "properties": {"type": "postcode-cell", "postcode": "EX10 8XU", "postcodes": ["EX10 8XU"]}, "geometry": {"type": "Polygon", "coordinates": [[[-3.243838256883288, 50.685520760015194], [-3.243141318913475, 50.68567954630588], [-3.242273920472284, 50.684768946397845], [-3.2424733390038742, 50.684597458267945], [-3.2432534634822754, 50.68450803179556], [-3.243838256883288, 50.685520760015194]]]}}, {"type": "Feature", "properties": {"type": "postcode-cell", "postcode": "EX10 8XE", "postcodes": ["EX10 8XE"]}, "geometry": {"type": "Polygon", "coordinates": [[[-3.2444141754662397, 50.68649526046761], [-3.2444459933601753, 50.68698777806705], [-3.243516431963626, 50.68720877532266], [-3.2428244682370524, 50.68719134161983], [-3.2427705092387016, 50.68642818040769], [-3.242838473507406, 50.68632897987228], [-3.2444141754662397, 50.68649526046761]]]}}, {"type": "Feature", "properties": {"type": "postcode-cell", "postcode": "EX10 8UX", "postcodes": ["EX10 8UX"]}, "geometry": {"type": "Polygon", "coordinates": [[[-3.2427601765042, 50.686113105987594], [-3.2408616671453276, 50.68557636635196], [-3.2408275295429614, 50.68521436344015], [-3.242273920472284, 50.684768946397845], [-3.243141318913475, 50.68567954630588], [-3.2427601765042, 50.686113105987594]]]}}, {"type": "Feature", "properties": {"type": "postcode-cell", "postcode": "EX10 8XD", "postcodes": ["EX10 8XD"]}, "geometry": {"type": "Polygon", "coordinates": [[[-3.2422192315272085, 50.68738667840469], [-3.2413811669732575, 50.68677410045528], [-3.2414532761257084, 50.68666676100921], [-3.2427705092387016, 50.68642818040769], [-3.2428244682370524, 50.68719134161983], [-3.242449558737063, 50.687489542941485], [-3.2422192315272085, 50.68738667840469]]]}}, {"type": "Feature", "properties": {"type": "postcode-cell", "postcode": "EX10 9DH", "postcodes": ["EX10 9DH"]}, "geometry": {"type": "Polygon", "coordinates": [[[-3.242449558737063, 50.687489542941485], [-3.242322820486767, 50.68819190097481], [-3.2415490231427064, 50.68882568948971], [-3.240851495114166, 50.687630206984075], [-3.2408809647392096, 50.68728321772901], [-3.2422192315272085, 50.68738667840469], [-3.242449558737063, 50.687489542941485]]]}}, {"type": "Feature", "properties": {"type": "postcode-cell", "postcode": "EX10 8XF", "postcodes": ["EX10 8XF"]}, "geometry": {"type": "Polygon", "coordinates": [[[-3.2440951985587234, 50.688070287036346], [-3.242322820486767, 50.68819190097481], [-3.242449558737063, 50.687489542941485], [-3.2428244682370524, 50.68719134161983], [-3.243516431963626, 50.68720877532266], [-3.2440951985587234, 50.688070287036346]]]}}, {"type": "Feature", "properties": {"type": "postcode-cell", "postcode": "EX10 8NZ", "postcodes": ["EX10 8NZ"]}, "geometry": {"type": "Polygon", "coordinates": [[[-3.243658195615358, 50.68084525353696], [-3.2430397681327188, 50.681356624120184], [-3.243004990410593, 50.681349309849736], [-3.2423104748526734, 50.68051876747405], [-3.242314712768288, 50.680509501341106], [-3.2424499508661944, 50.68040475865897], [-3.2430563177353546, 50.680361669876326], [-3.243658195615358, 50.68084525353696]]]}}, {"type": "Feature", "properties": {"type": "postcode-cell", "postcode": "EX10 8NS", "postcodes": ["EX10 8NS"]}, "geometry": {"type": "Polygon", "coordinates": [[[-3.2421344871846105, 50.67802049937437], [-3.2414840360373294, 50.678218320042134], [-3.240682444632755, 50.67783017681645], [-3.240591304595666, 50.67776467902277], [-3.2402496105049385, 50.677285949114065], [-3.242097149488605, 50.67659846042035], [-3.2421344871846105, 50.67802049937437]]]}}, {"type": "Feature", "properties": {"type": "postcode-cell", "postcode": "EX10 8UB", "postcodes": ["EX10 8UB"]}, "geometry": {"type": "Polygon", "coordinates": [[[-3.242273920472284, 50.684768946397845], [-3.2408275295429614, 50.68521436344015], [-3.240728142922763, 50.68515499033405], [-3.241335191398172, 50.68369545302082], [-3.241738327649867, 50.68365455698319], [-3.241948902674793, 50.68373444631423], [-3.2424733390038742, 50.684597458267945], [-3.242273920472284, 50.684768946397845]]]}}, {"type": "Feature", "properties": {"type": "postcode-cell", "postcode": "EX10 8XB", "postcodes": ["EX10 8XB"]}, "geometry": {"type": "Polygon", "coordinates": [[[-3.2427705092387016, 50.68642818040769], [-3.2414532761257084, 50.68666676100921], [-3.2408465773811423, 50.68559779293517], [-3.2408616671453276, 50.68557636635196], [-3.2427601765042, 50.686113105987594], [-3.242838473507406, 50.68632897987228], [-3.2427705092387016, 50.68642818040769]]]}}, {"type": "Feature", "properties": {"type": "postcode-cell", "postcode": "EX10 8SE", "postcodes": ["EX10 8SE"]}, "geometry": {"type": "Polygon", "coordinates": [[[-3.242887696260146, 50.67905587299124], [-3.242665883485032, 50.67947597843458], [-3.2420685222186347, 50.67915117204505], [-3.2426056140461808, 50.67883496507601], [-3.242887696260146, 50.67905587299124]]]}}, {"type": "Feature", "properties": {"type": "postcode-cell", "postcode": "EX10 8NT", "postcodes": ["EX10 8NT"]}, "geometry": {"type": "Polygon", "coordinates": [[[-3.2427002633834694, 50.678285814518915], [-3.2426056140461808, 50.67883496507601], [-3.2420685222186347, 50.67915117204505], [-3.2417513916595797, 50.679162686063876], [-3.2411576986824646, 50.679013451128824], [-3.2411726582717346, 50.67856195003187], [-3.2414840360373294, 50.678218320042134], [-3.2421344871846105, 50.67802049937437], [-3.2426217603288032, 50.678173088742426], [-3.2427002633834694, 50.678285814518915]]]}}, {"type": "Feature", "properties": {"type": "postcode-cell", "postcode": "EX10 8DY", "postcodes": ["EX10 8DY"]}, "geometry": {"type": "Polygon", "coordinates": [[[-3.243356880323879, 50.68169997336126], [-3.24279633782818, 50.68246730605233], [-3.242258770651837, 50.682453572938726], [-3.2417350897505264, 50.681874095027624], [-3.2417765225508632, 50.68162521114051], [-3.2423296167746782, 50.68141243711028], [-3.243004990410593, 50.681349309849736], [-3.2430397681327188, 50.681356624120184], [-3.243356880323879, 50.68169997336126]]]}}, {"type": "Feature", "properties": {"type": "postcode-cell", "postcode": "EX10 8DE", "postcodes": ["EX10 8DE"]}, "geometry": {"type": "Polygon", "coordinates": [[[-3.2434586717164593, 50.68331301731911], [-3.241948902674793, 50.68373444631423], [-3.241738327649867, 50.68365455698319], [-3.2417935919130265, 50.68270688783065], [-3.242258770651837, 50.682453572938726], [-3.24279633782818, 50.68246730605233], [-3.243495713474283, 50.682855021304434], [-3.2434586717164593, 50.68331301731911]]]}}, {"type": "Feature", "properties": {"type": "postcode-cell", "postcode": "EX10 8PA", "postcodes": ["EX10 8PA"]}, "geometry": {"type": "Polygon", "coordinates": [[[-3.243004990410593, 50.681349309849736], [-3.2423296167746782, 50.68141243711028], [-3.241960933586306, 50.68077326624625], [-3.2423104748526734, 50.68051876747405], [-3.243004990410593, 50.681349309849736]]]}}, {"type": "Feature", "properties": {"type": "postcode-cell", "postcode": "EX10 8NX", "postcodes": ["EX10 8NX"]}, "geometry": {"type": "Polygon", "coordinates": [[[-3.242712330401264, 50.679548325537425], [-3.2421689213687386, 50.67989135139171], [-3.242033125227098, 50.67985171021681], [-3.2417513916595797, 50.679162686063876], [-3.2420685222186347, 50.67915117204505], [-3.242665883485032, 50.67947597843458], [-3.242712330401264, 50.679548325537425]]]}}, {"type": "Feature", "properties": {"type": "postcode-cell", "postcode": "EX10 8NQ", "postcodes": ["EX10 8NQ"]}, "geometry": {"type": "Polygon", "coordinates": [[[-3.242314712768288, 50.680509501341106], [-3.2415292141788807, 50.680352126571265], [-3.241454804902147, 50.680214268567276], [-3.241999548170067, 50.67985239606151], [-3.242033125227098, 50.67985171021681], [-3.2421689213687386, 50.67989135139171], [-3.2424499508661944, 50.68040475865897], [-3.242314712768288, 50.680509501341106]]]}}, {"type": "Feature", "properties": {"type": "postcode-cell", "postcode": "EX10 8PB", "postcodes": ["EX10 8PB"]}, "geometry": {"type": "Polygon", "coordinates": [[[-3.2423296167746782, 50.68141243711028], [-3.2417765225508632, 50.68162521114051], [-3.241053251800562, 50.68107373093823], [-3.241960933586306, 50.68077326624625], [-3.2423296167746782, 50.68141243711028]]]}}, {"type": "Feature", "properties": {"type": "postcode-cell", "postcode": "EX10 8EU", "postcodes": ["EX10 8EU"]}, "geometry": {"type": "Polygon", "coordinates": [[[-3.242258770651837, 50.682453572938726], [-3.2417935919130265, 50.68270688783065], [-3.2403710339676053, 50.68266796875923], [-3.2403485697494094, 50.682648134998], [-3.2402927282489493, 50.68233470186266], [-3.240419751741022, 50.68201490260879], [-3.2417350897505264, 50.681874095027624], [-3.242258770651837, 50.682453572938726]]]}}, {"type": "Feature", "properties": {"type": "postcode-cell", "postcode": "EX10 8PD", "postcodes": ["EX10 8PD"]}, "geometry": {"type": "Polygon", "coordinates": [[[-3.2423104748526734, 50.68051876747405], [-3.241960933586306, 50.68077326624625], [-3.241053251800562, 50.68107373093823], [-3.2403982532940296, 50.68096347822235], [-3.240390982745469, 50.68095838459047], [-3.2408384849965115, 50.680561251575526], [-3.2415292141788807, 50.680352126571265], [-3.242314712768288, 50.680509501341106], [-3.2423104748526734, 50.68051876747405]]]}}, {"type": "Feature", "properties": {"type": "postcode-cell", "postcode": "EX10 9EL", "postcodes": ["EX10 9EL"]}, "geometry": {"type": "Polygon", "coordinates": [[[-3.2422192315272085, 50.68738667840469], [-3.2408809647392096, 50.68728321772901], [-3.2407288641044585, 50.6870014523809], [-3.2413811669732575, 50.68677410045528], [-3.2422192315272085, 50.68738667840469]]]}}, {"type": "Feature", "properties": {"type": "postcode-cell", "postcode": "EX10 9EZ", "postcodes": ["EX10 9EZ"]}, "geometry": {"type": "Polygon", "coordinates": [[[-3.243201295791404, 50.69126309528467], [-3.241372246417919, 50.691391214071075], [-3.2396498096180846, 50.69013616845644], [-3.239718615597296, 50.68995189542008], [-3.2410352903483823, 50.6891521965707], [-3.2413678090797484, 50.68910562216188], [-3.24234068032465, 50.68955806462786], [-3.243201295791404, 50.69126309528467]]]}}, {"type": "Feature", "properties": {"type": "postcode-cell", "postcode": "EX10 8NF", "postcodes": ["EX10 8NF"]}, "geometry": {"type": "Polygon", "coordinates": [[[-3.241454804902147, 50.680214268567276], [-3.2411572813781198, 50.68000304650486], [-3.241700067838473, 50.67982887575037], [-3.241999548170067, 50.67985239606151], [-3.241454804902147, 50.680214268567276]]]}}, {"type": "Feature", "properties": {"type": "postcode-cell", "postcode": "EX10 8NY", "postcodes": ["EX10 8NY"]}, "geometry": {"type": "Polygon", "coordinates": [[[-3.242033125227098, 50.67985171021681], [-3.241999548170067, 50.67985239606151], [-3.241700067838473, 50.67982887575037], [-3.241224310184673, 50.67949799818463], [-3.241097105187573, 50.67905832473865], [-3.2411576986824646, 50.679013451128824], [-3.2417513916595797, 50.679162686063876], [-3.242033125227098, 50.67985171021681]]]}}, {"type": "Feature", "properties": {"type": "postcode-cell", "postcode": "EX10 8NL", "postcodes": ["EX10 8NL"]}, "geometry": {"type": "Polygon", "coordinates": [[[-3.241224310184673, 50.67949799818463], [-3.2409196232300297, 50.67994863667413], [-3.2401681093974997, 50.67981145984711], [-3.240242612215685, 50.679422217426584], [-3.2404674971478427, 50.67924984827119], [-3.241097105187573, 50.67905832473865], [-3.241224310184673, 50.67949799818463]]]}}, {"type": "Feature", "properties": {"type": "postcode-cell", "postcode": "EX10 8XA", "postcodes": ["EX10 8XA"]}, "geometry": {"type": "Polygon", "coordinates": [[[-3.2413811669732575, 50.68677410045528], [-3.2407288641044585, 50.6870014523809], [-3.240592487270752, 50.686972165344116], [-3.240295090817252, 50.68674795897717], [-3.2403589772111547, 50.68591820739767], [-3.2408465773811423, 50.68559779293517], [-3.2414532761257084, 50.68666676100921], [-3.2413811669732575, 50.68677410045528]]]}}, {"type": "Feature", "properties": {"type": "postcode-cell", "postcode": "EX10 8NJ", "postcodes": ["EX10 8NJ"]}, "geometry": {"type": "Polygon", "coordinates": [[[-3.241454804902147, 50.680214268567276], [-3.2415292141788807, 50.680352126571265], [-3.2408384849965115, 50.680561251575526], [-3.240993515349971, 50.679995156500496], [-3.2411572813781198, 50.68000304650486], [-3.241454804902147, 50.680214268567276]]]}}, {"type": "Feature", "properties": {"type": "postcode-cell", "postcode": "EX10 8EX", "postcodes": ["EX10 8EX"]}, "geometry": {"type": "Polygon", "coordinates": [[[-3.2417350897505264, 50.681874095027624], [-3.240419751741022, 50.68201490260879], [-3.240320241365132, 50.68184652899313], [-3.2403982532940296, 50.68096347822235], [-3.241053251800562, 50.68107373093823], [-3.2417765225508632, 50.68162521114051], [-3.2417350897505264, 50.681874095027624]]]}}, {"type": "Feature", "properties": {"type": "postcode-cell", "postcode": "EX10 8NG", "postcodes": ["EX10 8NG"]}, "geometry": {"type": "Polygon", "coordinates": [[[-3.241224310184673, 50.67949799818463], [-3.241700067838473, 50.67982887575037], [-3.2411572813781198, 50.68000304650486], [-3.240993515349971, 50.679995156500496], [-3.2409196232300297, 50.67994863667413], [-3.241224310184673, 50.67949799818463]]]}}, {"type": "Feature", "properties": {"type": "postcode-cell", "postcode": "EX10 8UJ", "postcodes": ["EX10 8UJ"]}, "geometry": {"type": "Polygon", "coordinates": [[[-3.2408465773811423, 50.68559779293517], [-3.2403589772111547, 50.68591820739767], [-3.2395843352274554, 50.686064082090645], [-3.2392354153421725, 50.686079124038706], [-3.2386043661367068, 50.68545100046734], [-3.2396373147392796, 50.684885294388046], [-3.240000056058004, 50.684859720271604], [-3.240728142922763, 50.68515499033405], [-3.2408275295429614, 50.68521436344015], [-3.2408616671453276, 50.68557636635196], [-3.2408465773811423, 50.68559779293517]]]}}, {"type": "Feature", "properties": {"type": "postcode-cell", "postcode": "EX10 9HR", "postcodes": ["EX10 9HR"]}, "geometry": {"type": "Polygon", "coordinates": [[[-3.2406732201800397, 50.692557590591015], [-3.2402146078339995, 50.69277843993979], [-3.239406538559467, 50.69248475419649], [-3.2392073801273344, 50.691929717279635], [-3.2400012364309436, 50.69161540632539], [-3.2407977726940107, 50.69174497743863], [-3.2406732201800397, 50.692557590591015]]]}}, {"type": "Feature", "properties": {"type": "postcode-cell", "postcode": "EX10 8TU", "postcodes": ["EX10 8TU"]}, "geometry": {"type": "Polygon", "coordinates": [[[-3.241738327649867, 50.68365455698319], [-3.241335191398172, 50.68369545302082], [-3.2405061826057424, 50.683608331494675], [-3.2402657526481, 50.683218387797545], [-3.2403710339676053, 50.68266796875923], [-3.2417935919130265, 50.68270688783065], [-3.241738327649867, 50.68365455698319]]]}}, {"type": "Feature", "properties": {"type": "postcode-cell", "postcode": "EX10 8AX", "postcodes": ["EX10 8AX"]}, "geometry": {"type": "Polygon", "coordinates": [[[-3.2389019888615955, 50.67844198467674], [-3.2388398500589477, 50.678468683735616], [-3.238545873824122, 50.67829881873337], [-3.2384370468743686, 50.67771803905493], [-3.23881740464792, 50.677636646132086], [-3.2389019888615955, 50.67844198467674]]]}}, {"type": "Feature", "properties": {"type": "postcode-cell", "postcode": "EX10 8NR", "postcodes": ["EX10 8NR"]}, "geometry": {"type": "Polygon", "coordinates": [[[-3.240591304595666, 50.67776467902277], [-3.2398427209663456, 50.6780639537839], [-3.2393000210470393, 50.677533368655936], [-3.2399699895887153, 50.6773899947124], [-3.2402496105049385, 50.677285949114065], [-3.240591304595666, 50.67776467902277]]]}}, {"type": "Feature", "properties": {"type": "postcode-cell", "postcode": "EX10 8PF", "postcodes": ["EX10 8PF"]}, "geometry": {"type": "Polygon", "coordinates": [[[-3.241097105187573, 50.67905832473865], [-3.2404674971478427, 50.67924984827119], [-3.239762163704518, 50.67877180533379], [-3.2398043786858595, 50.67864885454175], [-3.2402404000595664, 50.678485206486535], [-3.2411726582717346, 50.67856195003187], [-3.2411576986824646, 50.679013451128824], [-3.241097105187573, 50.67905832473865]]]}}, {"type": "Feature", "properties": {"type": "postcode-cell", "postcode": "EX10 9DQ", "postcodes": ["EX10 9DQ"]}, "geometry": {"type": "Polygon", "coordinates": [[[-3.2413678090797484, 50.68910562216188], [-3.2410352903483823, 50.6891521965707], [-3.239979758411506, 50.68858227433754], [-3.2396870045736184, 50.68783590050527], [-3.240126111573844, 50.687538032072986], [-3.240851495114166, 50.687630206984075], [-3.2415490231427064, 50.68882568948971], [-3.2413678090797484, 50.68910562216188]]]}}, {"type": "Feature", "properties": {"type": "postcode-cell", "postcode": "EX10 8NH", "postcodes": ["EX10 8NH"]}, "geometry": {"type": "Polygon", "coordinates": [[[-3.240390982745469, 50.68095838459047], [-3.2396038410323773, 50.68074108262641], [-3.2392590560194847, 50.680527706867366], [-3.239244516601625, 50.68045162057895], [-3.2401681093974997, 50.67981145984711], [-3.2409196232300297, 50.67994863667413], [-3.240993515349971, 50.679995156500496], [-3.2408384849965115, 50.680561251575526], [-3.240390982745469, 50.68095838459047]]]}}, {"type": "Feature", "properties": {"type": "postcode-cell", "postcode": "EX10 8UD", "postcodes": ["EX10 8UD"]}, "geometry": {"type": "Polygon", "coordinates": [[[-3.241335191398172, 50.68369545302082], [-3.240728142922763, 50.68515499033405], [-3.240000056058004, 50.684859720271604], [-3.239978340227501, 50.684025608168675], [-3.2405061826057424, 50.683608331494675], [-3.241335191398172, 50.68369545302082]]]}}, {"type": "Feature", "properties": {"type": "postcode-cell", "postcode": "EX10 8ER", "postcodes": ["EX10 8ER"]}, "geometry": {"type": "Polygon", "coordinates": [[[-3.2402927282489493, 50.68233470186266], [-3.238969717007455, 50.68207049645547], [-3.239264968147229, 50.68176397820236], [-3.240320241365132, 50.68184652899313], [-3.240419751741022, 50.68201490260879], [-3.2402927282489493, 50.68233470186266]]]}}, {"type": "Feature", "properties": {"type": "postcode-cell", "postcode": "EX10 8NP", "postcodes": ["EX10 8NP"]}, "geometry": {"type": "Polygon", "coordinates": [[[-3.2411726582717346, 50.67856195003187], [-3.2402404000595664, 50.678485206486535], [-3.2400793595632558, 50.67825971195155], [-3.240682444632755, 50.67783017681645], [-3.2414840360373294, 50.678218320042134], [-3.2411726582717346, 50.67856195003187]]]}}, {"type": "Feature", "properties": {"type": "postcode-cell", "postcode": "EX10 8LT", "postcodes": ["EX10 8LT"]}, "geometry": {"type": "Polygon", "coordinates": [[[-3.240242612215685, 50.679422217426584], [-3.2393484407958937, 50.6792503960672], [-3.2395277997901997, 50.67887801087094], [-3.239762163704518, 50.67877180533379], [-3.2404674971478427, 50.67924984827119], [-3.240242612215685, 50.679422217426584]]]}}, {"type": "Feature", "properties": {"type": "postcode-cell", "postcode": "EX10 9DG", "postcodes": ["EX10 9DG"]}, "geometry": {"type": "Polygon", "coordinates": [[[-3.2408809647392096, 50.68728321772901], [-3.240851495114166, 50.687630206984075], [-3.240126111573844, 50.687538032072986], [-3.2400835232139165, 50.68725713165211], [-3.240592487270752, 50.686972165344116], [-3.2407288641044585, 50.6870014523809], [-3.2408809647392096, 50.68728321772901]]]}}, {"type": "Feature", "properties": {"type": "postcode-cell", "postcode": "EX10 8EW", "postcodes": ["EX10 8EW"]}, "geometry": {"type": "Polygon", "coordinates": [[[-3.2403982532940296, 50.68096347822235], [-3.240320241365132, 50.68184652899313], [-3.239264968147229, 50.68176397820236], [-3.239242662865695, 50.68166816058791], [-3.2393137212644163, 50.68130558076806], [-3.2396038410323773, 50.68074108262641], [-3.240390982745469, 50.68095838459047], [-3.2403982532940296, 50.68096347822235]]]}}, {"type": "Feature", "properties": {"type": "postcode-cell", "postcode": "EX10 9BE", "postcodes": ["EX10 9BE"]}, "geometry": {"type": "Polygon", "coordinates": [[[-3.2400835232139165, 50.68725713165211], [-3.239431489604754, 50.687245170302944], [-3.2391739190614115, 50.68702126453051], [-3.239398979291415, 50.68686231686848], [-3.239653503757642, 50.68678754393724], [-3.240295090817252, 50.68674795897717], [-3.240592487270752, 50.686972165344116], [-3.2400835232139165, 50.68725713165211]]]}}, {"type": "Feature", "properties": {"type": "postcode-cell", "postcode": "EX10 8PG", "postcodes": ["EX10 8PG"]}, "geometry": {"type": "Polygon", "coordinates": [[[-3.240682444632755, 50.67783017681645], [-3.2400793595632558, 50.67825971195155], [-3.239837965329205, 50.678126448400015], [-3.2398427209663456, 50.6780639537839], [-3.240591304595666, 50.67776467902277], [-3.240682444632755, 50.67783017681645]]]}}, {"type": "Feature", "properties": {"type": "postcode-cell", "postcode": "EX10 8PE", "postcodes": ["EX10 8PE"]}, "geometry": {"type": "Polygon", "coordinates": [[[-3.2401681093974997, 50.67981145984711], [-3.239244516601625, 50.68045162057895], [-3.2391122634190657, 50.680342534189826], [-3.2391096261637102, 50.67942272749944], [-3.23924495099659, 50.67927722404383], [-3.2393484407958937, 50.6792503960672], [-3.240242612215685, 50.679422217426584], [-3.2401681093974997, 50.67981145984711]]]}}, {"type": "Feature", "properties": {"type": "postcode-cell", "postcode": "EX10 8QS", "postcodes": ["EX10 8QS"]}, "geometry": {"type": "Polygon", "coordinates": [[[-3.2398043786858595, 50.67864885454175], [-3.2394479713292292, 50.67843630452014], [-3.2396453614938965, 50.678205849554864], [-3.239837965329205, 50.678126448400015], [-3.2400793595632558, 50.67825971195155], [-3.2402404000595664, 50.678485206486535], [-3.2398043786858595, 50.67864885454175]]]}}, {"type": "Feature", "properties": {"type": "postcode-cell", "postcode": "EX10 9EY", "postcodes": ["EX10 9EY"]}, "geometry": {"type": "Polygon", "coordinates": [[[-3.241372246417919, 50.691391214071075], [-3.2407977726940107, 50.69174497743863], [-3.2400012364309436, 50.69161540632539], [-3.2394309217549857, 50.69076651995726], [-3.2395419812964485, 50.69023172756384], [-3.2396498096180846, 50.69013616845644], [-3.241372246417919, 50.691391214071075]]]}}, {"type": "Feature", "properties": {"type": "postcode-cell", "postcode": "EX10 8AT", "postcodes": ["EX10 8AT"]}, "geometry": {"type": "Polygon", "coordinates": [[[-3.238545873824122, 50.67829881873337], [-3.238109787211134, 50.6782774231433], [-3.237768254163769, 50.677861150610276], [-3.2384370468743686, 50.67771803905493], [-3.238545873824122, 50.67829881873337]]]}}, {"type": "Feature", "properties": {"type": "postcode-cell", "postcode": "EX10 9ER", "postcodes": ["EX10 9ER"]}, "geometry": {"type": "Polygon", "coordinates": [[[-3.2400012364309436, 50.69161540632539], [-3.2392073801273344, 50.691929717279635], [-3.2391119280247955, 50.69188654859786], [-3.2389809012383006, 50.69123593204665], [-3.2394309217549857, 50.69076651995726], [-3.2400012364309436, 50.69161540632539]]]}}, {"type": "Feature", "properties": {"type": "postcode-cell", "postcode": "EX10 9BS", "postcodes": ["EX10 9BS"]}, "geometry": {"type": "Polygon", "coordinates": [[[-3.2410352903483823, 50.6891521965707], [-3.239718615597296, 50.68995189542008], [-3.2377122485499474, 50.689373324420735], [-3.237675814947218, 50.689316138304264], [-3.238666761639572, 50.68837389956638], [-3.239979758411506, 50.68858227433754], [-3.2410352903483823, 50.6891521965707]]]}}, {"type": "Feature", "properties": {"type": "postcode-cell", "postcode": "EX10 8UW", "postcodes": ["EX10 8UW"]}, "geometry": {"type": "Polygon", "coordinates": [[[-3.240295090817252, 50.68674795897717], [-3.239653503757642, 50.68678754393724], [-3.2395843352274554, 50.686064082090645], [-3.2403589772111547, 50.68591820739767], [-3.240295090817252, 50.68674795897717]]]}}, {"type": "Feature", "properties": {"type": "postcode-cell", "postcode": "EX10 8AY", "postcodes": ["EX10 8AY"]}, "geometry": {"type": "Polygon", "coordinates": [[[-3.239837965329205, 50.678126448400015], [-3.2396453614938965, 50.678205849554864], [-3.2392562989789258, 50.67804646662493], [-3.239159909910432, 50.677563351984666], [-3.2393000210470393, 50.677533368655936], [-3.2398427209663456, 50.6780639537839], [-3.239837965329205, 50.678126448400015]]]}}, {"type": "Feature", "properties": {"type": "postcode-cell", "postcode": "EX10 8NE", "postcodes": ["EX10 8NE"]}, "geometry": {"type": "Polygon", "coordinates": [[[-3.2394479713292292, 50.67843630452014], [-3.2390222931367423, 50.67841540788159], [-3.2392562989789258, 50.67804646662493], [-3.2396453614938965, 50.678205849554864], [-3.2394479713292292, 50.67843630452014]]]}}, {"type": "Feature", "properties": {"type": "postcode-cell", "postcode": "EX10 9DF", "postcodes": ["EX10 9DF"]}, "geometry": {"type": "Polygon", "coordinates": [[[-3.240126111573844, 50.687538032072986], [-3.2396870045736184, 50.68783590050527], [-3.239431489604628, 50.687656541276006], [-3.239431489604754, 50.687245170302944], [-3.2400835232139165, 50.68725713165211], [-3.240126111573844, 50.687538032072986]]]}}, {"type": "Feature", "properties": {"type": "postcode-cell", "postcode": "EX10 8ND", "postcodes": ["EX10 8ND"]}, "geometry": {"type": "Polygon", "coordinates": [[[-3.239762163704518, 50.67877180533379], [-3.2395277997901997, 50.67887801087094], [-3.238796010254325, 50.678706639375136], [-3.2387558869166937, 50.678617548722514], [-3.2388398500589477, 50.678468683735616], [-3.2389019888615955, 50.67844198467674], [-3.2390222931367423, 50.67841540788159], [-3.2394479713292292, 50.67843630452014], [-3.2398043786858595, 50.67864885454175], [-3.239762163704518, 50.67877180533379]]]}}, {"type": "Feature", "properties": {"type": "postcode-cell", "postcode": "EX10 8TW", "postcodes": ["EX10 8TW"]}, "geometry": {"type": "Polygon", "coordinates": [[[-3.2403710339676053, 50.68266796875923], [-3.2402657526481, 50.683218387797545], [-3.2391623503946185, 50.683292472662], [-3.239011913260107, 50.68316580306984], [-3.2390586282447984, 50.682942937035534], [-3.2392257121991506, 50.68269927599867], [-3.2403485697494094, 50.682648134998], [-3.2403710339676053, 50.68266796875923]]]}}, {"type": "Feature", "properties": {"type": "postcode-cell", "postcode": "EX10 9AU", "postcodes": ["EX10 9AU"]}, "geometry": {"type": "Polygon", "coordinates": [[[-3.2391739190614115, 50.68702126453051], [-3.239049006053447, 50.687019280854706], [-3.2385927696393884, 50.68680369804428], [-3.2388719741911602, 50.686252620443135], [-3.2390942928525845, 50.686177923196986], [-3.239398979291415, 50.68686231686848], [-3.2391739190614115, 50.68702126453051]]]}}, {"type": "Feature", "properties": {"type": "postcode-cell", "postcode": "EX10 8ET", "postcodes": ["EX10 8ET"]}, "geometry": {"type": "Polygon", "coordinates": [[[-3.2393137212644163, 50.68130558076806], [-3.2385315113931052, 50.68156323391455], [-3.2385098594323094, 50.68156482002944], [-3.2384064607072376, 50.68153093565615], [-3.2383970963592805, 50.68150986333366], [-3.2389298316939796, 50.6806546652951], [-3.2392590560194847, 50.680527706867366], [-3.2396038410323773, 50.68074108262641], [-3.2393137212644163, 50.68130558076806]]]}}, {"type": "Feature", "properties": {"type": "postcode-cell", "postcode": "EX10 9HQ", "postcodes": ["EX10 9HQ"]}, "geometry": {"type": "Polygon", "coordinates": [[[-3.238718000370379, 50.692632190785154], [-3.239406538559467, 50.69248475419649], [-3.2402146078339995, 50.69277843993979], [-3.239089989580408, 50.69331999472477], [-3.2383621519599695, 50.692812843663894], [-3.238718000370379, 50.692632190785154]]]}}, {"type": "Feature", "properties": {"type": "postcode-cell", "postcode": "EX10 8UN", "postcodes": ["EX10 8UN"]}, "geometry": {"type": "Polygon", "coordinates": [[[-3.239398979291415, 50.68686231686848], [-3.2390942928525845, 50.686177923196986], [-3.2392354153421725, 50.686079124038706], [-3.2395843352274554, 50.686064082090645], [-3.239653503757642, 50.68678754393724], [-3.239398979291415, 50.68686231686848]]]}}, {"type": "Feature", "properties": {"type": "postcode-cell", "postcode": "EX10 8TT", "postcodes": ["EX10 8TT"]}, "geometry": {"type": "Polygon", "coordinates": [[[-3.2405061826057424, 50.683608331494675], [-3.239978340227501, 50.684025608168675], [-3.2390108975307146, 50.68377150525941], [-3.2391623503946185, 50.683292472662], [-3.2402657526481, 50.683218387797545], [-3.2405061826057424, 50.683608331494675]]]}}, {"type": "Feature", "properties": {"type": "postcode-cell", "postcode": "EX10 8BB", "postcodes": ["EX10 8BB"]}, "geometry": {"type": "Polygon", "coordinates": [[[-3.2392562989789258, 50.67804646662493], [-3.2390222931367423, 50.67841540788159], [-3.2389019888615955, 50.67844198467674], [-3.23881740464792, 50.677636646132086], [-3.239159909910432, 50.677563351984666], [-3.2392562989789258, 50.67804646662493]]]}}, {"type": "Feature", "properties": {"type": "postcode-cell", "postcode": "EX10 8EP", "postcodes": ["EX10 8EP"]}, "geometry": {"type": "Polygon", "coordinates": [[[-3.239264968147229, 50.68176397820236], [-3.238969717007455, 50.68207049645547], [-3.238893294004116, 50.68209743248712], [-3.2385098594323094, 50.68156482002944], [-3.2385315113931052, 50.68156323391455], [-3.239242662865695, 50.68166816058791], [-3.239264968147229, 50.68176397820236]]]}}, {"type": "Feature", "properties": {"type": "postcode-cell", "postcode": "EX10 8ES", "postcodes": ["EX10 8ES"]}, "geometry": {"type": "Polygon", "coordinates": [[[-3.2403485697494094, 50.682648134998], [-3.2392257121991506, 50.68269927599867], [-3.238857540899088, 50.68245355030663], [-3.2388628890619313, 50.68211739718951], [-3.238893294004116, 50.68209743248712], [-3.238969717007455, 50.68207049645547], [-3.2402927282489493, 50.68233470186266], [-3.2403485697494094, 50.682648134998]]]}}, {"type": "Feature", "properties": {"type": "postcode-cell", "postcode": "EX10 8TZ", "postcodes": ["EX10 8TZ"]}, "geometry": {"type": "Polygon", "coordinates": [[[-3.240000056058004, 50.684859720271604], [-3.2396373147392796, 50.684885294388046], [-3.2388188160503284, 50.68458022053494], [-3.238661892970269, 50.683962493265305], [-3.2387313305047427, 50.683839410116484], [-3.2390108975307146, 50.68377150525941], [-3.239978340227501, 50.684025608168675], [-3.240000056058004, 50.684859720271604]]]}}, {"type": "Feature", "properties": {"type": "postcode-cell", "postcode": "EX10 8LY", "postcodes": ["EX10 8LY"]}, "geometry": {"type": "Polygon", "coordinates": [[[-3.2393484407958937, 50.6792503960672], [-3.23924495099659, 50.67927722404383], [-3.2389310076108995, 50.67909015263315], [-3.2387819304229812, 50.67875475401449], [-3.238796010254325, 50.678706639375136], [-3.2395277997901997, 50.67887801087094], [-3.2393484407958937, 50.6792503960672]]]}}, {"type": "Feature", "properties": {"type": "postcode-cell", "postcode": "EX10 8EN", "postcodes": ["EX10 8EN"]}, "geometry": {"type": "Polygon", "coordinates": [[[-3.239242662865695, 50.68166816058791], [-3.2385315113931052, 50.68156323391455], [-3.2393137212644163, 50.68130558076806], [-3.239242662865695, 50.68166816058791]]]}}, {"type": "Feature", "properties": {"type": "postcode-cell", "postcode": "EX10 9BG", "postcodes": ["EX10 9BG"]}, "geometry": {"type": "Polygon", "coordinates": [[[-3.239431489604754, 50.687245170302944], [-3.239431489604628, 50.687656541276006], [-3.238185968061826, 50.68771698972822], [-3.239049006053447, 50.687019280854706], [-3.2391739190614115, 50.68702126453051], [-3.239431489604754, 50.687245170302944]]]}}, {"type": "Feature", "properties": {"type": "postcode-cell", "postcode": "EX10 9BT", "postcodes": ["EX10 9BT"]}, "geometry": {"type": "Polygon", "coordinates": [[[-3.239979758411506, 50.68858227433754], [-3.238666761639572, 50.68837389956638], [-3.237887012772792, 50.68782392685024], [-3.238185968061826, 50.68771698972822], [-3.239431489604628, 50.687656541276006], [-3.2396870045736184, 50.68783590050527], [-3.239979758411506, 50.68858227433754]]]}}, {"type": "Feature", "properties": {"type": "postcode-cell", "postcode": "EX10 1BR", "postcodes": ["EX10 1BR", "EX10 1BT", "EX10 1BU", "EX10 1BZ", "EX10 1DH", "EX10 1DJ", "EX10 1DQ", "EX10 1DT", "EX10 8TP", "EX10 9DD"]}, "geometry": {"type": "Polygon", "coordinates": [[[-3.2391623503946185, 50.683292472662], [-3.2390108975307146, 50.68377150525941], [-3.2387313305047427, 50.683839410116484], [-3.2382911562285543, 50.68365035668949], [-3.23829202175708, 50.68339812134465], [-3.238456876583505, 50.68317875612078], [-3.239011913260107, 50.68316580306984], [-3.2391623503946185, 50.683292472662]]]}}, {"type": "Feature", "properties": {"type": "postcode-cell", "postcode": "EX10 8UT", "postcodes": ["EX10 8UT"]}, "geometry": {"type": "Polygon", "coordinates": [[[-3.2390942928525845, 50.686177923196986], [-3.2388719741911602, 50.686252620443135], [-3.2380942339059624, 50.68617914502948], [-3.237920611794558, 50.68560620553586], [-3.238028135797702, 50.685473062779046], [-3.2386043661367068, 50.68545100046734], [-3.2392354153421725, 50.686079124038706], [-3.2390942928525845, 50.686177923196986]]]}}, {"type": "Feature", "properties": {"type": "postcode-cell", "postcode": "EX10 8NB", "postcodes": ["EX10 8NB"]}, "geometry": {"type": "Polygon", "coordinates": [[[-3.2391096261637102, 50.67942272749944], [-3.238341976115558, 50.67937326475206], [-3.23863695248279, 50.67915314263954], [-3.2389310076108995, 50.67909015263315], [-3.23924495099659, 50.67927722404383], [-3.2391096261637102, 50.67942272749944]]]}}, {"type": "Feature", "properties": {"type": "postcode-cell", "postcode": "EX10 8TL", "postcodes": ["EX10 8TL"]}, "geometry": {"type": "Polygon", "coordinates": [[[-3.2392257121991506, 50.68269927599867], [-3.2390586282447984, 50.682942937035534], [-3.2383683805133847, 50.68281419969453], [-3.238751558444627, 50.682490652220245], [-3.238857540899088, 50.68245355030663], [-3.2392257121991506, 50.68269927599867]]]}}, {"type": "Feature", "properties": {"type": "postcode-cell", "postcode": "EX10 9FL", "postcodes": ["EX10 9FL"]}, "geometry": {"type": "Polygon", "coordinates": [[[-3.2394309217549857, 50.69076651995726], [-3.2389809012383006, 50.69123593204665], [-3.2382127495748, 50.69138382822759], [-3.237997265943548, 50.69119766071579], [-3.2387767174073465, 50.690439409058165], [-3.2395419812964485, 50.69023172756384], [-3.2394309217549857, 50.69076651995726]]]}}, {"type": "Feature", "properties": {"type": "postcode-cell", "postcode": "EX10 9EX", "postcodes": ["EX10 9EX"]}, "geometry": {"type": "Polygon", "coordinates": [[[-3.2395419812964485, 50.69023172756384], [-3.2387767174073465, 50.690439409058165], [-3.237398367590256, 50.690557498500816], [-3.2369487981829708, 50.689960496213125], [-3.2377122485499474, 50.689373324420735], [-3.239718615597296, 50.68995189542008], [-3.2396498096180846, 50.69013616845644], [-3.2395419812964485, 50.69023172756384]]]}}, {"type": "Feature", "properties": {"type": "postcode-cell", "postcode": "EX10 8UH", "postcodes": ["EX10 8UH"]}, "geometry": {"type": "Polygon", "coordinates": [[[-3.2386043661367068, 50.68545100046734], [-3.238028135797702, 50.685473062779046], [-3.2376867983120445, 50.68514419366037], [-3.2376836524747308, 50.685099076384155], [-3.2386359720398863, 50.68459155746113], [-3.2388188160503284, 50.68458022053494], [-3.2396373147392796, 50.684885294388046], [-3.2386043661367068, 50.68545100046734]]]}}, {"type": "Feature", "properties": {"type": "postcode-cell", "postcode": "EX10 8LW", "postcodes": ["EX10 8LW"]}, "geometry": {"type": "Polygon", "coordinates": [[[-3.2387819304229812, 50.67875475401449], [-3.238433402657208, 50.678973386513015], [-3.2383487287316166, 50.67899489964702], [-3.2383140500757928, 50.67897928116557], [-3.2382154614580103, 50.678644950970636], [-3.2387558869166937, 50.678617548722514], [-3.238796010254325, 50.678706639375136], [-3.2387819304229812, 50.67875475401449]]]}}, {"type": "Feature", "properties": {"type": "postcode-cell", "postcode": "EX10 8LB", "postcodes": ["EX10 8LB"]}, "geometry": {"type": "Polygon", "coordinates": [[[-3.2388628890619313, 50.68211739718951], [-3.238411009534347, 50.68207314103702], [-3.2381016779379483, 50.68187765202543], [-3.2381312554836916, 50.68173864540372], [-3.2384064607072376, 50.68153093565615], [-3.2385098594323094, 50.68156482002944], [-3.238893294004116, 50.68209743248712], [-3.2388628890619313, 50.68211739718951]]]}}, {"type": "Feature", "properties": {"type": "postcode-cell", "postcode": "EX10 8LN", "postcodes": ["EX10 8LN"]}, "geometry": {"type": "Polygon", "coordinates": [[[-3.2392590560194847, 50.680527706867366], [-3.2389298316939796, 50.6806546652951], [-3.238414772080913, 50.68076087932616], [-3.23756837417627, 50.68043500813217], [-3.2375293707091526, 50.68033058152523], [-3.237887449185956, 50.68001681545857], [-3.2384588098123577, 50.680069789555446], [-3.2391122634190657, 50.680342534189826], [-3.239244516601625, 50.68045162057895], [-3.2392590560194847, 50.680527706867366]]]}}, {"type": "Feature", "properties": {"type": "postcode-cell", "postcode": "EX10 8LZ", "postcodes": ["EX10 8LZ"]}, "geometry": {"type": "Polygon", "coordinates": [[[-3.23863695248279, 50.67915314263954], [-3.238433402657208, 50.678973386513015], [-3.2387819304229812, 50.67875475401449], [-3.2389310076108995, 50.67909015263315], [-3.23863695248279, 50.67915314263954]]]}}, {"type": "Feature", "properties": {"type": "postcode-cell", "postcode": "EX10 8LA", "postcodes": ["EX10 8LA"]}, "geometry": {"type": "Polygon", "coordinates": [[[-3.2383970963592805, 50.68150986333366], [-3.2379099065737216, 50.68133488715646], [-3.2381799642489426, 50.68084341403984], [-3.238414772080913, 50.68076087932616], [-3.2389298316939796, 50.6806546652951], [-3.2383970963592805, 50.68150986333366]]]}}, {"type": "Feature", "properties": {"type": "postcode-cell", "postcode": "EX10 8LG", "postcodes": ["EX10 8LG"]}, "geometry": {"type": "Polygon", "coordinates": [[[-3.2391122634190657, 50.680342534189826], [-3.2384588098123577, 50.680069789555446], [-3.238269097121106, 50.67938633325106], [-3.238341976115558, 50.67937326475206], [-3.2391096261637102, 50.67942272749944], [-3.2391122634190657, 50.680342534189826]]]}}, {"type": "Feature", "properties": {"type": "postcode-cell", "postcode": "EX10 9HS", "postcodes": ["EX10 9HS"]}, "geometry": {"type": "Polygon", "coordinates": [[[-3.2392073801273344, 50.691929717279635], [-3.239406538559467, 50.69248475419649], [-3.238718000370379, 50.692632190785154], [-3.2380373249912484, 50.69187879406439], [-3.2380909362120036, 50.691853765243096], [-3.2391119280247955, 50.69188654859786], [-3.2392073801273344, 50.691929717279635]]]}}, {"type": "Feature", "properties": {"type": "postcode-cell", "postcode": "EX10 9HW", "postcodes": ["EX10 9HW"]}, "geometry": {"type": "Polygon", "coordinates": [[[-3.2371253543450216, 50.690914918483564], [-3.2373647351658215, 50.69108417460318], [-3.2373614486423046, 50.69202172320566], [-3.237284584992264, 50.69206197543146], [-3.2372099895798896, 50.6920099947238], [-3.2365044804735748, 50.69101486373812], [-3.2371253543450216, 50.690914918483564]]]}}, {"type": "Feature", "properties": {"type": "postcode-cell", "postcode": "EX10 8DZ", "postcodes": ["EX10 8DZ"]}, "geometry": {"type": "Polygon", "coordinates": [[[-3.238857540899088, 50.68245355030663], [-3.238751558444627, 50.682490652220245], [-3.238184691022886, 50.68248338905266], [-3.2381094635771146, 50.68242265838976], [-3.2382572778501797, 50.68216030696466], [-3.238411009534347, 50.68207314103702], [-3.2388628890619313, 50.68211739718951], [-3.238857540899088, 50.68245355030663]]]}}, {"type": "Feature", "properties": {"type": "postcode-cell", "postcode": "EX10 8NA", "postcodes": ["EX10 8NA"]}, "geometry": {"type": "Polygon", "coordinates": [[[-3.238341976115558, 50.67937326475206], [-3.238269097121106, 50.67938633325106], [-3.238241080968212, 50.679375197806024], [-3.2381973652105476, 50.679247850683744], [-3.2383487287316166, 50.67899489964702], [-3.238433402657208, 50.678973386513015], [-3.23863695248279, 50.67915314263954], [-3.238341976115558, 50.67937326475206]]]}}, {"type": "Feature", "properties": {"type": "postcode-cell", "postcode": "EX10 8AR", "postcodes": ["EX10 8AR"]}, "geometry": {"type": "Polygon", "coordinates": [[[-3.2387558869166937, 50.678617548722514], [-3.2382154614580103, 50.678644950970636], [-3.238035601403617, 50.67863974020502], [-3.237952151412372, 50.67857484399253], [-3.2379218042175624, 50.678535455672666], [-3.238109787211134, 50.6782774231433], [-3.238545873824122, 50.67829881873337], [-3.2388398500589477, 50.678468683735616], [-3.2387558869166937, 50.678617548722514]]]}}, {"type": "Feature", "properties": {"type": "postcode-cell", "postcode": "EX10 8UP", "postcodes": ["EX10 8UP"]}, "geometry": {"type": "Polygon", "coordinates": [[[-3.2385927696393884, 50.68680369804428], [-3.238123583539807, 50.68679677713984], [-3.237957934735089, 50.68657500781805], [-3.2379510121850106, 50.68631406787397], [-3.2380942339059624, 50.68617914502948], [-3.2388719741911602, 50.686252620443135], [-3.2385927696393884, 50.68680369804428]]]}}, {"type": "Feature", "properties": {"type": "postcode-cell", "postcode": "EX10 8TN", "postcodes": ["EX10 8TN"]}, "geometry": {"type": "Polygon", "coordinates": [[[-3.2390586282447984, 50.682942937035534], [-3.239011913260107, 50.68316580306984], [-3.238456876583505, 50.68317875612078], [-3.238216319520247, 50.68298353898017], [-3.2382314696983756, 50.682945241306385], [-3.2383117052927517, 50.68283638282807], [-3.2383683805133847, 50.68281419969453], [-3.2390586282447984, 50.682942937035534]]]}}, {"type": "Feature", "properties": {"type": "postcode-cell", "postcode": "EX10 9BD", "postcodes": ["EX10 9BD"]}, "geometry": {"type": "Polygon", "coordinates": [[[-3.237887012772792, 50.68782392685024], [-3.237431688801007, 50.68775810856694], [-3.237421734775956, 50.687754810223666], [-3.237599989582347, 50.68745999472026], [-3.2375692677251906, 50.68727018414678], [-3.238123583539807, 50.68679677713984], [-3.2385927696393884, 50.68680369804428], [-3.239049006053447, 50.687019280854706], [-3.238185968061826, 50.68771698972822], [-3.237887012772792, 50.68782392685024]]]}}, {"type": "Feature", "properties": {"type": "postcode-cell", "postcode": "EX10 9HT", "postcodes": ["EX10 9HT"]}, "geometry": {"type": "Polygon", "coordinates": [[[-3.2391119280247955, 50.69188654859786], [-3.2380909362120036, 50.691853765243096], [-3.2382127495748, 50.69138382822759], [-3.2389809012383006, 50.69123593204665], [-3.2391119280247955, 50.69188654859786]]]}}, {"type": "Feature", "properties": {"type": "postcode-cell", "postcode": "EX10 8PY", "postcodes": ["EX10 8PY"]}, "geometry": {"type": "Polygon", "coordinates": [[[-3.2383117052927517, 50.68283638282807], [-3.238098826041659, 50.68263732895955], [-3.238184691022886, 50.68248338905266], [-3.238751558444627, 50.682490652220245], [-3.2383683805133847, 50.68281419969453], [-3.2383117052927517, 50.68283638282807]]]}}, {"type": "Feature", "properties": {"type": "postcode-cell", "postcode": "EX10 8LR", "postcodes": ["EX10 8LR"]}, "geometry": {"type": "Polygon", "coordinates": [[[-3.2381973652105476, 50.679247850683744], [-3.2377665279514223, 50.678968961141784], [-3.2379147518129363, 50.67887148467125], [-3.2383140500757928, 50.67897928116557], [-3.2383487287316166, 50.67899489964702], [-3.2381973652105476, 50.679247850683744]]]}}, {"type": "Feature", "properties": {"type": "postcode-cell", "postcode": "EX10 8UA", "postcodes": ["EX10 8UA"]}, "geometry": {"type": "Polygon", "coordinates": [[[-3.2388188160503284, 50.68458022053494], [-3.2386359720398863, 50.68459155746113], [-3.2377961624899143, 50.684348043502894], [-3.237787911784332, 50.68425260958989], [-3.238661892970269, 50.683962493265305], [-3.2388188160503284, 50.68458022053494]]]}}, {"type": "Feature", "properties": {"type": "postcode-cell", "postcode": "EX10 8BE", "postcodes": ["EX10 8BE"]}, "geometry": {"type": "Polygon", "coordinates": [[[-3.236415437187884, 50.67823223714526], [-3.236106317747125, 50.67896966649677], [-3.2360528496499605, 50.67901045148132], [-3.2356428743815937, 50.67892062705051], [-3.235268453681612, 50.678198114457665], [-3.235459989585516, 50.67825999471316], [-3.236380818510096, 50.67809200821956], [-3.236415437187884, 50.67823223714526]]]}}, {"type": "Feature", "properties": {"type": "postcode-cell", "postcode": "EX10 8LX", "postcodes": ["EX10 8LX"]}, "geometry": {"type": "Polygon", "coordinates": [[[-3.2383140500757928, 50.67897928116557], [-3.2379147518129363, 50.67887148467125], [-3.238035601403617, 50.67863974020502], [-3.2382154614580103, 50.678644950970636], [-3.2383140500757928, 50.67897928116557]]]}}, {"type": "Feature", "properties": {"type": "postcode-cell", "postcode": "EX10 8AS", "postcodes": ["EX10 8AS"]}, "geometry": {"type": "Polygon", "coordinates": [[[-3.2379218042175624, 50.678535455672666], [-3.2378459820169563, 50.6785135656837], [-3.2377348565734887, 50.67843009323218], [-3.237699900895308, 50.67836027494947], [-3.2377353029794818, 50.67786820154544], [-3.237768254163769, 50.677861150610276], [-3.238109787211134, 50.6782774231433], [-3.2379218042175624, 50.678535455672666]]]}}, {"type": "Feature", "properties": {"type": "postcode-cell", "postcode": "EX10 8TD", "postcodes": ["EX10 8TD"]}, "geometry": {"type": "Polygon", "coordinates": [[[-3.238456876583505, 50.68317875612078], [-3.23829202175708, 50.68339812134465], [-3.2376564963781864, 50.683225219285184], [-3.2376486631783647, 50.683077918702466], [-3.238216319520247, 50.68298353898017], [-3.238456876583505, 50.68317875612078]]]}}, {"type": "Feature", "properties": {"type": "postcode-cell", "postcode": "EX10 9HU", "postcodes": ["EX10 9HU"]}, "geometry": {"type": "Polygon", "coordinates": [[[-3.2382127495748, 50.69138382822759], [-3.2380909362120036, 50.691853765243096], [-3.2380373249912484, 50.69187879406439], [-3.2373614486423046, 50.69202172320566], [-3.2373647351658215, 50.69108417460318], [-3.237997265943548, 50.69119766071579], [-3.2382127495748, 50.69138382822759]]]}}, {"type": "Feature", "properties": {"type": "postcode-cell", "postcode": "EX10 8AP", "postcodes": ["EX10 8AP"]}, "geometry": {"type": "Polygon", "coordinates": [[[-3.238035601403617, 50.67863974020502], [-3.2379147518129363, 50.67887148467125], [-3.2377665279514223, 50.678968961141784], [-3.23765525015451, 50.67898685191282], [-3.2373933991228783, 50.67895832299737], [-3.237391441415791, 50.67895720190574], [-3.2374019450558706, 50.678772036959764], [-3.237952151412372, 50.67857484399253], [-3.238035601403617, 50.67863974020502]]]}}, {"type": "Feature", "properties": {"type": "postcode-cell", "postcode": "EX10 8TY", "postcodes": ["EX10 8TY"]}, "geometry": {"type": "Polygon", "coordinates": [[[-3.237787911784332, 50.68425260958989], [-3.237471756928529, 50.68395936469157], [-3.2375925407249033, 50.68372304200205], [-3.2382911562285543, 50.68365035668949], [-3.2387313305047427, 50.683839410116484], [-3.238661892970269, 50.683962493265305], [-3.237787911784332, 50.68425260958989]]]}}, {"type": "Feature", "properties": {"type": "postcode-cell", "postcode": "EX10 9XZ", "postcodes": ["EX10 9XZ"]}, "geometry": {"type": "Polygon", "coordinates": [[[-3.238666761639572, 50.68837389956638], [-3.237675814947218, 50.689316138304264], [-3.237622546005655, 50.68928308336165], [-3.237431688801007, 50.68775810856694], [-3.237887012772792, 50.68782392685024], [-3.238666761639572, 50.68837389956638]]]}}, {"type": "Feature", "properties": {"type": "postcode-cell", "postcode": "EX10 8UQ", "postcodes": ["EX10 8UQ"]}, "geometry": {"type": "Polygon", "coordinates": [[[-3.237920611794558, 50.68560620553586], [-3.2373306402878437, 50.685795803338046], [-3.23731998958302, 50.68572999471892], [-3.2360499895822703, 50.68565999471887], [-3.2360482762267613, 50.68537819199506], [-3.2376867983120445, 50.68514419366037], [-3.238028135797702, 50.685473062779046], [-3.237920611794558, 50.68560620553586]]]}}, {"type": "Feature", "properties": {"type": "postcode-cell", "postcode": "EX10 8LD", "postcodes": ["EX10 8LD"]}, "geometry": {"type": "Polygon", "coordinates": [[[-3.2381312554836916, 50.68173864540372], [-3.237805921683314, 50.68158928204889], [-3.23782576752265, 50.6813621116403], [-3.2379099065737216, 50.68133488715646], [-3.2383970963592805, 50.68150986333366], [-3.2384064607072376, 50.68153093565615], [-3.2381312554836916, 50.68173864540372]]]}}, {"type": "Feature", "properties": {"type": "postcode-cell", "postcode": "EX10 8UF", "postcodes": ["EX10 8UF"]}, "geometry": {"type": "Polygon", "coordinates": [[[-3.2386359720398863, 50.68459155746113], [-3.2376836524747308, 50.685099076384155], [-3.2374143077685242, 50.684715770146454], [-3.2377961624899143, 50.684348043502894], [-3.2386359720398863, 50.68459155746113]]]}}, {"type": "Feature", "properties": {"type": "postcode-cell", "postcode": "EX10 8PS", "postcodes": ["EX10 8PS"]}, "geometry": {"type": "Polygon", "coordinates": [[[-3.2382314696983756, 50.682945241306385], [-3.237781066055787, 50.68270367013403], [-3.237860204845633, 50.682646247300006], [-3.238098826041659, 50.68263732895955], [-3.2383117052927517, 50.68283638282807], [-3.2382314696983756, 50.682945241306385]]]}}, {"type": "Feature", "properties": {"type": "postcode-cell", "postcode": "EX10 8EE", "postcodes": ["EX10 8EE"]}, "geometry": {"type": "Polygon", "coordinates": [[[-3.2382572778501797, 50.68216030696466], [-3.237828893659056, 50.682217031591335], [-3.2378283435047557, 50.6822169508381], [-3.237738692588011, 50.681936494521246], [-3.2381016779379483, 50.68187765202543], [-3.238411009534347, 50.68207314103702], [-3.2382572778501797, 50.68216030696466]]]}}, {"type": "Feature", "properties": {"type": "postcode-cell", "postcode": "EX10 8LP", "postcodes": ["EX10 8LP"]}, "geometry": {"type": "Polygon", "coordinates": [[[-3.238269097121106, 50.67938633325106], [-3.2384588098123577, 50.680069789555446], [-3.237887449185956, 50.68001681545857], [-3.2377136903881123, 50.679937716378426], [-3.2376120645751882, 50.67968342845393], [-3.2377997437926074, 50.679426991166665], [-3.238241080968212, 50.679375197806024], [-3.238269097121106, 50.67938633325106]]]}}, {"type": "Feature", "properties": {"type": "postcode-cell", "postcode": "EX10 8PZ", "postcodes": ["EX10 8PZ"]}, "geometry": {"type": "Polygon", "coordinates": [[[-3.238184691022886, 50.68248338905266], [-3.238098826041659, 50.68263732895955], [-3.237860204845633, 50.682646247300006], [-3.23778738154097, 50.682473552996875], [-3.2380340201893465, 50.68241626716876], [-3.2381094635771146, 50.68242265838976], [-3.238184691022886, 50.68248338905266]]]}}, {"type": "Feature", "properties": {"type": "postcode-cell", "postcode": "EX10 8LS", "postcodes": ["EX10 8LS"]}, "geometry": {"type": "Polygon", "coordinates": [[[-3.2377997437926074, 50.679426991166665], [-3.2377210535495764, 50.67938026790635], [-3.23765525015451, 50.67898685191282], [-3.2377665279514223, 50.678968961141784], [-3.2381973652105476, 50.679247850683744], [-3.238241080968212, 50.679375197806024], [-3.2377997437926074, 50.679426991166665]]]}}, {"type": "Feature", "properties": {"type": "postcode-cell", "postcode": "EX10 8QE", "postcodes": ["EX10 8QE"]}, "geometry": {"type": "Polygon", "coordinates": [[[-3.2382572778501797, 50.68216030696466], [-3.2381094635771146, 50.68242265838976], [-3.2380340201893465, 50.68241626716876], [-3.237828893659056, 50.682217031591335], [-3.2382572778501797, 50.68216030696466]]]}}, {"type": "Feature", "properties": {"type": "postcode-cell", "postcode": "EX10 8TS", "postcodes": ["EX10 8TS"]}, "geometry": {"type": "Polygon", "coordinates": [[[-3.23829202175708, 50.68339812134465], [-3.2382911562285543, 50.68365035668949], [-3.2375925407249033, 50.68372304200205], [-3.2374534052363075, 50.683560112331406], [-3.2376564963781864, 50.683225219285184], [-3.23829202175708, 50.68339812134465]]]}}, {"type": "Feature", "properties": {"type": "postcode-cell", "postcode": "EX10 8UR", "postcodes": ["EX10 8UR"]}, "geometry": {"type": "Polygon", "coordinates": [[[-3.2380942339059624, 50.68617914502948], [-3.2379510121850106, 50.68631406787397], [-3.2374074750658304, 50.68627054457542], [-3.2373306402878437, 50.685795803338046], [-3.237920611794558, 50.68560620553586], [-3.2380942339059624, 50.68617914502948]]]}}, {"type": "Feature", "properties": {"type": "postcode-cell", "postcode": "EX10 8PT", "postcodes": ["EX10 8PT"]}, "geometry": {"type": "Polygon", "coordinates": [[[-3.238216319520247, 50.68298353898017], [-3.2376486631783647, 50.683077918702466], [-3.237544214495548, 50.68301508124956], [-3.237513953691596, 50.68280629951512], [-3.2375315702832554, 50.682789333457386], [-3.237781066055787, 50.68270367013403], [-3.2382314696983756, 50.682945241306385], [-3.238216319520247, 50.68298353898017]]]}}, {"type": "Feature", "properties": {"type": "postcode-cell", "postcode": "EX10 9BA", "postcodes": ["EX10 9BA"]}, "geometry": {"type": "Polygon", "coordinates": [[[-3.238123583539807, 50.68679677713984], [-3.2375692677251906, 50.68727018414678], [-3.237461103946968, 50.686601896830524], [-3.237957934735089, 50.68657500781805], [-3.238123583539807, 50.68679677713984]]]}}, {"type": "Feature", "properties": {"type": "postcode-cell", "postcode": "EX10 8EF", "postcodes": ["EX10 8EF"]}, "geometry": {"type": "Polygon", "coordinates": [[[-3.2381016779379483, 50.68187765202543], [-3.237738692588011, 50.681936494521246], [-3.237607120372597, 50.68191619523672], [-3.237472413468507, 50.6818080553666], [-3.237543590468841, 50.68169193325651], [-3.237805921683314, 50.68158928204889], [-3.2381312554836916, 50.68173864540372], [-3.2381016779379483, 50.68187765202543]]]}}, {"type": "Feature", "properties": {"type": "postcode-cell", "postcode": "EX10 8PL", "postcodes": ["EX10 8PL"]}, "geometry": {"type": "Polygon", "coordinates": [[[-3.2374534052363075, 50.683560112331406], [-3.237134296445822, 50.68348884972422], [-3.23698523550411, 50.68334401697321], [-3.2369196290357625, 50.683143033275016], [-3.236986072913689, 50.68308021739826], [-3.237544214495548, 50.68301508124956], [-3.2376486631783647, 50.683077918702466], [-3.2376564963781864, 50.683225219285184], [-3.2374534052363075, 50.683560112331406]]]}}, {"type": "Feature", "properties": {"type": "postcode-cell", "postcode": "EX10 9JR", "postcodes": ["EX10 9JR"]}, "geometry": {"type": "Polygon", "coordinates": [[[-3.237997265943548, 50.69119766071579], [-3.2373647351658215, 50.69108417460318], [-3.2371253543450216, 50.690914918483564], [-3.237398367590256, 50.690557498500816], [-3.2387767174073465, 50.690439409058165], [-3.237997265943548, 50.69119766071579]]]}}, {"type": "Feature", "properties": {"type": "postcode-cell", "postcode": "EX10 8UG", "postcodes": ["EX10 8UG"]}, "geometry": {"type": "Polygon", "coordinates": [[[-3.2377961624899143, 50.684348043502894], [-3.2374143077685242, 50.684715770146454], [-3.236042553371245, 50.684436869955036], [-3.2360416557164213, 50.68428921109297], [-3.2362610949019115, 50.68417429929251], [-3.237471756928529, 50.68395936469157], [-3.237787911784332, 50.68425260958989], [-3.2377961624899143, 50.684348043502894]]]}}, {"type": "Feature", "properties": {"type": "postcode-cell", "postcode": "EX10 8QF", "postcodes": ["EX10 8QF"]}, "geometry": {"type": "Polygon", "coordinates": [[[-3.23778738154097, 50.682473552996875], [-3.2376618474940844, 50.68243359616992], [-3.2377601461304786, 50.68224512498656], [-3.2378283435047557, 50.6822169508381], [-3.237828893659056, 50.682217031591335], [-3.2380340201893465, 50.68241626716876], [-3.23778738154097, 50.682473552996875]]]}}, {"type": "Feature", "properties": {"type": "postcode-cell", "postcode": "EX10 9HP", "postcodes": ["EX10 9HP"]}, "geometry": {"type": "Polygon", "coordinates": [[[-3.2373614486423046, 50.69202172320566], [-3.2380373249912484, 50.69187879406439], [-3.238718000370379, 50.692632190785154], [-3.2383621519599695, 50.692812843663894], [-3.237284584992264, 50.69206197543146], [-3.2373614486423046, 50.69202172320566]]]}}, {"type": "Feature", "properties": {"type": "postcode-cell", "postcode": "EX10 8BD", "postcodes": ["EX10 8BD"]}, "geometry": {"type": "Polygon", "coordinates": [[[-3.237699900895308, 50.67836027494947], [-3.2371485074592523, 50.67821766601843], [-3.2369552446779375, 50.677934059441284], [-3.23696998958663, 50.677879994712825], [-3.237259989586838, 50.677819994712756], [-3.237539989586967, 50.677909994712834], [-3.2377353029794818, 50.67786820154544], [-3.237699900895308, 50.67836027494947]]]}}, {"type": "Feature", "properties": {"type": "postcode-cell", "postcode": "EX10 8LE", "postcodes": ["EX10 8LE"]}, "geometry": {"type": "Polygon", "coordinates": [[[-3.2379099065737216, 50.68133488715646], [-3.23782576752265, 50.6813621116403], [-3.237793060351918, 50.68135889149534], [-3.237523834885395, 50.68119289788039], [-3.2375755128285366, 50.680896499232816], [-3.2376573562560655, 50.68086942438146], [-3.2381799642489426, 50.68084341403984], [-3.2379099065737216, 50.68133488715646]]]}}, {"type": "Feature", "properties": {"type": "postcode-cell", "postcode": "EX10 8QA", "postcodes": ["EX10 8QA"]}, "geometry": {"type": "Polygon", "coordinates": [[[-3.237781066055787, 50.68270367013403], [-3.2375315702832554, 50.682789333457386], [-3.237500064967969, 50.682457715001725], [-3.2376618474940844, 50.68243359616992], [-3.23778738154097, 50.682473552996875], [-3.237860204845633, 50.682646247300006], [-3.237781066055787, 50.68270367013403]]]}}, {"type": "Feature", "properties": {"type": "postcode-cell", "postcode": "EX10 8QG", "postcodes": ["EX10 8QG"]}, "geometry": {"type": "Polygon", "coordinates": [[[-3.2377601461304786, 50.68224512498656], [-3.2373522707470452, 50.682173027806044], [-3.237607120372597, 50.68191619523672], [-3.237738692588011, 50.681936494521246], [-3.2378283435047557, 50.6822169508381], [-3.2377601461304786, 50.68224512498656]]]}}, {"type": "Feature", "properties": {"type": "postcode-cell", "postcode": "EX10 8AQ", "postcodes": ["EX10 8AQ"]}, "geometry": {"type": "Polygon", "coordinates": [[[-3.2376120645751882, 50.67968342845393], [-3.2374407557670297, 50.67963486656628], [-3.2372262469528494, 50.67933023114132], [-3.2372636975851603, 50.67931312793195], [-3.2377210535495764, 50.67938026790635], [-3.2377997437926074, 50.679426991166665], [-3.2376120645751882, 50.67968342845393]]]}}, {"type": "Feature", "properties": {"type": "postcode-cell", "postcode": "EX10 8LF", "postcodes": ["EX10 8LF"]}, "geometry": {"type": "Polygon", "coordinates": [[[-3.2381799642489426, 50.68084341403984], [-3.2376573562560655, 50.68086942438146], [-3.2374335177109117, 50.680583289461524], [-3.23756837417627, 50.68043500813217], [-3.238414772080913, 50.68076087932616], [-3.2381799642489426, 50.68084341403984]]]}}, {"type": "Feature", "properties": {"type": "postcode-cell", "postcode": "EX10 8AE", "postcodes": ["EX10 8AE"]}, "geometry": {"type": "Polygon", "coordinates": [[[-3.23765525015451, 50.67898685191282], [-3.2377210535495764, 50.67938026790635], [-3.2372636975851603, 50.67931312793195], [-3.2373933991228783, 50.67895832299737], [-3.23765525015451, 50.67898685191282]]]}}, {"type": "Feature", "properties": {"type": "postcode-cell", "postcode": "EX10 8AN", "postcodes": ["EX10 8AN"]}, "geometry": {"type": "Polygon", "coordinates": [[[-3.237952151412372, 50.67857484399253], [-3.2374019450558706, 50.678772036959764], [-3.237311775539857, 50.678587061250866], [-3.2378459820169563, 50.6785135656837], [-3.2379218042175624, 50.678535455672666], [-3.237952151412372, 50.67857484399253]]]}}, {"type": "Feature", "properties": {"type": "postcode-cell", "postcode": "EX10 8EG", "postcodes": ["EX10 8EG"]}, "geometry": {"type": "Polygon", "coordinates": [[[-3.237805921683314, 50.68158928204889], [-3.237543590468841, 50.68169193325651], [-3.2373925715284773, 50.681455309717315], [-3.237793060351918, 50.68135889149534], [-3.23782576752265, 50.6813621116403], [-3.237805921683314, 50.68158928204889]]]}}, {"type": "Feature", "properties": {"type": "postcode-cell", "postcode": "EX10 8TX", "postcodes": ["EX10 8TX"]}, "geometry": {"type": "Polygon", "coordinates": [[[-3.2375925407249033, 50.68372304200205], [-3.237471756928529, 50.68395936469157], [-3.2362610949019115, 50.68417429929251], [-3.2365576829267355, 50.68371722814525], [-3.237134296445822, 50.68348884972422], [-3.2374534052363075, 50.683560112331406], [-3.2375925407249033, 50.68372304200205]]]}}, {"type": "Feature", "properties": {"type": "postcode-cell", "postcode": "EX10 8QH", "postcodes": ["EX10 8QH"]}, "geometry": {"type": "Polygon", "coordinates": [[[-3.2377601461304786, 50.68224512498656], [-3.2376618474940844, 50.68243359616992], [-3.237500064967969, 50.682457715001725], [-3.2374189893247776, 50.68243229784506], [-3.2372176516014326, 50.6822279066463], [-3.2373522707470452, 50.682173027806044], [-3.2377601461304786, 50.68224512498656]]]}}, {"type": "Feature", "properties": {"type": "postcode-cell", "postcode": "EX10 8QB", "postcodes": ["EX10 8QB"]}, "geometry": {"type": "Polygon", "coordinates": [[[-3.237513953691596, 50.68280629951512], [-3.2370117371997655, 50.68266342612584], [-3.2374189893247776, 50.68243229784506], [-3.237500064967969, 50.682457715001725], [-3.2375315702832554, 50.682789333457386], [-3.237513953691596, 50.68280629951512]]]}}, {"type": "Feature", "properties": {"type": "postcode-cell", "postcode": "EX10 8AG", "postcodes": ["EX10 8AG"]}, "geometry": {"type": "Polygon", "coordinates": [[[-3.237311775539857, 50.678587061250866], [-3.2372293272338113, 50.67853983339522], [-3.2372253019841613, 50.678382473600045], [-3.2377348565734887, 50.67843009323218], [-3.2378459820169563, 50.6785135656837], [-3.237311775539857, 50.678587061250866]]]}}, {"type": "Feature", "properties": {"type": "postcode-cell", "postcode": "EX10 8DU", "postcodes": ["EX10 8DU"]}, "geometry": {"type": "Polygon", "coordinates": [[[-3.2377348565734887, 50.67843009323218], [-3.2372253019841613, 50.678382473600045], [-3.2371485074592523, 50.67821766601843], [-3.237699900895308, 50.67836027494947], [-3.2377348565734887, 50.67843009323218]]]}}, {"type": "Feature", "properties": {"type": "postcode-cell", "postcode": "EX10 8EQ", "postcodes": ["EX10 8EQ"]}, "geometry": {"type": "Polygon", "coordinates": [[[-3.237793060351918, 50.68135889149534], [-3.2373925715284773, 50.681455309717315], [-3.2373913114815407, 50.68145503413521], [-3.237363395140738, 50.68123785206655], [-3.237523834885395, 50.68119289788039], [-3.237793060351918, 50.68135889149534]]]}}, {"type": "Feature", "properties": {"type": "postcode-cell", "postcode": "EX10 8AZ", "postcodes": ["EX10 8AZ"]}, "geometry": {"type": "Polygon", "coordinates": [[[-3.2372253019841613, 50.678382473600045], [-3.2372293272338113, 50.67853983339522], [-3.236820172566912, 50.67867057529347], [-3.236415437187884, 50.67823223714526], [-3.236380818510096, 50.67809200821956], [-3.236939989586558, 50.677989994712895], [-3.2369552446779375, 50.677934059441284], [-3.2371485074592523, 50.67821766601843], [-3.2372253019841613, 50.678382473600045]]]}}, {"type": "Feature", "properties": {"type": "postcode-cell", "postcode": "EX10 8EJ", "postcodes": ["EX10 8EJ"]}, "geometry": {"type": "Polygon", "coordinates": [[[-3.2375755128285366, 50.680896499232816], [-3.236981498851713, 50.68092477087628], [-3.236815588816976, 50.68077631251768], [-3.237045093837628, 50.680555262336334], [-3.2374335177109117, 50.680583289461524], [-3.2376573562560655, 50.68086942438146], [-3.2375755128285366, 50.680896499232816]]]}}, {"type": "Feature", "properties": {"type": "postcode-cell", "postcode": "EX10 8JT", "postcodes": ["EX10 8JT"]}, "geometry": {"type": "Polygon", "coordinates": [[[-3.237472413468507, 50.6818080553666], [-3.2372878611750227, 50.681799200674774], [-3.2370433318786875, 50.68156888489053], [-3.2370402799709495, 50.68154012174255], [-3.2370765735546563, 50.68147709099226], [-3.2373913114815407, 50.68145503413521], [-3.2373925715284773, 50.681455309717315], [-3.237543590468841, 50.68169193325651], [-3.237472413468507, 50.6818080553666]]]}}, {"type": "Feature", "properties": {"type": "postcode-cell", "postcode": "EX10 8AJ", "postcodes": ["EX10 8AJ"]}, "geometry": {"type": "Polygon", "coordinates": [[[-3.237391441415791, 50.67895720190574], [-3.2370871310145897, 50.67894006679156], [-3.2368007109560955, 50.67872634209724], [-3.236820172566912, 50.67867057529347], [-3.2372293272338113, 50.67853983339522], [-3.237311775539857, 50.678587061250866], [-3.2374019450558706, 50.678772036959764], [-3.237391441415791, 50.67895720190574]]]}}, {"type": "Feature", "properties": {"type": "postcode-cell", "postcode": "EX10 8EL", "postcodes": ["EX10 8EL"]}, "geometry": {"type": "Polygon", "coordinates": [[[-3.237887449185956, 50.68001681545857], [-3.2375293707091526, 50.68033058152523], [-3.237064789861752, 50.680335286749916], [-3.236750564155025, 50.68005307292135], [-3.2367208217711494, 50.68001197311065], [-3.2377136903881123, 50.679937716378426], [-3.237887449185956, 50.68001681545857]]]}}, {"type": "Feature", "properties": {"type": "postcode-cell", "postcode": "EX10 8AH", "postcodes": ["EX10 8AH"]}, "geometry": {"type": "Polygon", "coordinates": [[[-3.2373933991228783, 50.67895832299737], [-3.2372636975851603, 50.67931312793195], [-3.2372262469528494, 50.67933023114132], [-3.2368654305269855, 50.67939415149323], [-3.2366099109655937, 50.6792408646495], [-3.2370871310145897, 50.67894006679156], [-3.237391441415791, 50.67895720190574], [-3.2373933991228783, 50.67895832299737]]]}}, {"type": "Feature", "properties": {"type": "postcode-cell", "postcode": "EX10 9BN", "postcodes": ["EX10 9BN"]}, "geometry": {"type": "Polygon", "coordinates": [[[-3.237622546005655, 50.68928308336165], [-3.237675814947218, 50.689316138304264], [-3.2377122485499474, 50.689373324420735], [-3.2369487981829708, 50.689960496213125], [-3.2363979488767027, 50.68998480822845], [-3.236559989580867, 50.68917999472159], [-3.2366789767507074, 50.68898321500996], [-3.237622546005655, 50.68928308336165]]]}}, {"type": "Feature", "properties": {"type": "postcode-cell", "postcode": "EX10 8QQ", "postcodes": ["EX10 8QQ"]}, "geometry": {"type": "Polygon", "coordinates": [[[-3.237607120372597, 50.68191619523672], [-3.2373522707470452, 50.682173027806044], [-3.2372176516014326, 50.6822279066463], [-3.2369026092143867, 50.68219672450047], [-3.236986299116439, 50.68193412775658], [-3.2372878611750227, 50.681799200674774], [-3.237472413468507, 50.6818080553666], [-3.237607120372597, 50.68191619523672]]]}}, {"type": "Feature", "properties": {"type": "postcode-cell", "postcode": "EX10 8AL", "postcodes": ["EX10 8AL"]}, "geometry": {"type": "Polygon", "coordinates": [[[-3.2376120645751882, 50.67968342845393], [-3.2377136903881123, 50.679937716378426], [-3.2367208217711494, 50.68001197311065], [-3.236655372114563, 50.67998415698102], [-3.236879318089648, 50.67964116196095], [-3.2374407557670297, 50.67963486656628], [-3.2376120645751882, 50.67968342845393]]]}}, {"type": "Feature", "properties": {"type": "postcode-cell", "postcode": "EX10 8AF", "postcodes": ["EX10 8AF"]}, "geometry": {"type": "Polygon", "coordinates": [[[-3.2374407557670297, 50.67963486656628], [-3.236879318089648, 50.67964116196095], [-3.2368654305269855, 50.67939415149323], [-3.2372262469528494, 50.67933023114132], [-3.2374407557670297, 50.67963486656628]]]}}, {"type": "Feature", "properties": {"type": "postcode-cell", "postcode": "EX10 8EA", "postcodes": ["EX10 8EA"]}, "geometry": {"type": "Polygon", "coordinates": [[[-3.2374335177109117, 50.680583289461524], [-3.237045093837628, 50.680555262336334], [-3.237064789861752, 50.680335286749916], [-3.2375293707091526, 50.68033058152523], [-3.23756837417627, 50.68043500813217], [-3.2374335177109117, 50.680583289461524]]]}}, {"type": "Feature", "properties": {"type": "postcode-cell", "postcode": "EX10 9BH", "postcodes": ["EX10 9BH"]}, "geometry": {"type": "Polygon", "coordinates": [[[-3.237431688801007, 50.68775810856694], [-3.237622546005655, 50.68928308336165], [-3.2366789767507074, 50.68898321500996], [-3.237421734775956, 50.687754810223666], [-3.237431688801007, 50.68775810856694]]]}}, {"type": "Feature", "properties": {"type": "postcode-cell", "postcode": "EX10 9ES", "postcodes": ["EX10 9ES"]}, "geometry": {"type": "Polygon", "coordinates": [[[-3.2369487981829708, 50.689960496213125], [-3.237398367590256, 50.690557498500816], [-3.2371253543450216, 50.690914918483564], [-3.2365044804735748, 50.69101486373812], [-3.2362599895799584, 50.690669994722775], [-3.2363979488767027, 50.68998480822845], [-3.2369487981829708, 50.689960496213125]]]}}, {"type": "Feature", "properties": {"type": "postcode-cell", "postcode": "EX10 8EH", "postcodes": ["EX10 8EH"]}, "geometry": {"type": "Polygon", "coordinates": [[[-3.237523834885395, 50.68119289788039], [-3.237363395140738, 50.68123785206655], [-3.237006223761806, 50.681162974229395], [-3.2369414756190387, 50.681065231479586], [-3.236981498851713, 50.68092477087628], [-3.2375755128285366, 50.680896499232816], [-3.237523834885395, 50.68119289788039]]]}}, {"type": "Feature", "properties": {"type": "postcode-cell", "postcode": "EX10 8UU", "postcodes": ["EX10 8UU"]}, "geometry": {"type": "Polygon", "coordinates": [[[-3.237957934735089, 50.68657500781805], [-3.237461103946968, 50.686601896830524], [-3.2374074750658304, 50.68627054457542], [-3.2379510121850106, 50.68631406787397], [-3.237957934735089, 50.68657500781805]]]}}, {"type": "Feature", "properties": {"type": "postcode-cell", "postcode": "EX10 8AB", "postcodes": ["EX10 8AB"]}, "geometry": {"type": "Polygon", "coordinates": [[[-3.236750564155025, 50.68005307292135], [-3.2365722564761024, 50.68073388102317], [-3.2363028380284784, 50.68072908268076], [-3.2363165172256325, 50.680103710730975], [-3.236626515702374, 50.67998464624467], [-3.236655372114563, 50.67998415698102], [-3.2367208217711494, 50.68001197311065], [-3.236750564155025, 50.68005307292135]]]}}, {"type": "Feature", "properties": {"type": "postcode-cell", "postcode": "EX10 8DD", "postcodes": ["EX10 8DD"]}, "geometry": {"type": "Polygon", "coordinates": [[[-3.237045093837628, 50.680555262336334], [-3.236815588816976, 50.68077631251768], [-3.2365722564761024, 50.68073388102317], [-3.236750564155025, 50.68005307292135], [-3.237064789861752, 50.680335286749916], [-3.237045093837628, 50.680555262336334]]]}}, {"type": "Feature", "properties": {"type": "postcode-cell", "postcode": "EX10 8DH", "postcodes": ["EX10 8DH"]}, "geometry": {"type": "Polygon", "coordinates": [[[-3.2373913114815407, 50.68145503413521], [-3.2370765735546563, 50.68147709099226], [-3.236994669343846, 50.681372083254075], [-3.237006223761806, 50.681162974229395], [-3.237363395140738, 50.68123785206655], [-3.2373913114815407, 50.68145503413521]]]}}, {"type": "Feature", "properties": {"type": "postcode-cell", "postcode": "EX10 8DF", "postcodes": ["EX10 8DF"]}, "geometry": {"type": "Polygon", "coordinates": [[[-3.2369414756190387, 50.681065231479586], [-3.2362781553374287, 50.68128585921894], [-3.236106143493116, 50.68113652784741], [-3.2361696623640084, 50.680835648925594], [-3.236278598520442, 50.680735849528176], [-3.2363028380284784, 50.68072908268076], [-3.2365722564761024, 50.68073388102317], [-3.236815588816976, 50.68077631251768], [-3.236981498851713, 50.68092477087628], [-3.2369414756190387, 50.681065231479586]]]}}, {"type": "Feature", "properties": {"type": "postcode-cell", "postcode": "EX10 8QJ", "postcodes": ["EX10 8QJ"]}, "geometry": {"type": "Polygon", "coordinates": [[[-3.2374189893247776, 50.68243229784506], [-3.2370117371997655, 50.68266342612584], [-3.236899270851018, 50.682662976466], [-3.2366577919201442, 50.68228173905193], [-3.2369026092143867, 50.68219672450047], [-3.2372176516014326, 50.6822279066463], [-3.2374189893247776, 50.68243229784506]]]}}, {"type": "Feature", "properties": {"type": "postcode-cell", "postcode": "EX10 8DL", "postcodes": ["EX10 8DL"]}, "geometry": {"type": "Polygon", "coordinates": [[[-3.236986299116439, 50.68193412775658], [-3.2367666463371236, 50.68177769110784], [-3.2370433318786875, 50.68156888489053], [-3.2372878611750227, 50.681799200674774], [-3.236986299116439, 50.68193412775658]]]}}, {"type": "Feature", "properties": {"type": "postcode-cell", "postcode": "EX10 8DQ", "postcodes": ["EX10 8DQ"]}, "geometry": {"type": "Polygon", "coordinates": [[[-3.236994669343846, 50.681372083254075], [-3.236295755280434, 50.68142652827588], [-3.2362781553374287, 50.68128585921894], [-3.2369414756190387, 50.681065231479586], [-3.237006223761806, 50.681162974229395], [-3.236994669343846, 50.681372083254075]]]}}, {"type": "Feature", "properties": {"type": "postcode-cell", "postcode": "EX10 8BL", "postcodes": ["EX10 8BL"]}, "geometry": {"type": "Polygon", "coordinates": [[[-3.2368654305269855, 50.67939415149323], [-3.236879318089648, 50.67964116196095], [-3.236655372114563, 50.67998415698102], [-3.236626515702374, 50.67998464624467], [-3.2360136565879087, 50.67952206461694], [-3.2361968211832526, 50.679171125493546], [-3.2366099109655937, 50.6792408646495], [-3.2368654305269855, 50.67939415149323]]]}}, {"type": "Feature", "properties": {"type": "postcode-cell", "postcode": "EX10 8PU", "postcodes": ["EX10 8PU"]}, "geometry": {"type": "Polygon", "coordinates": [[[-3.237544214495548, 50.68301508124956], [-3.236986072913689, 50.68308021739826], [-3.2368098541247337, 50.68276388160054], [-3.236899270851018, 50.682662976466], [-3.2370117371997655, 50.68266342612584], [-3.237513953691596, 50.68280629951512], [-3.237544214495548, 50.68301508124956]]]}}, {"type": "Feature", "properties": {"type": "postcode-cell", "postcode": "EX10 8UL", "postcodes": ["EX10 8UL"]}, "geometry": {"type": "Polygon", "coordinates": [[[-3.2376867983120445, 50.68514419366037], [-3.2360482762267613, 50.68537819199506], [-3.236042553371245, 50.684436869955036], [-3.2374143077685242, 50.684715770146454], [-3.2376836524747308, 50.685099076384155], [-3.2376867983120445, 50.68514419366037]]]}}, {"type": "Feature", "properties": {"type": "postcode-cell", "postcode": "EX10 8AD", "postcodes": ["EX10 8AD"]}, "geometry": {"type": "Polygon", "coordinates": [[[-3.2370871310145897, 50.67894006679156], [-3.2366099109655937, 50.6792408646495], [-3.2361968211832526, 50.679171125493546], [-3.2360528496499605, 50.67901045148132], [-3.236106317747125, 50.67896966649677], [-3.2368007109560955, 50.67872634209724], [-3.2370871310145897, 50.67894006679156]]]}}, {"type": "Feature", "properties": {"type": "postcode-cell", "postcode": "EX10 8FH", "postcodes": ["EX10 8FH"]}, "geometry": {"type": "Polygon", "coordinates": [[[-3.2369026092143867, 50.68219672450047], [-3.2366577919201442, 50.68228173905193], [-3.2360603033291437, 50.68221645443194], [-3.2365112586581257, 50.68174487347071], [-3.2367666463371236, 50.68177769110784], [-3.236986299116439, 50.68193412775658], [-3.2369026092143867, 50.68219672450047]]]}}, {"type": "Feature", "properties": {"type": "postcode-cell", "postcode": "EX10 8DJ", "postcodes": ["EX10 8DJ"]}, "geometry": {"type": "Polygon", "coordinates": [[[-3.2370433318786875, 50.68156888489053], [-3.2367666463371236, 50.68177769110784], [-3.2365112586581257, 50.68174487347071], [-3.2364405213958856, 50.681568791331735], [-3.2370402799709495, 50.68154012174255], [-3.2370433318786875, 50.68156888489053]]]}}, {"type": "Feature", "properties": {"type": "postcode-cell", "postcode": "EX10 8PN", "postcodes": ["EX10 8PN"]}, "geometry": {"type": "Polygon", "coordinates": [[[-3.237134296445822, 50.68348884972422], [-3.2365576829267355, 50.68371722814525], [-3.236504401563554, 50.683563259348304], [-3.236590241825988, 50.6834109116942], [-3.23698523550411, 50.68334401697321], [-3.237134296445822, 50.68348884972422]]]}}, {"type": "Feature", "properties": {"type": "postcode-cell", "postcode": "EX10 8DN", "postcodes": ["EX10 8DN"]}, "geometry": {"type": "Polygon", "coordinates": [[[-3.2370402799709495, 50.68154012174255], [-3.2364405213958856, 50.681568791331735], [-3.236293955301115, 50.68143185658905], [-3.236295755280434, 50.68142652827588], [-3.236994669343846, 50.681372083254075], [-3.2370765735546563, 50.68147709099226], [-3.2370402799709495, 50.68154012174255]]]}}, {"type": "Feature", "properties": {"type": "postcode-cell", "postcode": "EX10 8PX", "postcodes": ["EX10 8PX"]}, "geometry": {"type": "Polygon", "coordinates": [[[-3.236986072913689, 50.68308021739826], [-3.2369196290357625, 50.683143033275016], [-3.2363935957368115, 50.68315797699826], [-3.236034323551002, 50.68308302834226], [-3.236033202632892, 50.68289861756804], [-3.2368098541247337, 50.68276388160054], [-3.236986072913689, 50.68308021739826]]]}}, {"type": "Feature", "properties": {"type": "postcode-cell", "postcode": "EX10 8BH", "postcodes": ["EX10 8BH"]}, "geometry": {"type": "Polygon", "coordinates": [[[-3.2368007109560955, 50.67872634209724], [-3.236106317747125, 50.67896966649677], [-3.236415437187884, 50.67823223714526], [-3.236820172566912, 50.67867057529347], [-3.2368007109560955, 50.67872634209724]]]}}, {"type": "Feature", "properties": {"type": "postcode-cell", "postcode": "EX10 8PR", "postcodes": ["EX10 8PR"]}, "geometry": {"type": "Polygon", "coordinates": [[[-3.236504401563554, 50.683563259348304], [-3.2365576829267355, 50.68371722814525], [-3.2362610949019115, 50.68417429929251], [-3.2360416557164213, 50.68428921109297], [-3.2360356055235524, 50.68329393105367], [-3.236504401563554, 50.683563259348304]]]}}, {"type": "Feature", "properties": {"type": "postcode-cell", "postcode": "EX10 8PW", "postcodes": ["EX10 8PW"]}, "geometry": {"type": "Polygon", "coordinates": [[[-3.23698523550411, 50.68334401697321], [-3.236590241825988, 50.6834109116942], [-3.2363935957368115, 50.68315797699826], [-3.2369196290357625, 50.683143033275016], [-3.23698523550411, 50.68334401697321]]]}}, {"type": "Feature", "properties": {"type": "postcode-cell", "postcode": "EX10 8DW", "postcodes": ["EX10 8DW"]}, "geometry": {"type": "Polygon", "coordinates": [[[-3.2365112586581257, 50.68174487347071], [-3.2360603033291437, 50.68221645443194], [-3.235946851217263, 50.68223197185458], [-3.23561858215843, 50.6816869845469], [-3.236293955301115, 50.68143185658905], [-3.2364405213958856, 50.681568791331735], [-3.2365112586581257, 50.68174487347071]]]}}, {"type": "Feature", "properties": {"type": "postcode-cell", "postcode": "EX10 8PP", "postcodes": ["EX10 8PP"]}, "geometry": {"type": "Polygon", "coordinates": [[[-3.236504401563554, 50.683563259348304], [-3.2360356055235524, 50.68329393105367], [-3.236034323551002, 50.68308302834226], [-3.2363935957368115, 50.68315797699826], [-3.236590241825988, 50.6834109116942], [-3.236504401563554, 50.683563259348304]]]}}, {"type": "Feature", "properties": {"type": "postcode-cell", "postcode": "EX10 8BX", "postcodes": ["EX10 8BX"]}, "geometry": {"type": "Polygon", "coordinates": [[[-3.236293955301115, 50.68143185658905], [-3.23561858215843, 50.6816869845469], [-3.235327316679666, 50.68120341845513], [-3.236106143493116, 50.68113652784741], [-3.2362781553374287, 50.68128585921894], [-3.236295755280434, 50.68142652827588], [-3.236293955301115, 50.68143185658905]]]}}, {"type": "Feature", "properties": {"type": "postcode-cell", "postcode": "EX10 8QW", "postcodes": ["EX10 8QW"]}, "geometry": {"type": "Polygon", "coordinates": [[[-3.2368098541247337, 50.68276388160054], [-3.236033202632892, 50.68289861756804], [-3.2360299895838627, 50.68236999471632], [-3.235946851217263, 50.68223197185458], [-3.2360603033291437, 50.68221645443194], [-3.2366577919201442, 50.68228173905193], [-3.236899270851018, 50.682662976466], [-3.2368098541247337, 50.68276388160054]]]}}, {"type": "Feature", "properties": {"type": "postcode-cell", "postcode": "EX10 8BY", "postcodes": ["EX10 8BY"]}, "geometry": {"type": "Polygon", "coordinates": [[[-3.236278598520442, 50.680735849528176], [-3.235889185021215, 50.68055078035561], [-3.2359998258014535, 50.680128503840066], [-3.2363165172256325, 50.680103710730975], [-3.2363028380284784, 50.68072908268076], [-3.236278598520442, 50.680735849528176]]]}}, {"type": "Feature", "properties": {"type": "postcode-cell", "postcode": "EX10 8BG", "postcodes": ["EX10 8BG"]}, "geometry": {"type": "Polygon", "coordinates": [[[-3.2356428743815937, 50.67892062705051], [-3.2342976056669905, 50.679493779788096], [-3.2339399895842695, 50.67889999471366], [-3.2340899895843713, 50.678879994713654], [-3.2340599895844653, 50.67864999471346], [-3.234859989585063, 50.67842999471327], [-3.2347999895852118, 50.678049994712985], [-3.2348099895852194, 50.678049994712985], [-3.235268453681612, 50.678198114457665], [-3.2356428743815937, 50.67892062705051]]]}}, {"type": "Feature", "properties": {"type": "postcode-cell", "postcode": "EX10 8DA", "postcodes": ["EX10 8DA"]}, "geometry": {"type": "Polygon", "coordinates": [[[-3.236278598520442, 50.680735849528176], [-3.2361696623640084, 50.680835648925594], [-3.235313811623899, 50.68084460586273], [-3.235796912065394, 50.68054841542115], [-3.235889185021215, 50.68055078035561], [-3.236278598520442, 50.680735849528176]]]}}, {"type": "Feature", "properties": {"type": "postcode-cell", "postcode": "EX10 8BW", "postcodes": ["EX10 8BW"]}, "geometry": {"type": "Polygon", "coordinates": [[[-3.2363165172256325, 50.680103710730975], [-3.2359998258014535, 50.680128503840066], [-3.2359399060204277, 50.68011999459832], [-3.235805859214157, 50.67958697544662], [-3.2360136565879087, 50.67952206461694], [-3.236626515702374, 50.67998464624467], [-3.2363165172256325, 50.680103710730975]]]}}, {"type": "Feature", "properties": {"type": "postcode-cell", "postcode": "EX10 8XR", "postcodes": ["EX10 8XR"]}, "geometry": {"type": "Polygon", "coordinates": [[[-3.2361968211832526, 50.679171125493546], [-3.2360136565879087, 50.67952206461694], [-3.235805859214157, 50.67958697544662], [-3.2353713904296897, 50.679647099777895], [-3.234349635324289, 50.679580168367444], [-3.2342976056669905, 50.679493779788096], [-3.2356428743815937, 50.67892062705051], [-3.2360528496499605, 50.67901045148132], [-3.2361968211832526, 50.679171125493546]]]}}, {"type": "Feature", "properties": {"type": "postcode-cell", "postcode": "EX10 8BN", "postcodes": ["EX10 8BN"]}, "geometry": {"type": "Polygon", "coordinates": [[[-3.2359399060204277, 50.68011999459832], [-3.2358583878979124, 50.680119994687956], [-3.2353713904296897, 50.679647099777895], [-3.235805859214157, 50.67958697544662], [-3.2359399060204277, 50.68011999459832]]]}}, {"type": "Feature", "properties": {"type": "postcode-cell", "postcode": "EX10 8BU", "postcodes": ["EX10 8BU"]}, "geometry": {"type": "Polygon", "coordinates": [[[-3.235327316679666, 50.68120341845513], [-3.235133885203402, 50.68088227276447], [-3.235313811623899, 50.68084460586273], [-3.2361696623640084, 50.680835648925594], [-3.236106143493116, 50.68113652784741], [-3.235327316679666, 50.68120341845513]]]}}, {"type": "Feature", "properties": {"type": "postcode-cell", "postcode": "EX10 8BS", "postcodes": ["EX10 8BS"]}, "geometry": {"type": "Polygon", "coordinates": [[[-3.2356190597055283, 50.68030714604953], [-3.2355791376145655, 50.680441182906925], [-3.2349498596648245, 50.680576738882145], [-3.2347646310106652, 50.68026920310717], [-3.2356190597055283, 50.68030714604953]]]}}, {"type": "Feature", "properties": {"type": "postcode-cell", "postcode": "EX10 8DB", "postcodes": ["EX10 8DB"]}, "geometry": {"type": "Polygon", "coordinates": [[[-3.2359998258014535, 50.680128503840066], [-3.235889185021215, 50.68055078035561], [-3.235796912065394, 50.68054841542115], [-3.2355791376145655, 50.680441182906925], [-3.2356190597055283, 50.68030714604953], [-3.235802205609629, 50.68013411035047], [-3.2358583878979124, 50.680119994687956], [-3.2359399060204277, 50.68011999459832], [-3.2359998258014535, 50.680128503840066]]]}}, {"type": "Feature", "properties": {"type": "postcode-cell", "postcode": "EX10 8BT", "postcodes": ["EX10 8BT"]}, "geometry": {"type": "Polygon", "coordinates": [[[-3.235796912065394, 50.68054841542115], [-3.235313811623899, 50.68084460586273], [-3.235133885203402, 50.68088227276447], [-3.2349498596648245, 50.680576738882145], [-3.2355791376145655, 50.680441182906925], [-3.235796912065394, 50.68054841542115]]]}}, {"type": "Feature", "properties": {"type": "postcode-cell", "postcode": "EX10 8BP", "postcodes": ["EX10 8BP"]}, "geometry": {"type": "Polygon", "coordinates": [[[-3.235802205609629, 50.68013411035047], [-3.2346204085636807, 50.68002974703411], [-3.234349635324289, 50.679580168367444], [-3.2353713904296897, 50.679647099777895], [-3.2358583878979124, 50.680119994687956], [-3.235802205609629, 50.68013411035047]]]}}, {"type": "Feature", "properties": {"type": "postcode-cell", "postcode": "EX10 8BR", "postcodes": ["EX10 8BR"]}, "geometry": {"type": "Polygon", "coordinates": [[[-3.235802205609629, 50.68013411035047], [-3.2356190597055283, 50.68030714604953], [-3.2347646310106652, 50.68026920310717], [-3.2346204085636807, 50.68002974703411], [-3.235802205609629, 50.68013411035047]]]}}]}