{"type": "FeatureCollection", "features": [{"type": "Feature", "properties": {"type": "ward-outline", "name": "Sidmouth Sidford"}, "geometry": {"type": "Polygon", "coordinates": [[[-3.23605, 50.68566], [-3.23732, 50.68573], [-3.2376, 50.68746], [-3.23656, 50.68918], [-3.23626, 50.69067], [-3.23721, 50.69201], [-3.23909, 50.69332], [-3.24316, 50.69136], [-3.24529, 50.68949], [-3.24592, 50.68999], [-3.2469, 50.6922], [-3.25062, 50.69286], [-3.25188, 50.69247], [-3.25385, 50.69004], [-3.25708, 50.68982], [-3.25994, 50.68887], [-3.26208, 50.68866], [-3.26407, 50.68902], [-3.26487, 50.69036], [-3.26664, 50.69158], [-3.2677, 50.6928], [-3.26816, 50.69284], [-3.26881, 50.69445], [-3.27038, 50.69576], [-3.27519, 50.6983], [-3.273, 50.69966], [-3.27363, 50.69997], [-3.27167, 50.70094], [-3.27174, 50.70149], [-3.27072, 50.70159], [-3.27084, 50.70212], [-3.26995, 50.70244], [-3.27038, 50.70358], [-3.26807, 50.70416], [-3.26981, 50.70526], [-3.27176, 50.70575], [-3.27176, 50.70611], [-3.26978, 50.70674], [-3.27003, 50.7074], [-3.26908, 50.70893], [-3.26685, 50.71062], [-3.26461, 50.71144], [-3.25993, 50.71413], [-3.25907, 50.71597], [-3.25913, 50.71735], [-3.25405, 50.72474], [-3.25283, 50.7236], [-3.24938, 50.7215], [-3.24666, 50.71909], [-3.2417, 50.71687], [-3.23998, 50.71507], [-3.23393, 50.71087], [-3.2329, 50.70947], [-3.2296, 50.70876], [-3.22731, 50.70785], [-3.22696, 50.70736], [-3.22774, 50.70575], [-3.22754, 50.70517], [-3.22411, 50.7044], [-3.22375, 50.70381], [-3.22277, 50.70445], [-3.22035, 50.70378], [-3.21858, 50.70379], [-3.2182, 50.70434], [-3.21772, 50.70424], [-3.21839, 50.70244], [-3.2167, 50.70211], [-3.21742, 50.70108], [-3.22302, 50.70288], [-3.22284, 50.70034], [-3.22349, 50.70013], [-3.22327, 50.69933], [-3.22378, 50.69888], [-3.22438, 50.69936], [-3.22508, 50.69937], [-3.22512, 50.6981], [-3.22592, 50.69793], [-3.22509, 50.69727], [-3.22585, 50.69722], [-3.22657, 50.69766], [-3.22669, 50.69682], [-3.22747, 50.69659], [-3.2267, 50.69618], [-3.22585, 50.69627], [-3.22548, 50.69559], [-3.22867, 50.69441], [-3.22892, 50.69261], [-3.23041, 50.69145], [-3.23338, 50.69065], [-3.23338, 50.68974], [-3.23546, 50.68758], [-3.23517, 50.68688], [-3.23605, 50.68566]]]}}, {"type": "Feature", "properties": {"type": "postcode-cell", "postcode": "EX10 0NB", "postcodes": ["EX10 0NB"]}, "geometry": {"type": "MultiPolygon", "coordinates": [[[[-3.2687437281271703, 50.70458593067623], [-3.269809989593558, 50.70525999473354], [-3.2717599895945253, 50.70574999473388], [-3.2717599895943525, 50.70610999473416], [-3.270257485298042, 50.70658806888958], [-3.2687437281271703, 50.70458593067623]]], [[[-3.267481175167642, 50.702915894349225], [-3.272730946215243, 50.69700151584855], [-3.2751899896002636, 50.698299994727996], [-3.272999989598251, 50.69965999472912], [-3.2736299895984904, 50.69996999472935], [-3.2716699895968064, 50.70093999473015], [-3.271739989596582, 50.70148999473056], [-3.270719989595903, 50.70158999473065], [-3.270839989595721, 50.70211999473106], [-3.2699499895950153, 50.702439994731336], [-3.2703799895947245, 50.70357999473219], [-3.2683655987678435, 50.7040857758582], [-3.267481175167642, 50.702915894349225]]]]}}, {"type": "Feature", "properties": {"type": "postcode-cell", "postcode": "EX10 0LY", "postcodes": ["EX10 0LY"]}, "geometry": {"type": "Polygon", "coordinates": [[[-3.264858919588746, 50.69885775554683], [-3.2569946422838423, 50.69683804205291], [-3.256359440325759, 50.693742931608824], [-3.258734810130938, 50.689270329758884], [-3.259939989595429, 50.688869994720974], [-3.2620799895968533, 50.68865999472073], [-3.264069989597905, 50.68901999472098], [-3.264869989597747, 50.690359994722016], [-3.266639989598247, 50.691579994722936], [-3.2676999895983103, 50.692799994723856], [-3.2681599895985736, 50.69283999472386], [-3.2688099895981937, 50.69444999472513], [-3.270379989598526, 50.69575999472611], [-3.2714350918813815, 50.69631719978638], [-3.264858919588746, 50.69885775554683]]]}}, {"type": "Feature", "properties": {"type": "postcode-cell", "postcode": "EX10 0ND", "postcodes": ["EX10 0ND"]}, "geometry": {"type": "Polygon", "coordinates": [[[-3.2683655987678435, 50.7040857758582], [-3.2680699895930183, 50.7041599947327], [-3.2687437281271703, 50.70458593067623], [-3.270257485298042, 50.70658806888958], [-3.269779989592822, 50.70673999473468], [-3.270029989592656, 50.707399994735205], [-3.269404529838716, 50.708407326056], [-3.2634566709969177, 50.70199566331056], [-3.2642508544948425, 50.69975731549204], [-3.26432576107991, 50.69968598817054], [-3.267481175167642, 50.702915894349225], [-3.2683655987678435, 50.7040857758582]]]}}, {"type": "Feature", "properties": {"type": "postcode-cell", "postcode": "EX10 0NF", "postcodes": ["EX10 0NF"]}, "geometry": {"type": "Polygon", "coordinates": [[[-3.267481175167642, 50.702915894349225], [-3.26432576107991, 50.69968598817054], [-3.264858919588746, 50.69885775554683], [-3.2714350918813815, 50.69631719978638], [-3.272730946215243, 50.69700151584855], [-3.267481175167642, 50.702915894349225]]]}}, {"type": "Feature", "properties": {"type": "postcode-cell", "postcode": "EX10 9FF", "postcodes": ["EX10 9FF"]}, "geometry": {"type": "Polygon", "coordinates": [[[-3.2634566709969177, 50.70199566331056], [-3.260178843550061, 50.70404802351525], [-3.2566353104125967, 50.703198821688055], [-3.2572084692406005, 50.701967313980994], [-3.2593149429272636, 50.701027634695215], [-3.2642508544948425, 50.69975731549204], [-3.2634566709969177, 50.70199566331056]]]}}, {"type": "Feature", "properties": {"type": "postcode-cell", "postcode": "EX10 0NE", "postcodes": ["EX10 0NE"]}, "geometry": {"type": "Polygon", "coordinates": [[[-3.260178843550061, 50.70404802351525], [-3.2634566709969177, 50.70199566331056], [-3.269404529838716, 50.708407326056], [-3.2690799895913254, 50.70892999473641], [-3.2668499895891236, 50.71061999473774], [-3.265942692104843, 50.710952139026254], [-3.260178843550061, 50.70404802351525]]]}}, {"type": "Feature", "properties": {"type": "postcode-cell", "postcode": "EX10 0LT", "postcodes": ["EX10 0LT"]}, "geometry": {"type": "Polygon", "coordinates": [[[-3.2642508544948425, 50.69975731549204], [-3.2593149429272636, 50.701027634695215], [-3.256728078867438, 50.697153383001414], [-3.2568480187140127, 50.69695890002316], [-3.2569946422838423, 50.69683804205291], [-3.264858919588746, 50.69885775554683], [-3.26432576107991, 50.69968598817054], [-3.2642508544948425, 50.69975731549204]]]}}, {"type": "Feature", "properties": {"type": "postcode-cell", "postcode": "EX10 0QB", "postcodes": ["EX10 0QB"]}, "geometry": {"type": "Polygon", "coordinates": [[[-3.2428456051116172, 50.70960091697564], [-3.259332895169792, 50.71535635894407], [-3.259351066672495, 50.715368636782905], [-3.2590699895817163, 50.71596999474206], [-3.2591299895810835, 50.71734999474314], [-3.2540499895743498, 50.72473999474898], [-3.2528299895741517, 50.72359999474812], [-3.249379989573041, 50.72149999474654], [-3.2466599895725325, 50.71908999474469], [-3.2416999895705496, 50.71686999474307], [-3.239979989570365, 50.71506999474167], [-3.237026112251611, 50.713019503611136], [-3.2428456051116172, 50.70960091697564]]]}}, {"type": "Feature", "properties": {"type": "postcode-cell", "postcode": "EX10 0NP", "postcodes": ["EX10 0NP"]}, "geometry": {"type": "Polygon", "coordinates": [[[-3.265942692104843, 50.710952139026254], [-3.26460998958734, 50.711439994738434], [-3.259929989583142, 50.71412999474058], [-3.259351066672495, 50.715368636782905], [-3.259332895169792, 50.71535635894407], [-3.252458630204235, 50.704553527316904], [-3.2566353104125967, 50.703198821688055], [-3.260178843550061, 50.70404802351525], [-3.265942692104843, 50.710952139026254]]]}}, {"type": "Feature", "properties": {"type": "postcode-cell", "postcode": "EX10 8NN", "postcodes": ["EX10 8NN"]}, "geometry": {"type": "Polygon", "coordinates": [[[-3.2458366290062126, 50.69162959929625], [-3.245133675592639, 50.69126930552406], [-3.2451842665276973, 50.69103268167213], [-3.2462335310262067, 50.6906970867361], [-3.246725863573348, 50.69180733896201], [-3.2458366290062126, 50.69162959929625]]]}}, {"type": "Feature", "properties": {"type": "postcode-cell", "postcode": "EX10 9DN", "postcodes": ["EX10 9DN"]}, "geometry": {"type": "Polygon", "coordinates": [[[-3.244719306375777, 50.69043531567826], [-3.244478380786106, 50.69020255589031], [-3.245289989586094, 50.68948999472169], [-3.245919989586239, 50.68998999472205], [-3.2461034154834714, 50.690403655669655], [-3.244719306375777, 50.69043531567826]]]}}, {"type": "Feature", "properties": {"type": "postcode-cell", "postcode": "EX10 0LZ", "postcodes": ["EX10 0LZ"]}, "geometry": {"type": "Polygon", "coordinates": [[[-3.2572084692406005, 50.701967313980994], [-3.2560549436969812, 50.700034512539375], [-3.255866100791916, 50.69824490213849], [-3.256728078867438, 50.697153383001414], [-3.2593149429272636, 50.701027634695215], [-3.2572084692406005, 50.701967313980994]]]}}, {"type": "Feature", "properties": {"type": "postcode-cell", "postcode": "EX10 9DZ", "postcodes": ["EX10 9DZ"]}, "geometry": {"type": "Polygon", "coordinates": [[[-3.256728078867438, 50.697153383001414], [-3.255866100791916, 50.69824490213849], [-3.2540774658321254, 50.698844484641384], [-3.2524594848442776, 50.69889218918204], [-3.251714210835932, 50.69811901148342], [-3.2524650608631593, 50.697234250980095], [-3.2568480187140127, 50.69695890002316], [-3.256728078867438, 50.697153383001414]]]}}, {"type": "Feature", "properties": {"type": "postcode-cell", "postcode": "EX10 9XN", "postcodes": ["EX10 9XN"]}, "geometry": {"type": "Polygon", "coordinates": [[[-3.2494793227506213, 50.70361889325561], [-3.249477803346066, 50.70277760766836], [-3.249824083521451, 50.700020357031036], [-3.250879184596406, 50.69899816477257], [-3.2513672023418216, 50.69903049808603], [-3.251675202360215, 50.699102749511496], [-3.2512283841243987, 50.7017596303359], [-3.2494793227506213, 50.70361889325561]]]}}, {"type": "Feature", "properties": {"type": "postcode-cell", "postcode": "EX10 0NA", "postcodes": ["EX10 0NA"]}, "geometry": {"type": "Polygon", "coordinates": [[[-3.2512283841243987, 50.7017596303359], [-3.25206333510652, 50.70119574381661], [-3.2560549436969812, 50.700034512539375], [-3.2572084692406005, 50.701967313980994], [-3.2566353104125967, 50.703198821688055], [-3.252458630204235, 50.704553527316904], [-3.249444456847702, 50.703684191756764], [-3.2494793227506213, 50.70361889325561], [-3.2512283841243987, 50.7017596303359]]]}}, {"type": "Feature", "properties": {"type": "postcode-cell", "postcode": "EX10 9FH", "postcodes": ["EX10 9FH"]}, "geometry": {"type": "Polygon", "coordinates": [[[-3.2560549436969812, 50.700034512539375], [-3.25206333510652, 50.70119574381661], [-3.2540774658321254, 50.698844484641384], [-3.255866100791916, 50.69824490213849], [-3.2560549436969812, 50.700034512539375]]]}}, {"type": "Feature", "properties": {"type": "postcode-cell", "postcode": "EX10 9FG", "postcodes": ["EX10 9FG"]}, "geometry": {"type": "Polygon", "coordinates": [[[-3.2512283841243987, 50.7017596303359], [-3.251675202360215, 50.699102749511496], [-3.2524594848442776, 50.69889218918204], [-3.2540774658321254, 50.698844484641384], [-3.25206333510652, 50.70119574381661], [-3.2512283841243987, 50.7017596303359]]]}}, {"type": "Feature", "properties": {"type": "postcode-cell", "postcode": "EX10 9EA", "postcodes": ["EX10 9EA"]}, "geometry": {"type": "Polygon", "coordinates": [[[-3.2513672023418216, 50.69903049808603], [-3.251225478524862, 50.69817120975191], [-3.2512451965321274, 50.698152977276884], [-3.251714210835932, 50.69811901148342], [-3.2524594848442776, 50.69889218918204], [-3.251675202360215, 50.699102749511496], [-3.2513672023418216, 50.69903049808603]]]}}, {"type": "Feature", "properties": {"type": "postcode-cell", "postcode": "EX10 9EB", "postcodes": ["EX10 9EB"]}, "geometry": {"type": "Polygon", "coordinates": [[[-3.2568480187140127, 50.69695890002316], [-3.2524650608631593, 50.697234250980095], [-3.2521805830047503, 50.697192332902226], [-3.2504971102681717, 50.69624493763587], [-3.2528441334733458, 50.69443348589069], [-3.256359440325759, 50.693742931608824], [-3.2569946422838423, 50.69683804205291], [-3.2568480187140127, 50.69695890002316]]]}}, {"type": "Feature", "properties": {"type": "postcode-cell", "postcode": "EX10 9DT", "postcodes": ["EX10 9DT"]}, "geometry": {"type": "Polygon", "coordinates": [[[-3.2504971102681717, 50.69624493763587], [-3.250126221438337, 50.69631789771287], [-3.24939540326625, 50.69607087270178], [-3.2491712864446867, 50.69504301658643], [-3.24954376071537, 50.694237747895556], [-3.249674377683733, 50.69422230322767], [-3.2528441334733458, 50.69443348589069], [-3.2504971102681717, 50.69624493763587]]]}}, {"type": "Feature", "properties": {"type": "postcode-cell", "postcode": "EX10 9XS", "postcodes": ["EX10 9XS"]}, "geometry": {"type": "Polygon", "coordinates": [[[-3.251225478524862, 50.69817120975191], [-3.250663631718418, 50.69833880504645], [-3.249752241965609, 50.697565076117414], [-3.250765674539187, 50.69761520916775], [-3.2512451965321274, 50.698152977276884], [-3.251225478524862, 50.69817120975191]]]}}, {"type": "Feature", "properties": {"type": "postcode-cell", "postcode": "EX10 9EQ", "postcodes": ["EX10 9EQ"]}, "geometry": {"type": "Polygon", "coordinates": [[[-3.251714210835932, 50.69811901148342], [-3.2512451965321274, 50.698152977276884], [-3.250765674539187, 50.69761520916775], [-3.2521805830047503, 50.697192332902226], [-3.2524650608631593, 50.697234250980095], [-3.251714210835932, 50.69811901148342]]]}}, {"type": "Feature", "properties": {"type": "postcode-cell", "postcode": "EX10 9ED", "postcodes": ["EX10 9ED"]}, "geometry": {"type": "Polygon", "coordinates": [[[-3.250765674539187, 50.69761520916775], [-3.249752241965609, 50.697565076117414], [-3.249741051119679, 50.69756271797358], [-3.249644909142949, 50.697445667462944], [-3.250126221438337, 50.69631789771287], [-3.2504971102681717, 50.69624493763587], [-3.2521805830047503, 50.697192332902226], [-3.250765674539187, 50.69761520916775]]]}}, {"type": "Feature", "properties": {"type": "postcode-cell", "postcode": "EX10 0JR", "postcodes": ["EX10 0JR"]}, "geometry": {"type": "Polygon", "coordinates": [[[-3.252458630204235, 50.704553527316904], [-3.259332895169792, 50.71535635894407], [-3.2428456051116172, 50.70960091697564], [-3.242648628286357, 50.70760747776991], [-3.2468985115866666, 50.70397885260435], [-3.2475189860594544, 50.703812951833704], [-3.249444456847702, 50.703684191756764], [-3.252458630204235, 50.704553527316904]]]}}, {"type": "Feature", "properties": {"type": "postcode-cell", "postcode": "EX10 9SU", "postcodes": ["EX10 9SU"]}, "geometry": {"type": "Polygon", "coordinates": [[[-3.2513672023418216, 50.69903049808603], [-3.250879184596406, 50.69899816477257], [-3.250484324499148, 50.69880892943842], [-3.250663631718418, 50.69833880504645], [-3.251225478524862, 50.69817120975191], [-3.2513672023418216, 50.69903049808603]]]}}, {"type": "Feature", "properties": {"type": "postcode-cell", "postcode": "EX10 9UP", "postcodes": ["EX10 9UP"]}, "geometry": {"type": "Polygon", "coordinates": [[[-3.249752241965609, 50.697565076117414], [-3.250663631718418, 50.69833880504645], [-3.250484324499148, 50.69880892943842], [-3.2499160074460782, 50.69876509706734], [-3.2493106219692156, 50.698282027164716], [-3.249741051119679, 50.69756271797358], [-3.249752241965609, 50.697565076117414]]]}}, {"type": "Feature", "properties": {"type": "postcode-cell", "postcode": "EX10 9YB", "postcodes": ["EX10 9YB"]}, "geometry": {"type": "Polygon", "coordinates": [[[-3.249444456847702, 50.703684191756764], [-3.2475189860594544, 50.703812951833704], [-3.246846891010146, 50.70178459521056], [-3.2480184460442665, 50.69931772346795], [-3.2484296043951164, 50.69922040354619], [-3.249477803346066, 50.70277760766836], [-3.2494793227506213, 50.70361889325561], [-3.249444456847702, 50.703684191756764]]]}}, {"type": "Feature", "properties": {"type": "postcode-cell", "postcode": "EX10 9XW", "postcodes": ["EX10 9XW"]}, "geometry": {"type": "Polygon", "coordinates": [[[-3.250484324499148, 50.69880892943842], [-3.250879184596406, 50.69899816477257], [-3.249824083521451, 50.700020357031036], [-3.2494565888759457, 50.699237925356044], [-3.2499160074460782, 50.69876509706734], [-3.250484324499148, 50.69880892943842]]]}}, {"type": "Feature", "properties": {"type": "postcode-cell", "postcode": "EX10 9DP", "postcodes": ["EX10 9DP"]}, "geometry": {"type": "Polygon", "coordinates": [[[-3.249674377683733, 50.69422230322767], [-3.24954376071537, 50.694237747895556], [-3.2491600853415097, 50.69414611579651], [-3.249056325995288, 50.69406922005858], [-3.249184281389483, 50.69260528862258], [-3.249923226765647, 50.692736385996604], [-3.249674377683733, 50.69422230322767]]]}}, {"type": "Feature", "properties": {"type": "postcode-cell", "postcode": "EX10 9DW", "postcodes": ["EX10 9DW"]}, "geometry": {"type": "Polygon", "coordinates": [[[-3.2528441334733458, 50.69443348589069], [-3.249674377683733, 50.69422230322767], [-3.249923226765647, 50.692736385996604], [-3.250619989587738, 50.69285999472421], [-3.251879989588705, 50.692469994723886], [-3.2538499895911026, 50.69003999472197], [-3.2570799895932026, 50.68981999472172], [-3.258734810130938, 50.689270329758884], [-3.256359440325759, 50.693742931608824], [-3.2528441334733458, 50.69443348589069]]]}}, {"type": "Feature", "properties": {"type": "postcode-cell", "postcode": "EX10 9XP", "postcodes": ["EX10 9XP"]}, "geometry": {"type": "Polygon", "coordinates": [[[-3.2499160074460782, 50.69876509706734], [-3.2494565888759457, 50.699237925356044], [-3.2485388706177662, 50.69908422152783], [-3.2483155856389647, 50.698540584885514], [-3.2493106219692156, 50.698282027164716], [-3.2499160074460782, 50.69876509706734]]]}}, {"type": "Feature", "properties": {"type": "postcode-cell", "postcode": "EX10 9DY", "postcodes": ["EX10 9DY"]}, "geometry": {"type": "Polygon", "coordinates": [[[-3.249644909142949, 50.697445667462944], [-3.248486610766477, 50.697334560783034], [-3.2481778057302813, 50.69642958794144], [-3.248654720734964, 50.69614441852147], [-3.24939540326625, 50.69607087270178], [-3.250126221438337, 50.69631789771287], [-3.249644909142949, 50.697445667462944]]]}}, {"type": "Feature", "properties": {"type": "postcode-cell", "postcode": "EX10 9EE", "postcodes": ["EX10 9EE"]}, "geometry": {"type": "Polygon", "coordinates": [[[-3.249741051119679, 50.69756271797358], [-3.2493106219692156, 50.698282027164716], [-3.2483155856389647, 50.698540584885514], [-3.2477543413195207, 50.69840333812861], [-3.247378783506373, 50.69810487431597], [-3.247335020001987, 50.69776675684574], [-3.247449076133403, 50.6976386356621], [-3.248486610766477, 50.697334560783034], [-3.249644909142949, 50.697445667462944], [-3.249741051119679, 50.69756271797358]]]}}, {"type": "Feature", "properties": {"type": "postcode-cell", "postcode": "EX10 9EW", "postcodes": ["EX10 9EW"]}, "geometry": {"type": "Polygon", "coordinates": [[[-3.2481078948457727, 50.693523063663974], [-3.2474648408423583, 50.69344796215173], [-3.24639664487711, 50.69274094531726], [-3.2468697648894467, 50.69213183825621], [-3.246899989585766, 50.69219999472379], [-3.2486130779349387, 50.69250394686269], [-3.2481078948457727, 50.693523063663974]]]}}, {"type": "Feature", "properties": {"type": "postcode-cell", "postcode": "EX10 9XR", "postcodes": ["EX10 9XR"]}, "geometry": {"type": "Polygon", "coordinates": [[[-3.249477803346066, 50.70277760766836], [-3.2484296043951164, 50.69922040354619], [-3.2485388706177662, 50.69908422152783], [-3.2494565888759457, 50.699237925356044], [-3.249824083521451, 50.700020357031036], [-3.249477803346066, 50.70277760766836]]]}}, {"type": "Feature", "properties": {"type": "postcode-cell", "postcode": "EX10 9XQ", "postcodes": ["EX10 9XQ"]}, "geometry": {"type": "Polygon", "coordinates": [[[-3.24954376071537, 50.694237747895556], [-3.2491712864446867, 50.69504301658643], [-3.247633493625863, 50.69544961230078], [-3.2473013145362213, 50.69537554277018], [-3.247401993768731, 50.694694900846386], [-3.2491600853415097, 50.69414611579651], [-3.24954376071537, 50.694237747895556]]]}}, {"type": "Feature", "properties": {"type": "postcode-cell", "postcode": "EX10 9DR", "postcodes": ["EX10 9DR"]}, "geometry": {"type": "Polygon", "coordinates": [[[-3.249056325995288, 50.69406922005858], [-3.2481078948457727, 50.693523063663974], [-3.2486130779349387, 50.69250394686269], [-3.249184281389483, 50.69260528862258], [-3.249056325995288, 50.69406922005858]]]}}, {"type": "Feature", "properties": {"type": "postcode-cell", "postcode": "EX10 9YD", "postcodes": ["EX10 9YD"]}, "geometry": {"type": "Polygon", "coordinates": [[[-3.2484296043951164, 50.69922040354619], [-3.2480184460442665, 50.69931772346795], [-3.2471069681305496, 50.69923412168032], [-3.2477543413195207, 50.69840333812861], [-3.2483155856389647, 50.698540584885514], [-3.2485388706177662, 50.69908422152783], [-3.2484296043951164, 50.69922040354619]]]}}, {"type": "Feature", "properties": {"type": "postcode-cell", "postcode": "EX10 9DS", "postcodes": ["EX10 9DS"]}, "geometry": {"type": "Polygon", "coordinates": [[[-3.24939540326625, 50.69607087270178], [-3.248654720734964, 50.69614441852147], [-3.247633493625863, 50.69544961230078], [-3.2491712864446867, 50.69504301658643], [-3.24939540326625, 50.69607087270178]]]}}, {"type": "Feature", "properties": {"type": "postcode-cell", "postcode": "EX10 9XF", "postcodes": ["EX10 9XF"]}, "geometry": {"type": "Polygon", "coordinates": [[[-3.248486610766477, 50.697334560783034], [-3.247449076133403, 50.6976386356621], [-3.2469340159883298, 50.696568246298085], [-3.246980779621206, 50.696523654932925], [-3.2481778057302813, 50.69642958794144], [-3.248486610766477, 50.697334560783034]]]}}, {"type": "Feature", "properties": {"type": "postcode-cell", "postcode": "EX10 9XG", "postcodes": ["EX10 9XG"]}, "geometry": {"type": "Polygon", "coordinates": [[[-3.2481778057302813, 50.69642958794144], [-3.246980779621206, 50.696523654932925], [-3.246726266215292, 50.69561680005913], [-3.2473013145362213, 50.69537554277018], [-3.247633493625863, 50.69544961230078], [-3.248654720734964, 50.69614441852147], [-3.2481778057302813, 50.69642958794144]]]}}, {"type": "Feature", "properties": {"type": "postcode-cell", "postcode": "EX10 9DU", "postcodes": ["EX10 9DU"]}, "geometry": {"type": "Polygon", "coordinates": [[[-3.2491600853415097, 50.69414611579651], [-3.247401993768731, 50.694694900846386], [-3.2465220075710324, 50.694291915822234], [-3.2474648408423583, 50.69344796215173], [-3.2481078948457727, 50.693523063663974], [-3.249056325995288, 50.69406922005858], [-3.2491600853415097, 50.69414611579651]]]}}, {"type": "Feature", "properties": {"type": "postcode-cell", "postcode": "EX10 9YA", "postcodes": ["EX10 9YA"]}, "geometry": {"type": "Polygon", "coordinates": [[[-3.246846891010146, 50.70178459521056], [-3.2461526396450804, 50.70010841936204], [-3.246347930569241, 50.69963199552068], [-3.2471069681305496, 50.69923412168032], [-3.2480184460442665, 50.69931772346795], [-3.246846891010146, 50.70178459521056]]]}}, {"type": "Feature", "properties": {"type": "postcode-cell", "postcode": "EX10 9HA", "postcodes": ["EX10 9HA"]}, "geometry": {"type": "Polygon", "coordinates": [[[-3.24639664487711, 50.69274094531726], [-3.2456521503169316, 50.69295083101506], [-3.244438656237041, 50.6922861543362], [-3.2458366290062126, 50.69162959929625], [-3.246725863573348, 50.69180733896201], [-3.2468697648894467, 50.69213183825621], [-3.24639664487711, 50.69274094531726]]]}}, {"type": "Feature", "properties": {"type": "postcode-cell", "postcode": "EX10 9YH", "postcodes": ["EX10 9YH"]}, "geometry": {"type": "Polygon", "coordinates": [[[-3.2471069681305496, 50.69923412168032], [-3.246347930569241, 50.69963199552068], [-3.2458998690802865, 50.698628853144214], [-3.247378783506373, 50.69810487431597], [-3.2477543413195207, 50.69840333812861], [-3.2471069681305496, 50.69923412168032]]]}}, {"type": "Feature", "properties": {"type": "postcode-cell", "postcode": "EX10 9YL", "postcodes": ["EX10 9YL"]}, "geometry": {"type": "Polygon", "coordinates": [[[-3.2461526396450804, 50.70010841936204], [-3.2445903348533274, 50.69950434760918], [-3.2449049804886165, 50.698486974612344], [-3.245328490911619, 50.6984204219739], [-3.2458998690802865, 50.698628853144214], [-3.246347930569241, 50.69963199552068], [-3.2461526396450804, 50.70010841936204]]]}}, {"type": "Feature", "properties": {"type": "postcode-cell", "postcode": "EX10 9GA", "postcodes": ["EX10 9GA"]}, "geometry": {"type": "Polygon", "coordinates": [[[-3.2475189860594544, 50.703812951833704], [-3.2468985115866666, 50.70397885260435], [-3.245619901813954, 50.703377790213544], [-3.2435687563577753, 50.70159542431664], [-3.243754794947776, 50.69951764624553], [-3.2445903348533274, 50.69950434760918], [-3.2461526396450804, 50.70010841936204], [-3.246846891010146, 50.70178459521056], [-3.2475189860594544, 50.703812951833704]]]}}, {"type": "Feature", "properties": {"type": "postcode-cell", "postcode": "EX10 9XD", "postcodes": ["EX10 9XD"]}, "geometry": {"type": "Polygon", "coordinates": [[[-3.2469340159883298, 50.696568246298085], [-3.245767370765379, 50.69677349997412], [-3.2450730949174624, 50.69577739459602], [-3.2466851512155777, 50.69561069422351], [-3.246726266215292, 50.69561680005913], [-3.246980779621206, 50.696523654932925], [-3.2469340159883298, 50.696568246298085]]]}}, {"type": "Feature", "properties": {"type": "postcode-cell", "postcode": "EX10 9XE", "postcodes": ["EX10 9XE"]}, "geometry": {"type": "Polygon", "coordinates": [[[-3.247335020001987, 50.69776675684574], [-3.24561113527401, 50.69749849128226], [-3.2453277699414365, 50.697208045277854], [-3.245767370765379, 50.69677349997412], [-3.2469340159883298, 50.696568246298085], [-3.247449076133403, 50.6976386356621], [-3.247335020001987, 50.69776675684574]]]}}, {"type": "Feature", "properties": {"type": "postcode-cell", "postcode": "EX10 9DX", "postcodes": ["EX10 9DX"]}, "geometry": {"type": "Polygon", "coordinates": [[[-3.2474648408423583, 50.69344796215173], [-3.2465220075710324, 50.694291915822234], [-3.245669594612208, 50.6943008628224], [-3.245427675527217, 50.69322497761776], [-3.2456521503169316, 50.69295083101506], [-3.24639664487711, 50.69274094531726], [-3.2474648408423583, 50.69344796215173]]]}}, {"type": "Feature", "properties": {"type": "postcode-cell", "postcode": "EX10 9XH", "postcodes": ["EX10 9XH"]}, "geometry": {"type": "Polygon", "coordinates": [[[-3.2473013145362213, 50.69537554277018], [-3.246726266215292, 50.69561680005913], [-3.2466851512155777, 50.69561069422351], [-3.2455485666164425, 50.69438737039027], [-3.245669594612208, 50.6943008628224], [-3.2465220075710324, 50.694291915822234], [-3.247401993768731, 50.694694900846386], [-3.2473013145362213, 50.69537554277018]]]}}, {"type": "Feature", "properties": {"type": "postcode-cell", "postcode": "EX10 9EF", "postcodes": ["EX10 9EF"]}, "geometry": {"type": "Polygon", "coordinates": [[[-3.2455485666164425, 50.69438737039027], [-3.244809535244345, 50.69465533655993], [-3.2432728520958003, 50.69406232982263], [-3.2436038347594165, 50.69349548620112], [-3.245427675527217, 50.69322497761776], [-3.245669594612208, 50.6943008628224], [-3.2455485666164425, 50.69438737039027]]]}}, {"type": "Feature", "properties": {"type": "postcode-cell", "postcode": "EX10 9UJ", "postcodes": ["EX10 9UJ"]}, "geometry": {"type": "Polygon", "coordinates": [[[-3.247378783506373, 50.69810487431597], [-3.2458998690802865, 50.698628853144214], [-3.245328490911619, 50.6984204219739], [-3.24561113527401, 50.69749849128226], [-3.247335020001987, 50.69776675684574], [-3.247378783506373, 50.69810487431597]]]}}, {"type": "Feature", "properties": {"type": "postcode-cell", "postcode": "EX10 9EJ", "postcodes": ["EX10 9EJ"]}, "geometry": {"type": "Polygon", "coordinates": [[[-3.245427675527217, 50.69322497761776], [-3.2436038347594165, 50.69349548620112], [-3.2426456931469327, 50.69190539505954], [-3.242997061992636, 50.69189314641445], [-3.244438656237041, 50.6922861543362], [-3.2456521503169316, 50.69295083101506], [-3.245427675527217, 50.69322497761776]]]}}, {"type": "Feature", "properties": {"type": "postcode-cell", "postcode": "EX10 9UB", "postcodes": ["EX10 9UB"]}, "geometry": {"type": "Polygon", "coordinates": [[[-3.24561113527401, 50.69749849128226], [-3.245328490911619, 50.6984204219739], [-3.2449049804886165, 50.698486974612344], [-3.243615158352814, 50.69823618351192], [-3.2435956554984404, 50.69817502672378], [-3.2442052829580623, 50.69726051920048], [-3.244560153931766, 50.69718373281469], [-3.2453277699414365, 50.697208045277854], [-3.24561113527401, 50.69749849128226]]]}}, {"type": "Feature", "properties": {"type": "postcode-cell", "postcode": "EX10 9UH", "postcodes": ["EX10 9UH"]}, "geometry": {"type": "Polygon", "coordinates": [[[-3.2453277699414365, 50.697208045277854], [-3.244560153931766, 50.69718373281469], [-3.244391531783053, 50.695965371817096], [-3.2448370264603166, 50.695709585421625], [-3.2450730949174624, 50.69577739459602], [-3.245767370765379, 50.69677349997412], [-3.2453277699414365, 50.697208045277854]]]}}, {"type": "Feature", "properties": {"type": "postcode-cell", "postcode": "EX10 9XJ", "postcodes": ["EX10 9XJ"]}, "geometry": {"type": "Polygon", "coordinates": [[[-3.2466851512155777, 50.69561069422351], [-3.2450730949174624, 50.69577739459602], [-3.2448370264603166, 50.695709585421625], [-3.2446265289284497, 50.69524676510608], [-3.244809535244345, 50.69465533655993], [-3.2455485666164425, 50.69438737039027], [-3.2466851512155777, 50.69561069422351]]]}}, {"type": "Feature", "properties": {"type": "postcode-cell", "postcode": "EX10 9HF", "postcodes": ["EX10 9HF"]}, "geometry": {"type": "Polygon", "coordinates": [[[-3.245133675592639, 50.69126930552406], [-3.2432213686148055, 50.691804308927935], [-3.244733267050503, 50.69048939491127], [-3.2451842665276973, 50.69103268167213], [-3.245133675592639, 50.69126930552406]]]}}, {"type": "Feature", "properties": {"type": "postcode-cell", "postcode": "EX10 9HE", "postcodes": ["EX10 9HE"]}, "geometry": {"type": "Polygon", "coordinates": [[[-3.2451842665276973, 50.69103268167213], [-3.244733267050503, 50.69048939491127], [-3.244719306375777, 50.69043531567826], [-3.2461034154834714, 50.690403655669655], [-3.2462335310262067, 50.6906970867361], [-3.2451842665276973, 50.69103268167213]]]}}, {"type": "Feature", "properties": {"type": "postcode-cell", "postcode": "EX10 9AY", "postcodes": ["EX10 9AY"]}, "geometry": {"type": "Polygon", "coordinates": [[[-3.2371792109110884, 50.686494285513376], [-3.236319396448117, 50.68567484509126], [-3.23731998958302, 50.68572999471892], [-3.237450998309444, 50.686539458358325], [-3.2371792109110884, 50.686494285513376]]]}}, {"type": "Feature", "properties": {"type": "postcode-cell", "postcode": "EX10 9HL", "postcodes": ["EX10 9HL"]}, "geometry": {"type": "Polygon", "coordinates": [[[-3.2458366290062126, 50.69162959929625], [-3.244438656237041, 50.6922861543362], [-3.242997061992636, 50.69189314641445], [-3.2432213686148055, 50.691804308927935], [-3.245133675592639, 50.69126930552406], [-3.2458366290062126, 50.69162959929625]]]}}, {"type": "Feature", "properties": {"type": "postcode-cell", "postcode": "EX10 9GB", "postcodes": ["EX10 9GB"]}, "geometry": {"type": "Polygon", "coordinates": [[[-3.2445903348533274, 50.69950434760918], [-3.243754794947776, 50.69951764624553], [-3.2433071560951685, 50.699329348399885], [-3.2432703237864047, 50.69858221073958], [-3.243615158352814, 50.69823618351192], [-3.2449049804886165, 50.698486974612344], [-3.2445903348533274, 50.69950434760918]]]}}, {"type": "Feature", "properties": {"type": "postcode-cell", "postcode": "EX10 9UN", "postcodes": ["EX10 9UN"]}, "geometry": {"type": "Polygon", "coordinates": [[[-3.244391531783053, 50.695965371817096], [-3.2434485189895086, 50.6961609502246], [-3.242694917964251, 50.69538527016482], [-3.2429021456195204, 50.69526584097061], [-3.2446265289284497, 50.69524676510608], [-3.2448370264603166, 50.695709585421625], [-3.244391531783053, 50.695965371817096]]]}}, {"type": "Feature", "properties": {"type": "postcode-cell", "postcode": "EX10 9UL", "postcodes": ["EX10 9UL"]}, "geometry": {"type": "Polygon", "coordinates": [[[-3.2442052829580623, 50.69726051920048], [-3.243246510243741, 50.69683973569256], [-3.243223167002333, 50.69639042411736], [-3.2434485189895086, 50.6961609502246], [-3.244391531783053, 50.695965371817096], [-3.244560153931766, 50.69718373281469], [-3.2442052829580623, 50.69726051920048]]]}}, {"type": "Feature", "properties": {"type": "postcode-cell", "postcode": "EX10 9HD", "postcodes": ["EX10 9HD"]}, "geometry": {"type": "Polygon", "coordinates": [[[-3.244719306375777, 50.69043531567826], [-3.244733267050503, 50.69048939491127], [-3.2432213686148055, 50.691804308927935], [-3.242997061992636, 50.69189314641445], [-3.2426456931469327, 50.69190539505954], [-3.242236832410866, 50.69180458849137], [-3.2431599895838708, 50.69135999472317], [-3.244478380786106, 50.69020255589031], [-3.244719306375777, 50.69043531567826]]]}}, {"type": "Feature", "properties": {"type": "postcode-cell", "postcode": "EX10 9BQ", "postcodes": ["EX10 9BQ"]}, "geometry": {"type": "Polygon", "coordinates": [[[-3.2370887519354796, 50.688074112151384], [-3.236999327418132, 50.68742774092937], [-3.2375362165201826, 50.687065980211976], [-3.237599989582347, 50.68745999472026], [-3.2372097212654234, 50.68810545411975], [-3.2370887519354796, 50.688074112151384]]]}}, {"type": "Feature", "properties": {"type": "postcode-cell", "postcode": "EX10 9UD", "postcodes": ["EX10 9UD"]}, "geometry": {"type": "Polygon", "coordinates": [[[-3.243615158352814, 50.69823618351192], [-3.2432703237864047, 50.69858221073958], [-3.2412020904768624, 50.69858942762503], [-3.241017806585053, 50.6985367678131], [-3.2410256099639096, 50.698482208600296], [-3.241361675204294, 50.69807306089643], [-3.2426797339105975, 50.697783056576114], [-3.2435956554984404, 50.69817502672378], [-3.243615158352814, 50.69823618351192]]]}}, {"type": "Feature", "properties": {"type": "postcode-cell", "postcode": "EX10 9UE", "postcodes": ["EX10 9UE"]}, "geometry": {"type": "Polygon", "coordinates": [[[-3.2442052829580623, 50.69726051920048], [-3.2435956554984404, 50.69817502672378], [-3.2426797339105975, 50.697783056576114], [-3.2424516324594848, 50.69722343593213], [-3.242480270138487, 50.697111921615836], [-3.243246510243741, 50.69683973569256], [-3.2442052829580623, 50.69726051920048]]]}}, {"type": "Feature", "properties": {"type": "postcode-cell", "postcode": "EX10 9XB", "postcodes": ["EX10 9XB"]}, "geometry": {"type": "Polygon", "coordinates": [[[-3.2446265289284497, 50.69524676510608], [-3.2429021456195204, 50.69526584097061], [-3.2431754952128053, 50.69408848214082], [-3.2432728520958003, 50.69406232982263], [-3.244809535244345, 50.69465533655993], [-3.2446265289284497, 50.69524676510608]]]}}, {"type": "Feature", "properties": {"type": "postcode-cell", "postcode": "EX10 9YJ", "postcodes": ["EX10 9YJ"]}, "geometry": {"type": "Polygon", "coordinates": [[[-3.243754794947776, 50.69951764624553], [-3.2435687563577753, 50.70159542431664], [-3.2425435241750784, 50.701040616988344], [-3.2422588567804054, 50.700401123822964], [-3.2425000384566722, 50.69957846864087], [-3.2433071560951685, 50.699329348399885], [-3.243754794947776, 50.69951764624553]]]}}, {"type": "Feature", "properties": {"type": "postcode-cell", "postcode": "EX10 9SX", "postcodes": ["EX10 9SX"]}, "geometry": {"type": "Polygon", "coordinates": [[[-3.2435687563577753, 50.70159542431664], [-3.245619901813954, 50.703377790213544], [-3.2422612268612703, 50.70281929199358], [-3.2397957734820295, 50.701500972892035], [-3.23989355170433, 50.701385547123756], [-3.241471050922647, 50.700985382026985], [-3.2425435241750784, 50.701040616988344], [-3.2435687563577753, 50.70159542431664]]]}}, {"type": "Feature", "properties": {"type": "postcode-cell", "postcode": "EX10 0QA", "postcodes": ["EX10 0QA"]}, "geometry": {"type": "Polygon", "coordinates": [[[-3.2363380653716414, 50.70596118300193], [-3.235973237997582, 50.705416412147216], [-3.23601853715302, 50.70418315538228], [-3.237398726082785, 50.70294519166296], [-3.2385353455672035, 50.70322982829072], [-3.238940354888003, 50.7036356204786], [-3.2391285502844136, 50.70635728463322], [-3.2363380653716414, 50.70596118300193]]]}}, {"type": "Feature", "properties": {"type": "postcode-cell", "postcode": "EX10 9PT", "postcodes": ["EX10 9PT"]}, "geometry": {"type": "Polygon", "coordinates": [[[-3.2391285502844136, 50.70635728463322], [-3.242648628286357, 50.70760747776991], [-3.2428456051116172, 50.70960091697564], [-3.237026112251611, 50.713019503611136], [-3.2339299895686806, 50.71086999473854], [-3.2328999895687267, 50.70946999473747], [-3.230834943685298, 50.70902571049326], [-3.2313842523676435, 50.70840522244862], [-3.2333979303999705, 50.70702277068159], [-3.2363380653716414, 50.70596118300193], [-3.2391285502844136, 50.70635728463322]]]}}, {"type": "Feature", "properties": {"type": "postcode-cell", "postcode": "EX10 9TD", "postcodes": ["EX10 9TD"]}, "geometry": {"type": "Polygon", "coordinates": [[[-3.2434485189895086, 50.6961609502246], [-3.243223167002333, 50.69639042411736], [-3.242218025960042, 50.69625085582701], [-3.2420494693659334, 50.695423542286306], [-3.242694917964251, 50.69538527016482], [-3.2434485189895086, 50.6961609502246]]]}}, {"type": "Feature", "properties": {"type": "postcode-cell", "postcode": "EX10 9EG", "postcodes": ["EX10 9EG"]}, "geometry": {"type": "Polygon", "coordinates": [[[-3.2432728520958003, 50.69406232982263], [-3.2431754952128053, 50.69408848214082], [-3.2428311453377803, 50.69408137627885], [-3.2415949314142356, 50.6935296341642], [-3.2412902397736754, 50.69226045255782], [-3.242236832410866, 50.69180458849137], [-3.2426456931469327, 50.69190539505954], [-3.2436038347594165, 50.69349548620112], [-3.2432728520958003, 50.69406232982263]]]}}, {"type": "Feature", "properties": {"type": "postcode-cell", "postcode": "EX10 9XA", "postcodes": ["EX10 9XA"]}, "geometry": {"type": "Polygon", "coordinates": [[[-3.242694917964251, 50.69538527016482], [-3.2420494693659334, 50.695423542286306], [-3.2413594011737605, 50.69526684808475], [-3.2417091431440794, 50.69463191320503], [-3.2428311453377803, 50.69408137627885], [-3.2431754952128053, 50.69408848214082], [-3.2429021456195204, 50.69526584097061], [-3.242694917964251, 50.69538527016482]]]}}, {"type": "Feature", "properties": {"type": "postcode-cell", "postcode": "EX10 9TQ", "postcodes": ["EX10 9TQ"]}, "geometry": {"type": "Polygon", "coordinates": [[[-3.242480270138487, 50.697111921615836], [-3.2414765357788897, 50.69670286161556], [-3.241511211738856, 50.69660134114052], [-3.242218025960042, 50.69625085582701], [-3.243223167002333, 50.69639042411736], [-3.243246510243741, 50.69683973569256], [-3.242480270138487, 50.697111921615836]]]}}, {"type": "Feature", "properties": {"type": "postcode-cell", "postcode": "EX10 9FD", "postcodes": ["EX10 9FD"]}, "geometry": {"type": "Polygon", "coordinates": [[[-3.2425435241750784, 50.701040616988344], [-3.241471050922647, 50.700985382026985], [-3.240252766722418, 50.70010979253528], [-3.240387490606783, 50.699780778683994], [-3.24055357080933, 50.699798455396], [-3.2422588567804054, 50.700401123822964], [-3.2425435241750784, 50.701040616988344]]]}}, {"type": "Feature", "properties": {"type": "postcode-cell", "postcode": "EX10 9UX", "postcodes": ["EX10 9UX"]}, "geometry": {"type": "Polygon", "coordinates": [[[-3.240894800258587, 50.69398396195294], [-3.239736232276745, 50.69300880234392], [-3.2412902397736754, 50.69226045255782], [-3.2415949314142356, 50.6935296341642], [-3.240894800258587, 50.69398396195294]]]}}, {"type": "Feature", "properties": {"type": "postcode-cell", "postcode": "EX10 9UZ", "postcodes": ["EX10 9UZ"]}, "geometry": {"type": "Polygon", "coordinates": [[[-3.2415949314142356, 50.6935296341642], [-3.2428311453377803, 50.69408137627885], [-3.2417091431440794, 50.69463191320503], [-3.2408882934494803, 50.69399198523087], [-3.240894800258587, 50.69398396195294], [-3.2415949314142356, 50.6935296341642]]]}}, {"type": "Feature", "properties": {"type": "postcode-cell", "postcode": "EX10 9TG", "postcodes": ["EX10 9TG"]}, "geometry": {"type": "Polygon", "coordinates": [[[-3.2420494693659334, 50.695423542286306], [-3.242218025960042, 50.69625085582701], [-3.241511211738856, 50.69660134114052], [-3.240772105167362, 50.69560810714573], [-3.2411930620981204, 50.69529939940393], [-3.2413594011737605, 50.69526684808475], [-3.2420494693659334, 50.695423542286306]]]}}, {"type": "Feature", "properties": {"type": "postcode-cell", "postcode": "EX10 9UG", "postcodes": ["EX10 9UG"]}, "geometry": {"type": "Polygon", "coordinates": [[[-3.2424516324594848, 50.69722343593213], [-3.241343233214149, 50.6976380337357], [-3.241120377508278, 50.69737343607377], [-3.241299910804466, 50.69678088701533], [-3.2414765357788897, 50.69670286161556], [-3.242480270138487, 50.697111921615836], [-3.2424516324594848, 50.69722343593213]]]}}, {"type": "Feature", "properties": {"type": "postcode-cell", "postcode": "EX10 9FE", "postcodes": ["EX10 9FE"]}, "geometry": {"type": "Polygon", "coordinates": [[[-3.2433071560951685, 50.699329348399885], [-3.2425000384566722, 50.69957846864087], [-3.2422603275449036, 50.699503205531705], [-3.2412020904768624, 50.69858942762503], [-3.2432703237864047, 50.69858221073958], [-3.2433071560951685, 50.699329348399885]]]}}, {"type": "Feature", "properties": {"type": "postcode-cell", "postcode": "EX10 9FA", "postcodes": ["EX10 9FA"]}, "geometry": {"type": "Polygon", "coordinates": [[[-3.2422603275449036, 50.699503205531705], [-3.24055357080933, 50.699798455396], [-3.240387490606783, 50.699780778683994], [-3.2401120624176736, 50.69939341296183], [-3.240272906172439, 50.69889874457634], [-3.241017806585053, 50.6985367678131], [-3.2412020904768624, 50.69858942762503], [-3.2422603275449036, 50.699503205531705]]]}}, {"type": "Feature", "properties": {"type": "postcode-cell", "postcode": "EX10 9UF", "postcodes": ["EX10 9UF"]}, "geometry": {"type": "Polygon", "coordinates": [[[-3.2426797339105975, 50.697783056576114], [-3.241361675204294, 50.69807306089643], [-3.241343233214149, 50.6976380337357], [-3.2424516324594848, 50.69722343593213], [-3.2426797339105975, 50.697783056576114]]]}}, {"type": "Feature", "properties": {"type": "postcode-cell", "postcode": "EX10 9YN", "postcodes": ["EX10 9YN"]}, "geometry": {"type": "Polygon", "coordinates": [[[-3.2422588567804054, 50.700401123822964], [-3.24055357080933, 50.699798455396], [-3.2422603275449036, 50.699503205531705], [-3.2425000384566722, 50.69957846864087], [-3.2422588567804054, 50.700401123822964]]]}}, {"type": "Feature", "properties": {"type": "postcode-cell", "postcode": "EX10 9TJ", "postcodes": ["EX10 9TJ"]}, "geometry": {"type": "Polygon", "coordinates": [[[-3.241299910804466, 50.69678088701533], [-3.2395495980193396, 50.69671054630185], [-3.23967269386764, 50.69640831936452], [-3.2406839848531597, 50.69562922864364], [-3.240772105167362, 50.69560810714573], [-3.241511211738856, 50.69660134114052], [-3.2414765357788897, 50.69670286161556], [-3.241299910804466, 50.69678088701533]]]}}, {"type": "Feature", "properties": {"type": "postcode-cell", "postcode": "EX10 9UQ", "postcodes": ["EX10 9UQ"]}, "geometry": {"type": "Polygon", "coordinates": [[[-3.241361675204294, 50.69807306089643], [-3.2410256099639096, 50.698482208600296], [-3.239754940977949, 50.69742038597505], [-3.2397549912668007, 50.69741999447776], [-3.241120377508278, 50.69737343607377], [-3.241343233214149, 50.6976380337357], [-3.241361675204294, 50.69807306089643]]]}}, {"type": "Feature", "properties": {"type": "postcode-cell", "postcode": "EX10 9XL", "postcodes": ["EX10 9XL"]}, "geometry": {"type": "Polygon", "coordinates": [[[-3.2413594011737605, 50.69526684808475], [-3.2411930620981204, 50.69529939940393], [-3.2400389423551683, 50.694480818067966], [-3.2405006899800624, 50.69413160794326], [-3.2408882934494803, 50.69399198523087], [-3.2417091431440794, 50.69463191320503], [-3.2413594011737605, 50.69526684808475]]]}}, {"type": "Feature", "properties": {"type": "postcode-cell", "postcode": "EX10 9UW", "postcodes": ["EX10 9UW"]}, "geometry": {"type": "Polygon", "coordinates": [[[-3.241017806585053, 50.6985367678131], [-3.240272906172439, 50.69889874457634], [-3.2391172876779786, 50.698456902684526], [-3.239502266823036, 50.6976301253363], [-3.239754940977949, 50.69742038597505], [-3.2410256099639096, 50.698482208600296], [-3.241017806585053, 50.6985367678131]]]}}, {"type": "Feature", "properties": {"type": "postcode-cell", "postcode": "EX10 9SY", "postcodes": ["EX10 9SY"]}, "geometry": {"type": "Polygon", "coordinates": [[[-3.2468985115866666, 50.70397885260435], [-3.242648628286357, 50.70760747776991], [-3.2391285502844136, 50.70635728463322], [-3.238940354888003, 50.7036356204786], [-3.240507387402442, 50.70289358643742], [-3.2422612268612703, 50.70281929199358], [-3.245619901813954, 50.703377790213544], [-3.2468985115866666, 50.70397885260435]]]}}, {"type": "Feature", "properties": {"type": "postcode-cell", "postcode": "EX10 9UY", "postcodes": ["EX10 9UY"]}, "geometry": {"type": "Polygon", "coordinates": [[[-3.2405006899800624, 50.69413160794326], [-3.239319746017543, 50.693209358449515], [-3.239736232276745, 50.69300880234392], [-3.240894800258587, 50.69398396195294], [-3.2408882934494803, 50.69399198523087], [-3.2405006899800624, 50.69413160794326]]]}}, {"type": "Feature", "properties": {"type": "postcode-cell", "postcode": "EX10 9TH", "postcodes": ["EX10 9TH"]}, "geometry": {"type": "Polygon", "coordinates": [[[-3.241299910804466, 50.69678088701533], [-3.241120377508278, 50.69737343607377], [-3.2397549912668007, 50.69741999447776], [-3.2394259799093863, 50.696793673750165], [-3.2395495980193396, 50.69671054630185], [-3.241299910804466, 50.69678088701533]]]}}, {"type": "Feature", "properties": {"type": "postcode-cell", "postcode": "EX10 9XX", "postcodes": ["EX10 9XX"]}, "geometry": {"type": "Polygon", "coordinates": [[[-3.240252766722418, 50.70010979253528], [-3.2397180107306194, 50.70051424528029], [-3.2382418241499344, 50.700367727984826], [-3.2381486342583714, 50.70020688662128], [-3.2385493414516766, 50.699617802911334], [-3.2401120624176736, 50.69939341296183], [-3.240387490606783, 50.699780778683994], [-3.240252766722418, 50.70010979253528]]]}}, {"type": "Feature", "properties": {"type": "postcode-cell", "postcode": "EX10 9TF", "postcodes": ["EX10 9TF"]}, "geometry": {"type": "Polygon", "coordinates": [[[-3.240772105167362, 50.69560810714573], [-3.2406839848531597, 50.69562922864364], [-3.2384980666275855, 50.69512476098918], [-3.2385107474351496, 50.69451192649726], [-3.2400389423551683, 50.694480818067966], [-3.2411930620981204, 50.69529939940393], [-3.240772105167362, 50.69560810714573]]]}}, {"type": "Feature", "properties": {"type": "postcode-cell", "postcode": "EX10 9HZ", "postcodes": ["EX10 9HZ"]}, "geometry": {"type": "Polygon", "coordinates": [[[-3.2376678807173422, 50.69241414519288], [-3.235541985616969, 50.6922996115239], [-3.23537183797772, 50.6919029404833], [-3.2362358501067217, 50.6910429155266], [-3.236494965096061, 50.69100144183551], [-3.2372099895798896, 50.6920099947238], [-3.23776370438487, 50.69239583876098], [-3.2376678807173422, 50.69241414519288]]]}}, {"type": "Feature", "properties": {"type": "postcode-cell", "postcode": "EX10 9TX", "postcodes": ["EX10 9TX"]}, "geometry": {"type": "Polygon", "coordinates": [[[-3.239754940977949, 50.69742038597505], [-3.239502266823036, 50.6976301253363], [-3.2383667100916145, 50.697743578879376], [-3.238056650849301, 50.697605229352355], [-3.238045953767217, 50.69720446561618], [-3.239391038967073, 50.696793635940296], [-3.2394259799093863, 50.696793673750165], [-3.2397549912668007, 50.69741999447776], [-3.239754940977949, 50.69742038597505]]]}}, {"type": "Feature", "properties": {"type": "postcode-cell", "postcode": "EX10 9SA", "postcodes": ["EX10 9SA"]}, "geometry": {"type": "Polygon", "coordinates": [[[-3.241471050922647, 50.700985382026985], [-3.23989355170433, 50.701385547123756], [-3.2397180107306194, 50.70051424528029], [-3.240252766722418, 50.70010979253528], [-3.241471050922647, 50.700985382026985]]]}}, {"type": "Feature", "properties": {"type": "postcode-cell", "postcode": "EX10 9JA", "postcodes": ["EX10 9JA"]}, "geometry": {"type": "Polygon", "coordinates": [[[-3.2383132459662867, 50.69431596225632], [-3.2381830070862, 50.694308019244296], [-3.2366011552727496, 50.693605807413405], [-3.2366021925655293, 50.693410226754295], [-3.2376678807173422, 50.69241414519288], [-3.23776370438487, 50.69239583876098], [-3.2388238440452004, 50.69313454859554], [-3.2383132459662867, 50.69431596225632]]]}}, {"type": "Feature", "properties": {"type": "postcode-cell", "postcode": "EX10 9TE", "postcodes": ["EX10 9TE"]}, "geometry": {"type": "Polygon", "coordinates": [[[-3.2395495980193396, 50.69671054630185], [-3.2394259799093863, 50.696793673750165], [-3.239391038967073, 50.696793635940296], [-3.2387249559111067, 50.69646923440555], [-3.238507808305606, 50.69523031006643], [-3.23967269386764, 50.69640831936452], [-3.2395495980193396, 50.69671054630185]]]}}, {"type": "Feature", "properties": {"type": "postcode-cell", "postcode": "EX10 9SE", "postcodes": ["EX10 9SE"]}, "geometry": {"type": "Polygon", "coordinates": [[[-3.239107320789782, 50.7023516320667], [-3.2391827967558475, 50.7023060514135], [-3.240507387402442, 50.70289358643742], [-3.238940354888003, 50.7036356204786], [-3.2385353455672035, 50.70322982829072], [-3.239107320789782, 50.7023516320667]]]}}, {"type": "Feature", "properties": {"type": "postcode-cell", "postcode": "EX10 9SF", "postcodes": ["EX10 9SF"]}, "geometry": {"type": "Polygon", "coordinates": [[[-3.2385353455672035, 50.70322982829072], [-3.237398726082785, 50.70294519166296], [-3.23725099039039, 50.70269900795994], [-3.237270794475482, 50.7023016064599], [-3.239107320789782, 50.7023516320667], [-3.2385353455672035, 50.70322982829072]]]}}, {"type": "Feature", "properties": {"type": "postcode-cell", "postcode": "EX10 9SD", "postcodes": ["EX10 9SD"]}, "geometry": {"type": "Polygon", "coordinates": [[[-3.2422612268612703, 50.70281929199358], [-3.240507387402442, 50.70289358643742], [-3.2391827967558475, 50.7023060514135], [-3.239323644171153, 50.70173387629236], [-3.239547445360745, 50.701579037138785], [-3.2397957734820295, 50.701500972892035], [-3.2422612268612703, 50.70281929199358]]]}}, {"type": "Feature", "properties": {"type": "postcode-cell", "postcode": "EX10 9TL", "postcodes": ["EX10 9TL"]}, "geometry": {"type": "Polygon", "coordinates": [[[-3.23967269386764, 50.69640831936452], [-3.238507808305606, 50.69523031006643], [-3.238464129632367, 50.695172554768845], [-3.2384980666275855, 50.69512476098918], [-3.2406839848531597, 50.69562922864364], [-3.23967269386764, 50.69640831936452]]]}}, {"type": "Feature", "properties": {"type": "postcode-cell", "postcode": "EX10 9XY", "postcodes": ["EX10 9XY"]}, "geometry": {"type": "Polygon", "coordinates": [[[-3.2397957734820295, 50.701500972892035], [-3.239547445360745, 50.701579037138785], [-3.2380855780413165, 50.70070178508715], [-3.2382418241499344, 50.700367727984826], [-3.2397180107306194, 50.70051424528029], [-3.23989355170433, 50.701385547123756], [-3.2397957734820295, 50.701500972892035]]]}}, {"type": "Feature", "properties": {"type": "postcode-cell", "postcode": "EX10 9UU", "postcodes": ["EX10 9UU"]}, "geometry": {"type": "Polygon", "coordinates": [[[-3.2400389423551683, 50.694480818067966], [-3.2385107474351496, 50.69451192649726], [-3.2383132459662867, 50.69431596225632], [-3.2388238440452004, 50.69313454859554], [-3.239089989580408, 50.69331999472477], [-3.239319746017543, 50.693209358449515], [-3.2405006899800624, 50.69413160794326], [-3.2400389423551683, 50.694480818067966]]]}}, {"type": "Feature", "properties": {"type": "postcode-cell", "postcode": "EX10 9UA", "postcodes": ["EX10 9UA"]}, "geometry": {"type": "Polygon", "coordinates": [[[-3.2401120624176736, 50.69939341296183], [-3.2385493414516766, 50.699617802911334], [-3.2377673399587885, 50.69888722158013], [-3.2379412284799134, 50.69872483048621], [-3.2389276314884077, 50.69845619931797], [-3.2391172876779786, 50.698456902684526], [-3.240272906172439, 50.69889874457634], [-3.2401120624176736, 50.69939341296183]]]}}, {"type": "Feature", "properties": {"type": "postcode-cell", "postcode": "EX10 9JZ", "postcodes": ["EX10 9JZ"]}, "geometry": {"type": "Polygon", "coordinates": [[[-3.2379741318346515, 50.695450035316746], [-3.2375345067232195, 50.695502619809155], [-3.235901408176742, 50.69503219828902], [-3.236704345448477, 50.69458592315812], [-3.2381830070862, 50.694308019244296], [-3.2383132459662867, 50.69431596225632], [-3.2385107474351496, 50.69451192649726], [-3.2384980666275855, 50.69512476098918], [-3.238464129632367, 50.695172554768845], [-3.2379741318346515, 50.695450035316746]]]}}, {"type": "Feature", "properties": {"type": "postcode-cell", "postcode": "EX10 9TN", "postcodes": ["EX10 9TN"]}, "geometry": {"type": "Polygon", "coordinates": [[[-3.238464129632367, 50.695172554768845], [-3.238507808305606, 50.69523031006643], [-3.2387249559111067, 50.69646923440555], [-3.2379181161272292, 50.69623615699563], [-3.2379741318346515, 50.695450035316746], [-3.238464129632367, 50.695172554768845]]]}}, {"type": "Feature", "properties": {"type": "postcode-cell", "postcode": "EX10 9SB", "postcodes": ["EX10 9SB"]}, "geometry": {"type": "Polygon", "coordinates": [[[-3.239107320789782, 50.7023516320667], [-3.237270794475482, 50.7023016064599], [-3.236963000615702, 50.701686568221575], [-3.2369840764959434, 50.70162902985768], [-3.239323644171153, 50.70173387629236], [-3.2391827967558475, 50.7023060514135], [-3.239107320789782, 50.7023516320667]]]}}, {"type": "Feature", "properties": {"type": "postcode-cell", "postcode": "EX10 9TU", "postcodes": ["EX10 9TU"]}, "geometry": {"type": "Polygon", "coordinates": [[[-3.2391172876779786, 50.698456902684526], [-3.2389276314884077, 50.69845619931797], [-3.2383667100916145, 50.697743578879376], [-3.239502266823036, 50.6976301253363], [-3.2391172876779786, 50.698456902684526]]]}}, {"type": "Feature", "properties": {"type": "postcode-cell", "postcode": "EX10 9TY", "postcodes": ["EX10 9TY"]}, "geometry": {"type": "Polygon", "coordinates": [[[-3.2383667100916145, 50.697743578879376], [-3.2389276314884077, 50.69845619931797], [-3.2379412284799134, 50.69872483048621], [-3.2375441186411615, 50.69795919809182], [-3.238056650849301, 50.697605229352355], [-3.2383667100916145, 50.697743578879376]]]}}, {"type": "Feature", "properties": {"type": "postcode-cell", "postcode": "EX10 9JY", "postcodes": ["EX10 9JY"]}, "geometry": {"type": "Polygon", "coordinates": [[[-3.239323644171153, 50.70173387629236], [-3.2369840764959434, 50.70162902985768], [-3.2369274397258945, 50.70146105976427], [-3.2380855780413165, 50.70070178508715], [-3.239547445360745, 50.701579037138785], [-3.239323644171153, 50.70173387629236]]]}}, {"type": "Feature", "properties": {"type": "postcode-cell", "postcode": "EX10 9RZ", "postcodes": ["EX10 9RZ"]}, "geometry": {"type": "Polygon", "coordinates": [[[-3.2381486342583714, 50.70020688662128], [-3.2365832930857676, 50.699903528056325], [-3.2366513621602664, 50.69928151434055], [-3.2373244701810484, 50.69895433144943], [-3.2377673399587885, 50.69888722158013], [-3.2385493414516766, 50.699617802911334], [-3.2381486342583714, 50.70020688662128]]]}}, {"type": "Feature", "properties": {"type": "postcode-cell", "postcode": "EX10 9RY", "postcodes": ["EX10 9RY"]}, "geometry": {"type": "Polygon", "coordinates": [[[-3.2382418241499344, 50.700367727984826], [-3.2380855780413165, 50.70070178508715], [-3.2369274397258945, 50.70146105976427], [-3.2368228622638444, 50.70139935668496], [-3.235923100751578, 50.7006094956233], [-3.236146356828144, 50.70017041324624], [-3.2365832930857676, 50.699903528056325], [-3.2381486342583714, 50.70020688662128], [-3.2382418241499344, 50.700367727984826]]]}}, {"type": "Feature", "properties": {"type": "postcode-cell", "postcode": "EX10 9TW", "postcodes": ["EX10 9TW"]}, "geometry": {"type": "Polygon", "coordinates": [[[-3.239391038967073, 50.696793635940296], [-3.238045953767217, 50.69720446561618], [-3.2378376391203205, 50.69713213994506], [-3.237284414625214, 50.69656421161748], [-3.2379181161272292, 50.69623615699563], [-3.2387249559111067, 50.69646923440555], [-3.239391038967073, 50.696793635940296]]]}}, {"type": "Feature", "properties": {"type": "postcode-cell", "postcode": "EX10 9TZ", "postcodes": ["EX10 9TZ"]}, "geometry": {"type": "Polygon", "coordinates": [[[-3.2377673399587885, 50.69888722158013], [-3.2373244701810484, 50.69895433144943], [-3.2364480473647577, 50.698167353433696], [-3.236807657312562, 50.69788254655044], [-3.2375441186411615, 50.69795919809182], [-3.2379412284799134, 50.69872483048621], [-3.2377673399587885, 50.69888722158013]]]}}, {"type": "Feature", "properties": {"type": "postcode-cell", "postcode": "EX10 9JX", "postcodes": ["EX10 9JX"]}, "geometry": {"type": "Polygon", "coordinates": [[[-3.236963000615702, 50.701686568221575], [-3.2351007319135014, 50.70237848625213], [-3.2342473984917532, 50.70175017200519], [-3.2343897672297435, 50.70158440737529], [-3.2368228622638444, 50.70139935668496], [-3.2369274397258945, 50.70146105976427], [-3.2369840764959434, 50.70162902985768], [-3.236963000615702, 50.701686568221575]]]}}, {"type": "Feature", "properties": {"type": "postcode-cell", "postcode": "EX10 9TP", "postcodes": ["EX10 9TP"]}, "geometry": {"type": "Polygon", "coordinates": [[[-3.238045953767217, 50.69720446561618], [-3.238056650849301, 50.697605229352355], [-3.2375441186411615, 50.69795919809182], [-3.236807657312562, 50.69788254655044], [-3.2366034063419566, 50.69744648293119], [-3.2378376391203205, 50.69713213994506], [-3.238045953767217, 50.69720446561618]]]}}, {"type": "Feature", "properties": {"type": "postcode-cell", "postcode": "EX10 9BJ", "postcodes": ["EX10 9BJ"]}, "geometry": {"type": "Polygon", "coordinates": [[[-3.236484339585307, 50.68942802514261], [-3.235995736108386, 50.688574353399545], [-3.2364493815551167, 50.68809445741215], [-3.2370887519354796, 50.688074112151384], [-3.2372097212654234, 50.68810545411975], [-3.236559989580867, 50.68917999472159], [-3.236509207747346, 50.68943221758341], [-3.236484339585307, 50.68942802514261]]]}}, {"type": "Feature", "properties": {"type": "postcode-cell", "postcode": "EX10 9TS", "postcodes": ["EX10 9TS"]}, "geometry": {"type": "Polygon", "coordinates": [[[-3.237284414625214, 50.69656421161748], [-3.2369758933238244, 50.69652093746642], [-3.236660412033588, 50.69602159166902], [-3.2375345067232195, 50.695502619809155], [-3.2379741318346515, 50.695450035316746], [-3.2379181161272292, 50.69623615699563], [-3.237284414625214, 50.69656421161748]]]}}, {"type": "Feature", "properties": {"type": "postcode-cell", "postcode": "EX10 9SQ", "postcodes": ["EX10 9SQ"]}, "geometry": {"type": "Polygon", "coordinates": [[[-3.23725099039039, 50.70269900795994], [-3.235094372243902, 50.70286580800661], [-3.2351007319135014, 50.70237848625213], [-3.236963000615702, 50.701686568221575], [-3.237270794475482, 50.7023016064599], [-3.23725099039039, 50.70269900795994]]]}}, {"type": "Feature", "properties": {"type": "postcode-cell", "postcode": "EX10 9BX", "postcodes": ["EX10 9BX"]}, "geometry": {"type": "Polygon", "coordinates": [[[-3.236999327418132, 50.68742774092937], [-3.236791611893483, 50.68737383737808], [-3.236619749122996, 50.6870136635239], [-3.2375260518582816, 50.68700317837167], [-3.2375362165201826, 50.687065980211976], [-3.236999327418132, 50.68742774092937]]]}}, {"type": "Feature", "properties": {"type": "postcode-cell", "postcode": "EX10 9TR", "postcodes": ["EX10 9TR"]}, "geometry": {"type": "Polygon", "coordinates": [[[-3.2378376391203205, 50.69713213994506], [-3.2366034063419566, 50.69744648293119], [-3.236184862791897, 50.69723496826875], [-3.2368099239520274, 50.69659774734382], [-3.2369758933238244, 50.69652093746642], [-3.237284414625214, 50.69656421161748], [-3.2378376391203205, 50.69713213994506]]]}}, {"type": "Feature", "properties": {"type": "postcode-cell", "postcode": "EX10 9BU", "postcodes": ["EX10 9BU"]}, "geometry": {"type": "Polygon", "coordinates": [[[-3.2370887519354796, 50.688074112151384], [-3.2364493815551167, 50.68809445741215], [-3.235431551762106, 50.68746022766727], [-3.236791611893483, 50.68737383737808], [-3.236999327418132, 50.68742774092937], [-3.2370887519354796, 50.688074112151384]]]}}, {"type": "Feature", "properties": {"type": "postcode-cell", "postcode": "EX10 9BB", "postcodes": ["EX10 9BB"]}, "geometry": {"type": "Polygon", "coordinates": [[[-3.236619749122996, 50.6870136635239], [-3.2358368815321312, 50.686769252307904], [-3.2371792109110884, 50.686494285513376], [-3.237450998309444, 50.686539458358325], [-3.2375260518582816, 50.68700317837167], [-3.236619749122996, 50.6870136635239]]]}}, {"type": "Feature", "properties": {"type": "postcode-cell", "postcode": "EX10 9JQ", "postcodes": ["EX10 9JQ"]}, "geometry": {"type": "Polygon", "coordinates": [[[-3.236704345448477, 50.69458592315812], [-3.2365785104525475, 50.69445443329966], [-3.2363154029034233, 50.69373571205046], [-3.2366011552727496, 50.693605807413405], [-3.2381830070862, 50.694308019244296], [-3.236704345448477, 50.69458592315812]]]}}, {"type": "Feature", "properties": {"type": "postcode-cell", "postcode": "EX10 9LW", "postcodes": ["EX10 9LW"]}, "geometry": {"type": "Polygon", "coordinates": [[[-3.2366034063419566, 50.69744648293119], [-3.236807657312562, 50.69788254655044], [-3.2364480473647577, 50.698167353433696], [-3.235609637254648, 50.698297269828075], [-3.23549869857461, 50.69821190596763], [-3.2358707250203684, 50.69723822930001], [-3.236184862791897, 50.69723496826875], [-3.2366034063419566, 50.69744648293119]]]}}, {"type": "Feature", "properties": {"type": "postcode-cell", "postcode": "EX10 9SG", "postcodes": ["EX10 9SG"]}, "geometry": {"type": "Polygon", "coordinates": [[[-3.237398726082785, 50.70294519166296], [-3.23601853715302, 50.70418315538228], [-3.235094168675504, 50.702866181293004], [-3.235094372243902, 50.70286580800661], [-3.23725099039039, 50.70269900795994], [-3.237398726082785, 50.70294519166296]]]}}, {"type": "Feature", "properties": {"type": "postcode-cell", "postcode": "EX10 9RX", "postcodes": ["EX10 9RX"]}, "geometry": {"type": "Polygon", "coordinates": [[[-3.2366513621602664, 50.69928151434055], [-3.2355176621968527, 50.69888227856425], [-3.235609637254648, 50.698297269828075], [-3.2364480473647577, 50.698167353433696], [-3.2373244701810484, 50.69895433144943], [-3.2366513621602664, 50.69928151434055]]]}}, {"type": "Feature", "properties": {"type": "postcode-cell", "postcode": "EX10 9LA", "postcodes": ["EX10 9LA"]}, "geometry": {"type": "Polygon", "coordinates": [[[-3.236660412033588, 50.69602159166902], [-3.2354961497408787, 50.69571052485412], [-3.23565437136669, 50.69508230069886], [-3.235901408176742, 50.69503219828902], [-3.2375345067232195, 50.695502619809155], [-3.236660412033588, 50.69602159166902]]]}}, {"type": "Feature", "properties": {"type": "postcode-cell", "postcode": "EX10 9BZ", "postcodes": ["EX10 9BZ"]}, "geometry": {"type": "Polygon", "coordinates": [[[-3.236791611893483, 50.68737383737808], [-3.235431551762106, 50.68746022766727], [-3.2354062070380083, 50.68745017645923], [-3.2351699895811343, 50.68687999471984], [-3.2352534645554667, 50.68676427102355], [-3.2358368815321312, 50.686769252307904], [-3.236619749122996, 50.6870136635239], [-3.236791611893483, 50.68737383737808]]]}}, {"type": "Feature", "properties": {"type": "postcode-cell", "postcode": "EX10 9BY", "postcodes": ["EX10 9BY"]}, "geometry": {"type": "Polygon", "coordinates": [[[-3.2371792109110884, 50.686494285513376], [-3.2358368815321312, 50.686769252307904], [-3.2352534645554667, 50.68676427102355], [-3.2360499895822703, 50.68565999471887], [-3.236319396448117, 50.68567484509126], [-3.2371792109110884, 50.686494285513376]]]}}, {"type": "Feature", "properties": {"type": "postcode-cell", "postcode": "EX10 9BL", "postcodes": ["EX10 9BL"]}, "geometry": {"type": "Polygon", "coordinates": [[[-3.235995736108386, 50.688574353399545], [-3.2345673667287516, 50.68850697785919], [-3.235459989580971, 50.68757999472037], [-3.2354062070380083, 50.68745017645923], [-3.235431551762106, 50.68746022766727], [-3.2364493815551167, 50.68809445741215], [-3.235995736108386, 50.688574353399545]]]}}, {"type": "Feature", "properties": {"type": "postcode-cell", "postcode": "EX10 9TT", "postcodes": ["EX10 9TT"]}, "geometry": {"type": "Polygon", "coordinates": [[[-3.2368099239520274, 50.69659774734382], [-3.2356997267456697, 50.696465427070216], [-3.235260900757399, 50.696120785852465], [-3.2352786635902078, 50.6958648861822], [-3.2354961497408787, 50.69571052485412], [-3.236660412033588, 50.69602159166902], [-3.2369758933238244, 50.69652093746642], [-3.2368099239520274, 50.69659774734382]]]}}, {"type": "Feature", "properties": {"type": "postcode-cell", "postcode": "EX10 9JF", "postcodes": ["EX10 9JF"]}, "geometry": {"type": "Polygon", "coordinates": [[[-3.2366011552727496, 50.693605807413405], [-3.2363154029034233, 50.69373571205046], [-3.235672911542203, 50.693883070001604], [-3.2353502460952406, 50.69299126478454], [-3.235366343786065, 50.6929699329071], [-3.2366021925655293, 50.693410226754295], [-3.2366011552727496, 50.693605807413405]]]}}, {"type": "Feature", "properties": {"type": "postcode-cell", "postcode": "EX10 9JG", "postcodes": ["EX10 9JG"]}, "geometry": {"type": "Polygon", "coordinates": [[[-3.236704345448477, 50.69458592315812], [-3.235901408176742, 50.69503219828902], [-3.23565437136669, 50.69508230069886], [-3.2356453079882446, 50.69507673085644], [-3.2353624123165945, 50.69403982227784], [-3.235639000004077, 50.69390983516927], [-3.2365785104525475, 50.69445443329966], [-3.236704345448477, 50.69458592315812]]]}}, {"type": "Feature", "properties": {"type": "postcode-cell", "postcode": "EX10 9HH", "postcodes": ["EX10 9HH"]}, "geometry": {"type": "Polygon", "coordinates": [[[-3.2354254757107013, 50.6902207433839], [-3.235385630871434, 50.689988274676935], [-3.2359315878664368, 50.68959790322035], [-3.236285592222248, 50.68946091428787], [-3.236484339585307, 50.68942802514261], [-3.236509207747346, 50.68943221758341], [-3.2363247906848365, 50.690348156970416], [-3.2354254757107013, 50.6902207433839]]]}}, {"type": "Feature", "properties": {"type": "postcode-cell", "postcode": "EX10 9JD", "postcodes": ["EX10 9JD"]}, "geometry": {"type": "Polygon", "coordinates": [[[-3.2366021925655293, 50.693410226754295], [-3.235366343786065, 50.6929699329071], [-3.235371273147722, 50.69244715632614], [-3.235541985616969, 50.6922996115239], [-3.2376678807173422, 50.69241414519288], [-3.2366021925655293, 50.693410226754295]]]}}, {"type": "Feature", "properties": {"type": "postcode-cell", "postcode": "EX10 9JB", "postcodes": ["EX10 9JB"]}, "geometry": {"type": "Polygon", "coordinates": [[[-3.235371273147722, 50.69244715632614], [-3.2324375338973543, 50.69269191499099], [-3.2300903248609827, 50.6916988676037], [-3.2304099895759752, 50.69144999472346], [-3.232093492427716, 50.690996538535465], [-3.2342329707379234, 50.69139132212876], [-3.23537183797772, 50.6919029404833], [-3.235541985616969, 50.6922996115239], [-3.235371273147722, 50.69244715632614]]]}}, {"type": "Feature", "properties": {"type": "postcode-cell", "postcode": "EX10 9JH", "postcodes": ["EX10 9JH"]}, "geometry": {"type": "Polygon", "coordinates": [[[-3.2365785104525475, 50.69445443329966], [-3.235639000004077, 50.69390983516927], [-3.235672911542203, 50.693883070001604], [-3.2363154029034233, 50.69373571205046], [-3.2365785104525475, 50.69445443329966]]]}}, {"type": "Feature", "properties": {"type": "postcode-cell", "postcode": "EX10 9TA", "postcodes": ["EX10 9TA"]}, "geometry": {"type": "Polygon", "coordinates": [[[-3.236146356828144, 50.70017041324624], [-3.2343596579882594, 50.69935791512944], [-3.2343509869094964, 50.69931216824269], [-3.2355176621968527, 50.69888227856425], [-3.2366513621602664, 50.69928151434055], [-3.2365832930857676, 50.699903528056325], [-3.236146356828144, 50.70017041324624]]]}}, {"type": "Feature", "properties": {"type": "postcode-cell", "postcode": "EX10 9ET", "postcodes": ["EX10 9ET"]}, "geometry": {"type": "Polygon", "coordinates": [[[-3.2362358501067217, 50.6910429155266], [-3.2355152333387736, 50.69076508777903], [-3.235325084784566, 50.69055349360432], [-3.2354254757107013, 50.6902207433839], [-3.2363247906848365, 50.690348156970416], [-3.2362599895799584, 50.690669994722775], [-3.236494965096061, 50.69100144183551], [-3.2362358501067217, 50.6910429155266]]]}}, {"type": "Feature", "properties": {"type": "postcode-cell", "postcode": "EX10 9AX", "postcodes": ["EX10 9AX"]}, "geometry": {"type": "Polygon", "coordinates": [[[-3.236484339585307, 50.68942802514261], [-3.236285592222248, 50.68946091428787], [-3.2343793335418445, 50.68870224363382], [-3.2345673667287516, 50.68850697785919], [-3.235995736108386, 50.688574353399545], [-3.236484339585307, 50.68942802514261]]]}}, {"type": "Feature", "properties": {"type": "postcode-cell", "postcode": "EX10 9LB", "postcodes": ["EX10 9LB"]}, "geometry": {"type": "Polygon", "coordinates": [[[-3.2354961497408787, 50.69571052485412], [-3.2352786635902078, 50.6958648861822], [-3.2338408970955688, 50.69579246361681], [-3.233308119949746, 50.695442963565284], [-3.2333135448988144, 50.695208371191214], [-3.2333821561759124, 50.69507983705868], [-3.234247582338467, 50.69481436239627], [-3.2356453079882446, 50.69507673085644], [-3.23565437136669, 50.69508230069886], [-3.2354961497408787, 50.69571052485412]]]}}, {"type": "Feature", "properties": {"type": "postcode-cell", "postcode": "EX10 9LN", "postcodes": ["EX10 9LN"]}, "geometry": {"type": "Polygon", "coordinates": [[[-3.236184862791897, 50.69723496826875], [-3.2358707250203684, 50.69723822930001], [-3.235820934404748, 50.69722159280137], [-3.2356997267456697, 50.696465427070216], [-3.2368099239520274, 50.69659774734382], [-3.236184862791897, 50.69723496826875]]]}}, {"type": "Feature", "properties": {"type": "postcode-cell", "postcode": "EX10 9SH", "postcodes": ["EX10 9SH"]}, "geometry": {"type": "Polygon", "coordinates": [[[-3.235094168675504, 50.702866181293004], [-3.2331780019410568, 50.70322841723995], [-3.2328374492867917, 50.70288562294093], [-3.2336233784797126, 50.70179876598452], [-3.2342473984917532, 50.70175017200519], [-3.2351007319135014, 50.70237848625213], [-3.235094372243902, 50.70286580800661], [-3.235094168675504, 50.702866181293004]]]}}, {"type": "Feature", "properties": {"type": "postcode-cell", "postcode": "EX10 9BR", "postcodes": ["EX10 9BR"]}, "geometry": {"type": "Polygon", "coordinates": [[[-3.2359315878664368, 50.68959790322035], [-3.2345109404043164, 50.68932156928156], [-3.2342827445215834, 50.68880254715203], [-3.2343793335418445, 50.68870224363382], [-3.236285592222248, 50.68946091428787], [-3.2359315878664368, 50.68959790322035]]]}}, {"type": "Feature", "properties": {"type": "postcode-cell", "postcode": "EX10 9LR", "postcodes": ["EX10 9LR"]}, "geometry": {"type": "Polygon", "coordinates": [[[-3.235609637254648, 50.698297269828075], [-3.2355176621968527, 50.69888227856425], [-3.2343509869094964, 50.69931216824269], [-3.23420045252059, 50.69923385442846], [-3.234015165576866, 50.698919769191015], [-3.234788984746017, 50.698024076580616], [-3.23549869857461, 50.69821190596763], [-3.235609637254648, 50.698297269828075]]]}}, {"type": "Feature", "properties": {"type": "postcode-cell", "postcode": "EX10 9LP", "postcodes": ["EX10 9LP"]}, "geometry": {"type": "Polygon", "coordinates": [[[-3.2358707250203684, 50.69723822930001], [-3.23549869857461, 50.69821190596763], [-3.234788984746017, 50.698024076580616], [-3.2341539977091553, 50.69760726937514], [-3.234246216006181, 50.69713094043531], [-3.235820934404748, 50.69722159280137], [-3.2358707250203684, 50.69723822930001]]]}}, {"type": "Feature", "properties": {"type": "postcode-cell", "postcode": "EX10 9LL", "postcodes": ["EX10 9LL"]}, "geometry": {"type": "Polygon", "coordinates": [[[-3.2356997267456697, 50.696465427070216], [-3.235820934404748, 50.69722159280137], [-3.234246216006181, 50.69713094043531], [-3.2342400881341593, 50.69712310265224], [-3.235260900757399, 50.696120785852465], [-3.2356997267456697, 50.696465427070216]]]}}, {"type": "Feature", "properties": {"type": "postcode-cell", "postcode": "EX10 9HY", "postcodes": ["EX10 9HY"]}, "geometry": {"type": "Polygon", "coordinates": [[[-3.2362358501067217, 50.6910429155266], [-3.23537183797772, 50.6919029404833], [-3.2342329707379234, 50.69139132212876], [-3.2355152333387736, 50.69076508777903], [-3.2362358501067217, 50.6910429155266]]]}}, {"type": "Feature", "properties": {"type": "postcode-cell", "postcode": "EX10 9JE", "postcodes": ["EX10 9JE"]}, "geometry": {"type": "Polygon", "coordinates": [[[-3.235639000004077, 50.69390983516927], [-3.2353624123165945, 50.69403982227784], [-3.2351126914505453, 50.69400493477389], [-3.23436889914218, 50.693511019221965], [-3.2353502460952406, 50.69299126478454], [-3.235672911542203, 50.693883070001604], [-3.235639000004077, 50.69390983516927]]]}}, {"type": "Feature", "properties": {"type": "postcode-cell", "postcode": "EX10 9BP", "postcodes": ["EX10 9BP"]}, "geometry": {"type": "Polygon", "coordinates": [[[-3.2345109404043164, 50.68932156928156], [-3.2343650476964423, 50.6898787793156], [-3.2333799895430007, 50.690330531734936], [-3.2333799895786384, 50.689739994722075], [-3.2342827445215834, 50.68880254715203], [-3.2345109404043164, 50.68932156928156]]]}}, {"type": "Feature", "properties": {"type": "postcode-cell", "postcode": "EX10 9PN", "postcodes": ["EX10 9PN"]}, "geometry": {"type": "Polygon", "coordinates": [[[-3.230834943685298, 50.70902571049326], [-3.2295999895670398, 50.70875999473695], [-3.2273099895660726, 50.70784999473631], [-3.226959989566095, 50.70735999473591], [-3.2270451115390864, 50.70718429978354], [-3.2288422438243125, 50.705424929349505], [-3.229763270945898, 50.70533659548063], [-3.2313842523676435, 50.70840522244862], [-3.230834943685298, 50.70902571049326]]]}}, {"type": "Feature", "properties": {"type": "postcode-cell", "postcode": "EX10 9SJ", "postcodes": ["EX10 9SJ"]}, "geometry": {"type": "Polygon", "coordinates": [[[-3.235973237997582, 50.705416412147216], [-3.2330434211358035, 50.703955467779146], [-3.2331780019410568, 50.70322841723995], [-3.235094168675504, 50.702866181293004], [-3.23601853715302, 50.70418315538228], [-3.235973237997582, 50.705416412147216]]]}}, {"type": "Feature", "properties": {"type": "postcode-cell", "postcode": "EX10 9ST", "postcodes": ["EX10 9ST"]}, "geometry": {"type": "Polygon", "coordinates": [[[-3.2321337329922155, 50.70552840205815], [-3.232142325472019, 50.70442393601299], [-3.232606946914419, 50.70406432049249], [-3.2330434211358035, 50.703955467779146], [-3.235973237997582, 50.705416412147216], [-3.2363380653716414, 50.70596118300193], [-3.2333979303999705, 50.70702277068159], [-3.2321337329922155, 50.70552840205815]]]}}, {"type": "Feature", "properties": {"type": "postcode-cell", "postcode": "EX10 9PS", "postcodes": ["EX10 9PS"]}, "geometry": {"type": "Polygon", "coordinates": [[[-3.2333979303999705, 50.70702277068159], [-3.2313842523676435, 50.70840522244862], [-3.229763270945898, 50.70533659548063], [-3.2301010507366104, 50.704858369810076], [-3.230128432078042, 50.704844262662625], [-3.2321337329922155, 50.70552840205815], [-3.2333979303999705, 50.70702277068159]]]}}, {"type": "Feature", "properties": {"type": "postcode-cell", "postcode": "EX10 9NP", "postcodes": ["EX10 9NP"]}, "geometry": {"type": "Polygon", "coordinates": [[[-3.2368228622638444, 50.70139935668496], [-3.2343897672297435, 50.70158440737529], [-3.2347066303466008, 50.700766783644845], [-3.235923100751578, 50.7006094956233], [-3.2368228622638444, 50.70139935668496]]]}}, {"type": "Feature", "properties": {"type": "postcode-cell", "postcode": "EX10 9JW", "postcodes": ["EX10 9JW"]}, "geometry": {"type": "Polygon", "coordinates": [[[-3.2353502460952406, 50.69299126478454], [-3.23436889914218, 50.693511019221965], [-3.233323407227111, 50.6934923315164], [-3.2324375338973543, 50.69269191499099], [-3.235371273147722, 50.69244715632614], [-3.235366343786065, 50.6929699329071], [-3.2353502460952406, 50.69299126478454]]]}}, {"type": "Feature", "properties": {"type": "postcode-cell", "postcode": "EX10 9BW", "postcodes": ["EX10 9BW"]}, "geometry": {"type": "Polygon", "coordinates": [[[-3.235385630871434, 50.689988274676935], [-3.2343650476964423, 50.6898787793156], [-3.2345109404043164, 50.68932156928156], [-3.2359315878664368, 50.68959790322035], [-3.235385630871434, 50.689988274676935]]]}}, {"type": "Feature", "properties": {"type": "postcode-cell", "postcode": "EX10 9EU", "postcodes": ["EX10 9EU"]}, "geometry": {"type": "Polygon", "coordinates": [[[-3.2354254757107013, 50.6902207433839], [-3.235325084784566, 50.69055349360432], [-3.2333799895635313, 50.690553485919935], [-3.2333799895430007, 50.690330531734936], [-3.2343650476964423, 50.6898787793156], [-3.235385630871434, 50.689988274676935], [-3.2354254757107013, 50.6902207433839]]]}}, {"type": "Feature", "properties": {"type": "postcode-cell", "postcode": "EX10 9NW", "postcodes": ["EX10 9NW"]}, "geometry": {"type": "Polygon", "coordinates": [[[-3.235923100751578, 50.7006094956233], [-3.2347066303466008, 50.700766783644845], [-3.233868995732834, 50.700314377418586], [-3.2343596579882594, 50.69935791512944], [-3.236146356828144, 50.70017041324624], [-3.235923100751578, 50.7006094956233]]]}}, {"type": "Feature", "properties": {"type": "postcode-cell", "postcode": "EX10 9JL", "postcodes": ["EX10 9JL"]}, "geometry": {"type": "Polygon", "coordinates": [[[-3.2356453079882446, 50.69507673085644], [-3.234247582338467, 50.69481436239627], [-3.2342862096616165, 50.69438321330658], [-3.2351126914505453, 50.69400493477389], [-3.2353624123165945, 50.69403982227784], [-3.2356453079882446, 50.69507673085644]]]}}, {"type": "Feature", "properties": {"type": "postcode-cell", "postcode": "EX10 9HX", "postcodes": ["EX10 9HX"]}, "geometry": {"type": "Polygon", "coordinates": [[[-3.2342329707379234, 50.69139132212876], [-3.232093492427716, 50.690996538535465], [-3.233379989578193, 50.6906499947228], [-3.2333799895635313, 50.690553485919935], [-3.235325084784566, 50.69055349360432], [-3.2355152333387736, 50.69076508777903], [-3.2342329707379234, 50.69139132212876]]]}}, {"type": "Feature", "properties": {"type": "postcode-cell", "postcode": "EX10 9LJ", "postcodes": ["EX10 9LJ"]}, "geometry": {"type": "Polygon", "coordinates": [[[-3.2342400881341593, 50.69712310265224], [-3.2335564181425855, 50.69682878938328], [-3.2338408970955688, 50.69579246361681], [-3.2352786635902078, 50.6958648861822], [-3.235260900757399, 50.696120785852465], [-3.2342400881341593, 50.69712310265224]]]}}, {"type": "Feature", "properties": {"type": "postcode-cell", "postcode": "EX10 9JJ", "postcodes": ["EX10 9JJ"]}, "geometry": {"type": "Polygon", "coordinates": [[[-3.2351126914505453, 50.69400493477389], [-3.2342862096616165, 50.69438321330658], [-3.233319675926169, 50.69364157151194], [-3.233323407227111, 50.6934923315164], [-3.23436889914218, 50.693511019221965], [-3.2351126914505453, 50.69400493477389]]]}}, {"type": "Feature", "properties": {"type": "postcode-cell", "postcode": "EX10 9NL", "postcodes": ["EX10 9NL"]}, "geometry": {"type": "Polygon", "coordinates": [[[-3.2342473984917532, 50.70175017200519], [-3.2336233784797126, 50.70179876598452], [-3.2327393892323952, 50.70141370376728], [-3.2337028180197205, 50.70033913120166], [-3.233868995732834, 50.700314377418586], [-3.2347066303466008, 50.700766783644845], [-3.2343897672297435, 50.70158440737529], [-3.2342473984917532, 50.70175017200519]]]}}, {"type": "Feature", "properties": {"type": "postcode-cell", "postcode": "EX10 9NJ", "postcodes": ["EX10 9NJ"]}, "geometry": {"type": "Polygon", "coordinates": [[[-3.2343509869094964, 50.69931216824269], [-3.2343596579882594, 50.69935791512944], [-3.233868995732834, 50.700314377418586], [-3.2337028180197205, 50.70033913120166], [-3.2325553617451708, 50.70013968304744], [-3.232397196233778, 50.700046636648715], [-3.232452034205889, 50.69933977517853], [-3.23420045252059, 50.69923385442846], [-3.2343509869094964, 50.69931216824269]]]}}, {"type": "Feature", "properties": {"type": "postcode-cell", "postcode": "EX10 9JP", "postcodes": ["EX10 9JP"]}, "geometry": {"type": "Polygon", "coordinates": [[[-3.233319675926169, 50.69364157151194], [-3.2328094452075, 50.69442634536819], [-3.231411507823118, 50.69446816713695], [-3.2288468410366318, 50.69313667765987], [-3.228919989574493, 50.69260999472441], [-3.2300903248609827, 50.6916988676037], [-3.2324375338973543, 50.69269191499099], [-3.233323407227111, 50.6934923315164], [-3.233319675926169, 50.69364157151194]]]}}, {"type": "Feature", "properties": {"type": "postcode-cell", "postcode": "EX10 9JN", "postcodes": ["EX10 9JN"]}, "geometry": {"type": "Polygon", "coordinates": [[[-3.2342862096616165, 50.69438321330658], [-3.234247582338467, 50.69481436239627], [-3.2333821561759124, 50.69507983705868], [-3.2328094452075, 50.69442634536819], [-3.233319675926169, 50.69364157151194], [-3.2342862096616165, 50.69438321330658]]]}}, {"type": "Feature", "properties": {"type": "postcode-cell", "postcode": "EX10 9LG", "postcodes": ["EX10 9LG"]}, "geometry": {"type": "Polygon", "coordinates": [[[-3.234246216006181, 50.69713094043531], [-3.2341539977091553, 50.69760726937514], [-3.2330890367635754, 50.69818940139485], [-3.2328924345837105, 50.69818990357032], [-3.231602729035378, 50.69731164681826], [-3.232587285255586, 50.696805444733364], [-3.2335564181425855, 50.69682878938328], [-3.2342400881341593, 50.69712310265224], [-3.234246216006181, 50.69713094043531]]]}}, {"type": "Feature", "properties": {"type": "postcode-cell", "postcode": "EX10 9LH", "postcodes": ["EX10 9LH"]}, "geometry": {"type": "Polygon", "coordinates": [[[-3.2338408970955688, 50.69579246361681], [-3.2335564181425855, 50.69682878938328], [-3.232587285255586, 50.696805444733364], [-3.2322589070715897, 50.69592567872775], [-3.233308119949746, 50.695442963565284], [-3.2338408970955688, 50.69579246361681]]]}}, {"type": "Feature", "properties": {"type": "postcode-cell", "postcode": "EX10 9LT", "postcodes": ["EX10 9LT"]}, "geometry": {"type": "Polygon", "coordinates": [[[-3.234788984746017, 50.698024076580616], [-3.234015165576866, 50.698919769191015], [-3.2330890367635754, 50.69818940139485], [-3.2341539977091553, 50.69760726937514], [-3.234788984746017, 50.698024076580616]]]}}, {"type": "Feature", "properties": {"type": "postcode-cell", "postcode": "EX10 9SL", "postcodes": ["EX10 9SL"]}, "geometry": {"type": "Polygon", "coordinates": [[[-3.2331780019410568, 50.70322841723995], [-3.2330434211358035, 50.703955467779146], [-3.232606946914419, 50.70406432049249], [-3.2309576521731516, 50.70357400305971], [-3.2318058570798183, 50.7026409932117], [-3.2328374492867917, 50.70288562294093], [-3.2331780019410568, 50.70322841723995]]]}}, {"type": "Feature", "properties": {"type": "postcode-cell", "postcode": "EX10 9TB", "postcodes": ["EX10 9TB"]}, "geometry": {"type": "Polygon", "coordinates": [[[-3.224592309875886, 50.69958801197312], [-3.2247061894541593, 50.70160180094534], [-3.224463077220889, 50.70175959819983], [-3.222951547513353, 50.701914237812865], [-3.2228399895669826, 50.70033999473051], [-3.2234899895674847, 50.700129994730354], [-3.223269989567739, 50.69932999472974], [-3.2237799895682726, 50.69887999472938], [-3.2243799895684067, 50.69935999472973], [-3.2244800846438073, 50.69936142491729], [-3.224592309875886, 50.69958801197312]]]}}, {"type": "Feature", "properties": {"type": "postcode-cell", "postcode": "EX10 9QJ", "postcodes": ["EX10 9QJ"]}, "geometry": {"type": "Polygon", "coordinates": [[[-3.2181206905365625, 50.70238741167395], [-3.216699989562342, 50.70210999473203], [-3.2174199895632887, 50.70107999473121], [-3.218617538204765, 50.70146495548727], [-3.2181206905365625, 50.70238741167395]]]}}, {"type": "Feature", "properties": {"type": "postcode-cell", "postcode": "EX10 9LD", "postcodes": ["EX10 9LD"]}, "geometry": {"type": "Polygon", "coordinates": [[[-3.2333821561759124, 50.69507983705868], [-3.2333135448988144, 50.695208371191214], [-3.2315887089021484, 50.69504936868056], [-3.231411507823118, 50.69446816713695], [-3.2328094452075, 50.69442634536819], [-3.2333821561759124, 50.69507983705868]]]}}, {"type": "Feature", "properties": {"type": "postcode-cell", "postcode": "EX10 9NR", "postcodes": ["EX10 9NR"]}, "geometry": {"type": "Polygon", "coordinates": [[[-3.2327393892323952, 50.70141370376728], [-3.231988140290464, 50.70137478334416], [-3.2325553617451708, 50.70013968304744], [-3.2337028180197205, 50.70033913120166], [-3.2327393892323952, 50.70141370376728]]]}}, {"type": "Feature", "properties": {"type": "postcode-cell", "postcode": "EX10 9ND", "postcodes": ["EX10 9ND"]}, "geometry": {"type": "Polygon", "coordinates": [[[-3.232452034205889, 50.69933977517853], [-3.232397196233778, 50.700046636648715], [-3.2313952342039527, 50.700150872981], [-3.23089137939235, 50.69996414861464], [-3.2311124296104015, 50.699254623030754], [-3.2319946934111043, 50.69900075821834], [-3.232452034205889, 50.69933977517853]]]}}, {"type": "Feature", "properties": {"type": "postcode-cell", "postcode": "EX10 9LU", "postcodes": ["EX10 9LU"]}, "geometry": {"type": "Polygon", "coordinates": [[[-3.2319946934111043, 50.69900075821834], [-3.232021142566652, 50.69887685717044], [-3.2328924345837105, 50.69818990357032], [-3.2330890367635754, 50.69818940139485], [-3.234015165576866, 50.698919769191015], [-3.23420045252059, 50.69923385442846], [-3.232452034205889, 50.69933977517853], [-3.2319946934111043, 50.69900075821834]]]}}, {"type": "Feature", "properties": {"type": "postcode-cell", "postcode": "EX10 9LY", "postcodes": ["EX10 9LY"]}, "geometry": {"type": "Polygon", "coordinates": [[[-3.2325553617451708, 50.70013968304744], [-3.231988140290464, 50.70137478334416], [-3.2319835530172836, 50.701375567618825], [-3.23136187170737, 50.70104402876972], [-3.2313952342039527, 50.700150872981], [-3.232397196233778, 50.700046636648715], [-3.2325553617451708, 50.70013968304744]]]}}, {"type": "Feature", "properties": {"type": "postcode-cell", "postcode": "EX10 9LF", "postcodes": ["EX10 9LF"]}, "geometry": {"type": "Polygon", "coordinates": [[[-3.2322589070715897, 50.69592567872775], [-3.2312601329639783, 50.69571864731037], [-3.2315887089021484, 50.69504936868056], [-3.2333135448988144, 50.695208371191214], [-3.233308119949746, 50.695442963565284], [-3.2322589070715897, 50.69592567872775]]]}}, {"type": "Feature", "properties": {"type": "postcode-cell", "postcode": "EX10 9LQ", "postcodes": ["EX10 9LQ"]}, "geometry": {"type": "Polygon", "coordinates": [[[-3.231602729035378, 50.69731164681826], [-3.2307205347331815, 50.69733441061623], [-3.22951687958781, 50.69719648082732], [-3.2279723334383026, 50.6965251010152], [-3.2312601329639783, 50.69571864731037], [-3.2322589070715897, 50.69592567872775], [-3.232587285255586, 50.696805444733364], [-3.231602729035378, 50.69731164681826]]]}}, {"type": "Feature", "properties": {"type": "postcode-cell", "postcode": "EX10 9LS", "postcodes": ["EX10 9LS"]}, "geometry": {"type": "Polygon", "coordinates": [[[-3.232021142566652, 50.69887685717044], [-3.2316080748862714, 50.698618516272255], [-3.2307205347331815, 50.69733441061623], [-3.231602729035378, 50.69731164681826], [-3.2328924345837105, 50.69818990357032], [-3.232021142566652, 50.69887685717044]]]}}, {"type": "Feature", "properties": {"type": "postcode-cell", "postcode": "EX10 9NN", "postcodes": ["EX10 9NN"]}, "geometry": {"type": "Polygon", "coordinates": [[[-3.2336233784797126, 50.70179876598452], [-3.2328374492867917, 50.70288562294093], [-3.2318058570798183, 50.7026409932117], [-3.2317371234787258, 50.70258721617904], [-3.2317145766130744, 50.701693933835415], [-3.2319835530172836, 50.701375567618825], [-3.231988140290464, 50.70137478334416], [-3.2327393892323952, 50.70141370376728], [-3.2336233784797126, 50.70179876598452]]]}}, {"type": "Feature", "properties": {"type": "postcode-cell", "postcode": "EX10 9PU", "postcodes": ["EX10 9PU"]}, "geometry": {"type": "Polygon", "coordinates": [[[-3.2321337329922155, 50.70552840205815], [-3.230128432078042, 50.704844262662625], [-3.2302684207789927, 50.70467231655023], [-3.2302907114952712, 50.70465768847692], [-3.232142325472019, 50.70442393601299], [-3.2321337329922155, 50.70552840205815]]]}}, {"type": "Feature", "properties": {"type": "postcode-cell", "postcode": "EX10 9LE", "postcodes": ["EX10 9LE"]}, "geometry": {"type": "Polygon", "coordinates": [[[-3.231411507823118, 50.69446816713695], [-3.2315887089021484, 50.69504936868056], [-3.2312601329639783, 50.69571864731037], [-3.2279723334383026, 50.6965251010152], [-3.2269948722807418, 50.6963370116546], [-3.226699989571387, 50.696179994727224], [-3.2263638689032095, 50.69621558475532], [-3.225756818497422, 50.696098763407136], [-3.2254799895709234, 50.6955899947268], [-3.2286699895734614, 50.6944099947258], [-3.2288468410366318, 50.69313667765987], [-3.231411507823118, 50.69446816713695]]]}}, {"type": "Feature", "properties": {"type": "postcode-cell", "postcode": "EX10 9NE", "postcodes": ["EX10 9NE"]}, "geometry": {"type": "Polygon", "coordinates": [[[-3.2319946934111043, 50.69900075821834], [-3.2311124296104015, 50.699254623030754], [-3.230056002629369, 50.698886101043904], [-3.2300420085915778, 50.69851140830231], [-3.2316080748862714, 50.698618516272255], [-3.232021142566652, 50.69887685717044], [-3.2319946934111043, 50.69900075821834]]]}}, {"type": "Feature", "properties": {"type": "postcode-cell", "postcode": "EX10 9SS", "postcodes": ["EX10 9SS"]}, "geometry": {"type": "Polygon", "coordinates": [[[-3.232606946914419, 50.70406432049249], [-3.232142325472019, 50.70442393601299], [-3.2302907114952712, 50.70465768847692], [-3.2307102313462837, 50.70361292399676], [-3.2309576521731516, 50.70357400305971], [-3.232606946914419, 50.70406432049249]]]}}, {"type": "Feature", "properties": {"type": "postcode-cell", "postcode": "EX10 9PB", "postcodes": ["EX10 9PB"]}, "geometry": {"type": "Polygon", "coordinates": [[[-3.2317371234787258, 50.70258721617904], [-3.2303407697781314, 50.702538748120794], [-3.2303805079695347, 50.701838250061236], [-3.2317145766130744, 50.701693933835415], [-3.2317371234787258, 50.70258721617904]]]}}, {"type": "Feature", "properties": {"type": "postcode-cell", "postcode": "EX10 9SN", "postcodes": ["EX10 9SN"]}, "geometry": {"type": "Polygon", "coordinates": [[[-3.2318058570798183, 50.7026409932117], [-3.2309576521731516, 50.70357400305971], [-3.2307102313462837, 50.70361292399676], [-3.2301239996730793, 50.70335864437457], [-3.2300163801244457, 50.70322139698912], [-3.230113692229975, 50.70263699206858], [-3.2303407697781314, 50.702538748120794], [-3.2317371234787258, 50.70258721617904], [-3.2318058570798183, 50.7026409932117]]]}}, {"type": "Feature", "properties": {"type": "postcode-cell", "postcode": "EX10 9LX", "postcodes": ["EX10 9LX"]}, "geometry": {"type": "Polygon", "coordinates": [[[-3.2316080748862714, 50.698618516272255], [-3.2300420085915778, 50.69851140830231], [-3.22951687958781, 50.69719648082732], [-3.2307205347331815, 50.69733441061623], [-3.2316080748862714, 50.698618516272255]]]}}, {"type": "Feature", "properties": {"type": "postcode-cell", "postcode": "EX10 9SP", "postcodes": ["EX10 9SP"]}, "geometry": {"type": "Polygon", "coordinates": [[[-3.2302684207789927, 50.70467231655023], [-3.229314114440576, 50.70383291445998], [-3.2301239996730793, 50.70335864437457], [-3.2307102313462837, 50.70361292399676], [-3.2302907114952712, 50.70465768847692], [-3.2302684207789927, 50.70467231655023]]]}}, {"type": "Feature", "properties": {"type": "postcode-cell", "postcode": "EX10 9NF", "postcodes": ["EX10 9NF"]}, "geometry": {"type": "MultiPolygon", "coordinates": [[[[-3.230056002629369, 50.698886101043904], [-3.2294262458759633, 50.69932482810642], [-3.227111912446547, 50.699383607765505], [-3.2251039189261683, 50.69861024363378], [-3.2251199895694773, 50.69809999472874], [-3.2259199895700514, 50.69792999472858], [-3.2250899895698635, 50.697269994728096], [-3.225849989570356, 50.697219994728044], [-3.226569989570584, 50.69765999472837], [-3.2266899895710677, 50.69681999472775], [-3.2274699895716594, 50.69658999472753], [-3.2269948722807418, 50.6963370116546], [-3.2279723334383026, 50.6965251010152], [-3.22951687958781, 50.69719648082732], [-3.2300420085915778, 50.69851140830231], [-3.230056002629369, 50.698886101043904]]], [[[-3.2263638689032095, 50.69621558475532], [-3.2258499895708193, 50.6962699947273], [-3.225756818497422, 50.696098763407136], [-3.2263638689032095, 50.69621558475532]]]]}}, {"type": "Feature", "properties": {"type": "postcode-cell", "postcode": "EX10 9LZ", "postcodes": ["EX10 9LZ"]}, "geometry": {"type": "Polygon", "coordinates": [[[-3.23136187170737, 50.70104402876972], [-3.230867561167976, 50.70101539405515], [-3.2301478755529556, 50.700787917362014], [-3.229959872410077, 50.700279562812185], [-3.2301202198295123, 50.700108716678976], [-3.23089137939235, 50.69996414861464], [-3.2313952342039527, 50.700150872981], [-3.23136187170737, 50.70104402876972]]]}}, {"type": "Feature", "properties": {"type": "postcode-cell", "postcode": "EX10 9NB", "postcodes": ["EX10 9NB"]}, "geometry": {"type": "Polygon", "coordinates": [[[-3.23089137939235, 50.69996414861464], [-3.2301202198295123, 50.700108716678976], [-3.2294262458759633, 50.69932482810642], [-3.230056002629369, 50.698886101043904], [-3.2311124296104015, 50.699254623030754], [-3.23089137939235, 50.69996414861464]]]}}, {"type": "Feature", "properties": {"type": "postcode-cell", "postcode": "EX10 9PA", "postcodes": ["EX10 9PA"]}, "geometry": {"type": "Polygon", "coordinates": [[[-3.2317145766130744, 50.701693933835415], [-3.2303805079695347, 50.701838250061236], [-3.2303696461060842, 50.70183207050721], [-3.230222935703908, 50.70164276316419], [-3.230867561167976, 50.70101539405515], [-3.23136187170737, 50.70104402876972], [-3.2319835530172836, 50.701375567618825], [-3.2317145766130744, 50.701693933835415]]]}}, {"type": "Feature", "properties": {"type": "postcode-cell", "postcode": "EX10 9QX", "postcodes": ["EX10 9QX"]}, "geometry": {"type": "Polygon", "coordinates": [[[-3.224592309875886, 50.69958801197312], [-3.226284688073765, 50.70095942714385], [-3.226481453192291, 50.70184730687702], [-3.2258527788594753, 50.70199371660548], [-3.225611010964726, 50.701992462907576], [-3.2247061894541593, 50.70160180094534], [-3.224592309875886, 50.69958801197312]]]}}, {"type": "Feature", "properties": {"type": "postcode-cell", "postcode": "EX10 9SR", "postcodes": ["EX10 9SR"]}, "geometry": {"type": "Polygon", "coordinates": [[[-3.2302684207789927, 50.70467231655023], [-3.230128432078042, 50.704844262662625], [-3.2301010507366104, 50.704858369810076], [-3.2284610271291214, 50.704378978978674], [-3.2285554139266583, 50.70394838551108], [-3.2289560594460966, 50.7038305885597], [-3.229314114440576, 50.70383291445998], [-3.2302684207789927, 50.70467231655023]]]}}, {"type": "Feature", "properties": {"type": "postcode-cell", "postcode": "EX10 9JU", "postcodes": ["EX10 9JU"]}, "geometry": {"type": "Polygon", "coordinates": [[[-3.2303407697781314, 50.702538748120794], [-3.230113692229975, 50.70263699206858], [-3.2298733171627054, 50.70257312608586], [-3.229247896655072, 50.702106657371345], [-3.2293021750732223, 50.70202262997571], [-3.2303696461060842, 50.70183207050721], [-3.2303805079695347, 50.701838250061236], [-3.2303407697781314, 50.702538748120794]]]}}, {"type": "Feature", "properties": {"type": "postcode-cell", "postcode": "EX10 9NX", "postcodes": ["EX10 9NX"]}, "geometry": {"type": "Polygon", "coordinates": [[[-3.230222935703908, 50.70164276316419], [-3.229586990528972, 50.70135190541367], [-3.229795326951061, 50.701043142459696], [-3.2301478755529556, 50.700787917362014], [-3.230867561167976, 50.70101539405515], [-3.230222935703908, 50.70164276316419]]]}}, {"type": "Feature", "properties": {"type": "postcode-cell", "postcode": "EX10 9PX", "postcodes": ["EX10 9PX"]}, "geometry": {"type": "Polygon", "coordinates": [[[-3.229795326951061, 50.701043142459696], [-3.2285593681082876, 50.70066409938021], [-3.2284439383762065, 50.70041646067719], [-3.229959872410077, 50.700279562812185], [-3.2301478755529556, 50.700787917362014], [-3.229795326951061, 50.701043142459696]]]}}, {"type": "Feature", "properties": {"type": "postcode-cell", "postcode": "EX10 9NY", "postcodes": ["EX10 9NY"]}, "geometry": {"type": "Polygon", "coordinates": [[[-3.230222935703908, 50.70164276316419], [-3.2303696461060842, 50.70183207050721], [-3.2293021750732223, 50.70202262997571], [-3.229255533487767, 50.70166187499354], [-3.22944418252617, 50.70138936185346], [-3.229586990528972, 50.70135190541367], [-3.230222935703908, 50.70164276316419]]]}}, {"type": "Feature", "properties": {"type": "postcode-cell", "postcode": "EX10 9PE", "postcodes": ["EX10 9PE"]}, "geometry": {"type": "Polygon", "coordinates": [[[-3.230113692229975, 50.70263699206858], [-3.2300163801244457, 50.70322139698912], [-3.2290232133863532, 50.703184312681735], [-3.2287202278925724, 50.70306041245138], [-3.2288460417849767, 50.70275124575557], [-3.2298733171627054, 50.70257312608586], [-3.230113692229975, 50.70263699206858]]]}}, {"type": "Feature", "properties": {"type": "postcode-cell", "postcode": "EX10 9FN", "postcodes": ["EX10 9FN"]}, "geometry": {"type": "Polygon", "coordinates": [[[-3.2298733171627054, 50.70257312608586], [-3.2288460417849767, 50.70275124575557], [-3.2285140699196253, 50.70233929455212], [-3.228667312597836, 50.7022104832791], [-3.229247896655072, 50.702106657371345], [-3.2298733171627054, 50.70257312608586]]]}}, {"type": "Feature", "properties": {"type": "postcode-cell", "postcode": "EX10 9NA", "postcodes": ["EX10 9NA"]}, "geometry": {"type": "Polygon", "coordinates": [[[-3.229959872410077, 50.700279562812185], [-3.2284439383762065, 50.70041646067719], [-3.228040828027659, 50.70024587843028], [-3.227111912446547, 50.699383607765505], [-3.2294262458759633, 50.69932482810642], [-3.2301202198295123, 50.700108716678976], [-3.229959872410077, 50.700279562812185]]]}}, {"type": "Feature", "properties": {"type": "postcode-cell", "postcode": "EX10 9JT", "postcodes": ["EX10 9JT"]}, "geometry": {"type": "Polygon", "coordinates": [[[-3.229247896655072, 50.702106657371345], [-3.228667312597836, 50.7022104832791], [-3.2283649936931424, 50.70170555741927], [-3.229255533487767, 50.70166187499354], [-3.2293021750732223, 50.70202262997571], [-3.229247896655072, 50.702106657371345]]]}}, {"type": "Feature", "properties": {"type": "postcode-cell", "postcode": "EX10 9NZ", "postcodes": ["EX10 9NZ"]}, "geometry": {"type": "Polygon", "coordinates": [[[-3.229586990528972, 50.70135190541367], [-3.22944418252617, 50.70138936185346], [-3.2285994693536595, 50.70115012676981], [-3.2285593681082876, 50.70066409938021], [-3.229795326951061, 50.701043142459696], [-3.229586990528972, 50.70135190541367]]]}}, {"type": "Feature", "properties": {"type": "postcode-cell", "postcode": "EX10 9SW", "postcodes": ["EX10 9SW"]}, "geometry": {"type": "Polygon", "coordinates": [[[-3.2301239996730793, 50.70335864437457], [-3.229314114440576, 50.70383291445998], [-3.2289560594460966, 50.7038305885597], [-3.2290232133863532, 50.703184312681735], [-3.2300163801244457, 50.70322139698912], [-3.2301239996730793, 50.70335864437457]]]}}, {"type": "Feature", "properties": {"type": "postcode-cell", "postcode": "EX10 9EN", "postcodes": ["EX10 9EN"]}, "geometry": {"type": "Polygon", "coordinates": [[[-3.2290232133863532, 50.703184312681735], [-3.2289560594460966, 50.7038305885597], [-3.2285554139266583, 50.70394838551108], [-3.2282041535583725, 50.70371908593962], [-3.2284083677406263, 50.70312921718762], [-3.2287202278925724, 50.70306041245138], [-3.2290232133863532, 50.703184312681735]]]}}, {"type": "Feature", "properties": {"type": "postcode-cell", "postcode": "EX10 9NH", "postcodes": ["EX10 9NH"]}, "geometry": {"type": "Polygon", "coordinates": [[[-3.2285593681082876, 50.70066409938021], [-3.2285994693536595, 50.70115012676981], [-3.2280396632138935, 50.70151746895811], [-3.227729662440483, 50.70153706059793], [-3.2274149287722467, 50.701120606335785], [-3.228040828027659, 50.70024587843028], [-3.2284439383762065, 50.70041646067719], [-3.2285593681082876, 50.70066409938021]]]}}, {"type": "Feature", "properties": {"type": "postcode-cell", "postcode": "EX10 9NU", "postcodes": ["EX10 9NU"]}, "geometry": {"type": "Polygon", "coordinates": [[[-3.229255533487767, 50.70166187499354], [-3.2283649936931424, 50.70170555741927], [-3.2280396632138935, 50.70151746895811], [-3.2285994693536595, 50.70115012676981], [-3.22944418252617, 50.70138936185346], [-3.229255533487767, 50.70166187499354]]]}}, {"type": "Feature", "properties": {"type": "postcode-cell", "postcode": "EX10 9PY", "postcodes": ["EX10 9PY"]}, "geometry": {"type": "Polygon", "coordinates": [[[-3.2244800846438073, 50.69936142491729], [-3.225079989568834, 50.69936999472973], [-3.2251039189261683, 50.69861024363378], [-3.227111912446547, 50.699383607765505], [-3.228040828027659, 50.70024587843028], [-3.2274149287722467, 50.701120606335785], [-3.226284688073765, 50.70095942714385], [-3.224592309875886, 50.69958801197312], [-3.2244800846438073, 50.69936142491729]]]}}, {"type": "Feature", "properties": {"type": "postcode-cell", "postcode": "EX10 9PD", "postcodes": ["EX10 9PD"]}, "geometry": {"type": "Polygon", "coordinates": [[[-3.2287202278925724, 50.70306041245138], [-3.2284083677406263, 50.70312921718762], [-3.2277289710067976, 50.70293484086492], [-3.2275871423633458, 50.70286069771463], [-3.228332591038333, 50.7023582149588], [-3.2285140699196253, 50.70233929455212], [-3.2288460417849767, 50.70275124575557], [-3.2287202278925724, 50.70306041245138]]]}}, {"type": "Feature", "properties": {"type": "postcode-cell", "postcode": "EX10 9QT", "postcodes": ["EX10 9QT"]}, "geometry": {"type": "Polygon", "coordinates": [[[-3.2220264426065084, 50.70335384382603], [-3.2233085088230813, 50.70358995284715], [-3.22358255732884, 50.703919340044045], [-3.222769989564934, 50.704449994733714], [-3.2213927830150726, 50.70406871055788], [-3.2220264426065084, 50.70335384382603]]]}}, {"type": "Feature", "properties": {"type": "postcode-cell", "postcode": "EX10 9PW", "postcodes": ["EX10 9PW"]}, "geometry": {"type": "Polygon", "coordinates": [[[-3.229763270945898, 50.70533659548063], [-3.2288422438243125, 50.705424929349505], [-3.2281603832581878, 50.70513689436855], [-3.2283536492037808, 50.70442664211266], [-3.2284610271291214, 50.704378978978674], [-3.2301010507366104, 50.704858369810076], [-3.229763270945898, 50.70533659548063]]]}}, {"type": "Feature", "properties": {"type": "postcode-cell", "postcode": "EX10 9PL", "postcodes": ["EX10 9PL"]}, "geometry": {"type": "Polygon", "coordinates": [[[-3.2288422438243125, 50.705424929349505], [-3.2270451115390864, 50.70718429978354], [-3.227739989567361, 50.705749994734646], [-3.227556700396571, 50.705218456716445], [-3.2281603832581878, 50.70513689436855], [-3.2288422438243125, 50.705424929349505]]]}}, {"type": "Feature", "properties": {"type": "postcode-cell", "postcode": "EX10 9JS", "postcodes": ["EX10 9JS"]}, "geometry": {"type": "Polygon", "coordinates": [[[-3.2283649936931424, 50.70170555741927], [-3.228667312597836, 50.7022104832791], [-3.2285140699196253, 50.70233929455212], [-3.228332591038333, 50.7023582149588], [-3.2272406541582432, 50.7018970768709], [-3.227729662440483, 50.70153706059793], [-3.2280396632138935, 50.70151746895811], [-3.2283649936931424, 50.70170555741927]]]}}, {"type": "Feature", "properties": {"type": "postcode-cell", "postcode": "EX10 9PF", "postcodes": ["EX10 9PF"]}, "geometry": {"type": "Polygon", "coordinates": [[[-3.2284610271291214, 50.704378978978674], [-3.2283536492037808, 50.70442664211266], [-3.2278507089519564, 50.704416475069735], [-3.227365163397621, 50.70374266718322], [-3.227367337090775, 50.703741195683214], [-3.227702558970333, 50.70369110492913], [-3.2282041535583725, 50.70371908593962], [-3.2285554139266583, 50.70394838551108], [-3.2284610271291214, 50.704378978978674]]]}}, {"type": "Feature", "properties": {"type": "postcode-cell", "postcode": "EX10 9RW", "postcodes": ["EX10 9RW"]}, "geometry": {"type": "Polygon", "coordinates": [[[-3.2284083677406263, 50.70312921718762], [-3.2282041535583725, 50.70371908593962], [-3.227702558970333, 50.70369110492913], [-3.2277289710067976, 50.70293484086492], [-3.2284083677406263, 50.70312921718762]]]}}, {"type": "Feature", "properties": {"type": "postcode-cell", "postcode": "EX10 9NT", "postcodes": ["EX10 9NT"]}, "geometry": {"type": "Polygon", "coordinates": [[[-3.2275871423633458, 50.70286069771463], [-3.2274247879539857, 50.70284697733253], [-3.227084750226449, 50.70274117365311], [-3.2270265500948208, 50.70196315327359], [-3.2272406541582432, 50.7018970768709], [-3.228332591038333, 50.7023582149588], [-3.2275871423633458, 50.70286069771463]]]}}, {"type": "Feature", "properties": {"type": "postcode-cell", "postcode": "EX10 9HJ", "postcodes": ["EX10 9HJ"]}, "geometry": {"type": "Polygon", "coordinates": [[[-3.2261748315653183, 50.70412067244307], [-3.226438476523156, 50.703695385851226], [-3.226667386629452, 50.70367848912753], [-3.2272640649432858, 50.703778798074836], [-3.22681768769976, 50.70433727799135], [-3.2261748315653183, 50.70412067244307]]]}}, {"type": "Feature", "properties": {"type": "postcode-cell", "postcode": "EX10 9PH", "postcodes": ["EX10 9PH"]}, "geometry": {"type": "Polygon", "coordinates": [[[-3.22681768769976, 50.70433727799135], [-3.2269956674607663, 50.70458670960019], [-3.226815934411461, 50.70500746228994], [-3.225461243771518, 50.70470335263986], [-3.2257408462986312, 50.70415422381779], [-3.2261748315653183, 50.70412067244307], [-3.22681768769976, 50.70433727799135]]]}}, {"type": "Feature", "properties": {"type": "postcode-cell", "postcode": "EX10 9RN", "postcodes": ["EX10 9RN"]}, "geometry": {"type": "Polygon", "coordinates": [[[-3.2277289710067976, 50.70293484086492], [-3.227702558970333, 50.70369110492913], [-3.227367337090775, 50.703741195683214], [-3.2272379226534604, 50.703492740211075], [-3.2274247879539857, 50.70284697733253], [-3.2275871423633458, 50.70286069771463], [-3.2277289710067976, 50.70293484086492]]]}}, {"type": "Feature", "properties": {"type": "postcode-cell", "postcode": "EX10 9PQ", "postcodes": ["EX10 9PQ"]}, "geometry": {"type": "Polygon", "coordinates": [[[-3.2281603832581878, 50.70513689436855], [-3.227556700396571, 50.705218456716445], [-3.2275399895675183, 50.705169994734206], [-3.226815934411461, 50.70500746228994], [-3.2269956674607663, 50.70458670960019], [-3.2278507089519564, 50.704416475069735], [-3.2283536492037808, 50.70442664211266], [-3.2281603832581878, 50.70513689436855]]]}}, {"type": "Feature", "properties": {"type": "postcode-cell", "postcode": "EX10 9QY", "postcodes": ["EX10 9QY"]}, "geometry": {"type": "Polygon", "coordinates": [[[-3.2272406541582432, 50.7018970768709], [-3.2270265500948208, 50.70196315327359], [-3.226481453192291, 50.70184730687702], [-3.226284688073765, 50.70095942714385], [-3.2274149287722467, 50.701120606335785], [-3.227729662440483, 50.70153706059793], [-3.2272406541582432, 50.7018970768709]]]}}, {"type": "Feature", "properties": {"type": "postcode-cell", "postcode": "EX10 9PG", "postcodes": ["EX10 9PG"]}, "geometry": {"type": "Polygon", "coordinates": [[[-3.2272640649432858, 50.703778798074836], [-3.227365163397621, 50.70374266718322], [-3.2278507089519564, 50.704416475069735], [-3.2269956674607663, 50.70458670960019], [-3.22681768769976, 50.70433727799135], [-3.2272640649432858, 50.703778798074836]]]}}, {"type": "Feature", "properties": {"type": "postcode-cell", "postcode": "EX10 9RL", "postcodes": ["EX10 9RL"]}, "geometry": {"type": "Polygon", "coordinates": [[[-3.2272379226534604, 50.703492740211075], [-3.226780027792067, 50.70332746801727], [-3.22673535490811, 50.70328064805486], [-3.2267714342682186, 50.70283758676835], [-3.227084750226449, 50.70274117365311], [-3.2274247879539857, 50.70284697733253], [-3.2272379226534604, 50.703492740211075]]]}}, {"type": "Feature", "properties": {"type": "postcode-cell", "postcode": "EX10 9RJ", "postcodes": ["EX10 9RJ"]}, "geometry": {"type": "Polygon", "coordinates": [[[-3.2272640649432858, 50.703778798074836], [-3.226667386629452, 50.70367848912753], [-3.226780027792067, 50.70332746801727], [-3.2272379226534604, 50.703492740211075], [-3.227367337090775, 50.703741195683214], [-3.227365163397621, 50.70374266718322], [-3.2272640649432858, 50.703778798074836]]]}}, {"type": "Feature", "properties": {"type": "postcode-cell", "postcode": "EX10 9FB", "postcodes": ["EX10 9FB"]}, "geometry": {"type": "Polygon", "coordinates": [[[-3.2247061894541593, 50.70160180094534], [-3.225611010964726, 50.701992462907576], [-3.2252052491631202, 50.7026587323138], [-3.225129115964106, 50.70267121248414], [-3.2242450713621404, 50.70251693653407], [-3.224463077220889, 50.70175959819983], [-3.2247061894541593, 50.70160180094534]]]}}, {"type": "Feature", "properties": {"type": "postcode-cell", "postcode": "EX10 9RH", "postcodes": ["EX10 9RH"]}, "geometry": {"type": "Polygon", "coordinates": [[[-3.226780027792067, 50.70332746801727], [-3.226667386629452, 50.70367848912753], [-3.226438476523156, 50.703695385851226], [-3.226343678765243, 50.70361811809854], [-3.2264080615601305, 50.703404170816995], [-3.22673535490811, 50.70328064805486], [-3.226780027792067, 50.70332746801727]]]}}, {"type": "Feature", "properties": {"type": "postcode-cell", "postcode": "EX10 9RG", "postcodes": ["EX10 9RG"]}, "geometry": {"type": "Polygon", "coordinates": [[[-3.22673535490811, 50.70328064805486], [-3.2264080615601305, 50.703404170816995], [-3.226152173657723, 50.70322564909146], [-3.2259879903953723, 50.70307786836407], [-3.2259536746738298, 50.70296007755644], [-3.2262721368267835, 50.70284974058673], [-3.2267714342682186, 50.70283758676835], [-3.22673535490811, 50.70328064805486]]]}}, {"type": "Feature", "properties": {"type": "postcode-cell", "postcode": "EX10 9RQ", "postcodes": ["EX10 9RQ"]}, "geometry": {"type": "Polygon", "coordinates": [[[-3.226343678765243, 50.70361811809854], [-3.2261646574840332, 50.70358310112906], [-3.226152173657723, 50.70322564909146], [-3.2264080615601305, 50.703404170816995], [-3.226343678765243, 50.70361811809854]]]}}, {"type": "Feature", "properties": {"type": "postcode-cell", "postcode": "EX10 9RF", "postcodes": ["EX10 9RF"]}, "geometry": {"type": "Polygon", "coordinates": [[[-3.2267714342682186, 50.70283758676835], [-3.2262721368267835, 50.70284974058673], [-3.2258527788594753, 50.70199371660548], [-3.226481453192291, 50.70184730687702], [-3.2270265500948208, 50.70196315327359], [-3.227084750226449, 50.70274117365311], [-3.2267714342682186, 50.70283758676835]]]}}, {"type": "Feature", "properties": {"type": "postcode-cell", "postcode": "EX10 9RD", "postcodes": ["EX10 9RD"]}, "geometry": {"type": "Polygon", "coordinates": [[[-3.226152173657723, 50.70322564909146], [-3.2261646574840332, 50.70358310112906], [-3.2258555285594834, 50.70354903303999], [-3.2259879903953723, 50.70307786836407], [-3.226152173657723, 50.70322564909146]]]}}, {"type": "Feature", "properties": {"type": "postcode-cell", "postcode": "EX10 9RB", "postcodes": ["EX10 9RB"]}, "geometry": {"type": "Polygon", "coordinates": [[[-3.2259879903953723, 50.70307786836407], [-3.2258555285594834, 50.70354903303999], [-3.2255363024149486, 50.70366667818896], [-3.225519913947255, 50.70315281193882], [-3.225824787813514, 50.70295239826809], [-3.2259536746738298, 50.70296007755644], [-3.2259879903953723, 50.70307786836407]]]}}, {"type": "Feature", "properties": {"type": "postcode-cell", "postcode": "EX10 9RT", "postcodes": ["EX10 9RT"]}, "geometry": {"type": "Polygon", "coordinates": [[[-3.2259536746738298, 50.70296007755644], [-3.225824787813514, 50.70295239826809], [-3.2252052491631202, 50.7026587323138], [-3.225611010964726, 50.701992462907576], [-3.2258527788594753, 50.70199371660548], [-3.2262721368267835, 50.70284974058673], [-3.2259536746738298, 50.70296007755644]]]}}, {"type": "Feature", "properties": {"type": "postcode-cell", "postcode": "EX10 9PP", "postcodes": ["EX10 9PP"]}, "geometry": {"type": "Polygon", "coordinates": [[[-3.226438476523156, 50.703695385851226], [-3.2261748315653183, 50.70412067244307], [-3.2257408462986312, 50.70415422381779], [-3.225380458290251, 50.7038917610402], [-3.2253449336756304, 50.70380127583879], [-3.2255363024149486, 50.70366667818896], [-3.2258555285594834, 50.70354903303999], [-3.2261646574840332, 50.70358310112906], [-3.226343678765243, 50.70361811809854], [-3.226438476523156, 50.703695385851226]]]}}, {"type": "Feature", "properties": {"type": "postcode-cell", "postcode": "EX10 9PJ", "postcodes": ["EX10 9PJ"]}, "geometry": {"type": "Polygon", "coordinates": [[[-3.225380458290251, 50.7038917610402], [-3.2257408462986312, 50.70415422381779], [-3.225461243771518, 50.70470335263986], [-3.2241930443162974, 50.7044186411745], [-3.225380458290251, 50.7038917610402]]]}}, {"type": "Feature", "properties": {"type": "postcode-cell", "postcode": "EX10 9EP", "postcodes": ["EX10 9EP"]}, "geometry": {"type": "Polygon", "coordinates": [[[-3.225380458290251, 50.7038917610402], [-3.2241930443162974, 50.7044186411745], [-3.2241804234978084, 50.704415807706845], [-3.2245698741602173, 50.70350768355173], [-3.224960168417582, 50.70362326639152], [-3.2253449336756304, 50.70380127583879], [-3.225380458290251, 50.7038917610402]]]}}, {"type": "Feature", "properties": {"type": "postcode-cell", "postcode": "EX10 9RA", "postcodes": ["EX10 9RA"]}, "geometry": {"type": "Polygon", "coordinates": [[[-3.2253449336756304, 50.70380127583879], [-3.224960168417582, 50.70362326639152], [-3.22543436633885, 50.70317301297051], [-3.225519913947255, 50.70315281193882], [-3.2255363024149486, 50.70366667818896], [-3.2253449336756304, 50.70380127583879]]]}}, {"type": "Feature", "properties": {"type": "postcode-cell", "postcode": "EX10 9RS", "postcodes": ["EX10 9RS"]}, "geometry": {"type": "Polygon", "coordinates": [[[-3.225519913947255, 50.70315281193882], [-3.22543436633885, 50.70317301297051], [-3.2247864714276213, 50.70316372226795], [-3.225129115964106, 50.70267121248414], [-3.2252052491631202, 50.7026587323138], [-3.225824787813514, 50.70295239826809], [-3.225519913947255, 50.70315281193882]]]}}, {"type": "Feature", "properties": {"type": "postcode-cell", "postcode": "EX10 9RE", "postcodes": ["EX10 9RE"]}, "geometry": {"type": "Polygon", "coordinates": [[[-3.224960168417582, 50.70362326639152], [-3.2245698741602173, 50.70350768355173], [-3.224407271395124, 50.70338367842135], [-3.2247864714276213, 50.70316372226795], [-3.22543436633885, 50.70317301297051], [-3.224960168417582, 50.70362326639152]]]}}, {"type": "Feature", "properties": {"type": "postcode-cell", "postcode": "EX10 9QU", "postcodes": ["EX10 9QU"]}, "geometry": {"type": "Polygon", "coordinates": [[[-3.224407271395124, 50.70338367842135], [-3.2243363449579086, 50.70336778085243], [-3.2240058265921205, 50.70263543176541], [-3.2242450713621404, 50.70251693653407], [-3.225129115964106, 50.70267121248414], [-3.2247864714276213, 50.70316372226795], [-3.224407271395124, 50.70338367842135]]]}}, {"type": "Feature", "properties": {"type": "postcode-cell", "postcode": "EX10 9QS", "postcodes": ["EX10 9QS"]}, "geometry": {"type": "Polygon", "coordinates": [[[-3.2233085088230813, 50.70358995284715], [-3.2243363449579086, 50.70336778085243], [-3.224407271395124, 50.70338367842135], [-3.2245698741602173, 50.70350768355173], [-3.2241804234978084, 50.704415807706845], [-3.2241099895657834, 50.70439999473365], [-3.2237499895658503, 50.7038099947332], [-3.22358255732884, 50.703919340044045], [-3.2233085088230813, 50.70358995284715]]]}}, {"type": "Feature", "properties": {"type": "postcode-cell", "postcode": "EX10 9RR", "postcodes": ["EX10 9RR"]}, "geometry": {"type": "MultiPolygon", "coordinates": [[[[-3.2240058265921205, 50.70263543176541], [-3.2230006581221313, 50.70260722142577], [-3.222951547513353, 50.701914237812865], [-3.224463077220889, 50.70175959819983], [-3.2242450713621404, 50.70251693653407], [-3.2240058265921205, 50.70263543176541]]], [[[-3.2219909209644664, 50.702578874099025], [-3.2219645729140214, 50.70254078496729], [-3.2220919029007375, 50.70258170945785], [-3.2219909209644664, 50.702578874099025]]]]}}, {"type": "Feature", "properties": {"type": "postcode-cell", "postcode": "EX10 9QP", "postcodes": ["EX10 9QP"]}, "geometry": {"type": "Polygon", "coordinates": [[[-3.2220264426065084, 50.70335384382603], [-3.2219909209644664, 50.702578874099025], [-3.2220919029007375, 50.70258170945785], [-3.223019989565854, 50.7028799947325], [-3.2230006581221313, 50.70260722142577], [-3.2240058265921205, 50.70263543176541], [-3.2243363449579086, 50.70336778085243], [-3.2233085088230813, 50.70358995284715], [-3.2220264426065084, 50.70335384382603]]]}}, {"type": "Feature", "properties": {"type": "postcode-cell", "postcode": "EX10 9QN", "postcodes": ["EX10 9QN"]}, "geometry": {"type": "Polygon", "coordinates": [[[-3.2219909209644664, 50.702578874099025], [-3.2220264426065084, 50.70335384382603], [-3.2213927830150726, 50.70406871055788], [-3.220349989563772, 50.70377999473324], [-3.2192728201340137, 50.70378608363762], [-3.2194356036645173, 50.70299528227228], [-3.2215662411625132, 50.70241275779621], [-3.2219645729140214, 50.70254078496729], [-3.2219909209644664, 50.702578874099025]]]}}, {"type": "Feature", "properties": {"type": "postcode-cell", "postcode": "EX10 9QL", "postcodes": ["EX10 9QL"]}, "geometry": {"type": "Polygon", "coordinates": [[[-3.2193654617761336, 50.70229107032725], [-3.219199311879687, 50.701651964127706], [-3.2205509416860587, 50.70208642264912], [-3.2193654617761336, 50.70229107032725]]]}}, {"type": "Feature", "properties": {"type": "postcode-cell", "postcode": "EX10 9QW", "postcodes": ["EX10 9QW"]}, "geometry": {"type": "Polygon", "coordinates": [[[-3.2194356036645173, 50.70299528227228], [-3.219054308756204, 50.7025680968814], [-3.2193654617761336, 50.70229107032725], [-3.2205509416860587, 50.70208642264912], [-3.2215662411625132, 50.70241275779621], [-3.2194356036645173, 50.70299528227228]]]}}, {"type": "Feature", "properties": {"type": "postcode-cell", "postcode": "EX10 9RP", "postcodes": ["EX10 9RP"]}, "geometry": {"type": "Polygon", "coordinates": [[[-3.219054308756204, 50.7025680968814], [-3.2194356036645173, 50.70299528227228], [-3.2192728201340137, 50.70378608363762], [-3.218579989562678, 50.70378999473327], [-3.218199989562176, 50.704339994733715], [-3.21771998956193, 50.70423999473365], [-3.2183847194697646, 50.702454153734024], [-3.219054308756204, 50.7025680968814]]]}}, {"type": "Feature", "properties": {"type": "postcode-cell", "postcode": "EX10 9QH", "postcodes": ["EX10 9QH"]}, "geometry": {"type": "Polygon", "coordinates": [[[-3.2193654617761336, 50.70229107032725], [-3.219054308756204, 50.7025680968814], [-3.2183847194697646, 50.702454153734024], [-3.2183899895632213, 50.70243999473223], [-3.2181206905365625, 50.70238741167395], [-3.218617538204765, 50.70146495548727], [-3.219199311879687, 50.701651964127706], [-3.2193654617761336, 50.70229107032725]]]}}]}