{"type": "FeatureCollection", "features": [{"type": "Feature", "properties": {"type": "ward-outline", "name": "South Brent"}, "geometry": {"type": "Polygon", "coordinates": [[[-3.8756, 50.54243], [-3.87501, 50.5411], [-3.87533, 50.54018], [-3.87504, 50.5378], [-3.87276, 50.53602], [-3.87201, 50.53447], [-3.87144, 50.53414], [-3.8664, 50.53454], [-3.86321, 50.53446], [-3.86159, 50.53408], [-3.85856, 50.53258], [-3.85539, 50.53314], [-3.85306, 50.53544], [-3.85164, 50.53615], [-3.84474, 50.53443], [-3.84335, 50.53331], [-3.84405, 50.53175], [-3.84385, 50.53104], [-3.84269, 50.53049], [-3.84033, 50.5302], [-3.83656, 50.52746], [-3.83611, 50.52669], [-3.83658, 50.52529], [-3.83716, 50.52489], [-3.83631, 50.52331], [-3.8293, 50.51827], [-3.82722, 50.51641], [-3.82529, 50.51679], [-3.82259, 50.51661], [-3.82185, 50.51693], [-3.82024, 50.51919], [-3.81999, 50.52204], [-3.81821, 50.52504], [-3.81731, 50.5253], [-3.81541, 50.52518], [-3.81371, 50.52541], [-3.81358, 50.52596], [-3.81457, 50.52738], [-3.81493, 50.52949], [-3.8111, 50.53086], [-3.80896, 50.53282], [-3.8055, 50.53289], [-3.80521, 50.53388], [-3.80389, 50.53542], [-3.80198, 50.53676], [-3.80088, 50.53693], [-3.79947, 50.53639], [-3.79836, 50.53496], [-3.79487, 50.53256], [-3.7977, 50.52988], [-3.798, 50.52583], [-3.79964, 50.52274], [-3.7995, 50.5217], [-3.79817, 50.52095], [-3.79427, 50.52084], [-3.79115, 50.52144], [-3.78941, 50.52122], [-3.78802, 50.52055], [-3.78476, 50.51772], [-3.78537, 50.51355], [-3.7875, 50.50998], [-3.7863, 50.50742], [-3.7871, 50.50501], [-3.78823, 50.50381], [-3.79166, 50.5023], [-3.79177, 50.50143], [-3.79069, 50.50017], [-3.78922, 50.49941], [-3.78557, 50.49872], [-3.78041, 50.49883], [-3.7784, 50.49855], [-3.77638, 50.49734], [-3.77586, 50.49559], [-3.77909, 50.49491], [-3.78293, 50.49473], [-3.78717, 50.4949], [-3.79073, 50.49561], [-3.78951, 50.49295], [-3.7922, 50.49299], [-3.79529, 50.49197], [-3.79434, 50.49], [-3.79515, 50.48968], [-3.79816, 50.48943], [-3.79697, 50.48729], [-3.79485, 50.48641], [-3.79303, 50.48394], [-3.79113, 50.48226], [-3.79428, 50.48098], [-3.7933, 50.48005], [-3.79324, 50.47843], [-3.79225, 50.47849], [-3.7919, 50.47781], [-3.78888, 50.47826], [-3.78613, 50.47774], [-3.78698, 50.47704], [-3.78728, 50.4756], [-3.78628, 50.47545], [-3.7866, 50.4732], [-3.78731, 50.47197], [-3.78678, 50.47207], [-3.78641, 50.47263], [-3.78487, 50.4729], [-3.78445, 50.47332], [-3.78201, 50.47229], [-3.78101, 50.47002], [-3.77979, 50.46859], [-3.77882, 50.46588], [-3.77667, 50.46395], [-3.77597, 50.46415], [-3.77425, 50.46355], [-3.77292, 50.46349], [-3.77227, 50.46438], [-3.76814, 50.46706], [-3.76582, 50.46669], [-3.76414, 50.46749], [-3.76204, 50.46774], [-3.75886, 50.46682], [-3.75873, 50.46468], [-3.75792, 50.4633], [-3.75625, 50.4616], [-3.75484, 50.46115], [-3.75235, 50.46083], [-3.74868, 50.46123], [-3.74494, 50.46244], [-3.74296, 50.46343], [-3.74054, 50.46364], [-3.73865, 50.46327], [-3.73369, 50.46156], [-3.73047, 50.45971], [-3.7295, 50.45946], [-3.72963, 50.45906], [-3.73107, 50.4584], [-3.73016, 50.45794], [-3.73163, 50.45756], [-3.73848, 50.4544], [-3.73993, 50.45216], [-3.74207, 50.44991], [-3.74631, 50.44935], [-3.74773, 50.4486], [-3.74746, 50.4482], [-3.74836, 50.44775], [-3.74952, 50.44618], [-3.7488, 50.44462], [-3.74898, 50.44348], [-3.74828, 50.44234], [-3.74945, 50.44209], [-3.75056, 50.44054], [-3.75263, 50.44083], [-3.75462, 50.44173], [-3.75533, 50.44082], [-3.75607, 50.44139], [-3.75672, 50.44285], [-3.76005, 50.44037], [-3.76122, 50.43906], [-3.75872, 50.43838], [-3.75808, 50.43715], [-3.75951, 50.43702], [-3.75813, 50.43675], [-3.75891, 50.43384], [-3.76033, 50.43299], [-3.76275, 50.43277], [-3.76358, 50.43205], [-3.76536, 50.43143], [-3.76498, 50.42875], [-3.76652, 50.42728], [-3.7688, 50.42765], [-3.7689, 50.42824], [-3.77051, 50.42872], [-3.77051, 50.42834], [-3.7716, 50.42811], [-3.77253, 50.42814], [-3.77262, 50.42853], [-3.7743, 50.42847], [-3.77564, 50.42899], [-3.77759, 50.4289], [-3.77832, 50.42838], [-3.77905, 50.42699], [-3.78086, 50.42623], [-3.78226, 50.42614], [-3.78464, 50.42533], [-3.78619, 50.42433], [-3.78554, 50.42407], [-3.78476, 50.42265], [-3.7845, 50.42068], [-3.78376, 50.41903], [-3.78093, 50.41839], [-3.77956, 50.41755], [-3.776, 50.4163], [-3.77209, 50.41646], [-3.76209, 50.41841], [-3.76046, 50.41852], [-3.76, 50.41823], [-3.75728, 50.41786], [-3.75776, 50.41514], [-3.75888, 50.41302], [-3.75861, 50.41194], [-3.75769, 50.41155], [-3.75766, 50.41058], [-3.75781, 50.41021], [-3.75944, 50.40951], [-3.75809, 50.40813], [-3.75771, 50.40641], [-3.75526, 50.40458], [-3.75422, 50.40441], [-3.74911, 50.402], [-3.74829, 50.40042], [-3.74861, 50.40012], [-3.74825, 50.39899], [-3.7473, 50.39743], [-3.7451, 50.39664], [-3.74441, 50.39685], [-3.74417, 50.39664], [-3.74284, 50.3967], [-3.74223, 50.39619], [-3.74165, 50.39644], [-3.7408, 50.39614], [-3.73983, 50.39662], [-3.73895, 50.3961], [-3.74201, 50.3945], [-3.74314, 50.39428], [-3.74453, 50.39287], [-3.74549, 50.39253], [-3.7456, 50.39169], [-3.7447, 50.39063], [-3.74335, 50.3907], [-3.74214, 50.3897], [-3.74176, 50.38813], [-3.73696, 50.38879], [-3.7361, 50.38909], [-3.73591, 50.38969], [-3.73494, 50.39016], [-3.73086, 50.38578], [-3.73093, 50.38506], [-3.72911, 50.38105], [-3.73232, 50.37932], [-3.7332, 50.37773], [-3.73513, 50.37628], [-3.73539, 50.3758], [-3.73495, 50.37486], [-3.73354, 50.3751], [-3.73375, 50.37407], [-3.73482, 50.37344], [-3.74137, 50.37224], [-3.74401, 50.37116], [-3.74293, 50.37001], [-3.74061, 50.36605], [-3.74372, 50.36234], [-3.74709, 50.36008], [-3.75149, 50.36031], [-3.75457, 50.36003], [-3.7574, 50.36011], [-3.75806, 50.36045], [-3.76118, 50.36044], [-3.76249, 50.36002], [-3.76624, 50.3598], [-3.76985, 50.35913], [-3.7754, 50.35876], [-3.78014, 50.35718], [-3.78387, 50.35673], [-3.78442, 50.35709], [-3.78438, 50.3576], [-3.78616, 50.35673], [-3.78735, 50.35679], [-3.78712, 50.3587], [-3.78831, 50.36031], [-3.78688, 50.3627], [-3.78581, 50.36342], [-3.78523, 50.36436], [-3.78744, 50.36552], [-3.78901, 50.36418], [-3.78974, 50.36444], [-3.79274, 50.3644], [-3.79735, 50.36502], [-3.79822, 50.36446], [-3.80428, 50.36341], [-3.80581, 50.3639], [-3.80653, 50.36367], [-3.80729, 50.36387], [-3.80645, 50.36443], [-3.80717, 50.36461], [-3.80819, 50.36448], [-3.80985, 50.36366], [-3.81239, 50.36365], [-3.81424, 50.36277], [-3.81811, 50.3631], [-3.82294, 50.36221], [-3.82444, 50.36459], [-3.82428, 50.36624], [-3.82287, 50.36766], [-3.82245, 50.369], [-3.82095, 50.37077], [-3.82145, 50.37263], [-3.81908, 50.37344], [-3.81721, 50.37463], [-3.81494, 50.37423], [-3.81094, 50.37647], [-3.8094, 50.37657], [-3.80541, 50.37791], [-3.80589, 50.37897], [-3.80836, 50.38037], [-3.80911, 50.3815], [-3.8109, 50.38098], [-3.81463, 50.38124], [-3.82044, 50.38071], [-3.82178, 50.38311], [-3.82327, 50.38389], [-3.82465, 50.38393], [-3.82474, 50.38419], [-3.82378, 50.3843], [-3.82555, 50.38466], [-3.82631, 50.38561], [-3.82718, 50.38575], [-3.82732, 50.38531], [-3.82791, 50.38528], [-3.82798, 50.38581], [-3.83029, 50.38568], [-3.83047, 50.38695], [-3.83133, 50.38795], [-3.83236, 50.38843], [-3.83497, 50.39139], [-3.83506, 50.39228], [-3.83394, 50.39281], [-3.83217, 50.39354], [-3.82955, 50.39404], [-3.82899, 50.39474], [-3.82585, 50.39503], [-3.82496, 50.39546], [-3.825, 50.396], [-3.82423, 50.39633], [-3.81991, 50.3959], [-3.81929, 50.39605], [-3.82032, 50.39789], [-3.81903, 50.39911], [-3.8193, 50.40031], [-3.81858, 50.40101], [-3.82045, 50.40149], [-3.82152, 50.40061], [-3.82359, 50.4016], [-3.82355, 50.40234], [-3.82493, 50.40253], [-3.82343, 50.40358], [-3.82205, 50.40572], [-3.82295, 50.40689], [-3.82182, 50.40695], [-3.82171, 50.40662], [-3.8209, 50.40665], [-3.82203, 50.40776], [-3.82014, 50.40827], [-3.81847, 50.40927], [-3.81926, 50.40977], [-3.81853, 50.41095], [-3.81929, 50.41102], [-3.81826, 50.41238], [-3.82006, 50.41275], [-3.82339, 50.41273], [-3.82565, 50.41311], [-3.83172, 50.41314], [-3.83286, 50.41403], [-3.83354, 50.414], [-3.83384, 50.4152], [-3.83471, 50.4154], [-3.83566, 50.41514], [-3.83613, 50.4153], [-3.83582, 50.41567], [-3.83706, 50.41557], [-3.84012, 50.41599], [-3.84127, 50.41565], [-3.84283, 50.41606], [-3.84289, 50.41638], [-3.84358, 50.41598], [-3.84487, 50.4168], [-3.84721, 50.4162], [-3.84821, 50.41755], [-3.84917, 50.41789], [-3.84914, 50.41822], [-3.85092, 50.41809], [-3.85132, 50.41852], [-3.85218, 50.41845], [-3.85236, 50.419], [-3.85342, 50.41873], [-3.85479, 50.41962], [-3.85492, 50.42008], [-3.85647, 50.42078], [-3.8575, 50.4205], [-3.85813, 50.42092], [-3.85979, 50.42105], [-3.86032, 50.42219], [-3.86242, 50.42364], [-3.86397, 50.42449], [-3.86472, 50.42434], [-3.86546, 50.42519], [-3.86659, 50.42564], [-3.86958, 50.42513], [-3.87004, 50.42469], [-3.87122, 50.42457], [-3.87236, 50.42398], [-3.87308, 50.42407], [-3.87643, 50.42599], [-3.87662, 50.42636], [-3.8758, 50.42775], [-3.87681, 50.42862], [-3.87775, 50.43022], [-3.87864, 50.43301], [-3.87872, 50.43401], [-3.87785, 50.43527], [-3.87805, 50.43613], [-3.87955, 50.43632], [-3.88523, 50.43929], [-3.88716, 50.4397], [-3.8875, 50.44019], [-3.88831, 50.44026], [-3.89562, 50.44376], [-3.90152, 50.4522], [-3.90056, 50.45962], [-3.89999, 50.4613], [-3.89755, 50.46463], [-3.89719, 50.46598], [-3.89703, 50.4707], [-3.89762, 50.47146], [-3.8988, 50.47182], [-3.89897, 50.47264], [-3.89832, 50.47416], [-3.8917, 50.47838], [-3.89153, 50.47946], [-3.88806, 50.4801], [-3.88372, 50.48], [-3.88373, 50.4808], [-3.88235, 50.4827], [-3.88191, 50.48406], [-3.88024, 50.48567], [-3.87986, 50.4873], [-3.88124, 50.49076], [-3.88274, 50.49282], [-3.88304, 50.49527], [-3.88368, 50.49589], [-3.88387, 50.49802], [-3.88319, 50.49957], [-3.88433, 50.50156], [-3.89134, 50.50589], [-3.8926, 50.51385], [-3.89065, 50.51964], [-3.89118, 50.52352], [-3.88641, 50.52463], [-3.88576, 50.52511], [-3.88457, 50.52703], [-3.88458, 50.52867], [-3.88402, 50.52936], [-3.88431, 50.53065], [-3.88812, 50.53322], [-3.88916, 50.53632], [-3.88649, 50.53614], [-3.88467, 50.5372], [-3.8835, 50.53923], [-3.8822, 50.53997], [-3.88044, 50.54028], [-3.87969, 50.54156], [-3.87744, 50.54243], [-3.87609, 50.54262], [-3.8756, 50.54243]]]}}, {"type": "Feature", "properties": {"type": "postcode-cell", "postcode": "PL20 6SE", "postcodes": ["PL20 6SE"]}, "geometry": {"type": "Polygon", "coordinates": [[[-3.8799069461535542, 50.510658139509644], [-3.8821679147914026, 50.5095219713881], [-3.891543313010351, 50.50717467765723], [-3.8925999900789456, 50.51384999457294], [-3.8906499900749876, 50.51963999457749], [-3.891179990073524, 50.52351999458052], [-3.8864099900699185, 50.52462999458148], [-3.8857599900692734, 50.52510999458187], [-3.8845699900676087, 50.52702999458339], [-3.884579990066852, 50.52866999458466], [-3.884019990066168, 50.52935999458522], [-3.884309990065754, 50.53064999458621], [-3.8881199900670276, 50.53321999458815], [-3.88915999006626, 50.53631999459056], [-3.8864899900646113, 50.53613999459048], [-3.8846699900629376, 50.53719999459135], [-3.8834999900612366, 50.53922999459295], [-3.882199990060049, 50.53996999459353], [-3.8804399900587647, 50.54027999459382], [-3.8796899900576785, 50.54155999459482], [-3.877439990055821, 50.542429994595565], [-3.876089990054857, 50.542619994595746], [-3.875599990054627, 50.54242999459557], [-3.875009990054864, 50.54109999459457], [-3.8753299900555005, 50.540179994593835], [-3.875039990056421, 50.537799994591985], [-3.8727599900557723, 50.536019994590625], [-3.872009990056011, 50.53446999458944], [-3.8714399900557948, 50.534139994589175], [-3.866399990052344, 50.53453999458958], [-3.8632099900503203, 50.53445999458959], [-3.861589990049452, 50.534079994589334], [-3.85855999004819, 50.53257999458821], [-3.8553899900458797, 50.53313999458871], [-3.8530599900433007, 50.53543999459053], [-3.8516399900420506, 50.53614999459113], [-3.850998493107285, 50.53599010788425], [-3.8799069461535542, 50.510658139509644]]]}}, {"type": "Feature", "properties": {"type": "postcode-cell", "postcode": "TQ11 0JH", "postcodes": ["TQ11 0JH"]}, "geometry": {"type": "Polygon", "coordinates": [[[-3.8821679147914026, 50.5095219713881], [-3.8481012222365867, 50.499366112259466], [-3.8472373889037748, 50.49865476233283], [-3.841935870720904, 50.49148251300926], [-3.8419010013979458, 50.49039061577651], [-3.843768154656708, 50.488822388756624], [-3.883826718343781, 50.49753491512689], [-3.883869990080673, 50.49801999456074], [-3.8831899900795106, 50.49956999456199], [-3.884329990079321, 50.501559994563515], [-3.8913399900818373, 50.50588999456676], [-3.891543313010351, 50.50717467765723], [-3.8821679147914026, 50.5095219713881]]]}}, {"type": "Feature", "properties": {"type": "postcode-cell", "postcode": "TQ10 9HN", "postcodes": ["TQ10 9HN"]}, "geometry": {"type": "Polygon", "coordinates": [[[-3.8665320247866073, 50.43294852634176], [-3.8520320392564225, 50.425620875044864], [-3.8512073223538548, 50.42436118552286], [-3.852785161777945, 50.42120618060922], [-3.854817458864413, 50.41971719246601], [-3.854919990098488, 50.420079994500846], [-3.856469990099155, 50.420779994501366], [-3.8574999900999463, 50.42049999450112], [-3.8581299901001556, 50.42091999450145], [-3.859789990101162, 50.42104999450151], [-3.8603199901009644, 50.422189994502375], [-3.8624199901016345, 50.42363999450347], [-3.8639699901022295, 50.42448999450409], [-3.8647199901027838, 50.42433999450396], [-3.8654599901028597, 50.425189994504585], [-3.866589990103375, 50.42563999450492], [-3.8695799901055343, 50.42512999450445], [-3.8700399901060374, 50.42468999450411], [-3.871219990106853, 50.424569994503976], [-3.872359990107861, 50.42397999450348], [-3.8730799901082835, 50.42406999450355], [-3.876429990109537, 50.42598999450497], [-3.876619990109486, 50.426359994505255], [-3.875799990108309, 50.42774999450634], [-3.876809990108549, 50.428619994507], [-3.8777499901084056, 50.430219994508214], [-3.878639990107674, 50.43300999451038], [-3.8786791683276096, 50.43349972844978], [-3.8665320247866073, 50.43294852634176]]]}}, {"type": "Feature", "properties": {"type": "postcode-cell", "postcode": "TQ10 9NG", "postcodes": ["TQ10 9NG"]}, "geometry": {"type": "Polygon", "coordinates": [[[-3.8211523688118594, 50.38946709594432], [-3.8204111336594453, 50.380712627558864], [-3.82043999009495, 50.380709994471275], [-3.821779990094671, 50.38310999447309], [-3.823269990095256, 50.38388999447367], [-3.824649990096119, 50.38392999447365], [-3.8247399900960524, 50.38418999447387], [-3.823779990095387, 50.38429999447396], [-3.82554999009635, 50.3846599944742], [-3.826309990096385, 50.38560999447491], [-3.8271799900968757, 50.38574999447501], [-3.827319990097174, 50.385309994474646], [-3.8279099900975626, 50.385279994474615], [-3.8279799900973592, 50.38580999447503], [-3.8302899900988963, 50.38567999447488], [-3.830469990098413, 50.38694999447585], [-3.8313299900984896, 50.387949994476585], [-3.8323599900989236, 50.38842999447693], [-3.834969990099198, 50.39138999447916], [-3.835059990098835, 50.392279994479836], [-3.83393999009787, 50.39280999448029], [-3.8321699900963946, 50.39353999448088], [-3.8295499900944865, 50.394039994481325], [-3.828989990093796, 50.39473999448187], [-3.8282624147419124, 50.39480719877602], [-3.8211523688118594, 50.38946709594432]]]}}, {"type": "Feature", "properties": {"type": "postcode-cell", "postcode": "TQ10 9EG", "postcodes": ["TQ10 9EG"]}, "geometry": {"type": "Polygon", "coordinates": [[[-3.854312942218328, 50.4416054092757], [-3.850581203563498, 50.43939684992277], [-3.8532749426693247, 50.436517149272746], [-3.8665320247866073, 50.43294852634176], [-3.8786791683276096, 50.43349972844978], [-3.8787199901072555, 50.43400999451116], [-3.8778499901061054, 50.435269994512126], [-3.878049990105832, 50.43612999451279], [-3.8795499901067094, 50.43631999451293], [-3.885229990108978, 50.43928999451509], [-3.8871599901100318, 50.43969999451539], [-3.887499990110019, 50.44018999451575], [-3.8883099901105105, 50.44025999451578], [-3.895619990113587, 50.44375999451835], [-3.901519990113455, 50.45219999452477], [-3.9006876708612697, 50.458633249330255], [-3.854312942218328, 50.4416054092757]]]}}, {"type": "Feature", "properties": {"type": "postcode-cell", "postcode": "TQ10 9EH", "postcodes": ["TQ10 9EH"]}, "geometry": {"type": "Polygon", "coordinates": [[[-3.8532749426693247, 50.436517149272746], [-3.848824734778607, 50.43298055560727], [-3.8483194296340995, 50.43115736493906], [-3.8520320392564225, 50.425620875044864], [-3.8665320247866073, 50.43294852634176], [-3.8532749426693247, 50.436517149272746]]]}}, {"type": "Feature", "properties": {"type": "postcode-cell", "postcode": "TQ10 9EQ", "postcodes": ["TQ10 9EQ"]}, "geometry": {"type": "Polygon", "coordinates": [[[-3.850581203563498, 50.43939684992277], [-3.844307272119046, 50.44143248448169], [-3.8409400438284833, 50.434708183203455], [-3.8453807234706217, 50.43354521071503], [-3.848824734778607, 50.43298055560727], [-3.8532749426693247, 50.436517149272746], [-3.850581203563498, 50.43939684992277]]]}}, {"type": "Feature", "properties": {"type": "postcode-cell", "postcode": "TQ11 0JQ", "postcodes": ["TQ11 0JQ"]}, "geometry": {"type": "Polygon", "coordinates": [[[-3.843768154656708, 50.488822388756624], [-3.859052568763005, 50.469288503221705], [-3.879568614600443, 50.46821900662537], [-3.8970897491907635, 50.46893716755992], [-3.897029990101922, 50.470699994539224], [-3.8976199901019477, 50.4714599945398], [-3.898799990102544, 50.471819994540084], [-3.8989699901022705, 50.4726399945407], [-3.8983199901011396, 50.474159994541886], [-3.8916999900948936, 50.4783799945453], [-3.891529990094281, 50.47945999454614], [-3.8880599900917403, 50.48009999454671], [-3.883719990088984, 50.479999994546716], [-3.883729990088616, 50.48079999454736], [-3.882349990086839, 50.48269999454886], [-3.881909990085921, 50.48405999454992], [-3.880239990084088, 50.485669994551216], [-3.879859990083081, 50.487299994552494], [-3.881239990082358, 50.49075999455517], [-3.882739990082368, 50.49281999455671], [-3.883039990081421, 50.49526999455863], [-3.8836799900815437, 50.49588999455909], [-3.883826718343781, 50.49753491512689], [-3.843768154656708, 50.488822388756624]]]}}, {"type": "Feature", "properties": {"type": "postcode-cell", "postcode": "TQ10 9EL", "postcodes": ["TQ10 9EL"]}, "geometry": {"type": "Polygon", "coordinates": [[[-3.9006876708612697, 50.458633249330255], [-3.900559990109371, 50.459619994530534], [-3.8999899901082182, 50.46129999453187], [-3.897549990105089, 50.4646299945345], [-3.897189990104227, 50.46597999453557], [-3.8970897491907635, 50.46893716755992], [-3.879568614600443, 50.46821900662537], [-3.853282610088373, 50.44966302397439], [-3.854312942218328, 50.4416054092757], [-3.9006876708612697, 50.458633249330255]]]}}, {"type": "Feature", "properties": {"type": "postcode-cell", "postcode": "TQ10 9EF", "postcodes": ["TQ10 9EF"]}, "geometry": {"type": "Polygon", "coordinates": [[[-3.854312942218328, 50.4416054092757], [-3.853282610088373, 50.44966302397439], [-3.84159895451263, 50.4434863176092], [-3.844307272119046, 50.44143248448169], [-3.850581203563498, 50.43939684992277], [-3.854312942218328, 50.4416054092757]]]}}, {"type": "Feature", "properties": {"type": "postcode-cell", "postcode": "TQ10 9ED", "postcodes": ["TQ10 9ED"]}, "geometry": {"type": "Polygon", "coordinates": [[[-3.853282610088373, 50.44966302397439], [-3.879568614600443, 50.46821900662537], [-3.859052568763005, 50.469288503221705], [-3.847202076420083, 50.4683954559969], [-3.836626871489548, 50.44462421711442], [-3.84159895451263, 50.4434863176092], [-3.853282610088373, 50.44966302397439]]]}}, {"type": "Feature", "properties": {"type": "postcode-cell", "postcode": "TQ10 9JG", "postcodes": ["TQ10 9JG"]}, "geometry": {"type": "Polygon", "coordinates": [[[-3.8483194296340995, 50.43115736493906], [-3.84478074797815, 50.43065653781752], [-3.841273718922225, 50.42960527889919], [-3.8406504541688555, 50.42873994548938], [-3.840666728929588, 50.42868792822367], [-3.8428895748688725, 50.42529074622455], [-3.8512073223538548, 50.42436118552286], [-3.8520320392564225, 50.425620875044864], [-3.8483194296340995, 50.43115736493906]]]}}, {"type": "Feature", "properties": {"type": "postcode-cell", "postcode": "TQ13 7SS", "postcodes": ["TQ13 7SS"]}, "geometry": {"type": "Polygon", "coordinates": [[[-3.850998493107285, 50.53599010788425], [-3.844739990038397, 50.53442999458992], [-3.8433499900380217, 50.53330999458907], [-3.844049990039205, 50.53174999458784], [-3.8438499900394048, 50.531039994587275], [-3.842689990038913, 50.53048999458689], [-3.8403299900375245, 50.53019999458668], [-3.8365599900363763, 50.52745999458461], [-3.836109990036446, 50.52668999458403], [-3.836579990037403, 50.52528999458294], [-3.837159990037964, 50.52488999458259], [-3.8363099900381523, 50.523309994581375], [-3.830369435697887, 50.519038995184296], [-3.830854338976269, 50.518663374621646], [-3.844687815594376, 50.51247249868169], [-3.8799069461535542, 50.510658139509644], [-3.850998493107285, 50.53599010788425]]]}}, {"type": "Feature", "properties": {"type": "postcode-cell", "postcode": "TQ11 0JJ", "postcodes": ["TQ11 0JJ"]}, "geometry": {"type": "Polygon", "coordinates": [[[-3.8419010013979458, 50.49039061577651], [-3.8305234236264374, 50.48628624578895], [-3.8306195488039663, 50.484044426664944], [-3.8409409843041087, 50.470580212102774], [-3.8470782132486954, 50.46840337246262], [-3.847202076420083, 50.4683954559969], [-3.859052568763005, 50.469288503221705], [-3.843768154656708, 50.488822388756624], [-3.8419010013979458, 50.49039061577651]]]}}, {"type": "Feature", "properties": {"type": "postcode-cell", "postcode": "TQ10 9JE", "postcodes": ["TQ10 9JE"]}, "geometry": {"type": "Polygon", "coordinates": [[[-3.852785161777945, 50.42120618060922], [-3.8399611804952176, 50.41775769510144], [-3.837986187686644, 50.415697128974124], [-3.8401199900909186, 50.41598999449802], [-3.8412699900918166, 50.41564999449774], [-3.8428299900926226, 50.416059994498035], [-3.8428899900925124, 50.41637999449828], [-3.8435799900931404, 50.41597999449793], [-3.8448699900935828, 50.41679999449856], [-3.8472099900953656, 50.416199994498044], [-3.8482099900953726, 50.41754999449906], [-3.8491699900958296, 50.41788999449932], [-3.8491399900956536, 50.41821999449955], [-3.8509199900968563, 50.4180899944994], [-3.8513199900969117, 50.418519994499725], [-3.8521799900974982, 50.41844999449969], [-3.852359990097357, 50.41899999450008], [-3.8534199900981583, 50.418729994499856], [-3.8547899900986216, 50.41961999450051], [-3.854817458864413, 50.41971719246601], [-3.852785161777945, 50.42120618060922]]]}}, {"type": "Feature", "properties": {"type": "postcode-cell", "postcode": "TQ10 9DQ", "postcodes": ["TQ10 9DQ"]}, "geometry": {"type": "Polygon", "coordinates": [[[-3.833720774894788, 50.41994212106652], [-3.831728892601923, 50.42115051709145], [-3.82985332761105, 50.42087410121216], [-3.825521040680671, 50.41725573077663], [-3.8250186245889948, 50.4163663140976], [-3.828573764314293, 50.41312448433764], [-3.831719990086881, 50.41313999449601], [-3.8328599900871927, 50.41402999449666], [-3.833539990087642, 50.413999994496635], [-3.8338399900872675, 50.41519999449755], [-3.8338471897781488, 50.41520164963272], [-3.833720774894788, 50.41994212106652]]]}}, {"type": "Feature", "properties": {"type": "postcode-cell", "postcode": "TQ10 9JQ", "postcodes": ["TQ10 9JQ"]}, "geometry": {"type": "Polygon", "coordinates": [[[-3.8434593162427264, 50.432114037601686], [-3.8400209136048042, 50.4330615766934], [-3.841273718922225, 50.42960527889919], [-3.84478074797815, 50.43065653781752], [-3.8434593162427264, 50.432114037601686]]]}}, {"type": "Feature", "properties": {"type": "postcode-cell", "postcode": "TQ10 9JH", "postcodes": ["TQ10 9JH"]}, "geometry": {"type": "Polygon", "coordinates": [[[-3.84478074797815, 50.43065653781752], [-3.8483194296340995, 50.43115736493906], [-3.848824734778607, 50.43298055560727], [-3.8453807234706217, 50.43354521071503], [-3.8434593162427264, 50.432114037601686], [-3.84478074797815, 50.43065653781752]]]}}, {"type": "Feature", "properties": {"type": "postcode-cell", "postcode": "TQ10 9JF", "postcodes": ["TQ10 9JF"]}, "geometry": {"type": "Polygon", "coordinates": [[[-3.8512073223538548, 50.42436118552286], [-3.8428895748688725, 50.42529074622455], [-3.842430553003644, 50.4250972071943], [-3.84217149060887, 50.424519990701135], [-3.839949567991137, 50.41781913563916], [-3.8399611804952176, 50.41775769510144], [-3.852785161777945, 50.42120618060922], [-3.8512073223538548, 50.42436118552286]]]}}, {"type": "Feature", "properties": {"type": "postcode-cell", "postcode": "TQ10 9JJ", "postcodes": ["TQ10 9JJ"]}, "geometry": {"type": "Polygon", "coordinates": [[[-3.8409400438284833, 50.434708183203455], [-3.8401046733444923, 50.43424649446023], [-3.8399731293332655, 50.433137962151335], [-3.8400209136048042, 50.4330615766934], [-3.8434593162427264, 50.432114037601686], [-3.8453807234706217, 50.43354521071503], [-3.8409400438284833, 50.434708183203455]]]}}, {"type": "Feature", "properties": {"type": "postcode-cell", "postcode": "TQ10 9JL", "postcodes": ["TQ10 9JL"]}, "geometry": {"type": "Polygon", "coordinates": [[[-3.8399731293332655, 50.433137962151335], [-3.8351358425754025, 50.43108064559062], [-3.835730117043694, 50.43015516908058], [-3.8364085400852583, 50.429712836053724], [-3.8406504541688555, 50.42873994548938], [-3.841273718922225, 50.42960527889919], [-3.8400209136048042, 50.4330615766934], [-3.8399731293332655, 50.433137962151335]]]}}, {"type": "Feature", "properties": {"type": "postcode-cell", "postcode": "TQ10 9EA", "postcodes": ["TQ10 9EA"]}, "geometry": {"type": "Polygon", "coordinates": [[[-3.84159895451263, 50.4434863176092], [-3.836626871489548, 50.44462421711442], [-3.8287285453121624, 50.44377973657778], [-3.828509044074737, 50.441468571367636], [-3.832364710942715, 50.435510716128746], [-3.8401046733444923, 50.43424649446023], [-3.8409400438284833, 50.434708183203455], [-3.844307272119046, 50.44143248448169], [-3.84159895451263, 50.4434863176092]]]}}, {"type": "Feature", "properties": {"type": "postcode-cell", "postcode": "TQ10 9EW", "postcodes": ["TQ10 9EW"]}, "geometry": {"type": "Polygon", "coordinates": [[[-3.8411950290384196, 50.424926666077035], [-3.83760493934914, 50.42135452748018], [-3.8378835816288124, 50.42088185794405], [-3.84217149060887, 50.424519990701135], [-3.842430553003644, 50.4250972071943], [-3.8411950290384196, 50.424926666077035]]]}}, {"type": "Feature", "properties": {"type": "postcode-cell", "postcode": "TQ10 9AQ", "postcodes": ["TQ10 9AQ"]}, "geometry": {"type": "Polygon", "coordinates": [[[-3.842430553003644, 50.4250972071943], [-3.8428895748688725, 50.42529074622455], [-3.840666728929588, 50.42868792822367], [-3.8369700397803927, 50.427506311875085], [-3.836913390686333, 50.42746951117733], [-3.8364419227717685, 50.426996407432924], [-3.836510599108562, 50.42680742704734], [-3.838259167191435, 50.42467990438965], [-3.8411950290384196, 50.424926666077035], [-3.842430553003644, 50.4250972071943]]]}}, {"type": "Feature", "properties": {"type": "postcode-cell", "postcode": "TQ10 9DL", "postcodes": ["TQ10 9DL"]}, "geometry": {"type": "Polygon", "coordinates": [[[-3.839949567991137, 50.41781913563916], [-3.8379463473325277, 50.420660526389874], [-3.835110933563192, 50.42117355622719], [-3.8349447966762664, 50.421172191829164], [-3.8339309935491332, 50.420495681534156], [-3.833720774894788, 50.41994212106652], [-3.8338471897781488, 50.41520164963272], [-3.834709990087733, 50.41539999449768], [-3.835659990088464, 50.41513999449746], [-3.8361299900886903, 50.41529999449757], [-3.835819990088316, 50.41566999449787], [-3.837059990089156, 50.415569994497766], [-3.837986187686644, 50.415697128974124], [-3.8399611804952176, 50.41775769510144], [-3.839949567991137, 50.41781913563916]]]}}, {"type": "Feature", "properties": {"type": "postcode-cell", "postcode": "TQ10 9FA", "postcodes": ["TQ10 9FA"]}, "geometry": {"type": "Polygon", "coordinates": [[[-3.83760493934914, 50.42135452748018], [-3.8368997038934745, 50.421975647796], [-3.835110933563192, 50.42117355622719], [-3.8379463473325277, 50.420660526389874], [-3.8378835816288124, 50.42088185794405], [-3.83760493934914, 50.42135452748018]]]}}, {"type": "Feature", "properties": {"type": "postcode-cell", "postcode": "TQ10 9YS", "postcodes": ["TQ10 9YS"]}, "geometry": {"type": "Polygon", "coordinates": [[[-3.84217149060887, 50.424519990701135], [-3.8378835816288124, 50.42088185794405], [-3.8379463473325277, 50.420660526389874], [-3.839949567991137, 50.41781913563916], [-3.84217149060887, 50.424519990701135]]]}}, {"type": "Feature", "properties": {"type": "postcode-cell", "postcode": "TQ10 9YT", "postcodes": ["TQ10 9YT"]}, "geometry": {"type": "Polygon", "coordinates": [[[-3.8411950290384196, 50.424926666077035], [-3.838259167191435, 50.42467990438965], [-3.837085812166346, 50.42444467526497], [-3.8366895706721915, 50.42430845570494], [-3.8360035305416607, 50.42326752239124], [-3.8368997038934745, 50.421975647796], [-3.83760493934914, 50.42135452748018], [-3.8411950290384196, 50.424926666077035]]]}}, {"type": "Feature", "properties": {"type": "postcode-cell", "postcode": "TQ10 9AJ", "postcodes": ["TQ10 9AJ"]}, "geometry": {"type": "Polygon", "coordinates": [[[-3.8406504541688555, 50.42873994548938], [-3.8364085400852583, 50.429712836053724], [-3.8359699736018507, 50.42916893159942], [-3.8357545543964826, 50.42791988191616], [-3.8369700397803927, 50.427506311875085], [-3.840666728929588, 50.42868792822367], [-3.8406504541688555, 50.42873994548938]]]}}, {"type": "Feature", "properties": {"type": "postcode-cell", "postcode": "TQ10 9EB", "postcodes": ["TQ10 9EB"]}, "geometry": {"type": "Polygon", "coordinates": [[[-3.847202076420083, 50.4683954559969], [-3.8470782132486954, 50.46840337246262], [-3.823886740139103, 50.456595206081055], [-3.8249117517575564, 50.44537642245687], [-3.8287285453121624, 50.44377973657778], [-3.836626871489548, 50.44462421711442], [-3.847202076420083, 50.4683954559969]]]}}, {"type": "Feature", "properties": {"type": "postcode-cell", "postcode": "TQ10 9DZ", "postcodes": ["TQ10 9DZ"]}, "geometry": {"type": "Polygon", "coordinates": [[[-3.8401046733444923, 50.43424649446023], [-3.832364710942715, 50.435510716128746], [-3.8322846818496306, 50.43521525169204], [-3.832136441032633, 50.43342515937344], [-3.8329491997361163, 50.43223053740215], [-3.833789189020772, 50.43170778408409], [-3.834079994180513, 50.43155200465924], [-3.8351358425754025, 50.43108064559062], [-3.8399731293332655, 50.433137962151335], [-3.8401046733444923, 50.43424649446023]]]}}, {"type": "Feature", "properties": {"type": "postcode-cell", "postcode": "TQ13 7NT", "postcodes": ["TQ13 7NT"]}, "geometry": {"type": "Polygon", "coordinates": [[[-3.8090766819144064, 50.523848287877875], [-3.8186977715940307, 50.518143423123384], [-3.8209656272579697, 50.51817142721735], [-3.8202399900297297, 50.51918999457848], [-3.8199899900282355, 50.52203999458071], [-3.818209990025682, 50.52503999458307], [-3.8173099900249827, 50.5252999945833], [-3.815409990023815, 50.52517999458323], [-3.8137099900226126, 50.525409994583455], [-3.813579990022271, 50.52595999458388], [-3.814569990022244, 50.52737999458498], [-3.8149299900214886, 50.5294899945866], [-3.81109999001838, 50.53085999458776], [-3.808959990016083, 50.53281999458932], [-3.8067750840764703, 50.53286420987391], [-3.8090766819144064, 50.523848287877875]]]}}, {"type": "Feature", "properties": {"type": "postcode-cell", "postcode": "TQ13 7SP", "postcodes": ["TQ13 7SP"]}, "geometry": {"type": "Polygon", "coordinates": [[[-3.8799069461535542, 50.510658139509644], [-3.844687815594376, 50.51247249868169], [-3.8372270882538237, 50.50950182584238], [-3.834965693560033, 50.50747239969989], [-3.8357145149389478, 50.50217657810122], [-3.8481012222365867, 50.499366112259466], [-3.8821679147914026, 50.5095219713881], [-3.8799069461535542, 50.510658139509644]]]}}, {"type": "Feature", "properties": {"type": "postcode-cell", "postcode": "TQ13 7ST", "postcodes": ["TQ13 7ST"]}, "geometry": {"type": "Polygon", "coordinates": [[[-3.8297010776187896, 50.51235046888281], [-3.8317404596942684, 50.5107328980837], [-3.8372270882538237, 50.50950182584238], [-3.844687815594376, 50.51247249868169], [-3.830854338976269, 50.518663374621646], [-3.8297010776187896, 50.51235046888281]]]}}, {"type": "Feature", "properties": {"type": "postcode-cell", "postcode": "TQ13 7RS", "postcodes": ["TQ13 7RS"]}, "geometry": {"type": "Polygon", "coordinates": [[[-3.830854338976269, 50.518663374621646], [-3.830369435697887, 50.519038995184296], [-3.829299990035995, 50.5182699945776], [-3.827219990035524, 50.51640999457619], [-3.8252899900341064, 50.51678999457653], [-3.823083576444765, 50.51664290512687], [-3.8227207343429783, 50.515616026116845], [-3.822788358671723, 50.51554344087811], [-3.8276942299124346, 50.51161387712942], [-3.8279045035240595, 50.51154886123887], [-3.8297010776187896, 50.51235046888281], [-3.830854338976269, 50.518663374621646]]]}}, {"type": "Feature", "properties": {"type": "postcode-cell", "postcode": "TQ10 9AF", "postcodes": ["TQ10 9AF"]}, "geometry": {"type": "Polygon", "coordinates": [[[-3.838259167191435, 50.42467990438965], [-3.836510599108562, 50.42680742704734], [-3.8355374778636073, 50.426528829251595], [-3.8354390395735316, 50.4263396827766], [-3.837085812166346, 50.42444467526497], [-3.838259167191435, 50.42467990438965]]]}}, {"type": "Feature", "properties": {"type": "postcode-cell", "postcode": "TQ10 9PJ", "postcodes": ["TQ10 9PJ"]}, "geometry": {"type": "Polygon", "coordinates": [[[-3.835730117043694, 50.43015516908058], [-3.8333294255395716, 50.42909314269055], [-3.833459826126465, 50.428708384152486], [-3.8343406798242152, 50.428106074654174], [-3.8359699736018507, 50.42916893159942], [-3.8364085400852583, 50.429712836053724], [-3.835730117043694, 50.43015516908058]]]}}, {"type": "Feature", "properties": {"type": "postcode-cell", "postcode": "TQ10 9AH", "postcodes": ["TQ10 9AH"]}, "geometry": {"type": "Polygon", "coordinates": [[[-3.8369700397803927, 50.427506311875085], [-3.8357545543964826, 50.42791988191616], [-3.835254922173916, 50.42749554070794], [-3.836913390686333, 50.42746951117733], [-3.8369700397803927, 50.427506311875085]]]}}, {"type": "Feature", "properties": {"type": "postcode-cell", "postcode": "TQ10 9JD", "postcodes": ["TQ10 9JD"]}, "geometry": {"type": "Polygon", "coordinates": [[[-3.8368997038934745, 50.421975647796], [-3.8360035305416607, 50.42326752239124], [-3.835303318723053, 50.42293661489554], [-3.8349380695118134, 50.42256432216054], [-3.8349447966762664, 50.421172191829164], [-3.835110933563192, 50.42117355622719], [-3.8368997038934745, 50.421975647796]]]}}, {"type": "Feature", "properties": {"type": "postcode-cell", "postcode": "TQ10 9AG", "postcodes": ["TQ10 9AG"]}, "geometry": {"type": "Polygon", "coordinates": [[[-3.836913390686333, 50.42746951117733], [-3.835254922173916, 50.42749554070794], [-3.8351265329909365, 50.42742635556896], [-3.835501843919093, 50.42710716898685], [-3.83550470383162, 50.42710559176365], [-3.8364419227717685, 50.426996407432924], [-3.836913390686333, 50.42746951117733]]]}}, {"type": "Feature", "properties": {"type": "postcode-cell", "postcode": "TQ10 9AB", "postcodes": ["TQ10 9AB"]}, "geometry": {"type": "Polygon", "coordinates": [[[-3.835501843919093, 50.42710716898685], [-3.834731950459598, 50.42652856812159], [-3.8347792030335706, 50.42648731530187], [-3.8354390395735316, 50.4263396827766], [-3.8355374778636073, 50.426528829251595], [-3.83550470383162, 50.42710559176365], [-3.835501843919093, 50.42710716898685]]]}}, {"type": "Feature", "properties": {"type": "postcode-cell", "postcode": "TQ10 9AS", "postcodes": ["TQ10 9AS"]}, "geometry": {"type": "Polygon", "coordinates": [[[-3.835730117043694, 50.43015516908058], [-3.8351358425754025, 50.43108064559062], [-3.834079994180513, 50.43155200465924], [-3.832470847801328, 50.4294954167831], [-3.833193012124889, 50.42909891442959], [-3.8333294255395716, 50.42909314269055], [-3.835730117043694, 50.43015516908058]]]}}, {"type": "Feature", "properties": {"type": "postcode-cell", "postcode": "TQ10 9AE", "postcodes": ["TQ10 9AE"]}, "geometry": {"type": "Polygon", "coordinates": [[[-3.83550470383162, 50.42710559176365], [-3.8355374778636073, 50.426528829251595], [-3.836510599108562, 50.42680742704734], [-3.8364419227717685, 50.426996407432924], [-3.83550470383162, 50.42710559176365]]]}}, {"type": "Feature", "properties": {"type": "postcode-cell", "postcode": "TQ10 9AL", "postcodes": ["TQ10 9AL"]}, "geometry": {"type": "Polygon", "coordinates": [[[-3.8359699736018507, 50.42916893159942], [-3.8343406798242152, 50.428106074654174], [-3.8342439519072857, 50.42780987240442], [-3.8347240219075434, 50.42745836622772], [-3.8351265329909365, 50.42742635556896], [-3.835254922173916, 50.42749554070794], [-3.8357545543964826, 50.42791988191616], [-3.8359699736018507, 50.42916893159942]]]}}, {"type": "Feature", "properties": {"type": "postcode-cell", "postcode": "TQ10 9QF", "postcodes": ["TQ10 9QF"]}, "geometry": {"type": "Polygon", "coordinates": [[[-3.8339309935491332, 50.420495681534156], [-3.833723183421507, 50.42082112870302], [-3.832362857293559, 50.42151889104384], [-3.8320127441950036, 50.421508455955724], [-3.831728892601923, 50.42115051709145], [-3.833720774894788, 50.41994212106652], [-3.8339309935491332, 50.420495681534156]]]}}, {"type": "Feature", "properties": {"type": "postcode-cell", "postcode": "TQ11 0JD", "postcodes": ["TQ11 0JD"]}, "geometry": {"type": "Polygon", "coordinates": [[[-3.8357145149389478, 50.50217657810122], [-3.835227081890817, 50.50207779851592], [-3.83210626590934, 50.50019689168997], [-3.830801583468975, 50.49910923235948], [-3.830817920139953, 50.49798817242351], [-3.833310172126338, 50.49619382043216], [-3.8472373889037748, 50.49865476233283], [-3.8481012222365867, 50.499366112259466], [-3.8357145149389478, 50.50217657810122]]]}}, {"type": "Feature", "properties": {"type": "postcode-cell", "postcode": "TQ11 0JF", "postcodes": ["TQ11 0JF"]}, "geometry": {"type": "Polygon", "coordinates": [[[-3.8472373889037748, 50.49865476233283], [-3.833310172126338, 50.49619382043216], [-3.8328857804558774, 50.49363137535478], [-3.841935870720904, 50.49148251300926], [-3.8472373889037748, 50.49865476233283]]]}}, {"type": "Feature", "properties": {"type": "postcode-cell", "postcode": "TQ10 9AA", "postcodes": ["TQ10 9AA"]}, "geometry": {"type": "Polygon", "coordinates": [[[-3.8347792030335706, 50.42648731530187], [-3.8345907393119822, 50.42623680096342], [-3.836107373273101, 50.42443406771346], [-3.8366895706721915, 50.42430845570494], [-3.837085812166346, 50.42444467526497], [-3.8354390395735316, 50.4263396827766], [-3.8347792030335706, 50.42648731530187]]]}}, {"type": "Feature", "properties": {"type": "postcode-cell", "postcode": "TQ10 9HT", "postcodes": ["TQ10 9HT"]}, "geometry": {"type": "Polygon", "coordinates": [[[-3.836107373273101, 50.42443406771346], [-3.836025009516587, 50.42444851374149], [-3.8341499209954435, 50.42443450642582], [-3.83294153266345, 50.424077754233515], [-3.832592092125919, 50.42334057010554], [-3.833737095209892, 50.42305627672764], [-3.835303318723053, 50.42293661489554], [-3.8360035305416607, 50.42326752239124], [-3.8366895706721915, 50.42430845570494], [-3.836107373273101, 50.42443406771346]]]}}, {"type": "Feature", "properties": {"type": "postcode-cell", "postcode": "TQ10 9BG", "postcodes": ["TQ10 9BG"]}, "geometry": {"type": "Polygon", "coordinates": [[[-3.8347240219075434, 50.42745836622772], [-3.8342439519072857, 50.42780987240442], [-3.8338432897326538, 50.42776337137237], [-3.8335374473641006, 50.42734245562883], [-3.8336743957314416, 50.42692577556036], [-3.834442292280092, 50.42712042504788], [-3.8347240219075434, 50.42745836622772]]]}}, {"type": "Feature", "properties": {"type": "postcode-cell", "postcode": "TQ10 9AD", "postcodes": ["TQ10 9AD"]}, "geometry": {"type": "Polygon", "coordinates": [[[-3.834442292280092, 50.42712042504788], [-3.83457996299628, 50.426605246389926], [-3.834731950459598, 50.42652856812159], [-3.835501843919093, 50.42710716898685], [-3.8351265329909365, 50.42742635556896], [-3.8347240219075434, 50.42745836622772], [-3.834442292280092, 50.42712042504788]]]}}, {"type": "Feature", "properties": {"type": "postcode-cell", "postcode": "TQ10 9BQ", "postcodes": ["TQ10 9BQ"]}, "geometry": {"type": "Polygon", "coordinates": [[[-3.8347792030335706, 50.42648731530187], [-3.834731950459598, 50.42652856812159], [-3.83457996299628, 50.426605246389926], [-3.8337629819505357, 50.42644583120144], [-3.8337571361235905, 50.426431000962296], [-3.834222766249077, 50.42609595365997], [-3.8345907393119822, 50.42623680096342], [-3.8347792030335706, 50.42648731530187]]]}}, {"type": "Feature", "properties": {"type": "postcode-cell", "postcode": "TQ10 9JB", "postcodes": ["TQ10 9JB"]}, "geometry": {"type": "Polygon", "coordinates": [[[-3.8349380695118134, 50.42256432216054], [-3.8345938560017068, 50.42243762029753], [-3.8345545112437662, 50.42241797381724], [-3.833540781516322, 50.421515477265125], [-3.833723183421507, 50.42082112870302], [-3.8339309935491332, 50.420495681534156], [-3.8349447966762664, 50.421172191829164], [-3.8349380695118134, 50.42256432216054]]]}}, {"type": "Feature", "properties": {"type": "postcode-cell", "postcode": "TQ10 9BW", "postcodes": ["TQ10 9BW"]}, "geometry": {"type": "Polygon", "coordinates": [[[-3.836107373273101, 50.42443406771346], [-3.8345907393119822, 50.42623680096342], [-3.834222766249077, 50.42609595365997], [-3.834210001297922, 50.42597219017084], [-3.8352466061444037, 50.42492159160174], [-3.836025009516587, 50.42444851374149], [-3.836107373273101, 50.42443406771346]]]}}, {"type": "Feature", "properties": {"type": "postcode-cell", "postcode": "TQ10 9PQ", "postcodes": ["TQ10 9PQ"]}, "geometry": {"type": "Polygon", "coordinates": [[[-3.833540781516322, 50.421515477265125], [-3.832997895878273, 50.421851136212595], [-3.832362857293559, 50.42151889104384], [-3.833723183421507, 50.42082112870302], [-3.833540781516322, 50.421515477265125]]]}}, {"type": "Feature", "properties": {"type": "postcode-cell", "postcode": "TQ10 9BE", "postcodes": ["TQ10 9BE"]}, "geometry": {"type": "Polygon", "coordinates": [[[-3.83457996299628, 50.426605246389926], [-3.834442292280092, 50.42712042504788], [-3.8336743957314416, 50.42692577556036], [-3.8335107976540708, 50.42681348356006], [-3.8337629819505357, 50.42644583120144], [-3.83457996299628, 50.426605246389926]]]}}, {"type": "Feature", "properties": {"type": "postcode-cell", "postcode": "TQ10 9BJ", "postcodes": ["TQ10 9BJ"]}, "geometry": {"type": "Polygon", "coordinates": [[[-3.834210001297922, 50.42597219017084], [-3.833515507579198, 50.42588015848661], [-3.8333452491329596, 50.42571141901218], [-3.833348403387777, 50.42569937909026], [-3.8352466061444037, 50.42492159160174], [-3.834210001297922, 50.42597219017084]]]}}, {"type": "Feature", "properties": {"type": "postcode-cell", "postcode": "TQ10 9AT", "postcodes": ["TQ10 9AT"]}, "geometry": {"type": "Polygon", "coordinates": [[[-3.833789189020772, 50.43170778408409], [-3.832034363264576, 50.429675826058556], [-3.8321767221645247, 50.429552329175294], [-3.832470847801328, 50.4294954167831], [-3.834079994180513, 50.43155200465924], [-3.833789189020772, 50.43170778408409]]]}}, {"type": "Feature", "properties": {"type": "postcode-cell", "postcode": "TQ10 9RA", "postcodes": ["TQ10 9RA"]}, "geometry": {"type": "Polygon", "coordinates": [[[-3.8337629819505357, 50.42644583120144], [-3.8335107976540708, 50.42681348356006], [-3.832830297516805, 50.42688643282573], [-3.8328677394089556, 50.42629054476136], [-3.833574641952182, 50.426310618860285], [-3.8337571361235905, 50.426431000962296], [-3.8337629819505357, 50.42644583120144]]]}}, {"type": "Feature", "properties": {"type": "postcode-cell", "postcode": "TQ10 9BH", "postcodes": ["TQ10 9BH"]}, "geometry": {"type": "Polygon", "coordinates": [[[-3.834222766249077, 50.42609595365997], [-3.8337571361235905, 50.426431000962296], [-3.833574641952182, 50.426310618860285], [-3.833515507579198, 50.42588015848661], [-3.834210001297922, 50.42597219017084], [-3.834222766249077, 50.42609595365997]]]}}, {"type": "Feature", "properties": {"type": "postcode-cell", "postcode": "TQ10 9HY", "postcodes": ["TQ10 9HY"]}, "geometry": {"type": "Polygon", "coordinates": [[[-3.8345938560017068, 50.42243762029753], [-3.8328889876395698, 50.42250631461789], [-3.83284986730271, 50.42223161767101], [-3.8340598191168036, 50.42230591127097], [-3.8345545112437662, 50.42241797381724], [-3.8345938560017068, 50.42243762029753]]]}}, {"type": "Feature", "properties": {"type": "postcode-cell", "postcode": "TQ10 9BL", "postcodes": ["TQ10 9BL"]}, "geometry": {"type": "Polygon", "coordinates": [[[-3.833348403387777, 50.42569937909026], [-3.832761991559663, 50.42520756845836], [-3.8327591618773673, 50.42515571429279], [-3.8341499209954435, 50.42443450642582], [-3.836025009516587, 50.42444851374149], [-3.8352466061444037, 50.42492159160174], [-3.833348403387777, 50.42569937909026]]]}}, {"type": "Feature", "properties": {"type": "postcode-cell", "postcode": "TQ10 9DH", "postcodes": ["TQ10 9DH"]}, "geometry": {"type": "Polygon", "coordinates": [[[-3.8343406798242152, 50.428106074654174], [-3.833459826126465, 50.428708384152486], [-3.832835811784609, 50.427928150610654], [-3.832855300224657, 50.427887049881534], [-3.8338432897326538, 50.42776337137237], [-3.8342439519072857, 50.42780987240442], [-3.8343406798242152, 50.428106074654174]]]}}, {"type": "Feature", "properties": {"type": "postcode-cell", "postcode": "TQ10 9BP", "postcodes": ["TQ10 9BP"]}, "geometry": {"type": "Polygon", "coordinates": [[[-3.833515507579198, 50.42588015848661], [-3.833574641952182, 50.426310618860285], [-3.8328677394089556, 50.42629054476136], [-3.8325721980379703, 50.42606623732145], [-3.8333452491329596, 50.42571141901218], [-3.833515507579198, 50.42588015848661]]]}}, {"type": "Feature", "properties": {"type": "postcode-cell", "postcode": "TQ11 0JG", "postcodes": ["TQ11 0JG"]}, "geometry": {"type": "Polygon", "coordinates": [[[-3.841935870720904, 50.49148251300926], [-3.8328857804558774, 50.49363137535478], [-3.825465368946602, 50.490615079235994], [-3.8305234236264374, 50.48628624578895], [-3.8419010013979458, 50.49039061577651], [-3.841935870720904, 50.49148251300926]]]}}, {"type": "Feature", "properties": {"type": "postcode-cell", "postcode": "TQ10 9BD", "postcodes": ["TQ10 9BD"]}, "geometry": {"type": "Polygon", "coordinates": [[[-3.8336743957314416, 50.42692577556036], [-3.8335374473641006, 50.42734245562883], [-3.832661246124895, 50.42714891920566], [-3.8326898834691154, 50.42695493158116], [-3.832830297516805, 50.42688643282573], [-3.8335107976540708, 50.42681348356006], [-3.8336743957314416, 50.42692577556036]]]}}, {"type": "Feature", "properties": {"type": "postcode-cell", "postcode": "TQ10 9JA", "postcodes": ["TQ10 9JA"]}, "geometry": {"type": "Polygon", "coordinates": [[[-3.832997895878273, 50.421851136212595], [-3.833540781516322, 50.421515477265125], [-3.8345545112437662, 50.42241797381724], [-3.8340598191168036, 50.42230591127097], [-3.832994098963615, 50.42186660521521], [-3.832997895878273, 50.421851136212595]]]}}, {"type": "Feature", "properties": {"type": "postcode-cell", "postcode": "TQ10 9PG", "postcodes": ["TQ10 9PG"]}, "geometry": {"type": "Polygon", "coordinates": [[[-3.832994098963615, 50.42186660521521], [-3.832770028620956, 50.422127696575856], [-3.832030329709266, 50.422131824970684], [-3.831731321098181, 50.42198992420388], [-3.8320127441950036, 50.421508455955724], [-3.832362857293559, 50.42151889104384], [-3.832997895878273, 50.421851136212595], [-3.832994098963615, 50.42186660521521]]]}}, {"type": "Feature", "properties": {"type": "postcode-cell", "postcode": "TQ10 9HX", "postcodes": ["TQ10 9HX"]}, "geometry": {"type": "Polygon", "coordinates": [[[-3.833737095209892, 50.42305627672764], [-3.8328846480293577, 50.42251465081329], [-3.8328889876395698, 50.42250631461789], [-3.8345938560017068, 50.42243762029753], [-3.8349380695118134, 50.42256432216054], [-3.835303318723053, 50.42293661489554], [-3.833737095209892, 50.42305627672764]]]}}, {"type": "Feature", "properties": {"type": "postcode-cell", "postcode": "TQ10 9BX", "postcodes": ["TQ10 9BX"]}, "geometry": {"type": "Polygon", "coordinates": [[[-3.8333452491329596, 50.42571141901218], [-3.8325721980379703, 50.42606623732145], [-3.832519967578206, 50.426061144904054], [-3.831976705804204, 50.42583113621171], [-3.832761991559663, 50.42520756845836], [-3.833348403387777, 50.42569937909026], [-3.8333452491329596, 50.42571141901218]]]}}, {"type": "Feature", "properties": {"type": "postcode-cell", "postcode": "TQ10 9HZ", "postcodes": ["TQ10 9HZ"]}, "geometry": {"type": "Polygon", "coordinates": [[[-3.832770028620956, 50.422127696575856], [-3.832994098963615, 50.42186660521521], [-3.8340598191168036, 50.42230591127097], [-3.83284986730271, 50.42223161767101], [-3.832770028620956, 50.422127696575856]]]}}, {"type": "Feature", "properties": {"type": "postcode-cell", "postcode": "TQ10 9DF", "postcodes": ["TQ10 9DF"]}, "geometry": {"type": "Polygon", "coordinates": [[[-3.83284986730271, 50.42223161767101], [-3.8328889876395698, 50.42250631461789], [-3.8328846480293577, 50.42251465081329], [-3.8321637000114217, 50.422975561711425], [-3.832030329709266, 50.422131824970684], [-3.832770028620956, 50.422127696575856], [-3.83284986730271, 50.42223161767101]]]}}, {"type": "Feature", "properties": {"type": "postcode-cell", "postcode": "TQ10 9BN", "postcodes": ["TQ10 9BN"]}, "geometry": {"type": "Polygon", "coordinates": [[[-3.8327591618773673, 50.42515571429279], [-3.831484190059646, 50.42466750675501], [-3.831415295968055, 50.42455893553381], [-3.83294153266345, 50.424077754233515], [-3.8341499209954435, 50.42443450642582], [-3.8327591618773673, 50.42515571429279]]]}}, {"type": "Feature", "properties": {"type": "postcode-cell", "postcode": "TQ10 9BB", "postcodes": ["TQ10 9BB"]}, "geometry": {"type": "Polygon", "coordinates": [[[-3.8335374473641006, 50.42734245562883], [-3.8338432897326538, 50.42776337137237], [-3.832855300224657, 50.427887049881534], [-3.8324516486585285, 50.42751390003828], [-3.832661246124895, 50.42714891920566], [-3.8335374473641006, 50.42734245562883]]]}}, {"type": "Feature", "properties": {"type": "postcode-cell", "postcode": "TQ10 9HU", "postcodes": ["TQ10 9HU"]}, "geometry": {"type": "Polygon", "coordinates": [[[-3.832592092125919, 50.42334057010554], [-3.8320679871406256, 50.423136442232604], [-3.8321637000114217, 50.422975561711425], [-3.8328846480293577, 50.42251465081329], [-3.833737095209892, 50.42305627672764], [-3.832592092125919, 50.42334057010554]]]}}, {"type": "Feature", "properties": {"type": "postcode-cell", "postcode": "TQ10 9AN", "postcodes": ["TQ10 9AN"]}, "geometry": {"type": "Polygon", "coordinates": [[[-3.833459826126465, 50.428708384152486], [-3.8333294255395716, 50.42909314269055], [-3.833193012124889, 50.42909891442959], [-3.8319060307889474, 50.428551282999415], [-3.832835811784609, 50.427928150610654], [-3.833459826126465, 50.428708384152486]]]}}, {"type": "Feature", "properties": {"type": "postcode-cell", "postcode": "TQ10 9DJ", "postcodes": ["TQ10 9DJ"]}, "geometry": {"type": "Polygon", "coordinates": [[[-3.832835811784609, 50.427928150610654], [-3.8319060307889474, 50.428551282999415], [-3.83146460453892, 50.42857102496249], [-3.8300811159333454, 50.42773017817016], [-3.83048094975401, 50.4275582004914], [-3.8324516486585285, 50.42751390003828], [-3.832855300224657, 50.427887049881534], [-3.832835811784609, 50.427928150610654]]]}}, {"type": "Feature", "properties": {"type": "postcode-cell", "postcode": "TQ10 9BS", "postcodes": ["TQ10 9BS"]}, "geometry": {"type": "Polygon", "coordinates": [[[-3.8326898834691154, 50.42695493158116], [-3.8320518634389553, 50.42671721374092], [-3.832519967578206, 50.426061144904054], [-3.8325721980379703, 50.42606623732145], [-3.8328677394089556, 50.42629054476136], [-3.832830297516805, 50.42688643282573], [-3.8326898834691154, 50.42695493158116]]]}}, {"type": "Feature", "properties": {"type": "postcode-cell", "postcode": "TQ10 9AW", "postcodes": ["TQ10 9AW"]}, "geometry": {"type": "Polygon", "coordinates": [[[-3.8329491997361163, 50.43223053740215], [-3.831921277247947, 50.43133587576595], [-3.8309859236025163, 50.430295123680104], [-3.831274429634691, 50.4299671016512], [-3.832034363264576, 50.429675826058556], [-3.833789189020772, 50.43170778408409], [-3.8329491997361163, 50.43223053740215]]]}}, {"type": "Feature", "properties": {"type": "postcode-cell", "postcode": "TQ10 9JW", "postcodes": ["TQ10 9JW"]}, "geometry": {"type": "Polygon", "coordinates": [[[-3.832592092125919, 50.42334057010554], [-3.83294153266345, 50.424077754233515], [-3.831415295968055, 50.42455893553381], [-3.8311041541760087, 50.42443084286377], [-3.8317536443210005, 50.42316638714285], [-3.8320679871406256, 50.423136442232604], [-3.832592092125919, 50.42334057010554]]]}}, {"type": "Feature", "properties": {"type": "postcode-cell", "postcode": "TQ10 9BY", "postcodes": ["TQ10 9BY"]}, "geometry": {"type": "Polygon", "coordinates": [[[-3.8327591618773673, 50.42515571429279], [-3.832761991559663, 50.42520756845836], [-3.831976705804204, 50.42583113621171], [-3.831245272462341, 50.42581738914151], [-3.831484190059646, 50.42466750675501], [-3.8327591618773673, 50.42515571429279]]]}}, {"type": "Feature", "properties": {"type": "postcode-cell", "postcode": "TQ10 9PH", "postcodes": ["TQ10 9PH"]}, "geometry": {"type": "Polygon", "coordinates": [[[-3.832661246124895, 50.42714891920566], [-3.8324516486585285, 50.42751390003828], [-3.83048094975401, 50.4275582004914], [-3.8313309995154037, 50.42669071386255], [-3.8320518634389553, 50.42671721374092], [-3.8326898834691154, 50.42695493158116], [-3.832661246124895, 50.42714891920566]]]}}, {"type": "Feature", "properties": {"type": "postcode-cell", "postcode": "TQ10 9BU", "postcodes": ["TQ10 9BU"]}, "geometry": {"type": "Polygon", "coordinates": [[[-3.8320518634389553, 50.42671721374092], [-3.8313309995154037, 50.42669071386255], [-3.831105177949071, 50.425887882968034], [-3.831245272462341, 50.42581738914151], [-3.831976705804204, 50.42583113621171], [-3.832519967578206, 50.426061144904054], [-3.8320518634389553, 50.42671721374092]]]}}, {"type": "Feature", "properties": {"type": "postcode-cell", "postcode": "TQ10 9AP", "postcodes": ["TQ10 9AP"]}, "geometry": {"type": "Polygon", "coordinates": [[[-3.832470847801328, 50.4294954167831], [-3.8321767221645247, 50.429552329175294], [-3.8313573405279224, 50.42894041692886], [-3.83146460453892, 50.42857102496249], [-3.8319060307889474, 50.428551282999415], [-3.833193012124889, 50.42909891442959], [-3.832470847801328, 50.4294954167831]]]}}, {"type": "Feature", "properties": {"type": "postcode-cell", "postcode": "TQ10 9DG", "postcodes": ["TQ10 9DG"]}, "geometry": {"type": "Polygon", "coordinates": [[[-3.8320127441950036, 50.421508455955724], [-3.831731321098181, 50.42198992420388], [-3.8308759203713296, 50.4221297332919], [-3.830310788550637, 50.421819803193245], [-3.8301732393012493, 50.42168623348745], [-3.82985332761105, 50.42087410121216], [-3.831728892601923, 50.42115051709145], [-3.8320127441950036, 50.421508455955724]]]}}, {"type": "Feature", "properties": {"type": "postcode-cell", "postcode": "TQ10 9FB", "postcodes": ["TQ10 9FB"]}, "geometry": {"type": "Polygon", "coordinates": [[[-3.8320679871406256, 50.423136442232604], [-3.8317536443210005, 50.42316638714285], [-3.8309279813988146, 50.422928777686714], [-3.8308759203713296, 50.4221297332919], [-3.831731321098181, 50.42198992420388], [-3.832030329709266, 50.422131824970684], [-3.8321637000114217, 50.422975561711425], [-3.8320679871406256, 50.423136442232604]]]}}, {"type": "Feature", "properties": {"type": "postcode-cell", "postcode": "TQ10 9BA", "postcodes": ["TQ10 9BA"]}, "geometry": {"type": "Polygon", "coordinates": [[[-3.831921277247947, 50.43133587576595], [-3.827637360873657, 50.43040410884275], [-3.827741824840146, 50.43022504092011], [-3.8309115588725824, 50.43027956923099], [-3.8309859236025163, 50.430295123680104], [-3.831921277247947, 50.43133587576595]]]}}, {"type": "Feature", "properties": {"type": "postcode-cell", "postcode": "TQ13 7SW", "postcodes": ["TQ13 7SW"]}, "geometry": {"type": "Polygon", "coordinates": [[[-3.8357145149389478, 50.50217657810122], [-3.834965693560033, 50.50747239969989], [-3.828761141694566, 50.507006175968364], [-3.827859623706877, 50.50675093898848], [-3.8265895545701674, 50.50625420111607], [-3.826966917150217, 50.50468376990564], [-3.835227081890817, 50.50207779851592], [-3.8357145149389478, 50.50217657810122]]]}}, {"type": "Feature", "properties": {"type": "postcode-cell", "postcode": "TQ10 9LR", "postcodes": ["TQ10 9LR"]}, "geometry": {"type": "Polygon", "coordinates": [[[-3.8311041541760087, 50.42443084286377], [-3.830365639212662, 50.42438167294478], [-3.8299986042094534, 50.4242120855477], [-3.8295432018628777, 50.423350719857204], [-3.8309279813988146, 50.422928777686714], [-3.8317536443210005, 50.42316638714285], [-3.8311041541760087, 50.42443084286377]]]}}, {"type": "Feature", "properties": {"type": "postcode-cell", "postcode": "TQ10 9JN", "postcodes": ["TQ10 9JN"]}, "geometry": {"type": "Polygon", "coordinates": [[[-3.831484190059646, 50.42466750675501], [-3.831245272462341, 50.42581738914151], [-3.831105177949071, 50.425887882968034], [-3.830578420336992, 50.42586120017359], [-3.829982857691443, 50.42514345409646], [-3.830365639212662, 50.42438167294478], [-3.8311041541760087, 50.42443084286377], [-3.831415295968055, 50.42455893553381], [-3.831484190059646, 50.42466750675501]]]}}, {"type": "Feature", "properties": {"type": "postcode-cell", "postcode": "TQ10 9NF", "postcodes": ["TQ10 9NF"]}, "geometry": {"type": "Polygon", "coordinates": [[[-3.8282624147419124, 50.39480719877602], [-3.8258499900916525, 50.39502999448218], [-3.8249599900908815, 50.39545999448251], [-3.8249999900906535, 50.39599999448294], [-3.8242299900900028, 50.3963299944832], [-3.819909990087448, 50.39589999448296], [-3.8192899900869812, 50.39604999448309], [-3.8203199900867726, 50.39788999448451], [-3.819029990085371, 50.39910999448546], [-3.819033019350352, 50.39912345824645], [-3.819000420988824, 50.399133727321626], [-3.815747085703608, 50.39750552965025], [-3.817802206530421, 50.39101237346638], [-3.8211523688118594, 50.38946709594432], [-3.8282624147419124, 50.39480719877602]]]}}, {"type": "Feature", "properties": {"type": "postcode-cell", "postcode": "PL21 0SG", "postcodes": ["PL21 0SG"]}, "geometry": {"type": "Polygon", "coordinates": [[[-3.8175517603397706, 50.37185554184634], [-3.8116591704519744, 50.363652877387054], [-3.8123899900978717, 50.36364999445837], [-3.814239990099465, 50.36276999445764], [-3.818109990101773, 50.3630999944578], [-3.8229399901052736, 50.362209994457], [-3.8244399901051054, 50.36458999445879], [-3.824279990104226, 50.366239994460074], [-3.8228699901026553, 50.36765999446117], [-3.8224499901017546, 50.36899999446223], [-3.820949990099964, 50.37076999446362], [-3.8214499900994046, 50.37262999446505], [-3.819561410163941, 50.37327546460023], [-3.8175517603397706, 50.37185554184634]]]}}, {"type": "Feature", "properties": {"type": "postcode-cell", "postcode": "TQ10 9AX", "postcodes": ["TQ10 9AX"]}, "geometry": {"type": "Polygon", "coordinates": [[[-3.8309115588725824, 50.43027956923099], [-3.8301790593120137, 50.42931524297566], [-3.831038012803021, 50.42919822732952], [-3.831274429634691, 50.4299671016512], [-3.8309859236025163, 50.430295123680104], [-3.8309115588725824, 50.43027956923099]]]}}, {"type": "Feature", "properties": {"type": "postcode-cell", "postcode": "TQ10 9DN", "postcodes": ["TQ10 9DN"]}, "geometry": {"type": "Polygon", "coordinates": [[[-3.8313573405279224, 50.42894041692886], [-3.831038012803021, 50.42919822732952], [-3.8301790593120137, 50.42931524297566], [-3.8277975320486535, 50.42885491601289], [-3.8275731377744235, 50.42820035070265], [-3.829131036686435, 50.42773621601732], [-3.8300811159333454, 50.42773017817016], [-3.83146460453892, 50.42857102496249], [-3.8313573405279224, 50.42894041692886]]]}}, {"type": "Feature", "properties": {"type": "postcode-cell", "postcode": "TQ11 0HQ", "postcodes": ["TQ11 0HQ"]}, "geometry": {"type": "Polygon", "coordinates": [[[-3.8306195488039663, 50.484044426664944], [-3.81342682312643, 50.48215108548945], [-3.8119692429646053, 50.48070100391042], [-3.814615784684673, 50.47415001677892], [-3.8162914171041815, 50.47273044545873], [-3.8409409843041087, 50.470580212102774], [-3.8306195488039663, 50.484044426664944]]]}}, {"type": "Feature", "properties": {"type": "postcode-cell", "postcode": "TQ10 9AU", "postcodes": ["TQ10 9AU"]}, "geometry": {"type": "Polygon", "coordinates": [[[-3.832034363264576, 50.429675826058556], [-3.831274429634691, 50.4299671016512], [-3.831038012803021, 50.42919822732952], [-3.8313573405279224, 50.42894041692886], [-3.8321767221645247, 50.429552329175294], [-3.832034363264576, 50.429675826058556]]]}}, {"type": "Feature", "properties": {"type": "postcode-cell", "postcode": "TQ10 9BT", "postcodes": ["TQ10 9BT"]}, "geometry": {"type": "Polygon", "coordinates": [[[-3.8300811159333454, 50.42773017817016], [-3.829131036686435, 50.42773621601732], [-3.8295909034088966, 50.42618458399321], [-3.830578420336992, 50.42586120017359], [-3.831105177949071, 50.425887882968034], [-3.8313309995154037, 50.42669071386255], [-3.83048094975401, 50.4275582004914], [-3.8300811159333454, 50.42773017817016]]]}}, {"type": "Feature", "properties": {"type": "postcode-cell", "postcode": "TQ10 9EZ", "postcodes": ["TQ10 9EZ"]}, "geometry": {"type": "Polygon", "coordinates": [[[-3.817335142546144, 50.40358791540555], [-3.81698340737118, 50.403158159953165], [-3.819000420988824, 50.399133727321626], [-3.819033019350352, 50.39912345824645], [-3.819299990084978, 50.40030999448639], [-3.8185799900841912, 50.40100999448696], [-3.8204499900851583, 50.40148999448728], [-3.8215199900862555, 50.40060999448656], [-3.8235899900871138, 50.40159999448729], [-3.823549990086739, 50.40233999448787], [-3.8249299900875324, 50.40252999448797], [-3.823429990086078, 50.4035799944888], [-3.8222659045993166, 50.40538518408305], [-3.817335142546144, 50.40358791540555]]]}}, {"type": "Feature", "properties": {"type": "postcode-cell", "postcode": "TQ10 9PU", "postcodes": ["TQ10 9PU"]}, "geometry": {"type": "Polygon", "coordinates": [[[-3.8275731377744235, 50.42820035070265], [-3.827317388166778, 50.4281020014317], [-3.826578113163939, 50.42706128654341], [-3.8283476115905826, 50.42580111723539], [-3.829018652655133, 50.425832101554796], [-3.8295909034088966, 50.42618458399321], [-3.829131036686435, 50.42773621601732], [-3.8275731377744235, 50.42820035070265]]]}}, {"type": "Feature", "properties": {"type": "postcode-cell", "postcode": "TQ11 0JE", "postcodes": ["TQ11 0JE"]}, "geometry": {"type": "Polygon", "coordinates": [[[-3.833310172126338, 50.49619382043216], [-3.830817920139953, 50.49798817242351], [-3.8235169059058296, 50.494549734853955], [-3.823262630593293, 50.491314394684494], [-3.825465368946602, 50.490615079235994], [-3.8328857804558774, 50.49363137535478], [-3.833310172126338, 50.49619382043216]]]}}, {"type": "Feature", "properties": {"type": "postcode-cell", "postcode": "TQ10 9DE", "postcodes": ["TQ10 9DE"]}, "geometry": {"type": "Polygon", "coordinates": [[[-3.8308759203713296, 50.4221297332919], [-3.8309279813988146, 50.422928777686714], [-3.8295432018628777, 50.423350719857204], [-3.8295385937711037, 50.42334905371112], [-3.829292989720727, 50.423070658223715], [-3.830310788550637, 50.421819803193245], [-3.8308759203713296, 50.4221297332919]]]}}, {"type": "Feature", "properties": {"type": "postcode-cell", "postcode": "TQ10 9PB", "postcodes": ["TQ10 9PB"]}, "geometry": {"type": "Polygon", "coordinates": [[[-3.830310788550637, 50.421819803193245], [-3.829292989720727, 50.423070658223715], [-3.828523998122895, 50.422568486130714], [-3.8285199650656745, 50.42254537519586], [-3.8301732393012493, 50.42168623348745], [-3.830310788550637, 50.421819803193245]]]}}, {"type": "Feature", "properties": {"type": "postcode-cell", "postcode": "TQ10 9PR", "postcodes": ["TQ10 9PR"]}, "geometry": {"type": "Polygon", "coordinates": [[[-3.829982857691443, 50.42514345409646], [-3.8292474565584484, 50.42530828593254], [-3.8284252687074267, 50.42471411980692], [-3.8299986042094534, 50.4242120855477], [-3.830365639212662, 50.42438167294478], [-3.829982857691443, 50.42514345409646]]]}}, {"type": "Feature", "properties": {"type": "postcode-cell", "postcode": "TQ10 9AY", "postcodes": ["TQ10 9AY"]}, "geometry": {"type": "Polygon", "coordinates": [[[-3.8329491997361163, 50.43223053740215], [-3.832136441032633, 50.43342515937344], [-3.8269774922509754, 50.43128667458489], [-3.827637360873657, 50.43040410884275], [-3.831921277247947, 50.43133587576595], [-3.8329491997361163, 50.43223053740215]]]}}, {"type": "Feature", "properties": {"type": "postcode-cell", "postcode": "TQ10 9AZ", "postcodes": ["TQ10 9AZ"]}, "geometry": {"type": "Polygon", "coordinates": [[[-3.8309115588725824, 50.43027956923099], [-3.827741824840146, 50.43022504092011], [-3.8277975320486535, 50.42885491601289], [-3.8301790593120137, 50.42931524297566], [-3.8309115588725824, 50.43027956923099]]]}}, {"type": "Feature", "properties": {"type": "postcode-cell", "postcode": "TQ10 9PS", "postcodes": ["TQ10 9PS"]}, "geometry": {"type": "Polygon", "coordinates": [[[-3.829018652655133, 50.425832101554796], [-3.8292474565584484, 50.42530828593254], [-3.829982857691443, 50.42514345409646], [-3.830578420336992, 50.42586120017359], [-3.8295909034088966, 50.42618458399321], [-3.829018652655133, 50.425832101554796]]]}}, {"type": "Feature", "properties": {"type": "postcode-cell", "postcode": "TQ10 9PA", "postcodes": ["TQ10 9PA"]}, "geometry": {"type": "Polygon", "coordinates": [[[-3.8301732393012493, 50.42168623348745], [-3.8285199650656745, 50.42254537519586], [-3.8260212210472067, 50.41948938114599], [-3.825521040680671, 50.41725573077663], [-3.82985332761105, 50.42087410121216], [-3.8301732393012493, 50.42168623348745]]]}}, {"type": "Feature", "properties": {"type": "postcode-cell", "postcode": "TQ10 9DW", "postcodes": ["TQ10 9DW"]}, "geometry": {"type": "Polygon", "coordinates": [[[-3.827637360873657, 50.43040410884275], [-3.8269774922509754, 50.43128667458489], [-3.823974725104154, 50.43216845603494], [-3.8219608123475735, 50.43252997889348], [-3.8200090139715335, 50.43125741682876], [-3.820340830421174, 50.42947389373551], [-3.827317388166778, 50.4281020014317], [-3.8275731377744235, 50.42820035070265], [-3.8277975320486535, 50.42885491601289], [-3.827741824840146, 50.43022504092011], [-3.827637360873657, 50.43040410884275]]]}}, {"type": "Feature", "properties": {"type": "postcode-cell", "postcode": "TQ10 9DR", "postcodes": ["TQ10 9DR"]}, "geometry": {"type": "Polygon", "coordinates": [[[-3.8322846818496306, 50.43521525169204], [-3.823974725104154, 50.43216845603494], [-3.8269774922509754, 50.43128667458489], [-3.832136441032633, 50.43342515937344], [-3.8322846818496306, 50.43521525169204]]]}}, {"type": "Feature", "properties": {"type": "postcode-cell", "postcode": "TQ10 9DY", "postcodes": ["TQ10 9DY"]}, "geometry": {"type": "Polygon", "coordinates": [[[-3.832364710942715, 50.435510716128746], [-3.828509044074737, 50.441468571367636], [-3.822547498600877, 50.43539736230182], [-3.8219608123475735, 50.43252997889348], [-3.823974725104154, 50.43216845603494], [-3.8322846818496306, 50.43521525169204], [-3.832364710942715, 50.435510716128746]]]}}, {"type": "Feature", "properties": {"type": "postcode-cell", "postcode": "TQ10 9BZ", "postcodes": ["TQ10 9BZ"]}, "geometry": {"type": "Polygon", "coordinates": [[[-3.8284252687074267, 50.42471411980692], [-3.828276743221504, 50.42471306770058], [-3.8283251161037337, 50.423674644495726], [-3.8295385937711037, 50.42334905371112], [-3.8295432018628777, 50.423350719857204], [-3.8299986042094534, 50.4242120855477], [-3.8284252687074267, 50.42471411980692]]]}}, {"type": "Feature", "properties": {"type": "postcode-cell", "postcode": "TQ10 9PP", "postcodes": ["TQ10 9PP"]}, "geometry": {"type": "Polygon", "coordinates": [[[-3.829018652655133, 50.425832101554796], [-3.8283476115905826, 50.42580111723539], [-3.82783315870328, 50.42515899757667], [-3.8281975056768633, 50.424732399626805], [-3.828276743221504, 50.42471306770058], [-3.8284252687074267, 50.42471411980692], [-3.8292474565584484, 50.42530828593254], [-3.829018652655133, 50.425832101554796]]]}}, {"type": "Feature", "properties": {"type": "postcode-cell", "postcode": "TQ10 9DD", "postcodes": ["TQ10 9DD"]}, "geometry": {"type": "Polygon", "coordinates": [[[-3.828523998122895, 50.422568486130714], [-3.826878896072753, 50.42319881032494], [-3.825830900702668, 50.422209130152524], [-3.8260212210472067, 50.41948938114599], [-3.8285199650656745, 50.42254537519586], [-3.828523998122895, 50.422568486130714]]]}}, {"type": "Feature", "properties": {"type": "postcode-cell", "postcode": "TQ10 9DA", "postcodes": ["TQ10 9DA"]}, "geometry": {"type": "Polygon", "coordinates": [[[-3.8295385937711037, 50.42334905371112], [-3.8283251161037337, 50.423674644495726], [-3.8268944229470923, 50.423522644822334], [-3.826878896072753, 50.42319881032494], [-3.828523998122895, 50.422568486130714], [-3.829292989720727, 50.423070658223715], [-3.8295385937711037, 50.42334905371112]]]}}, {"type": "Feature", "properties": {"type": "postcode-cell", "postcode": "TQ10 9PF", "postcodes": ["TQ10 9PF"]}, "geometry": {"type": "Polygon", "coordinates": [[[-3.8260212210472067, 50.41948938114599], [-3.825830900702668, 50.422209130152524], [-3.8242888410327485, 50.42324398815084], [-3.8214408277054686, 50.42399542007675], [-3.8161109512038554, 50.42362172495833], [-3.8153492038262824, 50.423200953988236], [-3.8187901811052343, 50.41867226423924], [-3.8250186245889948, 50.4163663140976], [-3.825521040680671, 50.41725573077663], [-3.8260212210472067, 50.41948938114599]]]}}, {"type": "Feature", "properties": {"type": "postcode-cell", "postcode": "TQ13 7SB", "postcodes": ["TQ13 7SB"]}, "geometry": {"type": "Polygon", "coordinates": [[[-3.8317404596942684, 50.5107328980837], [-3.8297010776187896, 50.51235046888281], [-3.8279045035240595, 50.51154886123887], [-3.827603076639401, 50.51093773211975], [-3.827692386222574, 50.510697723923464], [-3.8281362026500476, 50.51034420746543], [-3.8297174009443657, 50.509826399934994], [-3.8317404596942684, 50.5107328980837]]]}}, {"type": "Feature", "properties": {"type": "postcode-cell", "postcode": "TQ13 7SR", "postcodes": ["TQ13 7SR"]}, "geometry": {"type": "Polygon", "coordinates": [[[-3.8297174009443657, 50.509826399934994], [-3.828761141694566, 50.507006175968364], [-3.834965693560033, 50.50747239969989], [-3.8372270882538237, 50.50950182584238], [-3.8317404596942684, 50.5107328980837], [-3.8297174009443657, 50.509826399934994]]]}}, {"type": "Feature", "properties": {"type": "postcode-cell", "postcode": "TQ10 9PL", "postcodes": ["TQ10 9PL"]}, "geometry": {"type": "Polygon", "coordinates": [[[-3.8281975056768633, 50.424732399626805], [-3.826962804094947, 50.42419654062231], [-3.826769588468266, 50.42366803923941], [-3.8268944229470923, 50.423522644822334], [-3.8283251161037337, 50.423674644495726], [-3.828276743221504, 50.42471306770058], [-3.8281975056768633, 50.424732399626805]]]}}, {"type": "Feature", "properties": {"type": "postcode-cell", "postcode": "TQ11 0HH", "postcodes": ["TQ11 0HH"]}, "geometry": {"type": "Polygon", "coordinates": [[[-3.8305234236264374, 50.48628624578895], [-3.825465368946602, 50.490615079235994], [-3.823262630593293, 50.491314394684494], [-3.82290642814759, 50.491246107572664], [-3.8138383838295673, 50.48341359937846], [-3.81342682312643, 50.48215108548945], [-3.8306195488039663, 50.484044426664944], [-3.8305234236264374, 50.48628624578895]]]}}, {"type": "Feature", "properties": {"type": "postcode-cell", "postcode": "TQ10 9JP", "postcodes": ["TQ10 9JP"]}, "geometry": {"type": "Polygon", "coordinates": [[[-3.8283476115905826, 50.42580111723539], [-3.826578113163939, 50.42706128654341], [-3.825658999733164, 50.4263846641405], [-3.825649615406246, 50.42631913617271], [-3.825852024718902, 50.426019390064305], [-3.82638248244636, 50.425459275229514], [-3.82783315870328, 50.42515899757667], [-3.8283476115905826, 50.42580111723539]]]}}, {"type": "Feature", "properties": {"type": "postcode-cell", "postcode": "TQ11 0JB", "postcodes": ["TQ11 0JB"]}, "geometry": {"type": "Polygon", "coordinates": [[[-3.835227081890817, 50.50207779851592], [-3.826966917150217, 50.50468376990564], [-3.8266321985136313, 50.50424182394445], [-3.8281289981516196, 50.50210509718188], [-3.83210626590934, 50.50019689168997], [-3.835227081890817, 50.50207779851592]]]}}, {"type": "Feature", "properties": {"type": "postcode-cell", "postcode": "TQ10 9DB", "postcodes": ["TQ10 9DB"]}, "geometry": {"type": "Polygon", "coordinates": [[[-3.826769588468266, 50.42366803923941], [-3.8260365888471095, 50.42377670138293], [-3.8242888410327485, 50.42324398815084], [-3.825830900702668, 50.422209130152524], [-3.826878896072753, 50.42319881032494], [-3.8268944229470923, 50.423522644822334], [-3.826769588468266, 50.42366803923941]]]}}, {"type": "Feature", "properties": {"type": "postcode-cell", "postcode": "TQ10 9HR", "postcodes": ["TQ10 9HR"]}, "geometry": {"type": "Polygon", "coordinates": [[[-3.82638248244636, 50.425459275229514], [-3.826300996059832, 50.42484499760007], [-3.826962804094947, 50.42419654062231], [-3.8281975056768633, 50.424732399626805], [-3.82783315870328, 50.42515899757667], [-3.82638248244636, 50.425459275229514]]]}}, {"type": "Feature", "properties": {"type": "postcode-cell", "postcode": "TQ10 9JR", "postcodes": ["TQ10 9JR"]}, "geometry": {"type": "Polygon", "coordinates": [[[-3.827317388166778, 50.4281020014317], [-3.820340830421174, 50.42947389373551], [-3.8196202805072472, 50.42758988650041], [-3.825658999733164, 50.4263846641405], [-3.826578113163939, 50.42706128654341], [-3.827317388166778, 50.4281020014317]]]}}, {"type": "Feature", "properties": {"type": "postcode-cell", "postcode": "TQ13 7SH", "postcodes": ["TQ13 7SH"]}, "geometry": {"type": "Polygon", "coordinates": [[[-3.828761141694566, 50.507006175968364], [-3.8297174009443657, 50.509826399934994], [-3.8281362026500476, 50.51034420746543], [-3.8278169313218178, 50.50932248164428], [-3.827859623706877, 50.50675093898848], [-3.828761141694566, 50.507006175968364]]]}}, {"type": "Feature", "properties": {"type": "postcode-cell", "postcode": "TQ11 0HT", "postcodes": ["TQ11 0HT"]}, "geometry": {"type": "Polygon", "coordinates": [[[-3.830801583468975, 50.49910923235948], [-3.82951103990648, 50.499390178048394], [-3.8232020385781067, 50.49913398366472], [-3.8221132944013534, 50.49679543605101], [-3.8235169059058296, 50.494549734853955], [-3.830817920139953, 50.49798817242351], [-3.830801583468975, 50.49910923235948]]]}}, {"type": "Feature", "properties": {"type": "postcode-cell", "postcode": "TQ10 9DS", "postcodes": ["TQ10 9DS"]}, "geometry": {"type": "Polygon", "coordinates": [[[-3.8287285453121624, 50.44377973657778], [-3.8249117517575564, 50.44537642245687], [-3.8209197130684984, 50.444985810870605], [-3.807644606327973, 50.439223180838965], [-3.8078264338914942, 50.438039978221305], [-3.8084338103479656, 50.43730003556944], [-3.822547498600877, 50.43539736230182], [-3.828509044074737, 50.441468571367636], [-3.8287285453121624, 50.44377973657778]]]}}, {"type": "Feature", "properties": {"type": "postcode-cell", "postcode": "TQ10 9FG", "postcodes": ["TQ10 9FG"]}, "geometry": {"type": "Polygon", "coordinates": [[[-3.825852024718902, 50.426019390064305], [-3.8249635340933654, 50.42444245290257], [-3.8252206832772875, 50.42440893763588], [-3.826300996059832, 50.42484499760007], [-3.82638248244636, 50.425459275229514], [-3.825852024718902, 50.426019390064305]]]}}, {"type": "Feature", "properties": {"type": "postcode-cell", "postcode": "TQ10 9FP", "postcodes": ["TQ10 9FP"]}, "geometry": {"type": "Polygon", "coordinates": [[[-3.826962804094947, 50.42419654062231], [-3.826300996059832, 50.42484499760007], [-3.8252206832772875, 50.42440893763588], [-3.8260365888471095, 50.42377670138293], [-3.826769588468266, 50.42366803923941], [-3.826962804094947, 50.42419654062231]]]}}, {"type": "Feature", "properties": {"type": "postcode-cell", "postcode": "TQ11 0JA", "postcodes": ["TQ11 0JA"]}, "geometry": {"type": "Polygon", "coordinates": [[[-3.83210626590934, 50.50019689168997], [-3.8281289981516196, 50.50210509718188], [-3.8276135557584987, 50.500764508341575], [-3.82951103990648, 50.499390178048394], [-3.830801583468975, 50.49910923235948], [-3.83210626590934, 50.50019689168997]]]}}, {"type": "Feature", "properties": {"type": "postcode-cell", "postcode": "TQ13 7SG", "postcodes": ["TQ13 7SG"]}, "geometry": {"type": "Polygon", "coordinates": [[[-3.827692386222574, 50.510697723923464], [-3.8268814809025384, 50.50995259305173], [-3.8278169313218178, 50.50932248164428], [-3.8281362026500476, 50.51034420746543], [-3.827692386222574, 50.510697723923464]]]}}, {"type": "Feature", "properties": {"type": "postcode-cell", "postcode": "TQ10 9FH", "postcodes": ["TQ10 9FH"]}, "geometry": {"type": "Polygon", "coordinates": [[[-3.825852024718902, 50.426019390064305], [-3.825649615406246, 50.42631913617271], [-3.822442759566759, 50.42431150582198], [-3.8249635340933654, 50.42444245290257], [-3.825852024718902, 50.426019390064305]]]}}, {"type": "Feature", "properties": {"type": "postcode-cell", "postcode": "TQ10 9PE", "postcodes": ["TQ10 9PE"]}, "geometry": {"type": "Polygon", "coordinates": [[[-3.8252206832772875, 50.42440893763588], [-3.8249635340933654, 50.42444245290257], [-3.822442759566759, 50.42431150582198], [-3.8214408277054686, 50.42399542007675], [-3.8242888410327485, 50.42324398815084], [-3.8260365888471095, 50.42377670138293], [-3.8252206832772875, 50.42440893763588]]]}}, {"type": "Feature", "properties": {"type": "postcode-cell", "postcode": "TQ11 0HZ", "postcodes": ["TQ11 0HZ"]}, "geometry": {"type": "Polygon", "coordinates": [[[-3.8281289981516196, 50.50210509718188], [-3.8266321985136313, 50.50424182394445], [-3.8243357508057736, 50.50246441821219], [-3.824369001024126, 50.50173671212966], [-3.8276135557584987, 50.500764508341575], [-3.8281289981516196, 50.50210509718188]]]}}, {"type": "Feature", "properties": {"type": "postcode-cell", "postcode": "TQ11 0HY", "postcodes": ["TQ11 0HY"]}, "geometry": {"type": "Polygon", "coordinates": [[[-3.826966917150217, 50.50468376990564], [-3.8265895545701674, 50.50625420111607], [-3.822850606909651, 50.507613520000355], [-3.8195061713048912, 50.50850470250222], [-3.817699044393629, 50.508728452927166], [-3.815186752106888, 50.508154461372996], [-3.818996445694079, 50.50330063049121], [-3.8243357508057736, 50.50246441821219], [-3.8266321985136313, 50.50424182394445], [-3.826966917150217, 50.50468376990564]]]}}, {"type": "Feature", "properties": {"type": "postcode-cell", "postcode": "TQ11 0NB", "postcodes": ["TQ11 0NB"]}, "geometry": {"type": "Polygon", "coordinates": [[[-3.8409409843041087, 50.470580212102774], [-3.8162914171041815, 50.47273044545873], [-3.8119675909915256, 50.46827420783527], [-3.817964122116534, 50.45757198568183], [-3.823886740139103, 50.456595206081055], [-3.8470782132486954, 50.46840337246262], [-3.8409409843041087, 50.470580212102774]]]}}, {"type": "Feature", "properties": {"type": "postcode-cell", "postcode": "TQ10 9NU", "postcodes": ["TQ10 9NU"]}, "geometry": {"type": "Polygon", "coordinates": [[[-3.822442759566759, 50.42431150582198], [-3.825649615406246, 50.42631913617271], [-3.825658999733164, 50.4263846641405], [-3.8196202805072472, 50.42758988650041], [-3.8161109512038554, 50.42362172495833], [-3.8214408277054686, 50.42399542007675], [-3.822442759566759, 50.42431150582198]]]}}, {"type": "Feature", "properties": {"type": "postcode-cell", "postcode": "TQ13 7SQ", "postcodes": ["TQ13 7SQ"]}, "geometry": {"type": "Polygon", "coordinates": [[[-3.827859623706877, 50.50675093898848], [-3.8278169313218178, 50.50932248164428], [-3.8268814809025384, 50.50995259305173], [-3.822850606909651, 50.507613520000355], [-3.8265895545701674, 50.50625420111607], [-3.827859623706877, 50.50675093898848]]]}}, {"type": "Feature", "properties": {"type": "postcode-cell", "postcode": "TQ10 9EY", "postcodes": ["TQ10 9EY"]}, "geometry": {"type": "Polygon", "coordinates": [[[-3.8170902360259427, 50.40819764395824], [-3.8155282479145383, 50.40583291544652], [-3.817335142546144, 50.40358791540555], [-3.8222659045993166, 50.40538518408305], [-3.822049990084188, 50.40571999449048], [-3.8229499900842128, 50.40688999449139], [-3.82181999008346, 50.40694999449145], [-3.821709990083546, 50.4066199944912], [-3.820899990083015, 50.40664999449124], [-3.8220299900832133, 50.40775999449207], [-3.8201399900817665, 50.40826999449249], [-3.8184699900802284, 50.40926999449333], [-3.8192599900805, 50.409769994493686], [-3.8190742345384394, 50.41007026275851], [-3.8170902360259427, 50.40819764395824]]]}}, {"type": "Feature", "properties": {"type": "postcode-cell", "postcode": "TQ11 0HR", "postcodes": ["TQ11 0HR"]}, "geometry": {"type": "Polygon", "coordinates": [[[-3.8221132944013534, 50.49679543605101], [-3.814898473170673, 50.49851768440666], [-3.8101580072983485, 50.493426620696205], [-3.82290642814759, 50.491246107572664], [-3.823262630593293, 50.491314394684494], [-3.8235169059058296, 50.494549734853955], [-3.8221132944013534, 50.49679543605101]]]}}, {"type": "Feature", "properties": {"type": "postcode-cell", "postcode": "TQ13 7SJ", "postcodes": ["TQ13 7SJ"]}, "geometry": {"type": "Polygon", "coordinates": [[[-3.827603076639401, 50.51093773211975], [-3.8243603210669597, 50.5105122662575], [-3.8195061713048912, 50.50850470250222], [-3.822850606909651, 50.507613520000355], [-3.8268814809025384, 50.50995259305173], [-3.827692386222574, 50.510697723923464], [-3.827603076639401, 50.51093773211975]]]}}, {"type": "Feature", "properties": {"type": "postcode-cell", "postcode": "TQ11 0HU", "postcodes": ["TQ11 0HU"]}, "geometry": {"type": "Polygon", "coordinates": [[[-3.8276135557584987, 50.500764508341575], [-3.824369001024126, 50.50173671212966], [-3.8231141354987144, 50.49945367565312], [-3.8232020385781067, 50.49913398366472], [-3.82951103990648, 50.499390178048394], [-3.8276135557584987, 50.500764508341575]]]}}, {"type": "Feature", "properties": {"type": "postcode-cell", "postcode": "TQ13 7RT", "postcodes": ["TQ13 7RT"]}, "geometry": {"type": "Polygon", "coordinates": [[[-3.8227207343429783, 50.515616026116845], [-3.817699044393629, 50.508728452927166], [-3.8195061713048912, 50.50850470250222], [-3.8243603210669597, 50.5105122662575], [-3.8256318347937732, 50.5118298174659], [-3.822788358671723, 50.51554344087811], [-3.8227207343429783, 50.515616026116845]]]}}, {"type": "Feature", "properties": {"type": "postcode-cell", "postcode": "TQ13 7SL", "postcodes": ["TQ13 7SL"]}, "geometry": {"type": "Polygon", "coordinates": [[[-3.8279045035240595, 50.51154886123887], [-3.8276942299124346, 50.51161387712942], [-3.8256318347937732, 50.5118298174659], [-3.8243603210669597, 50.5105122662575], [-3.827603076639401, 50.51093773211975], [-3.8279045035240595, 50.51154886123887]]]}}, {"type": "Feature", "properties": {"type": "postcode-cell", "postcode": "TQ10 9DP", "postcodes": ["TQ10 9DP"]}, "geometry": {"type": "Polygon", "coordinates": [[[-3.822547498600877, 50.43539736230182], [-3.8084338103479656, 50.43730003556944], [-3.808674505196392, 50.436718741150464], [-3.8105582554821176, 50.43497576301111], [-3.8154055731522423, 50.431922384553495], [-3.8200090139715335, 50.43125741682876], [-3.8219608123475735, 50.43252997889348], [-3.822547498600877, 50.43539736230182]]]}}, {"type": "Feature", "properties": {"type": "postcode-cell", "postcode": "TQ7 4DN", "postcodes": ["TQ7 4DN"]}, "geometry": {"type": "Polygon", "coordinates": [[[-3.7805844712471957, 50.364863639449744], [-3.7685476013050656, 50.362675704134915], [-3.768408830157901, 50.3593974829935], [-3.7698499900729705, 50.35912999445588], [-3.7753999900766635, 50.358759994455454], [-3.7801399900804253, 50.35717999445414], [-3.783869990083004, 50.35672999445372], [-3.7844199900831836, 50.357089994453965], [-3.7843799900829165, 50.35759999445436], [-3.7861599900844602, 50.35672999445365], [-3.7873499900851875, 50.35678999445367], [-3.7871199900841366, 50.35869999445514], [-3.788231634234773, 50.360203987411644], [-3.7805844712471957, 50.364863639449744]]]}}, {"type": "Feature", "properties": {"type": "postcode-cell", "postcode": "TQ13 7RU", "postcodes": ["TQ13 7RU"]}, "geometry": {"type": "Polygon", "coordinates": [[[-3.823083576444765, 50.51664290512687], [-3.8225899900324514, 50.51660999457642], [-3.8218499900318235, 50.51692999457669], [-3.8209656272579697, 50.51817142721735], [-3.8186977715940307, 50.518143423123384], [-3.8129918238214646, 50.51608011398875], [-3.814716277701094, 50.50817098417913], [-3.815186752106888, 50.508154461372996], [-3.817699044393629, 50.508728452927166], [-3.8227207343429783, 50.515616026116845], [-3.823083576444765, 50.51664290512687]]]}}, {"type": "Feature", "properties": {"type": "postcode-cell", "postcode": "TQ13 7SN", "postcodes": ["TQ13 7SN"]}, "geometry": {"type": "Polygon", "coordinates": [[[-3.822788358671723, 50.51554344087811], [-3.8256318347937732, 50.5118298174659], [-3.8276942299124346, 50.51161387712942], [-3.822788358671723, 50.51554344087811]]]}}, {"type": "Feature", "properties": {"type": "postcode-cell", "postcode": "TQ11 0HS", "postcodes": ["TQ11 0HS"]}, "geometry": {"type": "Polygon", "coordinates": [[[-3.814741622986808, 50.49911880076408], [-3.814898473170673, 50.49851768440666], [-3.8221132944013534, 50.49679543605101], [-3.8232020385781067, 50.49913398366472], [-3.8231141354987144, 50.49945367565312], [-3.8184526992326875, 50.50130753021844], [-3.814741622986808, 50.49911880076408]]]}}, {"type": "Feature", "properties": {"type": "postcode-cell", "postcode": "TQ13 7RZ", "postcodes": ["TQ13 7RZ"]}, "geometry": {"type": "Polygon", "coordinates": [[[-3.8184526992326875, 50.50130753021844], [-3.818996445694079, 50.50330063049121], [-3.815186752106888, 50.508154461372996], [-3.814716277701094, 50.50817098417913], [-3.804276315510397, 50.5060595004944], [-3.814741622986808, 50.49911880076408], [-3.8184526992326875, 50.50130753021844]]]}}, {"type": "Feature", "properties": {"type": "postcode-cell", "postcode": "TQ10 9EU", "postcodes": ["TQ10 9EU"]}, "geometry": {"type": "Polygon", "coordinates": [[[-3.8250186245889948, 50.4163663140976], [-3.8187901811052343, 50.41867226423924], [-3.810537658615449, 50.41445545405247], [-3.811465474415197, 50.413614798250435], [-3.8184937960794523, 50.41207128729116], [-3.81825999007863, 50.41237999449572], [-3.8200599900796064, 50.41274999449596], [-3.823389990081744, 50.412729994495876], [-3.8256499900830097, 50.4131099944961], [-3.828573764314293, 50.41312448433764], [-3.8250186245889948, 50.4163663140976]]]}}, {"type": "Feature", "properties": {"type": "postcode-cell", "postcode": "TQ11 0HX", "postcodes": ["TQ11 0HX"]}, "geometry": {"type": "Polygon", "coordinates": [[[-3.824369001024126, 50.50173671212966], [-3.8243357508057736, 50.50246441821219], [-3.818996445694079, 50.50330063049121], [-3.8184526992326875, 50.50130753021844], [-3.8231141354987144, 50.49945367565312], [-3.824369001024126, 50.50173671212966]]]}}, {"type": "Feature", "properties": {"type": "postcode-cell", "postcode": "TQ10 9FE", "postcodes": ["TQ10 9FE"]}, "geometry": {"type": "Polygon", "coordinates": [[[-3.8170902360259427, 50.40819764395824], [-3.81571728906198, 50.40858079255646], [-3.815257626073371, 50.408312336957174], [-3.8142114768626674, 50.406755145355554], [-3.8155282479145383, 50.40583291544652], [-3.8170902360259427, 50.40819764395824]]]}}, {"type": "Feature", "properties": {"type": "postcode-cell", "postcode": "TQ10 9FJ", "postcodes": ["TQ10 9FJ"]}, "geometry": {"type": "Polygon", "coordinates": [[[-3.8161109512038554, 50.42362172495833], [-3.8196202805072472, 50.42758988650041], [-3.820340830421174, 50.42947389373551], [-3.8200090139715335, 50.43125741682876], [-3.8154055731522423, 50.431922384553495], [-3.812021270813216, 50.428501932815514], [-3.81295281013705, 50.42361362497327], [-3.8153492038262824, 50.423200953988236], [-3.8161109512038554, 50.42362172495833]]]}}, {"type": "Feature", "properties": {"type": "postcode-cell", "postcode": "TQ10 9NJ", "postcodes": ["TQ10 9NJ"]}, "geometry": {"type": "Polygon", "coordinates": [[[-3.817749553192891, 50.39102427731062], [-3.8072988236717316, 50.391791081516956], [-3.8064039210650815, 50.39137536120142], [-3.8070126735245884, 50.38577299415349], [-3.812849158240288, 50.38111587673034], [-3.814629990090991, 50.38123999447181], [-3.8204111336594453, 50.380712627558864], [-3.8211523688118594, 50.38946709594432], [-3.817802206530421, 50.39101237346638], [-3.817749553192891, 50.39102427731062]]]}}, {"type": "Feature", "properties": {"type": "postcode-cell", "postcode": "TQ10 9NQ", "postcodes": ["TQ10 9NQ"]}, "geometry": {"type": "Polygon", "coordinates": [[[-3.817802206530421, 50.39101237346638], [-3.815747085703608, 50.39750552965025], [-3.810146353199513, 50.396740481838954], [-3.817749553192891, 50.39102427731062], [-3.817802206530421, 50.39101237346638]]]}}, {"type": "Feature", "properties": {"type": "postcode-cell", "postcode": "TQ10 9FF", "postcodes": ["TQ10 9FF"]}, "geometry": {"type": "Polygon", "coordinates": [[[-3.8190742345384394, 50.41007026275851], [-3.8188089204210316, 50.41049912811231], [-3.8176510271797124, 50.41032774503782], [-3.8163167315536413, 50.40945039854982], [-3.81571728906198, 50.40858079255646], [-3.8170902360259427, 50.40819764395824], [-3.8190742345384394, 50.41007026275851]]]}}, {"type": "Feature", "properties": {"type": "postcode-cell", "postcode": "TQ10 9ND", "postcodes": ["TQ10 9ND"]}, "geometry": {"type": "Polygon", "coordinates": [[[-3.817335142546144, 50.40358791540555], [-3.8155282479145383, 50.40583291544652], [-3.8142114768626674, 50.406755145355554], [-3.8131874825547074, 50.407199452316824], [-3.809919826013569, 50.408108745384375], [-3.8073972088813957, 50.40767624857994], [-3.8086313736109587, 50.40383609752844], [-3.8122427180652227, 50.402687712451836], [-3.81698340737118, 50.403158159953165], [-3.817335142546144, 50.40358791540555]]]}}, {"type": "Feature", "properties": {"type": "postcode-cell", "postcode": "TQ11 0JN", "postcodes": ["TQ11 0JN"]}, "geometry": {"type": "Polygon", "coordinates": [[[-3.8138383838295673, 50.48341359937846], [-3.8084691840709515, 50.49247736259993], [-3.7997942473590762, 50.488182184244685], [-3.802890817950485, 50.482784409708636], [-3.8119692429646053, 50.48070100391042], [-3.81342682312643, 50.48215108548945], [-3.8138383838295673, 50.48341359937846]]]}}, {"type": "Feature", "properties": {"type": "postcode-cell", "postcode": "TQ10 9DX", "postcodes": ["TQ10 9DX"]}, "geometry": {"type": "Polygon", "coordinates": [[[-3.8249117517575564, 50.44537642245687], [-3.823886740139103, 50.456595206081055], [-3.817964122116534, 50.45757198568183], [-3.809825852152549, 50.45612748738155], [-3.808713374436209, 50.45038315649887], [-3.8209197130684984, 50.444985810870605], [-3.8249117517575564, 50.44537642245687]]]}}, {"type": "Feature", "properties": {"type": "postcode-cell", "postcode": "TQ10 9ET", "postcodes": ["TQ10 9ET"]}, "geometry": {"type": "Polygon", "coordinates": [[[-3.811465474415197, 50.413614798250435], [-3.8121716738785065, 50.411546130022465], [-3.814509424197575, 50.410735330948455], [-3.8163170225901113, 50.410381013423944], [-3.8176510271797124, 50.41032774503782], [-3.8188089204210316, 50.41049912811231], [-3.8185299900794747, 50.4109499944946], [-3.8192899900799273, 50.41101999449465], [-3.8184937960794523, 50.41207128729116], [-3.811465474415197, 50.413614798250435]]]}}, {"type": "Feature", "properties": {"type": "postcode-cell", "postcode": "TQ10 9NS", "postcodes": ["TQ10 9NS"]}, "geometry": {"type": "Polygon", "coordinates": [[[-3.8163167315536413, 50.40945039854982], [-3.81494105440142, 50.40902339823951], [-3.815257626073371, 50.408312336957174], [-3.81571728906198, 50.40858079255646], [-3.8163167315536413, 50.40945039854982]]]}}, {"type": "Feature", "properties": {"type": "postcode-cell", "postcode": "TQ10 9NE", "postcodes": ["TQ10 9NE"]}, "geometry": {"type": "Polygon", "coordinates": [[[-3.819000420988824, 50.399133727321626], [-3.81698340737118, 50.403158159953165], [-3.8122427180652227, 50.402687712451836], [-3.8085325690130785, 50.397757416762936], [-3.809895145658697, 50.396751754998455], [-3.810146353199513, 50.396740481838954], [-3.815747085703608, 50.39750552965025], [-3.819000420988824, 50.399133727321626]]]}}, {"type": "Feature", "properties": {"type": "postcode-cell", "postcode": "TQ10 9JU", "postcodes": ["TQ10 9JU"]}, "geometry": {"type": "Polygon", "coordinates": [[[-3.808674505196392, 50.436718741150464], [-3.8045355511507597, 50.42956183948512], [-3.809699372972753, 50.429580395592254], [-3.8105582554821176, 50.43497576301111], [-3.808674505196392, 50.436718741150464]]]}}, {"type": "Feature", "properties": {"type": "postcode-cell", "postcode": "TQ10 9LZ", "postcodes": ["TQ10 9LZ"]}, "geometry": {"type": "Polygon", "coordinates": [[[-3.8163167315536413, 50.40945039854982], [-3.8176510271797124, 50.41032774503782], [-3.8163170225901113, 50.410381013423944], [-3.814610524483746, 50.40958855692414], [-3.814606912680525, 50.40906936467688], [-3.81494105440142, 50.40902339823951], [-3.8163167315536413, 50.40945039854982]]]}}, {"type": "Feature", "properties": {"type": "postcode-cell", "postcode": "TQ10 9EX", "postcodes": ["TQ10 9EX"]}, "geometry": {"type": "Polygon", "coordinates": [[[-3.8153492038262824, 50.423200953988236], [-3.81295281013705, 50.42361362497327], [-3.8077525123645515, 50.42313932467424], [-3.8019634652834724, 50.42038571752921], [-3.801823192615026, 50.41861489380072], [-3.805503587887637, 50.41483592697824], [-3.810537658615449, 50.41445545405247], [-3.8187901811052343, 50.41867226423924], [-3.8153492038262824, 50.423200953988236]]]}}, {"type": "Feature", "properties": {"type": "postcode-cell", "postcode": "TQ10 9NH", "postcodes": ["TQ10 9NH"]}, "geometry": {"type": "Polygon", "coordinates": [[[-3.810146353199513, 50.396740481838954], [-3.809895145658697, 50.396751754998455], [-3.8072988236717316, 50.391791081516956], [-3.817749553192891, 50.39102427731062], [-3.810146353199513, 50.396740481838954]]]}}, {"type": "Feature", "properties": {"type": "postcode-cell", "postcode": "TQ10 9NR", "postcodes": ["TQ10 9NR"]}, "geometry": {"type": "Polygon", "coordinates": [[[-3.815257626073371, 50.408312336957174], [-3.81494105440142, 50.40902339823951], [-3.814606912680525, 50.40906936467688], [-3.814365106692462, 50.40899783113348], [-3.8131874825547074, 50.407199452316824], [-3.8142114768626674, 50.406755145355554], [-3.815257626073371, 50.408312336957174]]]}}, {"type": "Feature", "properties": {"type": "postcode-cell", "postcode": "TQ10 9LX", "postcodes": ["TQ10 9LX"]}, "geometry": {"type": "Polygon", "coordinates": [[[-3.8163170225901113, 50.410381013423944], [-3.814509424197575, 50.410735330948455], [-3.8140072385480335, 50.40965346722684], [-3.814610524483746, 50.40958855692414], [-3.8163170225901113, 50.410381013423944]]]}}, {"type": "Feature", "properties": {"type": "postcode-cell", "postcode": "TQ10 9NB", "postcodes": ["TQ10 9NB"]}, "geometry": {"type": "Polygon", "coordinates": [[[-3.810537658615449, 50.41445545405247], [-3.805503587887637, 50.41483592697824], [-3.8023958897020558, 50.409315503034534], [-3.8073972088813957, 50.40767624857994], [-3.809919826013569, 50.408108745384375], [-3.8109012987274986, 50.409098602796924], [-3.811435860488635, 50.40974821403936], [-3.8121716738785065, 50.411546130022465], [-3.811465474415197, 50.413614798250435], [-3.810537658615449, 50.41445545405247]]]}}, {"type": "Feature", "properties": {"type": "postcode-cell", "postcode": "TQ10 9LY", "postcodes": ["TQ10 9LY"]}, "geometry": {"type": "Polygon", "coordinates": [[[-3.814606912680525, 50.40906936467688], [-3.814610524483746, 50.40958855692414], [-3.8140072385480335, 50.40965346722684], [-3.8138492916015823, 50.40961200987157], [-3.814128166335443, 50.40911194876651], [-3.814365106692462, 50.40899783113348], [-3.814606912680525, 50.40906936467688]]]}}, {"type": "Feature", "properties": {"type": "postcode-cell", "postcode": "TQ11 0HJ", "postcodes": ["TQ11 0HJ"]}, "geometry": {"type": "Polygon", "coordinates": [[[-3.82290642814759, 50.491246107572664], [-3.8101580072983485, 50.493426620696205], [-3.8089865085904875, 50.49320344559017], [-3.8084691840709515, 50.49247736259993], [-3.8138383838295673, 50.48341359937846], [-3.82290642814759, 50.491246107572664]]]}}, {"type": "Feature", "properties": {"type": "postcode-cell", "postcode": "TQ10 9NA", "postcodes": ["TQ10 9NA"]}, "geometry": {"type": "Polygon", "coordinates": [[[-3.814509424197575, 50.410735330948455], [-3.8121716738785065, 50.411546130022465], [-3.811435860488635, 50.40974821403936], [-3.8138492916015823, 50.40961200987157], [-3.8140072385480335, 50.40965346722684], [-3.814509424197575, 50.410735330948455]]]}}, {"type": "Feature", "properties": {"type": "postcode-cell", "postcode": "TQ10 9EJ", "postcodes": ["TQ10 9EJ"]}, "geometry": {"type": "Polygon", "coordinates": [[[-3.814128166335443, 50.40911194876651], [-3.8109012987274986, 50.409098602796924], [-3.809919826013569, 50.408108745384375], [-3.8131874825547074, 50.407199452316824], [-3.814365106692462, 50.40899783113348], [-3.814128166335443, 50.40911194876651]]]}}, {"type": "Feature", "properties": {"type": "postcode-cell", "postcode": "TQ11 0HP", "postcodes": ["TQ11 0HP"]}, "geometry": {"type": "Polygon", "coordinates": [[[-3.814741622986808, 50.49911880076408], [-3.804276315510397, 50.5060595004944], [-3.7986211432473875, 50.50607336586705], [-3.796411384663489, 50.50501006571203], [-3.8018940405788575, 50.49825263273845], [-3.8089865085904875, 50.49320344559017], [-3.8101580072983485, 50.493426620696205], [-3.814898473170673, 50.49851768440666], [-3.814741622986808, 50.49911880076408]]]}}, {"type": "Feature", "properties": {"type": "postcode-cell", "postcode": "TQ10 9EE", "postcodes": ["TQ10 9EE"]}, "geometry": {"type": "Polygon", "coordinates": [[[-3.8109012987274986, 50.409098602796924], [-3.814128166335443, 50.40911194876651], [-3.8138492916015823, 50.40961200987157], [-3.811435860488635, 50.40974821403936], [-3.8109012987274986, 50.409098602796924]]]}}, {"type": "Feature", "properties": {"type": "postcode-cell", "postcode": "TQ10 9JS", "postcodes": ["TQ10 9JS"]}, "geometry": {"type": "Polygon", "coordinates": [[[-3.8105582554821176, 50.43497576301111], [-3.809699372972753, 50.429580395592254], [-3.812021270813216, 50.428501932815514], [-3.8154055731522423, 50.431922384553495], [-3.8105582554821176, 50.43497576301111]]]}}, {"type": "Feature", "properties": {"type": "postcode-cell", "postcode": "TQ11 0HF", "postcodes": ["TQ11 0HF"]}, "geometry": {"type": "Polygon", "coordinates": [[[-3.8162914171041815, 50.47273044545873], [-3.814615784684673, 50.47415001677892], [-3.7953005210661552, 50.47390594424574], [-3.795137442027263, 50.47271737893728], [-3.7951932021841563, 50.47173595648058], [-3.7958363241264745, 50.47028505316519], [-3.7971119133816154, 50.46840363595916], [-3.808892036668948, 50.467090972716925], [-3.8119675909915256, 50.46827420783527], [-3.8162914171041815, 50.47273044545873]]]}}, {"type": "Feature", "properties": {"type": "postcode-cell", "postcode": "TQ10 9NW", "postcodes": ["TQ10 9NW"]}, "geometry": {"type": "Polygon", "coordinates": [[[-3.8122427180652227, 50.402687712451836], [-3.8086313736109587, 50.40383609752844], [-3.8002717511229815, 50.40074844530685], [-3.801136208401052, 50.39931967800929], [-3.8085325690130785, 50.397757416762936], [-3.8122427180652227, 50.402687712451836]]]}}, {"type": "Feature", "properties": {"type": "postcode-cell", "postcode": "TQ9 7NN", "postcodes": ["TQ9 7NN"]}, "geometry": {"type": "Polygon", "coordinates": [[[-3.793702039552813, 50.37672890848373], [-3.7919293551813933, 50.37589063778282], [-3.7966952095637874, 50.36977120815656], [-3.8175517603397706, 50.37185554184634], [-3.819561410163941, 50.37327546460023], [-3.819079990097511, 50.37343999446571], [-3.8172099900957583, 50.374629994466694], [-3.8149399900945005, 50.374229994466425], [-3.8109399900908922, 50.37646999446823], [-3.8093999900898625, 50.37656999446835], [-3.8054099900866865, 50.377909994469455], [-3.805849775827384, 50.37888118993502], [-3.793702039552813, 50.37672890848373]]]}}, {"type": "Feature", "properties": {"type": "postcode-cell", "postcode": "TQ13 7NS", "postcodes": ["TQ13 7NS"]}, "geometry": {"type": "Polygon", "coordinates": [[[-3.795703043896299, 50.51873072879111], [-3.800313362777542, 50.51454614219436], [-3.806490724644795, 50.51711697701927], [-3.8090766819144064, 50.523848287877875], [-3.8067750840764703, 50.53286420987391], [-3.8054999900138293, 50.53288999458947], [-3.8052099900131724, 50.53387999459021], [-3.8038899900116045, 50.53541999459145], [-3.8019799900097477, 50.53675999459252], [-3.8008799900089607, 50.536929994592676], [-3.7994699900083053, 50.53638999459228], [-3.7983599900082634, 50.5349599945912], [-3.794869990007143, 50.532559994589384], [-3.7976999900102215, 50.52987999458724], [-3.7979999900123125, 50.525829994584065], [-3.7996399900148186, 50.52273999458164], [-3.799499990015214, 50.521699994580835], [-3.798169990014712, 50.52094999458027], [-3.794269990012259, 50.52083999458026], [-3.794190844439974, 50.52085521609982], [-3.795703043896299, 50.51873072879111]]]}}, {"type": "Feature", "properties": {"type": "postcode-cell", "postcode": "TQ13 7RY", "postcodes": ["TQ13 7RY"]}, "geometry": {"type": "Polygon", "coordinates": [[[-3.814716277701094, 50.50817098417913], [-3.8129918238214646, 50.51608011398875], [-3.806490724644795, 50.51711697701927], [-3.800313362777542, 50.51454614219436], [-3.7986211432473875, 50.50607336586705], [-3.804276315510397, 50.5060595004944], [-3.814716277701094, 50.50817098417913]]]}}, {"type": "Feature", "properties": {"type": "postcode-cell", "postcode": "TQ13 7RX", "postcodes": ["TQ13 7RX"]}, "geometry": {"type": "Polygon", "coordinates": [[[-3.8186977715940307, 50.518143423123384], [-3.8090766819144064, 50.523848287877875], [-3.806490724644795, 50.51711697701927], [-3.8129918238214646, 50.51608011398875], [-3.8186977715940307, 50.518143423123384]]]}}, {"type": "Feature", "properties": {"type": "postcode-cell", "postcode": "TQ11 0NA", "postcodes": ["TQ11 0NA"]}, "geometry": {"type": "Polygon", "coordinates": [[[-3.8119675909915256, 50.46827420783527], [-3.808892036668948, 50.467090972716925], [-3.801523995433184, 50.45891065186657], [-3.809825852152549, 50.45612748738155], [-3.817964122116534, 50.45757198568183], [-3.8119675909915256, 50.46827420783527]]]}}, {"type": "Feature", "properties": {"type": "postcode-cell", "postcode": "TQ10 9JT", "postcodes": ["TQ10 9JT"]}, "geometry": {"type": "Polygon", "coordinates": [[[-3.81295281013705, 50.42361362497327], [-3.812021270813216, 50.428501932815514], [-3.809699372972753, 50.429580395592254], [-3.8045355511507597, 50.42956183948512], [-3.803864180042265, 50.429132522639584], [-3.8077525123645515, 50.42313932467424], [-3.81295281013705, 50.42361362497327]]]}}, {"type": "Feature", "properties": {"type": "postcode-cell", "postcode": "TQ10 9FQ", "postcodes": ["TQ10 9FQ"]}, "geometry": {"type": "Polygon", "coordinates": [[[-3.8084338103479656, 50.43730003556944], [-3.8078264338914942, 50.438039978221305], [-3.796173610842686, 50.43207654588255], [-3.7992537808832556, 50.4295747473698], [-3.803864180042265, 50.429132522639584], [-3.8045355511507597, 50.42956183948512], [-3.808674505196392, 50.436718741150464], [-3.8084338103479656, 50.43730003556944]]]}}, {"type": "Feature", "properties": {"type": "postcode-cell", "postcode": "TQ10 9NN", "postcodes": ["TQ10 9NN"]}, "geometry": {"type": "Polygon", "coordinates": [[[-3.8085325690130785, 50.397757416762936], [-3.801136208401052, 50.39931967800929], [-3.7997324967622794, 50.39688051800987], [-3.801355871652328, 50.39243354886907], [-3.8064039210650815, 50.39137536120142], [-3.8072988236717316, 50.391791081516956], [-3.809895145658697, 50.396751754998455], [-3.8085325690130785, 50.397757416762936]]]}}, {"type": "Feature", "properties": {"type": "postcode-cell", "postcode": "TQ10 9DT", "postcodes": ["TQ10 9DT"]}, "geometry": {"type": "Polygon", "coordinates": [[[-3.808713374436209, 50.45038315649887], [-3.79766870127026, 50.44639902942567], [-3.8057121968056675, 50.44009473243194], [-3.807644606327973, 50.439223180838965], [-3.8209197130684984, 50.444985810870605], [-3.808713374436209, 50.45038315649887]]]}}, {"type": "Feature", "properties": {"type": "postcode-cell", "postcode": "TQ9 7LT", "postcodes": ["TQ9 7LT"]}, "geometry": {"type": "Polygon", "coordinates": [[[-3.801823192615026, 50.41861489380072], [-3.7930076580148047, 50.415029672686714], [-3.7934849409927063, 50.408699486472095], [-3.796529971916958, 50.4074842073993], [-3.8023958897020558, 50.409315503034534], [-3.805503587887637, 50.41483592697824], [-3.801823192615026, 50.41861489380072]]]}}, {"type": "Feature", "properties": {"type": "postcode-cell", "postcode": "TQ9 7LU", "postcodes": ["TQ9 7LU"]}, "geometry": {"type": "Polygon", "coordinates": [[[-3.8073972088813957, 50.40767624857994], [-3.8023958897020558, 50.409315503034534], [-3.796529971916958, 50.4074842073993], [-3.797223719307408, 50.40263124721223], [-3.8002717511229815, 50.40074844530685], [-3.8086313736109587, 50.40383609752844], [-3.8073972088813957, 50.40767624857994]]]}}, {"type": "Feature", "properties": {"type": "postcode-cell", "postcode": "TQ9 7NW", "postcodes": ["TQ9 7NW"]}, "geometry": {"type": "Polygon", "coordinates": [[[-3.8175517603397706, 50.37185554184634], [-3.7966952095637874, 50.36977120815656], [-3.7972635856232038, 50.36500837573891], [-3.797349990087648, 50.36501999445976], [-3.7982199900884672, 50.3644599944593], [-3.8042799900928213, 50.36340999445836], [-3.8058099900935614, 50.363899994458706], [-3.8065299900941296, 50.363669994458505], [-3.8072899900945187, 50.36386999445866], [-3.806449990093719, 50.36442999445909], [-3.807169990094091, 50.364609994459215], [-3.8081899900948026, 50.36447999445908], [-3.8098499900962475, 50.36365999445844], [-3.8116591704519744, 50.363652877387054], [-3.8175517603397706, 50.37185554184634]]]}}, {"type": "Feature", "properties": {"type": "postcode-cell", "postcode": "TQ10 9DU", "postcodes": ["TQ10 9DU"]}, "geometry": {"type": "Polygon", "coordinates": [[[-3.809825852152549, 50.45612748738155], [-3.801523995433184, 50.45891065186657], [-3.7996616688415354, 50.45874863470721], [-3.7921317961811907, 50.447920893304115], [-3.7929965141952513, 50.44748508504272], [-3.79766870127026, 50.44639902942567], [-3.808713374436209, 50.45038315649887], [-3.809825852152549, 50.45612748738155]]]}}, {"type": "Feature", "properties": {"type": "postcode-cell", "postcode": "TQ9 7NJ", "postcodes": ["TQ9 7NJ"]}, "geometry": {"type": "Polygon", "coordinates": [[[-3.793702039552813, 50.37672890848373], [-3.796849050363579, 50.386639847971935], [-3.794279003470444, 50.38928790563512], [-3.7913026385995874, 50.38991754381556], [-3.7817234623206044, 50.38232391447793], [-3.7829869607152737, 50.378985167198955], [-3.7914114608949796, 50.37594041162208], [-3.7919293551813933, 50.37589063778282], [-3.793702039552813, 50.37672890848373]]]}}, {"type": "Feature", "properties": {"type": "postcode-cell", "postcode": "TQ10 9LW", "postcodes": ["TQ10 9LW"]}, "geometry": {"type": "Polygon", "coordinates": [[[-3.803864180042265, 50.429132522639584], [-3.7992537808832556, 50.4295747473698], [-3.7957721538966536, 50.42352915069155], [-3.7958792387107883, 50.42318826491213], [-3.8019634652834724, 50.42038571752921], [-3.8077525123645515, 50.42313932467424], [-3.803864180042265, 50.429132522639584]]]}}, {"type": "Feature", "properties": {"type": "postcode-cell", "postcode": "TQ11 0HL", "postcodes": ["TQ11 0HL"]}, "geometry": {"type": "Polygon", "coordinates": [[[-3.8084691840709515, 50.49247736259993], [-3.8089865085904875, 50.49320344559017], [-3.8018940405788575, 50.49825263273845], [-3.795829391187348, 50.489623572908556], [-3.7981599900295056, 50.48942999455576], [-3.797772432310182, 50.48873306522821], [-3.7997942473590762, 50.488182184244685], [-3.8084691840709515, 50.49247736259993]]]}}, {"type": "Feature", "properties": {"type": "postcode-cell", "postcode": "TQ9 7LX", "postcodes": ["TQ9 7LX"]}, "geometry": {"type": "Polygon", "coordinates": [[[-3.8002717511229815, 50.40074844530685], [-3.797223719307408, 50.40263124721223], [-3.792587069662604, 50.40114202486268], [-3.7922701673835144, 50.40084687777153], [-3.792247654542184, 50.39754714117927], [-3.7939429975682013, 50.39552882628668], [-3.7997324967622794, 50.39688051800987], [-3.801136208401052, 50.39931967800929], [-3.8002717511229815, 50.40074844530685]]]}}, {"type": "Feature", "properties": {"type": "postcode-cell", "postcode": "TQ10 9NL", "postcodes": ["TQ10 9NL"]}, "geometry": {"type": "Polygon", "coordinates": [[[-3.8064039210650815, 50.39137536120142], [-3.801355871652328, 50.39243354886907], [-3.794279003470444, 50.38928790563512], [-3.796849050363579, 50.386639847971935], [-3.8070126735245884, 50.38577299415349], [-3.8064039210650815, 50.39137536120142]]]}}, {"type": "Feature", "properties": {"type": "postcode-cell", "postcode": "TQ11 0HG", "postcodes": ["TQ11 0HG"]}, "geometry": {"type": "Polygon", "coordinates": [[[-3.8119692429646053, 50.48070100391042], [-3.802890817950485, 50.482784409708636], [-3.7932550186868346, 50.478835782314604], [-3.7932399900315263, 50.47842999454731], [-3.792390579932379, 50.478481474468936], [-3.7922068413305334, 50.47840616393181], [-3.7918999900309616, 50.47780999454687], [-3.7911345678385397, 50.477924055720074], [-3.7953005210661552, 50.47390594424574], [-3.814615784684673, 50.47415001677892], [-3.8119692429646053, 50.48070100391042]]]}}, {"type": "Feature", "properties": {"type": "postcode-cell", "postcode": "TQ10 9JX", "postcodes": ["TQ10 9JX"]}, "geometry": {"type": "Polygon", "coordinates": [[[-3.807644606327973, 50.439223180838965], [-3.8057121968056675, 50.44009473243194], [-3.790981532537063, 50.43621645761922], [-3.7906526303040358, 50.43585689804515], [-3.794786222717842, 50.43230382027692], [-3.796173610842686, 50.43207654588255], [-3.8078264338914942, 50.438039978221305], [-3.807644606327973, 50.439223180838965]]]}}, {"type": "Feature", "properties": {"type": "postcode-cell", "postcode": "TQ9 7NL", "postcodes": ["TQ9 7NL"]}, "geometry": {"type": "Polygon", "coordinates": [[[-3.8070126735245884, 50.38577299415349], [-3.796849050363579, 50.386639847971935], [-3.793702039552813, 50.37672890848373], [-3.805849775827384, 50.37888118993502], [-3.805889990086491, 50.37896999447027], [-3.8083599900874052, 50.38036999447128], [-3.8091099900873484, 50.381499994472144], [-3.810899990088737, 50.380979994471716], [-3.812849158240288, 50.38111587673034], [-3.8070126735245884, 50.38577299415349]]]}}, {"type": "Feature", "properties": {"type": "postcode-cell", "postcode": "TQ11 0LZ", "postcodes": ["TQ11 0LZ"]}, "geometry": {"type": "Polygon", "coordinates": [[[-3.801523995433184, 50.45891065186657], [-3.808892036668948, 50.467090972716925], [-3.7971119133816154, 50.46840363595916], [-3.793030721139724, 50.46190630596299], [-3.7996616688415354, 50.45874863470721], [-3.801523995433184, 50.45891065186657]]]}}, {"type": "Feature", "properties": {"type": "postcode-cell", "postcode": "TQ9 7NX", "postcodes": ["TQ9 7NX"]}, "geometry": {"type": "Polygon", "coordinates": [[[-3.794279003470444, 50.38928790563512], [-3.801355871652328, 50.39243354886907], [-3.7997324967622794, 50.39688051800987], [-3.7939429975682013, 50.39552882628668], [-3.7931189970532744, 50.39490206664719], [-3.790593035858179, 50.390677128064176], [-3.7913026385995874, 50.38991754381556], [-3.794279003470444, 50.38928790563512]]]}}, {"type": "Feature", "properties": {"type": "postcode-cell", "postcode": "TQ9 7LS", "postcodes": ["TQ9 7LS"]}, "geometry": {"type": "Polygon", "coordinates": [[[-3.8019634652834724, 50.42038571752921], [-3.7958792387107883, 50.42318826491213], [-3.7842477139063626, 50.420117500741405], [-3.783759990053467, 50.41902999450161], [-3.7829747503402813, 50.418852422472895], [-3.7840275635204987, 50.41799339026058], [-3.7930076580148047, 50.415029672686714], [-3.801823192615026, 50.41861489380072], [-3.8019634652834724, 50.42038571752921]]]}}, {"type": "Feature", "properties": {"type": "postcode-cell", "postcode": "TQ11 0HB", "postcodes": ["TQ11 0HB"]}, "geometry": {"type": "MultiPolygon", "coordinates": [[[[-3.7997942473590762, 50.488182184244685], [-3.797772432310182, 50.48873306522821], [-3.7969699900297518, 50.48728999455413], [-3.794849990028804, 50.486409994553476], [-3.7930299900287996, 50.483939994551584], [-3.7911299900283724, 50.48225999455031], [-3.794279990030994, 50.48097999454929], [-3.7932999900308038, 50.48004999454858], [-3.7932550186868346, 50.478835782314604], [-3.802890817950485, 50.482784409708636], [-3.7997942473590762, 50.488182184244685]]], [[[-3.792390579932379, 50.478481474468936], [-3.792249990030864, 50.47848999454739], [-3.7922068413305334, 50.47840616393181], [-3.792390579932379, 50.478481474468936]]]]}}, {"type": "Feature", "properties": {"type": "postcode-cell", "postcode": "TQ11 0HW", "postcodes": ["TQ11 0HW"]}, "geometry": {"type": "Polygon", "coordinates": [[[-3.796411384663489, 50.50501006571203], [-3.7880738107122176, 50.503975852919226], [-3.7882299900163816, 50.50380999456711], [-3.7916599900192907, 50.502299994565895], [-3.7917699900197697, 50.5014299945652], [-3.790689990019671, 50.500169994564246], [-3.789219990019082, 50.499409994563685], [-3.7855699900170707, 50.49871999456323], [-3.780409990013711, 50.49882999456341], [-3.778399990012555, 50.49854999456324], [-3.7763799900118307, 50.49733999456233], [-3.775859990012322, 50.49558999456098], [-3.7790899900147084, 50.4949099945604], [-3.782929990017257, 50.49472999456019], [-3.7871699900198914, 50.49489999456022], [-3.790729990021837, 50.4956099945607], [-3.789509990022309, 50.49294999455868], [-3.7921999900240126, 50.49298999455864], [-3.795289990026472, 50.491969994557785], [-3.794339990026792, 50.48999999455631], [-3.7951499900274617, 50.48967999455603], [-3.795829391187348, 50.489623572908556], [-3.8018940405788575, 50.49825263273845], [-3.796411384663489, 50.50501006571203]]]}}, {"type": "Feature", "properties": {"type": "postcode-cell", "postcode": "TQ11 0LJ", "postcodes": ["TQ11 0LJ"]}, "geometry": {"type": "Polygon", "coordinates": [[[-3.7911345678385397, 50.477924055720074], [-3.7888799900288155, 50.4782599945473], [-3.786129990027299, 50.47773999454693], [-3.7869799900281715, 50.477039994546374], [-3.787279990029042, 50.47559999454524], [-3.786279990028472, 50.475449994545144], [-3.786599990029737, 50.4731999945434], [-3.78730999003077, 50.47196999454243], [-3.786779990030383, 50.47206999454252], [-3.786409990029883, 50.47262999454297], [-3.7848699900287706, 50.47289999454321], [-3.784449990028306, 50.47331999454354], [-3.782009990027229, 50.472289994542784], [-3.7812556941398885, 50.47057776453665], [-3.7837905055789944, 50.46972114784928], [-3.795137442027263, 50.47271737893728], [-3.7953005210661552, 50.47390594424574], [-3.7911345678385397, 50.477924055720074]]]}}, {"type": "Feature", "properties": {"type": "postcode-cell", "postcode": "TQ10 9LT", "postcodes": ["TQ10 9LT"]}, "geometry": {"type": "Polygon", "coordinates": [[[-3.7992537808832556, 50.4295747473698], [-3.796173610842686, 50.43207654588255], [-3.794786222717842, 50.43230382027692], [-3.789179114124859, 50.428252130083486], [-3.7957721538966536, 50.42352915069155], [-3.7992537808832556, 50.4295747473698]]]}}, {"type": "Feature", "properties": {"type": "postcode-cell", "postcode": "TQ11 0LU", "postcodes": ["TQ11 0LU"]}, "geometry": {"type": "Polygon", "coordinates": [[[-3.7951932021841563, 50.47173595648058], [-3.7865621418777295, 50.4682787605033], [-3.787651601114132, 50.466732132719066], [-3.7958363241264745, 50.47028505316519], [-3.7951932021841563, 50.47173595648058]]]}}, {"type": "Feature", "properties": {"type": "postcode-cell", "postcode": "TQ10 9JY", "postcodes": ["TQ10 9JY"]}, "geometry": {"type": "Polygon", "coordinates": [[[-3.79766870127026, 50.44639902942567], [-3.7929965141952513, 50.44748508504272], [-3.790981532537063, 50.43621645761922], [-3.8057121968056675, 50.44009473243194], [-3.79766870127026, 50.44639902942567]]]}}, {"type": "Feature", "properties": {"type": "postcode-cell", "postcode": "TQ10 9JZ", "postcodes": ["TQ10 9JZ"]}, "geometry": {"type": "Polygon", "coordinates": [[[-3.7921317961811907, 50.447920893304115], [-3.7887677021703556, 50.44814084997217], [-3.7852516837614023, 50.44684232282012], [-3.782208987903073, 50.44021904979037], [-3.7869957776852785, 50.43573126066577], [-3.7906526303040358, 50.43585689804515], [-3.790981532537063, 50.43621645761922], [-3.7929965141952513, 50.44748508504272], [-3.7921317961811907, 50.447920893304115]]]}}, {"type": "Feature", "properties": {"type": "postcode-cell", "postcode": "TQ13 7NR", "postcodes": ["TQ13 7NR"]}, "geometry": {"type": "Polygon", "coordinates": [[[-3.7986211432473875, 50.50607336586705], [-3.800313362777542, 50.51454614219436], [-3.795703043896299, 50.51873072879111], [-3.785321233722157, 50.51388332061352], [-3.7853699900099707, 50.513549994574774], [-3.78749999001301, 50.50997999457193], [-3.786299990013448, 50.50741999456998], [-3.787099990015092, 50.50500999456807], [-3.7880738107122176, 50.503975852919226], [-3.796411384663489, 50.50501006571203], [-3.7986211432473875, 50.50607336586705]]]}}, {"type": "Feature", "properties": {"type": "postcode-cell", "postcode": "TQ9 7PB", "postcodes": ["TQ9 7PB"]}, "geometry": {"type": "Polygon", "coordinates": [[[-3.797223719307408, 50.40263124721223], [-3.796529971916958, 50.4074842073993], [-3.7934849409927063, 50.408699486472095], [-3.7866401124752254, 50.40832995457732], [-3.786845579588493, 50.40270471956862], [-3.792587069662604, 50.40114202486268], [-3.797223719307408, 50.40263124721223]]]}}, {"type": "Feature", "properties": {"type": "postcode-cell", "postcode": "TQ11 0LY", "postcodes": ["TQ11 0LY"]}, "geometry": {"type": "Polygon", "coordinates": [[[-3.793030721139724, 50.46190630596299], [-3.7891835850104654, 50.46205155260109], [-3.778682133393497, 50.45942173083931], [-3.7887677021703556, 50.44814084997217], [-3.7921317961811907, 50.447920893304115], [-3.7996616688415354, 50.45874863470721], [-3.793030721139724, 50.46190630596299]]]}}, {"type": "Feature", "properties": {"type": "postcode-cell", "postcode": "TQ11 0LX", "postcodes": ["TQ11 0LX"]}, "geometry": {"type": "Polygon", "coordinates": [[[-3.7958363241264745, 50.47028505316519], [-3.787651601114132, 50.466732132719066], [-3.7891835850104654, 50.46205155260109], [-3.793030721139724, 50.46190630596299], [-3.7971119133816154, 50.46840363595916], [-3.7958363241264745, 50.47028505316519]]]}}, {"type": "Feature", "properties": {"type": "postcode-cell", "postcode": "TQ9 7PH", "postcodes": ["TQ9 7PH"]}, "geometry": {"type": "Polygon", "coordinates": [[[-3.7922701673835144, 50.40084687777153], [-3.79188476997593, 50.400672705151926], [-3.7888816381902233, 50.39728758794096], [-3.790028280096824, 50.39707133685786], [-3.792247654542184, 50.39754714117927], [-3.7922701673835144, 50.40084687777153]]]}}, {"type": "Feature", "properties": {"type": "postcode-cell", "postcode": "TQ10 9LP", "postcodes": ["TQ10 9LP"]}, "geometry": {"type": "Polygon", "coordinates": [[[-3.7957721538966536, 50.42352915069155], [-3.789179114124859, 50.428252130083486], [-3.7816958302000905, 50.427959110369194], [-3.7802725926809893, 50.42647664221306], [-3.7808599900482167, 50.4262299945072], [-3.782259990049155, 50.42613999450712], [-3.784639990051055, 50.425329994506434], [-3.7861899900525136, 50.42432999450562], [-3.7855399900522224, 50.424069994505416], [-3.784759990052396, 50.42264999450437], [-3.7844999900531593, 50.42067999450283], [-3.7842477139063626, 50.420117500741405], [-3.7958792387107883, 50.42318826491213], [-3.7957721538966536, 50.42352915069155]]]}}, {"type": "Feature", "properties": {"type": "postcode-cell", "postcode": "TQ10 9LN", "postcodes": ["TQ10 9LN"]}, "geometry": {"type": "Polygon", "coordinates": [[[-3.7906526303040358, 50.43585689804515], [-3.7869957776852785, 50.43573126066577], [-3.786587048887648, 50.43549660211692], [-3.781120564973094, 50.431399971367426], [-3.7816958302000905, 50.427959110369194], [-3.789179114124859, 50.428252130083486], [-3.794786222717842, 50.43230382027692], [-3.7906526303040358, 50.43585689804515]]]}}, {"type": "Feature", "properties": {"type": "postcode-cell", "postcode": "TQ9 7LZ", "postcodes": ["TQ9 7LZ"]}, "geometry": {"type": "Polygon", "coordinates": [[[-3.78273188479641, 50.39599401687724], [-3.784661723302625, 50.39870708578831], [-3.784185774040666, 50.401757239122986], [-3.7769542444362276, 50.404171540408726], [-3.773126808654294, 50.39869140845252], [-3.7732785953325068, 50.39548488522561], [-3.776426502471672, 50.39431616263718], [-3.78063408893947, 50.394596999527906], [-3.78273188479641, 50.39599401687724]]]}}, {"type": "Feature", "properties": {"type": "postcode-cell", "postcode": "TQ9 7PJ", "postcodes": ["TQ9 7PJ"]}, "geometry": {"type": "Polygon", "coordinates": [[[-3.78063408893947, 50.394596999527906], [-3.790593035858179, 50.390677128064176], [-3.7931189970532744, 50.39490206664719], [-3.7908675951993334, 50.39586952722426], [-3.7838691139829614, 50.396158595186], [-3.78273188479641, 50.39599401687724], [-3.78063408893947, 50.394596999527906]]]}}, {"type": "Feature", "properties": {"type": "postcode-cell", "postcode": "TQ9 7NY", "postcodes": ["TQ9 7NY"]}, "geometry": {"type": "Polygon", "coordinates": [[[-3.7939429975682013, 50.39552882628668], [-3.792247654542184, 50.39754714117927], [-3.790028280096824, 50.39707133685786], [-3.7908675951993334, 50.39586952722426], [-3.7931189970532744, 50.39490206664719], [-3.7939429975682013, 50.39552882628668]]]}}, {"type": "Feature", "properties": {"type": "postcode-cell", "postcode": "TQ9 7JT", "postcodes": ["TQ9 7JT"]}, "geometry": {"type": "Polygon", "coordinates": [[[-3.7919293551813933, 50.37589063778282], [-3.7914114608949796, 50.37594041162208], [-3.780621587052236, 50.36690018138573], [-3.7805844712471957, 50.364863639449744], [-3.788231634234773, 50.360203987411644], [-3.7883099900841315, 50.36030999445635], [-3.7868799900820904, 50.362699994458204], [-3.7858099900810696, 50.36341999445877], [-3.7852299900802535, 50.36435999445953], [-3.7874399900811113, 50.36551999446035], [-3.789009990082742, 50.364179994459306], [-3.7897399900830853, 50.36443999445947], [-3.7927399900850096, 50.36439999445939], [-3.7972635856232038, 50.36500837573891], [-3.7966952095637874, 50.36977120815656], [-3.7919293551813933, 50.37589063778282]]]}}, {"type": "Feature", "properties": {"type": "postcode-cell", "postcode": "TQ13 7NP", "postcodes": ["TQ13 7NP"]}, "geometry": {"type": "Polygon", "coordinates": [[[-3.795703043896299, 50.51873072879111], [-3.794190844439974, 50.52085521609982], [-3.7911499900099734, 50.521439994580795], [-3.7894099900089615, 50.521219994580676], [-3.7880199900083817, 50.520549994580165], [-3.7847599900076174, 50.51771999457801], [-3.785321233722157, 50.51388332061352], [-3.795703043896299, 50.51873072879111]]]}}, {"type": "Feature", "properties": {"type": "postcode-cell", "postcode": "TQ9 7NU", "postcodes": ["TQ9 7NU"]}, "geometry": {"type": "Polygon", "coordinates": [[[-3.790028280096824, 50.39707133685786], [-3.7888816381902233, 50.39728758794096], [-3.7838691139829614, 50.396158595186], [-3.7908675951993334, 50.39586952722426], [-3.790028280096824, 50.39707133685786]]]}}, {"type": "Feature", "properties": {"type": "postcode-cell", "postcode": "TQ9 7PG", "postcodes": ["TQ9 7PG"]}, "geometry": {"type": "Polygon", "coordinates": [[[-3.7930076580148047, 50.415029672686714], [-3.7840275635204987, 50.41799339026058], [-3.7845432490161803, 50.408665384446046], [-3.7866401124752254, 50.40832995457732], [-3.7934849409927063, 50.408699486472095], [-3.7930076580148047, 50.415029672686714]]]}}, {"type": "Feature", "properties": {"type": "postcode-cell", "postcode": "TQ9 7LY", "postcodes": ["TQ9 7LY"]}, "geometry": {"type": "Polygon", "coordinates": [[[-3.792587069662604, 50.40114202486268], [-3.786845579588493, 50.40270471956862], [-3.784185774040666, 50.401757239122986], [-3.784661723302625, 50.39870708578831], [-3.79188476997593, 50.400672705151926], [-3.7922701673835144, 50.40084687777153], [-3.792587069662604, 50.40114202486268]]]}}, {"type": "Feature", "properties": {"type": "postcode-cell", "postcode": "TQ9 7NZ", "postcodes": ["TQ9 7NZ"]}, "geometry": {"type": "Polygon", "coordinates": [[[-3.79188476997593, 50.400672705151926], [-3.784661723302625, 50.39870708578831], [-3.78273188479641, 50.39599401687724], [-3.7838691139829614, 50.396158595186], [-3.7888816381902233, 50.39728758794096], [-3.79188476997593, 50.400672705151926]]]}}, {"type": "Feature", "properties": {"type": "postcode-cell", "postcode": "TQ9 7NA", "postcodes": ["TQ9 7NA"]}, "geometry": {"type": "Polygon", "coordinates": [[[-3.790593035858179, 50.390677128064176], [-3.78063408893947, 50.394596999527906], [-3.776426502471672, 50.39431616263718], [-3.777507671423122, 50.38522935986538], [-3.7817234623206044, 50.38232391447793], [-3.7913026385995874, 50.38991754381556], [-3.790593035858179, 50.390677128064176]]]}}, {"type": "Feature", "properties": {"type": "postcode-cell", "postcode": "TQ9 7JS", "postcodes": ["TQ9 7JS"]}, "geometry": {"type": "Polygon", "coordinates": [[[-3.780621587052236, 50.36690018138573], [-3.7773011308476, 50.36898277486721], [-3.768923820899148, 50.3706141545562], [-3.7631870080584005, 50.36710504231987], [-3.7685476013050656, 50.362675704134915], [-3.7805844712471957, 50.364863639449744], [-3.780621587052236, 50.36690018138573]]]}}, {"type": "Feature", "properties": {"type": "postcode-cell", "postcode": "TQ11 0LT", "postcodes": ["TQ11 0LT"]}, "geometry": {"type": "Polygon", "coordinates": [[[-3.787651601114132, 50.466732132719066], [-3.7865621418777295, 50.4682787605033], [-3.7837905055789944, 50.46972114784928], [-3.7812556941398885, 50.47057776453665], [-3.7810099900276586, 50.47001999454105], [-3.779789990027554, 50.468589994539975], [-3.77881999002821, 50.46587999453789], [-3.776669990027746, 50.46394999453643], [-3.775969990027205, 50.46414999453661], [-3.7742499900263873, 50.463549994536166], [-3.7729199900255677, 50.46348999453616], [-3.772269990024732, 50.46437999453687], [-3.76813999002083, 50.467059994539035], [-3.7672303276936234, 50.46691492530987], [-3.7704240136262364, 50.46094426348744], [-3.778682133393497, 50.45942173083931], [-3.7891835850104654, 50.46205155260109], [-3.787651601114132, 50.466732132719066]]]}}, {"type": "Feature", "properties": {"type": "postcode-cell", "postcode": "TQ11 0LS", "postcodes": ["TQ11 0LS"]}, "geometry": {"type": "Polygon", "coordinates": [[[-3.795137442027263, 50.47271737893728], [-3.7837905055789944, 50.46972114784928], [-3.7865621418777295, 50.4682787605033], [-3.7951932021841563, 50.47173595648058], [-3.795137442027263, 50.47271737893728]]]}}, {"type": "Feature", "properties": {"type": "postcode-cell", "postcode": "TQ9 7PF", "postcodes": ["TQ9 7PF"]}, "geometry": {"type": "Polygon", "coordinates": [[[-3.7845432490161803, 50.408665384446046], [-3.7840275635204987, 50.41799339026058], [-3.7829747503402813, 50.418852422472895], [-3.7809299900519653, 50.41838999450117], [-3.7795599900514882, 50.41754999450055], [-3.7759999900498107, 50.41629999449966], [-3.7742945795837666, 50.41636979739621], [-3.7718535579526247, 50.409988416291924], [-3.776983989074741, 50.407356106253516], [-3.7845432490161803, 50.408665384446046]]]}}, {"type": "Feature", "properties": {"type": "postcode-cell", "postcode": "TQ9 7PA", "postcodes": ["TQ9 7PA"]}, "geometry": {"type": "Polygon", "coordinates": [[[-3.776983989074741, 50.407356106253516], [-3.7769542444362276, 50.404171540408726], [-3.784185774040666, 50.401757239122986], [-3.786845579588493, 50.40270471956862], [-3.7866401124752254, 50.40832995457732], [-3.7845432490161803, 50.408665384446046], [-3.776983989074741, 50.407356106253516]]]}}, {"type": "Feature", "properties": {"type": "postcode-cell", "postcode": "TQ11 0LP", "postcodes": ["TQ11 0LP"]}, "geometry": {"type": "Polygon", "coordinates": [[[-3.753258186135181, 50.45258544152493], [-3.7675717094530023, 50.45791285165677], [-3.7704240136262364, 50.46094426348744], [-3.7672303276936234, 50.46691492530987], [-3.7658199900195246, 50.466689994538775], [-3.764139990018074, 50.467489994539434], [-3.762039990016616, 50.46773999453967], [-3.758859990015022, 50.466819994539016], [-3.7587299900159477, 50.464679994537384], [-3.7579199900160827, 50.46329999453634], [-3.7562499900158217, 50.46159999453504], [-3.7548399900151366, 50.461149994534736], [-3.7523499900136987, 50.460829994534535], [-3.7486799900111714, 50.46122999453492], [-3.7449399900082163, 50.46243999453592], [-3.742959990006487, 50.46342999453674], [-3.740960885559579, 50.46360347428466], [-3.753258186135181, 50.45258544152493]]]}}, {"type": "Feature", "properties": {"type": "postcode-cell", "postcode": "TQ10 9LB", "postcodes": ["TQ10 9LB"]}, "geometry": {"type": "Polygon", "coordinates": [[[-3.786587048887648, 50.43549660211692], [-3.7756888888281592, 50.43717119843937], [-3.7732424765946315, 50.43622408192027], [-3.7749259166776468, 50.4343684749414], [-3.781120564973094, 50.431399971367426], [-3.786587048887648, 50.43549660211692]]]}}, {"type": "Feature", "properties": {"type": "postcode-cell", "postcode": "TQ10 9LU", "postcodes": ["TQ10 9LU"]}, "geometry": {"type": "Polygon", "coordinates": [[[-3.7852516837614023, 50.44684232282012], [-3.778712592213418, 50.44670747632007], [-3.775920471512061, 50.44147353642601], [-3.7759574404206515, 50.44141383528984], [-3.780264237793139, 50.43969401998641], [-3.782208987903073, 50.44021904979037], [-3.7852516837614023, 50.44684232282012]]]}}, {"type": "Feature", "properties": {"type": "postcode-cell", "postcode": "TQ9 6AD", "postcodes": ["TQ9 6AD"]}, "geometry": {"type": "Polygon", "coordinates": [[[-3.7490704899027474, 50.44485608722897], [-3.753258186135181, 50.45258544152493], [-3.740960885559579, 50.46360347428466], [-3.7405399900048457, 50.46363999453697], [-3.7386499900038173, 50.4632699945367], [-3.7336899900014697, 50.46155999453551], [-3.7304699900002984, 50.45970999453415], [-3.729499989999797, 50.45945999453395], [-3.72962999000007, 50.45905999453363], [-3.7310699900013007, 50.45839999453311], [-3.7301599900009372, 50.45793999453278], [-3.7316299900020526, 50.45755999453244], [-3.738479990007905, 50.45439999452984], [-3.7399299900098906, 50.4521599945281], [-3.7420699900123133, 50.449909994526315], [-3.746309990015279, 50.44934999452579], [-3.747729990016538, 50.448599994525196], [-3.747459990016556, 50.448199994524856], [-3.7483599900173403, 50.44774999452451], [-3.7495199900188205, 50.44617999452328], [-3.748799990019102, 50.444619994522085], [-3.748804051872512, 50.44459427001156], [-3.7490704899027474, 50.44485608722897]]]}}, {"type": "Feature", "properties": {"type": "postcode-cell", "postcode": "TQ9 7JU", "postcodes": ["TQ9 7JU"]}, "geometry": {"type": "Polygon", "coordinates": [[[-3.778444789630456, 50.37749019916045], [-3.7773011308476, 50.36898277486721], [-3.780621587052236, 50.36690018138573], [-3.7914114608949796, 50.37594041162208], [-3.7829869607152737, 50.378985167198955], [-3.778444789630456, 50.37749019916045]]]}}, {"type": "Feature", "properties": {"type": "postcode-cell", "postcode": "TQ9 7NH", "postcodes": ["TQ9 7NH"]}, "geometry": {"type": "Polygon", "coordinates": [[[-3.7829869607152737, 50.378985167198955], [-3.7817234623206044, 50.38232391447793], [-3.777507671423122, 50.38522935986538], [-3.766472208931341, 50.384914299512175], [-3.762839917973596, 50.38245230723469], [-3.762582504931624, 50.37962380692434], [-3.7718374189909953, 50.37629378164343], [-3.778444789630456, 50.37749019916045], [-3.7829869607152737, 50.378985167198955]]]}}, {"type": "Feature", "properties": {"type": "postcode-cell", "postcode": "TQ9 7PD", "postcodes": ["TQ9 7PD"]}, "geometry": {"type": "Polygon", "coordinates": [[[-3.776983989074741, 50.407356106253516], [-3.7718535579526247, 50.409988416291924], [-3.7650929921835394, 50.40914691411604], [-3.7632840193207744, 50.403993833693725], [-3.773126808654294, 50.39869140845252], [-3.7769542444362276, 50.404171540408726], [-3.776983989074741, 50.407356106253516]]]}}, {"type": "Feature", "properties": {"type": "postcode-cell", "postcode": "TQ10 9LH", "postcodes": ["TQ10 9LH"]}, "geometry": {"type": "Polygon", "coordinates": [[[-3.778682133393497, 50.45942173083931], [-3.7704240136262364, 50.46094426348744], [-3.7675717094530023, 50.45791285165677], [-3.7717186451123994, 50.4477578338253], [-3.772510337981217, 50.44725485548552], [-3.778712592213418, 50.44670747632007], [-3.7852516837614023, 50.44684232282012], [-3.7887677021703556, 50.44814084997217], [-3.778682133393497, 50.45942173083931]]]}}, {"type": "Feature", "properties": {"type": "postcode-cell", "postcode": "TQ10 9LA", "postcodes": ["TQ10 9LA"]}, "geometry": {"type": "Polygon", "coordinates": [[[-3.7869957776852785, 50.43573126066577], [-3.782208987903073, 50.44021904979037], [-3.780264237793139, 50.43969401998641], [-3.7756888888281592, 50.43717119843937], [-3.786587048887648, 50.43549660211692], [-3.7869957776852785, 50.43573126066577]]]}}, {"type": "Feature", "properties": {"type": "postcode-cell", "postcode": "TQ9 7JX", "postcodes": ["TQ9 7JX"]}, "geometry": {"type": "Polygon", "coordinates": [[[-3.7718374189909953, 50.37629378164343], [-3.768923820899148, 50.3706141545562], [-3.7773011308476, 50.36898277486721], [-3.778444789630456, 50.37749019916045], [-3.7718374189909953, 50.37629378164343]]]}}, {"type": "Feature", "properties": {"type": "postcode-cell", "postcode": "TQ10 9LL", "postcodes": ["TQ10 9LL"]}, "geometry": {"type": "MultiPolygon", "coordinates": [[[[-3.7816958302000905, 50.427959110369194], [-3.781120564973094, 50.431399971367426], [-3.7749259166776468, 50.4343684749414], [-3.7692641619212544, 50.428348570313695], [-3.770509990040444, 50.42871999450934], [-3.770509990040626, 50.42833999450907], [-3.7715999900414254, 50.42810999450885], [-3.772529990042006, 50.42813999450886], [-3.772619990041878, 50.42852999450915], [-3.77429999004298, 50.42846999450908], [-3.775639990043586, 50.428989994509436], [-3.777589990044871, 50.42889999450933], [-3.7783199900455826, 50.4283799945089], [-3.7790499900467047, 50.42698999450783], [-3.7802725926809893, 50.42647664221306], [-3.7816958302000905, 50.427959110369194]]], [[[-3.768572555537214, 50.427613088553414], [-3.7687999900398608, 50.42764999450856], [-3.76884236690618, 50.427900019965286], [-3.768572555537214, 50.427613088553414]]]]}}, {"type": "Feature", "properties": {"type": "postcode-cell", "postcode": "TQ9 7NG", "postcodes": ["TQ9 7NG"]}, "geometry": {"type": "Polygon", "coordinates": [[[-3.7732785953325068, 50.39548488522561], [-3.76807537293746, 50.394356149000885], [-3.7650694703433256, 50.393013383943035], [-3.766472208931341, 50.384914299512175], [-3.777507671423122, 50.38522935986538], [-3.776426502471672, 50.39431616263718], [-3.7732785953325068, 50.39548488522561]]]}}, {"type": "Feature", "properties": {"type": "postcode-cell", "postcode": "TQ10 9LD", "postcodes": ["TQ10 9LD"]}, "geometry": {"type": "Polygon", "coordinates": [[[-3.7759574404206515, 50.44141383528984], [-3.771380449302904, 50.43677214097308], [-3.7732424765946315, 50.43622408192027], [-3.7756888888281592, 50.43717119843937], [-3.780264237793139, 50.43969401998641], [-3.7759574404206515, 50.44141383528984]]]}}, {"type": "Feature", "properties": {"type": "postcode-cell", "postcode": "TQ10 9LF", "postcodes": ["TQ10 9LF"]}, "geometry": {"type": "Polygon", "coordinates": [[[-3.7699525804419354, 50.44252999223358], [-3.775920471512061, 50.44147353642601], [-3.778712592213418, 50.44670747632007], [-3.772510337981217, 50.44725485548552], [-3.7699525804419354, 50.44252999223358]]]}}, {"type": "Feature", "properties": {"type": "postcode-cell", "postcode": "TQ10 9LG", "postcodes": ["TQ10 9LG"]}, "geometry": {"type": "Polygon", "coordinates": [[[-3.772510337981217, 50.44725485548552], [-3.7717186451123994, 50.4477578338253], [-3.7490704899027474, 50.44485608722897], [-3.748804051872512, 50.44459427001156], [-3.7489799900197545, 50.4434799945212], [-3.7482799900198485, 50.442339994520346], [-3.7494499900207114, 50.44208999452012], [-3.7505599900221527, 50.440539994518886], [-3.7526299900233324, 50.44082999451909], [-3.7546199900241732, 50.441729994519726], [-3.755329990025055, 50.440819994519025], [-3.7560699900252557, 50.44138999451941], [-3.7567199900249815, 50.442849994520536], [-3.7600499900282762, 50.440369994518576], [-3.7612199900296384, 50.43905999451752], [-3.758719990028369, 50.43837999451706], [-3.758079990028543, 50.437149994516126], [-3.759447460027529, 50.43702567944325], [-3.7655657475352853, 50.437914138099394], [-3.7699525804419354, 50.44252999223358], [-3.772510337981217, 50.44725485548552]]]}}, {"type": "Feature", "properties": {"type": "postcode-cell", "postcode": "TQ10 9LQ", "postcodes": ["TQ10 9LQ"]}, "geometry": {"type": "Polygon", "coordinates": [[[-3.7675717094530023, 50.45791285165677], [-3.753258186135181, 50.45258544152493], [-3.7490704899027474, 50.44485608722897], [-3.7717186451123994, 50.4477578338253], [-3.7675717094530023, 50.45791285165677]]]}}, {"type": "Feature", "properties": {"type": "postcode-cell", "postcode": "TQ9 7JR", "postcodes": ["TQ9 7JR"]}, "geometry": {"type": "Polygon", "coordinates": [[[-3.7685476013050656, 50.362675704134915], [-3.7631870080584005, 50.36710504231987], [-3.7607956542987586, 50.367425203658556], [-3.749715646726604, 50.360217265022676], [-3.7514899900607723, 50.36030999445721], [-3.7545699900628584, 50.36002999445694], [-3.757399990064611, 50.36010999445691], [-3.7580599900648703, 50.36044999445716], [-3.7611799900668506, 50.3604399944571], [-3.76248999006788, 50.360019994456735], [-3.7662399900703623, 50.35979999445648], [-3.768408830157901, 50.3593974829935], [-3.7685476013050656, 50.362675704134915]]]}}, {"type": "Feature", "properties": {"type": "postcode-cell", "postcode": "TQ9 7PE", "postcodes": ["TQ9 7PE"]}, "geometry": {"type": "Polygon", "coordinates": [[[-3.7650929921835394, 50.40914691411604], [-3.7718535579526247, 50.409988416291924], [-3.7742945795837666, 50.41636979739621], [-3.7720899900472444, 50.41645999449986], [-3.7620899900399603, 50.41840999450158], [-3.7604599900388695, 50.41851999450171], [-3.759999990038714, 50.418229994501495], [-3.757279990037158, 50.41785999450126], [-3.7577599900387533, 50.41513999449916], [-3.7588799900404695, 50.413019994497525], [-3.758609990040807, 50.411939994496684], [-3.758073007062344, 50.4117123620871], [-3.7650929921835394, 50.40914691411604]]]}}, {"type": "Feature", "properties": {"type": "postcode-cell", "postcode": "TQ10 9LJ", "postcodes": ["TQ10 9LJ"]}, "geometry": {"type": "Polygon", "coordinates": [[[-3.7732424765946315, 50.43622408192027], [-3.771380449302904, 50.43677214097308], [-3.7655657475352853, 50.437914138099394], [-3.759447460027529, 50.43702567944325], [-3.759509990029516, 50.437019994515985], [-3.7581299900287637, 50.436749994515814], [-3.7589099900306375, 50.43383999451357], [-3.7603299900319427, 50.43298999451288], [-3.762749990033586, 50.43276999451264], [-3.7635799900344558, 50.43204999451206], [-3.7653599900358823, 50.43142999451156], [-3.7649799900369083, 50.42874999450949], [-3.7665199900385837, 50.427279994508325], [-3.768572555537214, 50.427613088553414], [-3.76884236690618, 50.427900019965286], [-3.768899990039646, 50.42823999450902], [-3.7692641619212544, 50.428348570313695], [-3.7749259166776468, 50.4343684749414], [-3.7732424765946315, 50.43622408192027]]]}}, {"type": "Feature", "properties": {"type": "postcode-cell", "postcode": "TQ10 9LE", "postcodes": ["TQ10 9LE"]}, "geometry": {"type": "Polygon", "coordinates": [[[-3.7655657475352853, 50.437914138099394], [-3.771380449302904, 50.43677214097308], [-3.7759574404206515, 50.44141383528984], [-3.775920471512061, 50.44147353642601], [-3.7699525804419354, 50.44252999223358], [-3.7655657475352853, 50.437914138099394]]]}}, {"type": "Feature", "properties": {"type": "postcode-cell", "postcode": "TQ9 7NB", "postcodes": ["TQ9 7NB"]}, "geometry": {"type": "Polygon", "coordinates": [[[-3.7632840193207744, 50.403993833693725], [-3.758964546433228, 50.40179757734154], [-3.76807537293746, 50.394356149000885], [-3.7732785953325068, 50.39548488522561], [-3.773126808654294, 50.39869140845252], [-3.7632840193207744, 50.403993833693725]]]}}, {"type": "Feature", "properties": {"type": "postcode-cell", "postcode": "TQ9 7JY", "postcodes": ["TQ9 7JY"]}, "geometry": {"type": "Polygon", "coordinates": [[[-3.7718374189909953, 50.37629378164343], [-3.762582504931624, 50.37962380692434], [-3.7580318186408332, 50.37745956909286], [-3.75658255915919, 50.37084110589548], [-3.7607956542987586, 50.367425203658556], [-3.7631870080584005, 50.36710504231987], [-3.768923820899148, 50.3706141545562], [-3.7718374189909953, 50.37629378164343]]]}}, {"type": "Feature", "properties": {"type": "postcode-cell", "postcode": "TQ9 7NP", "postcodes": ["TQ9 7NP"]}, "geometry": {"type": "Polygon", "coordinates": [[[-3.766472208931341, 50.384914299512175], [-3.7650694703433256, 50.393013383943035], [-3.7562886708235625, 50.3926786453393], [-3.7528055589875455, 50.38755952563127], [-3.762839917973596, 50.38245230723469], [-3.766472208931341, 50.384914299512175]]]}}, {"type": "Feature", "properties": {"type": "postcode-cell", "postcode": "TQ9 7JZ", "postcodes": ["TQ9 7JZ"]}, "geometry": {"type": "Polygon", "coordinates": [[[-3.762582504931624, 50.37962380692434], [-3.762839917973596, 50.38245230723469], [-3.7528055589875455, 50.38755952563127], [-3.7455503842951225, 50.38526822168519], [-3.7504759612443874, 50.37915139415767], [-3.7580318186408332, 50.37745956909286], [-3.762582504931624, 50.37962380692434]]]}}, {"type": "Feature", "properties": {"type": "postcode-cell", "postcode": "TQ9 7NF", "postcodes": ["TQ9 7NF"]}, "geometry": {"type": "Polygon", "coordinates": [[[-3.76807537293746, 50.394356149000885], [-3.758964546433228, 50.40179757734154], [-3.748384790320999, 50.4003311197058], [-3.7486099900400562, 50.40011999448781], [-3.7483320034085934, 50.399247430377], [-3.7562886708235625, 50.3926786453393], [-3.7650694703433256, 50.393013383943035], [-3.76807537293746, 50.394356149000885]]]}}, {"type": "Feature", "properties": {"type": "postcode-cell", "postcode": "TQ9 7ND", "postcodes": ["TQ9 7ND"]}, "geometry": {"type": "Polygon", "coordinates": [[[-3.7650929921835394, 50.40914691411604], [-3.758073007062344, 50.4117123620871], [-3.757689990040407, 50.41154999449638], [-3.7576599900408474, 50.41057999449566], [-3.7578099900411193, 50.41020999449536], [-3.7594399900424857, 50.40950999449479], [-3.7580899900422797, 50.40812999449378], [-3.7577099900428554, 50.40640999449245], [-3.7552599900421653, 50.40457999449111], [-3.754219990041585, 50.404409994491004], [-3.749109990039481, 50.40199999448924], [-3.748289990039711, 50.40041999448804], [-3.748384790320999, 50.4003311197058], [-3.758964546433228, 50.40179757734154], [-3.7632840193207744, 50.403993833693725], [-3.7650929921835394, 50.40914691411604]]]}}, {"type": "Feature", "properties": {"type": "postcode-cell", "postcode": "TQ9 7NQ", "postcodes": ["TQ9 7NQ"]}, "geometry": {"type": "Polygon", "coordinates": [[[-3.7562886708235625, 50.3926786453393], [-3.7483320034085934, 50.399247430377], [-3.7482499900403643, 50.39898999448694], [-3.747299990040501, 50.397429994485776], [-3.7450999900394786, 50.39663999448521], [-3.7444099900389385, 50.39684999448537], [-3.744169990038889, 50.396639994485255], [-3.742839990038015, 50.396699994485324], [-3.7422299900378713, 50.39618999448493], [-3.7416499900373865, 50.39643999448515], [-3.7407999900369893, 50.39613999448492], [-3.7398299900361436, 50.396619994485306], [-3.738949990035835, 50.39609999448495], [-3.7420099900385333, 50.39449999448363], [-3.7431399900393534, 50.39427999448344], [-3.744529990040905, 50.39286999448234], [-3.7454899900416776, 50.39252999448206], [-3.745599990042144, 50.391689994481396], [-3.744699990042076, 50.39062999448061], [-3.743349990041186, 50.3906999944807], [-3.7421399900408954, 50.38969999447996], [-3.741759990041399, 50.38812999447875], [-3.736959990038043, 50.388789994479374], [-3.736099990037356, 50.38908999447964], [-3.7359099900369515, 50.38968999448009], [-3.734939990036113, 50.390159994480484], [-3.731690830340703, 50.38667200449153], [-3.7455503842951225, 50.38526822168519], [-3.7528055589875455, 50.38755952563127], [-3.7562886708235625, 50.3926786453393]]]}}, {"type": "Feature", "properties": {"type": "postcode-cell", "postcode": "TQ9 7LA", "postcodes": ["TQ9 7LA"]}, "geometry": {"type": "Polygon", "coordinates": [[[-3.7504759612443874, 50.37915139415767], [-3.740511706547059, 50.37239726160916], [-3.7413699900486974, 50.37223999446658], [-3.744009990050883, 50.37115999446569], [-3.7438820231838927, 50.37102373694242], [-3.75658255915919, 50.37084110589548], [-3.7580318186408332, 50.37745956909286], [-3.7504759612443874, 50.37915139415767]]]}}, {"type": "Feature", "properties": {"type": "postcode-cell", "postcode": "TQ9 7JW", "postcodes": ["TQ9 7JW"]}, "geometry": {"type": "Polygon", "coordinates": [[[-3.7607956542987586, 50.367425203658556], [-3.75658255915919, 50.37084110589548], [-3.7438820231838927, 50.37102373694242], [-3.742929990050746, 50.37000999446484], [-3.740609990051158, 50.36604999446186], [-3.7437199900548888, 50.36233999445895], [-3.747089990058097, 50.36007999445714], [-3.749715646726604, 50.360217265022676], [-3.7607956542987586, 50.367425203658556]]]}}, {"type": "Feature", "properties": {"type": "postcode-cell", "postcode": "TQ9 7LB", "postcodes": ["TQ9 7LB"]}, "geometry": {"type": "Polygon", "coordinates": [[[-3.7504759612443874, 50.37915139415767], [-3.7455503842951225, 50.38526822168519], [-3.731690830340703, 50.38667200449153], [-3.7308599900356114, 50.38577999447721], [-3.7309299900359956, 50.385059994476656], [-3.7291099900367515, 50.38104999447361], [-3.7323199900396062, 50.37931999447222], [-3.7331999900409167, 50.37772999447096], [-3.735129990042829, 50.37627999446983], [-3.7353899900432213, 50.37579999446947], [-3.734949990043388, 50.37485999446873], [-3.7335399900423827, 50.375099994468954], [-3.733749990043005, 50.37406999446817], [-3.7348199900439827, 50.37343999446767], [-3.740511706547059, 50.37239726160916], [-3.7504759612443874, 50.37915139415767]]]}}]}