{"type": "FeatureCollection", "features": [{"type": "Feature", "properties": {"type": "ward-outline", "name": "St David's"}, "geometry": {"type": "Polygon", "coordinates": [[[-3.52695, 50.72556], [-3.52603, 50.72501], [-3.52302, 50.72524], [-3.52274, 50.72504], [-3.52421, 50.72267], [-3.52431, 50.72076], [-3.5262, 50.72035], [-3.52641, 50.71966], [-3.52777, 50.71889], [-3.52517, 50.71743], [-3.52494, 50.71718], [-3.52553, 50.71661], [-3.52417, 50.7165], [-3.52396, 50.71677], [-3.5226, 50.71638], [-3.5203, 50.71474], [-3.51395, 50.71122], [-3.51698, 50.70887], [-3.51625, 50.70827], [-3.51716, 50.70693], [-3.51706, 50.70639], [-3.51825, 50.70669], [-3.52052, 50.70607], [-3.5221, 50.70502], [-3.52504, 50.70833], [-3.52702, 50.70998], [-3.52949, 50.71147], [-3.53371, 50.7133], [-3.536, 50.71482], [-3.53603, 50.71642], [-3.53669, 50.71759], [-3.53621, 50.71791], [-3.53803, 50.71868], [-3.5393, 50.71919], [-3.54008, 50.72008], [-3.54033, 50.72159], [-3.53987, 50.72286], [-3.54042, 50.72442], [-3.54564, 50.72817], [-3.54598, 50.72933], [-3.54523, 50.7314], [-3.54266, 50.731], [-3.54126, 50.73108], [-3.54141, 50.73156], [-3.54024, 50.73155], [-3.53854, 50.72928], [-3.5368, 50.72784], [-3.53437, 50.7275], [-3.53068, 50.728], [-3.52828, 50.72677], [-3.52695, 50.72556]]]}}, {"type": "Feature", "properties": {"type": "postcode-cell", "postcode": "EX4 4GY", "postcodes": ["EX4 4GY"]}, "geometry": {"type": "Polygon", "coordinates": [[[-3.5433371320571942, 50.730970246500995], [-3.543756900810563, 50.730139579135866], [-3.544352195705135, 50.73001205497527], [-3.5456669017112823, 50.73019413990099], [-3.545229989753748, 50.731399994749516], [-3.543322239816439, 50.731103074782055], [-3.5433371320571942, 50.730970246500995]]]}}, {"type": "Feature", "properties": {"type": "postcode-cell", "postcode": "EX4 4PA", "postcodes": ["EX4 4PA"]}, "geometry": {"type": "Polygon", "coordinates": [[[-3.544352195705135, 50.73001205497527], [-3.544062927112734, 50.72847836348321], [-3.5450726717494114, 50.72776247955526], [-3.5456399897555393, 50.72816999474696], [-3.5459799897552062, 50.72932999474787], [-3.5456669017112823, 50.73019413990099], [-3.544352195705135, 50.73001205497527]]]}}, {"type": "Feature", "properties": {"type": "postcode-cell", "postcode": "EX4 4FD", "postcodes": ["EX4 4FD"]}, "geometry": {"type": "Polygon", "coordinates": [[[-3.542467285698398, 50.72770434608659], [-3.5424531633961696, 50.72769457252189], [-3.5424776777663065, 50.727624322561816], [-3.5434096958382706, 50.72682718621125], [-3.5436056421857165, 50.72670863845073], [-3.544717756453625, 50.72750753215949], [-3.542467285698398, 50.72770434608659]]]}}, {"type": "Feature", "properties": {"type": "postcode-cell", "postcode": "EX4 4NT", "postcodes": ["EX4 4NT"]}, "geometry": {"type": "Polygon", "coordinates": [[[-3.5434289222129647, 50.730061131042], [-3.5427027066956494, 50.72942975024709], [-3.5430610836058083, 50.72888678469003], [-3.5439571900747944, 50.728487013379585], [-3.544062927112734, 50.72847836348321], [-3.544352195705135, 50.73001205497527], [-3.543756900810563, 50.730139579135866], [-3.5434289222129647, 50.730061131042]]]}}, {"type": "Feature", "properties": {"type": "postcode-cell", "postcode": "EX4 4AU", "postcodes": ["EX4 4AU"]}, "geometry": {"type": "Polygon", "coordinates": [[[-3.543756900810563, 50.730139579135866], [-3.5433371320571942, 50.730970246500995], [-3.5423057086848546, 50.73082525531513], [-3.542213278468198, 50.73065505190874], [-3.542894557575775, 50.73012876721986], [-3.5434289222129647, 50.730061131042], [-3.543756900810563, 50.730139579135866]]]}}, {"type": "Feature", "properties": {"type": "postcode-cell", "postcode": "EX4 4BX", "postcodes": ["EX4 4BX"]}, "geometry": {"type": "Polygon", "coordinates": [[[-3.5427027066956494, 50.72942975024709], [-3.54253626120185, 50.729391952386415], [-3.5422559006205767, 50.728836443000894], [-3.542438860777895, 50.72875734024982], [-3.5430610836058083, 50.72888678469003], [-3.5427027066956494, 50.72942975024709]]]}}, {"type": "Feature", "properties": {"type": "postcode-cell", "postcode": "EX4 4BL", "postcodes": ["EX4 4BL"]}, "geometry": {"type": "Polygon", "coordinates": [[[-3.5424531633961696, 50.72769457252189], [-3.5418168089761903, 50.72759457228473], [-3.541545028977326, 50.72705746081584], [-3.5415706288819706, 50.72703571021748], [-3.54173031540445, 50.72702407485857], [-3.5421872618296324, 50.72707802606461], [-3.5424471209183555, 50.72724346957909], [-3.5424776777663065, 50.727624322561816], [-3.5424531633961696, 50.72769457252189]]]}}, {"type": "Feature", "properties": {"type": "postcode-cell", "postcode": "EX4 4BT", "postcodes": ["EX4 4BT"]}, "geometry": {"type": "Polygon", "coordinates": [[[-3.5439571900747944, 50.728487013379585], [-3.5425325539782473, 50.72820656123187], [-3.542467285698398, 50.72770434608659], [-3.544717756453625, 50.72750753215949], [-3.5450726717494114, 50.72776247955526], [-3.544062927112734, 50.72847836348321], [-3.5439571900747944, 50.728487013379585]]]}}, {"type": "Feature", "properties": {"type": "postcode-cell", "postcode": "EX4 4FF", "postcodes": ["EX4 4FF"]}, "geometry": {"type": "Polygon", "coordinates": [[[-3.5434096958382706, 50.72682718621125], [-3.5424471209183555, 50.72724346957909], [-3.5421872618296324, 50.72707802606461], [-3.5434368939011427, 50.726587413800864], [-3.5436056421857165, 50.72670863845073], [-3.5434096958382706, 50.72682718621125]]]}}, {"type": "Feature", "properties": {"type": "postcode-cell", "postcode": "EX4 3AA", "postcodes": ["EX4 3AA"]}, "geometry": {"type": "Polygon", "coordinates": [[[-3.539123907258784, 50.72172211770646], [-3.5389622647575827, 50.72136768122517], [-3.540274434782747, 50.72125445173824], [-3.5403299897552873, 50.721589994741876], [-3.5402115409253514, 50.721917023065636], [-3.539123907258784, 50.72172211770646]]]}}, {"type": "Feature", "properties": {"type": "postcode-cell", "postcode": "EX4 4FE", "postcodes": ["EX4 4FE"]}, "geometry": {"type": "Polygon", "coordinates": [[[-3.5424471209183555, 50.72724346957909], [-3.5434096958382706, 50.72682718621125], [-3.5424776777663065, 50.727624322561816], [-3.5424471209183555, 50.72724346957909]]]}}, {"type": "Feature", "properties": {"type": "postcode-cell", "postcode": "EX4 4BU", "postcodes": ["EX4 4BU"]}, "geometry": {"type": "Polygon", "coordinates": [[[-3.5439571900747944, 50.728487013379585], [-3.5430610836058083, 50.72888678469003], [-3.542438860777895, 50.72875734024982], [-3.542486140702593, 50.7282297454747], [-3.5425325539782473, 50.72820656123187], [-3.5439571900747944, 50.728487013379585]]]}}, {"type": "Feature", "properties": {"type": "postcode-cell", "postcode": "EX4 4BN", "postcodes": ["EX4 4BN"]}, "geometry": {"type": "Polygon", "coordinates": [[[-3.542467285698398, 50.72770434608659], [-3.5425325539782473, 50.72820656123187], [-3.542486140702593, 50.7282297454747], [-3.5423428019858894, 50.72825253018815], [-3.541161510676762, 50.727966994094764], [-3.5418168089761903, 50.72759457228473], [-3.5424531633961696, 50.72769457252189], [-3.542467285698398, 50.72770434608659]]]}}, {"type": "Feature", "properties": {"type": "postcode-cell", "postcode": "EX4 4FG", "postcodes": ["EX4 4FG"]}, "geometry": {"type": "Polygon", "coordinates": [[[-3.5421872618296324, 50.72707802606461], [-3.54173031540445, 50.72702407485857], [-3.5431268098214987, 50.726364654666924], [-3.5434368939011427, 50.726587413800864], [-3.5421872618296324, 50.72707802606461]]]}}, {"type": "Feature", "properties": {"type": "postcode-cell", "postcode": "EX4 4BH", "postcodes": ["EX4 4BH"]}, "geometry": {"type": "Polygon", "coordinates": [[[-3.542438860777895, 50.72875734024982], [-3.5422559006205767, 50.728836443000894], [-3.5420002564147595, 50.72882663485276], [-3.54182779683553, 50.72851248722523], [-3.5423428019858894, 50.72825253018815], [-3.542486140702593, 50.7282297454747], [-3.542438860777895, 50.72875734024982]]]}}, {"type": "Feature", "properties": {"type": "postcode-cell", "postcode": "EX4 4FH", "postcodes": ["EX4 4FH"]}, "geometry": {"type": "Polygon", "coordinates": [[[-3.5415706288819706, 50.72703571021748], [-3.541553745556652, 50.72654733013184], [-3.5421798118923746, 50.725684329022855], [-3.5431268098214987, 50.726364654666924], [-3.54173031540445, 50.72702407485857], [-3.5415706288819706, 50.72703571021748]]]}}, {"type": "Feature", "properties": {"type": "postcode-cell", "postcode": "EX4 4GS", "postcodes": ["EX4 4GS"]}, "geometry": {"type": "Polygon", "coordinates": [[[-3.543322239816439, 50.731103074782055], [-3.542659989752302, 50.73099999474924], [-3.541986569286615, 50.73103847804884], [-3.541996630629028, 50.73096496504862], [-3.5423057086848546, 50.73082525531513], [-3.5433371320571942, 50.730970246500995], [-3.543322239816439, 50.731103074782055]]]}}, {"type": "Feature", "properties": {"type": "postcode-cell", "postcode": "EX4 4GT", "postcodes": ["EX4 4GT"]}, "geometry": {"type": "Polygon", "coordinates": [[[-3.5427027066956494, 50.72942975024709], [-3.5434289222129647, 50.730061131042], [-3.542894557575775, 50.73012876721986], [-3.542721820786532, 50.73012859427652], [-3.542160384671555, 50.72990625322399], [-3.5417655289805032, 50.72948495965609], [-3.5418500295683115, 50.729389495534505], [-3.54253626120185, 50.729391952386415], [-3.5427027066956494, 50.72942975024709]]]}}, {"type": "Feature", "properties": {"type": "postcode-cell", "postcode": "EX4 4BG", "postcodes": ["EX4 4BG"]}, "geometry": {"type": "Polygon", "coordinates": [[[-3.54253626120185, 50.729391952386415], [-3.5418500295683115, 50.729389495534505], [-3.541802654675639, 50.729343178051444], [-3.541720696808432, 50.728991762962615], [-3.5420002564147595, 50.72882663485276], [-3.5422559006205767, 50.728836443000894], [-3.54253626120185, 50.729391952386415]]]}}, {"type": "Feature", "properties": {"type": "postcode-cell", "postcode": "EX4 4BZ", "postcodes": ["EX4 4BZ"]}, "geometry": {"type": "Polygon", "coordinates": [[[-3.541236996210655, 50.731249119655416], [-3.541344194717799, 50.73134945192319], [-3.5414099897512434, 50.73155999474971], [-3.540239989750503, 50.73154999474971], [-3.5399932130755287, 50.73122049075976], [-3.541236996210655, 50.731249119655416]]]}}, {"type": "Feature", "properties": {"type": "postcode-cell", "postcode": "EX4 4GB", "postcodes": ["EX4 4GB"]}, "geometry": {"type": "Polygon", "coordinates": [[[-3.5418133708961177, 50.73080336187802], [-3.542075206158831, 50.730643455143266], [-3.542213278468198, 50.73065505190874], [-3.5423057086848546, 50.73082525531513], [-3.541996630629028, 50.73096496504862], [-3.5418133708961177, 50.73080336187802]]]}}, {"type": "Feature", "properties": {"type": "postcode-cell", "postcode": "EX4 4AY", "postcodes": ["EX4 4AY"]}, "geometry": {"type": "Polygon", "coordinates": [[[-3.541996630629028, 50.73096496504862], [-3.541986569286615, 50.73103847804884], [-3.541259989751374, 50.73107999474932], [-3.541344194717799, 50.73134945192319], [-3.541236996210655, 50.731249119655416], [-3.5411113761708437, 50.73085365670317], [-3.541441518154804, 50.730698171405535], [-3.5418133708961177, 50.73080336187802], [-3.541996630629028, 50.73096496504862]]]}}, {"type": "Feature", "properties": {"type": "postcode-cell", "postcode": "EX4 4JD", "postcodes": ["EX4 4JD"]}, "geometry": {"type": "Polygon", "coordinates": [[[-3.541553745556652, 50.72654733013184], [-3.5402492285330607, 50.726564690009056], [-3.53992065992982, 50.72638096385986], [-3.540286397200651, 50.725815709164884], [-3.541756924790222, 50.725380516922044], [-3.5421798118923746, 50.725684329022855], [-3.541553745556652, 50.72654733013184]]]}}, {"type": "Feature", "properties": {"type": "postcode-cell", "postcode": "EX4 4BE", "postcodes": ["EX4 4BE"]}, "geometry": {"type": "Polygon", "coordinates": [[[-3.5418500295683115, 50.729389495534505], [-3.5417655289805032, 50.72948495965609], [-3.5412967762455585, 50.729817120663796], [-3.5406034622363936, 50.72991296548461], [-3.5399219596694387, 50.72944975379657], [-3.5408070905505955, 50.72919935308742], [-3.541802654675639, 50.729343178051444], [-3.5418500295683115, 50.729389495534505]]]}}, {"type": "Feature", "properties": {"type": "postcode-cell", "postcode": "EX4 4BS", "postcodes": ["EX4 4BS"]}, "geometry": {"type": "Polygon", "coordinates": [[[-3.542721820786532, 50.73012859427652], [-3.5420145711361197, 50.73024548958193], [-3.5419425269535294, 50.73023585429574], [-3.54132739472936, 50.729830084034425], [-3.542160384671555, 50.72990625322399], [-3.542721820786532, 50.73012859427652]]]}}, {"type": "Feature", "properties": {"type": "postcode-cell", "postcode": "EX4 4NU", "postcodes": ["EX4 4NU"]}, "geometry": {"type": "Polygon", "coordinates": [[[-3.542213278468198, 50.73065505190874], [-3.542075206158831, 50.730643455143266], [-3.5419205941924434, 50.73051047894641], [-3.5420145711361197, 50.73024548958193], [-3.542721820786532, 50.73012859427652], [-3.542894557575775, 50.73012876721986], [-3.542213278468198, 50.73065505190874]]]}}, {"type": "Feature", "properties": {"type": "postcode-cell", "postcode": "EX4 4BJ", "postcodes": ["EX4 4BJ"]}, "geometry": {"type": "Polygon", "coordinates": [[[-3.54182779683553, 50.72851248722523], [-3.5411298595271417, 50.728450766785535], [-3.540886341269053, 50.72829507874769], [-3.5409723362262673, 50.728069130118776], [-3.5410392569323865, 50.72800030331681], [-3.541161510676762, 50.727966994094764], [-3.5423428019858894, 50.72825253018815], [-3.54182779683553, 50.72851248722523]]]}}, {"type": "Feature", "properties": {"type": "postcode-cell", "postcode": "EX4 4BW", "postcodes": ["EX4 4BW"]}, "geometry": {"type": "Polygon", "coordinates": [[[-3.541161510676762, 50.727966994094764], [-3.5410392569323865, 50.72800030331681], [-3.5405929994784504, 50.727328967257975], [-3.5407649226629823, 50.72713799408296], [-3.541545028977326, 50.72705746081584], [-3.5418168089761903, 50.72759457228473], [-3.541161510676762, 50.727966994094764]]]}}, {"type": "Feature", "properties": {"type": "postcode-cell", "postcode": "EX4 4GU", "postcodes": ["EX4 4GU"]}, "geometry": {"type": "Polygon", "coordinates": [[[-3.542160384671555, 50.72990625322399], [-3.54132739472936, 50.729830084034425], [-3.5412967762455585, 50.729817120663796], [-3.5417655289805032, 50.72948495965609], [-3.542160384671555, 50.72990625322399]]]}}, {"type": "Feature", "properties": {"type": "postcode-cell", "postcode": "EX4 4BQ", "postcodes": ["EX4 4BQ"]}, "geometry": {"type": "Polygon", "coordinates": [[[-3.541720696808432, 50.728991762962615], [-3.5412783006286745, 50.728858212339006], [-3.5411298595271417, 50.728450766785535], [-3.54182779683553, 50.72851248722523], [-3.5420002564147595, 50.72882663485276], [-3.541720696808432, 50.728991762962615]]]}}, {"type": "Feature", "properties": {"type": "postcode-cell", "postcode": "EX4 4HW", "postcodes": ["EX4 4HW"]}, "geometry": {"type": "Polygon", "coordinates": [[[-3.5420145711361197, 50.73024548958193], [-3.5419205941924434, 50.73051047894641], [-3.541442512786828, 50.73069617869712], [-3.5414222048846944, 50.730392483907075], [-3.5419425269535294, 50.73023585429574], [-3.5420145711361197, 50.73024548958193]]]}}, {"type": "Feature", "properties": {"type": "postcode-cell", "postcode": "EX4 4AZ", "postcodes": ["EX4 4AZ"]}, "geometry": {"type": "Polygon", "coordinates": [[[-3.542075206158831, 50.730643455143266], [-3.5418133708961177, 50.73080336187802], [-3.541441518154804, 50.730698171405535], [-3.541442512786828, 50.73069617869712], [-3.5419205941924434, 50.73051047894641], [-3.542075206158831, 50.730643455143266]]]}}, {"type": "Feature", "properties": {"type": "postcode-cell", "postcode": "EX4 4DD", "postcodes": ["EX4 4DD"]}, "geometry": {"type": "Polygon", "coordinates": [[[-3.541802654675639, 50.729343178051444], [-3.5408070905505955, 50.72919935308742], [-3.5412783006286745, 50.728858212339006], [-3.541720696808432, 50.728991762962615], [-3.541802654675639, 50.729343178051444]]]}}, {"type": "Feature", "properties": {"type": "postcode-cell", "postcode": "EX4 4BB", "postcodes": ["EX4 4BB"]}, "geometry": {"type": "Polygon", "coordinates": [[[-3.5414222048846944, 50.730392483907075], [-3.5406098747787875, 50.72996027774443], [-3.5406034622363936, 50.72991296548461], [-3.5412967762455585, 50.729817120663796], [-3.54132739472936, 50.729830084034425], [-3.5419425269535294, 50.73023585429574], [-3.5414222048846944, 50.730392483907075]]]}}, {"type": "Feature", "properties": {"type": "postcode-cell", "postcode": "EX4 4DE", "postcodes": ["EX4 4DE"]}, "geometry": {"type": "Polygon", "coordinates": [[[-3.5411298595271417, 50.728450766785535], [-3.5412783006286745, 50.728858212339006], [-3.5408070905505955, 50.72919935308742], [-3.5399219596694387, 50.72944975379657], [-3.5397627409865446, 50.729402137634146], [-3.539693472961677, 50.72871864015748], [-3.540886341269053, 50.72829507874769], [-3.5411298595271417, 50.728450766785535]]]}}, {"type": "Feature", "properties": {"type": "postcode-cell", "postcode": "EX4 4BA", "postcodes": ["EX4 4BA"]}, "geometry": {"type": "Polygon", "coordinates": [[[-3.541441518154804, 50.730698171405535], [-3.5411113761708437, 50.73085365670317], [-3.5403725773240007, 50.73061346316058], [-3.5406098747787875, 50.72996027774443], [-3.5414222048846944, 50.730392483907075], [-3.541442512786828, 50.73069617869712], [-3.541441518154804, 50.730698171405535]]]}}, {"type": "Feature", "properties": {"type": "postcode-cell", "postcode": "EX4 4FB", "postcodes": ["EX4 4FB"]}, "geometry": {"type": "Polygon", "coordinates": [[[-3.541236996210655, 50.731249119655416], [-3.5399932130755287, 50.73122049075976], [-3.539747843825968, 50.73089286080533], [-3.5403725773240007, 50.73061346316058], [-3.5411113761708437, 50.73085365670317], [-3.541236996210655, 50.731249119655416]]]}}, {"type": "Feature", "properties": {"type": "postcode-cell", "postcode": "EX4 4DW", "postcodes": ["EX4 4DW"]}, "geometry": {"type": "Polygon", "coordinates": [[[-3.5409723362262673, 50.728069130118776], [-3.5397960570535547, 50.72775834234776], [-3.5400369726250633, 50.727418844890664], [-3.5405929994784504, 50.727328967257975], [-3.5410392569323865, 50.72800030331681], [-3.5409723362262673, 50.728069130118776]]]}}, {"type": "Feature", "properties": {"type": "postcode-cell", "postcode": "EX4 4FQ", "postcodes": ["EX4 4FQ"]}, "geometry": {"type": "Polygon", "coordinates": [[[-3.541545028977326, 50.72705746081584], [-3.5407649226629823, 50.72713799408296], [-3.5402492285330607, 50.726564690009056], [-3.541553745556652, 50.72654733013184], [-3.5415706288819706, 50.72703571021748], [-3.541545028977326, 50.72705746081584]]]}}, {"type": "Feature", "properties": {"type": "postcode-cell", "postcode": "EX4 4DH", "postcodes": ["EX4 4DH"]}, "geometry": {"type": "Polygon", "coordinates": [[[-3.5405929994784504, 50.727328967257975], [-3.5400369726250633, 50.727418844890664], [-3.5397219897706793, 50.72723989514003], [-3.539721989781201, 50.726792541651655], [-3.5398754686659273, 50.7263955014518], [-3.53992065992982, 50.72638096385986], [-3.5402492285330607, 50.726564690009056], [-3.5407649226629823, 50.72713799408296], [-3.5405929994784504, 50.727328967257975]]]}}, {"type": "Feature", "properties": {"type": "postcode-cell", "postcode": "EX4 4BP", "postcodes": ["EX4 4BP"]}, "geometry": {"type": "Polygon", "coordinates": [[[-3.540286397200651, 50.725815709164884], [-3.5391930018640125, 50.725309976979744], [-3.539654542485804, 50.724714168347326], [-3.5404729987549715, 50.724458080161824], [-3.541756924790222, 50.725380516922044], [-3.540286397200651, 50.725815709164884]]]}}, {"type": "Feature", "properties": {"type": "postcode-cell", "postcode": "EX4 4AH", "postcodes": ["EX4 4AH", "EX4 4AJ"]}, "geometry": {"type": "Polygon", "coordinates": [[[-3.5403725773240007, 50.73061346316058], [-3.539747843825968, 50.73089286080533], [-3.53887146959583, 50.72972263738328], [-3.5397627409865446, 50.729402137634146], [-3.5399219596694387, 50.72944975379657], [-3.5406034622363936, 50.72991296548461], [-3.5406098747787875, 50.72996027774443], [-3.5403725773240007, 50.73061346316058]]]}}, {"type": "Feature", "properties": {"type": "postcode-cell", "postcode": "EX4 4DY", "postcodes": ["EX4 4DY"]}, "geometry": {"type": "Polygon", "coordinates": [[[-3.540886341269053, 50.72829507874769], [-3.539693472961677, 50.72871864015748], [-3.539367328851609, 50.728494086095374], [-3.5392408396764123, 50.72801949954221], [-3.5397960570535547, 50.72775834234776], [-3.5409723362262673, 50.728069130118776], [-3.540886341269053, 50.72829507874769]]]}}, {"type": "Feature", "properties": {"type": "postcode-cell", "postcode": "EX4 4HR", "postcodes": ["EX4 4HR"]}, "geometry": {"type": "Polygon", "coordinates": [[[-3.5357783387765767, 50.727164836588344], [-3.5368408972818055, 50.7270983338009], [-3.537447051344877, 50.727289372062494], [-3.5377506050360075, 50.72764730754806], [-3.537131475366619, 50.72811433660789], [-3.5367999897500777, 50.727839994746844], [-3.535485142674238, 50.727656031296895], [-3.5356037664208335, 50.72737076161141], [-3.5357783387765767, 50.727164836588344]]]}}, {"type": "Feature", "properties": {"type": "postcode-cell", "postcode": "EX4 3SR", "postcodes": ["EX4 3SR"]}, "geometry": {"type": "Polygon", "coordinates": [[[-3.5356037664208335, 50.72737076161141], [-3.5346030464549743, 50.72671456512379], [-3.534607829297021, 50.72666792231107], [-3.534777770448175, 50.72655871210064], [-3.5358100781134585, 50.72701166664044], [-3.5357783387765767, 50.727164836588344], [-3.5356037664208335, 50.72737076161141]]]}}, {"type": "Feature", "properties": {"type": "postcode-cell", "postcode": "EX4 4DS", "postcodes": ["EX4 4DS"]}, "geometry": {"type": "Polygon", "coordinates": [[[-3.5397219897706793, 50.72723989514003], [-3.5386096006086736, 50.72736280748494], [-3.5386306087441235, 50.72732149195268], [-3.539721989781201, 50.726792541651655], [-3.5397219897706793, 50.72723989514003]]]}}, {"type": "Feature", "properties": {"type": "postcode-cell", "postcode": "EX4 4DP", "postcodes": ["EX4 4DP"]}, "geometry": {"type": "Polygon", "coordinates": [[[-3.5392408396764123, 50.72801949954221], [-3.5384245072454017, 50.72753470627997], [-3.5384883335034254, 50.727456394686584], [-3.5386096006086736, 50.72736280748494], [-3.5397219897706793, 50.72723989514003], [-3.5400369726250633, 50.727418844890664], [-3.5397960570535547, 50.72775834234776], [-3.5392408396764123, 50.72801949954221]]]}}, {"type": "Feature", "properties": {"type": "postcode-cell", "postcode": "EX4 4EA", "postcodes": ["EX4 4EA"]}, "geometry": {"type": "Polygon", "coordinates": [[[-3.539654542485804, 50.724714168347326], [-3.538712095793976, 50.72431080682462], [-3.5389576527274302, 50.723836869089446], [-3.5400257723818402, 50.723301862090715], [-3.5404199897540005, 50.724419994744096], [-3.5404729987549715, 50.724458080161824], [-3.539654542485804, 50.724714168347326]]]}}, {"type": "Feature", "properties": {"type": "postcode-cell", "postcode": "EX4 4DX", "postcodes": ["EX4 4DX"]}, "geometry": {"type": "Polygon", "coordinates": [[[-3.539721989781201, 50.726792541651655], [-3.5386306087441235, 50.72732149195268], [-3.538810823405694, 50.72659315500928], [-3.5389174493227156, 50.72653507852477], [-3.5395486927320707, 50.726405316447526], [-3.5398754686659273, 50.7263955014518], [-3.539721989781201, 50.726792541651655]]]}}, {"type": "Feature", "properties": {"type": "postcode-cell", "postcode": "EX4 3FG", "postcodes": ["EX4 3FG"]}, "geometry": {"type": "Polygon", "coordinates": [[[-3.535485142674238, 50.727656031296895], [-3.535288262662843, 50.72762848393078], [-3.5341441510744036, 50.727008475714506], [-3.5346030464549743, 50.72671456512379], [-3.5356037664208335, 50.72737076161141], [-3.535485142674238, 50.727656031296895]]]}}, {"type": "Feature", "properties": {"type": "postcode-cell", "postcode": "EX4 4JT", "postcodes": ["EX4 4JT"]}, "geometry": {"type": "Polygon", "coordinates": [[[-3.5397627409865446, 50.729402137634146], [-3.53887146959583, 50.72972263738328], [-3.538539989750499, 50.72927999474795], [-3.5377683076359787, 50.72864137557604], [-3.539367328851609, 50.728494086095374], [-3.539693472961677, 50.72871864015748], [-3.5397627409865446, 50.729402137634146]]]}}, {"type": "Feature", "properties": {"type": "postcode-cell", "postcode": "EX4 3AB", "postcodes": ["EX4 3AB"]}, "geometry": {"type": "Polygon", "coordinates": [[[-3.5389632516706246, 50.72215768740198], [-3.538818011946302, 50.72199684909328], [-3.539123907258784, 50.72172211770646], [-3.5402115409253514, 50.721917023065636], [-3.5400365382274535, 50.722400184051274], [-3.5389632516706246, 50.72215768740198]]]}}, {"type": "Feature", "properties": {"type": "postcode-cell", "postcode": "EX4 3BZ", "postcodes": ["EX4 3BZ"]}, "geometry": {"type": "Polygon", "coordinates": [[[-3.5389622647575827, 50.72136768122517], [-3.538730885682469, 50.72126270971106], [-3.53991188996615, 50.71988819192015], [-3.540079989755844, 50.720079994740686], [-3.540274434782747, 50.72125445173824], [-3.5389622647575827, 50.72136768122517]]]}}, {"type": "Feature", "properties": {"type": "postcode-cell", "postcode": "EX4 3AY", "postcodes": ["EX4 3AY"]}, "geometry": {"type": "Polygon", "coordinates": [[[-3.538547044394439, 50.72010751445385], [-3.5377505508961704, 50.71994511914419], [-3.537462723670687, 50.719257817666964], [-3.5377898493451565, 50.718578399974106], [-3.5380299897552083, 50.7186799947396], [-3.539299989755771, 50.719189994740006], [-3.5398588516580975, 50.71982767452564], [-3.538547044394439, 50.72010751445385]]]}}, {"type": "Feature", "properties": {"type": "postcode-cell", "postcode": "EX2 8EZ", "postcodes": ["EX2 8EZ"]}, "geometry": {"type": "Polygon", "coordinates": [[[-3.5346759542592974, 50.71495777585374], [-3.5345135904211604, 50.714327216362314], [-3.5348066244225858, 50.714027910086045], [-3.535823798787107, 50.71470305217139], [-3.5346759542592974, 50.71495777585374]]]}}, {"type": "Feature", "properties": {"type": "postcode-cell", "postcode": "EX4 4DA", "postcodes": ["EX4 4DA"]}, "geometry": {"type": "Polygon", "coordinates": [[[-3.53992065992982, 50.72638096385986], [-3.5398754686659273, 50.7263955014518], [-3.5395486927320707, 50.726405316447526], [-3.5384629370908396, 50.725653866361355], [-3.53854234646502, 50.72543779407118], [-3.538868168232999, 50.72533350547468], [-3.5391930018640125, 50.725309976979744], [-3.540286397200651, 50.725815709164884], [-3.53992065992982, 50.72638096385986]]]}}, {"type": "Feature", "properties": {"type": "postcode-cell", "postcode": "EX4 4DU", "postcodes": ["EX4 4DU"]}, "geometry": {"type": "Polygon", "coordinates": [[[-3.5386096006086736, 50.72736280748494], [-3.5384883335034254, 50.727456394686584], [-3.5378800319769144, 50.726634434924236], [-3.5380216273898593, 50.72654632975308], [-3.538810823405694, 50.72659315500928], [-3.5386306087441235, 50.72732149195268], [-3.5386096006086736, 50.72736280748494]]]}}, {"type": "Feature", "properties": {"type": "postcode-cell", "postcode": "EX4 3HS", "postcodes": ["EX4 3HS"]}, "geometry": {"type": "Polygon", "coordinates": [[[-3.538818011946302, 50.72199684909328], [-3.5380110268370863, 50.721913898231065], [-3.538640874430965, 50.72126621332136], [-3.538730885682469, 50.72126270971106], [-3.5389622647575827, 50.72136768122517], [-3.539123907258784, 50.72172211770646], [-3.538818011946302, 50.72199684909328]]]}}, {"type": "Feature", "properties": {"type": "postcode-cell", "postcode": "EX4 4JS", "postcodes": ["EX4 4JS"]}, "geometry": {"type": "Polygon", "coordinates": [[[-3.539367328851609, 50.728494086095374], [-3.5377683076359787, 50.72864137557604], [-3.537131475366619, 50.72811433660789], [-3.5377506050360075, 50.72764730754806], [-3.5384245072454017, 50.72753470627997], [-3.5392408396764123, 50.72801949954221], [-3.539367328851609, 50.728494086095374]]]}}, {"type": "Feature", "properties": {"type": "postcode-cell", "postcode": "EX4 4BR", "postcodes": ["EX4 4BR"]}, "geometry": {"type": "Polygon", "coordinates": [[[-3.5386953471717795, 50.7229328256884], [-3.5384699340065384, 50.72274260624839], [-3.5384494603082315, 50.72270978065852], [-3.5389632516706246, 50.72215768740198], [-3.5400365382274535, 50.722400184051274], [-3.539869989754391, 50.722859994742876], [-3.5400150515770803, 50.72327145350415], [-3.5386953471717795, 50.7229328256884]]]}}, {"type": "Feature", "properties": {"type": "postcode-cell", "postcode": "EX4 3DX", "postcodes": ["EX4 3DX"]}, "geometry": {"type": "Polygon", "coordinates": [[[-3.5384494603082315, 50.72270978065852], [-3.5374598676676587, 50.72206479014286], [-3.5380110268370863, 50.721913898231065], [-3.538818011946302, 50.72199684909328], [-3.5389632516706246, 50.72215768740198], [-3.5384494603082315, 50.72270978065852]]]}}, {"type": "Feature", "properties": {"type": "postcode-cell", "postcode": "EX4 4DZ", "postcodes": ["EX4 4DZ"]}, "geometry": {"type": "Polygon", "coordinates": [[[-3.5391930018640125, 50.725309976979744], [-3.538868168232999, 50.72533350547468], [-3.538547164845224, 50.72464334255651], [-3.538546321364161, 50.724383344797], [-3.538554631463885, 50.724377041698375], [-3.538712095793976, 50.72431080682462], [-3.539654542485804, 50.724714168347326], [-3.5391930018640125, 50.725309976979744]]]}}, {"type": "Feature", "properties": {"type": "postcode-cell", "postcode": "EX4 4FJ", "postcodes": ["EX4 4FJ"]}, "geometry": {"type": "Polygon", "coordinates": [[[-3.5395486927320707, 50.726405316447526], [-3.5389174493227156, 50.72653507852477], [-3.5382469679890165, 50.725884441897215], [-3.5384629370908396, 50.725653866361355], [-3.5395486927320707, 50.726405316447526]]]}}, {"type": "Feature", "properties": {"type": "postcode-cell", "postcode": "EX4 4EB", "postcodes": ["EX4 4EB"]}, "geometry": {"type": "Polygon", "coordinates": [[[-3.5389576527274302, 50.723836869089446], [-3.5377465304664475, 50.72364647221576], [-3.5376480219884376, 50.72345962637446], [-3.5386953471717795, 50.7229328256884], [-3.5400150515770803, 50.72327145350415], [-3.5400257723818402, 50.723301862090715], [-3.5389576527274302, 50.723836869089446]]]}}, {"type": "Feature", "properties": {"type": "postcode-cell", "postcode": "EX4 4FR", "postcodes": ["EX4 4FR"]}, "geometry": {"type": "Polygon", "coordinates": [[[-3.538868168232999, 50.72533350547468], [-3.53854234646502, 50.72543779407118], [-3.537998374095672, 50.72527195906587], [-3.5380548198450485, 50.72489519064093], [-3.538547164845224, 50.72464334255651], [-3.538868168232999, 50.72533350547468]]]}}, {"type": "Feature", "properties": {"type": "postcode-cell", "postcode": "EX4 3BT", "postcodes": ["EX4 3BT"]}, "geometry": {"type": "Polygon", "coordinates": [[[-3.538547044394439, 50.72010751445385], [-3.5398588516580975, 50.71982767452564], [-3.53991188996615, 50.71988819192015], [-3.538730885682469, 50.72126270971106], [-3.538640874430965, 50.72126621332136], [-3.5378792911883745, 50.7209623301491], [-3.5377832170670236, 50.72084012646882], [-3.538547044394439, 50.72010751445385]]]}}, {"type": "Feature", "properties": {"type": "postcode-cell", "postcode": "EX4 3DW", "postcodes": ["EX4 3DW"]}, "geometry": {"type": "Polygon", "coordinates": [[[-3.5377832170670236, 50.72084012646882], [-3.5372768844757267, 50.72079191523686], [-3.537057339982836, 50.72030661039888], [-3.5372049915528625, 50.720105257440096], [-3.5373751292146456, 50.719987934986946], [-3.5377505508961704, 50.71994511914419], [-3.538547044394439, 50.72010751445385], [-3.5377832170670236, 50.72084012646882]]]}}, {"type": "Feature", "properties": {"type": "postcode-cell", "postcode": "EX4 3HA", "postcodes": ["EX4 3HA"]}, "geometry": {"type": "Polygon", "coordinates": [[[-3.5384699340065384, 50.72274260624839], [-3.536791219359717, 50.72308222429668], [-3.5367716944580505, 50.723076738857294], [-3.5366518440239387, 50.7229410370385], [-3.5366883894888494, 50.722658516520504], [-3.5368768285963097, 50.722156765332294], [-3.5372149028031177, 50.72204379608672], [-3.5374598676676587, 50.72206479014286], [-3.5384494603082315, 50.72270978065852], [-3.5384699340065384, 50.72274260624839]]]}}, {"type": "Feature", "properties": {"type": "postcode-cell", "postcode": "EX4 4FX", "postcodes": ["EX4 4FX"]}, "geometry": {"type": "Polygon", "coordinates": [[[-3.538712095793976, 50.72431080682462], [-3.538554631463885, 50.724377041698375], [-3.5376021750255084, 50.7238793405908], [-3.5377465304664475, 50.72364647221576], [-3.5389576527274302, 50.723836869089446], [-3.538712095793976, 50.72431080682462]]]}}, {"type": "Feature", "properties": {"type": "postcode-cell", "postcode": "EX4 3BP", "postcodes": ["EX4 3BP"]}, "geometry": {"type": "Polygon", "coordinates": [[[-3.5380110268370863, 50.721913898231065], [-3.5374598676676587, 50.72206479014286], [-3.5372149028031177, 50.72204379608672], [-3.537220671313329, 50.72199007011284], [-3.5378792911883745, 50.7209623301491], [-3.538640874430965, 50.72126621332136], [-3.5380110268370863, 50.721913898231065]]]}}, {"type": "Feature", "properties": {"type": "postcode-cell", "postcode": "EX4 4DT", "postcodes": ["EX4 4DT"]}, "geometry": {"type": "Polygon", "coordinates": [[[-3.538810823405694, 50.72659315500928], [-3.5380216273898593, 50.72654632975308], [-3.5379393122583496, 50.72628897970481], [-3.538238762710746, 50.725888043834225], [-3.5382469679890165, 50.725884441897215], [-3.5389174493227156, 50.72653507852477], [-3.538810823405694, 50.72659315500928]]]}}, {"type": "Feature", "properties": {"type": "postcode-cell", "postcode": "EX4 3RQ", "postcodes": ["EX4 3RQ"]}, "geometry": {"type": "Polygon", "coordinates": [[[-3.5384629370908396, 50.725653866361355], [-3.5382469679890165, 50.725884441897215], [-3.538238762710746, 50.725888043834225], [-3.5368296896174027, 50.72588664025322], [-3.536749797764352, 50.72550767589614], [-3.5368336517438337, 50.72545899989117], [-3.537485388585903, 50.72524105281105], [-3.537998374095672, 50.72527195906587], [-3.53854234646502, 50.72543779407118], [-3.5384629370908396, 50.725653866361355]]]}}, {"type": "Feature", "properties": {"type": "postcode-cell", "postcode": "EX4 4EF", "postcodes": ["EX4 4EF"]}, "geometry": {"type": "Polygon", "coordinates": [[[-3.5386953471717795, 50.7229328256884], [-3.5376480219884376, 50.72345962637446], [-3.536791219359717, 50.72308222429668], [-3.5384699340065384, 50.72274260624839], [-3.5386953471717795, 50.7229328256884]]]}}, {"type": "Feature", "properties": {"type": "postcode-cell", "postcode": "EX4 4FL", "postcodes": ["EX4 4FL"]}, "geometry": {"type": "Polygon", "coordinates": [[[-3.5380548198450485, 50.72489519064093], [-3.537998374095672, 50.72527195906587], [-3.537485388585903, 50.72524105281105], [-3.5374429940220553, 50.72499947662409], [-3.5374552745687105, 50.72490122381649], [-3.5376931766625277, 50.72471009295198], [-3.5379648340773557, 50.72474547241725], [-3.5380548198450485, 50.72489519064093]]]}}, {"type": "Feature", "properties": {"type": "postcode-cell", "postcode": "EX4 4FY", "postcodes": ["EX4 4FY"]}, "geometry": {"type": "Polygon", "coordinates": [[[-3.5379648340773557, 50.72474547241725], [-3.538269106637802, 50.72443409754932], [-3.538546321364161, 50.724383344797], [-3.538547164845224, 50.72464334255651], [-3.5380548198450485, 50.72489519064093], [-3.5379648340773557, 50.72474547241725]]]}}, {"type": "Feature", "properties": {"type": "postcode-cell", "postcode": "EX4 4HU", "postcodes": ["EX4 4HU"]}, "geometry": {"type": "Polygon", "coordinates": [[[-3.537474271503772, 50.727040593728596], [-3.5378751075482415, 50.72663554849011], [-3.5378800319769144, 50.726634434924236], [-3.5384883335034254, 50.727456394686584], [-3.5384245072454017, 50.72753470627997], [-3.5377506050360075, 50.72764730754806], [-3.537447051344877, 50.727289372062494], [-3.537474271503772, 50.727040593728596]]]}}, {"type": "Feature", "properties": {"type": "postcode-cell", "postcode": "EX4 4JJ", "postcodes": ["EX4 4JJ"]}, "geometry": {"type": "Polygon", "coordinates": [[[-3.537447051344877, 50.727289372062494], [-3.5368408972818055, 50.7270983338009], [-3.5369533978299224, 50.72663579556586], [-3.5370027249152103, 50.72661057922304], [-3.537474271503772, 50.727040593728596], [-3.537447051344877, 50.727289372062494]]]}}, {"type": "Feature", "properties": {"type": "postcode-cell", "postcode": "EX4 4FW", "postcodes": ["EX4 4FW"]}, "geometry": {"type": "Polygon", "coordinates": [[[-3.538554631463885, 50.724377041698375], [-3.538546321364161, 50.724383344797], [-3.538269106637802, 50.72443409754932], [-3.5376324531498655, 50.7244080827076], [-3.5375273949525488, 50.724367423288925], [-3.5373222666849475, 50.72427333367684], [-3.537313099064447, 50.72409558476974], [-3.5376021750255084, 50.7238793405908], [-3.538554631463885, 50.724377041698375]]]}}, {"type": "Feature", "properties": {"type": "postcode-cell", "postcode": "EX4 4FN", "postcodes": ["EX4 4FN"]}, "geometry": {"type": "Polygon", "coordinates": [[[-3.5379648340773557, 50.72474547241725], [-3.5376931766625277, 50.72471009295198], [-3.5376324531498655, 50.7244080827076], [-3.538269106637802, 50.72443409754932], [-3.5379648340773557, 50.72474547241725]]]}}, {"type": "Feature", "properties": {"type": "postcode-cell", "postcode": "EX4 4EH", "postcodes": ["EX4 4EH"]}, "geometry": {"type": "Polygon", "coordinates": [[[-3.5377465304664475, 50.72364647221576], [-3.5376021750255084, 50.7238793405908], [-3.537313099064447, 50.72409558476974], [-3.536720064004645, 50.72394091407683], [-3.536493775757218, 50.723507953245395], [-3.5367716944580505, 50.723076738857294], [-3.536791219359717, 50.72308222429668], [-3.5376480219884376, 50.72345962637446], [-3.5377465304664475, 50.72364647221576]]]}}, {"type": "Feature", "properties": {"type": "postcode-cell", "postcode": "EX2 8AF", "postcodes": ["EX2 8AF"]}, "geometry": {"type": "Polygon", "coordinates": [[[-3.5357293832510313, 50.71782941304375], [-3.535182422498995, 50.717628986541506], [-3.5360109517602596, 50.71697576582138], [-3.536310474905775, 50.716917226175646], [-3.5366899897548745, 50.71758999473878], [-3.5362099897544157, 50.71790999473903], [-3.5364354812186263, 50.71800539791215], [-3.5357293832510313, 50.71782941304375]]]}}, {"type": "Feature", "properties": {"type": "postcode-cell", "postcode": "EX2 8AP", "postcodes": ["EX2 8AP"]}, "geometry": {"type": "Polygon", "coordinates": [[[-3.535548323919709, 50.71645020457413], [-3.535430710872958, 50.71610888607313], [-3.536022841951908, 50.71603879427357], [-3.536029989755009, 50.71641999473787], [-3.536068749827097, 50.716488707530424], [-3.535548323919709, 50.71645020457413]]]}}, {"type": "Feature", "properties": {"type": "postcode-cell", "postcode": "EX4 4FP", "postcodes": ["EX4 4FP"]}, "geometry": {"type": "Polygon", "coordinates": [[[-3.5376931766625277, 50.72471009295198], [-3.5374552745687105, 50.72490122381649], [-3.5373979032799103, 50.72483699409481], [-3.5375273949525488, 50.724367423288925], [-3.5376324531498655, 50.7244080827076], [-3.5376931766625277, 50.72471009295198]]]}}, {"type": "Feature", "properties": {"type": "postcode-cell", "postcode": "EX4 3RF", "postcodes": ["EX4 3RF"]}, "geometry": {"type": "Polygon", "coordinates": [[[-3.5375273949525488, 50.724367423288925], [-3.5373979032799103, 50.72483699409481], [-3.5369906153541453, 50.72449225898509], [-3.5373222666849475, 50.72427333367684], [-3.5375273949525488, 50.724367423288925]]]}}, {"type": "Feature", "properties": {"type": "postcode-cell", "postcode": "EX4 4JE", "postcodes": ["EX4 4JE"]}, "geometry": {"type": "Polygon", "coordinates": [[[-3.5378800319769144, 50.726634434924236], [-3.5378751075482415, 50.72663554849011], [-3.5370779688062353, 50.726514692877664], [-3.5369818110458544, 50.72613622460896], [-3.5379393122583496, 50.72628897970481], [-3.5380216273898593, 50.72654632975308], [-3.5378800319769144, 50.726634434924236]]]}}, {"type": "Feature", "properties": {"type": "postcode-cell", "postcode": "EX4 4HX", "postcodes": ["EX4 4HX"]}, "geometry": {"type": "Polygon", "coordinates": [[[-3.537474271503772, 50.727040593728596], [-3.5370027249152103, 50.72661057922304], [-3.5370779688062353, 50.726514692877664], [-3.5378751075482415, 50.72663554849011], [-3.537474271503772, 50.727040593728596]]]}}, {"type": "Feature", "properties": {"type": "postcode-cell", "postcode": "EX4 3RE", "postcodes": ["EX4 3RE"]}, "geometry": {"type": "Polygon", "coordinates": [[[-3.5374552745687105, 50.72490122381649], [-3.5374429940220553, 50.72499947662409], [-3.5367741175315883, 50.72471220813958], [-3.5367329282216327, 50.724623905534756], [-3.5367657593037114, 50.72455690329959], [-3.5369906153541453, 50.72449225898509], [-3.5373979032799103, 50.72483699409481], [-3.5374552745687105, 50.72490122381649]]]}}, {"type": "Feature", "properties": {"type": "postcode-cell", "postcode": "EX4 3BW", "postcodes": ["EX4 3BW"]}, "geometry": {"type": "Polygon", "coordinates": [[[-3.5378792911883745, 50.7209623301491], [-3.537220671313329, 50.72199007011284], [-3.5367551733441798, 50.72094050009402], [-3.5372768844757267, 50.72079191523686], [-3.5377832170670236, 50.72084012646882], [-3.5378792911883745, 50.7209623301491]]]}}, {"type": "Feature", "properties": {"type": "postcode-cell", "postcode": "EX4 3RA", "postcodes": ["EX4 3RA"]}, "geometry": {"type": "Polygon", "coordinates": [[[-3.5368101504282317, 50.72594112856853], [-3.5361323135982228, 50.72620341798055], [-3.5347762980711965, 50.725518790470645], [-3.53484806788395, 50.72530864159537], [-3.534880746501819, 50.725262654778916], [-3.535202447146746, 50.72513823885196], [-3.5352328684243632, 50.72513192593387], [-3.5354795895313025, 50.725160106241454], [-3.536749797764352, 50.72550767589614], [-3.5368296896174027, 50.72588664025322], [-3.5368101504282317, 50.72594112856853]]]}}, {"type": "Feature", "properties": {"type": "postcode-cell", "postcode": "EX4 4JF", "postcodes": ["EX4 4JF"]}, "geometry": {"type": "Polygon", "coordinates": [[[-3.5368296896174027, 50.72588664025322], [-3.538238762710746, 50.725888043834225], [-3.5379393122583496, 50.72628897970481], [-3.5369818110458544, 50.72613622460896], [-3.5368101504282317, 50.72594112856853], [-3.5368296896174027, 50.72588664025322]]]}}, {"type": "Feature", "properties": {"type": "postcode-cell", "postcode": "EX4 4EE", "postcodes": ["EX4 4EE"]}, "geometry": {"type": "Polygon", "coordinates": [[[-3.5373222666849475, 50.72427333367684], [-3.5369906153541453, 50.72449225898509], [-3.5367657593037114, 50.72455690329959], [-3.5361297122518334, 50.72426019560077], [-3.536720064004645, 50.72394091407683], [-3.537313099064447, 50.72409558476974], [-3.5373222666849475, 50.72427333367684]]]}}, {"type": "Feature", "properties": {"type": "postcode-cell", "postcode": "EX4 4JA", "postcodes": ["EX4 4JA"]}, "geometry": {"type": "Polygon", "coordinates": [[[-3.5370779688062353, 50.726514692877664], [-3.5370027249152103, 50.72661057922304], [-3.5369533978299224, 50.72663579556586], [-3.5358943361724386, 50.726790948852134], [-3.5358380962287805, 50.72656641371494], [-3.5361323135982228, 50.72620341798055], [-3.5368101504282317, 50.72594112856853], [-3.5369818110458544, 50.72613622460896], [-3.5370779688062353, 50.726514692877664]]]}}, {"type": "Feature", "properties": {"type": "postcode-cell", "postcode": "EX4 3BJ", "postcodes": ["EX4 3BJ"]}, "geometry": {"type": "Polygon", "coordinates": [[[-3.5372149028031177, 50.72204379608672], [-3.5368768285963097, 50.722156765332294], [-3.5367647681337933, 50.722120415867785], [-3.5362589636532458, 50.72143101738448], [-3.5364047193991315, 50.720984461520914], [-3.5366276523030975, 50.72093060651844], [-3.5367551733441798, 50.72094050009402], [-3.537220671313329, 50.72199007011284], [-3.5372149028031177, 50.72204379608672]]]}}, {"type": "Feature", "properties": {"type": "postcode-cell", "postcode": "EX4 3BR", "postcodes": ["EX4 3BR"]}, "geometry": {"type": "Polygon", "coordinates": [[[-3.5372049915528625, 50.720105257440096], [-3.536523752889543, 50.72000666745401], [-3.5364872797955234, 50.71994919928937], [-3.5365058398024036, 50.71990234865047], [-3.536654616662365, 50.719662960309165], [-3.536825442111589, 50.719662361741726], [-3.5373751292146456, 50.719987934986946], [-3.5372049915528625, 50.720105257440096]]]}}, {"type": "Feature", "properties": {"type": "postcode-cell", "postcode": "EX4 3FL", "postcodes": ["EX4 3FL"]}, "geometry": {"type": "Polygon", "coordinates": [[[-3.5373751292146456, 50.719987934986946], [-3.536825442111589, 50.719662361741726], [-3.5370662220387867, 50.71946829078547], [-3.537462723670687, 50.719257817666964], [-3.5377505508961704, 50.71994511914419], [-3.5373751292146456, 50.719987934986946]]]}}, {"type": "Feature", "properties": {"type": "postcode-cell", "postcode": "EX4 3RG", "postcodes": ["EX4 3RG"]}, "geometry": {"type": "Polygon", "coordinates": [[[-3.537485388585903, 50.72524105281105], [-3.5368336517438337, 50.72545899989117], [-3.5367741175315883, 50.72471220813958], [-3.5374429940220553, 50.72499947662409], [-3.537485388585903, 50.72524105281105]]]}}, {"type": "Feature", "properties": {"type": "postcode-cell", "postcode": "EX4 3DB", "postcodes": ["EX4 3DB", "EX4 3DD"]}, "geometry": {"type": "Polygon", "coordinates": [[[-3.536825442111589, 50.719662361741726], [-3.536654616662365, 50.719662960309165], [-3.5363794535503876, 50.71952706075108], [-3.535977036047545, 50.719163932819384], [-3.5358644734374653, 50.71896364178662], [-3.5359784170203152, 50.718899740190686], [-3.5370662220387867, 50.71946829078547], [-3.536825442111589, 50.719662361741726]]]}}, {"type": "Feature", "properties": {"type": "postcode-cell", "postcode": "EX1 1FE", "postcodes": ["EX1 1FE"]}, "geometry": {"type": "Polygon", "coordinates": [[[-3.535977036047545, 50.719163932819384], [-3.535776294141884, 50.71972165559536], [-3.535561135434112, 50.719818958322485], [-3.5354577343965654, 50.71982385331036], [-3.534897851062262, 50.719468334846404], [-3.534796713049133, 50.719037699398484], [-3.5358644734374653, 50.71896364178662], [-3.535977036047545, 50.719163932819384]]]}}, {"type": "Feature", "properties": {"type": "postcode-cell", "postcode": "EX4 3AQ", "postcodes": ["EX4 3AQ"]}, "geometry": {"type": "Polygon", "coordinates": [[[-3.5370662220387867, 50.71946829078547], [-3.5359784170203152, 50.718899740190686], [-3.537009607779494, 50.71824830134045], [-3.5377898493451565, 50.718578399974106], [-3.537462723670687, 50.719257817666964], [-3.5370662220387867, 50.71946829078547]]]}}, {"type": "Feature", "properties": {"type": "postcode-cell", "postcode": "EX4 3EU", "postcodes": ["EX4 3EU"]}, "geometry": {"type": "Polygon", "coordinates": [[[-3.536749797764352, 50.72550767589614], [-3.5354795895313025, 50.725160106241454], [-3.5367329282216327, 50.724623905534756], [-3.5367741175315883, 50.72471220813958], [-3.5368336517438337, 50.72545899989117], [-3.536749797764352, 50.72550767589614]]]}}, {"type": "Feature", "properties": {"type": "postcode-cell", "postcode": "EX4 3AL", "postcodes": ["EX4 3AL"]}, "geometry": {"type": "Polygon", "coordinates": [[[-3.5372768844757267, 50.72079191523686], [-3.5367551733441798, 50.72094050009402], [-3.5366276523030975, 50.72093060651844], [-3.5363609020224067, 50.72043403662902], [-3.5365178287936225, 50.72031385795599], [-3.537057339982836, 50.72030661039888], [-3.5372768844757267, 50.72079191523686]]]}}, {"type": "Feature", "properties": {"type": "postcode-cell", "postcode": "EX1 1FG", "postcodes": ["EX1 1FG"]}, "geometry": {"type": "Polygon", "coordinates": [[[-3.5363794535503876, 50.71952706075108], [-3.5360939244103706, 50.71980274768957], [-3.5360414124407447, 50.71983321547205], [-3.536000779724243, 50.71984247421651], [-3.535776294141884, 50.71972165559536], [-3.535977036047545, 50.719163932819384], [-3.5363794535503876, 50.71952706075108]]]}}, {"type": "Feature", "properties": {"type": "postcode-cell", "postcode": "EX4 3FF", "postcodes": ["EX4 3FF"]}, "geometry": {"type": "Polygon", "coordinates": [[[-3.5372049915528625, 50.720105257440096], [-3.537057339982836, 50.72030661039888], [-3.5365178287936225, 50.72031385795599], [-3.536473934718406, 50.72019697612494], [-3.536523752889543, 50.72000666745401], [-3.5372049915528625, 50.720105257440096]]]}}, {"type": "Feature", "properties": {"type": "postcode-cell", "postcode": "EX4 3AG", "postcodes": ["EX4 3AG"]}, "geometry": {"type": "Polygon", "coordinates": [[[-3.536473934718406, 50.72019697612494], [-3.535970157151974, 50.720089871055954], [-3.5363290658692437, 50.71996343164508], [-3.5364872797955234, 50.71994919928937], [-3.536523752889543, 50.72000666745401], [-3.536473934718406, 50.72019697612494]]]}}, {"type": "Feature", "properties": {"type": "postcode-cell", "postcode": "EX4 4HY", "postcodes": ["EX4 4HY"]}, "geometry": {"type": "Polygon", "coordinates": [[[-3.5368408972818055, 50.7270983338009], [-3.5357783387765767, 50.727164836588344], [-3.5358100781134585, 50.72701166664044], [-3.5358943361724386, 50.726790948852134], [-3.5369533978299224, 50.72663579556586], [-3.5368408972818055, 50.7270983338009]]]}}, {"type": "Feature", "properties": {"type": "postcode-cell", "postcode": "EX4 3EZ", "postcodes": ["EX4 3EZ"]}, "geometry": {"type": "Polygon", "coordinates": [[[-3.536493775757218, 50.723507953245395], [-3.5359876277885047, 50.72368635173971], [-3.535275096846517, 50.72343513486107], [-3.535242736713221, 50.72341004592565], [-3.5354057113776567, 50.723252871007496], [-3.5357742246226467, 50.72306191167832], [-3.535887792729233, 50.72302449716546], [-3.5366518440239387, 50.7229410370385], [-3.5367716944580505, 50.723076738857294], [-3.536493775757218, 50.723507953245395]]]}}, {"type": "Feature", "properties": {"type": "postcode-cell", "postcode": "EX4 3AJ", "postcodes": ["EX4 3AJ"]}, "geometry": {"type": "Polygon", "coordinates": [[[-3.5366276523030975, 50.72093060651844], [-3.5364047193991315, 50.720984461520914], [-3.53573680674677, 50.72094225660054], [-3.535610968815795, 50.72039848875247], [-3.535618897578108, 50.72038269483815], [-3.5356431986404275, 50.7203747962283], [-3.5363609020224067, 50.72043403662902], [-3.5366276523030975, 50.72093060651844]]]}}, {"type": "Feature", "properties": {"type": "postcode-cell", "postcode": "EX4 3HF", "postcodes": ["EX4 3HF"]}, "geometry": {"type": "Polygon", "coordinates": [[[-3.536720064004645, 50.72394091407683], [-3.5361297122518334, 50.72426019560077], [-3.5358421710695107, 50.72425955920733], [-3.5357491187083916, 50.72415611113413], [-3.5359876277885047, 50.72368635173971], [-3.536493775757218, 50.723507953245395], [-3.536720064004645, 50.72394091407683]]]}}, {"type": "Feature", "properties": {"type": "postcode-cell", "postcode": "EX4 3FN", "postcodes": ["EX4 3FN"]}, "geometry": {"type": "Polygon", "coordinates": [[[-3.5365178287936225, 50.72031385795599], [-3.5363609020224067, 50.72043403662902], [-3.5356431986404275, 50.7203747962283], [-3.5359027049229934, 50.72009622665418], [-3.535970157151974, 50.720089871055954], [-3.536473934718406, 50.72019697612494], [-3.5365178287936225, 50.72031385795599]]]}}, {"type": "Feature", "properties": {"type": "postcode-cell", "postcode": "EX4 3TE", "postcodes": ["EX4 3TE"]}, "geometry": {"type": "Polygon", "coordinates": [[[-3.5358100781134585, 50.72701166664044], [-3.534777770448175, 50.72655871210064], [-3.5350129482671804, 50.72629341199967], [-3.5358380962287805, 50.72656641371494], [-3.5358943361724386, 50.726790948852134], [-3.5358100781134585, 50.72701166664044]]]}}, {"type": "Feature", "properties": {"type": "postcode-cell", "postcode": "EX4 3RD", "postcodes": ["EX4 3RD"]}, "geometry": {"type": "Polygon", "coordinates": [[[-3.5358380962287805, 50.72656641371494], [-3.5350129482671804, 50.72629341199967], [-3.5346383792079146, 50.72568917517794], [-3.5347762980711965, 50.725518790470645], [-3.5361323135982228, 50.72620341798055], [-3.5358380962287805, 50.72656641371494]]]}}, {"type": "Feature", "properties": {"type": "postcode-cell", "postcode": "EX4 3EE", "postcodes": ["EX4 3EE"]}, "geometry": {"type": "Polygon", "coordinates": [[[-3.5367329282216327, 50.724623905534756], [-3.5354795895313025, 50.725160106241454], [-3.5352328684243632, 50.72513192593387], [-3.5358421710695107, 50.72425955920733], [-3.5361297122518334, 50.72426019560077], [-3.5367657593037114, 50.72455690329959], [-3.5367329282216327, 50.724623905534756]]]}}, {"type": "Feature", "properties": {"type": "postcode-cell", "postcode": "EX4 3BU", "postcodes": ["EX4 3BU"]}, "geometry": {"type": "Polygon", "coordinates": [[[-3.5363290658692437, 50.71996343164508], [-3.5360414124407447, 50.71983321547205], [-3.5360939244103706, 50.71980274768957], [-3.5365058398024036, 50.71990234865047], [-3.5364872797955234, 50.71994919928937], [-3.5363290658692437, 50.71996343164508]]]}}, {"type": "Feature", "properties": {"type": "postcode-cell", "postcode": "EX4 3DS", "postcodes": ["EX4 3DS"]}, "geometry": {"type": "Polygon", "coordinates": [[[-3.5365058398024036, 50.71990234865047], [-3.5360939244103706, 50.71980274768957], [-3.5363794535503876, 50.71952706075108], [-3.536654616662365, 50.719662960309165], [-3.5365058398024036, 50.71990234865047]]]}}, {"type": "Feature", "properties": {"type": "postcode-cell", "postcode": "EX4 3BN", "postcodes": ["EX4 3BN"]}, "geometry": {"type": "Polygon", "coordinates": [[[-3.5367647681337933, 50.722120415867785], [-3.5359326359107004, 50.722011588322374], [-3.535519866144844, 50.721829523063526], [-3.5354817360461026, 50.721766721511], [-3.5354814233189775, 50.72175669820263], [-3.535738809934105, 50.7214137656879], [-3.5362589636532458, 50.72143101738448], [-3.5367647681337933, 50.722120415867785]]]}}, {"type": "Feature", "properties": {"type": "postcode-cell", "postcode": "EX4 3AH", "postcodes": ["EX4 3AH"]}, "geometry": {"type": "Polygon", "coordinates": [[[-3.535970157151974, 50.720089871055954], [-3.5359027049229934, 50.72009622665418], [-3.5358973901309523, 50.72007410803348], [-3.536000779724243, 50.71984247421651], [-3.5360414124407447, 50.71983321547205], [-3.5363290658692437, 50.71996343164508], [-3.535970157151974, 50.720089871055954]]]}}, {"type": "Feature", "properties": {"type": "postcode-cell", "postcode": "EX4 3AD", "postcodes": ["EX4 3AD"]}, "geometry": {"type": "Polygon", "coordinates": [[[-3.5362589636532458, 50.72143101738448], [-3.535738809934105, 50.7214137656879], [-3.5356188913787356, 50.72100507929624], [-3.53573680674677, 50.72094225660054], [-3.5364047193991315, 50.720984461520914], [-3.5362589636532458, 50.72143101738448]]]}}, {"type": "Feature", "properties": {"type": "postcode-cell", "postcode": "EX4 3BH", "postcodes": ["EX4 3BH"]}, "geometry": {"type": "Polygon", "coordinates": [[[-3.5368768285963097, 50.722156765332294], [-3.5366883894888494, 50.722658516520504], [-3.535229788890633, 50.72251009905561], [-3.5359326359107004, 50.722011588322374], [-3.5367647681337933, 50.722120415867785], [-3.5368768285963097, 50.722156765332294]]]}}, {"type": "Feature", "properties": {"type": "postcode-cell", "postcode": "EX4 3FA", "postcodes": ["EX4 3FA"]}, "geometry": {"type": "Polygon", "coordinates": [[[-3.5359027049229934, 50.72009622665418], [-3.5356431986404275, 50.7203747962283], [-3.535618897578108, 50.72038269483815], [-3.535262422055851, 50.72017051409844], [-3.5354577343965654, 50.71982385331036], [-3.535561135434112, 50.719818958322485], [-3.5358973901309523, 50.72007410803348], [-3.5359027049229934, 50.72009622665418]]]}}, {"type": "Feature", "properties": {"type": "postcode-cell", "postcode": "EX2 4DX", "postcodes": ["EX2 4DX"]}, "geometry": {"type": "Polygon", "coordinates": [[[-3.5359784170203152, 50.718899740190686], [-3.5358644734374653, 50.71896364178662], [-3.534796713049133, 50.719037699398484], [-3.534704535186606, 50.71901210432658], [-3.5348713527105584, 50.718607487714806], [-3.5357293832510313, 50.71782941304375], [-3.5364354812186263, 50.71800539791215], [-3.537009607779494, 50.71824830134045], [-3.5359784170203152, 50.718899740190686]]]}}, {"type": "Feature", "properties": {"type": "postcode-cell", "postcode": "EX2 8AR", "postcodes": ["EX2 8AR"]}, "geometry": {"type": "Polygon", "coordinates": [[[-3.535430710872958, 50.71610888607313], [-3.5353196666632325, 50.716037946295735], [-3.5360141885133944, 50.71557728341017], [-3.536022841951908, 50.71603879427357], [-3.535430710872958, 50.71610888607313]]]}}, {"type": "Feature", "properties": {"type": "postcode-cell", "postcode": "EX4 3JW", "postcodes": ["EX4 3JW"]}, "geometry": {"type": "Polygon", "coordinates": [[[-3.5358973901309523, 50.72007410803348], [-3.535561135434112, 50.719818958322485], [-3.535776294141884, 50.71972165559536], [-3.536000779724243, 50.71984247421651], [-3.5358973901309523, 50.72007410803348]]]}}, {"type": "Feature", "properties": {"type": "postcode-cell", "postcode": "EX2 8BS", "postcodes": ["EX2 8BS", "EX2 8BT"]}, "geometry": {"type": "Polygon", "coordinates": [[[-3.536068749827097, 50.716488707530424], [-3.536310474905775, 50.716917226175646], [-3.5360109517602596, 50.71697576582138], [-3.534953745399085, 50.71675571424336], [-3.535548323919709, 50.71645020457413], [-3.536068749827097, 50.716488707530424]]]}}, {"type": "Feature", "properties": {"type": "postcode-cell", "postcode": "EX2 8BP", "postcodes": ["EX2 8BP"]}, "geometry": {"type": "Polygon", "coordinates": [[[-3.534953745399085, 50.71675571424336], [-3.534454929214056, 50.716854927262894], [-3.5344404117767296, 50.71680415518713], [-3.5348895406581433, 50.71609689334274], [-3.535246976576619, 50.71602043492845], [-3.5353196666632325, 50.716037946295735], [-3.535430710872958, 50.71610888607313], [-3.535548323919709, 50.71645020457413], [-3.534953745399085, 50.71675571424336]]]}}, {"type": "Feature", "properties": {"type": "postcode-cell", "postcode": "EX2 8BE", "postcodes": ["EX2 8BE"]}, "geometry": {"type": "Polygon", "coordinates": [[[-3.535362814949701, 50.71542538707556], [-3.534662593458643, 50.714976543167765], [-3.5346759542592974, 50.71495777585374], [-3.535823798787107, 50.71470305217139], [-3.5359999897557515, 50.714819994736615], [-3.5360105878132475, 50.71538524426215], [-3.535362814949701, 50.71542538707556]]]}}, {"type": "Feature", "properties": {"type": "postcode-cell", "postcode": "EX4 3AE", "postcodes": ["EX4 3AE"]}, "geometry": {"type": "Polygon", "coordinates": [[[-3.535738809934105, 50.7214137656879], [-3.5354814233189775, 50.72175669820263], [-3.5351549225669023, 50.721429895563155], [-3.5354181289131192, 50.72102850863341], [-3.5356188913787356, 50.72100507929624], [-3.535738809934105, 50.7214137656879]]]}}, {"type": "Feature", "properties": {"type": "postcode-cell", "postcode": "EX2 8DE", "postcodes": ["EX2 8DE"]}, "geometry": {"type": "Polygon", "coordinates": [[[-3.535182422498995, 50.717628986541506], [-3.5349930278571757, 50.717602025842005], [-3.5342211554902008, 50.7172775145618], [-3.53435864725901, 50.71699270383566], [-3.534454929214056, 50.716854927262894], [-3.534953745399085, 50.71675571424336], [-3.5360109517602596, 50.71697576582138], [-3.535182422498995, 50.717628986541506]]]}}, {"type": "Feature", "properties": {"type": "postcode-cell", "postcode": "EX4 3FP", "postcodes": ["EX4 3FP"]}, "geometry": {"type": "Polygon", "coordinates": [[[-3.5366518440239387, 50.7229410370385], [-3.535887792729233, 50.72302449716546], [-3.535211983813462, 50.72251628794745], [-3.535229788890633, 50.72251009905561], [-3.5366883894888494, 50.722658516520504], [-3.5366518440239387, 50.7229410370385]]]}}, {"type": "Feature", "properties": {"type": "postcode-cell", "postcode": "EX4 3HN", "postcodes": ["EX4 3HN"]}, "geometry": {"type": "Polygon", "coordinates": [[[-3.5357491187083916, 50.72415611113413], [-3.5354237690718207, 50.72405317850527], [-3.535275096846517, 50.72343513486107], [-3.5359876277885047, 50.72368635173971], [-3.5357491187083916, 50.72415611113413]]]}}, {"type": "Feature", "properties": {"type": "postcode-cell", "postcode": "EX4 3ET", "postcodes": ["EX4 3ET"]}, "geometry": {"type": "Polygon", "coordinates": [[[-3.5357491187083916, 50.72415611113413], [-3.5358421710695107, 50.72425955920733], [-3.5352328684243632, 50.72513192593387], [-3.535202447146746, 50.72513823885196], [-3.5347412348069818, 50.72413614420619], [-3.5349729379580914, 50.724048929558045], [-3.5354237690718207, 50.72405317850527], [-3.5357491187083916, 50.72415611113413]]]}}, {"type": "Feature", "properties": {"type": "postcode-cell", "postcode": "EX4 3AN", "postcodes": ["EX4 3AN"]}, "geometry": {"type": "Polygon", "coordinates": [[[-3.5356188913787356, 50.72100507929624], [-3.5354181289131192, 50.72102850863341], [-3.534983168265802, 50.720967894918225], [-3.53494111051154, 50.72094727902286], [-3.5349229882706807, 50.72092066548216], [-3.5348919715125793, 50.720619294298736], [-3.535610968815795, 50.72039848875247], [-3.53573680674677, 50.72094225660054], [-3.5356188913787356, 50.72100507929624]]]}}, {"type": "Feature", "properties": {"type": "postcode-cell", "postcode": "EX2 4DY", "postcodes": ["EX2 4DY"]}, "geometry": {"type": "Polygon", "coordinates": [[[-3.5357293832510313, 50.71782941304375], [-3.5348713527105584, 50.718607487714806], [-3.534933740359033, 50.717756458992774], [-3.5349930278571757, 50.717602025842005], [-3.535182422498995, 50.717628986541506], [-3.5357293832510313, 50.71782941304375]]]}}, {"type": "Feature", "properties": {"type": "postcode-cell", "postcode": "EX2 8AS", "postcodes": ["EX2 8AS"]}, "geometry": {"type": "Polygon", "coordinates": [[[-3.5353196666632325, 50.716037946295735], [-3.535246976576619, 50.71602043492845], [-3.5351308969311623, 50.715597806737165], [-3.535362814949701, 50.71542538707556], [-3.5360105878132475, 50.71538524426215], [-3.5360141885133944, 50.71557728341017], [-3.5353196666632325, 50.716037946295735]]]}}, {"type": "Feature", "properties": {"type": "postcode-cell", "postcode": "EX4 3BQ", "postcodes": ["EX4 3BQ"]}, "geometry": {"type": "Polygon", "coordinates": [[[-3.5359326359107004, 50.722011588322374], [-3.535229788890633, 50.72251009905561], [-3.535211983813462, 50.72251628794745], [-3.5348947129212265, 50.722535432183214], [-3.534815015342913, 50.722116458525264], [-3.535519866144844, 50.721829523063526], [-3.5359326359107004, 50.722011588322374]]]}}, {"type": "Feature", "properties": {"type": "postcode-cell", "postcode": "EX4 3JQ", "postcodes": ["EX4 3JQ"]}, "geometry": {"type": "Polygon", "coordinates": [[[-3.535610968815795, 50.72039848875247], [-3.5348919715125793, 50.720619294298736], [-3.5346973595477436, 50.72052323376638], [-3.5345310681113973, 50.72038848033876], [-3.5350922673537313, 50.720144005329786], [-3.535262422055851, 50.72017051409844], [-3.535618897578108, 50.72038269483815], [-3.535610968815795, 50.72039848875247]]]}}, {"type": "Feature", "properties": {"type": "postcode-cell", "postcode": "EX2 8BJ", "postcodes": ["EX2 8BJ"]}, "geometry": {"type": "Polygon", "coordinates": [[[-3.5351308969311623, 50.715597806737165], [-3.5343761064712154, 50.715679465541456], [-3.534357747129803, 50.715098210369256], [-3.534662593458643, 50.714976543167765], [-3.535362814949701, 50.71542538707556], [-3.5351308969311623, 50.715597806737165]]]}}, {"type": "Feature", "properties": {"type": "postcode-cell", "postcode": "EX4 3BG", "postcodes": ["EX4 3BG"]}, "geometry": {"type": "Polygon", "coordinates": [[[-3.5354057113776567, 50.723252871007496], [-3.534707103054253, 50.722664062798174], [-3.534724510285622, 50.72265545342731], [-3.5357742246226467, 50.72306191167832], [-3.5354057113776567, 50.723252871007496]]]}}, {"type": "Feature", "properties": {"type": "postcode-cell", "postcode": "EX4 3FQ", "postcodes": ["EX4 3FQ"]}, "geometry": {"type": "Polygon", "coordinates": [[[-3.5357742246226467, 50.72306191167832], [-3.534724510285622, 50.72265545342731], [-3.5348947129212265, 50.722535432183214], [-3.535211983813462, 50.72251628794745], [-3.535887792729233, 50.72302449716546], [-3.5357742246226467, 50.72306191167832]]]}}, {"type": "Feature", "properties": {"type": "postcode-cell", "postcode": "EX1 1BA", "postcodes": ["EX1 1BA"]}, "geometry": {"type": "Polygon", "coordinates": [[[-3.535262422055851, 50.72017051409844], [-3.5350922673537313, 50.720144005329786], [-3.534761572777466, 50.71984340262365], [-3.534897851062262, 50.719468334846404], [-3.5354577343965654, 50.71982385331036], [-3.535262422055851, 50.72017051409844]]]}}, {"type": "Feature", "properties": {"type": "postcode-cell", "postcode": "EX4 4JN", "postcodes": ["EX4 4JN"]}, "geometry": {"type": "Polygon", "coordinates": [[[-3.5337272716647665, 50.72700243738877], [-3.5341441510744036, 50.727008475714506], [-3.535288262662843, 50.72762848393078], [-3.5343699897486944, 50.7274999947466], [-3.5339215135509936, 50.72756077066574], [-3.5337272716647665, 50.72700243738877]]]}}, {"type": "Feature", "properties": {"type": "postcode-cell", "postcode": "EX4 3SP", "postcodes": ["EX4 3SP"]}, "geometry": {"type": "Polygon", "coordinates": [[[-3.5347762980711965, 50.725518790470645], [-3.5346383792079146, 50.72568917517794], [-3.5341975882467733, 50.725878544500226], [-3.5331064193866566, 50.7256728039109], [-3.5330863262173566, 50.725339728289505], [-3.5330976641034892, 50.7253322220849], [-3.53484806788395, 50.72530864159537], [-3.5347762980711965, 50.725518790470645]]]}}, {"type": "Feature", "properties": {"type": "postcode-cell", "postcode": "EX2 8BN", "postcodes": ["EX2 8BN"]}, "geometry": {"type": "Polygon", "coordinates": [[[-3.535246976576619, 50.71602043492845], [-3.5348895406581433, 50.71609689334274], [-3.5343098402070314, 50.71574311362859], [-3.5343761064712154, 50.715679465541456], [-3.5351308969311623, 50.715597806737165], [-3.535246976576619, 50.71602043492845]]]}}, {"type": "Feature", "properties": {"type": "postcode-cell", "postcode": "EX2 8EP", "postcodes": ["EX2 8EP"]}, "geometry": {"type": "Polygon", "coordinates": [[[-3.533227780169838, 50.7141923858116], [-3.5329807845838928, 50.71373832837822], [-3.5337800268883615, 50.71334648441588], [-3.5342640791932216, 50.71366778793054], [-3.533227780169838, 50.7141923858116]]]}}, {"type": "Feature", "properties": {"type": "postcode-cell", "postcode": "EX4 3RB", "postcodes": ["EX4 3RB"]}, "geometry": {"type": "Polygon", "coordinates": [[[-3.535275096846517, 50.72343513486107], [-3.5354237690718207, 50.72405317850527], [-3.5349729379580914, 50.724048929558045], [-3.534834179141152, 50.723447226123255], [-3.535242736713221, 50.72341004592565], [-3.535275096846517, 50.72343513486107]]]}}, {"type": "Feature", "properties": {"type": "postcode-cell", "postcode": "EX4 3BL", "postcodes": ["EX4 3BL"]}, "geometry": {"type": "Polygon", "coordinates": [[[-3.535519866144844, 50.721829523063526], [-3.534815015342913, 50.722116458525264], [-3.5342715872385355, 50.72189891733496], [-3.534599436061655, 50.721644590824425], [-3.5354817360461026, 50.721766721511], [-3.535519866144844, 50.721829523063526]]]}}, {"type": "Feature", "properties": {"type": "postcode-cell", "postcode": "EX4 3AP", "postcodes": ["EX4 3AP"]}, "geometry": {"type": "Polygon", "coordinates": [[[-3.5354817360461026, 50.721766721511], [-3.534599436061655, 50.721644590824425], [-3.5346351682435007, 50.72142668539308], [-3.534753442492371, 50.721387201955146], [-3.5351549225669023, 50.721429895563155], [-3.5354814233189775, 50.72175669820263], [-3.5354817360461026, 50.721766721511]]]}}, {"type": "Feature", "properties": {"type": "postcode-cell", "postcode": "EX2 4DZ", "postcodes": ["EX2 4DZ"]}, "geometry": {"type": "Polygon", "coordinates": [[[-3.534704535186606, 50.71901210432658], [-3.5344229849600284, 50.718987689871916], [-3.534312533330733, 50.718436399147244], [-3.534933740359033, 50.717756458992774], [-3.5348713527105584, 50.718607487714806], [-3.534704535186606, 50.71901210432658]]]}}, {"type": "Feature", "properties": {"type": "postcode-cell", "postcode": "EX4 3AR", "postcodes": ["EX4 3AR"]}, "geometry": {"type": "Polygon", "coordinates": [[[-3.5351549225669023, 50.721429895563155], [-3.534753442492371, 50.721387201955146], [-3.534983168265802, 50.720967894918225], [-3.5354181289131192, 50.72102850863341], [-3.5351549225669023, 50.721429895563155]]]}}, {"type": "Feature", "properties": {"type": "postcode-cell", "postcode": "EX2 4EA", "postcodes": ["EX2 4EA"]}, "geometry": {"type": "Polygon", "coordinates": [[[-3.534933740359033, 50.717756458992774], [-3.534312533330733, 50.718436399147244], [-3.5339842394966654, 50.71798405814545], [-3.533829336193444, 50.717393238910724], [-3.5342211554902008, 50.7172775145618], [-3.5349930278571757, 50.717602025842005], [-3.534933740359033, 50.717756458992774]]]}}, {"type": "Feature", "properties": {"type": "postcode-cell", "postcode": "EX1 1BB", "postcodes": ["EX1 1BB"]}, "geometry": {"type": "Polygon", "coordinates": [[[-3.534796713049133, 50.719037699398484], [-3.534897851062262, 50.719468334846404], [-3.534761572777466, 50.71984340262365], [-3.534324096167572, 50.720015119409766], [-3.534136830762824, 50.71997828600867], [-3.533938562232285, 50.719779027878424], [-3.533712378828237, 50.71922277674363], [-3.5339661670063216, 50.7190466085703], [-3.5344229849600284, 50.718987689871916], [-3.534704535186606, 50.71901210432658], [-3.534796713049133, 50.719037699398484]]]}}, {"type": "Feature", "properties": {"type": "postcode-cell", "postcode": "EX4 3AZ", "postcodes": ["EX4 3AZ"]}, "geometry": {"type": "Polygon", "coordinates": [[[-3.534707103054253, 50.722664062798174], [-3.5346725179938674, 50.722674088257655], [-3.5341232763920805, 50.72237119162408], [-3.5339493332099043, 50.721965049873475], [-3.5339510158274967, 50.721944306304806], [-3.5340433476092286, 50.721915551575485], [-3.5342715872385355, 50.72189891733496], [-3.534815015342913, 50.722116458525264], [-3.5348947129212265, 50.722535432183214], [-3.534724510285622, 50.72265545342731], [-3.534707103054253, 50.722664062798174]]]}}, {"type": "Feature", "properties": {"type": "postcode-cell", "postcode": "EX2 8DB", "postcodes": ["EX2 8DB"]}, "geometry": {"type": "Polygon", "coordinates": [[[-3.534454929214056, 50.716854927262894], [-3.53435864725901, 50.71699270383566], [-3.5331266139043196, 50.71643150782239], [-3.533091638839586, 50.716298956178356], [-3.5336665632941, 50.71622679471935], [-3.5342433519471776, 50.7165872619956], [-3.5344404117767296, 50.71680415518713], [-3.534454929214056, 50.716854927262894]]]}}, {"type": "Feature", "properties": {"type": "postcode-cell", "postcode": "EX4 3BB", "postcodes": ["EX4 3BB"]}, "geometry": {"type": "Polygon", "coordinates": [[[-3.5354057113776567, 50.723252871007496], [-3.535242736713221, 50.72341004592565], [-3.534834179141152, 50.723447226123255], [-3.5343484473842377, 50.72337518397664], [-3.534358348833414, 50.722922893681115], [-3.5346725179938674, 50.722674088257655], [-3.534707103054253, 50.722664062798174], [-3.5354057113776567, 50.723252871007496]]]}}, {"type": "Feature", "properties": {"type": "postcode-cell", "postcode": "EX4 3EA", "postcodes": ["EX4 3EA"]}, "geometry": {"type": "Polygon", "coordinates": [[[-3.5349729379580914, 50.724048929558045], [-3.5347412348069818, 50.72413614420619], [-3.534568398450823, 50.72411963781033], [-3.533938017067801, 50.7238745779331], [-3.5340543791736634, 50.723519689171106], [-3.5343484473842377, 50.72337518397664], [-3.534834179141152, 50.723447226123255], [-3.5349729379580914, 50.724048929558045]]]}}, {"type": "Feature", "properties": {"type": "postcode-cell", "postcode": "EX4 3ES", "postcodes": ["EX4 3ES"]}, "geometry": {"type": "Polygon", "coordinates": [[[-3.534880746501819, 50.725262654778916], [-3.5340778615492194, 50.72480412168062], [-3.534568398450823, 50.72411963781033], [-3.5347412348069818, 50.72413614420619], [-3.535202447146746, 50.72513823885196], [-3.534880746501819, 50.725262654778916]]]}}, {"type": "Feature", "properties": {"type": "postcode-cell", "postcode": "EX4 3DR", "postcodes": ["EX4 3DR"]}, "geometry": {"type": "Polygon", "coordinates": [[[-3.534753442492371, 50.721387201955146], [-3.5346351682435007, 50.72142668539308], [-3.534429821220551, 50.721332835504775], [-3.534460007394982, 50.721187648668156], [-3.5345363347558783, 50.72105622697199], [-3.53494111051154, 50.72094727902286], [-3.534983168265802, 50.720967894918225], [-3.534753442492371, 50.721387201955146]]]}}, {"type": "Feature", "properties": {"type": "postcode-cell", "postcode": "EX2 8BW", "postcodes": ["EX2 8BW"]}, "geometry": {"type": "Polygon", "coordinates": [[[-3.5344404117767296, 50.71680415518713], [-3.5342433519471776, 50.7165872619956], [-3.534304374420255, 50.71574485008351], [-3.5343098402070314, 50.71574311362859], [-3.5348895406581433, 50.71609689334274], [-3.5344404117767296, 50.71680415518713]]]}}, {"type": "Feature", "properties": {"type": "postcode-cell", "postcode": "EX2 8BQ", "postcodes": ["EX2 8BQ"]}, "geometry": {"type": "Polygon", "coordinates": [[[-3.534357747129803, 50.715098210369256], [-3.5340188143196793, 50.71506770394843], [-3.533609655395727, 50.71447025274351], [-3.5345135904211604, 50.714327216362314], [-3.5346759542592974, 50.71495777585374], [-3.534662593458643, 50.714976543167765], [-3.534357747129803, 50.715098210369256]]]}}, {"type": "Feature", "properties": {"type": "postcode-cell", "postcode": "EX1 1BG", "postcodes": ["EX1 1BG"]}, "geometry": {"type": "Polygon", "coordinates": [[[-3.5349229882706807, 50.72092066548216], [-3.534406826334556, 50.72079770219001], [-3.5346973595477436, 50.72052323376638], [-3.5348919715125793, 50.720619294298736], [-3.5349229882706807, 50.72092066548216]]]}}, {"type": "Feature", "properties": {"type": "postcode-cell", "postcode": "EX4 3SJ", "postcodes": ["EX4 3SJ"]}, "geometry": {"type": "Polygon", "coordinates": [[[-3.5350129482671804, 50.72629341199967], [-3.534777770448175, 50.72655871210064], [-3.534607829297021, 50.72666792231107], [-3.533776462549755, 50.72632035791026], [-3.5341975882467733, 50.725878544500226], [-3.5346383792079146, 50.72568917517794], [-3.5350129482671804, 50.72629341199967]]]}}, {"type": "Feature", "properties": {"type": "postcode-cell", "postcode": "EX1 1BD", "postcodes": ["EX1 1BD"]}, "geometry": {"type": "Polygon", "coordinates": [[[-3.5350922673537313, 50.720144005329786], [-3.5345310681113973, 50.72038848033876], [-3.534511930679109, 50.72038504351765], [-3.534324096167572, 50.720015119409766], [-3.534761572777466, 50.71984340262365], [-3.5350922673537313, 50.720144005329786]]]}}, {"type": "Feature", "properties": {"type": "postcode-cell", "postcode": "EX4 4JH", "postcodes": ["EX4 4JH"]}, "geometry": {"type": "Polygon", "coordinates": [[[-3.5328378855618356, 50.726717044482825], [-3.532953010958735, 50.72671007969564], [-3.5337272716647665, 50.72700243738877], [-3.5339215135509936, 50.72756077066574], [-3.5332071133662266, 50.72765757979124], [-3.5328378855618356, 50.726717044482825]]]}}, {"type": "Feature", "properties": {"type": "postcode-cell", "postcode": "EX1 1AT", "postcodes": ["EX1 1AT"]}, "geometry": {"type": "Polygon", "coordinates": [[[-3.5346973595477436, 50.72052323376638], [-3.534406826334556, 50.72079770219001], [-3.534168900756589, 50.72081196501721], [-3.534116102941563, 50.72057464726532], [-3.5343327000846605, 50.72043557111674], [-3.534511930679109, 50.72038504351765], [-3.5345310681113973, 50.72038848033876], [-3.5346973595477436, 50.72052323376638]]]}}, {"type": "Feature", "properties": {"type": "postcode-cell", "postcode": "EX4 3JE", "postcodes": ["EX4 3JE"]}, "geometry": {"type": "Polygon", "coordinates": [[[-3.534429821220551, 50.721332835504775], [-3.534173557720966, 50.72133226024939], [-3.533869724157808, 50.721018415744865], [-3.5339259984966183, 50.72099584459505], [-3.534460007394982, 50.721187648668156], [-3.534429821220551, 50.721332835504775]]]}}, {"type": "Feature", "properties": {"type": "postcode-cell", "postcode": "EX4 3JF", "postcodes": ["EX4 3JF"]}, "geometry": {"type": "Polygon", "coordinates": [[[-3.53494111051154, 50.72094727902286], [-3.5345363347558783, 50.72105622697199], [-3.534090047948439, 50.72091498717609], [-3.534168900756589, 50.72081196501721], [-3.534406826334556, 50.72079770219001], [-3.5349229882706807, 50.72092066548216], [-3.53494111051154, 50.72094727902286]]]}}, {"type": "Feature", "properties": {"type": "postcode-cell", "postcode": "EX2 8BH", "postcodes": ["EX2 8BH"]}, "geometry": {"type": "Polygon", "coordinates": [[[-3.534304374420255, 50.71574485008351], [-3.5337871200371778, 50.715786426024], [-3.53351536244323, 50.715679253749386], [-3.5332350735071176, 50.71528163596726], [-3.5340188143196793, 50.71506770394843], [-3.534357747129803, 50.715098210369256], [-3.5343761064712154, 50.715679465541456], [-3.5343098402070314, 50.71574311362859], [-3.534304374420255, 50.71574485008351]]]}}, {"type": "Feature", "properties": {"type": "postcode-cell", "postcode": "EX1 1BL", "postcodes": ["EX1 1BL"]}, "geometry": {"type": "Polygon", "coordinates": [[[-3.534460007394982, 50.721187648668156], [-3.5339259984966183, 50.72099584459505], [-3.534090047948439, 50.72091498717609], [-3.5345363347558783, 50.72105622697199], [-3.534460007394982, 50.721187648668156]]]}}, {"type": "Feature", "properties": {"type": "postcode-cell", "postcode": "EX4 3AT", "postcodes": ["EX4 3AT"]}, "geometry": {"type": "Polygon", "coordinates": [[[-3.5346351682435007, 50.72142668539308], [-3.534599436061655, 50.721644590824425], [-3.5342715872385355, 50.72189891733496], [-3.5340433476092286, 50.721915551575485], [-3.5340512925739147, 50.721431044705675], [-3.534173557720966, 50.72133226024939], [-3.534429821220551, 50.721332835504775], [-3.5346351682435007, 50.72142668539308]]]}}, {"type": "Feature", "properties": {"type": "postcode-cell", "postcode": "EX2 8BL", "postcodes": ["EX2 8BL"]}, "geometry": {"type": "Polygon", "coordinates": [[[-3.5342433519471776, 50.7165872619956], [-3.5336665632941, 50.71622679471935], [-3.5337871200371778, 50.715786426024], [-3.534304374420255, 50.71574485008351], [-3.5342433519471776, 50.7165872619956]]]}}, {"type": "Feature", "properties": {"type": "postcode-cell", "postcode": "EX4 3EX", "postcodes": ["EX4 3EX"]}, "geometry": {"type": "Polygon", "coordinates": [[[-3.534358348833414, 50.722922893681115], [-3.533578888235344, 50.722738370763665], [-3.5335433573776527, 50.72264633163964], [-3.5341232763920805, 50.72237119162408], [-3.5346725179938674, 50.722674088257655], [-3.534358348833414, 50.722922893681115]]]}}, {"type": "Feature", "properties": {"type": "postcode-cell", "postcode": "EX4 3ER", "postcodes": ["EX4 3ER"]}, "geometry": {"type": "Polygon", "coordinates": [[[-3.534568398450823, 50.72411963781033], [-3.5340778615492194, 50.72480412168062], [-3.5338425420941855, 50.72472282016301], [-3.5336251653229973, 50.72422902735079], [-3.533771982490555, 50.7239699932442], [-3.533938017067801, 50.7238745779331], [-3.534568398450823, 50.72411963781033]]]}}, {"type": "Feature", "properties": {"type": "postcode-cell", "postcode": "EX4 4HG", "postcodes": ["EX4 4HG"]}, "geometry": {"type": "Polygon", "coordinates": [[[-3.5319397245952415, 50.72658215016197], [-3.5328378855618356, 50.726717044482825], [-3.5332071133662266, 50.72765757979124], [-3.532324814836883, 50.72777713442256], [-3.5319397245952415, 50.72658215016197]]]}}, {"type": "Feature", "properties": {"type": "postcode-cell", "postcode": "EX1 1BE", "postcodes": ["EX1 1BE"]}, "geometry": {"type": "Polygon", "coordinates": [[[-3.5343327000846605, 50.72043557111674], [-3.533816383198039, 50.72019899663655], [-3.534136830762824, 50.71997828600867], [-3.534324096167572, 50.720015119409766], [-3.534511930679109, 50.72038504351765], [-3.5343327000846605, 50.72043557111674]]]}}, {"type": "Feature", "properties": {"type": "postcode-cell", "postcode": "EX2 4EB", "postcodes": ["EX2 4EB"]}, "geometry": {"type": "Polygon", "coordinates": [[[-3.5344229849600284, 50.718987689871916], [-3.5339661670063216, 50.7190466085703], [-3.533684979895047, 50.71883751830979], [-3.5335634877989177, 50.71848191244218], [-3.5339842394966654, 50.71798405814545], [-3.534312533330733, 50.718436399147244], [-3.5344229849600284, 50.718987689871916]]]}}, {"type": "Feature", "properties": {"type": "postcode-cell", "postcode": "EX1 1BN", "postcodes": ["EX1 1BN"]}, "geometry": {"type": "Polygon", "coordinates": [[[-3.534090047948439, 50.72091498717609], [-3.5339259984966183, 50.72099584459505], [-3.533869724157808, 50.721018415744865], [-3.5335843995367813, 50.72102234635418], [-3.5334321492849923, 50.720945856154], [-3.5334511395612003, 50.72069851855461], [-3.533887576880097, 50.72054796134261], [-3.534116102941563, 50.72057464726532], [-3.534168900756589, 50.72081196501721], [-3.534090047948439, 50.72091498717609]]]}}, {"type": "Feature", "properties": {"type": "postcode-cell", "postcode": "EX4 3TL", "postcodes": ["EX4 3TL"]}, "geometry": {"type": "Polygon", "coordinates": [[[-3.5346030464549743, 50.72671456512379], [-3.5341441510744036, 50.727008475714506], [-3.5337272716647665, 50.72700243738877], [-3.532953010958735, 50.72671007969564], [-3.533776462549755, 50.72632035791026], [-3.534607829297021, 50.72666792231107], [-3.5346030464549743, 50.72671456512379]]]}}, {"type": "Feature", "properties": {"type": "postcode-cell", "postcode": "EX4 3QS", "postcodes": ["EX4 3QS"]}, "geometry": {"type": "Polygon", "coordinates": [[[-3.5343484473842377, 50.72337518397664], [-3.5340543791736634, 50.723519689171106], [-3.533153016240653, 50.72324003021652], [-3.5331722398485934, 50.723161968507604], [-3.5332950903142963, 50.72296605242371], [-3.533578888235344, 50.722738370763665], [-3.534358348833414, 50.722922893681115], [-3.5343484473842377, 50.72337518397664]]]}}, {"type": "Feature", "properties": {"type": "postcode-cell", "postcode": "EX1 1DF", "postcodes": ["EX1 1DF"]}, "geometry": {"type": "Polygon", "coordinates": [[[-3.533816383198039, 50.72019899663655], [-3.5336772750769647, 50.72023116193285], [-3.533376764611058, 50.7201568148707], [-3.533379870715533, 50.720122680711604], [-3.533938562232285, 50.719779027878424], [-3.534136830762824, 50.71997828600867], [-3.533816383198039, 50.72019899663655]]]}}, {"type": "Feature", "properties": {"type": "postcode-cell", "postcode": "EX2 8ER", "postcodes": ["EX2 8ER"]}, "geometry": {"type": "Polygon", "coordinates": [[[-3.5340188143196793, 50.71506770394843], [-3.5332350735071176, 50.71528163596726], [-3.532705163974775, 50.71512888710347], [-3.5332185113708965, 50.7144033173293], [-3.533609655395727, 50.71447025274351], [-3.5340188143196793, 50.71506770394843]]]}}, {"type": "Feature", "properties": {"type": "postcode-cell", "postcode": "EX1 1BJ", "postcodes": ["EX1 1BJ"]}, "geometry": {"type": "Polygon", "coordinates": [[[-3.534116102941563, 50.72057464726532], [-3.533887576880097, 50.72054796134261], [-3.5336900292052826, 50.720278125865455], [-3.5336772750769647, 50.72023116193285], [-3.533816383198039, 50.72019899663655], [-3.5343327000846605, 50.72043557111674], [-3.534116102941563, 50.72057464726532]]]}}, {"type": "Feature", "properties": {"type": "postcode-cell", "postcode": "EX2 4ED", "postcodes": ["EX2 4ED"]}, "geometry": {"type": "Polygon", "coordinates": [[[-3.5339842394966654, 50.71798405814545], [-3.5335634877989177, 50.71848191244218], [-3.5330966091604132, 50.71796100237841], [-3.5328890075325456, 50.71763072189302], [-3.5329607031036554, 50.71755785159989], [-3.5332948758796903, 50.71743703068991], [-3.533829336193444, 50.717393238910724], [-3.5339842394966654, 50.71798405814545]]]}}, {"type": "Feature", "properties": {"type": "postcode-cell", "postcode": "EX4 3EL", "postcodes": ["EX4 3EL"]}, "geometry": {"type": "Polygon", "coordinates": [[[-3.53484806788395, 50.72530864159537], [-3.5330976641034892, 50.7253322220849], [-3.5332340744819883, 50.724849786151864], [-3.5338425420941855, 50.72472282016301], [-3.5340778615492194, 50.72480412168062], [-3.534880746501819, 50.725262654778916], [-3.53484806788395, 50.72530864159537]]]}}, {"type": "Feature", "properties": {"type": "postcode-cell", "postcode": "EX4 3JB", "postcodes": ["EX4 3JB"]}, "geometry": {"type": "Polygon", "coordinates": [[[-3.534173557720966, 50.72133226024939], [-3.5340512925739147, 50.721431044705675], [-3.5335150332051626, 50.72137538272999], [-3.5335843995367813, 50.72102234635418], [-3.533869724157808, 50.721018415744865], [-3.534173557720966, 50.72133226024939]]]}}, {"type": "Feature", "properties": {"type": "postcode-cell", "postcode": "EX4 3HY", "postcodes": ["EX4 3HY"]}, "geometry": {"type": "Polygon", "coordinates": [[[-3.5340433476092286, 50.721915551575485], [-3.5339510158274967, 50.721944306304806], [-3.5337491598835524, 50.72190141993685], [-3.533313821432984, 50.72157841118507], [-3.5335150332051626, 50.72137538272999], [-3.5340512925739147, 50.721431044705675], [-3.5340433476092286, 50.721915551575485]]]}}, {"type": "Feature", "properties": {"type": "postcode-cell", "postcode": "EX2 8ES", "postcodes": ["EX2 8ES"]}, "geometry": {"type": "Polygon", "coordinates": [[[-3.533227780169838, 50.7141923858116], [-3.5342640791932216, 50.71366778793054], [-3.5348066244225858, 50.714027910086045], [-3.5345135904211604, 50.714327216362314], [-3.533609655395727, 50.71447025274351], [-3.5332185113708965, 50.7144033173293], [-3.5331864743495123, 50.714361406767196], [-3.533227780169838, 50.7141923858116]]]}}, {"type": "Feature", "properties": {"type": "postcode-cell", "postcode": "EX2 8EJ", "postcodes": ["EX2 8EJ"]}, "geometry": {"type": "Polygon", "coordinates": [[[-3.5331864743495123, 50.714361406767196], [-3.5322257562341464, 50.71422505802542], [-3.532359867931171, 50.71386793102135], [-3.5327134563346543, 50.7136770377918], [-3.5329807845838928, 50.71373832837822], [-3.533227780169838, 50.7141923858116], [-3.5331864743495123, 50.714361406767196]]]}}, {"type": "Feature", "properties": {"type": "postcode-cell", "postcode": "EX4 3BA", "postcodes": ["EX4 3BA"]}, "geometry": {"type": "Polygon", "coordinates": [[[-3.5335433573776527, 50.72264633163964], [-3.5334085293139923, 50.72252788388937], [-3.5339493332099043, 50.721965049873475], [-3.5341232763920805, 50.72237119162408], [-3.5335433573776527, 50.72264633163964]]]}}, {"type": "Feature", "properties": {"type": "postcode-cell", "postcode": "EX2 8PP", "postcodes": ["EX2 8PP"]}, "geometry": {"type": "Polygon", "coordinates": [[[-3.5336665632941, 50.71622679471935], [-3.533091638839586, 50.716298956178356], [-3.5326561641512835, 50.71612110455751], [-3.53351536244323, 50.715679253749386], [-3.5337871200371778, 50.715786426024], [-3.5336665632941, 50.71622679471935]]]}}, {"type": "Feature", "properties": {"type": "postcode-cell", "postcode": "EX4 3SB", "postcodes": ["EX4 3SB"]}, "geometry": {"type": "Polygon", "coordinates": [[[-3.532953010958735, 50.72671007969564], [-3.5328378855618356, 50.726717044482825], [-3.5319397245952415, 50.72658215016197], [-3.5317334739860535, 50.72650764298406], [-3.5331064193866566, 50.7256728039109], [-3.5341975882467733, 50.725878544500226], [-3.533776462549755, 50.72632035791026], [-3.532953010958735, 50.72671007969564]]]}}, {"type": "Feature", "properties": {"type": "postcode-cell", "postcode": "EX1 1BH", "postcodes": ["EX1 1BH"]}, "geometry": {"type": "Polygon", "coordinates": [[[-3.533887576880097, 50.72054796134261], [-3.5334511395612003, 50.72069851855461], [-3.533406132505451, 50.7206525501373], [-3.5336900292052826, 50.720278125865455], [-3.533887576880097, 50.72054796134261]]]}}, {"type": "Feature", "properties": {"type": "postcode-cell", "postcode": "EX1 1DJ", "postcodes": ["EX1 1DJ"]}, "geometry": {"type": "Polygon", "coordinates": [[[-3.5334511395612003, 50.72069851855461], [-3.5334321492849923, 50.720945856154], [-3.5330073365705013, 50.72099080966338], [-3.5327506698905924, 50.72094640134818], [-3.532653676786468, 50.72075350663065], [-3.5329383018009954, 50.720532623982805], [-3.5331650129666876, 50.720496236084536], [-3.533406132505451, 50.7206525501373], [-3.5334511395612003, 50.72069851855461]]]}}, {"type": "Feature", "properties": {"type": "postcode-cell", "postcode": "EX1 1DU", "postcodes": ["EX1 1DU"]}, "geometry": {"type": "Polygon", "coordinates": [[[-3.533938562232285, 50.719779027878424], [-3.533379870715533, 50.720122680711604], [-3.533115231677768, 50.71947429794698], [-3.53321694364781, 50.719372916813086], [-3.533712378828237, 50.71922277674363], [-3.533938562232285, 50.719779027878424]]]}}, {"type": "Feature", "properties": {"type": "postcode-cell", "postcode": "EX1 1DT", "postcodes": ["EX1 1DT"]}, "geometry": {"type": "Polygon", "coordinates": [[[-3.5335150332051626, 50.72137538272999], [-3.533313821432984, 50.72157841118507], [-3.5329924540690962, 50.72156504989489], [-3.5330073365705013, 50.72099080966338], [-3.5334321492849923, 50.720945856154], [-3.5335843995367813, 50.72102234635418], [-3.5335150332051626, 50.72137538272999]]]}}, {"type": "Feature", "properties": {"type": "postcode-cell", "postcode": "EX4 3HH", "postcodes": ["EX4 3HH"]}, "geometry": {"type": "Polygon", "coordinates": [[[-3.533938017067801, 50.7238745779331], [-3.533771982490555, 50.7239699932442], [-3.533132327100362, 50.723843976251594], [-3.532915485057342, 50.72331845075143], [-3.533153016240653, 50.72324003021652], [-3.5340543791736634, 50.723519689171106], [-3.533938017067801, 50.7238745779331]]]}}, {"type": "Feature", "properties": {"type": "postcode-cell", "postcode": "EX2 4AD", "postcodes": ["EX2 4AD"]}, "geometry": {"type": "Polygon", "coordinates": [[[-3.5339661670063216, 50.7190466085703], [-3.533712378828237, 50.71922277674363], [-3.53321694364781, 50.719372916813086], [-3.5325245381957564, 50.71911537832367], [-3.5326881776783283, 50.718598549075274], [-3.5330413610694045, 50.71864755160486], [-3.533684979895047, 50.71883751830979], [-3.5339661670063216, 50.7190466085703]]]}}, {"type": "Feature", "properties": {"type": "postcode-cell", "postcode": "EX2 8DA", "postcodes": ["EX2 8DA"]}, "geometry": {"type": "Polygon", "coordinates": [[[-3.5342211554902008, 50.7172775145618], [-3.533829336193444, 50.717393238910724], [-3.5332948758796903, 50.71743703068991], [-3.5329629643525444, 50.71688787862598], [-3.5331266139043196, 50.71643150782239], [-3.53435864725901, 50.71699270383566], [-3.5342211554902008, 50.7172775145618]]]}}, {"type": "Feature", "properties": {"type": "postcode-cell", "postcode": "EX1 1BQ", "postcodes": ["EX1 1BQ"]}, "geometry": {"type": "Polygon", "coordinates": [[[-3.5336900292052826, 50.720278125865455], [-3.533406132505451, 50.7206525501373], [-3.5331650129666876, 50.720496236084536], [-3.533254867312895, 50.72020704776111], [-3.533376764611058, 50.7201568148707], [-3.5336772750769647, 50.72023116193285], [-3.5336900292052826, 50.720278125865455]]]}}, {"type": "Feature", "properties": {"type": "postcode-cell", "postcode": "EX4 3AX", "postcodes": ["EX4 3AX"]}, "geometry": {"type": "Polygon", "coordinates": [[[-3.5339493332099043, 50.721965049873475], [-3.5334085293139923, 50.72252788388937], [-3.5330261114929553, 50.722408066692445], [-3.533083175887542, 50.72213435701569], [-3.5337491598835524, 50.72190141993685], [-3.5339510158274967, 50.721944306304806], [-3.5339493332099043, 50.721965049873475]]]}}, {"type": "Feature", "properties": {"type": "postcode-cell", "postcode": "EX2 8DL", "postcodes": ["EX2 8DL"]}, "geometry": {"type": "Polygon", "coordinates": [[[-3.533091638839586, 50.716298956178356], [-3.5331266139043196, 50.71643150782239], [-3.5329629643525444, 50.71688787862598], [-3.5324129279999483, 50.71659506080736], [-3.532256433838196, 50.71609675481416], [-3.5326561641512835, 50.71612110455751], [-3.533091638839586, 50.716298956178356]]]}}, {"type": "Feature", "properties": {"type": "postcode-cell", "postcode": "EX2 8EN", "postcodes": ["EX2 8EN"]}, "geometry": {"type": "Polygon", "coordinates": [[[-3.5329807845838928, 50.71373832837822], [-3.5327134563346543, 50.7136770377918], [-3.532370958307149, 50.71324865527326], [-3.5324793960205088, 50.713107030039595], [-3.5328380460337696, 50.71292190138603], [-3.5337099897550197, 50.71329999473546], [-3.5337800268883615, 50.71334648441588], [-3.5329807845838928, 50.71373832837822]]]}}, {"type": "Feature", "properties": {"type": "postcode-cell", "postcode": "EX4 3FR", "postcodes": ["EX4 3FR"]}, "geometry": {"type": "Polygon", "coordinates": [[[-3.533578888235344, 50.722738370763665], [-3.5332950903142963, 50.72296605242371], [-3.5325790097366054, 50.722533235022134], [-3.5330261114929553, 50.722408066692445], [-3.5334085293139923, 50.72252788388937], [-3.5335433573776527, 50.72264633163964], [-3.533578888235344, 50.722738370763665]]]}}, {"type": "Feature", "properties": {"type": "postcode-cell", "postcode": "EX2 4EE", "postcodes": ["EX2 4EE"]}, "geometry": {"type": "Polygon", "coordinates": [[[-3.5335634877989177, 50.71848191244218], [-3.533684979895047, 50.71883751830979], [-3.5330413610694045, 50.71864755160486], [-3.5330966091604132, 50.71796100237841], [-3.5335634877989177, 50.71848191244218]]]}}, {"type": "Feature", "properties": {"type": "postcode-cell", "postcode": "EX2 8EU", "postcodes": ["EX2 8EU"]}, "geometry": {"type": "Polygon", "coordinates": [[[-3.53351536244323, 50.715679253749386], [-3.5326561641512835, 50.71612110455751], [-3.532256433838196, 50.71609675481416], [-3.531644418924256, 50.715857623028036], [-3.5315824272079945, 50.715757215273285], [-3.531877148544417, 50.71544825388758], [-3.5326499702710787, 50.715138011851494], [-3.532705163974775, 50.71512888710347], [-3.5332350735071176, 50.71528163596726], [-3.53351536244323, 50.715679253749386]]]}}, {"type": "Feature", "properties": {"type": "postcode-cell", "postcode": "EX1 1DG", "postcodes": ["EX1 1DG"]}, "geometry": {"type": "Polygon", "coordinates": [[[-3.533379870715533, 50.720122680711604], [-3.533376764611058, 50.7201568148707], [-3.533254867312895, 50.72020704776111], [-3.5327866704510735, 50.72014075469028], [-3.5325436819372773, 50.71975163533637], [-3.533115231677768, 50.71947429794698], [-3.533379870715533, 50.720122680711604]]]}}, {"type": "Feature", "properties": {"type": "postcode-cell", "postcode": "EX4 3SH", "postcodes": ["EX4 3SH"]}, "geometry": {"type": "Polygon", "coordinates": [[[-3.5330863262173566, 50.725339728289505], [-3.532991459850605, 50.72532803802352], [-3.532350806199774, 50.72501923138197], [-3.5325532196766436, 50.72476249605318], [-3.5327559061493163, 50.72472020266588], [-3.5332340744819883, 50.724849786151864], [-3.5330976641034892, 50.7253322220849], [-3.5330863262173566, 50.725339728289505]]]}}, {"type": "Feature", "properties": {"type": "postcode-cell", "postcode": "EX4 3HX", "postcodes": ["EX4 3HX"]}, "geometry": {"type": "Polygon", "coordinates": [[[-3.5337491598835524, 50.72190141993685], [-3.533083175887542, 50.72213435701569], [-3.5327017307639204, 50.721910068513104], [-3.5329473341868898, 50.72157416956528], [-3.5329924540690962, 50.72156504989489], [-3.533313821432984, 50.72157841118507], [-3.5337491598835524, 50.72190141993685]]]}}, {"type": "Feature", "properties": {"type": "postcode-cell", "postcode": "EX4 4HL", "postcodes": ["EX4 4HL"]}, "geometry": {"type": "Polygon", "coordinates": [[[-3.531488791666671, 50.72648540669904], [-3.5315137795071325, 50.726471570708256], [-3.5317334739860535, 50.72650764298406], [-3.5319397245952415, 50.72658215016197], [-3.532324814836883, 50.72777713442256], [-3.5308206497561128, 50.72798093745578], [-3.531488791666671, 50.72648540669904]]]}}, {"type": "Feature", "properties": {"type": "postcode-cell", "postcode": "EX4 3SA", "postcodes": ["EX4 3SA"]}, "geometry": {"type": "Polygon", "coordinates": [[[-3.5317334739860535, 50.72650764298406], [-3.5315137795071325, 50.726471570708256], [-3.53126473307321, 50.72598148909806], [-3.5314197115982267, 50.725662924908555], [-3.531477465865258, 50.725633029532936], [-3.532991459850605, 50.72532803802352], [-3.5330863262173566, 50.725339728289505], [-3.5331064193866566, 50.7256728039109], [-3.5317334739860535, 50.72650764298406]]]}}, {"type": "Feature", "properties": {"type": "postcode-cell", "postcode": "EX2 8DJ", "postcodes": ["EX2 8DJ"]}, "geometry": {"type": "Polygon", "coordinates": [[[-3.5329607031036554, 50.71755785159989], [-3.5318672625687024, 50.71705429639803], [-3.5324129279999483, 50.71659506080736], [-3.5329629643525444, 50.71688787862598], [-3.5332948758796903, 50.71743703068991], [-3.5329607031036554, 50.71755785159989]]]}}, {"type": "Feature", "properties": {"type": "postcode-cell", "postcode": "EX2 4EF", "postcodes": ["EX2 4EF"]}, "geometry": {"type": "Polygon", "coordinates": [[[-3.5330966091604132, 50.71796100237841], [-3.5330413610694045, 50.71864755160486], [-3.5326881776783283, 50.718598549075274], [-3.532574241103905, 50.71854081032578], [-3.5326933601145485, 50.71773557709517], [-3.5328890075325456, 50.71763072189302], [-3.5330966091604132, 50.71796100237841]]]}}, {"type": "Feature", "properties": {"type": "postcode-cell", "postcode": "EX2 8EY", "postcodes": ["EX2 8EY"]}, "geometry": {"type": "Polygon", "coordinates": [[[-3.532370958307149, 50.71324865527326], [-3.531938870924003, 50.713365055129266], [-3.529557878843416, 50.712861761379436], [-3.529403849712919, 50.71269779277017], [-3.529547773466204, 50.71229868822774], [-3.5298313836657074, 50.7119706572632], [-3.5324793960205088, 50.713107030039595], [-3.532370958307149, 50.71324865527326]]]}}, {"type": "Feature", "properties": {"type": "postcode-cell", "postcode": "EX2 8EG", "postcodes": ["EX2 8EG"]}, "geometry": {"type": "Polygon", "coordinates": [[[-3.5324793960205088, 50.713107030039595], [-3.5298313836657074, 50.7119706572632], [-3.530008660336214, 50.71169493192663], [-3.5328380460337696, 50.71292190138603], [-3.5324793960205088, 50.713107030039595]]]}}, {"type": "Feature", "properties": {"type": "postcode-cell", "postcode": "EX4 3TT", "postcodes": ["EX4 3TT"]}, "geometry": {"type": "Polygon", "coordinates": [[[-3.5338425420941855, 50.72472282016301], [-3.5332340744819883, 50.724849786151864], [-3.5327559061493163, 50.72472020266588], [-3.532873224587812, 50.72430527793754], [-3.5336251653229973, 50.72422902735079], [-3.5338425420941855, 50.72472282016301]]]}}, {"type": "Feature", "properties": {"type": "postcode-cell", "postcode": "EX2 8EW", "postcodes": ["EX2 8EW"]}, "geometry": {"type": "Polygon", "coordinates": [[[-3.532705163974775, 50.71512888710347], [-3.5326499702710787, 50.715138011851494], [-3.5320255585162945, 50.71442535424064], [-3.5320063080532305, 50.71428765949146], [-3.5322257562341464, 50.71422505802542], [-3.5331864743495123, 50.714361406767196], [-3.5332185113708965, 50.7144033173293], [-3.532705163974775, 50.71512888710347]]]}}, {"type": "Feature", "properties": {"type": "postcode-cell", "postcode": "EX1 1DL", "postcodes": ["EX1 1DL"]}, "geometry": {"type": "Polygon", "coordinates": [[[-3.5329924540690962, 50.72156504989489], [-3.5329473341868898, 50.72157416956528], [-3.5327383106870958, 50.72150578102869], [-3.5324275139312222, 50.721117526709584], [-3.5327506698905924, 50.72094640134818], [-3.5330073365705013, 50.72099080966338], [-3.5329924540690962, 50.72156504989489]]]}}, {"type": "Feature", "properties": {"type": "postcode-cell", "postcode": "EX4 3HJ", "postcodes": ["EX4 3HJ"]}, "geometry": {"type": "Polygon", "coordinates": [[[-3.5336251653229973, 50.72422902735079], [-3.532873224587812, 50.72430527793754], [-3.532655476192141, 50.724162706671365], [-3.533000227946062, 50.7238769487392], [-3.533132327100362, 50.723843976251594], [-3.533771982490555, 50.7239699932442], [-3.5336251653229973, 50.72422902735079]]]}}, {"type": "Feature", "properties": {"type": "postcode-cell", "postcode": "EX4 3NJ", "postcodes": ["EX4 3NJ"]}, "geometry": {"type": "Polygon", "coordinates": [[[-3.532873224587812, 50.72430527793754], [-3.5327559061493163, 50.72472020266588], [-3.5325532196766436, 50.72476249605318], [-3.5320687697313717, 50.72453700590521], [-3.53202361868371, 50.72441676635531], [-3.5324604398114468, 50.724128262260585], [-3.532655476192141, 50.724162706671365], [-3.532873224587812, 50.72430527793754]]]}}, {"type": "Feature", "properties": {"type": "postcode-cell", "postcode": "EX4 3QR", "postcodes": ["EX4 3QR"]}, "geometry": {"type": "Polygon", "coordinates": [[[-3.5331722398485934, 50.723161968507604], [-3.532431707086391, 50.72263299406612], [-3.5324322486200854, 50.72259949868467], [-3.532490398362106, 50.722543662809215], [-3.5325790097366054, 50.722533235022134], [-3.5332950903142963, 50.72296605242371], [-3.5331722398485934, 50.723161968507604]]]}}, {"type": "Feature", "properties": {"type": "postcode-cell", "postcode": "EX1 1DQ", "postcodes": ["EX1 1DQ"]}, "geometry": {"type": "Polygon", "coordinates": [[[-3.533254867312895, 50.72020704776111], [-3.5331650129666876, 50.720496236084536], [-3.5329383018009954, 50.720532623982805], [-3.5326022769386145, 50.72030232664948], [-3.5327866704510735, 50.72014075469028], [-3.533254867312895, 50.72020704776111]]]}}, {"type": "Feature", "properties": {"type": "postcode-cell", "postcode": "EX4 3HR", "postcodes": ["EX4 3HR"]}, "geometry": {"type": "Polygon", "coordinates": [[[-3.5330261114929553, 50.722408066692445], [-3.5325790097366054, 50.722533235022134], [-3.532490398362106, 50.722543662809215], [-3.53242928977943, 50.72246434142033], [-3.5323282166873726, 50.72221405492332], [-3.5326899651323025, 50.7219124101824], [-3.5327017307639204, 50.721910068513104], [-3.533083175887542, 50.72213435701569], [-3.5330261114929553, 50.722408066692445]]]}}, {"type": "Feature", "properties": {"type": "postcode-cell", "postcode": "EX1 1DE", "postcodes": ["EX1 1DE"]}, "geometry": {"type": "Polygon", "coordinates": [[[-3.533115231677768, 50.71947429794698], [-3.5325436819372773, 50.71975163533637], [-3.5321147352487716, 50.71977715903506], [-3.532131071430905, 50.71912373609907], [-3.5321691183267103, 50.719091421042634], [-3.5325245381957564, 50.71911537832367], [-3.53321694364781, 50.719372916813086], [-3.533115231677768, 50.71947429794698]]]}}, {"type": "Feature", "properties": {"type": "postcode-cell", "postcode": "EX4 3HP", "postcodes": ["EX4 3HP"]}, "geometry": {"type": "Polygon", "coordinates": [[[-3.533000227946062, 50.7238769487392], [-3.5324439031620436, 50.7236719228669], [-3.532868629717944, 50.72332254021853], [-3.532915485057342, 50.72331845075143], [-3.533132327100362, 50.723843976251594], [-3.533000227946062, 50.7238769487392]]]}}, {"type": "Feature", "properties": {"type": "postcode-cell", "postcode": "EX4 3DU", "postcodes": ["EX4 3DU"]}, "geometry": {"type": "Polygon", "coordinates": [[[-3.533153016240653, 50.72324003021652], [-3.532915485057342, 50.72331845075143], [-3.532868629717944, 50.72332254021853], [-3.5323324965200715, 50.723132953826365], [-3.5322615486012774, 50.72306211698713], [-3.532431707086391, 50.72263299406612], [-3.5331722398485934, 50.723161968507604], [-3.533153016240653, 50.72324003021652]]]}}, {"type": "Feature", "properties": {"type": "postcode-cell", "postcode": "EX2 8GZ", "postcodes": ["EX2 8GZ"]}, "geometry": {"type": "Polygon", "coordinates": [[[-3.5328890075325456, 50.71763072189302], [-3.5326933601145485, 50.71773557709517], [-3.5312903612717643, 50.718052846818416], [-3.531178456150529, 50.71770697414506], [-3.5317360098199253, 50.71703528907423], [-3.5318672625687024, 50.71705429639803], [-3.5329607031036554, 50.71755785159989], [-3.5328890075325456, 50.71763072189302]]]}}, {"type": "Feature", "properties": {"type": "postcode-cell", "postcode": "EX2 8EH", "postcodes": ["EX2 8EH"]}, "geometry": {"type": "Polygon", "coordinates": [[[-3.5322257562341464, 50.71422505802542], [-3.5320063080532305, 50.71428765949146], [-3.531775474432611, 50.71423773127742], [-3.5315962631164157, 50.71394915141462], [-3.5316858039554337, 50.713777453073156], [-3.531836012314397, 50.71368616529763], [-3.532359867931171, 50.71386793102135], [-3.5322257562341464, 50.71422505802542]]]}}, {"type": "Feature", "properties": {"type": "postcode-cell", "postcode": "EX1 1DR", "postcodes": ["EX1 1DR"]}, "geometry": {"type": "Polygon", "coordinates": [[[-3.5326022769386145, 50.72030232664948], [-3.532406199334515, 50.7203508196423], [-3.532039189697287, 50.720044026931575], [-3.5320885186379103, 50.719784310718104], [-3.5321147352487716, 50.71977715903506], [-3.5325436819372773, 50.71975163533637], [-3.5327866704510735, 50.72014075469028], [-3.5326022769386145, 50.72030232664948]]]}}, {"type": "Feature", "properties": {"type": "postcode-cell", "postcode": "EX2 8DN", "postcodes": ["EX2 8DN"]}, "geometry": {"type": "Polygon", "coordinates": [[[-3.5324129279999483, 50.71659506080736], [-3.5318672625687024, 50.71705429639803], [-3.5317360098199253, 50.71703528907423], [-3.5311571230747982, 50.7167198865536], [-3.5311572768885915, 50.71669308895033], [-3.531644418924256, 50.715857623028036], [-3.532256433838196, 50.71609675481416], [-3.5324129279999483, 50.71659506080736]]]}}, {"type": "Feature", "properties": {"type": "postcode-cell", "postcode": "EX1 1BU", "postcodes": ["EX1 1BU"]}, "geometry": {"type": "Polygon", "coordinates": [[[-3.5327017307639204, 50.721910068513104], [-3.5326899651323025, 50.7219124101824], [-3.5320482973523624, 50.72175637640887], [-3.532111815858788, 50.7215992701263], [-3.532168916159813, 50.72156779460552], [-3.5327383106870958, 50.72150578102869], [-3.5329473341868898, 50.72157416956528], [-3.5327017307639204, 50.721910068513104]]]}}, {"type": "Feature", "properties": {"type": "postcode-cell", "postcode": "EX1 1DP", "postcodes": ["EX1 1DP"]}, "geometry": {"type": "Polygon", "coordinates": [[[-3.532653676786468, 50.72075350663065], [-3.5322267661355533, 50.7205742185786], [-3.532406199334515, 50.7203508196423], [-3.5326022769386145, 50.72030232664948], [-3.5329383018009954, 50.720532623982805], [-3.532653676786468, 50.72075350663065]]]}}, {"type": "Feature", "properties": {"type": "postcode-cell", "postcode": "EX1 1DN", "postcodes": ["EX1 1DN"]}, "geometry": {"type": "Polygon", "coordinates": [[[-3.5327506698905924, 50.72094640134818], [-3.5324275139312222, 50.721117526709584], [-3.5324234749057295, 50.72111779596927], [-3.5318575816387416, 50.72096397127901], [-3.5321075117909353, 50.72059323053133], [-3.5322267661355533, 50.7205742185786], [-3.532653676786468, 50.72075350663065], [-3.5327506698905924, 50.72094640134818]]]}}, {"type": "Feature", "properties": {"type": "postcode-cell", "postcode": "EX2 4AB", "postcodes": ["EX2 4AB"]}, "geometry": {"type": "Polygon", "coordinates": [[[-3.5325245381957564, 50.71911537832367], [-3.5321691183267103, 50.719091421042634], [-3.531794208771713, 50.71866187115734], [-3.532574241103905, 50.71854081032578], [-3.5326881776783283, 50.718598549075274], [-3.5325245381957564, 50.71911537832367]]]}}, {"type": "Feature", "properties": {"type": "postcode-cell", "postcode": "EX4 3HL", "postcodes": ["EX4 3HL"]}, "geometry": {"type": "Polygon", "coordinates": [[[-3.532655476192141, 50.724162706671365], [-3.5324604398114468, 50.724128262260585], [-3.5322023996376997, 50.72383326277618], [-3.532252720750257, 50.723746745757694], [-3.5324439031620436, 50.7236719228669], [-3.533000227946062, 50.7238769487392], [-3.532655476192141, 50.724162706671365]]]}}, {"type": "Feature", "properties": {"type": "postcode-cell", "postcode": "EX1 1BS", "postcodes": ["EX1 1BS"]}, "geometry": {"type": "Polygon", "coordinates": [[[-3.5327383106870958, 50.72150578102869], [-3.532168916159813, 50.72156779460552], [-3.532208800485805, 50.72130844610529], [-3.5324234749057295, 50.72111779596927], [-3.5324275139312222, 50.721117526709584], [-3.5327383106870958, 50.72150578102869]]]}}, {"type": "Feature", "properties": {"type": "postcode-cell", "postcode": "EX1 1EN", "postcodes": ["EX1 1EN"]}, "geometry": {"type": "Polygon", "coordinates": [[[-3.5323282166873726, 50.72221405492332], [-3.5321776559500537, 50.72215680852911], [-3.531791183458742, 50.72189341462681], [-3.5320482973523624, 50.72175637640887], [-3.5326899651323025, 50.7219124101824], [-3.5323282166873726, 50.72221405492332]]]}}, {"type": "Feature", "properties": {"type": "postcode-cell", "postcode": "EX1 1HF", "postcodes": ["EX1 1HF", "EX1 1HJ"]}, "geometry": {"type": "Polygon", "coordinates": [[[-3.532490398362106, 50.722543662809215], [-3.5324322486200854, 50.72259949868467], [-3.5321698368092522, 50.722614156459585], [-3.531137822257038, 50.722579499878435], [-3.5312324897940193, 50.72234320184303], [-3.5317618876249646, 50.72232246377246], [-3.53242928977943, 50.72246434142033], [-3.532490398362106, 50.722543662809215]]]}}, {"type": "Feature", "properties": {"type": "postcode-cell", "postcode": "EX4 3RX", "postcodes": ["EX4 3RX"]}, "geometry": {"type": "Polygon", "coordinates": [[[-3.532991459850605, 50.72532803802352], [-3.531477465865258, 50.725633029532936], [-3.5322800698783774, 50.72505113485089], [-3.532350806199774, 50.72501923138197], [-3.532991459850605, 50.72532803802352]]]}}, {"type": "Feature", "properties": {"type": "postcode-cell", "postcode": "EX4 3EH", "postcodes": ["EX4 3EH"]}, "geometry": {"type": "Polygon", "coordinates": [[[-3.5324439031620436, 50.7236719228669], [-3.532252720750257, 50.723746745757694], [-3.531941364492682, 50.72347474350356], [-3.5323324965200715, 50.723132953826365], [-3.532868629717944, 50.72332254021853], [-3.5324439031620436, 50.7236719228669]]]}}, {"type": "Feature", "properties": {"type": "postcode-cell", "postcode": "EX2 4AE", "postcodes": ["EX2 4AE"]}, "geometry": {"type": "Polygon", "coordinates": [[[-3.531794208771713, 50.71866187115734], [-3.531576516894447, 50.71859630563759], [-3.5312764161918837, 50.71806622219767], [-3.5312903612717643, 50.718052846818416], [-3.5326933601145485, 50.71773557709517], [-3.532574241103905, 50.71854081032578], [-3.531794208771713, 50.71866187115734]]]}}, {"type": "Feature", "properties": {"type": "postcode-cell", "postcode": "EX2 8EA", "postcodes": ["EX2 8EA"]}, "geometry": {"type": "Polygon", "coordinates": [[[-3.531877148544417, 50.71544825388758], [-3.5315360825417517, 50.71492237640847], [-3.5320255585162945, 50.71442535424064], [-3.5326499702710787, 50.715138011851494], [-3.531877148544417, 50.71544825388758]]]}}, {"type": "Feature", "properties": {"type": "postcode-cell", "postcode": "EX4 3NB", "postcodes": ["EX4 3NB"]}, "geometry": {"type": "Polygon", "coordinates": [[[-3.531314886556184, 50.72535722965403], [-3.53162409287357, 50.72476963271958], [-3.5317264089816587, 50.72474105783071], [-3.5322800698783774, 50.72505113485089], [-3.531477465865258, 50.725633029532936], [-3.5314197115982267, 50.725662924908555], [-3.531314886556184, 50.72535722965403]]]}}, {"type": "Feature", "properties": {"type": "postcode-cell", "postcode": "EX4 3PQ", "postcodes": ["EX4 3PQ"]}, "geometry": {"type": "Polygon", "coordinates": [[[-3.5314197115982267, 50.725662924908555], [-3.53126473307321, 50.72598148909806], [-3.5308513017192675, 50.72585141574934], [-3.5299150893448124, 50.72495918494399], [-3.530096920539721, 50.724867741259246], [-3.5302634241949864, 50.72482844626205], [-3.5308692099597225, 50.72492024611913], [-3.531314886556184, 50.72535722965403], [-3.5314197115982267, 50.725662924908555]]]}}, {"type": "Feature", "properties": {"type": "postcode-cell", "postcode": "EX2 8EB", "postcodes": ["EX2 8EB"]}, "geometry": {"type": "Polygon", "coordinates": [[[-3.532359867931171, 50.71386793102135], [-3.531836012314397, 50.71368616529763], [-3.531938870924003, 50.713365055129266], [-3.532370958307149, 50.71324865527326], [-3.5327134563346543, 50.7136770377918], [-3.532359867931171, 50.71386793102135]]]}}, {"type": "Feature", "properties": {"type": "postcode-cell", "postcode": "EX4 3EB", "postcodes": ["EX4 3EB"]}, "geometry": {"type": "Polygon", "coordinates": [[[-3.5323324965200715, 50.723132953826365], [-3.531941364492682, 50.72347474350356], [-3.531659275910117, 50.723433904263786], [-3.5316404906582246, 50.72342248352627], [-3.531642213585115, 50.7232357333012], [-3.5319189657161885, 50.72304390355307], [-3.5322615486012774, 50.72306211698713], [-3.5323324965200715, 50.723132953826365]]]}}, {"type": "Feature", "properties": {"type": "postcode-cell", "postcode": "EX2 8BZ", "postcodes": ["EX2 8BZ"]}, "geometry": {"type": "Polygon", "coordinates": [[[-3.526717301635795, 50.711477273047194], [-3.5265957436012445, 50.711392276822764], [-3.5271372374759093, 50.710050726474364], [-3.529461274257247, 50.71145267328405], [-3.526717301635795, 50.711477273047194]]]}}, {"type": "Feature", "properties": {"type": "postcode-cell", "postcode": "EX1 1DS", "postcodes": ["EX1 1DS"]}, "geometry": {"type": "Polygon", "coordinates": [[[-3.532406199334515, 50.7203508196423], [-3.5322267661355533, 50.7205742185786], [-3.5321075117909353, 50.72059323053133], [-3.5317934357522973, 50.72046633122564], [-3.531762445005468, 50.72025437497971], [-3.532039189697287, 50.720044026931575], [-3.532406199334515, 50.7203508196423]]]}}, {"type": "Feature", "properties": {"type": "postcode-cell", "postcode": "EX1 1HP", "postcodes": ["EX1 1HP"]}, "geometry": {"type": "Polygon", "coordinates": [[[-3.53242928977943, 50.72246434142033], [-3.5317618876249646, 50.72232246377246], [-3.5321776559500537, 50.72215680852911], [-3.5323282166873726, 50.72221405492332], [-3.53242928977943, 50.72246434142033]]]}}, {"type": "Feature", "properties": {"type": "postcode-cell", "postcode": "EX4 3HW", "postcodes": ["EX4 3HW"]}, "geometry": {"type": "Polygon", "coordinates": [[[-3.53202361868371, 50.72441676635531], [-3.5315815854115464, 50.72425991470746], [-3.5314692754097723, 50.72413539218887], [-3.5314714745550795, 50.724112154382176], [-3.5316563827644436, 50.723939312804106], [-3.5322023996376997, 50.72383326277618], [-3.5324604398114468, 50.724128262260585], [-3.53202361868371, 50.72441676635531]]]}}, {"type": "Feature", "properties": {"type": "postcode-cell", "postcode": "EX4 3RW", "postcodes": ["EX4 3RW"]}, "geometry": {"type": "Polygon", "coordinates": [[[-3.532350806199774, 50.72501923138197], [-3.5322800698783774, 50.72505113485089], [-3.5317264089816587, 50.72474105783071], [-3.5320687697313717, 50.72453700590521], [-3.5325532196766436, 50.72476249605318], [-3.532350806199774, 50.72501923138197]]]}}, {"type": "Feature", "properties": {"type": "postcode-cell", "postcode": "EX1 1FF", "postcodes": ["EX1 1FF"]}, "geometry": {"type": "Polygon", "coordinates": [[[-3.532131071430905, 50.71912373609907], [-3.531004774773412, 50.71949824571281], [-3.5312083371066016, 50.71890155226272], [-3.531576516894447, 50.71859630563759], [-3.531794208771713, 50.71866187115734], [-3.5321691183267103, 50.719091421042634], [-3.532131071430905, 50.71912373609907]]]}}, {"type": "Feature", "properties": {"type": "postcode-cell", "postcode": "EX1 1DA", "postcodes": ["EX1 1DA"]}, "geometry": {"type": "Polygon", "coordinates": [[[-3.532168916159813, 50.72156779460552], [-3.532111815858788, 50.7215992701263], [-3.5318661382405634, 50.72146351155554], [-3.531747737576734, 50.72129605946254], [-3.532208800485805, 50.72130844610529], [-3.532168916159813, 50.72156779460552]]]}}, {"type": "Feature", "properties": {"type": "postcode-cell", "postcode": "EX1 1DX", "postcodes": ["EX1 1DX"]}, "geometry": {"type": "Polygon", "coordinates": [[[-3.5320885186379103, 50.719784310718104], [-3.5310380807824777, 50.7195976001092], [-3.5309676796427762, 50.71954089584126], [-3.531004774773412, 50.71949824571281], [-3.532131071430905, 50.71912373609907], [-3.5321147352487716, 50.71977715903506], [-3.5320885186379103, 50.719784310718104]]]}}, {"type": "Feature", "properties": {"type": "postcode-cell", "postcode": "EX1 1BW", "postcodes": ["EX1 1BW"]}, "geometry": {"type": "Polygon", "coordinates": [[[-3.532208800485805, 50.72130844610529], [-3.531747737576734, 50.72129605946254], [-3.5314413064686545, 50.72110282337756], [-3.531515859478716, 50.72105079724896], [-3.5318575816387416, 50.72096397127901], [-3.5324234749057295, 50.72111779596927], [-3.532208800485805, 50.72130844610529]]]}}, {"type": "Feature", "properties": {"type": "postcode-cell", "postcode": "EX2 8BY", "postcodes": ["EX2 8BY"]}, "geometry": {"type": "Polygon", "coordinates": [[[-3.5320063080532305, 50.71428765949146], [-3.5320255585162945, 50.71442535424064], [-3.5315360825417517, 50.71492237640847], [-3.530898829410954, 50.714506069629756], [-3.531775474432611, 50.71423773127742], [-3.5320063080532305, 50.71428765949146]]]}}, {"type": "Feature", "properties": {"type": "postcode-cell", "postcode": "EX4 3DT", "postcodes": ["EX4 3DT"]}, "geometry": {"type": "Polygon", "coordinates": [[[-3.5322615486012774, 50.72306211698713], [-3.5319189657161885, 50.72304390355307], [-3.5317581224136476, 50.72293841602866], [-3.5321698368092522, 50.722614156459585], [-3.5324322486200854, 50.72259949868467], [-3.532431707086391, 50.72263299406612], [-3.5322615486012774, 50.72306211698713]]]}}, {"type": "Feature", "properties": {"type": "postcode-cell", "postcode": "EX1 1AL", "postcodes": ["EX1 1AL"]}, "geometry": {"type": "Polygon", "coordinates": [[[-3.531762445005468, 50.72025437497971], [-3.531064973918323, 50.72010246853973], [-3.5310380807824777, 50.7195976001092], [-3.5320885186379103, 50.719784310718104], [-3.532039189697287, 50.720044026931575], [-3.531762445005468, 50.72025437497971]]]}}, {"type": "Feature", "properties": {"type": "postcode-cell", "postcode": "EX2 8BA", "postcodes": ["EX2 8BA"]}, "geometry": {"type": "Polygon", "coordinates": [[[-3.531877148544417, 50.71544825388758], [-3.5315824272079945, 50.715757215273285], [-3.530635907692816, 50.71561996362519], [-3.53014961749918, 50.71526159839238], [-3.530088608990529, 50.71508545552244], [-3.5306987833230967, 50.71448545367893], [-3.530898829410954, 50.714506069629756], [-3.5315360825417517, 50.71492237640847], [-3.531877148544417, 50.71544825388758]]]}}, {"type": "Feature", "properties": {"type": "postcode-cell", "postcode": "EX2 8DS", "postcodes": ["EX2 8DS"]}, "geometry": {"type": "Polygon", "coordinates": [[[-3.529557878843416, 50.712861761379436], [-3.5295692926529942, 50.712882285078706], [-3.529848631912449, 50.71354506691926], [-3.5290700437236064, 50.714691782453166], [-3.528429518555083, 50.71479873797021], [-3.527983921309038, 50.713899028927244], [-3.5283933705891646, 50.713076270840965], [-3.529403849712919, 50.71269779277017], [-3.529557878843416, 50.712861761379436]]]}}, {"type": "Feature", "properties": {"type": "postcode-cell", "postcode": "EX2 8FE", "postcodes": ["EX2 8FE"]}, "geometry": {"type": "Polygon", "coordinates": [[[-3.531836012314397, 50.71368616529763], [-3.5316858039554337, 50.713777453073156], [-3.5295692926529942, 50.712882285078706], [-3.529557878843416, 50.712861761379436], [-3.531938870924003, 50.713365055129266], [-3.531836012314397, 50.71368616529763]]]}}, {"type": "Feature", "properties": {"type": "postcode-cell", "postcode": "EX1 1BZ", "postcodes": ["EX1 1BZ"]}, "geometry": {"type": "Polygon", "coordinates": [[[-3.5320482973523624, 50.72175637640887], [-3.531791183458742, 50.72189341462681], [-3.5314131944769853, 50.721928858579496], [-3.5311974561186315, 50.721705473808505], [-3.5318661382405634, 50.72146351155554], [-3.532111815858788, 50.7215992701263], [-3.5320482973523624, 50.72175637640887]]]}}, {"type": "Feature", "properties": {"type": "postcode-cell", "postcode": "EX1 1BP", "postcodes": ["EX1 1BP"]}, "geometry": {"type": "Polygon", "coordinates": [[[-3.5318575816387416, 50.72096397127901], [-3.531515859478716, 50.72105079724896], [-3.531392413382258, 50.720563853039515], [-3.5317934357522973, 50.72046633122564], [-3.5321075117909353, 50.72059323053133], [-3.5318575816387416, 50.72096397127901]]]}}, {"type": "Feature", "properties": {"type": "postcode-cell", "postcode": "EX1 1DZ", "postcodes": ["EX1 1DZ"]}, "geometry": {"type": "Polygon", "coordinates": [[[-3.5317618876249646, 50.72232246377246], [-3.5312324897940193, 50.72234320184303], [-3.531232489790255, 50.72225068132853], [-3.5314131944769853, 50.721928858579496], [-3.531791183458742, 50.72189341462681], [-3.5321776559500537, 50.72215680852911], [-3.5317618876249646, 50.72232246377246]]]}}, {"type": "Feature", "properties": {"type": "postcode-cell", "postcode": "EX1 1EQ", "postcodes": ["EX1 1EQ"]}, "geometry": {"type": "Polygon", "coordinates": [[[-3.5318661382405634, 50.72146351155554], [-3.5311974561186315, 50.721705473808505], [-3.531001203407232, 50.721558367754554], [-3.5312844236558854, 50.72118481478831], [-3.531417829691044, 50.72110900967969], [-3.5314413064686545, 50.72110282337756], [-3.531747737576734, 50.72129605946254], [-3.5318661382405634, 50.72146351155554]]]}}, {"type": "Feature", "properties": {"type": "postcode-cell", "postcode": "EX4 3EF", "postcodes": ["EX4 3EF"]}, "geometry": {"type": "Polygon", "coordinates": [[[-3.5316563827644436, 50.723939312804106], [-3.531530484718663, 50.72376495560275], [-3.531659275910117, 50.723433904263786], [-3.531941364492682, 50.72347474350356], [-3.532252720750257, 50.723746745757694], [-3.5322023996376997, 50.72383326277618], [-3.5316563827644436, 50.723939312804106]]]}}, {"type": "Feature", "properties": {"type": "postcode-cell", "postcode": "EX1 1AE", "postcodes": ["EX1 1AE"]}, "geometry": {"type": "Polygon", "coordinates": [[[-3.5317581224136476, 50.72293841602866], [-3.531216999136973, 50.722704960328706], [-3.5311142114052174, 50.72260110470572], [-3.531137822257038, 50.722579499878435], [-3.5321698368092522, 50.722614156459585], [-3.5317581224136476, 50.72293841602866]]]}}, {"type": "Feature", "properties": {"type": "postcode-cell", "postcode": "EX4 3RP", "postcodes": ["EX4 3RP"]}, "geometry": {"type": "Polygon", "coordinates": [[[-3.5320687697313717, 50.72453700590521], [-3.5317264089816587, 50.72474105783071], [-3.53162409287357, 50.72476963271958], [-3.5313298228331846, 50.72459726326865], [-3.5315815854115464, 50.72425991470746], [-3.53202361868371, 50.72441676635531], [-3.5320687697313717, 50.72453700590521]]]}}, {"type": "Feature", "properties": {"type": "postcode-cell", "postcode": "EX1 1HB", "postcodes": ["EX1 1HB"]}, "geometry": {"type": "Polygon", "coordinates": [[[-3.531216999136973, 50.722704960328706], [-3.5313098392325117, 50.723091287493766], [-3.5311732118843744, 50.72322238506956], [-3.5307968803689085, 50.7233392322604], [-3.530027243233672, 50.72297055564366], [-3.5300298792939677, 50.722910335355934], [-3.5300460183762947, 50.722822223237685], [-3.5311142114052174, 50.72260110470572], [-3.531216999136973, 50.722704960328706]]]}}, {"type": "Feature", "properties": {"type": "postcode-cell", "postcode": "EX2 8GY", "postcodes": ["EX2 8GY"]}, "geometry": {"type": "Polygon", "coordinates": [[[-3.5312764161918837, 50.71806622219767], [-3.5300257795516865, 50.71821195234643], [-3.529901450327344, 50.718156076590034], [-3.529558228459031, 50.717767200867364], [-3.5296783348186693, 50.717385220736965], [-3.530639835260988, 50.71738437933606], [-3.5307862660941107, 50.717391300189625], [-3.531178456150529, 50.71770697414506], [-3.5312903612717643, 50.718052846818416], [-3.5312764161918837, 50.71806622219767]]]}}, {"type": "Feature", "properties": {"type": "postcode-cell", "postcode": "EX2 8AX", "postcodes": ["EX2 8AX"]}, "geometry": {"type": "Polygon", "coordinates": [[[-3.531644418924256, 50.715857623028036], [-3.5311572768885915, 50.71669308895033], [-3.5297116174334455, 50.71628098718678], [-3.530635907692816, 50.71561996362519], [-3.5315824272079945, 50.715757215273285], [-3.531644418924256, 50.715857623028036]]]}}, {"type": "Feature", "properties": {"type": "postcode-cell", "postcode": "EX2 8BB", "postcodes": ["EX2 8BB"]}, "geometry": {"type": "Polygon", "coordinates": [[[-3.531775474432611, 50.71423773127742], [-3.530898829410954, 50.714506069629756], [-3.5306987833230967, 50.71448545367893], [-3.5302066878445513, 50.71382504345689], [-3.5315962631164157, 50.71394915141462], [-3.531775474432611, 50.71423773127742]]]}}, {"type": "Feature", "properties": {"type": "postcode-cell", "postcode": "EX4 3DL", "postcodes": ["EX4 3DL"]}, "geometry": {"type": "Polygon", "coordinates": [[[-3.5319189657161885, 50.72304390355307], [-3.531642213585115, 50.7232357333012], [-3.5313098392325117, 50.723091287493766], [-3.531216999136973, 50.722704960328706], [-3.5317581224136476, 50.72293841602866], [-3.5319189657161885, 50.72304390355307]]]}}, {"type": "Feature", "properties": {"type": "postcode-cell", "postcode": "EX4 3QA", "postcodes": ["EX4 3QA"]}, "geometry": {"type": "Polygon", "coordinates": [[[-3.5316563827644436, 50.723939312804106], [-3.5314714745550795, 50.724112154382176], [-3.530772210677812, 50.723810418168696], [-3.5309610573700625, 50.7236013820009], [-3.531530484718663, 50.72376495560275], [-3.5316563827644436, 50.723939312804106]]]}}, {"type": "Feature", "properties": {"type": "postcode-cell", "postcode": "EX2 8BX", "postcodes": ["EX2 8BX"]}, "geometry": {"type": "Polygon", "coordinates": [[[-3.5315962631164157, 50.71394915141462], [-3.5302066878445513, 50.71382504345689], [-3.529848631912449, 50.71354506691926], [-3.5295692926529942, 50.712882285078706], [-3.5316858039554337, 50.713777453073156], [-3.5315962631164157, 50.71394915141462]]]}}, {"type": "Feature", "properties": {"type": "postcode-cell", "postcode": "EX2 4DE", "postcodes": ["EX2 4DE"]}, "geometry": {"type": "Polygon", "coordinates": [[[-3.5309676796427762, 50.71954089584126], [-3.5308102886227193, 50.71953209424335], [-3.5300055966112005, 50.71876683809325], [-3.5300535633898193, 50.71865808807442], [-3.5312083371066016, 50.71890155226272], [-3.531004774773412, 50.71949824571281], [-3.5309676796427762, 50.71954089584126]]]}}, {"type": "Feature", "properties": {"type": "postcode-cell", "postcode": "EX1 1HU", "postcodes": ["EX1 1HU"]}, "geometry": {"type": "Polygon", "coordinates": [[[-3.5314131944769853, 50.721928858579496], [-3.531232489790255, 50.72225068132853], [-3.5307224813802303, 50.72209755533186], [-3.530261249451962, 50.72165613624449], [-3.5303417462736637, 50.72158177473131], [-3.531001203407232, 50.721558367754554], [-3.5311974561186315, 50.721705473808505], [-3.5314131944769853, 50.721928858579496]]]}}, {"type": "Feature", "properties": {"type": "postcode-cell", "postcode": "EX1 1HS", "postcodes": ["EX1 1HS"]}, "geometry": {"type": "Polygon", "coordinates": [[[-3.5311142114052174, 50.72260110470572], [-3.5300460183762947, 50.722822223237685], [-3.5296353338128745, 50.72247182081051], [-3.529719046387116, 50.72231244859126], [-3.5307224813802303, 50.72209755533186], [-3.531232489790255, 50.72225068132853], [-3.5312324897940193, 50.72234320184303], [-3.531137822257038, 50.722579499878435], [-3.5311142114052174, 50.72260110470572]]]}}, {"type": "Feature", "properties": {"type": "postcode-cell", "postcode": "EX4 3ED", "postcodes": ["EX4 3ED"]}, "geometry": {"type": "Polygon", "coordinates": [[[-3.531659275910117, 50.723433904263786], [-3.531530484718663, 50.72376495560275], [-3.5309610573700625, 50.7236013820009], [-3.5309650379096236, 50.72357467087577], [-3.5314789208721673, 50.723427242735355], [-3.5316404906582246, 50.72342248352627], [-3.531659275910117, 50.723433904263786]]]}}, {"type": "Feature", "properties": {"type": "postcode-cell", "postcode": "EX1 1DB", "postcodes": ["EX1 1DB"]}, "geometry": {"type": "Polygon", "coordinates": [[[-3.5314413064686545, 50.72110282337756], [-3.531417829691044, 50.72110900967969], [-3.530651641222983, 50.72056911899698], [-3.5307857914716916, 50.72044306249847], [-3.5308719289222963, 50.72040706429798], [-3.531392413382258, 50.720563853039515], [-3.531515859478716, 50.72105079724896], [-3.5314413064686545, 50.72110282337756]]]}}, {"type": "Feature", "properties": {"type": "postcode-cell", "postcode": "EX1 1AN", "postcodes": ["EX1 1AN"]}, "geometry": {"type": "Polygon", "coordinates": [[[-3.5317934357522973, 50.72046633122564], [-3.531392413382258, 50.720563853039515], [-3.5308719289222963, 50.72040706429798], [-3.531064973918323, 50.72010246853973], [-3.531762445005468, 50.72025437497971], [-3.5317934357522973, 50.72046633122564]]]}}, {"type": "Feature", "properties": {"type": "postcode-cell", "postcode": "EX2 4AN", "postcodes": ["EX2 4AN"]}, "geometry": {"type": "Polygon", "coordinates": [[[-3.531576516894447, 50.71859630563759], [-3.5312083371066016, 50.71890155226272], [-3.5300535633898193, 50.71865808807442], [-3.5300257795516865, 50.71821195234643], [-3.5312764161918837, 50.71806622219767], [-3.531576516894447, 50.71859630563759]]]}}, {"type": "Feature", "properties": {"type": "postcode-cell", "postcode": "EX4 3HE", "postcodes": ["EX4 3HE"]}, "geometry": {"type": "Polygon", "coordinates": [[[-3.5313098392325117, 50.723091287493766], [-3.531642213585115, 50.7232357333012], [-3.5316404906582246, 50.72342248352627], [-3.5314789208721673, 50.723427242735355], [-3.5311732118843744, 50.72322238506956], [-3.5313098392325117, 50.723091287493766]]]}}, {"type": "Feature", "properties": {"type": "postcode-cell", "postcode": "EX4 4ET", "postcodes": ["EX4 4ET"]}, "geometry": {"type": "Polygon", "coordinates": [[[-3.529150905455175, 50.72690217979965], [-3.531488791666671, 50.72648540669904], [-3.5308206497561128, 50.72798093745578], [-3.5306799897461136, 50.72799999474707], [-3.528892429815963, 50.72708388121173], [-3.529150905455175, 50.72690217979965]]]}}, {"type": "Feature", "properties": {"type": "postcode-cell", "postcode": "EX4 3EG", "postcodes": ["EX4 3EG"]}, "geometry": {"type": "Polygon", "coordinates": [[[-3.5308513017192675, 50.72585141574934], [-3.529681239899462, 50.725736486115785], [-3.5296596189138665, 50.72571857174996], [-3.529459004015978, 50.72515440532952], [-3.5298470949767196, 50.724961524442534], [-3.5299150893448124, 50.72495918494399], [-3.5308513017192675, 50.72585141574934]]]}}, {"type": "Feature", "properties": {"type": "postcode-cell", "postcode": "EX4 3LS", "postcodes": ["EX4 3LS"]}, "geometry": {"type": "Polygon", "coordinates": [[[-3.53162409287357, 50.72476963271958], [-3.531314886556184, 50.72535722965403], [-3.5308692099597225, 50.72492024611913], [-3.5310361322534236, 50.724624025132194], [-3.5313298228331846, 50.72459726326865], [-3.53162409287357, 50.72476963271958]]]}}, {"type": "Feature", "properties": {"type": "postcode-cell", "postcode": "EX2 8GU", "postcodes": ["EX2 8GU"]}, "geometry": {"type": "Polygon", "coordinates": [[[-3.5317360098199253, 50.71703528907423], [-3.531178456150529, 50.71770697414506], [-3.5307862660941107, 50.717391300189625], [-3.531108986256658, 50.71674811028286], [-3.5311571230747982, 50.7167198865536], [-3.5317360098199253, 50.71703528907423]]]}}, {"type": "Feature", "properties": {"type": "postcode-cell", "postcode": "EX2 8GP", "postcodes": ["EX2 8GP"]}, "geometry": {"type": "Polygon", "coordinates": [[[-3.530635907692816, 50.71561996362519], [-3.5297116174334455, 50.71628098718678], [-3.5296981450939815, 50.7162853984254], [-3.5286032913903647, 50.71609884004203], [-3.5286676550312737, 50.715709046907925], [-3.53014961749918, 50.71526159839238], [-3.530635907692816, 50.71561996362519]]]}}, {"type": "Feature", "properties": {"type": "postcode-cell", "postcode": "EX1 1ES", "postcodes": ["EX1 1ES"]}, "geometry": {"type": "Polygon", "coordinates": [[[-3.5310380807824777, 50.7195976001092], [-3.531064973918323, 50.72010246853973], [-3.5308719289222963, 50.72040706429798], [-3.5307857914716916, 50.72044306249847], [-3.529831223556207, 50.719930707998444], [-3.530348814678993, 50.71963751747089], [-3.5308102886227193, 50.71953209424335], [-3.5309676796427762, 50.71954089584126], [-3.5310380807824777, 50.7195976001092]]]}}, {"type": "Feature", "properties": {"type": "postcode-cell", "postcode": "EX4 3DJ", "postcodes": ["EX4 3DJ"]}, "geometry": {"type": "Polygon", "coordinates": [[[-3.5309650379096236, 50.72357467087577], [-3.5307968803689085, 50.7233392322604], [-3.5311732118843744, 50.72322238506956], [-3.5314789208721673, 50.723427242735355], [-3.5309650379096236, 50.72357467087577]]]}}, {"type": "Feature", "properties": {"type": "postcode-cell", "postcode": "EX2 8DD", "postcodes": ["EX2 8DD"]}, "geometry": {"type": "Polygon", "coordinates": [[[-3.530088608990529, 50.71508545552244], [-3.5290700437236064, 50.714691782453166], [-3.529848631912449, 50.71354506691926], [-3.5302066878445513, 50.71382504345689], [-3.5306987833230967, 50.71448545367893], [-3.530088608990529, 50.71508545552244]]]}}, {"type": "Feature", "properties": {"type": "postcode-cell", "postcode": "EX4 3LJ", "postcodes": ["EX4 3LJ"]}, "geometry": {"type": "Polygon", "coordinates": [[[-3.5308925311781727, 50.724312145748605], [-3.5314692754097723, 50.72413539218887], [-3.5315815854115464, 50.72425991470746], [-3.5313298228331846, 50.72459726326865], [-3.5310361322534236, 50.724624025132194], [-3.530771079404854, 50.72438546990254], [-3.5308925311781727, 50.724312145748605]]]}}, {"type": "Feature", "properties": {"type": "postcode-cell", "postcode": "EX4 3LR", "postcodes": ["EX4 3LR"]}, "geometry": {"type": "Polygon", "coordinates": [[[-3.530771079404854, 50.72438546990254], [-3.5305613669350366, 50.72437717652877], [-3.5303267790989, 50.72424395603751], [-3.5303353528875205, 50.72413423801583], [-3.5306042586632533, 50.723835233993874], [-3.5307693982537796, 50.723811284254595], [-3.5308925311781727, 50.724312145748605], [-3.530771079404854, 50.72438546990254]]]}}, {"type": "Feature", "properties": {"type": "postcode-cell", "postcode": "EX4 3RH", "postcodes": ["EX4 3RH"]}, "geometry": {"type": "Polygon", "coordinates": [[[-3.5314692754097723, 50.72413539218887], [-3.5308925311781727, 50.724312145748605], [-3.5307693982537796, 50.723811284254595], [-3.530772210677812, 50.723810418168696], [-3.5314714745550795, 50.724112154382176], [-3.5314692754097723, 50.72413539218887]]]}}, {"type": "Feature", "properties": {"type": "postcode-cell", "postcode": "EX1 1EG", "postcodes": ["EX1 1EG"]}, "geometry": {"type": "Polygon", "coordinates": [[[-3.5312844236558854, 50.72118481478831], [-3.5305293087260763, 50.72098233765707], [-3.5305087357695726, 50.720769547022265], [-3.5306340324699885, 50.72057713499121], [-3.530651641222983, 50.72056911899698], [-3.531417829691044, 50.72110900967969], [-3.5312844236558854, 50.72118481478831]]]}}, {"type": "Feature", "properties": {"type": "postcode-cell", "postcode": "EX1 1EY", "postcodes": ["EX1 1EY"]}, "geometry": {"type": "Polygon", "coordinates": [[[-3.5309610573700625, 50.7236013820009], [-3.530772210677812, 50.723810418168696], [-3.5307693982537796, 50.723811284254595], [-3.5306042586632533, 50.723835233993874], [-3.5301398959539427, 50.723640243292856], [-3.5300249472354963, 50.722973601725165], [-3.530027243233672, 50.72297055564366], [-3.5307968803689085, 50.7233392322604], [-3.5309650379096236, 50.72357467087577], [-3.5309610573700625, 50.7236013820009]]]}}, {"type": "Feature", "properties": {"type": "postcode-cell", "postcode": "EX4 3JR", "postcodes": ["EX4 3JR"]}, "geometry": {"type": "Polygon", "coordinates": [[[-3.5310361322534236, 50.724624025132194], [-3.5308692099597225, 50.72492024611913], [-3.5302634241949864, 50.72482844626205], [-3.5305613669350366, 50.72437717652877], [-3.530771079404854, 50.72438546990254], [-3.5310361322534236, 50.724624025132194]]]}}, {"type": "Feature", "properties": {"type": "postcode-cell", "postcode": "EX2 8DP", "postcodes": ["EX2 8DP"]}, "geometry": {"type": "Polygon", "coordinates": [[[-3.5311571230747982, 50.7167198865536], [-3.531108986256658, 50.71674811028286], [-3.530425318017995, 50.7169002002456], [-3.5297661357159633, 50.717014214453435], [-3.5296981450939815, 50.7162853984254], [-3.5297116174334455, 50.71628098718678], [-3.5311572768885915, 50.71669308895033], [-3.5311571230747982, 50.7167198865536]]]}}, {"type": "Feature", "properties": {"type": "postcode-cell", "postcode": "EX2 8GX", "postcodes": ["EX2 8GX"]}, "geometry": {"type": "Polygon", "coordinates": [[[-3.5307862660941107, 50.717391300189625], [-3.530639835260988, 50.71738437933606], [-3.530425318017995, 50.7169002002456], [-3.531108986256658, 50.71674811028286], [-3.5307862660941107, 50.717391300189625]]]}}, {"type": "Feature", "properties": {"type": "postcode-cell", "postcode": "EX1 1EB", "postcodes": ["EX1 1EB"]}, "geometry": {"type": "Polygon", "coordinates": [[[-3.531001203407232, 50.721558367754554], [-3.5303417462736637, 50.72158177473131], [-3.5302421170744536, 50.72143239121708], [-3.530324964778809, 50.72116308088918], [-3.5305293087260763, 50.72098233765707], [-3.5312844236558854, 50.72118481478831], [-3.531001203407232, 50.721558367754554]]]}}, {"type": "Feature", "properties": {"type": "postcode-cell", "postcode": "EX2 4DB", "postcodes": ["EX2 4DB"]}, "geometry": {"type": "Polygon", "coordinates": [[[-3.5300055966112005, 50.71876683809325], [-3.5308102886227193, 50.71953209424335], [-3.530348814678993, 50.71963751747089], [-3.529609779027013, 50.71923443096456], [-3.5298804490071087, 50.71883566863709], [-3.5300055966112005, 50.71876683809325]]]}}, {"type": "Feature", "properties": {"type": "postcode-cell", "postcode": "EX2 4BZ", "postcodes": ["EX2 4BZ"]}, "geometry": {"type": "Polygon", "coordinates": [[[-3.5298804490071087, 50.71883566863709], [-3.528857015924118, 50.71889977589578], [-3.528884715444456, 50.71851977165628], [-3.529901450327344, 50.718156076590034], [-3.5300257795516865, 50.71821195234643], [-3.5300535633898193, 50.71865808807442], [-3.5300055966112005, 50.71876683809325], [-3.5298804490071087, 50.71883566863709]]]}}, {"type": "Feature", "properties": {"type": "postcode-cell", "postcode": "EX1 1EE", "postcodes": ["EX1 1EE"]}, "geometry": {"type": "Polygon", "coordinates": [[[-3.530651641222983, 50.72056911899698], [-3.5306340324699885, 50.72057713499121], [-3.5297241983199994, 50.72046940738564], [-3.5294668130887032, 50.720388756847456], [-3.5294446326189424, 50.72003314529938], [-3.529831223556207, 50.719930707998444], [-3.5307857914716916, 50.72044306249847], [-3.530651641222983, 50.72056911899698]]]}}, {"type": "Feature", "properties": {"type": "postcode-cell", "postcode": "EX1 1JS", "postcodes": ["EX1 1JS"]}, "geometry": {"type": "Polygon", "coordinates": [[[-3.5307224813802303, 50.72209755533186], [-3.529719046387116, 50.72231244859126], [-3.529841468862767, 50.72189678482686], [-3.530261249451962, 50.72165613624449], [-3.5307224813802303, 50.72209755533186]]]}}, {"type": "Feature", "properties": {"type": "postcode-cell", "postcode": "EX2 8GT", "postcodes": ["EX2 8GT"]}, "geometry": {"type": "Polygon", "coordinates": [[[-3.530639835260988, 50.71738437933606], [-3.5296783348186693, 50.717385220736965], [-3.52961282089737, 50.71719353570339], [-3.5297661357159633, 50.717014214453435], [-3.530425318017995, 50.7169002002456], [-3.530639835260988, 50.71738437933606]]]}}, {"type": "Feature", "properties": {"type": "postcode-cell", "postcode": "EX2 4AP", "postcodes": ["EX2 4AP"]}, "geometry": {"type": "Polygon", "coordinates": [[[-3.5296783348186693, 50.717385220736965], [-3.529558228459031, 50.717767200867364], [-3.528437790785558, 50.717813589828275], [-3.5282566236233293, 50.71777247084118], [-3.528029530165758, 50.717462228355814], [-3.528342958468683, 50.71689803138727], [-3.52961282089737, 50.71719353570339], [-3.5296783348186693, 50.717385220736965]]]}}, {"type": "Feature", "properties": {"type": "postcode-cell", "postcode": "EX4 3NE", "postcodes": ["EX4 3NE"]}, "geometry": {"type": "Polygon", "coordinates": [[[-3.5305613669350366, 50.72437717652877], [-3.5302634241949864, 50.72482844626205], [-3.530096920539721, 50.724867741259246], [-3.529934717513945, 50.7243273708095], [-3.5303267790989, 50.72424395603751], [-3.5305613669350366, 50.72437717652877]]]}}, {"type": "Feature", "properties": {"type": "postcode-cell", "postcode": "EX1 1AJ", "postcodes": ["EX1 1AJ"]}, "geometry": {"type": "Polygon", "coordinates": [[[-3.5300249472354963, 50.722973601725165], [-3.52934268090475, 50.72335616198156], [-3.5289281967021244, 50.72334336466431], [-3.5285487358065843, 50.723073572237645], [-3.5300298792939677, 50.722910335355934], [-3.530027243233672, 50.72297055564366], [-3.5300249472354963, 50.722973601725165]]]}}, {"type": "Feature", "properties": {"type": "postcode-cell", "postcode": "EX1 1HX", "postcodes": ["EX1 1HX"]}, "geometry": {"type": "Polygon", "coordinates": [[[-3.5303417462736637, 50.72158177473131], [-3.530261249451962, 50.72165613624449], [-3.529841468862767, 50.72189678482686], [-3.52874424489653, 50.72138312726763], [-3.52874960371747, 50.72105920756659], [-3.5288420606567383, 50.72102830006586], [-3.5292213573338866, 50.72107177732495], [-3.5302421170744536, 50.72143239121708], [-3.5303417462736637, 50.72158177473131]]]}}, {"type": "Feature", "properties": {"type": "postcode-cell", "postcode": "EX1 1JA", "postcodes": ["EX1 1JA"]}, "geometry": {"type": "Polygon", "coordinates": [[[-3.5302421170744536, 50.72143239121708], [-3.5292213573338866, 50.72107177732495], [-3.5299337180439365, 50.72093846328173], [-3.530324964778809, 50.72116308088918], [-3.5302421170744536, 50.72143239121708]]]}}, {"type": "Feature", "properties": {"type": "postcode-cell", "postcode": "EX4 8FG", "postcodes": ["EX4 8FG"]}, "geometry": {"type": "Polygon", "coordinates": [[[-3.5305293087260763, 50.72098233765707], [-3.530324964778809, 50.72116308088918], [-3.5299337180439365, 50.72093846328173], [-3.5300337488656655, 50.72084512656875], [-3.5305087357695726, 50.720769547022265], [-3.5305293087260763, 50.72098233765707]]]}}, {"type": "Feature", "properties": {"type": "postcode-cell", "postcode": "EX4 3LW", "postcodes": ["EX4 3LW"]}, "geometry": {"type": "Polygon", "coordinates": [[[-3.5303353528875205, 50.72413423801583], [-3.529926964855696, 50.72393641750964], [-3.5299297291323826, 50.72376303421973], [-3.5301398959539427, 50.723640243292856], [-3.5306042586632533, 50.723835233993874], [-3.5303353528875205, 50.72413423801583]]]}}, {"type": "Feature", "properties": {"type": "postcode-cell", "postcode": "EX1 1EU", "postcodes": ["EX1 1EU"]}, "geometry": {"type": "Polygon", "coordinates": [[[-3.5301398959539427, 50.723640243292856], [-3.5299297291323826, 50.72376303421973], [-3.5294057816342064, 50.72374028756421], [-3.529343775825941, 50.72369367162346], [-3.52934268090475, 50.72335616198156], [-3.5300249472354963, 50.722973601725165], [-3.5301398959539427, 50.723640243292856]]]}}, {"type": "Feature", "properties": {"type": "postcode-cell", "postcode": "EX4 3PU", "postcodes": ["EX4 3PU"]}, "geometry": {"type": "Polygon", "coordinates": [[[-3.53126473307321, 50.72598148909806], [-3.5315137795071325, 50.726471570708256], [-3.531488791666671, 50.72648540669904], [-3.529150905455175, 50.72690217979965], [-3.529097948429129, 50.72664669833487], [-3.529169745380102, 50.726108572861406], [-3.529681239899462, 50.725736486115785], [-3.5308513017192675, 50.72585141574934], [-3.53126473307321, 50.72598148909806]]]}}, {"type": "Feature", "properties": {"type": "postcode-cell", "postcode": "EX1 1ED", "postcodes": ["EX1 1ED"]}, "geometry": {"type": "Polygon", "coordinates": [[[-3.5306340324699885, 50.72057713499121], [-3.5305087357695726, 50.720769547022265], [-3.5300337488656655, 50.72084512656875], [-3.5297241983199994, 50.72046940738564], [-3.5306340324699885, 50.72057713499121]]]}}, {"type": "Feature", "properties": {"type": "postcode-cell", "postcode": "EX1 1JL", "postcodes": ["EX1 1JL"]}, "geometry": {"type": "Polygon", "coordinates": [[[-3.5299337180439365, 50.72093846328173], [-3.5292213573338866, 50.72107177732495], [-3.5288420606567383, 50.72102830006586], [-3.5294668130887032, 50.720388756847456], [-3.5297241983199994, 50.72046940738564], [-3.5300337488656655, 50.72084512656875], [-3.5299337180439365, 50.72093846328173]]]}}, {"type": "Feature", "properties": {"type": "postcode-cell", "postcode": "EX2 4DA", "postcodes": ["EX2 4DA"]}, "geometry": {"type": "Polygon", "coordinates": [[[-3.529831223556207, 50.719930707998444], [-3.5294446326189424, 50.72003314529938], [-3.5289162501386153, 50.71980901319631], [-3.529146688944931, 50.71935912935743], [-3.529609779027013, 50.71923443096456], [-3.530348814678993, 50.71963751747089], [-3.529831223556207, 50.719930707998444]]]}}, {"type": "Feature", "properties": {"type": "postcode-cell", "postcode": "EX2 8BU", "postcodes": ["EX2 8BU"]}, "geometry": {"type": "Polygon", "coordinates": [[[-3.5298313836657074, 50.7119706572632], [-3.529547773466204, 50.71229868822774], [-3.527305948770405, 50.71193720975891], [-3.526717301635795, 50.711477273047194], [-3.529461274257247, 50.71145267328405], [-3.529489989753212, 50.71146999473407], [-3.530008660336214, 50.71169493192663], [-3.5298313836657074, 50.7119706572632]]]}}, {"type": "Feature", "properties": {"type": "postcode-cell", "postcode": "EX4 3LN", "postcodes": ["EX4 3LN"]}, "geometry": {"type": "Polygon", "coordinates": [[[-3.529934717513945, 50.7243273708095], [-3.5295212102961826, 50.72428722714809], [-3.5294623113025385, 50.72418503936319], [-3.529926964855696, 50.72393641750964], [-3.5303353528875205, 50.72413423801583], [-3.5303267790989, 50.72424395603751], [-3.529934717513945, 50.7243273708095]]]}}, {"type": "Feature", "properties": {"type": "postcode-cell", "postcode": "EX1 2JY", "postcodes": ["EX1 2JY"]}, "geometry": {"type": "Polygon", "coordinates": [[[-3.524020732309723, 50.724744371245855], [-3.524430693619041, 50.7251322100389], [-3.523019989742565, 50.72523999474502], [-3.5227399897424823, 50.72503999474484], [-3.5230829358964666, 50.724487104256696], [-3.524020732309723, 50.724744371245855]]]}}, {"type": "Feature", "properties": {"type": "postcode-cell", "postcode": "EX4 3PL", "postcodes": ["EX4 3PL"]}, "geometry": {"type": "Polygon", "coordinates": [[[-3.528734063346721, 50.72585922232067], [-3.5286504006111543, 50.725721042426834], [-3.5286421778569355, 50.72569330110376], [-3.5289749033523643, 50.72558780241612], [-3.5296596189138665, 50.72571857174996], [-3.529681239899462, 50.725736486115785], [-3.529169745380102, 50.726108572861406], [-3.528734063346721, 50.72585922232067]]]}}, {"type": "Feature", "properties": {"type": "postcode-cell", "postcode": "EX4 3QG", "postcodes": ["EX4 3QG"]}, "geometry": {"type": "Polygon", "coordinates": [[[-3.529169745380102, 50.726108572861406], [-3.529097948429129, 50.72664669833487], [-3.5283765942126215, 50.72609517383807], [-3.528734063346721, 50.72585922232067], [-3.529169745380102, 50.726108572861406]]]}}, {"type": "Feature", "properties": {"type": "postcode-cell", "postcode": "EX4 3NL", "postcodes": ["EX4 3NL"]}, "geometry": {"type": "Polygon", "coordinates": [[[-3.529934717513945, 50.7243273708095], [-3.530096920539721, 50.724867741259246], [-3.5299150893448124, 50.72495918494399], [-3.5298470949767196, 50.724961524442534], [-3.5296337698809954, 50.72477969231009], [-3.5293930181778004, 50.7244587099416], [-3.5295212102961826, 50.72428722714809], [-3.529934717513945, 50.7243273708095]]]}}, {"type": "Feature", "properties": {"type": "postcode-cell", "postcode": "EX1 1HY", "postcodes": ["EX1 1HY"]}, "geometry": {"type": "Polygon", "coordinates": [[[-3.529719046387116, 50.72231244859126], [-3.5296353338128745, 50.72247182081051], [-3.528445611065269, 50.72239785787423], [-3.528382594528372, 50.72236335604372], [-3.528324774459864, 50.7218666166203], [-3.52874424489653, 50.72138312726763], [-3.529841468862767, 50.72189678482686], [-3.529719046387116, 50.72231244859126]]]}}, {"type": "Feature", "properties": {"type": "postcode-cell", "postcode": "EX1 1DY", "postcodes": ["EX1 1DY"]}, "geometry": {"type": "Polygon", "coordinates": [[[-3.529926964855696, 50.72393641750964], [-3.5294623113025385, 50.72418503936319], [-3.529436489507965, 50.72416715947575], [-3.5294057816342064, 50.72374028756421], [-3.5299297291323826, 50.72376303421973], [-3.529926964855696, 50.72393641750964]]]}}, {"type": "Feature", "properties": {"type": "postcode-cell", "postcode": "EX2 4AZ", "postcodes": ["EX2 4AZ"]}, "geometry": {"type": "Polygon", "coordinates": [[[-3.529609779027013, 50.71923443096456], [-3.529146688944931, 50.71935912935743], [-3.528814519592668, 50.71894207792653], [-3.528857015924118, 50.71889977589578], [-3.5298804490071087, 50.71883566863709], [-3.529609779027013, 50.71923443096456]]]}}, {"type": "Feature", "properties": {"type": "postcode-cell", "postcode": "EX4 3NZ", "postcodes": ["EX4 3NZ"]}, "geometry": {"type": "Polygon", "coordinates": [[[-3.5296337698809954, 50.72477969231009], [-3.5288250364232114, 50.724789566499545], [-3.528981841591493, 50.7245519969895], [-3.5293930181778004, 50.7244587099416], [-3.5296337698809954, 50.72477969231009]]]}}, {"type": "Feature", "properties": {"type": "postcode-cell", "postcode": "EX2 8GR", "postcodes": ["EX2 8GR"]}, "geometry": {"type": "Polygon", "coordinates": [[[-3.5296981450939815, 50.7162853984254], [-3.5297661357159633, 50.717014214453435], [-3.52961282089737, 50.71719353570339], [-3.528342958468683, 50.71689803138727], [-3.528035521646414, 50.71640534595017], [-3.5286032913903647, 50.71609884004203], [-3.5296981450939815, 50.7162853984254]]]}}, {"type": "Feature", "properties": {"type": "postcode-cell", "postcode": "EX2 8GW", "postcodes": ["EX2 8GW"]}, "geometry": {"type": "Polygon", "coordinates": [[[-3.53014961749918, 50.71526159839238], [-3.5286676550312737, 50.715709046907925], [-3.5281545654417923, 50.71500817325989], [-3.528429518555083, 50.71479873797021], [-3.5290700437236064, 50.714691782453166], [-3.530088608990529, 50.71508545552244], [-3.53014961749918, 50.71526159839238]]]}}, {"type": "Feature", "properties": {"type": "postcode-cell", "postcode": "EX1 1LX", "postcodes": ["EX1 1LX"]}, "geometry": {"type": "Polygon", "coordinates": [[[-3.5294623113025385, 50.72418503936319], [-3.5295212102961826, 50.72428722714809], [-3.5293930181778004, 50.7244587099416], [-3.528981841591493, 50.7245519969895], [-3.52863647717928, 50.72433433120072], [-3.5289909977915928, 50.72410071262228], [-3.529436489507965, 50.72416715947575], [-3.5294623113025385, 50.72418503936319]]]}}, {"type": "Feature", "properties": {"type": "postcode-cell", "postcode": "EX1 1QF", "postcodes": ["EX1 1QF"]}, "geometry": {"type": "Polygon", "coordinates": [[[-3.5294668130887032, 50.720388756847456], [-3.5288420606567383, 50.72102830006586], [-3.52874960371747, 50.72105920756659], [-3.528653650185203, 50.72102784166304], [-3.528164080790328, 50.72003186335124], [-3.528531776968626, 50.71982412279598], [-3.5289162501386153, 50.71980901319631], [-3.5294446326189424, 50.72003314529938], [-3.5294668130887032, 50.720388756847456]]]}}, {"type": "Feature", "properties": {"type": "postcode-cell", "postcode": "EX1 1LT", "postcodes": ["EX1 1LT"]}, "geometry": {"type": "Polygon", "coordinates": [[[-3.529436489507965, 50.72416715947575], [-3.5289909977915928, 50.72410071262228], [-3.5289105654940958, 50.724017775073975], [-3.529110183624889, 50.72374827484815], [-3.529343775825941, 50.72369367162346], [-3.5294057816342064, 50.72374028756421], [-3.529436489507965, 50.72416715947575]]]}}, {"type": "Feature", "properties": {"type": "postcode-cell", "postcode": "EX1 1EZ", "postcodes": ["EX1 1EZ"]}, "geometry": {"type": "Polygon", "coordinates": [[[-3.5300298792939677, 50.722910335355934], [-3.5285487358065843, 50.723073572237645], [-3.5283657225925174, 50.72298819351639], [-3.528445611065269, 50.72239785787423], [-3.5296353338128745, 50.72247182081051], [-3.5300460183762947, 50.722822223237685], [-3.5300298792939677, 50.722910335355934]]]}}, {"type": "Feature", "properties": {"type": "postcode-cell", "postcode": "EX4 3QB", "postcodes": ["EX4 3QB"]}, "geometry": {"type": "Polygon", "coordinates": [[[-3.5298470949767196, 50.724961524442534], [-3.529459004015978, 50.72515440532952], [-3.5292003189839143, 50.7251484497685], [-3.5286497690001526, 50.72501030371641], [-3.5286509985671572, 50.72495734007309], [-3.5288250364232114, 50.724789566499545], [-3.5296337698809954, 50.72477969231009], [-3.5298470949767196, 50.724961524442534]]]}}, {"type": "Feature", "properties": {"type": "postcode-cell", "postcode": "EX2 4AY", "postcodes": ["EX2 4AY"]}, "geometry": {"type": "Polygon", "coordinates": [[[-3.528814519592668, 50.71894207792653], [-3.5282162776091397, 50.71901239886836], [-3.527635907823383, 50.71881470625892], [-3.527472900632925, 50.71872317538365], [-3.527619918382723, 50.71859980626718], [-3.528625490540255, 50.71842943401724], [-3.528884715444456, 50.71851977165628], [-3.528857015924118, 50.71889977589578], [-3.528814519592668, 50.71894207792653]]]}}, {"type": "Feature", "properties": {"type": "postcode-cell", "postcode": "EX2 4DG", "postcodes": ["EX2 4DG"]}, "geometry": {"type": "Polygon", "coordinates": [[[-3.528884715444456, 50.71851977165628], [-3.528625490540255, 50.71842943401724], [-3.528437790785558, 50.717813589828275], [-3.529558228459031, 50.717767200867364], [-3.529901450327344, 50.718156076590034], [-3.528884715444456, 50.71851977165628]]]}}, {"type": "Feature", "properties": {"type": "postcode-cell", "postcode": "EX2 8AY", "postcodes": ["EX2 8AY"]}, "geometry": {"type": "Polygon", "coordinates": [[[-3.528035521646414, 50.71640534595017], [-3.5270221642544994, 50.716336112406445], [-3.5268567642291093, 50.71595513129981], [-3.526953171743148, 50.71506289732399], [-3.5281545654417923, 50.71500817325989], [-3.5286676550312737, 50.715709046907925], [-3.5286032913903647, 50.71609884004203], [-3.528035521646414, 50.71640534595017]]]}}, {"type": "Feature", "properties": {"type": "postcode-cell", "postcode": "EX4 3PX", "postcodes": ["EX4 3PX"]}, "geometry": {"type": "Polygon", "coordinates": [[[-3.5292003189839143, 50.7251484497685], [-3.528980341515444, 50.72555771208251], [-3.5285261321005925, 50.72508575521193], [-3.5285263396131743, 50.72508199282366], [-3.5286497690001526, 50.72501030371641], [-3.5292003189839143, 50.7251484497685]]]}}, {"type": "Feature", "properties": {"type": "postcode-cell", "postcode": "EX4 3PT", "postcodes": ["EX4 3PT"]}, "geometry": {"type": "Polygon", "coordinates": [[[-3.5296596189138665, 50.72571857174996], [-3.5289749033523643, 50.72558780241612], [-3.528980341515444, 50.72555771208251], [-3.5292003189839143, 50.7251484497685], [-3.529459004015978, 50.72515440532952], [-3.5296596189138665, 50.72571857174996]]]}}, {"type": "Feature", "properties": {"type": "postcode-cell", "postcode": "EX2 4JD", "postcodes": ["EX2 4JD"]}, "geometry": {"type": "Polygon", "coordinates": [[[-3.5289162501386153, 50.71980901319631], [-3.528531776968626, 50.71982412279598], [-3.5283092262963973, 50.7195995314136], [-3.5282162776091397, 50.71901239886836], [-3.528814519592668, 50.71894207792653], [-3.529146688944931, 50.71935912935743], [-3.5289162501386153, 50.71980901319631]]]}}, {"type": "Feature", "properties": {"type": "postcode-cell", "postcode": "EX1 1LR", "postcodes": ["EX1 1LR"]}, "geometry": {"type": "Polygon", "coordinates": [[[-3.529343775825941, 50.72369367162346], [-3.529110183624889, 50.72374827484815], [-3.5284874576562073, 50.72366605876351], [-3.5289281967021244, 50.72334336466431], [-3.52934268090475, 50.72335616198156], [-3.529343775825941, 50.72369367162346]]]}}, {"type": "Feature", "properties": {"type": "postcode-cell", "postcode": "EX4 3LH", "postcodes": ["EX4 3LH"]}, "geometry": {"type": "Polygon", "coordinates": [[[-3.5288250364232114, 50.724789566499545], [-3.5286509985671572, 50.72495734007309], [-3.528603388899133, 50.72491808639192], [-3.5282649044218006, 50.72431154788028], [-3.52863647717928, 50.72433433120072], [-3.528981841591493, 50.7245519969895], [-3.5288250364232114, 50.724789566499545]]]}}, {"type": "Feature", "properties": {"type": "postcode-cell", "postcode": "EX1 1GL", "postcodes": ["EX1 1GL"]}, "geometry": {"type": "Polygon", "coordinates": [[[-3.5282766910173975, 50.723118878067226], [-3.527615642970103, 50.723487153927756], [-3.5272285872485, 50.72349663417863], [-3.527216573486724, 50.723493386938515], [-3.5275231672755685, 50.723106333442686], [-3.5283240503981674, 50.72301521418442], [-3.5282766910173975, 50.723118878067226]]]}}, {"type": "Feature", "properties": {"type": "postcode-cell", "postcode": "EX1 1GD", "postcodes": ["EX1 1GD"]}, "geometry": {"type": "Polygon", "coordinates": [[[-3.5283240503981674, 50.72301521418442], [-3.5283657225925174, 50.72298819351639], [-3.5285487358065843, 50.723073572237645], [-3.5289281967021244, 50.72334336466431], [-3.5284874576562073, 50.72366605876351], [-3.5284218493842068, 50.72368639386611], [-3.5282695408315226, 50.72358177372196], [-3.5282766910173975, 50.723118878067226], [-3.5283240503981674, 50.72301521418442]]]}}, {"type": "Feature", "properties": {"type": "postcode-cell", "postcode": "EX1 1RS", "postcodes": ["EX1 1RS"]}, "geometry": {"type": "Polygon", "coordinates": [[[-3.52874960371747, 50.72105920756659], [-3.52874424489653, 50.72138312726763], [-3.528324774459864, 50.7218666166203], [-3.527336322534646, 50.72163262733352], [-3.5273285266275063, 50.72161103440133], [-3.5278386346862725, 50.72097472493155], [-3.528653650185203, 50.72102784166304], [-3.52874960371747, 50.72105920756659]]]}}, {"type": "Feature", "properties": {"type": "postcode-cell", "postcode": "EX4 3RY", "postcodes": ["EX4 3RY"]}, "geometry": {"type": "Polygon", "coordinates": [[[-3.529150905455175, 50.72690217979965], [-3.528892429815963, 50.72708388121173], [-3.528279989745175, 50.72676999474613], [-3.527494797390535, 50.72605565632836], [-3.528079393573467, 50.72605626749189], [-3.5283765942126215, 50.72609517383807], [-3.529097948429129, 50.72664669833487], [-3.529150905455175, 50.72690217979965]]]}}, {"type": "Feature", "properties": {"type": "postcode-cell", "postcode": "EX1 1GH", "postcodes": ["EX1 1GH"]}, "geometry": {"type": "Polygon", "coordinates": [[[-3.5289909977915928, 50.72410071262228], [-3.52863647717928, 50.72433433120072], [-3.5282649044218006, 50.72431154788028], [-3.5282042380530174, 50.72429294121626], [-3.5280539712930983, 50.72409541150231], [-3.5283748426360053, 50.72383884978038], [-3.5289105654940958, 50.724017775073975], [-3.5289909977915928, 50.72410071262228]]]}}, {"type": "Feature", "properties": {"type": "postcode-cell", "postcode": "EX1 1LL", "postcodes": ["EX1 1LL"]}, "geometry": {"type": "Polygon", "coordinates": [[[-3.5289105654940958, 50.724017775073975], [-3.5283748426360053, 50.72383884978038], [-3.5284218493842068, 50.72368639386611], [-3.5284874576562073, 50.72366605876351], [-3.529110183624889, 50.72374827484815], [-3.5289105654940958, 50.724017775073975]]]}}, {"type": "Feature", "properties": {"type": "postcode-cell", "postcode": "EX4 3LF", "postcodes": ["EX4 3LF"]}, "geometry": {"type": "Polygon", "coordinates": [[[-3.5286509985671572, 50.72495734007309], [-3.5286497690001526, 50.72501030371641], [-3.5285263396131743, 50.72508199282366], [-3.527789250541427, 50.72511457557102], [-3.5276012476452467, 50.724714790509275], [-3.527879825020273, 50.72461221416706], [-3.528603388899133, 50.72491808639192], [-3.5286509985671572, 50.72495734007309]]]}}, {"type": "Feature", "properties": {"type": "postcode-cell", "postcode": "EX4 3FE", "postcodes": ["EX4 3FE"]}, "geometry": {"type": "Polygon", "coordinates": [[[-3.5289749033523643, 50.72558780241612], [-3.5286421778569355, 50.72569330110376], [-3.5284227142285602, 50.725591069673634], [-3.5285261321005925, 50.72508575521193], [-3.528980341515444, 50.72555771208251], [-3.5289749033523643, 50.72558780241612]]]}}, {"type": "Feature", "properties": {"type": "postcode-cell", "postcode": "EX2 4UJ", "postcodes": ["EX2 4UJ"]}, "geometry": {"type": "Polygon", "coordinates": [[[-3.528625490540255, 50.71842943401724], [-3.527619918382723, 50.71859980626718], [-3.52783591504483, 50.71805049454956], [-3.5282566236233293, 50.71777247084118], [-3.528437790785558, 50.717813589828275], [-3.528625490540255, 50.71842943401724]]]}}, {"type": "Feature", "properties": {"type": "postcode-cell", "postcode": "EX4 3QJ", "postcodes": ["EX4 3QJ"]}, "geometry": {"type": "Polygon", "coordinates": [[[-3.5286504006111543, 50.725721042426834], [-3.528079393573467, 50.72605626749189], [-3.527494797390535, 50.72605565632836], [-3.5273857298037896, 50.725956428578414], [-3.528301152533263, 50.72560837379579], [-3.5284227142285602, 50.725591069673634], [-3.5286421778569355, 50.72569330110376], [-3.5286504006111543, 50.725721042426834]]]}}, {"type": "Feature", "properties": {"type": "postcode-cell", "postcode": "EX1 1GG", "postcodes": ["EX1 1GG"]}, "geometry": {"type": "Polygon", "coordinates": [[[-3.5284218493842068, 50.72368639386611], [-3.5283748426360053, 50.72383884978038], [-3.5280539712930983, 50.72409541150231], [-3.52792824311503, 50.72407931299583], [-3.527920280071223, 50.724074192623945], [-3.5272285872485, 50.72349663417863], [-3.527615642970103, 50.723487153927756], [-3.5282695408315226, 50.72358177372196], [-3.5284218493842068, 50.72368639386611]]]}}, {"type": "Feature", "properties": {"type": "postcode-cell", "postcode": "EX2 4JR", "postcodes": ["EX2 4JR"]}, "geometry": {"type": "Polygon", "coordinates": [[[-3.5283092262963973, 50.7195995314136], [-3.5273459671735625, 50.719369305852254], [-3.527140119909467, 50.71924661730166], [-3.5277699897485943, 50.71888999473994], [-3.527635907823383, 50.71881470625892], [-3.5282162776091397, 50.71901239886836], [-3.5283092262963973, 50.7195995314136]]]}}, {"type": "Feature", "properties": {"type": "postcode-cell", "postcode": "EX1 1AF", "postcodes": ["EX1 1AF"]}, "geometry": {"type": "Polygon", "coordinates": [[[-3.528653650185203, 50.72102784166304], [-3.5278386346862725, 50.72097472493155], [-3.5274699200838917, 50.72082176365948], [-3.527707823149548, 50.720095103899546], [-3.527722799203178, 50.72008977772789], [-3.528164080790328, 50.72003186335124], [-3.528653650185203, 50.72102784166304]]]}}, {"type": "Feature", "properties": {"type": "postcode-cell", "postcode": "EX4 3QL", "postcodes": ["EX4 3QL"]}, "geometry": {"type": "Polygon", "coordinates": [[[-3.528734063346721, 50.72585922232067], [-3.5283765942126215, 50.72609517383807], [-3.528079393573467, 50.72605626749189], [-3.5286504006111543, 50.725721042426834], [-3.528734063346721, 50.72585922232067]]]}}, {"type": "Feature", "properties": {"type": "postcode-cell", "postcode": "EX4 3PZ", "postcodes": ["EX4 3PZ"]}, "geometry": {"type": "Polygon", "coordinates": [[[-3.5285261321005925, 50.72508575521193], [-3.5284227142285602, 50.725591069673634], [-3.528301152533263, 50.72560837379579], [-3.5276813749100926, 50.725201187116326], [-3.527789250541427, 50.72511457557102], [-3.5285263396131743, 50.72508199282366], [-3.5285261321005925, 50.72508575521193]]]}}, {"type": "Feature", "properties": {"type": "postcode-cell", "postcode": "EX1 1GQ", "postcodes": ["EX1 1GQ"]}, "geometry": {"type": "Polygon", "coordinates": [[[-3.528603388899133, 50.72491808639192], [-3.527879825020273, 50.72461221416706], [-3.5282042380530174, 50.72429294121626], [-3.5282649044218006, 50.72431154788028], [-3.528603388899133, 50.72491808639192]]]}}, {"type": "Feature", "properties": {"type": "postcode-cell", "postcode": "EX2 4JP", "postcodes": ["EX2 4JP"]}, "geometry": {"type": "Polygon", "coordinates": [[[-3.528531776968626, 50.71982412279598], [-3.528164080790328, 50.72003186335124], [-3.527722799203178, 50.72008977772789], [-3.5273459671735625, 50.719369305852254], [-3.5283092262963973, 50.7195995314136], [-3.528531776968626, 50.71982412279598]]]}}, {"type": "Feature", "properties": {"type": "postcode-cell", "postcode": "EX2 4DF", "postcodes": ["EX2 4DF"]}, "geometry": {"type": "Polygon", "coordinates": [[[-3.527472900632925, 50.71872317538365], [-3.5267442509775515, 50.718314020926584], [-3.526865452107856, 50.71795818740478], [-3.5270902569371336, 50.71788323881439], [-3.52783591504483, 50.71805049454956], [-3.527619918382723, 50.71859980626718], [-3.527472900632925, 50.71872317538365]]]}}, {"type": "Feature", "properties": {"type": "postcode-cell", "postcode": "EX2 4AS", "postcodes": ["EX2 4AS"]}, "geometry": {"type": "Polygon", "coordinates": [[[-3.528342958468683, 50.71689803138727], [-3.528029530165758, 50.717462228355814], [-3.527765386899065, 50.71745423672553], [-3.527474845254836, 50.71730753002916], [-3.526829570189921, 50.71645258764423], [-3.5270221642544994, 50.716336112406445], [-3.528035521646414, 50.71640534595017], [-3.528342958468683, 50.71689803138727]]]}}, {"type": "Feature", "properties": {"type": "postcode-cell", "postcode": "EX1 1HA", "postcodes": ["EX1 1HA"]}, "geometry": {"type": "Polygon", "coordinates": [[[-3.5283657225925174, 50.72298819351639], [-3.5283240503981674, 50.72301521418442], [-3.5275231672755685, 50.723106333442686], [-3.5274179378592403, 50.72285509296839], [-3.5280232085739827, 50.72240148395253], [-3.528382594528372, 50.72236335604372], [-3.528445611065269, 50.72239785787423], [-3.5283657225925174, 50.72298819351639]]]}}, {"type": "Feature", "properties": {"type": "postcode-cell", "postcode": "EX1 1GA", "postcodes": ["EX1 1GA"]}, "geometry": {"type": "Polygon", "coordinates": [[[-3.5256041295187965, 50.72489254770009], [-3.5262425800115453, 50.724686568924284], [-3.5266851354547666, 50.7251732792609], [-3.5266522317443685, 50.72538198947441], [-3.526029989744583, 50.72500999474479], [-3.525536135898247, 50.72504773656113], [-3.5256041295187965, 50.72489254770009]]]}}, {"type": "Feature", "properties": {"type": "postcode-cell", "postcode": "EX4 3QD", "postcodes": ["EX4 3QD"]}, "geometry": {"type": "Polygon", "coordinates": [[[-3.5276813749100926, 50.725201187116326], [-3.528301152533263, 50.72560837379579], [-3.5273857298037896, 50.725956428578414], [-3.526951266633215, 50.72556115646328], [-3.5276813749100926, 50.725201187116326]]]}}, {"type": "Feature", "properties": {"type": "postcode-cell", "postcode": "EX1 1GJ", "postcodes": ["EX1 1GJ"]}, "geometry": {"type": "Polygon", "coordinates": [[[-3.5282695408315226, 50.72358177372196], [-3.527615642970103, 50.723487153927756], [-3.5282766910173975, 50.723118878067226], [-3.5282695408315226, 50.72358177372196]]]}}, {"type": "Feature", "properties": {"type": "postcode-cell", "postcode": "EX1 1GE", "postcodes": ["EX1 1GE"]}, "geometry": {"type": "Polygon", "coordinates": [[[-3.5276012476452467, 50.724714790509275], [-3.527145540366531, 50.72459129278537], [-3.5270949592880396, 50.724522595215284], [-3.527182979646221, 50.72435882928138], [-3.52792824311503, 50.72407931299583], [-3.5280539712930983, 50.72409541150231], [-3.5282042380530174, 50.72429294121626], [-3.527879825020273, 50.72461221416706], [-3.5276012476452467, 50.724714790509275]]]}}, {"type": "Feature", "properties": {"type": "postcode-cell", "postcode": "EX1 1GB", "postcodes": ["EX1 1GB"]}, "geometry": {"type": "Polygon", "coordinates": [[[-3.5276813749100926, 50.725201187116326], [-3.526951266633215, 50.72556115646328], [-3.5269499897449057, 50.7255599947452], [-3.5266522317443685, 50.72538198947441], [-3.5266851354547666, 50.7251732792609], [-3.527145540366531, 50.72459129278537], [-3.5276012476452467, 50.724714790509275], [-3.527789250541427, 50.72511457557102], [-3.5276813749100926, 50.725201187116326]]]}}, {"type": "Feature", "properties": {"type": "postcode-cell", "postcode": "EX2 4AX", "postcodes": ["EX2 4AX"]}, "geometry": {"type": "Polygon", "coordinates": [[[-3.5282566236233293, 50.71777247084118], [-3.52783591504483, 50.71805049454956], [-3.5270902569371336, 50.71788323881439], [-3.527246042307661, 50.71760143790183], [-3.527765386899065, 50.71745423672553], [-3.528029530165758, 50.717462228355814], [-3.5282566236233293, 50.71777247084118]]]}}, {"type": "Feature", "properties": {"type": "postcode-cell", "postcode": "EX2 8DU", "postcodes": ["EX2 8DU"]}, "geometry": {"type": "Polygon", "coordinates": [[[-3.5281545654417923, 50.71500817325989], [-3.526953171743148, 50.71506289732399], [-3.5261447988521444, 50.714609423638876], [-3.527983921309038, 50.713899028927244], [-3.528429518555083, 50.71479873797021], [-3.5281545654417923, 50.71500817325989]]]}}, {"type": "Feature", "properties": {"type": "postcode-cell", "postcode": "EX2 8DY", "postcodes": ["EX2 8DY"]}, "geometry": {"type": "Polygon", "coordinates": [[[-3.527983921309038, 50.713899028927244], [-3.5261447988521444, 50.714609423638876], [-3.5261382951840767, 50.71460776610696], [-3.5251691275960493, 50.713511391284534], [-3.525266434456563, 50.713140161990076], [-3.5283933705891646, 50.713076270840965], [-3.527983921309038, 50.713899028927244]]]}}, {"type": "Feature", "properties": {"type": "postcode-cell", "postcode": "EX1 1AP", "postcodes": ["EX1 1AP", "EX1 1SG"]}, "geometry": {"type": "Polygon", "coordinates": [[[-3.5278386346862725, 50.72097472493155], [-3.5273285266275063, 50.72161103440133], [-3.5270290093076473, 50.7214521342726], [-3.527212907366198, 50.72082685765611], [-3.5274699200838917, 50.72082176365948], [-3.5278386346862725, 50.72097472493155]]]}}, {"type": "Feature", "properties": {"type": "postcode-cell", "postcode": "EX1 1GN", "postcodes": ["EX1 1GN"]}, "geometry": {"type": "Polygon", "coordinates": [[[-3.527920280071223, 50.724074192623945], [-3.5271209619806783, 50.72398473040252], [-3.5271669368854246, 50.7234984547966], [-3.527216573486724, 50.723493386938515], [-3.5272285872485, 50.72349663417863], [-3.527920280071223, 50.724074192623945]]]}}, {"type": "Feature", "properties": {"type": "postcode-cell", "postcode": "EX2 4DJ", "postcodes": ["EX2 4DJ"]}, "geometry": {"type": "Polygon", "coordinates": [[[-3.5270221642544994, 50.716336112406445], [-3.526829570189921, 50.71645258764423], [-3.5262711644819404, 50.716707469957576], [-3.525772674011086, 50.716753877182384], [-3.525284069512775, 50.71594454652161], [-3.5257537525878093, 50.71574352705202], [-3.5268567642291093, 50.71595513129981], [-3.5270221642544994, 50.716336112406445]]]}}, {"type": "Feature", "properties": {"type": "postcode-cell", "postcode": "EX1 1JG", "postcodes": ["EX1 1JG"]}, "geometry": {"type": "Polygon", "coordinates": [[[-3.528382594528372, 50.72236335604372], [-3.5280232085739827, 50.72240148395253], [-3.5270277061012534, 50.722250522885886], [-3.526935151301265, 50.72211114152135], [-3.5271103993175603, 50.721824850047355], [-3.527336322534646, 50.72163262733352], [-3.528324774459864, 50.7218666166203], [-3.528382594528372, 50.72236335604372]]]}}, {"type": "Feature", "properties": {"type": "postcode-cell", "postcode": "EX2 8BD", "postcodes": ["EX2 8BD"]}, "geometry": {"type": "Polygon", "coordinates": [[[-3.5265957436012445, 50.711392276822764], [-3.524489861085078, 50.71231176374896], [-3.5236905842877153, 50.7119206119593], [-3.5220612851241895, 50.70940353475786], [-3.5221507432236687, 50.707409545594786], [-3.5227262100916774, 50.70572507118997], [-3.525039989751882, 50.708329994731685], [-3.5270199897523526, 50.70997999473295], [-3.5271372374759093, 50.710050726474364], [-3.5265957436012445, 50.711392276822764]]]}}, {"type": "Feature", "properties": {"type": "postcode-cell", "postcode": "EX2 8EE", "postcodes": ["EX2 8EE"]}, "geometry": {"type": "Polygon", "coordinates": [[[-3.529403849712919, 50.71269779277017], [-3.5283933705891646, 50.713076270840965], [-3.525266434456563, 50.713140161990076], [-3.5250010702117147, 50.71276580330358], [-3.527305948770405, 50.71193720975891], [-3.529547773466204, 50.71229868822774], [-3.529403849712919, 50.71269779277017]]]}}, {"type": "Feature", "properties": {"type": "postcode-cell", "postcode": "EX2 4AT", "postcodes": ["EX2 4AT"]}, "geometry": {"type": "Polygon", "coordinates": [[[-3.527765386899065, 50.71745423672553], [-3.527246042307661, 50.71760143790183], [-3.5266582950703773, 50.71735244734806], [-3.526635328555996, 50.717262018230876], [-3.527474845254836, 50.71730753002916], [-3.527765386899065, 50.71745423672553]]]}}, {"type": "Feature", "properties": {"type": "postcode-cell", "postcode": "EX2 4JE", "postcodes": ["EX2 4JE"]}, "geometry": {"type": "Polygon", "coordinates": [[[-3.527707823149548, 50.720095103899546], [-3.5269046394295693, 50.72003764628992], [-3.5263603644486117, 50.71987398866046], [-3.5263468553075965, 50.71986743857087], [-3.5264099897473664, 50.71965999474055], [-3.527140119909467, 50.71924661730166], [-3.5273459671735625, 50.719369305852254], [-3.527722799203178, 50.72008977772789], [-3.527707823149548, 50.720095103899546]]]}}, {"type": "Feature", "properties": {"type": "postcode-cell", "postcode": "EX2 4AW", "postcodes": ["EX2 4AW"]}, "geometry": {"type": "Polygon", "coordinates": [[[-3.527474845254836, 50.71730753002916], [-3.526635328555996, 50.717262018230876], [-3.5262711644819404, 50.716707469957576], [-3.526829570189921, 50.71645258764423], [-3.527474845254836, 50.71730753002916]]]}}, {"type": "Feature", "properties": {"type": "postcode-cell", "postcode": "EX1 1GP", "postcodes": ["EX1 1GP"]}, "geometry": {"type": "Polygon", "coordinates": [[[-3.527182979646221, 50.72435882928138], [-3.5270465881449393, 50.724120945259024], [-3.5271209619806783, 50.72398473040252], [-3.527920280071223, 50.724074192623945], [-3.52792824311503, 50.72407931299583], [-3.527182979646221, 50.72435882928138]]]}}, {"type": "Feature", "properties": {"type": "postcode-cell", "postcode": "EX2 4DR", "postcodes": ["EX2 4DR"]}, "geometry": {"type": "Polygon", "coordinates": [[[-3.526953171743148, 50.71506289732399], [-3.5268567642291093, 50.71595513129981], [-3.5257537525878093, 50.71574352705202], [-3.52561033597352, 50.71496443124855], [-3.5261382951840767, 50.71460776610696], [-3.5261447988521444, 50.714609423638876], [-3.526953171743148, 50.71506289732399]]]}}, {"type": "Feature", "properties": {"type": "postcode-cell", "postcode": "EX1 1PJ", "postcodes": ["EX1 1PJ"]}, "geometry": {"type": "Polygon", "coordinates": [[[-3.5274179378592403, 50.72285509296839], [-3.5266906377171963, 50.72274213157538], [-3.5267539178065928, 50.722542390669375], [-3.5270277061012534, 50.722250522885886], [-3.5280232085739827, 50.72240148395253], [-3.5274179378592403, 50.72285509296839]]]}}, {"type": "Feature", "properties": {"type": "postcode-cell", "postcode": "EX1 1PR", "postcodes": ["EX1 1PR"]}, "geometry": {"type": "Polygon", "coordinates": [[[-3.5275231672755685, 50.723106333442686], [-3.527216573486724, 50.723493386938515], [-3.5271669368854246, 50.7234984547966], [-3.526785345502856, 50.72345227833573], [-3.526651841378003, 50.723254558435954], [-3.5266836429288357, 50.72274732568469], [-3.5266906377171963, 50.72274213157538], [-3.5274179378592403, 50.72285509296839], [-3.5275231672755685, 50.723106333442686]]]}}, {"type": "Feature", "properties": {"type": "postcode-cell", "postcode": "EX2 4AU", "postcodes": ["EX2 4AU"]}, "geometry": {"type": "Polygon", "coordinates": [[[-3.5270902569371336, 50.71788323881439], [-3.526865452107856, 50.71795818740478], [-3.5264527459503836, 50.71770721717413], [-3.5266582950703773, 50.71735244734806], [-3.527246042307661, 50.71760143790183], [-3.5270902569371336, 50.71788323881439]]]}}, {"type": "Feature", "properties": {"type": "postcode-cell", "postcode": "EX2 4AH", "postcodes": ["EX2 4AH"]}, "geometry": {"type": "Polygon", "coordinates": [[[-3.5264527459503836, 50.71770721717413], [-3.525846946393714, 50.717810146410464], [-3.5251699897476403, 50.71742999473884], [-3.5249399897476135, 50.71717999473863], [-3.5251129160689016, 50.71701293205281], [-3.525772674011086, 50.716753877182384], [-3.5262711644819404, 50.716707469957576], [-3.526635328555996, 50.717262018230876], [-3.5266582950703773, 50.71735244734806], [-3.5264527459503836, 50.71770721717413]]]}}, {"type": "Feature", "properties": {"type": "postcode-cell", "postcode": "EX2 8BG", "postcodes": ["EX2 8BG"]}, "geometry": {"type": "Polygon", "coordinates": [[[-3.527305948770405, 50.71193720975891], [-3.5250010702117147, 50.71276580330358], [-3.524489861085078, 50.71231176374896], [-3.5265957436012445, 50.711392276822764], [-3.526717301635795, 50.711477273047194], [-3.527305948770405, 50.71193720975891]]]}}, {"type": "Feature", "properties": {"type": "postcode-cell", "postcode": "EX2 4AA", "postcodes": ["EX2 4AA"]}, "geometry": {"type": "Polygon", "coordinates": [[[-3.527707823149548, 50.720095103899546], [-3.5274699200838917, 50.72082176365948], [-3.527212907366198, 50.72082685765611], [-3.527059211573958, 50.72080967817179], [-3.5269046394295693, 50.72003764628992], [-3.527707823149548, 50.720095103899546]]]}}, {"type": "Feature", "properties": {"type": "postcode-cell", "postcode": "EX2 4BX", "postcodes": ["EX2 4BX"]}, "geometry": {"type": "Polygon", "coordinates": [[[-3.5267442509775515, 50.718314020926584], [-3.525846946393714, 50.717810146410464], [-3.5264527459503836, 50.71770721717413], [-3.526865452107856, 50.71795818740478], [-3.5267442509775515, 50.718314020926584]]]}}, {"type": "Feature", "properties": {"type": "postcode-cell", "postcode": "EX1 1PE", "postcodes": ["EX1 1PE"]}, "geometry": {"type": "Polygon", "coordinates": [[[-3.527336322534646, 50.72163262733352], [-3.5271103993175603, 50.721824850047355], [-3.5264525566175866, 50.72160152163571], [-3.5263095601348944, 50.72130307439256], [-3.5270290093076473, 50.7214521342726], [-3.5273285266275063, 50.72161103440133], [-3.527336322534646, 50.72163262733352]]]}}, {"type": "Feature", "properties": {"type": "postcode-cell", "postcode": "EX1 1TS", "postcodes": ["EX1 1TS"]}, "geometry": {"type": "Polygon", "coordinates": [[[-3.5271209619806783, 50.72398473040252], [-3.5270465881449393, 50.724120945259024], [-3.5263839445268688, 50.72399536103931], [-3.5264689435172167, 50.723703105158314], [-3.5265489047971914, 50.72357611570754], [-3.526785345502856, 50.72345227833573], [-3.5271669368854246, 50.7234984547966], [-3.5271209619806783, 50.72398473040252]]]}}, {"type": "Feature", "properties": {"type": "postcode-cell", "postcode": "EX2 4HY", "postcodes": ["EX2 4HY"]}, "geometry": {"type": "Polygon", "coordinates": [[[-3.5269046394295693, 50.72003764628992], [-3.527059211573958, 50.72080967817179], [-3.526718836607703, 50.720841144585265], [-3.5263603644486117, 50.71987398866046], [-3.5269046394295693, 50.72003764628992]]]}}, {"type": "Feature", "properties": {"type": "postcode-cell", "postcode": "EX1 1GR", "postcodes": ["EX1 1GR"]}, "geometry": {"type": "Polygon", "coordinates": [[[-3.5266851354547666, 50.7251732792609], [-3.5262425800115453, 50.724686568924284], [-3.526356598414922, 50.724429382519354], [-3.5270949592880396, 50.724522595215284], [-3.527145540366531, 50.72459129278537], [-3.5266851354547666, 50.7251732792609]]]}}, {"type": "Feature", "properties": {"type": "postcode-cell", "postcode": "EX1 1UA", "postcodes": ["EX1 1UA"]}, "geometry": {"type": "Polygon", "coordinates": [[[-3.527182979646221, 50.72435882928138], [-3.5270949592880396, 50.724522595215284], [-3.526356598414922, 50.724429382519354], [-3.52616801844146, 50.72427924273786], [-3.5261815016775357, 50.72417239907552], [-3.5263839445268688, 50.72399536103931], [-3.5270465881449393, 50.724120945259024], [-3.527182979646221, 50.72435882928138]]]}}, {"type": "Feature", "properties": {"type": "postcode-cell", "postcode": "EX1 1NX", "postcodes": ["EX1 1NX"]}, "geometry": {"type": "Polygon", "coordinates": [[[-3.5270277061012534, 50.722250522885886], [-3.5267539178065928, 50.722542390669375], [-3.526079333026502, 50.72233039185191], [-3.526272175509823, 50.722082324895915], [-3.5265597979183503, 50.72203579902275], [-3.526935151301265, 50.72211114152135], [-3.5270277061012534, 50.722250522885886]]]}}, {"type": "Feature", "properties": {"type": "postcode-cell", "postcode": "EX1 1AR", "postcodes": ["EX1 1AR"]}, "geometry": {"type": "Polygon", "coordinates": [[[-3.5270290093076473, 50.7214521342726], [-3.5263095601348944, 50.72130307439256], [-3.526195821223589, 50.72123372117112], [-3.526543581919096, 50.720896870239315], [-3.526718836607703, 50.720841144585265], [-3.527059211573958, 50.72080967817179], [-3.527212907366198, 50.72082685765611], [-3.5270290093076473, 50.7214521342726]]]}}, {"type": "Feature", "properties": {"type": "postcode-cell", "postcode": "EX2 4JS", "postcodes": ["EX2 4JS"]}, "geometry": {"type": "Polygon", "coordinates": [[[-3.5251691275960493, 50.713511391284534], [-3.5239153542387243, 50.7140867129155], [-3.5233962491350583, 50.714172256601834], [-3.522350548315799, 50.71352620036648], [-3.5224887587153666, 50.71275596731806], [-3.5236905842877153, 50.7119206119593], [-3.524489861085078, 50.71231176374896], [-3.5250010702117147, 50.71276580330358], [-3.525266434456563, 50.713140161990076], [-3.5251691275960493, 50.713511391284534]]]}}, {"type": "Feature", "properties": {"type": "postcode-cell", "postcode": "EX1 1PD", "postcodes": ["EX1 1PD"]}, "geometry": {"type": "Polygon", "coordinates": [[[-3.526935151301265, 50.72211114152135], [-3.5265597979183503, 50.72203579902275], [-3.5264067020846235, 50.72179831149417], [-3.5264525566175866, 50.72160152163571], [-3.5271103993175603, 50.721824850047355], [-3.526935151301265, 50.72211114152135]]]}}, {"type": "Feature", "properties": {"type": "postcode-cell", "postcode": "EX1 1UG", "postcodes": ["EX1 1UG"]}, "geometry": {"type": "Polygon", "coordinates": [[[-3.5263095601348944, 50.72130307439256], [-3.5264525566175866, 50.72160152163571], [-3.5264067020846235, 50.72179831149417], [-3.526077547606397, 50.72179050935179], [-3.5259359615781865, 50.721640740852834], [-3.5259003608732895, 50.721340620505984], [-3.5259951494284283, 50.72125969214344], [-3.526195821223589, 50.72123372117112], [-3.5263095601348944, 50.72130307439256]]]}}, {"type": "Feature", "properties": {"type": "postcode-cell", "postcode": "EX2 4HX", "postcodes": ["EX2 4HX"]}, "geometry": {"type": "Polygon", "coordinates": [[[-3.5263603644486117, 50.71987398866046], [-3.526718836607703, 50.720841144585265], [-3.526543581919096, 50.720896870239315], [-3.526016312391769, 50.72055574366659], [-3.526006375011828, 50.72039199755293], [-3.526199989746903, 50.72034999474111], [-3.5263468553075965, 50.71986743857087], [-3.5263603644486117, 50.71987398866046]]]}}, {"type": "Feature", "properties": {"type": "postcode-cell", "postcode": "EX1 1NS", "postcodes": ["EX1 1NS"]}, "geometry": {"type": "Polygon", "coordinates": [[[-3.5266906377171963, 50.72274213157538], [-3.5266836429288357, 50.72274732568469], [-3.5262183569254186, 50.722742687834895], [-3.5259953019821735, 50.722635787228214], [-3.525959778899499, 50.72236620343001], [-3.526079333026502, 50.72233039185191], [-3.5267539178065928, 50.722542390669375], [-3.5266906377171963, 50.72274213157538]]]}}, {"type": "Feature", "properties": {"type": "postcode-cell", "postcode": "EX1 1QP", "postcodes": ["EX1 1QP"]}, "geometry": {"type": "Polygon", "coordinates": [[[-3.526651841378003, 50.723254558435954], [-3.525772356708048, 50.72308062932001], [-3.5262183569254186, 50.722742687834895], [-3.5266836429288357, 50.72274732568469], [-3.526651841378003, 50.723254558435954]]]}}, {"type": "Feature", "properties": {"type": "postcode-cell", "postcode": "EX2 4HU", "postcodes": ["EX2 4HU"]}, "geometry": {"type": "Polygon", "coordinates": [[[-3.526195821223589, 50.72123372117112], [-3.5259951494284283, 50.72125969214344], [-3.5255373676906867, 50.721001969044295], [-3.525469411425037, 50.7207911033122], [-3.52548925356549, 50.72075890637468], [-3.526016312391769, 50.72055574366659], [-3.526543581919096, 50.720896870239315], [-3.526195821223589, 50.72123372117112]]]}}, {"type": "Feature", "properties": {"type": "postcode-cell", "postcode": "EX1 1QE", "postcodes": ["EX1 1QE"]}, "geometry": {"type": "Polygon", "coordinates": [[[-3.5263839445268688, 50.72399536103931], [-3.5261815016775357, 50.72417239907552], [-3.52550611582951, 50.72386139135759], [-3.525556254077678, 50.72382934902975], [-3.5264689435172167, 50.723703105158314], [-3.5263839445268688, 50.72399536103931]]]}}, {"type": "Feature", "properties": {"type": "postcode-cell", "postcode": "EX2 4HA", "postcodes": ["EX2 4HA"]}, "geometry": {"type": "Polygon", "coordinates": [[[-3.526016312391769, 50.72055574366659], [-3.52548925356549, 50.72075890637468], [-3.525386316078227, 50.72052651057775], [-3.526006375011828, 50.72039199755293], [-3.526016312391769, 50.72055574366659]]]}}, {"type": "Feature", "properties": {"type": "postcode-cell", "postcode": "EX1 1AW", "postcodes": ["EX1 1AW"]}, "geometry": {"type": "Polygon", "coordinates": [[[-3.526272175509823, 50.722082324895915], [-3.526005767168897, 50.72199157339407], [-3.526077547606397, 50.72179050935179], [-3.5264067020846235, 50.72179831149417], [-3.5265597979183503, 50.72203579902275], [-3.526272175509823, 50.722082324895915]]]}}, {"type": "Feature", "properties": {"type": "postcode-cell", "postcode": "EX1 1QL", "postcodes": ["EX1 1QL"]}, "geometry": {"type": "Polygon", "coordinates": [[[-3.526785345502856, 50.72345227833573], [-3.5265489047971914, 50.72357611570754], [-3.5263753999510032, 50.72355609157372], [-3.525589666855193, 50.7232708018648], [-3.5255425479477367, 50.723114400561435], [-3.525772356708048, 50.72308062932001], [-3.526651841378003, 50.723254558435954], [-3.526785345502856, 50.72345227833573]]]}}, {"type": "Feature", "properties": {"type": "postcode-cell", "postcode": "EX2 4BW", "postcodes": ["EX2 4BW"]}, "geometry": {"type": "Polygon", "coordinates": [[[-3.52561033597352, 50.71496443124855], [-3.5253330927500865, 50.7150661768842], [-3.5243164469137085, 50.71513466226002], [-3.5239153542387243, 50.7140867129155], [-3.5251691275960493, 50.713511391284534], [-3.5261382951840767, 50.71460776610696], [-3.52561033597352, 50.71496443124855]]]}}, {"type": "Feature", "properties": {"type": "postcode-cell", "postcode": "EX2 4RJ", "postcodes": ["EX2 4RJ"]}, "geometry": {"type": "Polygon", "coordinates": [[[-3.5221507432236687, 50.707409545594786], [-3.5172219175738246, 50.71045104644591], [-3.5169937887014364, 50.710549929605385], [-3.5164274052245594, 50.7103899143835], [-3.515779987099252, 50.70980072710018], [-3.5169799897465213, 50.70886999473224], [-3.516249989746342, 50.70826999473179], [-3.5171599897475563, 50.70692999473069], [-3.51705998974775, 50.7063899947303], [-3.518249989748362, 50.70668999473052], [-3.5205199897500945, 50.70606999472997], [-3.522099989751594, 50.70501999472911], [-3.5227262100916774, 50.70572507118997], [-3.5221507432236687, 50.707409545594786]]]}}, {"type": "Feature", "properties": {"type": "postcode-cell", "postcode": "EX2 4DW", "postcodes": ["EX2 4DW"]}, "geometry": {"type": "Polygon", "coordinates": [[[-3.52561033597352, 50.71496443124855], [-3.5257537525878093, 50.71574352705202], [-3.525284069512775, 50.71594454652161], [-3.5250770208511186, 50.71587323576421], [-3.5249640863892076, 50.71580435731009], [-3.5253330927500865, 50.7150661768842], [-3.52561033597352, 50.71496443124855]]]}}, {"type": "Feature", "properties": {"type": "postcode-cell", "postcode": "EX1 1SN", "postcodes": ["EX1 1SN"]}, "geometry": {"type": "Polygon", "coordinates": [[[-3.5262183569254186, 50.722742687834895], [-3.525772356708048, 50.72308062932001], [-3.5255425479477367, 50.723114400561435], [-3.5252121999942534, 50.72297366299615], [-3.5254385992018227, 50.7227119112858], [-3.5259953019821735, 50.722635787228214], [-3.5262183569254186, 50.722742687834895]]]}}, {"type": "Feature", "properties": {"type": "postcode-cell", "postcode": "EX1 1AS", "postcodes": ["EX1 1AS"]}, "geometry": {"type": "Polygon", "coordinates": [[[-3.525959778899499, 50.72236620343001], [-3.525408307474416, 50.72224376751927], [-3.525360202846682, 50.72220030603041], [-3.525677626426352, 50.72200710601493], [-3.526005767168897, 50.72199157339407], [-3.526272175509823, 50.722082324895915], [-3.526079333026502, 50.72233039185191], [-3.525959778899499, 50.72236620343001]]]}}, {"type": "Feature", "properties": {"type": "postcode-cell", "postcode": "EX1 1UN", "postcodes": ["EX1 1UN"]}, "geometry": {"type": "Polygon", "coordinates": [[[-3.526005767168897, 50.72199157339407], [-3.525677626426352, 50.72200710601493], [-3.5256791240269183, 50.72191316412132], [-3.5259359615781865, 50.721640740852834], [-3.526077547606397, 50.72179050935179], [-3.526005767168897, 50.72199157339407]]]}}, {"type": "Feature", "properties": {"type": "postcode-cell", "postcode": "EX1 1GF", "postcodes": ["EX1 1GF"]}, "geometry": {"type": "Polygon", "coordinates": [[[-3.5262425800115453, 50.724686568924284], [-3.5256041295187965, 50.72489254770009], [-3.525465225409456, 50.72445824531571], [-3.52616801844146, 50.72427924273786], [-3.526356598414922, 50.724429382519354], [-3.5262425800115453, 50.724686568924284]]]}}, {"type": "Feature", "properties": {"type": "postcode-cell", "postcode": "EX1 1JD", "postcodes": ["EX1 1JD", "EX1 1JW", "EX1 1RQ"]}, "geometry": {"type": "Polygon", "coordinates": [[[-3.524762050121142, 50.724481478827485], [-3.524823240716566, 50.72437997135267], [-3.5250440195754535, 50.72431696542983], [-3.525465225409456, 50.72445824531571], [-3.5256041295187965, 50.72489254770009], [-3.525536135898247, 50.72504773656113], [-3.5248636447271084, 50.72509912692987], [-3.524762050121142, 50.724481478827485]]]}}, {"type": "Feature", "properties": {"type": "postcode-cell", "postcode": "EX1 1QD", "postcodes": ["EX1 1QD"]}, "geometry": {"type": "Polygon", "coordinates": [[[-3.5264689435172167, 50.723703105158314], [-3.525556254077678, 50.72382934902975], [-3.5257476405266694, 50.72361464494324], [-3.5263753999510032, 50.72355609157372], [-3.5265489047971914, 50.72357611570754], [-3.5264689435172167, 50.723703105158314]]]}}, {"type": "Feature", "properties": {"type": "postcode-cell", "postcode": "EX1 1NT", "postcodes": ["EX1 1NT"]}, "geometry": {"type": "Polygon", "coordinates": [[[-3.525677626426352, 50.72200710601493], [-3.525360202846682, 50.72220030603041], [-3.52424595753625, 50.72198302417398], [-3.5242607061318, 50.72170132721632], [-3.525354624954893, 50.72154266972731], [-3.5256791240269183, 50.72191316412132], [-3.525677626426352, 50.72200710601493]]]}}, {"type": "Feature", "properties": {"type": "postcode-cell", "postcode": "EX2 4HN", "postcodes": ["EX2 4HN"]}, "geometry": {"type": "Polygon", "coordinates": [[[-3.52548925356549, 50.72075890637468], [-3.525469411425037, 50.7207911033122], [-3.524634832304013, 50.72068952893059], [-3.525386316078227, 50.72052651057775], [-3.52548925356549, 50.72075890637468]]]}}, {"type": "Feature", "properties": {"type": "postcode-cell", "postcode": "EX1 1NP", "postcodes": ["EX1 1NP"]}, "geometry": {"type": "Polygon", "coordinates": [[[-3.525959778899499, 50.72236620343001], [-3.5259953019821735, 50.722635787228214], [-3.5254385992018227, 50.7227119112858], [-3.525408307474416, 50.72224376751927], [-3.525959778899499, 50.72236620343001]]]}}, {"type": "Feature", "properties": {"type": "postcode-cell", "postcode": "EX1 1AU", "postcodes": ["EX1 1AU"]}, "geometry": {"type": "Polygon", "coordinates": [[[-3.5259359615781865, 50.721640740852834], [-3.5256791240269183, 50.72191316412132], [-3.525354624954893, 50.72154266972731], [-3.5259003608732895, 50.721340620505984], [-3.5259359615781865, 50.721640740852834]]]}}, {"type": "Feature", "properties": {"type": "postcode-cell", "postcode": "EX1 1PZ", "postcodes": ["EX1 1PZ"]}, "geometry": {"type": "Polygon", "coordinates": [[[-3.52616801844146, 50.72427924273786], [-3.525465225409456, 50.72445824531571], [-3.5250440195754535, 50.72431696542983], [-3.525198412053413, 50.723880614659436], [-3.52550611582951, 50.72386139135759], [-3.5261815016775357, 50.72417239907552], [-3.52616801844146, 50.72427924273786]]]}}, {"type": "Feature", "properties": {"type": "postcode-cell", "postcode": "EX1 1QQ", "postcodes": ["EX1 1QQ"]}, "geometry": {"type": "Polygon", "coordinates": [[[-3.5263753999510032, 50.72355609157372], [-3.5257476405266694, 50.72361464494324], [-3.52557683778919, 50.72331343306906], [-3.525589666855193, 50.7232708018648], [-3.5263753999510032, 50.72355609157372]]]}}, {"type": "Feature", "properties": {"type": "postcode-cell", "postcode": "EX1 1QT", "postcodes": ["EX1 1QT"]}, "geometry": {"type": "Polygon", "coordinates": [[[-3.525589666855193, 50.7232708018648], [-3.52557683778919, 50.72331343306906], [-3.5250503468874017, 50.72375785778865], [-3.524321194568724, 50.72347894381273], [-3.525089089472479, 50.72297935839386], [-3.5252121999942534, 50.72297366299615], [-3.5255425479477367, 50.723114400561435], [-3.525589666855193, 50.7232708018648]]]}}, {"type": "Feature", "properties": {"type": "postcode-cell", "postcode": "EX1 1UH", "postcodes": ["EX1 1UH"]}, "geometry": {"type": "Polygon", "coordinates": [[[-3.5259003608732895, 50.721340620505984], [-3.525354624954893, 50.72154266972731], [-3.5242607061318, 50.72170132721632], [-3.5242841737789825, 50.721253091544455], [-3.5255373676906867, 50.721001969044295], [-3.5259951494284283, 50.72125969214344], [-3.5259003608732895, 50.721340620505984]]]}}, {"type": "Feature", "properties": {"type": "postcode-cell", "postcode": "EX1 1QJ", "postcodes": ["EX1 1QJ"]}, "geometry": {"type": "Polygon", "coordinates": [[[-3.525556254077678, 50.72382934902975], [-3.52550611582951, 50.72386139135759], [-3.525198412053413, 50.723880614659436], [-3.5250503468874017, 50.72375785778865], [-3.52557683778919, 50.72331343306906], [-3.5257476405266694, 50.72361464494324], [-3.525556254077678, 50.72382934902975]]]}}, {"type": "Feature", "properties": {"type": "postcode-cell", "postcode": "EX1 1QR", "postcodes": ["EX1 1QR"]}, "geometry": {"type": "Polygon", "coordinates": [[[-3.525408307474416, 50.72224376751927], [-3.5254385992018227, 50.7227119112858], [-3.5252121999942534, 50.72297366299615], [-3.525089089472479, 50.72297935839386], [-3.524227270694069, 50.72233993745233], [-3.52424595753625, 50.72198302417398], [-3.525360202846682, 50.72220030603041], [-3.525408307474416, 50.72224376751927]]]}}, {"type": "Feature", "properties": {"type": "postcode-cell", "postcode": "EX2 4DL", "postcodes": ["EX2 4DL"]}, "geometry": {"type": "Polygon", "coordinates": [[[-3.525772674011086, 50.716753877182384], [-3.5251129160689016, 50.71701293205281], [-3.5255299897482573, 50.7166099947382], [-3.5244436172503755, 50.71652212769333], [-3.5250770208511186, 50.71587323576421], [-3.525284069512775, 50.71594454652161], [-3.525772674011086, 50.716753877182384]]]}}, {"type": "Feature", "properties": {"type": "postcode-cell", "postcode": "EX2 4DP", "postcodes": ["EX2 4DP"]}, "geometry": {"type": "Polygon", "coordinates": [[[-3.5249640863892076, 50.71580435731009], [-3.5240984484505606, 50.715760603302485], [-3.5239588822972485, 50.715690914877825], [-3.523937072829737, 50.715392758760785], [-3.5243164469137085, 50.71513466226002], [-3.5253330927500865, 50.7150661768842], [-3.5249640863892076, 50.71580435731009]]]}}, {"type": "Feature", "properties": {"type": "postcode-cell", "postcode": "EX2 4BU", "postcodes": ["EX2 4BU"]}, "geometry": {"type": "Polygon", "coordinates": [[[-3.5239588822972485, 50.715690914877825], [-3.5240984484505606, 50.715760603302485], [-3.5243776826521653, 50.71651679449083], [-3.5241699897474468, 50.71649999473812], [-3.5239599897471865, 50.716769994738335], [-3.5225999897465097, 50.71637999473807], [-3.522457293698378, 50.716278250962475], [-3.5239588822972485, 50.715690914877825]]]}}, {"type": "Feature", "properties": {"type": "postcode-cell", "postcode": "EX2 4HR", "postcodes": ["EX2 4HR"]}, "geometry": {"type": "Polygon", "coordinates": [[[-3.5242841737789825, 50.721253091544455], [-3.5243099897455124, 50.72075999474147], [-3.524634832304013, 50.72068952893059], [-3.525469411425037, 50.7207911033122], [-3.5255373676906867, 50.721001969044295], [-3.5242841737789825, 50.721253091544455]]]}}, {"type": "Feature", "properties": {"type": "postcode-cell", "postcode": "EX1 1QA", "postcodes": ["EX1 1QA"]}, "geometry": {"type": "Polygon", "coordinates": [[[-3.5250503468874017, 50.72375785778865], [-3.525198412053413, 50.723880614659436], [-3.5250440195754535, 50.72431696542983], [-3.524823240716566, 50.72437997135267], [-3.523437810189924, 50.723914968933556], [-3.523673336754133, 50.72353524020327], [-3.524321194568724, 50.72347894381273], [-3.5250503468874017, 50.72375785778865]]]}}, {"type": "Feature", "properties": {"type": "postcode-cell", "postcode": "EX2 4DN", "postcodes": ["EX2 4DN"]}, "geometry": {"type": "Polygon", "coordinates": [[[-3.5244436172503755, 50.71652212769333], [-3.5243776826521653, 50.71651679449083], [-3.5240984484505606, 50.715760603302485], [-3.5249640863892076, 50.71580435731009], [-3.5250770208511186, 50.71587323576421], [-3.5244436172503755, 50.71652212769333]]]}}, {"type": "Feature", "properties": {"type": "postcode-cell", "postcode": "EX1 1RD", "postcodes": ["EX1 1RD"]}, "geometry": {"type": "Polygon", "coordinates": [[[-3.525089089472479, 50.72297935839386], [-3.524321194568724, 50.72347894381273], [-3.523673336754133, 50.72353524020327], [-3.52420998974454, 50.722669994742965], [-3.524227270694069, 50.72233993745233], [-3.525089089472479, 50.72297935839386]]]}}, {"type": "Feature", "properties": {"type": "postcode-cell", "postcode": "EX1 1JJ", "postcodes": ["EX1 1JJ", "EX1 1JN", "EX1 1NN", "EX1 9SA", "EX1 9SB", "EX1 9SD", "EX1 9SE", "EX1 9SF", "EX1 9SG", "EX1 9SH", "EX1 9SJ", "EX1 9SL", "EX1 9SN", "EX1 9SP", "EX1 9SQ", "EX1 9SR", "EX1 9SS", "EX1 9ST", "EX1 9SU", "EX1 9SW", "EX1 9SY", "EX1 9SZ"]}, "geometry": {"type": "Polygon", "coordinates": [[[-3.5248636447271084, 50.72509912692987], [-3.524430693619041, 50.7251322100389], [-3.524020732309723, 50.724744371245855], [-3.524762050121142, 50.724481478827485], [-3.5248636447271084, 50.72509912692987]]]}}, {"type": "Feature", "properties": {"type": "postcode-cell", "postcode": "EX2 4DD", "postcodes": ["EX2 4DD"]}, "geometry": {"type": "Polygon", "coordinates": [[[-3.5243164469137085, 50.71513466226002], [-3.523937072829737, 50.715392758760785], [-3.522741616426906, 50.7149332346845], [-3.5227211665207556, 50.71481754336679], [-3.5227395291055394, 50.71464837230132], [-3.5233962491350583, 50.714172256601834], [-3.5239153542387243, 50.7140867129155], [-3.5243164469137085, 50.71513466226002]]]}}, {"type": "Feature", "properties": {"type": "postcode-cell", "postcode": "EX2 4BL", "postcodes": ["EX2 4BL"]}, "geometry": {"type": "Polygon", "coordinates": [[[-3.521025388608681, 50.71490601530882], [-3.521184768230703, 50.71495044366284], [-3.5221934385379856, 50.715542627233944], [-3.522052369782943, 50.715989532580004], [-3.5207370075591995, 50.71505161989822], [-3.521025388608681, 50.71490601530882]]]}}, {"type": "Feature", "properties": {"type": "postcode-cell", "postcode": "EX1 1ST", "postcodes": ["EX1 1ST", "EX1 1UP"]}, "geometry": {"type": "Polygon", "coordinates": [[[-3.524762050121142, 50.724481478827485], [-3.524020732309723, 50.724744371245855], [-3.5230829358964666, 50.724487104256696], [-3.523437810189924, 50.723914968933556], [-3.524823240716566, 50.72437997135267], [-3.524762050121142, 50.724481478827485]]]}}, {"type": "Feature", "properties": {"type": "postcode-cell", "postcode": "EX2 4BN", "postcodes": ["EX2 4BN"]}, "geometry": {"type": "Polygon", "coordinates": [[[-3.5221934385379856, 50.715542627233944], [-3.522741616426906, 50.7149332346845], [-3.523937072829737, 50.715392758760785], [-3.5239588822972485, 50.715690914877825], [-3.522457293698378, 50.716278250962475], [-3.522052369782943, 50.715989532580004], [-3.5221934385379856, 50.715542627233944]]]}}, {"type": "Feature", "properties": {"type": "postcode-cell", "postcode": "EX2 4SH", "postcodes": ["EX2 4SH"]}, "geometry": {"type": "Polygon", "coordinates": [[[-3.51572544712612, 50.71123784701719], [-3.515513923499933, 50.71208701317157], [-3.5139499897434843, 50.71121999473414], [-3.514633183172889, 50.7106901524358], [-3.51572544712612, 50.71123784701719]]]}}, {"type": "Feature", "properties": {"type": "postcode-cell", "postcode": "EX2 4RX", "postcodes": ["EX2 4RX"]}, "geometry": {"type": "Polygon", "coordinates": [[[-3.522350548315799, 50.71352620036648], [-3.521888510651173, 50.71369935446182], [-3.521004714994801, 50.71345937522447], [-3.5206674747881554, 50.71309951688938], [-3.5207259745309845, 50.71293947601917], [-3.5224887587153666, 50.71275596731806], [-3.522350548315799, 50.71352620036648]]]}}, {"type": "Feature", "properties": {"type": "postcode-cell", "postcode": "EX2 4BS", "postcodes": ["EX2 4BS"]}, "geometry": {"type": "Polygon", "coordinates": [[[-3.5221934385379856, 50.715542627233944], [-3.521184768230703, 50.71495044366284], [-3.5227211665207556, 50.71481754336679], [-3.522741616426906, 50.7149332346845], [-3.5221934385379856, 50.715542627233944]]]}}, {"type": "Feature", "properties": {"type": "postcode-cell", "postcode": "EX2 4EG", "postcodes": ["EX2 4EG"]}, "geometry": {"type": "Polygon", "coordinates": [[[-3.5227395291055394, 50.71464837230132], [-3.5215472062743625, 50.71428855705177], [-3.521888510651173, 50.71369935446182], [-3.522350548315799, 50.71352620036648], [-3.5233962491350583, 50.714172256601834], [-3.5227395291055394, 50.71464837230132]]]}}, {"type": "Feature", "properties": {"type": "postcode-cell", "postcode": "EX2 4RU", "postcodes": ["EX2 4RU"]}, "geometry": {"type": "Polygon", "coordinates": [[[-3.5215472062743625, 50.71428855705177], [-3.5212156147969935, 50.714347291728316], [-3.5207783083076465, 50.71418037320682], [-3.521004714994801, 50.71345937522447], [-3.521888510651173, 50.71369935446182], [-3.5215472062743625, 50.71428855705177]]]}}, {"type": "Feature", "properties": {"type": "postcode-cell", "postcode": "EX2 4BT", "postcodes": ["EX2 4BT"]}, "geometry": {"type": "Polygon", "coordinates": [[[-3.521025388608681, 50.71490601530882], [-3.5212156147969935, 50.714347291728316], [-3.5215472062743625, 50.71428855705177], [-3.5227395291055394, 50.71464837230132], [-3.5227211665207556, 50.71481754336679], [-3.521184768230703, 50.71495044366284], [-3.521025388608681, 50.71490601530882]]]}}, {"type": "Feature", "properties": {"type": "postcode-cell", "postcode": "EX2 4RY", "postcodes": ["EX2 4RY"]}, "geometry": {"type": "Polygon", "coordinates": [[[-3.5224887587153666, 50.71275596731806], [-3.5207259745309845, 50.71293947601917], [-3.5196564693212746, 50.71185245547353], [-3.5196391503042155, 50.71180466093172], [-3.5220612851241895, 50.70940353475786], [-3.5236905842877153, 50.7119206119593], [-3.5224887587153666, 50.71275596731806]]]}}, {"type": "Feature", "properties": {"type": "postcode-cell", "postcode": "EX2 4RL", "postcodes": ["EX2 4RL"]}, "geometry": {"type": "Polygon", "coordinates": [[[-3.5196391503042155, 50.71180466093172], [-3.5189032947675942, 50.71187699621687], [-3.5185417953130957, 50.71180096376607], [-3.5172219175738246, 50.71045104644591], [-3.5221507432236687, 50.707409545594786], [-3.5220612851241895, 50.70940353475786], [-3.5196391503042155, 50.71180466093172]]]}}, {"type": "Feature", "properties": {"type": "postcode-cell", "postcode": "EX2 4RS", "postcodes": ["EX2 4RS"]}, "geometry": {"type": "Polygon", "coordinates": [[[-3.5207370075591995, 50.71505161989822], [-3.5202999897458302, 50.71473999473679], [-3.519907549106697, 50.714522478428854], [-3.52041877870609, 50.71417135583144], [-3.5207783083076465, 50.71418037320682], [-3.5212156147969935, 50.714347291728316], [-3.521025388608681, 50.71490601530882], [-3.5207370075591995, 50.71505161989822]]]}}, {"type": "Feature", "properties": {"type": "postcode-cell", "postcode": "EX2 4RR", "postcodes": ["EX2 4RR"]}, "geometry": {"type": "Polygon", "coordinates": [[[-3.519264346885673, 50.71360841498563], [-3.519701297011752, 50.71360491211292], [-3.52041877870609, 50.71417135583144], [-3.519907549106697, 50.714522478428854], [-3.518794787732795, 50.71390569485556], [-3.519264346885673, 50.71360841498563]]]}}, {"type": "Feature", "properties": {"type": "postcode-cell", "postcode": "EX2 4RP", "postcodes": ["EX2 4RP"]}, "geometry": {"type": "Polygon", "coordinates": [[[-3.5206674747881554, 50.71309951688938], [-3.519701297011752, 50.71360491211292], [-3.519264346885673, 50.71360841498563], [-3.5189987072431, 50.713113592889506], [-3.5196564693212746, 50.71185245547353], [-3.5207259745309845, 50.71293947601917], [-3.5206674747881554, 50.71309951688938]]]}}, {"type": "Feature", "properties": {"type": "postcode-cell", "postcode": "EX2 4RT", "postcodes": ["EX2 4RT"]}, "geometry": {"type": "Polygon", "coordinates": [[[-3.521004714994801, 50.71345937522447], [-3.5207783083076465, 50.71418037320682], [-3.52041877870609, 50.71417135583144], [-3.519701297011752, 50.71360491211292], [-3.5206674747881554, 50.71309951688938], [-3.521004714994801, 50.71345937522447]]]}}, {"type": "Feature", "properties": {"type": "postcode-cell", "postcode": "EX2 4RN", "postcodes": ["EX2 4RN"]}, "geometry": {"type": "Polygon", "coordinates": [[[-3.5196564693212746, 50.71185245547353], [-3.5189987072431, 50.713113592889506], [-3.5176311367504827, 50.71299764073782], [-3.517765091650283, 50.71267472010458], [-3.5189032947675942, 50.71187699621687], [-3.5196391503042155, 50.71180466093172], [-3.5196564693212746, 50.71185245547353]]]}}, {"type": "Feature", "properties": {"type": "postcode-cell", "postcode": "EX2 4RW", "postcodes": ["EX2 4RW"]}, "geometry": {"type": "Polygon", "coordinates": [[[-3.518794787732795, 50.71390569485556], [-3.517425092932888, 50.713146460500035], [-3.5176311367504827, 50.71299764073782], [-3.5189987072431, 50.713113592889506], [-3.519264346885673, 50.71360841498563], [-3.518794787732795, 50.71390569485556]]]}}, {"type": "Feature", "properties": {"type": "postcode-cell", "postcode": "EX2 4RQ", "postcodes": ["EX2 4RQ"]}, "geometry": {"type": "Polygon", "coordinates": [[[-3.5189032947675942, 50.71187699621687], [-3.517765091650283, 50.71267472010458], [-3.516680046078273, 50.71206698536611], [-3.517314917474092, 50.711691274859284], [-3.5185417953130957, 50.71180096376607], [-3.5189032947675942, 50.71187699621687]]]}}, {"type": "Feature", "properties": {"type": "postcode-cell", "postcode": "EX2 4RG", "postcodes": ["EX2 4RG"]}, "geometry": {"type": "Polygon", "coordinates": [[[-3.517425092932888, 50.713146460500035], [-3.5158025377278004, 50.71224701016804], [-3.516680046078273, 50.71206698536611], [-3.517765091650283, 50.71267472010458], [-3.5176311367504827, 50.71299764073782], [-3.517425092932888, 50.713146460500035]]]}}, {"type": "Feature", "properties": {"type": "postcode-cell", "postcode": "EX2 4SR", "postcodes": ["EX2 4SR"]}, "geometry": {"type": "Polygon", "coordinates": [[[-3.5169937887014364, 50.710549929605385], [-3.5167632479125626, 50.71087781249089], [-3.51572544712612, 50.71123784701719], [-3.514633183172889, 50.7106901524358], [-3.5150161649298357, 50.71039312869869], [-3.5164274052245594, 50.7103899143835], [-3.5169937887014364, 50.710549929605385]]]}}, {"type": "Feature", "properties": {"type": "postcode-cell", "postcode": "EX2 4RH", "postcodes": ["EX2 4RH"]}, "geometry": {"type": "Polygon", "coordinates": [[[-3.5172219175738246, 50.71045104644591], [-3.5185417953130957, 50.71180096376607], [-3.517314917474092, 50.711691274859284], [-3.5167632479125626, 50.71087781249089], [-3.5169937887014364, 50.710549929605385], [-3.5172219175738246, 50.71045104644591]]]}}, {"type": "Feature", "properties": {"type": "postcode-cell", "postcode": "EX2 4SJ", "postcodes": ["EX2 4SJ"]}, "geometry": {"type": "Polygon", "coordinates": [[[-3.516680046078273, 50.71206698536611], [-3.5158025377278004, 50.71224701016804], [-3.515513923499933, 50.71208701317157], [-3.51572544712612, 50.71123784701719], [-3.5167632479125626, 50.71087781249089], [-3.517314917474092, 50.711691274859284], [-3.516680046078273, 50.71206698536611]]]}}, {"type": "Feature", "properties": {"type": "postcode-cell", "postcode": "EX2 4SP", "postcodes": ["EX2 4SP"]}, "geometry": {"type": "Polygon", "coordinates": [[[-3.5164274052245594, 50.7103899143835], [-3.5150161649298357, 50.71039312869869], [-3.515779987099252, 50.70980072710018], [-3.5164274052245594, 50.7103899143835]]]}}]}