{"type": "FeatureCollection", "features": [{"type": "Feature", "properties": {"type": "ward-outline", "name": "St Thomas"}, "geometry": {"type": "Polygon", "coordinates": [[[-3.53803, 50.71868], [-3.53621, 50.71791], [-3.53669, 50.71759], [-3.53603, 50.71642], [-3.536, 50.71482], [-3.538, 50.71034], [-3.53913, 50.71043], [-3.53947, 50.71012], [-3.54313, 50.71102], [-3.54281, 50.71179], [-3.54198, 50.71238], [-3.54273, 50.71326], [-3.54494, 50.71256], [-3.54453, 50.71199], [-3.54644, 50.71197], [-3.54643, 50.71225], [-3.54719, 50.71225], [-3.54753, 50.71485], [-3.55248, 50.71242], [-3.55981, 50.71111], [-3.56166, 50.71026], [-3.56346, 50.71014], [-3.56487, 50.71086], [-3.5662, 50.71122], [-3.56689, 50.71418], [-3.5687, 50.71461], [-3.56868, 50.71511], [-3.56823, 50.71525], [-3.56702, 50.71535], [-3.56623, 50.71507], [-3.56575, 50.71541], [-3.56557, 50.71671], [-3.56463, 50.71785], [-3.56478, 50.71999], [-3.56276, 50.72006], [-3.56264, 50.72123], [-3.56095, 50.72113], [-3.5594, 50.71995], [-3.5583, 50.71725], [-3.55679, 50.71753], [-3.55501, 50.71706], [-3.55455, 50.71722], [-3.55476, 50.71745], [-3.5541, 50.71749], [-3.55401, 50.71827], [-3.55233, 50.71817], [-3.5527, 50.71888], [-3.55069, 50.71879], [-3.54963, 50.7193], [-3.54922, 50.71889], [-3.54866, 50.71911], [-3.54933, 50.72017], [-3.54908, 50.7207], [-3.54735, 50.72011], [-3.54591, 50.7202], [-3.54142, 50.71955], [-3.53861, 50.71832], [-3.53812, 50.71824], [-3.53803, 50.71868]]]}}, {"type": "Feature", "properties": {"type": "postcode-cell", "postcode": "EX2 9SX", "postcodes": ["EX2 9SX"]}, "geometry": {"type": "Polygon", "coordinates": [[[-3.564926813081895, 50.71329490662755], [-3.5641623563533726, 50.7119967258281], [-3.564109555470449, 50.711335668879016], [-3.5644402003200093, 50.71064053196464], [-3.564869989775978, 50.71085999473304], [-3.566199989776652, 50.71121999473332], [-3.56688998977569, 50.71417999473564], [-3.56869998977664, 50.714609994735945], [-3.568679989776389, 50.71510999473636], [-3.568229989776037, 50.715249994736446], [-3.567629115790679, 50.71529965536401], [-3.564926813081895, 50.71329490662755]]]}}, {"type": "Feature", "properties": {"type": "postcode-cell", "postcode": "EX2 9PS", "postcodes": ["EX2 9PS"]}, "geometry": {"type": "Polygon", "coordinates": [[[-3.564109555470449, 50.711335668879016], [-3.562112916220525, 50.71157706154069], [-3.561560341146476, 50.7111143430862], [-3.5614832337474547, 50.71034120954391], [-3.5616599897742187, 50.71025999473261], [-3.5634599897754207, 50.71013999473249], [-3.5644402003200093, 50.71064053196464], [-3.564109555470449, 50.711335668879016]]]}}, {"type": "Feature", "properties": {"type": "postcode-cell", "postcode": "EX2 9PZ", "postcodes": ["EX2 9PZ"]}, "geometry": {"type": "Polygon", "coordinates": [[[-3.567629115790679, 50.71529965536401], [-3.56701998977522, 50.715349994736535], [-3.5662299897748486, 50.71506999473633], [-3.5657499897743814, 50.715409994736596], [-3.565569989773651, 50.71670999473764], [-3.565519815227503, 50.716770846289734], [-3.5632629132918643, 50.715943260795676], [-3.560979522971376, 50.71370022113815], [-3.561203552756025, 50.713509278766125], [-3.56380800257984, 50.7132021807151], [-3.564926813081895, 50.71329490662755], [-3.567629115790679, 50.71529965536401]]]}}, {"type": "Feature", "properties": {"type": "postcode-cell", "postcode": "EX2 9PY", "postcodes": ["EX2 9PY"]}, "geometry": {"type": "Polygon", "coordinates": [[[-3.564926813081895, 50.71329490662755], [-3.56380800257984, 50.7132021807151], [-3.5619393189658544, 50.7126510235747], [-3.562288104602306, 50.71231296608942], [-3.5641623563533726, 50.7119967258281], [-3.564926813081895, 50.71329490662755]]]}}, {"type": "Feature", "properties": {"type": "postcode-cell", "postcode": "EX2 9PQ", "postcodes": ["EX2 9PQ"]}, "geometry": {"type": "Polygon", "coordinates": [[[-3.56380800257984, 50.7132021807151], [-3.561203552756025, 50.713509278766125], [-3.561581247555264, 50.712747562568765], [-3.5619393189658544, 50.7126510235747], [-3.56380800257984, 50.7132021807151]]]}}, {"type": "Feature", "properties": {"type": "postcode-cell", "postcode": "EX2 9PT", "postcodes": ["EX2 9PT"]}, "geometry": {"type": "Polygon", "coordinates": [[[-3.5619174787679615, 50.71177924801537], [-3.562112916220525, 50.71157706154069], [-3.564109555470449, 50.711335668879016], [-3.5641623563533726, 50.7119967258281], [-3.562288104602306, 50.71231296608942], [-3.5619174787679615, 50.71177924801537]]]}}, {"type": "Feature", "properties": {"type": "postcode-cell", "postcode": "EX2 9QA", "postcodes": ["EX2 9QA"]}, "geometry": {"type": "Polygon", "coordinates": [[[-3.562288104602306, 50.71231296608942], [-3.5619393189658544, 50.7126510235747], [-3.561581247555264, 50.712747562568765], [-3.5609406187567285, 50.712266885489726], [-3.5614594365560635, 50.711870376723695], [-3.5619174787679615, 50.71177924801537], [-3.562288104602306, 50.71231296608942]]]}}, {"type": "Feature", "properties": {"type": "postcode-cell", "postcode": "EX4 1NS", "postcodes": ["EX4 1NS"]}, "geometry": {"type": "Polygon", "coordinates": [[[-3.5623784789396273, 50.71823761100222], [-3.5592527858790044, 50.7174429228387], [-3.5587144347546493, 50.71681129501858], [-3.5588575639447737, 50.7167894961083], [-3.564843033598749, 50.71759162788693], [-3.5646299897725133, 50.71784999473854], [-3.564668479150956, 50.71839913153002], [-3.5623784789396273, 50.71823761100222]]]}}, {"type": "Feature", "properties": {"type": "postcode-cell", "postcode": "EX4 1FD", "postcodes": ["EX4 1FD"]}, "geometry": {"type": "Polygon", "coordinates": [[[-3.560979522971376, 50.71370022113815], [-3.560278937321583, 50.71364159985258], [-3.5598396631912976, 50.7133865293632], [-3.560080580501351, 50.712459349919286], [-3.560317892642128, 50.71218202566694], [-3.5609406187567285, 50.712266885489726], [-3.561581247555264, 50.712747562568765], [-3.561203552756025, 50.713509278766125], [-3.560979522971376, 50.71370022113815]]]}}, {"type": "Feature", "properties": {"type": "postcode-cell", "postcode": "EX2 9ED", "postcodes": ["EX2 9ED"]}, "geometry": {"type": "Polygon", "coordinates": [[[-3.5414952801905417, 50.71123086735886], [-3.5405785155269904, 50.71107963415207], [-3.5401117088583445, 50.71038540853601], [-3.540152161557938, 50.71028775328878], [-3.541977887126945, 50.71073670701078], [-3.5414952801905417, 50.71123086735886]]]}}, {"type": "Feature", "properties": {"type": "postcode-cell", "postcode": "EX2 9DT", "postcodes": ["EX2 9DT"]}, "geometry": {"type": "Polygon", "coordinates": [[[-3.5401117088583445, 50.71038540853601], [-3.53992639597654, 50.710509389865116], [-3.538510713883187, 50.71062287732919], [-3.538072375020338, 50.710345760270194], [-3.5391299897598225, 50.710429994733104], [-3.5394699897601867, 50.71011999473286], [-3.540152161557938, 50.71028775328878], [-3.5401117088583445, 50.71038540853601]]]}}, {"type": "Feature", "properties": {"type": "postcode-cell", "postcode": "EX2 9PP", "postcodes": ["EX2 9PP"]}, "geometry": {"type": "Polygon", "coordinates": [[[-3.5614594365560635, 50.711870376723695], [-3.5609406187567285, 50.712266885489726], [-3.560317892642128, 50.71218202566694], [-3.560026047198101, 50.7118578070242], [-3.5601738278260266, 50.71151885137535], [-3.561003126305464, 50.71147309734511], [-3.5614594365560635, 50.711870376723695]]]}}, {"type": "Feature", "properties": {"type": "postcode-cell", "postcode": "EX2 9QB", "postcodes": ["EX2 9QB"]}, "geometry": {"type": "Polygon", "coordinates": [[[-3.561003126305464, 50.71147309734511], [-3.561560341146476, 50.7111143430862], [-3.562112916220525, 50.71157706154069], [-3.5619174787679615, 50.71177924801537], [-3.5614594365560635, 50.711870376723695], [-3.561003126305464, 50.71147309734511]]]}}, {"type": "Feature", "properties": {"type": "postcode-cell", "postcode": "EX2 9PR", "postcodes": ["EX2 9PR"]}, "geometry": {"type": "Polygon", "coordinates": [[[-3.561560341146476, 50.7111143430862], [-3.561003126305464, 50.71147309734511], [-3.5601738278260266, 50.71151885137535], [-3.5599802958756213, 50.71103174848139], [-3.5614832337474547, 50.71034120954391], [-3.561560341146476, 50.7111143430862]]]}}, {"type": "Feature", "properties": {"type": "postcode-cell", "postcode": "EX4 1FJ", "postcodes": ["EX4 1FJ"]}, "geometry": {"type": "Polygon", "coordinates": [[[-3.560080580501351, 50.712459349919286], [-3.559143559329504, 50.7124720700667], [-3.558954285304632, 50.711907430946425], [-3.560026047198101, 50.7118578070242], [-3.560317892642128, 50.71218202566694], [-3.560080580501351, 50.712459349919286]]]}}, {"type": "Feature", "properties": {"type": "postcode-cell", "postcode": "EX4 1TA", "postcodes": ["EX4 1TA"]}, "geometry": {"type": "Polygon", "coordinates": [[[-3.5632629132918643, 50.715943260795676], [-3.561158377178965, 50.715738931015906], [-3.559699244027462, 50.71541003228469], [-3.5590159505936554, 50.714751783237055], [-3.560278937321583, 50.71364159985258], [-3.560979522971376, 50.71370022113815], [-3.5632629132918643, 50.715943260795676]]]}}, {"type": "Feature", "properties": {"type": "postcode-cell", "postcode": "EX4 1FH", "postcodes": ["EX4 1FH"]}, "geometry": {"type": "Polygon", "coordinates": [[[-3.5598396631912976, 50.7133865293632], [-3.559326723242892, 50.71330749400243], [-3.559120995905626, 50.71249730396716], [-3.559143559329504, 50.7124720700667], [-3.560080580501351, 50.712459349919286], [-3.5598396631912976, 50.7133865293632]]]}}, {"type": "Feature", "properties": {"type": "postcode-cell", "postcode": "EX4 1NP", "postcodes": ["EX4 1NP"]}, "geometry": {"type": "Polygon", "coordinates": [[[-3.565519815227503, 50.716770846289734], [-3.564843033598749, 50.71759162788693], [-3.5588575639447737, 50.7167894961083], [-3.561158377178965, 50.715738931015906], [-3.5632629132918643, 50.715943260795676], [-3.565519815227503, 50.716770846289734]]]}}, {"type": "Feature", "properties": {"type": "postcode-cell", "postcode": "EX4 1NW", "postcodes": ["EX4 1NW"]}, "geometry": {"type": "Polygon", "coordinates": [[[-3.561158377178965, 50.715738931015906], [-3.5588575639447737, 50.7167894961083], [-3.5587144347546493, 50.71681129501858], [-3.5584810564733513, 50.716756964293], [-3.558417774877797, 50.71668629168216], [-3.558536104290125, 50.71595770881957], [-3.559699244027462, 50.71541003228469], [-3.561158377178965, 50.715738931015906]]]}}, {"type": "Feature", "properties": {"type": "postcode-cell", "postcode": "EX4 1NX", "postcodes": ["EX4 1NX"]}, "geometry": {"type": "Polygon", "coordinates": [[[-3.5623784789396273, 50.71823761100222], [-3.564668479150956, 50.71839913153002], [-3.5647799897715933, 50.71998999474023], [-3.562759989770276, 50.72005999474031], [-3.5626399897696435, 50.72122999474123], [-3.5609499897686154, 50.72112999474119], [-3.55939998976819, 50.719949994740276], [-3.5587746577678203, 50.718415129517155], [-3.5623784789396273, 50.71823761100222]]]}}, {"type": "Feature", "properties": {"type": "postcode-cell", "postcode": "EX4 1TD", "postcodes": ["EX4 1TD"]}, "geometry": {"type": "Polygon", "coordinates": [[[-3.560278937321583, 50.71364159985258], [-3.5590159505936554, 50.714751783237055], [-3.558368296441101, 50.71463595528436], [-3.5581382443301246, 50.71349566984982], [-3.5584666516908716, 50.71330749394846], [-3.559326723242892, 50.71330749400243], [-3.5598396631912976, 50.7133865293632], [-3.560278937321583, 50.71364159985258]]]}}, {"type": "Feature", "properties": {"type": "postcode-cell", "postcode": "EX4 1NU", "postcodes": ["EX4 1NU"]}, "geometry": {"type": "Polygon", "coordinates": [[[-3.5623784789396273, 50.71823761100222], [-3.5587746577678203, 50.718415129517155], [-3.558536670904907, 50.71783096729331], [-3.5592527858790044, 50.7174429228387], [-3.5623784789396273, 50.71823761100222]]]}}, {"type": "Feature", "properties": {"type": "postcode-cell", "postcode": "EX4 1FE", "postcodes": ["EX4 1FE"]}, "geometry": {"type": "Polygon", "coordinates": [[[-3.559120995905626, 50.71249730396716], [-3.5584971324194896, 50.71258518707137], [-3.5582090585092807, 50.71175019650464], [-3.558954285304632, 50.711907430946425], [-3.559143559329504, 50.7124720700667], [-3.559120995905626, 50.71249730396716]]]}}, {"type": "Feature", "properties": {"type": "postcode-cell", "postcode": "EX2 9PU", "postcodes": ["EX2 9PU"]}, "geometry": {"type": "Polygon", "coordinates": [[[-3.5601738278260266, 50.71151885137535], [-3.560026047198101, 50.7118578070242], [-3.558954285304632, 50.711907430946425], [-3.5582090585092807, 50.71175019650464], [-3.5576624078580648, 50.711493860549844], [-3.559809989772639, 50.71110999473332], [-3.5599802958756213, 50.71103174848139], [-3.5601738278260266, 50.71151885137535]]]}}, {"type": "Feature", "properties": {"type": "postcode-cell", "postcode": "EX2 9HL", "postcodes": ["EX2 9HL"]}, "geometry": {"type": "Polygon", "coordinates": [[[-3.5467535786733393, 50.7127162077002], [-3.5465195417593667, 50.71252509616266], [-3.5465639023677857, 50.712249995094076], [-3.5471899897640764, 50.71224999473441], [-3.547239485929825, 50.712628514375886], [-3.5467535786733393, 50.7127162077002]]]}}, {"type": "Feature", "properties": {"type": "postcode-cell", "postcode": "EX4 1LN", "postcodes": ["EX4 1LN"]}, "geometry": {"type": "Polygon", "coordinates": [[[-3.5553204632905406, 50.71288372437159], [-3.553315789568998, 50.71227064948826], [-3.556071037678551, 50.71177827778601], [-3.5553204632905406, 50.71288372437159]]]}}, {"type": "Feature", "properties": {"type": "postcode-cell", "postcode": "EX4 1FG", "postcodes": ["EX4 1FG"]}, "geometry": {"type": "Polygon", "coordinates": [[[-3.559326723242892, 50.71330749400243], [-3.5584666516908716, 50.71330749394846], [-3.5582934929327705, 50.712980101274475], [-3.5584971324194896, 50.71258518707137], [-3.559120995905626, 50.71249730396716], [-3.559326723242892, 50.71330749400243]]]}}, {"type": "Feature", "properties": {"type": "postcode-cell", "postcode": "EX4 1NN", "postcodes": ["EX4 1NN"]}, "geometry": {"type": "Polygon", "coordinates": [[[-3.5568054147207904, 50.71647050452241], [-3.558417774877797, 50.71668629168216], [-3.5584810564733513, 50.716756964293], [-3.5579060643426272, 50.71732304271305], [-3.5567899897676756, 50.71752999473842], [-3.5561989028251477, 50.717373925302006], [-3.5568054147207904, 50.71647050452241]]]}}, {"type": "Feature", "properties": {"type": "postcode-cell", "postcode": "EX4 1NT", "postcodes": ["EX4 1NT"]}, "geometry": {"type": "Polygon", "coordinates": [[[-3.5584810564733513, 50.716756964293], [-3.5587144347546493, 50.71681129501858], [-3.5592527858790044, 50.7174429228387], [-3.558536670904907, 50.71783096729331], [-3.558299989768767, 50.717249994738175], [-3.5579060643426272, 50.71732304271305], [-3.5584810564733513, 50.716756964293]]]}}, {"type": "Feature", "properties": {"type": "postcode-cell", "postcode": "EX4 1TE", "postcodes": ["EX4 1TE"]}, "geometry": {"type": "Polygon", "coordinates": [[[-3.5582934929327705, 50.712980101274475], [-3.5576923777665574, 50.71267849910418], [-3.5571115428411564, 50.71159231660118], [-3.5576624078580648, 50.711493860549844], [-3.5582090585092807, 50.71175019650464], [-3.5584971324194896, 50.71258518707137], [-3.5582934929327705, 50.712980101274475]]]}}, {"type": "Feature", "properties": {"type": "postcode-cell", "postcode": "EX4 1TB", "postcodes": ["EX4 1TB"]}, "geometry": {"type": "Polygon", "coordinates": [[[-3.559699244027462, 50.71541003228469], [-3.558536104290125, 50.71595770881957], [-3.557513892802363, 50.71565752865749], [-3.5575368371687266, 50.714805520597], [-3.558368296441101, 50.71463595528436], [-3.5590159505936554, 50.714751783237055], [-3.559699244027462, 50.71541003228469]]]}}, {"type": "Feature", "properties": {"type": "postcode-cell", "postcode": "EX4 1LP", "postcodes": ["EX4 1LP"]}, "geometry": {"type": "Polygon", "coordinates": [[[-3.5575368371687266, 50.714805520597], [-3.5568181658948923, 50.71463327338054], [-3.5569232686672025, 50.713707256304055], [-3.5574072630470064, 50.71351327540526], [-3.5581382443301246, 50.71349566984982], [-3.558368296441101, 50.71463595528436], [-3.5575368371687266, 50.714805520597]]]}}, {"type": "Feature", "properties": {"type": "postcode-cell", "postcode": "EX4 1NJ", "postcodes": ["EX4 1NJ"]}, "geometry": {"type": "Polygon", "coordinates": [[[-3.558417774877797, 50.71668629168216], [-3.5568054147207904, 50.71647050452241], [-3.5567902284089485, 50.71643678513514], [-3.5571885898831317, 50.71580641717273], [-3.557513892802363, 50.71565752865749], [-3.558536104290125, 50.71595770881957], [-3.558417774877797, 50.71668629168216]]]}}, {"type": "Feature", "properties": {"type": "postcode-cell", "postcode": "EX4 1LW", "postcodes": ["EX4 1LW"]}, "geometry": {"type": "Polygon", "coordinates": [[[-3.5584666516908716, 50.71330749394846], [-3.5581382443301246, 50.71349566984982], [-3.5574072630470064, 50.71351327540526], [-3.557040599737075, 50.712970863679], [-3.5576923777665574, 50.71267849910418], [-3.5582934929327705, 50.712980101274475], [-3.5584666516908716, 50.71330749394846]]]}}, {"type": "Feature", "properties": {"type": "postcode-cell", "postcode": "EX4 1LS", "postcodes": ["EX4 1LS"]}, "geometry": {"type": "Polygon", "coordinates": [[[-3.5576923777665574, 50.71267849910418], [-3.557040599737075, 50.712970863679], [-3.5567079666679704, 50.71283650027724], [-3.556593037243957, 50.71168498630984], [-3.5571115428411564, 50.71159231660118], [-3.5576923777665574, 50.71267849910418]]]}}, {"type": "Feature", "properties": {"type": "postcode-cell", "postcode": "EX4 1LR", "postcodes": ["EX4 1LR"]}, "geometry": {"type": "Polygon", "coordinates": [[[-3.5574072630470064, 50.71351327540526], [-3.5569232686672025, 50.713707256304055], [-3.555586860091902, 50.71336546455085], [-3.555583532764644, 50.713362982299444], [-3.5567079666679704, 50.71283650027724], [-3.557040599737075, 50.712970863679], [-3.5574072630470064, 50.71351327540526]]]}}, {"type": "Feature", "properties": {"type": "postcode-cell", "postcode": "EX4 1NE", "postcodes": ["EX4 1NE"]}, "geometry": {"type": "Polygon", "coordinates": [[[-3.5571885898831317, 50.71580641717273], [-3.555940434468376, 50.715416063441836], [-3.555731924866767, 50.71513518308558], [-3.556017863608525, 50.7147685539363], [-3.5568181658948923, 50.71463327338054], [-3.5575368371687266, 50.714805520597], [-3.557513892802363, 50.71565752865749], [-3.5571885898831317, 50.71580641717273]]]}}, {"type": "Feature", "properties": {"type": "postcode-cell", "postcode": "EX4 1NG", "postcodes": ["EX4 1NG"]}, "geometry": {"type": "Polygon", "coordinates": [[[-3.5547703154465236, 50.71684085536867], [-3.554971957344869, 50.71632374388479], [-3.5558614856322106, 50.716097962999676], [-3.5567902284089485, 50.71643678513514], [-3.5568054147207904, 50.71647050452241], [-3.5561989028251477, 50.717373925302006], [-3.555009989766766, 50.71705999473807], [-3.554906745249821, 50.71709590612603], [-3.5547703154465236, 50.71684085536867]]]}}, {"type": "Feature", "properties": {"type": "postcode-cell", "postcode": "EX4 1PH", "postcodes": ["EX4 1PH"]}, "geometry": {"type": "Polygon", "coordinates": [[[-3.5530239286337464, 50.717458497035416], [-3.5540927949831467, 50.717552350389546], [-3.554009989765557, 50.718269994739046], [-3.5532321618812106, 50.71822369852744], [-3.5530239286337464, 50.717458497035416]]]}}, {"type": "Feature", "properties": {"type": "postcode-cell", "postcode": "EX4 1LU", "postcodes": ["EX4 1LU"]}, "geometry": {"type": "Polygon", "coordinates": [[[-3.5569232686672025, 50.713707256304055], [-3.5568181658948923, 50.71463327338054], [-3.556017863608525, 50.7147685539363], [-3.5557234850322366, 50.714548450272396], [-3.555586860091902, 50.71336546455085], [-3.5569232686672025, 50.713707256304055]]]}}, {"type": "Feature", "properties": {"type": "postcode-cell", "postcode": "EX4 1NF", "postcodes": ["EX4 1NF"]}, "geometry": {"type": "Polygon", "coordinates": [[[-3.5567902284089485, 50.71643678513514], [-3.5558614856322106, 50.716097962999676], [-3.555940434468376, 50.715416063441836], [-3.5571885898831317, 50.71580641717273], [-3.5567902284089485, 50.71643678513514]]]}}, {"type": "Feature", "properties": {"type": "postcode-cell", "postcode": "EX4 1ND", "postcodes": ["EX4 1ND"]}, "geometry": {"type": "Polygon", "coordinates": [[[-3.5558614856322106, 50.716097962999676], [-3.554971957344869, 50.71632374388479], [-3.5546454307227853, 50.715938481937485], [-3.555122098960573, 50.71527208234463], [-3.555731924866767, 50.71513518308558], [-3.555940434468376, 50.715416063441836], [-3.5558614856322106, 50.716097962999676]]]}}, {"type": "Feature", "properties": {"type": "postcode-cell", "postcode": "EX4 1LT", "postcodes": ["EX4 1LT"]}, "geometry": {"type": "Polygon", "coordinates": [[[-3.555583532764644, 50.713362982299444], [-3.555483316040202, 50.71333023738577], [-3.5553204632905406, 50.71288372437159], [-3.556071037678551, 50.71177827778601], [-3.556593037243957, 50.71168498630984], [-3.5567079666679704, 50.71283650027724], [-3.555583532764644, 50.713362982299444]]]}}, {"type": "Feature", "properties": {"type": "postcode-cell", "postcode": "EX4 1NB", "postcodes": ["EX4 1NB"]}, "geometry": {"type": "Polygon", "coordinates": [[[-3.556017863608525, 50.7147685539363], [-3.555731924866767, 50.71513518308558], [-3.555122098960573, 50.71527208234463], [-3.5538772103803256, 50.714967541203336], [-3.5539342185941614, 50.714490172042915], [-3.5541837340635114, 50.71424896848027], [-3.5557234850322366, 50.714548450272396], [-3.556017863608525, 50.7147685539363]]]}}, {"type": "Feature", "properties": {"type": "postcode-cell", "postcode": "EX4 1NA", "postcodes": ["EX4 1NA"]}, "geometry": {"type": "Polygon", "coordinates": [[[-3.555586860091902, 50.71336546455085], [-3.5557234850322366, 50.714548450272396], [-3.5541837340635114, 50.71424896848027], [-3.554138287702201, 50.71368431327651], [-3.555483316040202, 50.71333023738577], [-3.555583532764644, 50.713362982299444], [-3.555586860091902, 50.71336546455085]]]}}, {"type": "Feature", "properties": {"type": "postcode-cell", "postcode": "EX4 1PG", "postcodes": ["EX4 1PG"]}, "geometry": {"type": "Polygon", "coordinates": [[[-3.5547703154465236, 50.71684085536867], [-3.5534165159974282, 50.716515520955454], [-3.5535244164539592, 50.715789694717394], [-3.5546454307227853, 50.715938481937485], [-3.554971957344869, 50.71632374388479], [-3.5547703154465236, 50.71684085536867]]]}}, {"type": "Feature", "properties": {"type": "postcode-cell", "postcode": "EX4 1NQ", "postcodes": ["EX4 1NQ"]}, "geometry": {"type": "Polygon", "coordinates": [[[-3.555122098960573, 50.71527208234463], [-3.5546454307227853, 50.715938481937485], [-3.5535244164539592, 50.715789694717394], [-3.5534496356696055, 50.71572285811141], [-3.5536676185822533, 50.71509754628445], [-3.5538772103803256, 50.714967541203336], [-3.555122098960573, 50.71527208234463]]]}}, {"type": "Feature", "properties": {"type": "postcode-cell", "postcode": "EX4 1LX", "postcodes": ["EX4 1LX"]}, "geometry": {"type": "Polygon", "coordinates": [[[-3.554138287702201, 50.71368431327651], [-3.5536024653238174, 50.71344699066252], [-3.5529282794392496, 50.71233989276258], [-3.553315789568998, 50.71227064948826], [-3.5553204632905406, 50.71288372437159], [-3.555483316040202, 50.71333023738577], [-3.554138287702201, 50.71368431327651]]]}}, {"type": "Feature", "properties": {"type": "postcode-cell", "postcode": "EX4 1LL", "postcodes": ["EX4 1LL"]}, "geometry": {"type": "Polygon", "coordinates": [[[-3.551979365193616, 50.71355361321953], [-3.551469676668294, 50.71362860591549], [-3.550747345636848, 50.71337835034718], [-3.5506629983964775, 50.71331202562379], [-3.5524799897673587, 50.71241999473448], [-3.5525726702355374, 50.712403434426406], [-3.551979365193616, 50.71355361321953]]]}}, {"type": "Feature", "properties": {"type": "postcode-cell", "postcode": "EX4 1LZ", "postcodes": ["EX4 1LZ"]}, "geometry": {"type": "Polygon", "coordinates": [[[-3.5539342185941614, 50.714490172042915], [-3.5524946049572503, 50.714307618204174], [-3.5524492648050403, 50.71421885526746], [-3.5525703911784143, 50.71391324020129], [-3.5536024653238174, 50.71344699066252], [-3.554138287702201, 50.71368431327651], [-3.5541837340635114, 50.71424896848027], [-3.5539342185941614, 50.714490172042915]]]}}, {"type": "Feature", "properties": {"type": "postcode-cell", "postcode": "EX4 1LY", "postcodes": ["EX4 1LY"]}, "geometry": {"type": "Polygon", "coordinates": [[[-3.5536024653238174, 50.71344699066252], [-3.5525703911784143, 50.71391324020129], [-3.551979365193616, 50.71355361321953], [-3.5525726702355374, 50.712403434426406], [-3.5529282794392496, 50.71233989276258], [-3.5536024653238174, 50.71344699066252]]]}}, {"type": "Feature", "properties": {"type": "postcode-cell", "postcode": "EX4 1PQ", "postcodes": ["EX4 1PQ"]}, "geometry": {"type": "Polygon", "coordinates": [[[-3.554906745249821, 50.71709590612603], [-3.5545499897663966, 50.7172199947382], [-3.5547599897664237, 50.717449994738395], [-3.5540999897659846, 50.71748999473843], [-3.5540927949831467, 50.717552350389546], [-3.5530239286337464, 50.717458497035416], [-3.552777540937526, 50.71739473706061], [-3.552698746554054, 50.71679596823445], [-3.5534165159974282, 50.716515520955454], [-3.5547703154465236, 50.71684085536867], [-3.554906745249821, 50.71709590612603]]]}}, {"type": "Feature", "properties": {"type": "postcode-cell", "postcode": "EX4 1NH", "postcodes": ["EX4 1NH"]}, "geometry": {"type": "Polygon", "coordinates": [[[-3.5536676185822533, 50.71509754628445], [-3.55241174607403, 50.71490659700237], [-3.552256544030538, 50.71478815294037], [-3.5524946049572503, 50.714307618204174], [-3.5539342185941614, 50.714490172042915], [-3.5538772103803256, 50.714967541203336], [-3.5536676185822533, 50.71509754628445]]]}}, {"type": "Feature", "properties": {"type": "postcode-cell", "postcode": "EX4 1QA", "postcodes": ["EX4 1QA"]}, "geometry": {"type": "Polygon", "coordinates": [[[-3.5535244164539592, 50.715789694717394], [-3.5534165159974282, 50.716515520955454], [-3.552698746554054, 50.71679596823445], [-3.55206093239142, 50.71650932896131], [-3.552374312987183, 50.71574450593564], [-3.5534496356696055, 50.71572285811141], [-3.5535244164539592, 50.715789694717394]]]}}, {"type": "Feature", "properties": {"type": "postcode-cell", "postcode": "EX4 1JN", "postcodes": ["EX4 1JN"]}, "geometry": {"type": "Polygon", "coordinates": [[[-3.548609307568667, 50.720124287558164], [-3.5490355439533254, 50.71970416161203], [-3.54932998976168, 50.7201699947406], [-3.5491636704645297, 50.72052259301277], [-3.548609307568667, 50.720124287558164]]]}}, {"type": "Feature", "properties": {"type": "postcode-cell", "postcode": "EX4 1PZ", "postcodes": ["EX4 1PZ"]}, "geometry": {"type": "Polygon", "coordinates": [[[-3.55241174607403, 50.71490659700237], [-3.5523156892780494, 50.71570401306781], [-3.551070113851331, 50.71549430012252], [-3.551034431234086, 50.7154111840425], [-3.5518281563527454, 50.71483157918994], [-3.552256544030538, 50.71478815294037], [-3.55241174607403, 50.71490659700237]]]}}, {"type": "Feature", "properties": {"type": "postcode-cell", "postcode": "EX4 1PD", "postcodes": ["EX4 1PD"]}, "geometry": {"type": "Polygon", "coordinates": [[[-3.5524492648050403, 50.71421885526746], [-3.551500341536421, 50.714117195513005], [-3.551469676668294, 50.71362860591549], [-3.551979365193616, 50.71355361321953], [-3.5525703911784143, 50.71391324020129], [-3.5524492648050403, 50.71421885526746]]]}}, {"type": "Feature", "properties": {"type": "postcode-cell", "postcode": "EX4 1QF", "postcodes": ["EX4 1QF"]}, "geometry": {"type": "MultiPolygon", "coordinates": [[[[-3.5530239286337464, 50.717458497035416], [-3.5532321618812106, 50.71822369852744], [-3.5524336519020974, 50.71817616581857], [-3.552549979237735, 50.7175004850789], [-3.552777540937526, 50.71739473706061], [-3.5530239286337464, 50.717458497035416]]], [[[-3.5524087077508364, 50.71832105011733], [-3.552699989764434, 50.718879994739545], [-3.552315439204, 50.7188627787684], [-3.5524087077508364, 50.71832105011733]]]]}}, {"type": "Feature", "properties": {"type": "postcode-cell", "postcode": "EX4 1PL", "postcodes": ["EX4 1PL"]}, "geometry": {"type": "Polygon", "coordinates": [[[-3.5500317138562534, 50.718391090215405], [-3.5505409651795152, 50.71755470110269], [-3.5505890353845255, 50.717543696347974], [-3.5508064610019376, 50.71761139479407], [-3.5519615551739383, 50.718846934576064], [-3.5506899897631983, 50.718789994739495], [-3.5505147105223753, 50.71887432862558], [-3.5500317138562534, 50.718391090215405]]]}}, {"type": "Feature", "properties": {"type": "postcode-cell", "postcode": "EX4 1QE", "postcodes": ["EX4 1QE"]}, "geometry": {"type": "Polygon", "coordinates": [[[-3.552698746554054, 50.71679596823445], [-3.552777540937526, 50.71739473706061], [-3.552549979237735, 50.7175004850789], [-3.5508064610019376, 50.71761139479407], [-3.5505890353845255, 50.717543696347974], [-3.5507398460598254, 50.71715892865438], [-3.551762707157991, 50.71653017308406], [-3.55206093239142, 50.71650932896131], [-3.552698746554054, 50.71679596823445]]]}}, {"type": "Feature", "properties": {"type": "postcode-cell", "postcode": "EX4 1PF", "postcodes": ["EX4 1PF"]}, "geometry": {"type": "Polygon", "coordinates": [[[-3.5523156892780494, 50.71570401306781], [-3.55241174607403, 50.71490659700237], [-3.5536676185822533, 50.71509754628445], [-3.5534496356696055, 50.71572285811141], [-3.552374312987183, 50.71574450593564], [-3.5523156892780494, 50.71570401306781]]]}}, {"type": "Feature", "properties": {"type": "postcode-cell", "postcode": "EX4 1QB", "postcodes": ["EX4 1QB"]}, "geometry": {"type": "Polygon", "coordinates": [[[-3.552374312987183, 50.71574450593564], [-3.55206093239142, 50.71650932896131], [-3.551762707157991, 50.71653017308406], [-3.5507744811214836, 50.71592948510324], [-3.551070113851331, 50.71549430012252], [-3.5523156892780494, 50.71570401306781], [-3.552374312987183, 50.71574450593564]]]}}, {"type": "Feature", "properties": {"type": "postcode-cell", "postcode": "EX4 1PE", "postcodes": ["EX4 1PE"]}, "geometry": {"type": "Polygon", "coordinates": [[[-3.5524946049572503, 50.714307618204174], [-3.552256544030538, 50.71478815294037], [-3.5518281563527454, 50.71483157918994], [-3.551327769930409, 50.714554668961746], [-3.5513067005645844, 50.71421197826325], [-3.551500341536421, 50.714117195513005], [-3.5524492648050403, 50.71421885526746], [-3.5524946049572503, 50.714307618204174]]]}}, {"type": "Feature", "properties": {"type": "postcode-cell", "postcode": "EX4 1PB", "postcodes": ["EX4 1PB"]}, "geometry": {"type": "Polygon", "coordinates": [[[-3.5513067005645844, 50.71421197826325], [-3.550771616914915, 50.7141317115467], [-3.550747345636848, 50.71337835034718], [-3.551469676668294, 50.71362860591549], [-3.551500341536421, 50.714117195513005], [-3.5513067005645844, 50.71421197826325]]]}}, {"type": "Feature", "properties": {"type": "postcode-cell", "postcode": "EX4 1PJ", "postcodes": ["EX4 1PJ"]}, "geometry": {"type": "Polygon", "coordinates": [[[-3.5524336519020974, 50.71817616581857], [-3.552329989764536, 50.71816999473899], [-3.5524087077508364, 50.71832105011733], [-3.552315439204, 50.7188627787684], [-3.5519615551739383, 50.718846934576064], [-3.5508064610019376, 50.71761139479407], [-3.552549979237735, 50.7175004850789], [-3.5524336519020974, 50.71817616581857]]]}}, {"type": "Feature", "properties": {"type": "postcode-cell", "postcode": "EX4 1PX", "postcodes": ["EX4 1PX"]}, "geometry": {"type": "Polygon", "coordinates": [[[-3.5507744811214836, 50.71592948510324], [-3.5500399233455693, 50.71617528892428], [-3.5498832367296504, 50.71615961774901], [-3.5495273630268156, 50.715583694414796], [-3.549803998778647, 50.71511329328275], [-3.550354691338549, 50.71503306370922], [-3.551034431234086, 50.7154111840425], [-3.551070113851331, 50.71549430012252], [-3.5507744811214836, 50.71592948510324]]]}}, {"type": "Feature", "properties": {"type": "postcode-cell", "postcode": "EX4 1PY", "postcodes": ["EX4 1PY"]}, "geometry": {"type": "Polygon", "coordinates": [[[-3.551034431234086, 50.7154111840425], [-3.550354691338549, 50.71503306370922], [-3.55045356737482, 50.714769863168115], [-3.551327769930409, 50.714554668961746], [-3.5518281563527454, 50.71483157918994], [-3.551034431234086, 50.7154111840425]]]}}, {"type": "Feature", "properties": {"type": "postcode-cell", "postcode": "EX2 9HH", "postcodes": ["EX2 9HH"]}, "geometry": {"type": "Polygon", "coordinates": [[[-3.546767303610157, 50.71306346471382], [-3.5467060741826963, 50.713001862860835], [-3.5467535786733393, 50.7127162077002], [-3.547239485929825, 50.712628514375886], [-3.5472920941487875, 50.71303082599734], [-3.546767303610157, 50.71306346471382]]]}}, {"type": "Feature", "properties": {"type": "postcode-cell", "postcode": "EX4 1QD", "postcodes": ["EX4 1QD"]}, "geometry": {"type": "Polygon", "coordinates": [[[-3.551762707157991, 50.71653017308406], [-3.5507398460598254, 50.71715892865438], [-3.5500399233455693, 50.71617528892428], [-3.5507744811214836, 50.71592948510324], [-3.551762707157991, 50.71653017308406]]]}}, {"type": "Feature", "properties": {"type": "postcode-cell", "postcode": "EX4 1NZ", "postcodes": ["EX4 1NZ"]}, "geometry": {"type": "Polygon", "coordinates": [[[-3.550747345636848, 50.71337835034718], [-3.550771616914915, 50.7141317115467], [-3.550272018538207, 50.714326450051345], [-3.549316710361698, 50.713980916039176], [-3.5493097291508477, 50.71397635732613], [-3.5506629983964775, 50.71331202562379], [-3.550747345636848, 50.71337835034718]]]}}, {"type": "Feature", "properties": {"type": "postcode-cell", "postcode": "EX4 1PA", "postcodes": ["EX4 1PA"]}, "geometry": {"type": "Polygon", "coordinates": [[[-3.551327769930409, 50.714554668961746], [-3.55045356737482, 50.714769863168115], [-3.550272018538207, 50.714326450051345], [-3.550771616914915, 50.7141317115467], [-3.5513067005645844, 50.71421197826325], [-3.551327769930409, 50.714554668961746]]]}}, {"type": "Feature", "properties": {"type": "postcode-cell", "postcode": "EX4 1NY", "postcodes": ["EX4 1NY"]}, "geometry": {"type": "Polygon", "coordinates": [[[-3.550354691338549, 50.71503306370922], [-3.549803998778647, 50.71511329328275], [-3.5495809660896858, 50.715023777288536], [-3.549316710361698, 50.713980916039176], [-3.550272018538207, 50.714326450051345], [-3.55045356737482, 50.714769863168115], [-3.550354691338549, 50.71503306370922]]]}}, {"type": "Feature", "properties": {"type": "postcode-cell", "postcode": "EX4 1PT", "postcodes": ["EX4 1PT"]}, "geometry": {"type": "Polygon", "coordinates": [[[-3.5505890353845255, 50.717543696347974], [-3.5505409651795152, 50.71755470110269], [-3.550191188512281, 50.71751154583342], [-3.5493803974178677, 50.71698077345571], [-3.5492158517058807, 50.71639572764125], [-3.5492275031425984, 50.716374871264414], [-3.5498832367296504, 50.71615961774901], [-3.5500399233455693, 50.71617528892428], [-3.5507398460598254, 50.71715892865438], [-3.5505890353845255, 50.717543696347974]]]}}, {"type": "Feature", "properties": {"type": "postcode-cell", "postcode": "EX4 1PN", "postcodes": ["EX4 1PN"]}, "geometry": {"type": "Polygon", "coordinates": [[[-3.5505147105223753, 50.71887432862558], [-3.549629989762283, 50.71929999473992], [-3.549219989762216, 50.7188899947396], [-3.549067036640577, 50.71895008393517], [-3.5489494322135853, 50.718793615000656], [-3.549390307397771, 50.718519460357584], [-3.5500317138562534, 50.718391090215405], [-3.5505147105223753, 50.71887432862558]]]}}, {"type": "Feature", "properties": {"type": "postcode-cell", "postcode": "EX2 9HN", "postcodes": ["EX2 9HN"]}, "geometry": {"type": "Polygon", "coordinates": [[[-3.5468503728137235, 50.71345524542621], [-3.546769905592968, 50.71339037091653], [-3.546767303610157, 50.71306346471382], [-3.5472920941487875, 50.71303082599734], [-3.5473489502524376, 50.71346561406938], [-3.5468503728137235, 50.71345524542621]]]}}, {"type": "Feature", "properties": {"type": "postcode-cell", "postcode": "EX4 1NR", "postcodes": ["EX4 1NR"]}, "geometry": {"type": "Polygon", "coordinates": [[[-3.549316710361698, 50.713980916039176], [-3.5495809660896858, 50.715023777288536], [-3.548426455077851, 50.714956879720056], [-3.548397730513903, 50.714948328941226], [-3.548110851500195, 50.71470125360809], [-3.548201233049766, 50.71452050219906], [-3.5493097291508477, 50.71397635732613], [-3.549316710361698, 50.713980916039176]]]}}, {"type": "Feature", "properties": {"type": "postcode-cell", "postcode": "EX4 1PW", "postcodes": ["EX4 1PW"]}, "geometry": {"type": "Polygon", "coordinates": [[[-3.5505409651795152, 50.71755470110269], [-3.5500317138562534, 50.718391090215405], [-3.549390307397771, 50.718519460357584], [-3.5488533590472833, 50.71775415600804], [-3.550191188512281, 50.71751154583342], [-3.5505409651795152, 50.71755470110269]]]}}, {"type": "Feature", "properties": {"type": "postcode-cell", "postcode": "EX4 1JT", "postcodes": ["EX4 1JT"]}, "geometry": {"type": "Polygon", "coordinates": [[[-3.549803998778647, 50.71511329328275], [-3.5495273630268156, 50.715583694414796], [-3.548974781339789, 50.71557240671007], [-3.548426455077851, 50.714956879720056], [-3.5495809660896858, 50.715023777288536], [-3.549803998778647, 50.71511329328275]]]}}, {"type": "Feature", "properties": {"type": "postcode-cell", "postcode": "EX4 1JR", "postcodes": ["EX4 1JR"]}, "geometry": {"type": "Polygon", "coordinates": [[[-3.5489494322135853, 50.718793615000656], [-3.548747253937696, 50.71875975494498], [-3.548410905439456, 50.7185420237562], [-3.548835871492675, 50.717753084675245], [-3.5488533590472833, 50.71775415600804], [-3.549390307397771, 50.718519460357584], [-3.5489494322135853, 50.718793615000656]]]}}, {"type": "Feature", "properties": {"type": "postcode-cell", "postcode": "EX2 9HP", "postcodes": ["EX2 9HP"]}, "geometry": {"type": "MultiPolygon", "coordinates": [[[[-3.548110851500195, 50.71470125360809], [-3.5477524910773726, 50.71477005416484], [-3.5477084405491075, 50.714762399596594], [-3.548201233049766, 50.71452050219906], [-3.548110851500195, 50.71470125360809]]], [[[-3.547433968252948, 50.714714704686244], [-3.546489378678767, 50.71436585468053], [-3.546891852211564, 50.71401375090705], [-3.547418361725054, 50.713996403218474], [-3.5475141183906986, 50.714728632411784], [-3.547433968252948, 50.714714704686244]]]]}}, {"type": "Feature", "properties": {"type": "postcode-cell", "postcode": "EX4 1PU", "postcodes": ["EX4 1PU"]}, "geometry": {"type": "Polygon", "coordinates": [[[-3.5498832367296504, 50.71615961774901], [-3.5492275031425984, 50.716374871264414], [-3.548333288686388, 50.71596144242802], [-3.548974781339789, 50.71557240671007], [-3.5495273630268156, 50.715583694414796], [-3.5498832367296504, 50.71615961774901]]]}}, {"type": "Feature", "properties": {"type": "postcode-cell", "postcode": "EX4 1JB", "postcodes": ["EX4 1JB"]}, "geometry": {"type": "Polygon", "coordinates": [[[-3.548974781339789, 50.71557240671007], [-3.548333288686388, 50.71596144242802], [-3.547928661246105, 50.715924966942815], [-3.5479237814880866, 50.71591903964075], [-3.548397730513903, 50.714948328941226], [-3.548426455077851, 50.714956879720056], [-3.548974781339789, 50.71557240671007]]]}}, {"type": "Feature", "properties": {"type": "postcode-cell", "postcode": "EX4 1PR", "postcodes": ["EX4 1PR"]}, "geometry": {"type": "Polygon", "coordinates": [[[-3.550191188512281, 50.71751154583342], [-3.5488533590472833, 50.71775415600804], [-3.548835871492675, 50.717753084675245], [-3.547980681731362, 50.71746210291343], [-3.5481960306180222, 50.717231543089284], [-3.5493803974178677, 50.71698077345571], [-3.550191188512281, 50.71751154583342]]]}}, {"type": "Feature", "properties": {"type": "postcode-cell", "postcode": "EX4 1PS", "postcodes": ["EX4 1PS"]}, "geometry": {"type": "Polygon", "coordinates": [[[-3.5493803974178677, 50.71698077345571], [-3.5481960306180222, 50.717231543089284], [-3.5483059903052765, 50.716794739543964], [-3.5492158517058807, 50.71639572764125], [-3.5493803974178677, 50.71698077345571]]]}}, {"type": "Feature", "properties": {"type": "postcode-cell", "postcode": "EX4 1ES", "postcodes": ["EX4 1ES"]}, "geometry": {"type": "Polygon", "coordinates": [[[-3.548139671278591, 50.72019914639761], [-3.548609307568667, 50.720124287558164], [-3.5491636704645297, 50.72052259301277], [-3.5490799897612706, 50.72069999474104], [-3.547994174771145, 50.72032969266266], [-3.548139671278591, 50.72019914639761]]]}}, {"type": "Feature", "properties": {"type": "postcode-cell", "postcode": "EX4 1JL", "postcodes": ["EX4 1JL"]}, "geometry": {"type": "Polygon", "coordinates": [[[-3.5481737406353058, 50.71951315465355], [-3.547828726211186, 50.71924712860206], [-3.548747253937696, 50.71875975494498], [-3.5489494322135853, 50.718793615000656], [-3.549067036640577, 50.71895008393517], [-3.5486599897617563, 50.719109994739796], [-3.548960986054639, 50.719586204368134], [-3.5481737406353058, 50.71951315465355]]]}}, {"type": "Feature", "properties": {"type": "postcode-cell", "postcode": "EX4 1JJ", "postcodes": ["EX4 1JJ"]}, "geometry": {"type": "Polygon", "coordinates": [[[-3.548835871492675, 50.717753084675245], [-3.548410905439456, 50.7185420237562], [-3.5476610438840814, 50.718394341479616], [-3.5471235903111347, 50.71764221892223], [-3.547137705943856, 50.717600600876104], [-3.547980681731362, 50.71746210291343], [-3.548835871492675, 50.717753084675245]]]}}, {"type": "Feature", "properties": {"type": "postcode-cell", "postcode": "EX4 1JS", "postcodes": ["EX4 1JS"]}, "geometry": {"type": "Polygon", "coordinates": [[[-3.5492158517058807, 50.71639572764125], [-3.5483059903052765, 50.716794739543964], [-3.5476375309245674, 50.71629808354536], [-3.547928661246105, 50.715924966942815], [-3.548333288686388, 50.71596144242802], [-3.5492275031425984, 50.716374871264414], [-3.5492158517058807, 50.71639572764125]]]}}, {"type": "Feature", "properties": {"type": "postcode-cell", "postcode": "EX4 1JH", "postcodes": ["EX4 1JH"]}, "geometry": {"type": "Polygon", "coordinates": [[[-3.547980681731362, 50.71746210291343], [-3.547137705943856, 50.717600600876104], [-3.547026323777601, 50.717510506235165], [-3.547158676432975, 50.71648546667868], [-3.5476375309245674, 50.71629808354536], [-3.5483059903052765, 50.716794739543964], [-3.5481960306180222, 50.717231543089284], [-3.547980681731362, 50.71746210291343]]]}}, {"type": "Feature", "properties": {"type": "postcode-cell", "postcode": "EX4 1JU", "postcodes": ["EX4 1JU"]}, "geometry": {"type": "Polygon", "coordinates": [[[-3.548397730513903, 50.714948328941226], [-3.5479237814880866, 50.71591903964075], [-3.5478918293473067, 50.715904903480585], [-3.5473707781684425, 50.71516214089282], [-3.5477524910773726, 50.71477005416484], [-3.548110851500195, 50.71470125360809], [-3.548397730513903, 50.714948328941226]]]}}, {"type": "Feature", "properties": {"type": "postcode-cell", "postcode": "EX4 1ER", "postcodes": ["EX4 1ER"]}, "geometry": {"type": "Polygon", "coordinates": [[[-3.547994174771145, 50.72032969266266], [-3.54734998976045, 50.72010999474059], [-3.5468927724328054, 50.72013857278584], [-3.5471910114685583, 50.71978889572184], [-3.5479364965876887, 50.71986213150426], [-3.548139671278591, 50.72019914639761], [-3.547994174771145, 50.72032969266266]]]}}, {"type": "Feature", "properties": {"type": "postcode-cell", "postcode": "EX4 1ET", "postcodes": ["EX4 1ET"]}, "geometry": {"type": "Polygon", "coordinates": [[[-3.548960986054639, 50.719586204368134], [-3.5490355439533254, 50.71970416161203], [-3.548609307568667, 50.720124287558164], [-3.548139671278591, 50.72019914639761], [-3.5479364965876887, 50.71986213150426], [-3.5481737406353058, 50.71951315465355], [-3.548960986054639, 50.719586204368134]]]}}, {"type": "Feature", "properties": {"type": "postcode-cell", "postcode": "EX4 1EU", "postcodes": ["EX4 1EU"]}, "geometry": {"type": "Polygon", "coordinates": [[[-3.548747253937696, 50.71875975494498], [-3.547828726211186, 50.71924712860206], [-3.5471275527642936, 50.719153280439244], [-3.5471046700196287, 50.719139360964604], [-3.5476610438840814, 50.718394341479616], [-3.548410905439456, 50.7185420237562], [-3.548747253937696, 50.71875975494498]]]}}, {"type": "Feature", "properties": {"type": "postcode-cell", "postcode": "EX4 1EX", "postcodes": ["EX4 1EX"]}, "geometry": {"type": "Polygon", "coordinates": [[[-3.547828726211186, 50.71924712860206], [-3.5481737406353058, 50.71951315465355], [-3.5479364965876887, 50.71986213150426], [-3.5471910114685583, 50.71978889572184], [-3.5471275527642936, 50.719153280439244], [-3.547828726211186, 50.71924712860206]]]}}, {"type": "Feature", "properties": {"type": "postcode-cell", "postcode": "EX4 1BP", "postcodes": ["EX4 1BP"]}, "geometry": {"type": "Polygon", "coordinates": [[[-3.5471235903111347, 50.71764221892223], [-3.5457363118427514, 50.71853919728994], [-3.5456689032993336, 50.718533628818925], [-3.545373658373108, 50.71836322821292], [-3.5451561143255015, 50.71757882905262], [-3.546173188171212, 50.717262886328385], [-3.547026323777601, 50.717510506235165], [-3.547137705943856, 50.717600600876104], [-3.5471235903111347, 50.71764221892223]]]}}, {"type": "Feature", "properties": {"type": "postcode-cell", "postcode": "EX2 9HW", "postcodes": ["EX2 9HW"]}, "geometry": {"type": "Polygon", "coordinates": [[[-3.546891852211564, 50.71401375090705], [-3.546775175547052, 50.71377141761547], [-3.5468503728137235, 50.71345524542621], [-3.5473489502524376, 50.71346561406938], [-3.547418361725054, 50.713996403218474], [-3.546891852211564, 50.71401375090705]]]}}, {"type": "Feature", "properties": {"type": "postcode-cell", "postcode": "EX4 1JQ", "postcodes": ["EX4 1JQ"]}, "geometry": {"type": "Polygon", "coordinates": [[[-3.547928661246105, 50.715924966942815], [-3.5476375309245674, 50.71629808354536], [-3.547158676432975, 50.71648546667868], [-3.5459580733839404, 50.71612357887591], [-3.5469790797127065, 50.7157006632813], [-3.5478918293473067, 50.715904903480585], [-3.5479237814880866, 50.71591903964075], [-3.547928661246105, 50.715924966942815]]]}}, {"type": "Feature", "properties": {"type": "postcode-cell", "postcode": "EX4 1EZ", "postcodes": ["EX4 1EZ"]}, "geometry": {"type": "Polygon", "coordinates": [[[-3.5476610438840814, 50.718394341479616], [-3.5471046700196287, 50.719139360964604], [-3.5463903816682603, 50.719075307638434], [-3.5457363118427514, 50.71853919728994], [-3.5471235903111347, 50.71764221892223], [-3.5476610438840814, 50.718394341479616]]]}}, {"type": "Feature", "properties": {"type": "postcode-cell", "postcode": "EX4 1EP", "postcodes": ["EX4 1EP"]}, "geometry": {"type": "Polygon", "coordinates": [[[-3.5461446507039565, 50.71981083281072], [-3.5464759680447298, 50.72016462325806], [-3.545909989759492, 50.72019999474068], [-3.5447138109654097, 50.72002684726705], [-3.5461446507039565, 50.71981083281072]]]}}, {"type": "Feature", "properties": {"type": "postcode-cell", "postcode": "EX4 1EY", "postcodes": ["EX4 1EY"]}, "geometry": {"type": "Polygon", "coordinates": [[[-3.5471046700196287, 50.719139360964604], [-3.5471275527642936, 50.719153280439244], [-3.5471910114685583, 50.71978889572184], [-3.5468927724328054, 50.72013857278584], [-3.5464759680447298, 50.72016462325806], [-3.5461446507039565, 50.71981083281072], [-3.546122192818147, 50.71939292941941], [-3.5463903816682603, 50.719075307638434], [-3.5471046700196287, 50.719139360964604]]]}}, {"type": "Feature", "properties": {"type": "postcode-cell", "postcode": "EX4 1JG", "postcodes": ["EX4 1JG"]}, "geometry": {"type": "Polygon", "coordinates": [[[-3.5469790797127065, 50.7157006632813], [-3.546882925585083, 50.715331768077725], [-3.5473707781684425, 50.71516214089282], [-3.5478918293473067, 50.715904903480585], [-3.5469790797127065, 50.7157006632813]]]}}, {"type": "Feature", "properties": {"type": "postcode-cell", "postcode": "EX4 1JF", "postcodes": ["EX4 1JF"]}, "geometry": {"type": "Polygon", "coordinates": [[[-3.5475141183906986, 50.714728632411784], [-3.54752998976306, 50.714849994736454], [-3.5477084405491075, 50.714762399596594], [-3.5477524910773726, 50.71477005416484], [-3.5473707781684425, 50.71516214089282], [-3.546882925585083, 50.715331768077725], [-3.546608297899822, 50.71524627748453], [-3.546593643788617, 50.715018865612414], [-3.547433968252948, 50.714714704686244], [-3.5475141183906986, 50.714728632411784]]]}}, {"type": "Feature", "properties": {"type": "postcode-cell", "postcode": "EX2 9BX", "postcodes": ["EX2 9BX"]}, "geometry": {"type": "Polygon", "coordinates": [[[-3.5468503728137235, 50.71345524542621], [-3.546775175547052, 50.71377141761547], [-3.545910437493486, 50.71374129310733], [-3.5458361753657686, 50.71366415849521], [-3.5459823045218695, 50.71345432074175], [-3.546769905592968, 50.71339037091653], [-3.5468503728137235, 50.71345524542621]]]}}, {"type": "Feature", "properties": {"type": "postcode-cell", "postcode": "EX2 9BZ", "postcodes": ["EX2 9BZ"]}, "geometry": {"type": "Polygon", "coordinates": [[[-3.546769905592968, 50.71339037091653], [-3.5459823045218695, 50.71345432074175], [-3.5458237675373647, 50.71315805181084], [-3.5459141227216215, 50.71301268501622], [-3.5467060741826963, 50.713001862860835], [-3.546767303610157, 50.71306346471382], [-3.546769905592968, 50.71339037091653]]]}}, {"type": "Feature", "properties": {"type": "postcode-cell", "postcode": "EX2 9EE", "postcodes": ["EX2 9EE"]}, "geometry": {"type": "Polygon", "coordinates": [[[-3.5423607475633365, 50.71168961310514], [-3.541518656851854, 50.711302020612315], [-3.5414952801905417, 50.71123086735886], [-3.541977887126945, 50.71073670701078], [-3.5431299897620816, 50.711019994733526], [-3.5428432305091775, 50.71171001037183], [-3.5423607475633365, 50.71168961310514]]]}}, {"type": "Feature", "properties": {"type": "postcode-cell", "postcode": "EX2 9DF", "postcodes": ["EX2 9DF"]}, "geometry": {"type": "Polygon", "coordinates": [[[-3.5465195417593667, 50.71252509616266], [-3.545737543281436, 50.712687703189545], [-3.5455275459289424, 50.712594891673085], [-3.5455720936760096, 50.71197908653234], [-3.5464399897637335, 50.711969994734226], [-3.5464299897635936, 50.71224999473442], [-3.5465639023677857, 50.712249995094076], [-3.5465195417593667, 50.71252509616266]]]}}, {"type": "Feature", "properties": {"type": "postcode-cell", "postcode": "EX4 1HB", "postcodes": ["EX4 1HB"]}, "geometry": {"type": "Polygon", "coordinates": [[[-3.546882925585083, 50.715331768077725], [-3.5469790797127065, 50.7157006632813], [-3.5459580733839404, 50.71612357887591], [-3.545818183864221, 50.71612197407772], [-3.545729430856286, 50.715819493924236], [-3.54577130424226, 50.715528156303606], [-3.5459678567218416, 50.715391326765214], [-3.546608297899822, 50.71524627748453], [-3.546882925585083, 50.715331768077725]]]}}, {"type": "Feature", "properties": {"type": "postcode-cell", "postcode": "EX4 1HL", "postcodes": ["EX4 1HL"]}, "geometry": {"type": "Polygon", "coordinates": [[[-3.547433968252948, 50.714714704686244], [-3.546593643788617, 50.715018865612414], [-3.546276299543492, 50.71470983186002], [-3.546208036775729, 50.71441370539536], [-3.546489378678767, 50.71436585468053], [-3.547433968252948, 50.714714704686244]]]}}, {"type": "Feature", "properties": {"type": "postcode-cell", "postcode": "EX2 9BU", "postcodes": ["EX2 9BU"]}, "geometry": {"type": "Polygon", "coordinates": [[[-3.546891852211564, 50.71401375090705], [-3.546489378678767, 50.71436585468053], [-3.546208036775729, 50.71441370539536], [-3.546072794686677, 50.7143870816554], [-3.545910437493486, 50.71374129310733], [-3.546775175547052, 50.71377141761547], [-3.546891852211564, 50.71401375090705]]]}}, {"type": "Feature", "properties": {"type": "postcode-cell", "postcode": "EX4 1HA", "postcodes": ["EX4 1HA"]}, "geometry": {"type": "Polygon", "coordinates": [[[-3.547026323777601, 50.717510506235165], [-3.546173188171212, 50.717262886328385], [-3.545482998441956, 50.71650442905121], [-3.545593409423304, 50.71628037939829], [-3.545818183864221, 50.71612197407772], [-3.5459580733839404, 50.71612357887591], [-3.547158676432975, 50.71648546667868], [-3.547026323777601, 50.717510506235165]]]}}, {"type": "Feature", "properties": {"type": "postcode-cell", "postcode": "EX4 1HE", "postcodes": ["EX4 1HE"]}, "geometry": {"type": "Polygon", "coordinates": [[[-3.546593643788617, 50.715018865612414], [-3.546608297899822, 50.71524627748453], [-3.5459678567218416, 50.715391326765214], [-3.5459588717943316, 50.71509073120818], [-3.546276299543492, 50.71470983186002], [-3.546593643788617, 50.715018865612414]]]}}, {"type": "Feature", "properties": {"type": "postcode-cell", "postcode": "EX4 1FA", "postcodes": ["EX4 1FA"]}, "geometry": {"type": "Polygon", "coordinates": [[[-3.546122192818147, 50.71939292941941], [-3.545308474155992, 50.71952791942819], [-3.544997965708743, 50.71893384159839], [-3.5456689032993336, 50.718533628818925], [-3.5457363118427514, 50.71853919728994], [-3.5463903816682603, 50.719075307638434], [-3.546122192818147, 50.71939292941941]]]}}, {"type": "Feature", "properties": {"type": "postcode-cell", "postcode": "EX4 1HD", "postcodes": ["EX4 1HD"]}, "geometry": {"type": "Polygon", "coordinates": [[[-3.54577130424226, 50.715528156303606], [-3.5453070488891623, 50.715233448527066], [-3.5451837227881335, 50.71483773146391], [-3.5451938660484936, 50.71483135039254], [-3.5453919633078503, 50.71476714370904], [-3.5459588717943316, 50.71509073120818], [-3.5459678567218416, 50.715391326765214], [-3.54577130424226, 50.715528156303606]]]}}, {"type": "Feature", "properties": {"type": "postcode-cell", "postcode": "EX2 9BT", "postcodes": ["EX2 9BT"]}, "geometry": {"type": "Polygon", "coordinates": [[[-3.545910437493486, 50.71374129310733], [-3.546072794686677, 50.7143870816554], [-3.546016382663425, 50.71439462966658], [-3.5449859498010894, 50.71410246059035], [-3.545090290586141, 50.7136887347343], [-3.5458361753657686, 50.71366415849521], [-3.545910437493486, 50.71374129310733]]]}}, {"type": "Feature", "properties": {"type": "postcode-cell", "postcode": "EX4 1JE", "postcodes": ["EX4 1JE"]}, "geometry": {"type": "Polygon", "coordinates": [[[-3.546276299543492, 50.71470983186002], [-3.5459588717943316, 50.71509073120818], [-3.5453919633078503, 50.71476714370904], [-3.546016382663425, 50.71439462966658], [-3.546072794686677, 50.7143870816554], [-3.546208036775729, 50.71441370539536], [-3.546276299543492, 50.71470983186002]]]}}, {"type": "Feature", "properties": {"type": "postcode-cell", "postcode": "EX2 9BY", "postcodes": ["EX2 9BY"]}, "geometry": {"type": "Polygon", "coordinates": [[[-3.5459823045218695, 50.71345432074175], [-3.5458361753657686, 50.71366415849521], [-3.545090290586141, 50.7136887347343], [-3.5449783250055047, 50.71359520830727], [-3.5447606748725105, 50.7132491847413], [-3.5458237675373647, 50.71315805181084], [-3.5459823045218695, 50.71345432074175]]]}}, {"type": "Feature", "properties": {"type": "postcode-cell", "postcode": "EX2 9DB", "postcodes": ["EX2 9DB"]}, "geometry": {"type": "Polygon", "coordinates": [[[-3.5467060741826963, 50.713001862860835], [-3.5459141227216215, 50.71301268501622], [-3.545737543281436, 50.712687703189545], [-3.5465195417593667, 50.71252509616266], [-3.5467535786733393, 50.7127162077002], [-3.5467060741826963, 50.713001862860835]]]}}, {"type": "Feature", "properties": {"type": "postcode-cell", "postcode": "EX4 1HY", "postcodes": ["EX4 1HY"]}, "geometry": {"type": "Polygon", "coordinates": [[[-3.545818183864221, 50.71612197407772], [-3.545593409423304, 50.71628037939829], [-3.544788753716185, 50.71606690172599], [-3.5444597303729055, 50.7155771405927], [-3.5446007580692913, 50.715523002887586], [-3.545729430856286, 50.715819493924236], [-3.545818183864221, 50.71612197407772]]]}}, {"type": "Feature", "properties": {"type": "postcode-cell", "postcode": "EX4 1HX", "postcodes": ["EX4 1HX"]}, "geometry": {"type": "Polygon", "coordinates": [[[-3.545729430856286, 50.715819493924236], [-3.5446007580692913, 50.715523002887586], [-3.544719119809541, 50.715348532772694], [-3.5453070488891623, 50.715233448527066], [-3.54577130424226, 50.715528156303606], [-3.545729430856286, 50.715819493924236]]]}}, {"type": "Feature", "properties": {"type": "postcode-cell", "postcode": "EX4 1HJ", "postcodes": ["EX4 1HJ"]}, "geometry": {"type": "Polygon", "coordinates": [[[-3.5449859498010894, 50.71410246059035], [-3.546016382663425, 50.71439462966658], [-3.5453919633078503, 50.71476714370904], [-3.5451938660484936, 50.71483135039254], [-3.544858624833552, 50.71415965820824], [-3.5449859498010894, 50.71410246059035]]]}}, {"type": "Feature", "properties": {"type": "postcode-cell", "postcode": "EX2 9BS", "postcodes": ["EX2 9BS"]}, "geometry": {"type": "Polygon", "coordinates": [[[-3.544858624833552, 50.71415965820824], [-3.5443280771105967, 50.71426611098259], [-3.544116676432467, 50.714264549737635], [-3.5438392992326926, 50.71415614809345], [-3.5438327238736473, 50.71396265992009], [-3.5449783250055047, 50.71359520830727], [-3.545090290586141, 50.7136887347343], [-3.5449859498010894, 50.71410246059035], [-3.544858624833552, 50.71415965820824]]]}}, {"type": "Feature", "properties": {"type": "postcode-cell", "postcode": "EX4 1EW", "postcodes": ["EX4 1EW"]}, "geometry": {"type": "Polygon", "coordinates": [[[-3.5461446507039565, 50.71981083281072], [-3.5447138109654097, 50.72002684726705], [-3.5446374070918427, 50.72001578730648], [-3.545308474155992, 50.71952791942819], [-3.546122192818147, 50.71939292941941], [-3.5461446507039565, 50.71981083281072]]]}}, {"type": "Feature", "properties": {"type": "postcode-cell", "postcode": "EX4 1BW", "postcodes": ["EX4 1BW"]}, "geometry": {"type": "Polygon", "coordinates": [[[-3.546173188171212, 50.717262886328385], [-3.5451561143255015, 50.71757882905262], [-3.5443076719959956, 50.71733047278473], [-3.544301101780129, 50.717323331235086], [-3.5442474943764273, 50.716962543059196], [-3.545482998441956, 50.71650442905121], [-3.546173188171212, 50.717262886328385]]]}}, {"type": "Feature", "properties": {"type": "postcode-cell", "postcode": "EX2 9DA", "postcodes": ["EX2 9DA"]}, "geometry": {"type": "Polygon", "coordinates": [[[-3.5458237675373647, 50.71315805181084], [-3.5447606748725105, 50.7132491847413], [-3.5447402335183202, 50.71323658204648], [-3.5447047875962197, 50.712806051242545], [-3.5455275459289424, 50.712594891673085], [-3.545737543281436, 50.712687703189545], [-3.5459141227216215, 50.71301268501622], [-3.5458237675373647, 50.71315805181084]]]}}, {"type": "Feature", "properties": {"type": "postcode-cell", "postcode": "EX4 1BU", "postcodes": ["EX4 1BU"]}, "geometry": {"type": "Polygon", "coordinates": [[[-3.543992938895779, 50.71956112205444], [-3.54411421405197, 50.71881984639292], [-3.544905346984687, 50.71895850228499], [-3.5440890652259336, 50.719782757136144], [-3.543992938895779, 50.71956112205444]]]}}, {"type": "Feature", "properties": {"type": "postcode-cell", "postcode": "EX4 1BY", "postcodes": ["EX4 1BY"]}, "geometry": {"type": "Polygon", "coordinates": [[[-3.5440890652259336, 50.719782757136144], [-3.5440651113886052, 50.71993294199503], [-3.5430567052503426, 50.719786957926424], [-3.542815157242505, 50.71921695999457], [-3.543365323301423, 50.718926837277074], [-3.543992938895779, 50.71956112205444], [-3.5440890652259336, 50.719782757136144]]]}}, {"type": "Feature", "properties": {"type": "postcode-cell", "postcode": "EX4 1EN", "postcodes": ["EX4 1EN"]}, "geometry": {"type": "Polygon", "coordinates": [[[-3.5446374070918427, 50.72001578730648], [-3.5440651113886052, 50.71993294199503], [-3.5440890652259336, 50.719782757136144], [-3.544905346984687, 50.71895850228499], [-3.544997965708743, 50.71893384159839], [-3.545308474155992, 50.71952791942819], [-3.5446374070918427, 50.72001578730648]]]}}, {"type": "Feature", "properties": {"type": "postcode-cell", "postcode": "EX4 1JA", "postcodes": ["EX4 1JA"]}, "geometry": {"type": "Polygon", "coordinates": [[[-3.545482998441956, 50.71650442905121], [-3.5442474943764273, 50.716962543059196], [-3.544005313010656, 50.716848364067424], [-3.543738112374509, 50.716577985674675], [-3.544024591631526, 50.71610689337989], [-3.544788753716185, 50.71606690172599], [-3.545593409423304, 50.71628037939829], [-3.545482998441956, 50.71650442905121]]]}}, {"type": "Feature", "properties": {"type": "postcode-cell", "postcode": "EX4 1HW", "postcodes": ["EX4 1HW"]}, "geometry": {"type": "Polygon", "coordinates": [[[-3.5451837227881335, 50.71483773146391], [-3.544930484111207, 50.714838719735965], [-3.5443280771105967, 50.71426611098259], [-3.544858624833552, 50.71415965820824], [-3.5451938660484936, 50.71483135039254], [-3.5451837227881335, 50.71483773146391]]]}}, {"type": "Feature", "properties": {"type": "postcode-cell", "postcode": "EX4 1BS", "postcodes": ["EX4 1BS"]}, "geometry": {"type": "Polygon", "coordinates": [[[-3.5456689032993336, 50.718533628818925], [-3.544997965708743, 50.71893384159839], [-3.544905346984687, 50.71895850228499], [-3.54411421405197, 50.71881984639292], [-3.544081606933291, 50.71879959080697], [-3.5440875727890617, 50.71851724961587], [-3.5447936260541493, 50.718291133755855], [-3.545373658373108, 50.71836322821292], [-3.5456689032993336, 50.718533628818925]]]}}, {"type": "Feature", "properties": {"type": "postcode-cell", "postcode": "EX2 9DD", "postcodes": ["EX2 9DD"]}, "geometry": {"type": "Polygon", "coordinates": [[[-3.5447047875962197, 50.712806051242545], [-3.5445142468871564, 50.712694850277636], [-3.544939989762501, 50.71255999473468], [-3.5445299897625113, 50.711989994734246], [-3.5455720936760096, 50.71197908653234], [-3.5455275459289424, 50.712594891673085], [-3.5447047875962197, 50.712806051242545]]]}}, {"type": "Feature", "properties": {"type": "postcode-cell", "postcode": "EX4 1JX", "postcodes": ["EX4 1JX"]}, "geometry": {"type": "Polygon", "coordinates": [[[-3.544719119809541, 50.715348532772694], [-3.544535165504528, 50.715097690480896], [-3.544900043004788, 50.71484794859909], [-3.544930484111207, 50.714838719735965], [-3.5451837227881335, 50.71483773146391], [-3.5453070488891623, 50.715233448527066], [-3.544719119809541, 50.715348532772694]]]}}, {"type": "Feature", "properties": {"type": "postcode-cell", "postcode": "EX4 1HR", "postcodes": ["EX4 1HR"]}, "geometry": {"type": "Polygon", "coordinates": [[[-3.544535165504528, 50.715097690480896], [-3.5439997379706587, 50.71507370966249], [-3.5439197857262235, 50.71499455613668], [-3.5441181716104815, 50.71473466455363], [-3.544900043004788, 50.71484794859909], [-3.544535165504528, 50.715097690480896]]]}}, {"type": "Feature", "properties": {"type": "postcode-cell", "postcode": "EX2 9BR", "postcodes": ["EX2 9BR"]}, "geometry": {"type": "Polygon", "coordinates": [[[-3.5449783250055047, 50.71359520830727], [-3.5438327238736473, 50.71396265992009], [-3.543634544348488, 50.713479828177555], [-3.5447402335183202, 50.71323658204648], [-3.5447606748725105, 50.7132491847413], [-3.5449783250055047, 50.71359520830727]]]}}, {"type": "Feature", "properties": {"type": "postcode-cell", "postcode": "EX2 9BJ", "postcodes": ["EX2 9BJ"]}, "geometry": {"type": "Polygon", "coordinates": [[[-3.544930484111207, 50.714838719735965], [-3.544900043004788, 50.71484794859909], [-3.5441181716104815, 50.71473466455363], [-3.544116676432467, 50.714264549737635], [-3.5443280771105967, 50.71426611098259], [-3.544930484111207, 50.714838719735965]]]}}, {"type": "Feature", "properties": {"type": "postcode-cell", "postcode": "EX4 1BN", "postcodes": ["EX4 1BN"]}, "geometry": {"type": "Polygon", "coordinates": [[[-3.545373658373108, 50.71836322821292], [-3.5447936260541493, 50.718291133755855], [-3.544161593783038, 50.71787457791854], [-3.5443076719959956, 50.71733047278473], [-3.5451561143255015, 50.71757882905262], [-3.545373658373108, 50.71836322821292]]]}}, {"type": "Feature", "properties": {"type": "postcode-cell", "postcode": "EX4 1JD", "postcodes": ["EX4 1JD"]}, "geometry": {"type": "Polygon", "coordinates": [[[-3.5444597303729055, 50.7155771405927], [-3.543933575534231, 50.71558413536952], [-3.5439997379706587, 50.71507370966249], [-3.544535165504528, 50.715097690480896], [-3.544719119809541, 50.715348532772694], [-3.5446007580692913, 50.715523002887586], [-3.5444597303729055, 50.7155771405927]]]}}, {"type": "Feature", "properties": {"type": "postcode-cell", "postcode": "EX4 1BR", "postcodes": ["EX4 1BR"]}, "geometry": {"type": "Polygon", "coordinates": [[[-3.5447936260541493, 50.718291133755855], [-3.5440875727890617, 50.71851724961587], [-3.5437608530147746, 50.718354455978336], [-3.543687971359863, 50.71810405524826], [-3.544161593783038, 50.71787457791854], [-3.5447936260541493, 50.718291133755855]]]}}, {"type": "Feature", "properties": {"type": "postcode-cell", "postcode": "EX2 9DQ", "postcodes": ["EX2 9DQ"]}, "geometry": {"type": "Polygon", "coordinates": [[[-3.5441181716104815, 50.71473466455363], [-3.5439197857262235, 50.71499455613668], [-3.543529687922704, 50.71494895886265], [-3.5431309197450798, 50.71443800971699], [-3.543179303022813, 50.71435277420121], [-3.5438392992326926, 50.71415614809345], [-3.544116676432467, 50.714264549737635], [-3.5441181716104815, 50.71473466455363]]]}}, {"type": "Feature", "properties": {"type": "postcode-cell", "postcode": "EX4 1BL", "postcodes": ["EX4 1BL"]}, "geometry": {"type": "Polygon", "coordinates": [[[-3.5443076719959956, 50.71733047278473], [-3.544161593783038, 50.71787457791854], [-3.543687971359863, 50.71810405524826], [-3.5435080957391643, 50.71806425405144], [-3.5432216062272053, 50.71767961081136], [-3.5433473332147543, 50.7175582070731], [-3.544301101780129, 50.717323331235086], [-3.5443076719959956, 50.71733047278473]]]}}, {"type": "Feature", "properties": {"type": "postcode-cell", "postcode": "EX4 1HZ", "postcodes": ["EX4 1HZ"]}, "geometry": {"type": "Polygon", "coordinates": [[[-3.544788753716185, 50.71606690172599], [-3.544024591631526, 50.71610689337989], [-3.5437840934924325, 50.71566609381113], [-3.543933575534231, 50.71558413536952], [-3.5444597303729055, 50.7155771405927], [-3.544788753716185, 50.71606690172599]]]}}, {"type": "Feature", "properties": {"type": "postcode-cell", "postcode": "EX4 1HP", "postcodes": ["EX4 1HP"]}, "geometry": {"type": "Polygon", "coordinates": [[[-3.5437840934924325, 50.71566609381113], [-3.5435435697006614, 50.7156575815362], [-3.542843475305537, 50.7153256534103], [-3.543529687922704, 50.71494895886265], [-3.5439197857262235, 50.71499455613668], [-3.5439997379706587, 50.71507370966249], [-3.543933575534231, 50.71558413536952], [-3.5437840934924325, 50.71566609381113]]]}}, {"type": "Feature", "properties": {"type": "postcode-cell", "postcode": "EX2 9BP", "postcodes": ["EX2 9BP"]}, "geometry": {"type": "Polygon", "coordinates": [[[-3.5447402335183202, 50.71323658204648], [-3.543634544348488, 50.713479828177555], [-3.5430847113497457, 50.7132439170228], [-3.5430987366557347, 50.713143201418625], [-3.5445142468871564, 50.712694850277636], [-3.5447047875962197, 50.712806051242545], [-3.5447402335183202, 50.71323658204648]]]}}, {"type": "Feature", "properties": {"type": "postcode-cell", "postcode": "EX2 9BL", "postcodes": ["EX2 9BL"]}, "geometry": {"type": "Polygon", "coordinates": [[[-3.5438392992326926, 50.71415614809345], [-3.543179303022813, 50.71435277420121], [-3.5421762632446305, 50.713786396607816], [-3.542190426273415, 50.71366662748613], [-3.5422914037964492, 50.71355793142124], [-3.5430847113497457, 50.7132439170228], [-3.543634544348488, 50.713479828177555], [-3.5438327238736473, 50.71396265992009], [-3.5438392992326926, 50.71415614809345]]]}}, {"type": "Feature", "properties": {"type": "postcode-cell", "postcode": "EX4 1BT", "postcodes": ["EX4 1BT"]}, "geometry": {"type": "Polygon", "coordinates": [[[-3.544081606933291, 50.71879959080697], [-3.543372178049422, 50.71891262567664], [-3.5431782438951496, 50.718638406423544], [-3.5437608530147746, 50.718354455978336], [-3.5440875727890617, 50.71851724961587], [-3.544081606933291, 50.71879959080697]]]}}, {"type": "Feature", "properties": {"type": "postcode-cell", "postcode": "EX2 9EQ", "postcodes": ["EX2 9EQ"]}, "geometry": {"type": "Polygon", "coordinates": [[[-3.5418877420019315, 50.71253371551077], [-3.541493325838888, 50.71222950723883], [-3.5418900116238925, 50.71183470955171], [-3.5423607475633365, 50.71168961310514], [-3.5428432305091775, 50.71171001037183], [-3.5428099897615146, 50.711789994734126], [-3.541979989760707, 50.712379994734604], [-3.5420912781922156, 50.71251057559147], [-3.5418877420019315, 50.71253371551077]]]}}, {"type": "Feature", "properties": {"type": "postcode-cell", "postcode": "EX4 1BX", "postcodes": ["EX4 1BX"]}, "geometry": {"type": "Polygon", "coordinates": [[[-3.54411421405197, 50.71881984639292], [-3.543992938895779, 50.71956112205444], [-3.543365323301423, 50.718926837277074], [-3.543372178049422, 50.71891262567664], [-3.544081606933291, 50.71879959080697], [-3.54411421405197, 50.71881984639292]]]}}, {"type": "Feature", "properties": {"type": "postcode-cell", "postcode": "EX4 1FL", "postcodes": ["EX4 1FL"]}, "geometry": {"type": "Polygon", "coordinates": [[[-3.544024591631526, 50.71610689337989], [-3.543738112374509, 50.716577985674675], [-3.543669955837348, 50.71656247812893], [-3.5428825046381247, 50.71619049010117], [-3.5435435697006614, 50.7156575815362], [-3.5437840934924325, 50.71566609381113], [-3.544024591631526, 50.71610689337989]]]}}, {"type": "Feature", "properties": {"type": "postcode-cell", "postcode": "EX4 1BZ", "postcodes": ["EX4 1BZ"]}, "geometry": {"type": "Polygon", "coordinates": [[[-3.543365323301423, 50.718926837277074], [-3.542815157242505, 50.71921695999457], [-3.542143970878393, 50.71899130140441], [-3.5427573488505124, 50.718491835450465], [-3.5431782438951496, 50.718638406423544], [-3.543372178049422, 50.71891262567664], [-3.543365323301423, 50.718926837277074]]]}}, {"type": "Feature", "properties": {"type": "postcode-cell", "postcode": "EX4 1HS", "postcodes": ["EX4 1HS"]}, "geometry": {"type": "Polygon", "coordinates": [[[-3.5435435697006614, 50.7156575815362], [-3.5428825046381247, 50.71619049010117], [-3.5423613838940624, 50.71617544860928], [-3.5420899668643773, 50.715796467921564], [-3.542243902512682, 50.71556358522096], [-3.542452525564853, 50.715300991545924], [-3.542843475305537, 50.7153256534103], [-3.5435435697006614, 50.7156575815362]]]}}, {"type": "Feature", "properties": {"type": "postcode-cell", "postcode": "EX4 1DA", "postcodes": ["EX4 1DA"]}, "geometry": {"type": "Polygon", "coordinates": [[[-3.5431782438951496, 50.718638406423544], [-3.5427573488505124, 50.718491835450465], [-3.54265869577716, 50.71825633546099], [-3.5435080957391643, 50.71806425405144], [-3.543687971359863, 50.71810405524826], [-3.5437608530147746, 50.718354455978336], [-3.5431782438951496, 50.718638406423544]]]}}, {"type": "Feature", "properties": {"type": "postcode-cell", "postcode": "EX4 1BG", "postcodes": ["EX4 1BG"]}, "geometry": {"type": "Polygon", "coordinates": [[[-3.544301101780129, 50.717323331235086], [-3.5433473332147543, 50.7175582070731], [-3.5429377590669184, 50.7172410663582], [-3.5429490834868087, 50.71714117419225], [-3.544005313010656, 50.716848364067424], [-3.5442474943764273, 50.716962543059196], [-3.544301101780129, 50.717323331235086]]]}}, {"type": "Feature", "properties": {"type": "postcode-cell", "postcode": "EX2 9BH", "postcodes": ["EX2 9BH"]}, "geometry": {"type": "Polygon", "coordinates": [[[-3.542843475305537, 50.7153256534103], [-3.542452525564853, 50.715300991545924], [-3.542376047714564, 50.71519968486271], [-3.5425922533922276, 50.71471373315424], [-3.5431309197450798, 50.71443800971699], [-3.543529687922704, 50.71494895886265], [-3.542843475305537, 50.7153256534103]]]}}, {"type": "Feature", "properties": {"type": "postcode-cell", "postcode": "EX4 1BH", "postcodes": ["EX4 1BH"]}, "geometry": {"type": "Polygon", "coordinates": [[[-3.543738112374509, 50.716577985674675], [-3.544005313010656, 50.716848364067424], [-3.5429490834868087, 50.71714117419225], [-3.5424155723013424, 50.716863639787846], [-3.543669955837348, 50.71656247812893], [-3.543738112374509, 50.716577985674675]]]}}, {"type": "Feature", "properties": {"type": "postcode-cell", "postcode": "EX4 1EB", "postcodes": ["EX4 1EB"]}, "geometry": {"type": "Polygon", "coordinates": [[[-3.541442102819818, 50.719310452387205], [-3.5420162443202945, 50.719004385327175], [-3.542143970878393, 50.71899130140441], [-3.542815157242505, 50.71921695999457], [-3.5430567052503426, 50.719786957926424], [-3.5414199897569474, 50.71954999474026], [-3.54131381468506, 50.71950352195514], [-3.541442102819818, 50.719310452387205]]]}}, {"type": "Feature", "properties": {"type": "postcode-cell", "postcode": "EX4 1BJ", "postcodes": ["EX4 1BJ"]}, "geometry": {"type": "Polygon", "coordinates": [[[-3.54265869577716, 50.71825633546099], [-3.542586903312204, 50.71821118616459], [-3.542382043345018, 50.7179381050467], [-3.5426897959198325, 50.71775472502576], [-3.5432216062272053, 50.71767961081136], [-3.5435080957391643, 50.71806425405144], [-3.54265869577716, 50.71825633546099]]]}}, {"type": "Feature", "properties": {"type": "postcode-cell", "postcode": "EX2 9AY", "postcodes": ["EX2 9AY"]}, "geometry": {"type": "Polygon", "coordinates": [[[-3.5422914037964492, 50.71355793142124], [-3.5415740688796133, 50.71283359747145], [-3.5418877420019315, 50.71253371551077], [-3.5420912781922156, 50.71251057559147], [-3.542729989760765, 50.71325999473528], [-3.5430987366557347, 50.713143201418625], [-3.5430847113497457, 50.7132439170228], [-3.5422914037964492, 50.71355793142124]]]}}, {"type": "Feature", "properties": {"type": "postcode-cell", "postcode": "EX2 9FD", "postcodes": ["EX2 9FD"]}, "geometry": {"type": "Polygon", "coordinates": [[[-3.5425922533922276, 50.71471373315424], [-3.542066165251, 50.714457934330895], [-3.541798408234451, 50.71409920360336], [-3.5421762632446305, 50.713786396607816], [-3.543179303022813, 50.71435277420121], [-3.5431309197450798, 50.71443800971699], [-3.5425922533922276, 50.71471373315424]]]}}, {"type": "Feature", "properties": {"type": "postcode-cell", "postcode": "EX4 1BE", "postcodes": ["EX4 1BE"]}, "geometry": {"type": "Polygon", "coordinates": [[[-3.5432216062272053, 50.71767961081136], [-3.5426897959198325, 50.71775472502576], [-3.5426775858202895, 50.717406729658656], [-3.5429377590669184, 50.7172410663582], [-3.5433473332147543, 50.7175582070731], [-3.5432216062272053, 50.71767961081136]]]}}, {"type": "Feature", "properties": {"type": "postcode-cell", "postcode": "EX4 1BA", "postcodes": ["EX4 1BA"]}, "geometry": {"type": "Polygon", "coordinates": [[[-3.5427573488505124, 50.718491835450465], [-3.542143970878393, 50.71899130140441], [-3.5420162443202945, 50.719004385327175], [-3.541732338255147, 50.7185181024359], [-3.542586903312204, 50.71821118616459], [-3.54265869577716, 50.71825633546099], [-3.5427573488505124, 50.718491835450465]]]}}, {"type": "Feature", "properties": {"type": "postcode-cell", "postcode": "EX4 1BQ", "postcodes": ["EX4 1BQ"]}, "geometry": {"type": "Polygon", "coordinates": [[[-3.5429377590669184, 50.7172410663582], [-3.5426775858202895, 50.717406729658656], [-3.5418487982661313, 50.71724448109866], [-3.542311555950935, 50.71684312757713], [-3.5424155723013424, 50.716863639787846], [-3.5429490834868087, 50.71714117419225], [-3.5429377590669184, 50.7172410663582]]]}}, {"type": "Feature", "properties": {"type": "postcode-cell", "postcode": "EX2 9EY", "postcodes": ["EX2 9EY"]}, "geometry": {"type": "Polygon", "coordinates": [[[-3.542376047714564, 50.71519968486271], [-3.5415982604185827, 50.71496199980318], [-3.542066165251, 50.714457934330895], [-3.5425922533922276, 50.71471373315424], [-3.542376047714564, 50.71519968486271]]]}}, {"type": "Feature", "properties": {"type": "postcode-cell", "postcode": "EX4 1AB", "postcodes": ["EX4 1AB"]}, "geometry": {"type": "Polygon", "coordinates": [[[-3.543669955837348, 50.71656247812893], [-3.5424155723013424, 50.716863639787846], [-3.542311555950935, 50.71684312757713], [-3.5421843483374946, 50.716559302486225], [-3.5422280582169696, 50.7163539137562], [-3.5423613838940624, 50.71617544860928], [-3.5428825046381247, 50.71619049010117], [-3.543669955837348, 50.71656247812893]]]}}, {"type": "Feature", "properties": {"type": "postcode-cell", "postcode": "EX2 9BQ", "postcodes": ["EX2 9BQ"]}, "geometry": {"type": "Polygon", "coordinates": [[[-3.542243902512682, 50.71556358522096], [-3.541068449780268, 50.71525524170931], [-3.541149438561532, 50.71512197649456], [-3.541594880100839, 50.714961663656915], [-3.5415982604185827, 50.71496199980318], [-3.542376047714564, 50.71519968486271], [-3.542452525564853, 50.715300991545924], [-3.542243902512682, 50.71556358522096]]]}}, {"type": "Feature", "properties": {"type": "postcode-cell", "postcode": "EX4 1BD", "postcodes": ["EX4 1BD"]}, "geometry": {"type": "Polygon", "coordinates": [[[-3.5426897959198325, 50.71775472502576], [-3.542382043345018, 50.7179381050467], [-3.5419889098682087, 50.71783789634553], [-3.5417590633296956, 50.7172875806365], [-3.5418487982661313, 50.71724448109866], [-3.5426775858202895, 50.717406729658656], [-3.5426897959198325, 50.71775472502576]]]}}, {"type": "Feature", "properties": {"type": "postcode-cell", "postcode": "EX4 1AP", "postcodes": ["EX4 1AP"]}, "geometry": {"type": "Polygon", "coordinates": [[[-3.5422280582169696, 50.7163539137562], [-3.5411829734287443, 50.71632612578275], [-3.541144160765795, 50.71629157226262], [-3.5413765181797596, 50.71580088206533], [-3.5420899668643773, 50.715796467921564], [-3.5423613838940624, 50.71617544860928], [-3.5422280582169696, 50.7163539137562]]]}}, {"type": "Feature", "properties": {"type": "postcode-cell", "postcode": "EX2 9DR", "postcodes": ["EX2 9DR"]}, "geometry": {"type": "Polygon", "coordinates": [[[-3.542066165251, 50.714457934330895], [-3.5415982604185827, 50.71496199980318], [-3.541594880100839, 50.714961663656915], [-3.5412747285534625, 50.714513901248615], [-3.541687581904218, 50.71412902363492], [-3.541798408234451, 50.71409920360336], [-3.542066165251, 50.714457934330895]]]}}, {"type": "Feature", "properties": {"type": "postcode-cell", "postcode": "EX2 9BG", "postcodes": ["EX2 9BG"]}, "geometry": {"type": "Polygon", "coordinates": [[[-3.542190426273415, 50.71366662748613], [-3.5409082545737904, 50.71344062504687], [-3.540617518318511, 50.713066733209], [-3.540683945226771, 50.71296157614008], [-3.5415740688796133, 50.71283359747145], [-3.5422914037964492, 50.71355793142124], [-3.542190426273415, 50.71366662748613]]]}}, {"type": "Feature", "properties": {"type": "postcode-cell", "postcode": "EX4 1DY", "postcodes": ["EX4 1DY"]}, "geometry": {"type": "Polygon", "coordinates": [[[-3.5406399484355475, 50.718433022791565], [-3.540697729146447, 50.7184287867099], [-3.541442102819818, 50.719310452387205], [-3.54131381468506, 50.71950352195514], [-3.539796898292768, 50.7188395474852], [-3.5406399484355475, 50.718433022791565]]]}}, {"type": "Feature", "properties": {"type": "postcode-cell", "postcode": "EX2 9EH", "postcodes": ["EX2 9EH"]}, "geometry": {"type": "Polygon", "coordinates": [[[-3.5415740688796133, 50.71283359747145], [-3.540683945226771, 50.71296157614008], [-3.540285393560059, 50.712308748837664], [-3.5406562631587546, 50.71205160849702], [-3.541493325838888, 50.71222950723883], [-3.5418877420019315, 50.71253371551077], [-3.5415740688796133, 50.71283359747145]]]}}, {"type": "Feature", "properties": {"type": "postcode-cell", "postcode": "EX4 1AU", "postcodes": ["EX4 1AU"]}, "geometry": {"type": "Polygon", "coordinates": [[[-3.542311555950935, 50.71684312757713], [-3.5418487982661313, 50.71724448109866], [-3.5417590633296956, 50.7172875806365], [-3.5410412941751606, 50.71718744004087], [-3.540838026334707, 50.717065142081395], [-3.5408363161225993, 50.71703663343982], [-3.5411962238897927, 50.71670412874867], [-3.5421843483374946, 50.716559302486225], [-3.542311555950935, 50.71684312757713]]]}}, {"type": "Feature", "properties": {"type": "postcode-cell", "postcode": "EX4 1BB", "postcodes": ["EX4 1BB"]}, "geometry": {"type": "Polygon", "coordinates": [[[-3.542586903312204, 50.71821118616459], [-3.541732338255147, 50.7185181024359], [-3.541122862070809, 50.7182198304305], [-3.5411519380028667, 50.71817298852557], [-3.5419889098682087, 50.71783789634553], [-3.542382043345018, 50.7179381050467], [-3.542586903312204, 50.71821118616459]]]}}, {"type": "Feature", "properties": {"type": "postcode-cell", "postcode": "EX2 9BW", "postcodes": ["EX2 9BW"]}, "geometry": {"type": "Polygon", "coordinates": [[[-3.5421762632446305, 50.713786396607816], [-3.541798408234451, 50.71409920360336], [-3.541687581904218, 50.71412902363492], [-3.540629713947622, 50.71394157377107], [-3.5409082545737904, 50.71344062504687], [-3.542190426273415, 50.71366662748613], [-3.5421762632446305, 50.713786396607816]]]}}, {"type": "Feature", "properties": {"type": "postcode-cell", "postcode": "EX4 1AZ", "postcodes": ["EX4 1AZ"]}, "geometry": {"type": "Polygon", "coordinates": [[[-3.5420162443202945, 50.719004385327175], [-3.541442102819818, 50.719310452387205], [-3.540697729146447, 50.7184287867099], [-3.541122862070809, 50.7182198304305], [-3.541732338255147, 50.7185181024359], [-3.5420162443202945, 50.719004385327175]]]}}, {"type": "Feature", "properties": {"type": "postcode-cell", "postcode": "EX4 1AX", "postcodes": ["EX4 1AX"]}, "geometry": {"type": "Polygon", "coordinates": [[[-3.5417590633296956, 50.7172875806365], [-3.5419889098682087, 50.71783789634553], [-3.5411519380028667, 50.71817298852557], [-3.540876227404469, 50.71776287916912], [-3.5410412941751606, 50.71718744004087], [-3.5417590633296956, 50.7172875806365]]]}}, {"type": "Feature", "properties": {"type": "postcode-cell", "postcode": "EX2 9EG", "postcodes": ["EX2 9EG"]}, "geometry": {"type": "Polygon", "coordinates": [[[-3.541493325838888, 50.71222950723883], [-3.5406562631587546, 50.71205160849702], [-3.5406920175188428, 50.71187787737088], [-3.541168248670421, 50.711682350159876], [-3.5418900116238925, 50.71183470955171], [-3.541493325838888, 50.71222950723883]]]}}, {"type": "Feature", "properties": {"type": "postcode-cell", "postcode": "EX2 9EF", "postcodes": ["EX2 9EF"]}, "geometry": {"type": "Polygon", "coordinates": [[[-3.541518656851854, 50.711302020612315], [-3.5423607475633365, 50.71168961310514], [-3.5418900116238925, 50.71183470955171], [-3.541168248670421, 50.711682350159876], [-3.541518656851854, 50.711302020612315]]]}}, {"type": "Feature", "properties": {"type": "postcode-cell", "postcode": "EX2 9EL", "postcodes": ["EX2 9EL"]}, "geometry": {"type": "Polygon", "coordinates": [[[-3.541168248670421, 50.711682350159876], [-3.5406920175188428, 50.71187787737088], [-3.5404153699636858, 50.71153514834096], [-3.5405785155269904, 50.71107963415207], [-3.5414952801905417, 50.71123086735886], [-3.541518656851854, 50.711302020612315], [-3.541168248670421, 50.711682350159876]]]}}, {"type": "Feature", "properties": {"type": "postcode-cell", "postcode": "EX2 9AU", "postcodes": ["EX2 9AU"]}, "geometry": {"type": "Polygon", "coordinates": [[[-3.5420899668643773, 50.715796467921564], [-3.5413765181797596, 50.71580088206533], [-3.5407977218147413, 50.715590037374405], [-3.541068449780268, 50.71525524170931], [-3.542243902512682, 50.71556358522096], [-3.5420899668643773, 50.715796467921564]]]}}, {"type": "Feature", "properties": {"type": "postcode-cell", "postcode": "EX2 9FG", "postcodes": ["EX2 9FG"]}, "geometry": {"type": "Polygon", "coordinates": [[[-3.541594880100839, 50.714961663656915], [-3.541149438561532, 50.71512197649456], [-3.5404944893171444, 50.71476649884842], [-3.540513239917769, 50.71454924973963], [-3.5412747285534625, 50.714513901248615], [-3.541594880100839, 50.714961663656915]]]}}, {"type": "Feature", "properties": {"type": "postcode-cell", "postcode": "EX2 9AX", "postcodes": ["EX2 9AX"]}, "geometry": {"type": "Polygon", "coordinates": [[[-3.5413765181797596, 50.71580088206533], [-3.541144160765795, 50.71629157226262], [-3.5403046587544256, 50.71625642619785], [-3.540166106584049, 50.71613779669272], [-3.5406995465952216, 50.7156024577279], [-3.5407977218147413, 50.715590037374405], [-3.5413765181797596, 50.71580088206533]]]}}, {"type": "Feature", "properties": {"type": "postcode-cell", "postcode": "EX4 1AS", "postcodes": ["EX4 1AS"]}, "geometry": {"type": "Polygon", "coordinates": [[[-3.5421843483374946, 50.716559302486225], [-3.5411962238897927, 50.71670412874867], [-3.5411829734287443, 50.71632612578275], [-3.5422280582169696, 50.7163539137562], [-3.5421843483374946, 50.716559302486225]]]}}, {"type": "Feature", "properties": {"type": "postcode-cell", "postcode": "EX2 9BE", "postcodes": ["EX2 9BE"]}, "geometry": {"type": "Polygon", "coordinates": [[[-3.541068449780268, 50.71525524170931], [-3.5407977218147413, 50.715590037374405], [-3.5406995465952216, 50.7156024577279], [-3.5401143829126163, 50.71532166611522], [-3.540210505818543, 50.71497739732761], [-3.5404944893171444, 50.71476649884842], [-3.541149438561532, 50.71512197649456], [-3.541068449780268, 50.71525524170931]]]}}, {"type": "Feature", "properties": {"type": "postcode-cell", "postcode": "EX4 1DG", "postcodes": ["EX4 1DG"]}, "geometry": {"type": "Polygon", "coordinates": [[[-3.540876227404469, 50.71776287916912], [-3.53973971955928, 50.7177188602593], [-3.5395971907619685, 50.71751822831246], [-3.539880360017188, 50.71732014882682], [-3.540838026334707, 50.717065142081395], [-3.5410412941751606, 50.71718744004087], [-3.540876227404469, 50.71776287916912]]]}}, {"type": "Feature", "properties": {"type": "postcode-cell", "postcode": "EX4 1AW", "postcodes": ["EX4 1AW"]}, "geometry": {"type": "Polygon", "coordinates": [[[-3.5411962238897927, 50.71670412874867], [-3.5408363161225993, 50.71703663343982], [-3.5403785900435354, 50.71661295890948], [-3.5403046587544256, 50.71625642619785], [-3.541144160765795, 50.71629157226262], [-3.5411829734287443, 50.71632612578275], [-3.5411962238897927, 50.71670412874867]]]}}, {"type": "Feature", "properties": {"type": "postcode-cell", "postcode": "EX2 9DS", "postcodes": ["EX2 9DS"]}, "geometry": {"type": "Polygon", "coordinates": [[[-3.541687581904218, 50.71412902363492], [-3.5412747285534625, 50.714513901248615], [-3.540513239917769, 50.71454924973963], [-3.540351598327654, 50.71440582402019], [-3.540306454804986, 50.71406879068457], [-3.540629713947622, 50.71394157377107], [-3.541687581904218, 50.71412902363492]]]}}, {"type": "Feature", "properties": {"type": "postcode-cell", "postcode": "EX4 1GA", "postcodes": ["EX4 1GA"]}, "geometry": {"type": "Polygon", "coordinates": [[[-3.541122862070809, 50.7182198304305], [-3.540697729146447, 50.7184287867099], [-3.5406399484355475, 50.718433022791565], [-3.539753779009044, 50.71782644557878], [-3.53973971955928, 50.7177188602593], [-3.540876227404469, 50.71776287916912], [-3.5411519380028667, 50.71817298852557], [-3.541122862070809, 50.7182198304305]]]}}, {"type": "Feature", "properties": {"type": "postcode-cell", "postcode": "EX2 9EJ", "postcodes": ["EX2 9EJ"]}, "geometry": {"type": "Polygon", "coordinates": [[[-3.5409082545737904, 50.71344062504687], [-3.540629713947622, 50.71394157377107], [-3.540306454804986, 50.71406879068457], [-3.539916985727139, 50.71393073597279], [-3.5398325525261165, 50.713278384629334], [-3.540617518318511, 50.713066733209], [-3.5409082545737904, 50.71344062504687]]]}}, {"type": "Feature", "properties": {"type": "postcode-cell", "postcode": "EX2 9EN", "postcodes": ["EX2 9EN"]}, "geometry": {"type": "Polygon", "coordinates": [[[-3.5405785155269904, 50.71107963415207], [-3.5404153699636858, 50.71153514834096], [-3.539610352681815, 50.71149071800447], [-3.5392044802332, 50.71112012515322], [-3.53992639597654, 50.710509389865116], [-3.5401117088583445, 50.71038540853601], [-3.5405785155269904, 50.71107963415207]]]}}, {"type": "Feature", "properties": {"type": "postcode-cell", "postcode": "EX2 9AW", "postcodes": ["EX2 9AW"]}, "geometry": {"type": "Polygon", "coordinates": [[[-3.5406562631587546, 50.71205160849702], [-3.540285393560059, 50.712308748837664], [-3.5393623335809936, 50.71228164774802], [-3.539283340803712, 50.71224727052525], [-3.539610352681815, 50.71149071800447], [-3.5404153699636858, 50.71153514834096], [-3.5406920175188428, 50.71187787737088], [-3.5406562631587546, 50.71205160849702]]]}}, {"type": "Feature", "properties": {"type": "postcode-cell", "postcode": "EX2 9FA", "postcodes": ["EX2 9FA"]}, "geometry": {"type": "Polygon", "coordinates": [[[-3.5404944893171444, 50.71476649884842], [-3.540210505818543, 50.71497739732761], [-3.539238986604489, 50.714725443611435], [-3.539211912123871, 50.71470227597378], [-3.5392118905861865, 50.71468973954842], [-3.540351598327654, 50.71440582402019], [-3.540513239917769, 50.71454924973963], [-3.5404944893171444, 50.71476649884842]]]}}, {"type": "Feature", "properties": {"type": "postcode-cell", "postcode": "EX4 1AL", "postcodes": ["EX4 1AL"]}, "geometry": {"type": "Polygon", "coordinates": [[[-3.540838026334707, 50.717065142081395], [-3.539880360017188, 50.71732014882682], [-3.5396633445197363, 50.71677927662858], [-3.5403785900435354, 50.71661295890948], [-3.5408363161225993, 50.71703663343982], [-3.540838026334707, 50.717065142081395]]]}}, {"type": "Feature", "properties": {"type": "postcode-cell", "postcode": "EX2 9BA", "postcodes": ["EX2 9BA"]}, "geometry": {"type": "Polygon", "coordinates": [[[-3.5406995465952216, 50.7156024577279], [-3.540166106584049, 50.71613779669272], [-3.5399879110637733, 50.71613102565756], [-3.5394479056371164, 50.716022060235204], [-3.5395195513783277, 50.715407363241255], [-3.539558070486383, 50.71538186853937], [-3.5401143829126163, 50.71532166611522], [-3.5406995465952216, 50.7156024577279]]]}}, {"type": "Feature", "properties": {"type": "postcode-cell", "postcode": "EX2 9DP", "postcodes": ["EX2 9DP"]}, "geometry": {"type": "Polygon", "coordinates": [[[-3.5403046587544256, 50.71625642619785], [-3.5403785900435354, 50.71661295890948], [-3.5396633445197363, 50.71677927662858], [-3.5395476241302157, 50.71672571170098], [-3.5399879110637733, 50.71613102565756], [-3.540166106584049, 50.71613779669272], [-3.5403046587544256, 50.71625642619785]]]}}, {"type": "Feature", "properties": {"type": "postcode-cell", "postcode": "EX2 9AN", "postcodes": ["EX2 9AN"]}, "geometry": {"type": "Polygon", "coordinates": [[[-3.540617518318511, 50.713066733209], [-3.5398325525261165, 50.713278384629334], [-3.539277763030895, 50.71316378761466], [-3.5393623335809936, 50.71228164774802], [-3.540285393560059, 50.712308748837664], [-3.540683945226771, 50.71296157614008], [-3.540617518318511, 50.713066733209]]]}}, {"type": "Feature", "properties": {"type": "postcode-cell", "postcode": "EX4 1DU", "postcodes": ["EX4 1DU"]}, "geometry": {"type": "Polygon", "coordinates": [[[-3.5388732778858936, 50.71813417554679], [-3.539009558519697, 50.71776277378695], [-3.5392581073578446, 50.71747377971168], [-3.5395971907619685, 50.71751822831246], [-3.53973971955928, 50.7177188602593], [-3.539753779009044, 50.71782644557878], [-3.53916554697655, 50.718438019080324], [-3.5388732778858936, 50.71813417554679]]]}}, {"type": "Feature", "properties": {"type": "postcode-cell", "postcode": "EX4 1DW", "postcodes": ["EX4 1DW"]}, "geometry": {"type": "Polygon", "coordinates": [[[-3.53916554697655, 50.718438019080324], [-3.539142920981142, 50.71855328093307], [-3.5386099897557464, 50.718319994739325], [-3.5385429122219265, 50.71830904344353], [-3.5385336524924935, 50.71804407558323], [-3.538614900378096, 50.718037950514685], [-3.5388732778858936, 50.71813417554679], [-3.53916554697655, 50.718438019080324]]]}}, {"type": "Feature", "properties": {"type": "postcode-cell", "postcode": "EX4 1AY", "postcodes": ["EX4 1AY"]}, "geometry": {"type": "Polygon", "coordinates": [[[-3.5406399484355475, 50.718433022791565], [-3.539796898292768, 50.7188395474852], [-3.539142920981142, 50.71855328093307], [-3.53916554697655, 50.718438019080324], [-3.539753779009044, 50.71782644557878], [-3.5406399484355475, 50.718433022791565]]]}}, {"type": "Feature", "properties": {"type": "postcode-cell", "postcode": "EX2 9EW", "postcodes": ["EX2 9EW"]}, "geometry": {"type": "Polygon", "coordinates": [[[-3.539283340803712, 50.71224727052525], [-3.53894740173636, 50.71220728197104], [-3.5387112571933783, 50.71207862045001], [-3.538542747613869, 50.711519718374994], [-3.5386847542801028, 50.711294076508054], [-3.538796749872651, 50.71118244492405], [-3.5392044802332, 50.71112012515322], [-3.539610352681815, 50.71149071800447], [-3.539283340803712, 50.71224727052525]]]}}, {"type": "Feature", "properties": {"type": "postcode-cell", "postcode": "EX4 1AJ", "postcodes": ["EX4 1AJ"]}, "geometry": {"type": "Polygon", "coordinates": [[[-3.5395971907619685, 50.71751822831246], [-3.5392581073578446, 50.71747377971168], [-3.5388830275412655, 50.71734890506281], [-3.538666854112945, 50.717272039053846], [-3.538643992783987, 50.717018319932414], [-3.539188878716613, 50.71668759663621], [-3.5395476241302157, 50.71672571170098], [-3.5396633445197363, 50.71677927662858], [-3.539880360017188, 50.71732014882682], [-3.5395971907619685, 50.71751822831246]]]}}, {"type": "Feature", "properties": {"type": "postcode-cell", "postcode": "EX2 9AJ", "postcodes": ["EX2 9AJ"]}, "geometry": {"type": "Polygon", "coordinates": [[[-3.540351598327654, 50.71440582402019], [-3.5392118905861865, 50.71468973954842], [-3.5390242925279374, 50.7144713250381], [-3.539221841628442, 50.71403671953258], [-3.539916985727139, 50.71393073597279], [-3.540306454804986, 50.71406879068457], [-3.540351598327654, 50.71440582402019]]]}}, {"type": "Feature", "properties": {"type": "postcode-cell", "postcode": "EX2 9BD", "postcodes": ["EX2 9BD"]}, "geometry": {"type": "Polygon", "coordinates": [[[-3.540210505818543, 50.71497739732761], [-3.5401143829126163, 50.71532166611522], [-3.539558070486383, 50.71538186853937], [-3.539238986604489, 50.714725443611435], [-3.540210505818543, 50.71497739732761]]]}}, {"type": "Feature", "properties": {"type": "postcode-cell", "postcode": "EX2 9AL", "postcodes": ["EX2 9AL"]}, "geometry": {"type": "Polygon", "coordinates": [[[-3.5398325525261165, 50.713278384629334], [-3.539916985727139, 50.71393073597279], [-3.539221841628442, 50.71403671953258], [-3.538700416507431, 50.71368443164537], [-3.539113866284909, 50.71321236352451], [-3.539277763030895, 50.71316378761466], [-3.5398325525261165, 50.713278384629334]]]}}, {"type": "Feature", "properties": {"type": "postcode-cell", "postcode": "EX2 9BB", "postcodes": ["EX2 9BB"]}, "geometry": {"type": "Polygon", "coordinates": [[[-3.5395195513783277, 50.715407363241255], [-3.5385293411071173, 50.71538518900978], [-3.5385320261679265, 50.715093779979796], [-3.539211912123871, 50.71470227597378], [-3.539238986604489, 50.714725443611435], [-3.539558070486383, 50.71538186853937], [-3.5395195513783277, 50.715407363241255]]]}}, {"type": "Feature", "properties": {"type": "postcode-cell", "postcode": "EX2 9AZ", "postcodes": ["EX2 9AZ"]}, "geometry": {"type": "Polygon", "coordinates": [[[-3.5395476241302157, 50.71672571170098], [-3.539188878716613, 50.71668759663621], [-3.5390931930662775, 50.71615256679021], [-3.539414382208183, 50.71603003229311], [-3.5394479056371164, 50.716022060235204], [-3.5399879110637733, 50.71613102565756], [-3.5395476241302157, 50.71672571170098]]]}}, {"type": "Feature", "properties": {"type": "postcode-cell", "postcode": "EX2 9AQ", "postcodes": ["EX2 9AQ"]}, "geometry": {"type": "Polygon", "coordinates": [[[-3.5394479056371164, 50.716022060235204], [-3.539414382208183, 50.71603003229311], [-3.5385214531586713, 50.715392002125654], [-3.5385293411071173, 50.71538518900978], [-3.5395195513783277, 50.715407363241255], [-3.5394479056371164, 50.716022060235204]]]}}, {"type": "Feature", "properties": {"type": "postcode-cell", "postcode": "EX2 9AF", "postcodes": ["EX2 9AF"]}, "geometry": {"type": "Polygon", "coordinates": [[[-3.539211912123871, 50.71470227597378], [-3.5385320261679265, 50.715093779979796], [-3.538065731938064, 50.714861406766985], [-3.5380749980865502, 50.714666015595625], [-3.5386234380672237, 50.71444681198278], [-3.5390242925279374, 50.7144713250381], [-3.5392118905861865, 50.71468973954842], [-3.539211912123871, 50.71470227597378]]]}}, {"type": "Feature", "properties": {"type": "postcode-cell", "postcode": "EX2 9AH", "postcodes": ["EX2 9AH"]}, "geometry": {"type": "Polygon", "coordinates": [[[-3.5390242925279374, 50.7144713250381], [-3.5386234380672237, 50.71444681198278], [-3.538029644293508, 50.714033967974494], [-3.538157937207584, 50.71373471945915], [-3.538700416507431, 50.71368443164537], [-3.539221841628442, 50.71403671953258], [-3.5390242925279374, 50.7144713250381]]]}}, {"type": "Feature", "properties": {"type": "postcode-cell", "postcode": "EX2 9ET", "postcodes": ["EX2 9ET"]}, "geometry": {"type": "Polygon", "coordinates": [[[-3.5393623335809936, 50.71228164774802], [-3.539277763030895, 50.71316378761466], [-3.539113866284909, 50.71321236352451], [-3.5380955485369165, 50.71286403289197], [-3.53894740173636, 50.71220728197104], [-3.539283340803712, 50.71224727052525], [-3.5393623335809936, 50.71228164774802]]]}}, {"type": "Feature", "properties": {"type": "postcode-cell", "postcode": "EX2 9AT", "postcodes": ["EX2 9AT"]}, "geometry": {"type": "Polygon", "coordinates": [[[-3.539188878716613, 50.71668759663621], [-3.538643992783987, 50.717018319932414], [-3.537864041412204, 50.71642437720672], [-3.53868108419819, 50.71613710051922], [-3.5390931930662775, 50.71615256679021], [-3.539188878716613, 50.71668759663621]]]}}, {"type": "Feature", "properties": {"type": "postcode-cell", "postcode": "EX2 8HU", "postcodes": ["EX2 8HU"]}, "geometry": {"type": "Polygon", "coordinates": [[[-3.5387780885299644, 50.71117061819661], [-3.538796749872651, 50.71118244492405], [-3.5386847542801028, 50.711294076508054], [-3.537601598119284, 50.71123246133657], [-3.5377765533901195, 50.71084053533107], [-3.5387780885299644, 50.71117061819661]]]}}, {"type": "Feature", "properties": {"type": "postcode-cell", "postcode": "EX2 8GL", "postcodes": ["EX2 8GL"]}, "geometry": {"type": "Polygon", "coordinates": [[[-3.5387780885299644, 50.71117061819661], [-3.538510713883187, 50.71062287732919], [-3.53992639597654, 50.710509389865116], [-3.5392044802332, 50.71112012515322], [-3.538796749872651, 50.71118244492405], [-3.5387780885299644, 50.71117061819661]]]}}, {"type": "Feature", "properties": {"type": "postcode-cell", "postcode": "EX2 9AG", "postcodes": ["EX2 9AG"]}, "geometry": {"type": "Polygon", "coordinates": [[[-3.5390931930662775, 50.71615256679021], [-3.53868108419819, 50.71613710051922], [-3.538364612647079, 50.715482088854245], [-3.5385214531586713, 50.715392002125654], [-3.539414382208183, 50.71603003229311], [-3.5390931930662775, 50.71615256679021]]]}}, {"type": "Feature", "properties": {"type": "postcode-cell", "postcode": "EX4 1AG", "postcodes": ["EX4 1AG"]}, "geometry": {"type": "Polygon", "coordinates": [[[-3.5392581073578446, 50.71747377971168], [-3.539009558519697, 50.71776277378695], [-3.53865315867761, 50.71793603245383], [-3.5386259331321552, 50.71790585723587], [-3.5388830275412655, 50.71734890506281], [-3.5392581073578446, 50.71747377971168]]]}}, {"type": "Feature", "properties": {"type": "postcode-cell", "postcode": "EX2 9AE", "postcodes": ["EX2 9AE"]}, "geometry": {"type": "Polygon", "coordinates": [[[-3.5385214531586713, 50.715392002125654], [-3.538364612647079, 50.715482088854245], [-3.5382191701329866, 50.71549888504976], [-3.537448545969131, 50.71506376195305], [-3.538065731938064, 50.714861406766985], [-3.5385320261679265, 50.715093779979796], [-3.5385293411071173, 50.71538518900978], [-3.5385214531586713, 50.715392002125654]]]}}, {"type": "Feature", "properties": {"type": "postcode-cell", "postcode": "EX2 9EP", "postcodes": ["EX2 9EP"]}, "geometry": {"type": "Polygon", "coordinates": [[[-3.538700416507431, 50.71368443164537], [-3.538157937207584, 50.71373471945915], [-3.5378839574648477, 50.713583995200075], [-3.5377088382315445, 50.71325801564805], [-3.5380309362051037, 50.71287349326041], [-3.5380955485369165, 50.71286403289197], [-3.539113866284909, 50.71321236352451], [-3.538700416507431, 50.71368443164537]]]}}, {"type": "Feature", "properties": {"type": "postcode-cell", "postcode": "EX2 8HQ", "postcodes": ["EX2 8HQ"]}, "geometry": {"type": "Polygon", "coordinates": [[[-3.538510713883187, 50.71062287732919], [-3.5387780885299644, 50.71117061819661], [-3.5377765533901195, 50.71084053533107], [-3.537999989759148, 50.71033999473306], [-3.538072375020338, 50.710345760270194], [-3.538510713883187, 50.71062287732919]]]}}, {"type": "Feature", "properties": {"type": "postcode-cell", "postcode": "EX4 1AA", "postcodes": ["EX4 1AA"]}, "geometry": {"type": "Polygon", "coordinates": [[[-3.5388830275412655, 50.71734890506281], [-3.5386259331321552, 50.71790585723587], [-3.5380482721489326, 50.71750206062023], [-3.538666854112945, 50.717272039053846], [-3.5388830275412655, 50.71734890506281]]]}}, {"type": "Feature", "properties": {"type": "postcode-cell", "postcode": "EX4 1DS", "postcodes": ["EX4 1DS"]}, "geometry": {"type": "Polygon", "coordinates": [[[-3.5388732778858936, 50.71813417554679], [-3.538614900378096, 50.718037950514685], [-3.53865315867761, 50.71793603245383], [-3.539009558519697, 50.71776277378695], [-3.5388732778858936, 50.71813417554679]]]}}, {"type": "Feature", "properties": {"type": "postcode-cell", "postcode": "EX4 1AD", "postcodes": ["EX4 1AD"]}, "geometry": {"type": "Polygon", "coordinates": [[[-3.53865315867761, 50.71793603245383], [-3.538614900378096, 50.718037950514685], [-3.5385336524924935, 50.71804407558323], [-3.536408288518033, 50.71798572251658], [-3.5380482721489326, 50.71750206062023], [-3.5386259331321552, 50.71790585723587], [-3.53865315867761, 50.71793603245383]]]}}, {"type": "Feature", "properties": {"type": "postcode-cell", "postcode": "EX2 8HT", "postcodes": ["EX2 8HT"]}, "geometry": {"type": "Polygon", "coordinates": [[[-3.5387112571933783, 50.71207862045001], [-3.538179902476851, 50.71208547944704], [-3.5373450501925117, 50.71180715508057], [-3.5374467226487765, 50.71157940003175], [-3.538542747613869, 50.711519718374994], [-3.5387112571933783, 50.71207862045001]]]}}, {"type": "Feature", "properties": {"type": "postcode-cell", "postcode": "EX2 9AB", "postcodes": ["EX2 9AB"]}, "geometry": {"type": "Polygon", "coordinates": [[[-3.53868108419819, 50.71613710051922], [-3.537864041412204, 50.71642437720672], [-3.537744967938199, 50.71641040518664], [-3.5373498752542347, 50.715904134945994], [-3.5382191701329866, 50.71549888504976], [-3.538364612647079, 50.715482088854245], [-3.53868108419819, 50.71613710051922]]]}}, {"type": "Feature", "properties": {"type": "postcode-cell", "postcode": "EX4 1AH", "postcodes": ["EX4 1AH"]}, "geometry": {"type": "Polygon", "coordinates": [[[-3.538666854112945, 50.717272039053846], [-3.5380482721489326, 50.71750206062023], [-3.536408288518033, 50.71798572251658], [-3.536395544529757, 50.717988501160875], [-3.5362099897544157, 50.71790999473903], [-3.5366899897548745, 50.71758999473878], [-3.5364704752009453, 50.717200862351554], [-3.537744967938199, 50.71641040518664], [-3.537864041412204, 50.71642437720672], [-3.538643992783987, 50.717018319932414], [-3.538666854112945, 50.717272039053846]]]}}, {"type": "Feature", "properties": {"type": "postcode-cell", "postcode": "EX2 9EU", "postcodes": ["EX2 9EU"]}, "geometry": {"type": "Polygon", "coordinates": [[[-3.5386234380672237, 50.71444681198278], [-3.5380749980865502, 50.714666015595625], [-3.5375132362629733, 50.71434204926908], [-3.538029644293508, 50.714033967974494], [-3.5386234380672237, 50.71444681198278]]]}}, {"type": "Feature", "properties": {"type": "postcode-cell", "postcode": "EX4 1DR", "postcodes": ["EX4 1DR"]}, "geometry": {"type": "Polygon", "coordinates": [[[-3.536408288518033, 50.71798572251658], [-3.5385336524924935, 50.71804407558323], [-3.5385429122219265, 50.71830904344353], [-3.5381199897554736, 50.718239994739264], [-3.5380299897552083, 50.7186799947396], [-3.536395544529757, 50.717988501160875], [-3.536408288518033, 50.71798572251658]]]}}, {"type": "Feature", "properties": {"type": "postcode-cell", "postcode": "EX2 9ES", "postcodes": ["EX2 9ES"]}, "geometry": {"type": "Polygon", "coordinates": [[[-3.53894740173636, 50.71220728197104], [-3.5380955485369165, 50.71286403289197], [-3.5380309362051037, 50.71287349326041], [-3.537534140800889, 50.71256541712041], [-3.538179902476851, 50.71208547944704], [-3.5387112571933783, 50.71207862045001], [-3.53894740173636, 50.71220728197104]]]}}, {"type": "Feature", "properties": {"type": "postcode-cell", "postcode": "EX2 8AT", "postcodes": ["EX2 8AT"]}, "geometry": {"type": "Polygon", "coordinates": [[[-3.536881977269554, 50.715767874058194], [-3.5369321211737494, 50.71578880728378], [-3.53607595051801, 50.716501472693594], [-3.536029989755009, 50.71641999473787], [-3.536017430983602, 50.7157502146472], [-3.536881977269554, 50.715767874058194]]]}}, {"type": "Feature", "properties": {"type": "postcode-cell", "postcode": "EX2 8HX", "postcodes": ["EX2 8HX"]}, "geometry": {"type": "Polygon", "coordinates": [[[-3.5374467226487765, 50.71157940003175], [-3.537601598119284, 50.71123246133657], [-3.5386847542801028, 50.711294076508054], [-3.538542747613869, 50.711519718374994], [-3.5374467226487765, 50.71157940003175]]]}}, {"type": "Feature", "properties": {"type": "postcode-cell", "postcode": "EX2 9AP", "postcodes": ["EX2 9AP"]}, "geometry": {"type": "Polygon", "coordinates": [[[-3.538029644293508, 50.714033967974494], [-3.5375132362629733, 50.71434204926908], [-3.537311996623072, 50.71436065800467], [-3.536746108055333, 50.713900591836754], [-3.5378839574648477, 50.713583995200075], [-3.538157937207584, 50.71373471945915], [-3.538029644293508, 50.714033967974494]]]}}, {"type": "Feature", "properties": {"type": "postcode-cell", "postcode": "EX2 8HS", "postcodes": ["EX2 8HS"]}, "geometry": {"type": "Polygon", "coordinates": [[[-3.537534140800889, 50.71256541712041], [-3.537052408283744, 50.71246268559358], [-3.5373450501925117, 50.71180715508057], [-3.538179902476851, 50.71208547944704], [-3.537534140800889, 50.71256541712041]]]}}, {"type": "Feature", "properties": {"type": "postcode-cell", "postcode": "EX2 8HN", "postcodes": ["EX2 8HN"]}, "geometry": {"type": "Polygon", "coordinates": [[[-3.537534140800889, 50.71256541712041], [-3.5380309362051037, 50.71287349326041], [-3.5377088382315445, 50.71325801564805], [-3.536731560193145, 50.71318137778429], [-3.537052408283744, 50.71246268559358], [-3.537534140800889, 50.71256541712041]]]}}, {"type": "Feature", "properties": {"type": "postcode-cell", "postcode": "EX2 9ER", "postcodes": ["EX2 9ER"]}, "geometry": {"type": "Polygon", "coordinates": [[[-3.5380749980865502, 50.714666015595625], [-3.538065731938064, 50.714861406766985], [-3.537448545969131, 50.71506376195305], [-3.537430361856338, 50.7150636957875], [-3.5369229818218755, 50.71478747908461], [-3.537311996623072, 50.71436065800467], [-3.5375132362629733, 50.71434204926908], [-3.5380749980865502, 50.714666015595625]]]}}, {"type": "Feature", "properties": {"type": "postcode-cell", "postcode": "EX4 1AF", "postcodes": ["EX4 1AF"]}, "geometry": {"type": "Polygon", "coordinates": [[[-3.5369321211737494, 50.71578880728378], [-3.5370587081433795, 50.715795959076125], [-3.5373498752542347, 50.715904134945994], [-3.537744967938199, 50.71641040518664], [-3.5364704752009453, 50.717200862351554], [-3.53607595051801, 50.716501472693594], [-3.5369321211737494, 50.71578880728378]]]}}, {"type": "Feature", "properties": {"type": "postcode-cell", "postcode": "EX2 9AD", "postcodes": ["EX2 9AD"]}, "geometry": {"type": "Polygon", "coordinates": [[[-3.5382191701329866, 50.71549888504976], [-3.5373498752542347, 50.715904134945994], [-3.5370587081433795, 50.715795959076125], [-3.537430361856338, 50.7150636957875], [-3.537448545969131, 50.71506376195305], [-3.5382191701329866, 50.71549888504976]]]}}, {"type": "Feature", "properties": {"type": "postcode-cell", "postcode": "EX2 8HH", "postcodes": ["EX2 8HH"]}, "geometry": {"type": "Polygon", "coordinates": [[[-3.536746108055333, 50.713900591836754], [-3.537311996623072, 50.71436065800467], [-3.5369229818218755, 50.71478747908461], [-3.536527365305597, 50.71484318587503], [-3.536033056437044, 50.71474593243735], [-3.5364466581884244, 50.71381953283518], [-3.536746108055333, 50.713900591836754]]]}}, {"type": "Feature", "properties": {"type": "postcode-cell", "postcode": "EX2 9AA", "postcodes": ["EX2 9AA"]}, "geometry": {"type": "Polygon", "coordinates": [[[-3.5370587081433795, 50.715795959076125], [-3.5369321211737494, 50.71578880728378], [-3.536881977269554, 50.715767874058194], [-3.536576572683772, 50.715384387977885], [-3.536527365305597, 50.71484318587503], [-3.5369229818218755, 50.71478747908461], [-3.537430361856338, 50.7150636957875], [-3.5370587081433795, 50.715795959076125]]]}}, {"type": "Feature", "properties": {"type": "postcode-cell", "postcode": "EX2 8HW", "postcodes": ["EX2 8HW"]}, "geometry": {"type": "Polygon", "coordinates": [[[-3.536746108055333, 50.713900591836754], [-3.5364466581884244, 50.71381953283518], [-3.536731560193145, 50.71318137778429], [-3.5377088382315445, 50.71325801564805], [-3.5378839574648477, 50.713583995200075], [-3.536746108055333, 50.713900591836754]]]}}, {"type": "Feature", "properties": {"type": "postcode-cell", "postcode": "EX2 8LR", "postcodes": ["EX2 8LR"]}, "geometry": {"type": "Polygon", "coordinates": [[[-3.536527365305597, 50.71484318587503], [-3.536576572683772, 50.715384387977885], [-3.5360107110042303, 50.71539181455098], [-3.5359999897557515, 50.714819994736615], [-3.536033056437044, 50.71474593243735], [-3.536527365305597, 50.71484318587503]]]}}, {"type": "Feature", "properties": {"type": "postcode-cell", "postcode": "EX2 8AU", "postcodes": ["EX2 8AU"]}, "geometry": {"type": "Polygon", "coordinates": [[[-3.536881977269554, 50.715767874058194], [-3.536017430983602, 50.7157502146472], [-3.5360107110042303, 50.71539181455098], [-3.536576572683772, 50.715384387977885], [-3.536881977269554, 50.715767874058194]]]}}]}