{"type": "FeatureCollection", "features": [{"type": "Feature", "properties": {"type": "ward-outline", "name": "Stokenham"}, "geometry": {"type": "Polygon", "coordinates": [[[-3.64637, 50.28303], [-3.65209, 50.26733], [-3.65223, 50.26338], [-3.65355, 50.26151], [-3.65633, 50.2538], [-3.65752, 50.24814], [-3.65783, 50.24662], [-3.65753, 50.24459], [-3.65802, 50.24435], [-3.65884, 50.24252], [-3.65952, 50.23824], [-3.65888, 50.23705], [-3.65893, 50.23513], [-3.65826, 50.23392], [-3.65855, 50.23362], [-3.65769, 50.23252], [-3.65753, 50.23221], [-3.65727, 50.23091], [-3.656, 50.23036], [-3.65641, 50.23005], [-3.65534, 50.22911], [-3.65472, 50.22917], [-3.65409, 50.22759], [-3.65333, 50.22755], [-3.6531, 50.22724], [-3.65261, 50.22742], [-3.65291, 50.22722], [-3.65159, 50.22663], [-3.65163, 50.22597], [-3.6509, 50.22574], [-3.6509, 50.22573], [-3.65082, 50.22573], [-3.65037, 50.22559], [-3.65088, 50.22543], [-3.6504, 50.22504], [-3.64947, 50.22524], [-3.64955, 50.22478], [-3.64848, 50.22468], [-3.64832, 50.22459], [-3.64634, 50.22448], [-3.64663, 50.22427], [-3.64657, 50.22426], [-3.6467, 50.22414], [-3.64629, 50.22415], [-3.64554, 50.22401], [-3.64538, 50.22388], [-3.64322, 50.22379], [-3.64264, 50.22355], [-3.64231, 50.2233], [-3.64223, 50.22324], [-3.64216, 50.223], [-3.64124, 50.22335], [-3.64059, 50.22292], [-3.64012, 50.223], [-3.64026, 50.22282], [-3.64047, 50.22261], [-3.64061, 50.22257], [-3.64079, 50.2227], [-3.6416, 50.22243], [-3.64116, 50.22197], [-3.64066, 50.22203], [-3.64074, 50.22176], [-3.64202, 50.22133], [-3.64161, 50.22161], [-3.64188, 50.22178], [-3.643, 50.22175], [-3.6434, 50.22208], [-3.64341, 50.22208], [-3.64348, 50.22217], [-3.64464, 50.22189], [-3.64464, 50.22192], [-3.6445, 50.22207], [-3.64464, 50.22205], [-3.64463, 50.22208], [-3.64466, 50.22208], [-3.64466, 50.22208], [-3.64494, 50.22202], [-3.64514, 50.222], [-3.64549, 50.22228], [-3.64562, 50.2222], [-3.64563, 50.2222], [-3.64564, 50.2222], [-3.64564, 50.2222], [-3.64569, 50.22216], [-3.64607, 50.22191], [-3.64637, 50.22221], [-3.6468, 50.22203], [-3.64689, 50.222], [-3.64747, 50.22216], [-3.64716, 50.22197], [-3.64759, 50.22206], [-3.64785, 50.2218], [-3.65005, 50.22183], [-3.65065, 50.22133], [-3.65052, 50.22064], [-3.65131, 50.22065], [-3.65142, 50.2204], [-3.65175, 50.22034], [-3.65175, 50.22034], [-3.65183, 50.22036], [-3.65199, 50.21984], [-3.65238, 50.21988], [-3.65247, 50.2199], [-3.65249, 50.21989], [-3.65284, 50.21993], [-3.65303, 50.21963], [-3.65309, 50.2196], [-3.65305, 50.21959], [-3.65312, 50.21948], [-3.65316, 50.21948], [-3.65315, 50.21943], [-3.65329, 50.2192], [-3.65408, 50.21926], [-3.65413, 50.21887], [-3.65426, 50.21866], [-3.65506, 50.21851], [-3.65576, 50.21776], [-3.65645, 50.2176], [-3.65621, 50.21784], [-3.65707, 50.21784], [-3.65697, 50.21819], [-3.65805, 50.21864], [-3.65763, 50.21911], [-3.65894, 50.2193], [-3.65874, 50.21954], [-3.65937, 50.21995], [-3.65914, 50.2202], [-3.66012, 50.22055], [-3.66246, 50.22079], [-3.66294, 50.22035], [-3.66328, 50.22044], [-3.66292, 50.22022], [-3.66334, 50.21993], [-3.66317, 50.22025], [-3.66365, 50.22017], [-3.66369, 50.22048], [-3.66468, 50.2201], [-3.66505, 50.22029], [-3.66483, 50.22063], [-3.66557, 50.22037], [-3.66524, 50.22069], [-3.66592, 50.22045], [-3.66635, 50.22094], [-3.66743, 50.22082], [-3.66819, 50.22033], [-3.67161, 50.22074], [-3.67154, 50.22094], [-3.6725, 50.22121], [-3.67363, 50.22128], [-3.67428, 50.22089], [-3.67462, 50.22105], [-3.67426, 50.22115], [-3.67551, 50.22109], [-3.67532, 50.22132], [-3.67626, 50.2213], [-3.67616, 50.22152], [-3.67954, 50.2217], [-3.6795, 50.22197], [-3.68096, 50.2224], [-3.68303, 50.22136], [-3.68306, 50.22094], [-3.68349, 50.22084], [-3.68417, 50.22067], [-3.68415, 50.2202], [-3.6851, 50.21959], [-3.68618, 50.2198], [-3.68655, 50.21935], [-3.68709, 50.21933], [-3.68696, 50.21893], [-3.68764, 50.21915], [-3.68855, 50.21894], [-3.68888, 50.21837], [-3.68853, 50.21824], [-3.68899, 50.21816], [-3.68888, 50.21756], [-3.68921, 50.21758], [-3.68872, 50.21733], [-3.68932, 50.21734], [-3.68821, 50.21678], [-3.68899, 50.21657], [-3.68883, 50.21636], [-3.69053, 50.2158], [-3.6907, 50.21581], [-3.69139, 50.21624], [-3.6916, 50.21573], [-3.69279, 50.21553], [-3.69456, 50.21409], [-3.69602, 50.21396], [-3.69625, 50.21336], [-3.69729, 50.21331], [-3.7014, 50.21191], [-3.70157, 50.21154], [-3.70221, 50.21155], [-3.70209, 50.21132], [-3.70271, 50.21146], [-3.70343, 50.21123], [-3.70309, 50.20965], [-3.70376, 50.20939], [-3.70329, 50.20925], [-3.70378, 50.20837], [-3.70403, 50.20841], [-3.70439, 50.20781], [-3.70475, 50.20789], [-3.70646, 50.20705], [-3.70685, 50.20621], [-3.70822, 50.20551], [-3.70955, 50.20499], [-3.70856, 50.20565], [-3.70891, 50.2061], [-3.70973, 50.20639], [-3.7119, 50.20608], [-3.71163, 50.20579], [-3.71218, 50.20582], [-3.71266, 50.20602], [-3.71296, 50.20604], [-3.71348, 50.20602], [-3.71409, 50.2064], [-3.71379, 50.20593], [-3.7146, 50.20589], [-3.71467, 50.20551], [-3.71526, 50.20539], [-3.71561, 50.2058], [-3.71608, 50.20564], [-3.71574, 50.20523], [-3.71571, 50.20495], [-3.71609, 50.20487], [-3.71645, 50.20549], [-3.71693, 50.20556], [-3.71674, 50.20529], [-3.71754, 50.20389], [-3.71811, 50.20368], [-3.71813, 50.20402], [-3.71887, 50.20353], [-3.71936, 50.20397], [-3.719, 50.20294], [-3.7193, 50.20269], [-3.71932, 50.20286], [-3.71938, 50.20263], [-3.71964, 50.20242], [-3.71988, 50.20245], [-3.7201, 50.20206], [-3.7202, 50.20201], [-3.72021, 50.20201], [-3.72048, 50.2022], [-3.72083, 50.20212], [-3.72142, 50.20197], [-3.72238, 50.20234], [-3.72277, 50.20254], [-3.72265, 50.20268], [-3.72352, 50.20312], [-3.72382, 50.2036], [-3.7244, 50.2039], [-3.72442, 50.20393], [-3.72445, 50.20393], [-3.7245, 50.20396], [-3.7247, 50.20451], [-3.72544, 50.20468], [-3.72573, 50.20524], [-3.72596, 50.2051], [-3.72603, 50.20514], [-3.72541, 50.20563], [-3.72541, 50.20563], [-3.72541, 50.20563], [-3.72544, 50.20562], [-3.72593, 50.20568], [-3.72648, 50.20593], [-3.7264, 50.20703], [-3.72599, 50.20745], [-3.72597, 50.20746], [-3.72597, 50.20746], [-3.72571, 50.20771], [-3.72598, 50.20821], [-3.72682, 50.20835], [-3.72696, 50.20823], [-3.72822, 50.20837], [-3.72816, 50.20818], [-3.7285, 50.20805], [-3.72852, 50.20804], [-3.72875, 50.20799], [-3.7292, 50.20841], [-3.72922, 50.20845], [-3.72923, 50.20845], [-3.7296, 50.20879], [-3.73023, 50.20848], [-3.73028, 50.20761], [-3.73018, 50.20712], [-3.73018, 50.20707], [-3.73055, 50.20704], [-3.73063, 50.20676], [-3.73064, 50.20675], [-3.7316, 50.20704], [-3.73198, 50.20746], [-3.73221, 50.20781], [-3.73235, 50.20789], [-3.7325, 50.20812], [-3.73264, 50.20836], [-3.73298, 50.20829], [-3.7331, 50.20886], [-3.73274, 50.2088], [-3.73277, 50.20898], [-3.73276, 50.20897], [-3.73276, 50.20898], [-3.73275, 50.20898], [-3.73277, 50.209], [-3.73279, 50.20908], [-3.73287, 50.20953], [-3.73291, 50.20971], [-3.73315, 50.20978], [-3.7331, 50.20997], [-3.73352, 50.20981], [-3.73299, 50.21011], [-3.73316, 50.21019], [-3.73396, 50.21023], [-3.73432, 50.21015], [-3.73429, 50.21031], [-3.73463, 50.21029], [-3.73461, 50.21044], [-3.73479, 50.21036], [-3.73483, 50.21078], [-3.735, 50.21057], [-3.73489, 50.21103], [-3.73494, 50.21094], [-3.7349, 50.21107], [-3.73504, 50.21104], [-3.73524, 50.2114], [-3.73515, 50.21187], [-3.73474, 50.21201], [-3.73492, 50.2125], [-3.73512, 50.21258], [-3.7355, 50.21235], [-3.73593, 50.2121], [-3.73601, 50.21208], [-3.73614, 50.21215], [-3.73611, 50.21225], [-3.73605, 50.2124], [-3.73644, 50.21247], [-3.73674, 50.2125], [-3.73663, 50.2126], [-3.7368, 50.21262], [-3.73667, 50.21269], [-3.73626, 50.2129], [-3.73678, 50.2129], [-3.73678, 50.21302], [-3.73665, 50.21316], [-3.73585, 50.21363], [-3.73659, 50.2144], [-3.73739, 50.21448], [-3.73723, 50.21492], [-3.7378, 50.21467], [-3.73792, 50.2146], [-3.73824, 50.21448], [-3.73859, 50.21449], [-3.7386, 50.21451], [-3.73828, 50.21484], [-3.73865, 50.21462], [-3.73867, 50.21467], [-3.73922, 50.2143], [-3.73943, 50.21445], [-3.73868, 50.21494], [-3.73988, 50.21456], [-3.73994, 50.21492], [-3.74086, 50.21471], [-3.74097, 50.21537], [-3.74125, 50.21525], [-3.74126, 50.2153], [-3.74158, 50.21522], [-3.74188, 50.21545], [-3.74179, 50.21516], [-3.7418, 50.21516], [-3.74223, 50.21518], [-3.74227, 50.21519], [-3.74245, 50.21536], [-3.74354, 50.21531], [-3.74415, 50.21579], [-3.74477, 50.21583], [-3.74448, 50.21617], [-3.745, 50.21607], [-3.74514, 50.21608], [-3.74524, 50.21663], [-3.74572, 50.21681], [-3.7458, 50.21636], [-3.74611, 50.2164], [-3.74645, 50.21651], [-3.74658, 50.21663], [-3.74594, 50.21698], [-3.74632, 50.21689], [-3.74653, 50.21679], [-3.74678, 50.21674], [-3.74697, 50.21686], [-3.74735, 50.21706], [-3.74733, 50.21711], [-3.74693, 50.21717], [-3.7473, 50.21719], [-3.74729, 50.21721], [-3.74674, 50.21742], [-3.74715, 50.21805], [-3.74813, 50.21842], [-3.74824, 50.21836], [-3.7484, 50.21844], [-3.74904, 50.21831], [-3.75026, 50.21914], [-3.75087, 50.21909], [-3.75089, 50.21885], [-3.75142, 50.21914], [-3.75261, 50.2187], [-3.75262, 50.21871], [-3.75267, 50.21868], [-3.75303, 50.21854], [-3.75318, 50.21862], [-3.75317, 50.21871], [-3.75332, 50.21868], [-3.75403, 50.21904], [-3.75413, 50.21892], [-3.75445, 50.21884], [-3.75451, 50.21891], [-3.75486, 50.21873], [-3.7551, 50.21867], [-3.75587, 50.21914], [-3.75598, 50.21902], [-3.75599, 50.21902], [-3.75628, 50.21903], [-3.75654, 50.21923], [-3.75785, 50.21918], [-3.75828, 50.21943], [-3.75867, 50.21926], [-3.75927, 50.21973], [-3.75972, 50.22027], [-3.76028, 50.22004], [-3.76037, 50.22004], [-3.76065, 50.22053], [-3.76184, 50.22017], [-3.76265, 50.22021], [-3.76402, 50.22001], [-3.76404, 50.22046], [-3.76475, 50.22036], [-3.76491, 50.22061], [-3.76499, 50.22076], [-3.76571, 50.22046], [-3.76657, 50.22078], [-3.76693, 50.22065], [-3.76712, 50.22061], [-3.76711, 50.22064], [-3.76677, 50.22098], [-3.76784, 50.22117], [-3.76792, 50.2212], [-3.76815, 50.22147], [-3.76877, 50.22115], [-3.76867, 50.2215], [-3.76916, 50.22156], [-3.76966, 50.22174], [-3.76947, 50.2219], [-3.77054, 50.22189], [-3.77146, 50.22295], [-3.77156, 50.22326], [-3.77114, 50.2236], [-3.77135, 50.22383], [-3.77215, 50.22344], [-3.77201, 50.22366], [-3.77293, 50.22362], [-3.77347, 50.22412], [-3.77273, 50.22487], [-3.77274, 50.22596], [-3.77145, 50.22661], [-3.77077, 50.22655], [-3.7711, 50.22701], [-3.77048, 50.22714], [-3.77092, 50.22748], [-3.77047, 50.2276], [-3.77092, 50.22876], [-3.76886, 50.2296], [-3.76725, 50.22973], [-3.76708, 50.2313], [-3.76638, 50.23165], [-3.76603, 50.23257], [-3.76495, 50.23292], [-3.76477, 50.23396], [-3.76398, 50.2349], [-3.76238, 50.23544], [-3.76134, 50.23625], [-3.75934, 50.23653], [-3.75744, 50.23642], [-3.75646, 50.23745], [-3.75363, 50.23758], [-3.75289, 50.23786], [-3.75108, 50.23746], [-3.74957, 50.23667], [-3.74916, 50.23694], [-3.74933, 50.23758], [-3.74845, 50.23781], [-3.74623, 50.23804], [-3.74524, 50.23729], [-3.74463, 50.23861], [-3.7409, 50.23966], [-3.7335, 50.23759], [-3.73447, 50.23666], [-3.73289, 50.23699], [-3.72897, 50.23635], [-3.72631, 50.23665], [-3.72604, 50.2369], [-3.72698, 50.23675], [-3.73075, 50.23733], [-3.73223, 50.23871], [-3.73773, 50.24011], [-3.73912, 50.24106], [-3.73843, 50.24162], [-3.73574, 50.24136], [-3.73448, 50.24189], [-3.73285, 50.24335], [-3.73333, 50.24366], [-3.73308, 50.24439], [-3.73075, 50.24543], [-3.72966, 50.24639], [-3.72823, 50.24711], [-3.72745, 50.2475], [-3.72488, 50.24808], [-3.72334, 50.24748], [-3.72038, 50.24813], [-3.72339, 50.24799], [-3.72589, 50.2488], [-3.72822, 50.24829], [-3.73111, 50.24707], [-3.73304, 50.24625], [-3.73407, 50.24515], [-3.7347, 50.24295], [-3.73516, 50.24255], [-3.73834, 50.24328], [-3.73979, 50.24249], [-3.74121, 50.24264], [-3.74223, 50.24174], [-3.74511, 50.24091], [-3.74708, 50.24072], [-3.74857, 50.24159], [-3.7492, 50.2405], [-3.74722, 50.24069], [-3.74731, 50.24047], [-3.75233, 50.23977], [-3.75584, 50.24021], [-3.75617, 50.24094], [-3.75542, 50.24119], [-3.75515, 50.24172], [-3.75688, 50.24347], [-3.75496, 50.24486], [-3.7528, 50.24551], [-3.75261, 50.24593], [-3.75282, 50.24674], [-3.75283, 50.24678], [-3.75459, 50.24899], [-3.75687, 50.25036], [-3.75538, 50.25191], [-3.75437, 50.2524], [-3.75124, 50.25289], [-3.74723, 50.25161], [-3.7468, 50.25212], [-3.74735, 50.25339], [-3.74851, 50.25431], [-3.74815, 50.25489], [-3.74839, 50.2554], [-3.74753, 50.2565], [-3.74316, 50.25728], [-3.73924, 50.25717], [-3.7372, 50.25733], [-3.73671, 50.25841], [-3.7374, 50.25912], [-3.73957, 50.25943], [-3.74428, 50.25952], [-3.74515, 50.25985], [-3.74511, 50.26012], [-3.74219, 50.26145], [-3.74144, 50.26135], [-3.73922, 50.26182], [-3.73796, 50.26146], [-3.73465, 50.26156], [-3.73319, 50.26251], [-3.72975, 50.26335], [-3.72971, 50.26336], [-3.72946, 50.26315], [-3.7283, 50.26286], [-3.72736, 50.26191], [-3.72513, 50.26119], [-3.72226, 50.26143], [-3.72222, 50.26034], [-3.71563, 50.26066], [-3.71634, 50.26474], [-3.71548, 50.26494], [-3.71341, 50.26472], [-3.71362, 50.2665], [-3.71273, 50.26807], [-3.71338, 50.27082], [-3.71024, 50.27076], [-3.70704, 50.27124], [-3.70625, 50.27101], [-3.70487, 50.27134], [-3.70488, 50.27391], [-3.70362, 50.27541], [-3.70429, 50.27941], [-3.70312, 50.28132], [-3.70349, 50.28225], [-3.70306, 50.28447], [-3.70254, 50.28521], [-3.69914, 50.28644], [-3.69982, 50.28762], [-3.70211, 50.28827], [-3.70187, 50.28917], [-3.70147, 50.2886], [-3.69739, 50.2889], [-3.69632, 50.28944], [-3.69468, 50.28932], [-3.69206, 50.28977], [-3.68878, 50.29094], [-3.68665, 50.29078], [-3.68357, 50.28952], [-3.67973, 50.29], [-3.67729, 50.29107], [-3.67494, 50.29076], [-3.67435, 50.29095], [-3.66854, 50.2891], [-3.66582, 50.28882], [-3.66504, 50.28831], [-3.66437, 50.28866], [-3.66305, 50.28842], [-3.66225, 50.28764], [-3.66073, 50.28742], [-3.65964, 50.28624], [-3.65746, 50.28566], [-3.65666, 50.28516], [-3.6558, 50.28511], [-3.65542, 50.2845], [-3.64637, 50.28303]]]}}, {"type": "Feature", "properties": {"type": "postcode-cell", "postcode": "TQ8 8PU", "postcodes": ["TQ8 8PU"]}, "geometry": {"type": "Polygon", "coordinates": [[[-3.7604668583608483, 50.232603006058326], [-3.7603743620876053, 50.23237874302387], [-3.760349167851125, 50.231809642395], [-3.7620880956733567, 50.22788560726587], [-3.766375031007525, 50.22532517233726], [-3.7713769446593126, 50.22285431379116], [-3.7714599901387897, 50.22294999435223], [-3.7715599901387056, 50.22325999435245], [-3.771139990138277, 50.22359999435271], [-3.771349990138299, 50.2238299943529], [-3.7721499901389897, 50.22343999435258], [-3.7720099901387956, 50.223659994352744], [-3.772929990139395, 50.22361999435272], [-3.773469990139496, 50.22411999435305], [-3.7727299901386715, 50.224869994353654], [-3.7727399901381578, 50.22595999435448], [-3.771449990137036, 50.22660999435501], [-3.7707699901366363, 50.22654999435497], [-3.771099990136624, 50.22700999435532], [-3.770479990136173, 50.22713999435542], [-3.7709199901362864, 50.227479994355676], [-3.7704699901359455, 50.227599994355785], [-3.770919990135674, 50.228759994356636], [-3.7688599901339774, 50.229599994357336], [-3.767249990132905, 50.22972999435747], [-3.7670799901320464, 50.231299994358665], [-3.766379990131441, 50.23164999435894], [-3.7660299901307814, 50.232569994359665], [-3.7649499901299333, 50.23291999435994], [-3.7647699901293223, 50.23395999436074], [-3.7639799901283792, 50.23489999436146], [-3.7623799901271155, 50.23543999436192], [-3.762305672186466, 50.23549787781237], [-3.7604668583608483, 50.232603006058326]]]}}, {"type": "Feature", "properties": {"type": "postcode-cell", "postcode": "TQ8 8PF", "postcodes": ["TQ8 8PF"]}, "geometry": {"type": "Polygon", "coordinates": [[[-3.760349167851125, 50.231809642395], [-3.7496588789479204, 50.23456530271948], [-3.7478028954223963, 50.233029388448124], [-3.749328579992056, 50.23056159277942], [-3.7620880956733567, 50.22788560726587], [-3.760349167851125, 50.231809642395]]]}}, {"type": "Feature", "properties": {"type": "postcode-cell", "postcode": "TQ8 8PB", "postcodes": ["TQ8 8PB"]}, "geometry": {"type": "MultiPolygon", "coordinates": [[[[-3.7531018801509317, 50.23986676533364], [-3.7558399901207244, 50.240209994365706], [-3.7561699901205854, 50.240939994366244], [-3.755419990119994, 50.24118999436646], [-3.755149990119571, 50.24171999436687], [-3.756879990119823, 50.24346999436815], [-3.755553408219994, 50.244430396305184], [-3.7531018801509317, 50.23986676533364]]], [[[-3.7511731257614964, 50.236275633493], [-3.7558640740830236, 50.234838723889425], [-3.758386998617896, 50.234558911279244], [-3.762176777474033, 50.2355982686179], [-3.761339990126075, 50.236249994362545], [-3.759339990124682, 50.236529994362826], [-3.7574399901235416, 50.23641999436279], [-3.7564599901224347, 50.23744999436359], [-3.7536299901205927, 50.23757999436378], [-3.752889990119994, 50.23785999436399], [-3.751907405953512, 50.23764285304722], [-3.7511731257614964, 50.236275633493]]]]}}, {"type": "Feature", "properties": {"type": "postcode-cell", "postcode": "TQ8 8PD", "postcodes": ["TQ8 8PD"]}, "geometry": {"type": "Polygon", "coordinates": [[[-3.762305672186466, 50.23549787781237], [-3.762176777474033, 50.2355982686179], [-3.758386998617896, 50.234558911279244], [-3.7604668583608483, 50.232603006058326], [-3.762305672186466, 50.23549787781237]]]}}, {"type": "Feature", "properties": {"type": "postcode-cell", "postcode": "TQ8 8FD", "postcodes": ["TQ8 8FD"]}, "geometry": {"type": "Polygon", "coordinates": [[[-3.7604668583608483, 50.232603006058326], [-3.758386998617896, 50.234558911279244], [-3.7558640740830236, 50.234838723889425], [-3.7603743620876053, 50.23237874302387], [-3.7604668583608483, 50.232603006058326]]]}}, {"type": "Feature", "properties": {"type": "postcode-cell", "postcode": "TQ7 2RX", "postcodes": ["TQ7 2RX"]}, "geometry": {"type": "Polygon", "coordinates": [[[-3.7281695136621584, 50.25526380147287], [-3.733478793280584, 50.249912789947835], [-3.756758012629509, 50.25029271257235], [-3.7568699901165266, 50.250359994373355], [-3.755379990114849, 50.25190999437459], [-3.7543699901139793, 50.25239999437497], [-3.751239990111775, 50.25288999437541], [-3.7472299901098682, 50.25160999437455], [-3.7467999901093534, 50.25211999437496], [-3.7473499901090928, 50.25338999437591], [-3.7485099901093824, 50.25430999437656], [-3.7481499901088773, 50.254889994377], [-3.7483899901087856, 50.25539999437739], [-3.7475299901077204, 50.256499994378245], [-3.7431599901046004, 50.25727999437895], [-3.7392399901021878, 50.257169994378955], [-3.737199990100832, 50.25732999437915], [-3.7367099901000076, 50.258409994379974], [-3.737399990100099, 50.25911999438051], [-3.7395699901013164, 50.25942999438068], [-3.7442799901042343, 50.25951999438062], [-3.7451499901046224, 50.259849994380836], [-3.7451099901044707, 50.26011999438104], [-3.7421899901019953, 50.26144999438213], [-3.7414399901015725, 50.26134999438209], [-3.7392199900999525, 50.26181999438246], [-3.737959990099333, 50.26145999438225], [-3.7346499900972048, 50.26155999438241], [-3.733189990095835, 50.26250999438317], [-3.7320497101077095, 50.26278844933874], [-3.7281695136621584, 50.25526380147287]]]}}, {"type": "Feature", "properties": {"type": "postcode-cell", "postcode": "TQ8 8PE", "postcodes": ["TQ8 8PE"]}, "geometry": {"type": "Polygon", "coordinates": [[[-3.7496588789479204, 50.23456530271948], [-3.760349167851125, 50.231809642395], [-3.7603743620876053, 50.23237874302387], [-3.7558640740830236, 50.234838723889425], [-3.7511731257614964, 50.236275633493], [-3.7496588789479204, 50.23456530271948]]]}}, {"type": "Feature", "properties": {"type": "postcode-cell", "postcode": "TQ8 8PA", "postcodes": ["TQ8 8PA"]}, "geometry": {"type": "MultiPolygon", "coordinates": [[[[-3.7511731257614964, 50.236275633493], [-3.751907405953512, 50.23764285304722], [-3.751079990119048, 50.237459994363746], [-3.7495699901184767, 50.236669994363204], [-3.7491599901180916, 50.2369399943634], [-3.7493299901178907, 50.237579994363884], [-3.7484499901172263, 50.23780999436408], [-3.7462299901157254, 50.238039994364314], [-3.74523999011546, 50.23728999436378], [-3.7446299901144458, 50.23860999436479], [-3.740899990111603, 50.239659994365674], [-3.733499990107949, 50.2375899943643], [-3.7344699901090017, 50.23665999436359], [-3.733101030727066, 50.23694591776084], [-3.7313538947782035, 50.23408898614513], [-3.7478028954223963, 50.233029388448124], [-3.7496588789479204, 50.23456530271948], [-3.7511731257614964, 50.236275633493]]], [[[-3.755553408219994, 50.244430396305184], [-3.7549599901179507, 50.244859994369236], [-3.752799990116281, 50.24550999436978], [-3.752609990115962, 50.24592999437011], [-3.752624765471988, 50.24598698598875], [-3.741379891993442, 50.242490083886004], [-3.742229990111443, 50.24173999436721], [-3.745109990113649, 50.24090999436652], [-3.747079990114976, 50.240719994366316], [-3.7485699901154956, 50.24158999436693], [-3.7491999901164115, 50.24049999436609], [-3.7472199901150804, 50.240689994366306], [-3.74730999011524, 50.24046999436613], [-3.7523299901187297, 50.23976999436545], [-3.7531018801509317, 50.23986676533364], [-3.755553408219994, 50.244430396305184]]], [[[-3.735343475016546, 50.240612228934296], [-3.7345395577995824, 50.23929792630366], [-3.7377299901093974, 50.24010999436608], [-3.739119990109816, 50.24105999436678], [-3.7384723271892546, 50.24158563432963], [-3.735343475016546, 50.240612228934296]]]]}}, {"type": "Feature", "properties": {"type": "postcode-cell", "postcode": "TQ8 8PG", "postcodes": ["TQ8 8PG"]}, "geometry": {"type": "Polygon", "coordinates": [[[-3.7620880956733567, 50.22788560726587], [-3.749328579992056, 50.23056159277942], [-3.748150048139221, 50.22744205546056], [-3.749392243227619, 50.22609930792878], [-3.766375031007525, 50.22532517233726], [-3.7620880956733567, 50.22788560726587]]]}}, {"type": "Feature", "properties": {"type": "postcode-cell", "postcode": "TQ8 8PJ", "postcodes": ["TQ8 8PJ"]}, "geometry": {"type": "Polygon", "coordinates": [[[-3.748150048139221, 50.22744205546056], [-3.744921432100681, 50.22628713392426], [-3.7375486686728747, 50.21655238141937], [-3.7505369245378843, 50.223462699833945], [-3.749392243227619, 50.22609930792878], [-3.748150048139221, 50.22744205546056]]]}}, {"type": "Feature", "properties": {"type": "postcode-cell", "postcode": "TQ8 8PQ", "postcodes": ["TQ8 8PQ"]}, "geometry": {"type": "Polygon", "coordinates": [[[-3.766375031007525, 50.22532517233726], [-3.749392243227619, 50.22609930792878], [-3.7505369245378843, 50.223462699833945], [-3.7605250109393316, 50.22031128212196], [-3.7606499901331514, 50.22052999435067], [-3.7618399901340696, 50.22016999435041], [-3.76264999013456, 50.22020999435041], [-3.764019990135517, 50.220009994350214], [-3.7640399901353137, 50.220459994350556], [-3.764749990135809, 50.22035999435046], [-3.7649099901357896, 50.22060999435064], [-3.764989990135767, 50.22075999435075], [-3.765709990136362, 50.22045999435049], [-3.766569990136752, 50.22077999435073], [-3.7669299901370388, 50.22064999435063], [-3.7671199901371777, 50.22060999435058], [-3.7671099901371594, 50.22063999435062], [-3.7667699901367846, 50.220979994350884], [-3.767839990137363, 50.22116999435096], [-3.7679199901374005, 50.22119999435102], [-3.7681499901374145, 50.2214699943512], [-3.7687699901379568, 50.221149994350924], [-3.768669990137727, 50.22149999435123], [-3.7691599901380064, 50.22155999435125], [-3.7696599901382357, 50.22173999435137], [-3.769469990138041, 50.2218999943515], [-3.7705399901387158, 50.22188999435147], [-3.7713769446593126, 50.22285431379116], [-3.766375031007525, 50.22532517233726]]]}}, {"type": "Feature", "properties": {"type": "postcode-cell", "postcode": "TQ8 8FA", "postcodes": ["TQ8 8FA"]}, "geometry": {"type": "Polygon", "coordinates": [[[-3.7505369245378843, 50.223462699833945], [-3.7375486686728747, 50.21655238141937], [-3.7358961497377816, 50.21519979306637], [-3.7354744817183723, 50.212629685336495], [-3.736093364236956, 50.212124888140124], [-3.7361399901217855, 50.21214999434505], [-3.736109990121721, 50.212249994345115], [-3.736049990121609, 50.212399994345226], [-3.7364399901218226, 50.212469994345255], [-3.736739990121994, 50.212499994345286], [-3.736629990121879, 50.21259999434536], [-3.7367999901219777, 50.21261999434538], [-3.7366699901218623, 50.212689994345446], [-3.7362599901215052, 50.2128999943456], [-3.73677999012183, 50.21289999434556], [-3.7367799901217715, 50.213019994345686], [-3.7366499901216224, 50.21315999434578], [-3.7358499901208972, 50.21362999434616], [-3.7365899901209922, 50.21439999434673], [-3.7373899901214527, 50.21447999434676], [-3.737229990121143, 50.214919994347106], [-3.7377999901216206, 50.21466999434689], [-3.7379199901217275, 50.21459999434683], [-3.7382399901219845, 50.21447999434673], [-3.738589990122202, 50.21448999434674], [-3.738599990122198, 50.21450999434674], [-3.738279990121838, 50.21483999434701], [-3.738649990122177, 50.21461999434683], [-3.7386699901221645, 50.21466999434687], [-3.7392199901226864, 50.21429999434659], [-3.7394299901227477, 50.21444999434667], [-3.738679990122043, 50.21493999434707], [-3.739879990122976, 50.21455999434675], [-3.7399399901228416, 50.21491999434703], [-3.7408599901235204, 50.214709994346855], [-3.7409699901232725, 50.21536999434733], [-3.741249990123505, 50.21524999434723], [-3.741259990123485, 50.215299994347276], [-3.741579990123726, 50.2152199943472], [-3.7418799901238016, 50.21544999434736], [-3.7417899901238854, 50.215159994347154], [-3.741799990123891, 50.215159994347154], [-3.7422299901241547, 50.21517999434716], [-3.742269990124173, 50.21518999434714], [-3.742449990124205, 50.21535999434728], [-3.7435399901249093, 50.215309994347216], [-3.7441499901250657, 50.21578999434756], [-3.744769990125434, 50.21582999434757], [-3.7444799901250887, 50.21616999434783], [-3.7449999901254625, 50.21606999434776], [-3.745139990125547, 50.21607999434777], [-3.745239990125344, 50.21662999434819], [-3.7457199901255613, 50.21680999434829], [-3.7457999901258257, 50.216359994347954], [-3.7461099901260004, 50.21639999434798], [-3.7464499901261608, 50.21650999434804], [-3.7465799901261865, 50.21662999434813], [-3.7459399901256183, 50.21697999434841], [-3.7463199901258974, 50.216889994348335], [-3.746529990126078, 50.21678999434826], [-3.7467799901262584, 50.21673999434822], [-3.7469699901263214, 50.2168599943483], [-3.7473499901264633, 50.217059994348425], [-3.7473299901264263, 50.21710999434846], [-3.746929990126149, 50.21716999434855], [-3.7472999901263697, 50.21718999434853], [-3.747289990126355, 50.21720999434856], [-3.7467399901259086, 50.21741999434872], [-3.747149990125865, 50.21804999434919], [-3.7481299901263023, 50.21841999434945], [-3.7482399901263994, 50.21835999434939], [-3.7483999901264604, 50.21843999434945], [-3.749039990126923, 50.218309994349326], [-3.7502599901272924, 50.21913999434992], [-3.7508699901276996, 50.21908999434988], [-3.750889990127829, 50.2188499943497], [-3.7514199901280185, 50.21913999434989], [-3.752609990128979, 50.21869999434953], [-3.7526199901289794, 50.21870999434957], [-3.752669990129025, 50.21867999434952], [-3.7530299901293187, 50.218539994349406], [-3.7531799901293743, 50.21861999434946], [-3.753169990129326, 50.21870999434951], [-3.7533199901294334, 50.2186799943495], [-3.7540299901297067, 50.21903999434975], [-3.754129990129827, 50.21891999434967], [-3.7544499901300665, 50.21883999434959], [-3.754509990130069, 50.218909994349644], [-3.754859990130376, 50.21872999434951], [-3.7550999901305557, 50.21866999434944], [-3.755869990130814, 50.21913999434978], [-3.7559799901309403, 50.21901999434968], [-3.7559899901309466, 50.219019994349686], [-3.7562799901311217, 50.21902999434968], [-3.756539990131192, 50.21922999434983], [-3.757849990132037, 50.21917999434976], [-3.758279990132188, 50.21942999434993], [-3.7586699901325136, 50.2192599943498], [-3.7592699901326676, 50.21972999435012], [-3.7597199901326928, 50.22026999435052], [-3.760279990133154, 50.220039994350344], [-3.760369990133208, 50.220039994350344], [-3.7605250109393316, 50.22031128212196], [-3.7505369245378843, 50.223462699833945]]]}}, {"type": "Feature", "properties": {"type": "postcode-cell", "postcode": "TQ7 2BX", "postcodes": ["TQ7 2BX"]}, "geometry": {"type": "MultiPolygon", "coordinates": [[[[-3.7354744817183723, 50.212629685336495], [-3.7250840355679817, 50.21361903707226], [-3.7176627205339026, 50.211133065590865], [-3.7100068955447627, 50.206350438894624], [-3.7118999901095386, 50.206079994341145], [-3.711629990109509, 50.205789994340925], [-3.712179990109837, 50.20581999434095], [-3.71265999011004, 50.20601999434106], [-3.712959990110218, 50.2060399943411], [-3.713479990110551, 50.206019994341034], [-3.7140899901107534, 50.206399994341304], [-3.713789990110789, 50.20592999434097], [-3.7145999901113145, 50.205889994340914], [-3.7146699901115405, 50.20550999434064], [-3.715259990111968, 50.205389994340536], [-3.7156099901119894, 50.20579999434081], [-3.7160799901123585, 50.2056399943407], [-3.7157399901123465, 50.20522999434039], [-3.7157099901124595, 50.20494999434018], [-3.7160899901127364, 50.20486999434011], [-3.7164499901126637, 50.20548999434056], [-3.716929990112929, 50.205559994340604], [-3.7167399901129405, 50.205289994340404], [-3.717539990114112, 50.20388999433932], [-3.7181099901145687, 50.20367999433914], [-3.7181299901144196, 50.204019994339404], [-3.718869990115116, 50.20352999433902], [-3.719359990115211, 50.203969994339346], [-3.7189999901154813, 50.202939994338564], [-3.719299990115789, 50.20268999433838], [-3.7193199901157215, 50.202859994338496], [-3.719379990115868, 50.20262999433832], [-3.7196399901161294, 50.20241999433815], [-3.7198799901162642, 50.20244999433819], [-3.720099990116592, 50.20205999433788], [-3.720199990116679, 50.202009994337864], [-3.7202099901166865, 50.20200999433785], [-3.7204799901167602, 50.202199994337974], [-3.7208299901170183, 50.2021199943379], [-3.7214199901174596, 50.20196999433777], [-3.722379990117883, 50.20233999433804], [-3.722769990118028, 50.20253999433818], [-3.722649990117888, 50.202679994338276], [-3.7235199901182185, 50.203119994338586], [-3.723819990118176, 50.203599994338944], [-3.7243999901183944, 50.20389999433914], [-3.7244199901183945, 50.20392999433917], [-3.7244499901184147, 50.20392999433917], [-3.724499990118431, 50.203959994339186], [-3.7246999901182916, 50.20450999433959], [-3.7254399901186717, 50.2046799943397], [-3.7257299901185834, 50.205239994340126], [-3.7259599901187967, 50.20509999434002], [-3.7260299901188203, 50.205139994340016], [-3.7254099901181976, 50.20562999434042], [-3.72543999011822, 50.20561999434041], [-3.7259299901184986, 50.205679994340464], [-3.7264799901187247, 50.20592999434063], [-3.7263999901181433, 50.20702999434146], [-3.7259899901176885, 50.207449994341765], [-3.7259699901176715, 50.20745999434178], [-3.725709990117388, 50.207709994341975], [-3.7259799901173154, 50.20820999434234], [-3.7268199901177765, 50.208349994342434], [-3.7269599901179196, 50.20822999434234], [-3.7282199901186397, 50.208369994342405], [-3.7281599901186966, 50.20817999434228], [-3.7284999901189693, 50.20804999434215], [-3.728519990118987, 50.208039994342144], [-3.728749990119157, 50.20798999434211], [-3.7291999901192363, 50.208409994342404], [-3.72921999011923, 50.20844999434243], [-3.7292299901192365, 50.20844999434245], [-3.729599990119304, 50.20878999434269], [-3.730229990119845, 50.20847999434243], [-3.7302799901202945, 50.20760999434177], [-3.7301799901204675, 50.207119994341404], [-3.730179990120492, 50.20706999434138], [-3.7305499901207386, 50.20703999434134], [-3.730629990120922, 50.206759994341134], [-3.7306399901209324, 50.20674999434111], [-3.7315999901213925, 50.20703999434132], [-3.73197999012143, 50.20745999434162], [-3.732209990121407, 50.20780999434189], [-3.7323499901214556, 50.20788999434193], [-3.7324999901214397, 50.2081199943421], [-3.732639990121412, 50.20835999434227], [-3.732979990121659, 50.20828999434222], [-3.733099990121461, 50.20885999434264], [-3.7327399901212637, 50.2087999943426], [-3.7327699901211946, 50.20897999434275], [-3.7327599901211963, 50.20896999434273], [-3.732759990121189, 50.20897999434272], [-3.7327499901211856, 50.20897999434274], [-3.7327699901211866, 50.20899999434276], [-3.73278999012116, 50.2090799943428], [-3.732869990120996, 50.209529994343164], [-3.732909990120934, 50.20970999434329], [-3.7331499901210528, 50.20977999434334], [-3.733099990120927, 50.20996999434348], [-3.733519990121268, 50.20980999434335], [-3.7329899901207915, 50.21010999434359], [-3.73315999012086, 50.210189994343644], [-3.733959990121342, 50.21022999434365], [-3.7343199901216053, 50.21014999434358], [-3.7342899901215123, 50.210309994343696], [-3.734629990121732, 50.21028999434367], [-3.7346099901216485, 50.21043999434379], [-3.734789990121799, 50.21035999434374], [-3.7348299901216246, 50.21077999434404], [-3.734999990121829, 50.21056999434388], [-3.734889990121542, 50.21102999434425], [-3.7349399901216165, 50.21093999434415], [-3.734899990121529, 50.21106999434426], [-3.735039990121631, 50.211039994344226], [-3.7352399901215847, 50.21139999434451], [-3.7351499901213003, 50.21186999434485], [-3.7347399901209783, 50.21200999434498], [-3.734919990120854, 50.21249999434533], [-3.735119990120943, 50.21257999434541], [-3.735499990121291, 50.21234999434522], [-3.735929990121681, 50.21209999434502], [-3.73600999012174, 50.21207999434499], [-3.736093364236956, 50.212124888140124], [-3.7354744817183723, 50.212629685336495]]], [[[-3.708491748984317, 50.20540374489392], [-3.709549990108593, 50.20498999434037], [-3.708717644930059, 50.20554489289528], [-3.708491748984317, 50.20540374489392]]]]}}, {"type": "Feature", "properties": {"type": "postcode-cell", "postcode": "TQ8 8PN", "postcodes": ["TQ8 8PN"]}, "geometry": {"type": "Polygon", "coordinates": [[[-3.7375486686728747, 50.21655238141937], [-3.744921432100681, 50.22628713392426], [-3.730014399804874, 50.22962330764579], [-3.7358961497377816, 50.21519979306637], [-3.7375486686728747, 50.21655238141937]]]}}, {"type": "Feature", "properties": {"type": "postcode-cell", "postcode": "TQ8 8PL", "postcodes": ["TQ8 8PL"]}, "geometry": {"type": "Polygon", "coordinates": [[[-3.7478028954223963, 50.233029388448124], [-3.7313538947782035, 50.23408898614513], [-3.7279008916044347, 50.232482059703166], [-3.730014399804874, 50.22962330764579], [-3.744921432100681, 50.22628713392426], [-3.748150048139221, 50.22744205546056], [-3.749328579992056, 50.23056159277942], [-3.7478028954223963, 50.233029388448124]]]}}, {"type": "Feature", "properties": {"type": "postcode-cell", "postcode": "TQ7 2RU", "postcodes": ["TQ7 2RU"]}, "geometry": {"type": "MultiPolygon", "coordinates": [[[[-3.733478793280584, 50.249912789947835], [-3.7317153215065995, 50.24681281337526], [-3.7330399901035176, 50.246249994370864], [-3.734069990104691, 50.24514999437002], [-3.734699990106135, 50.242949994368324], [-3.7351599901066153, 50.24254999436802], [-3.738339990108265, 50.243279994368464], [-3.7397899901095535, 50.24248999436786], [-3.7412099901103715, 50.24263999436793], [-3.741379891993442, 50.242490083886004], [-3.752624765471988, 50.24598698598875], [-3.752819990115708, 50.246739994370735], [-3.7528299901156945, 50.24677999437074], [-3.754589990115746, 50.248989994372366], [-3.756758012629509, 50.25029271257235], [-3.733478793280584, 50.249912789947835]]], [[[-3.7330190668926324, 50.2434591904886], [-3.733329990104937, 50.24365999436891], [-3.733079990104432, 50.244389994369456], [-3.731788222543482, 50.24496658860598], [-3.7330190668926324, 50.2434591904886]]], [[[-3.735343475016546, 50.240612228934296], [-3.7384723271892546, 50.24158563432963], [-3.7384299901091143, 50.24161999436722], [-3.735739990107553, 50.2413599943671], [-3.734479990106506, 50.241889994367526], [-3.7338111173123796, 50.24248912084266], [-3.735343475016546, 50.240612228934296]]]]}}, {"type": "Feature", "properties": {"type": "postcode-cell", "postcode": "TQ7 2RR", "postcodes": ["TQ7 2RR"]}, "geometry": {"type": "Polygon", "coordinates": [[[-3.733101030727066, 50.23694591776084], [-3.7328899901078527, 50.23698999436387], [-3.7289699901057025, 50.23634999436349], [-3.726309990103891, 50.2366499943638], [-3.7260399901036023, 50.236899994363995], [-3.7269799901042644, 50.23674999436387], [-3.7307499901063483, 50.23732999436418], [-3.732229990106616, 50.238709994365195], [-3.7345395577995824, 50.23929792630366], [-3.735343475016546, 50.240612228934296], [-3.7338111173123796, 50.24248912084266], [-3.7328499901047842, 50.24334999436868], [-3.7330190668926324, 50.2434591904886], [-3.731788222543482, 50.24496658860598], [-3.7307499901024714, 50.24542999437032], [-3.7303383952918656, 50.24579250556824], [-3.7275825517130525, 50.245845895065834], [-3.7273792841450986, 50.245846538338256], [-3.7228737206535256, 50.245087765672196], [-3.7204860421547385, 50.2442711208394], [-3.7155395720770117, 50.2410560658414], [-3.7215594453518803, 50.234086177374934], [-3.7240543027849298, 50.23270889641743], [-3.7279008916044347, 50.232482059703166], [-3.7313538947782035, 50.23408898614513], [-3.733101030727066, 50.23694591776084]]]}}, {"type": "Feature", "properties": {"type": "postcode-cell", "postcode": "TQ8 8PW", "postcodes": ["TQ8 8PW"]}, "geometry": {"type": "Polygon", "coordinates": [[[-3.7358961497377816, 50.21519979306637], [-3.730014399804874, 50.22962330764579], [-3.7279008916044347, 50.232482059703166], [-3.7240543027849298, 50.23270889641743], [-3.7181502407332774, 50.22773736426002], [-3.7183875964185673, 50.21871061616221], [-3.7194529580628677, 50.21760235165254], [-3.7250840355679817, 50.21361903707226], [-3.7354744817183723, 50.212629685336495], [-3.7358961497377816, 50.21519979306637]]]}}, {"type": "Feature", "properties": {"type": "postcode-cell", "postcode": "TQ7 2RZ", "postcodes": ["TQ7 2RZ"]}, "geometry": {"type": "MultiPolygon", "coordinates": [[[[-3.733478793280584, 50.249912789947835], [-3.7281695136621584, 50.25526380147287], [-3.7250506575138678, 50.2540760065466], [-3.7267304461765107, 50.248616038498966], [-3.7282199900995177, 50.24828999437254], [-3.7311099901019134, 50.24706999437153], [-3.7317153215065995, 50.24681281337526], [-3.733478793280584, 50.249912789947835]]], [[[-3.7275825517130525, 50.245845895065834], [-3.7303383952918656, 50.24579250556824], [-3.729659990101329, 50.24638999437106], [-3.7282299901000875, 50.24710999437164], [-3.7274499900994127, 50.24749999437198], [-3.727045688280835, 50.24759124226559], [-3.7275825517130525, 50.245845895065834]]]]}}, {"type": "Feature", "properties": {"type": "postcode-cell", "postcode": "TQ7 2RY", "postcodes": ["TQ7 2RY"]}, "geometry": {"type": "Polygon", "coordinates": [[[-3.7281695136621584, 50.25526380147287], [-3.7320497101077095, 50.26278844933874], [-3.729749990093272, 50.2633499943839], [-3.7297099900932427, 50.263359994383904], [-3.729459990093186, 50.263149994383774], [-3.7282999900925957, 50.26285999438358], [-3.7273599900924594, 50.261909994382876], [-3.7251299900914057, 50.26118999438239], [-3.722259990089488, 50.26142999438263], [-3.7222199900899837, 50.26033999438184], [-3.715629990085697, 50.260659994382245], [-3.715816630967803, 50.261732595409974], [-3.7077550714933114, 50.25722269055793], [-3.711162534259724, 50.253085794285155], [-3.71141375201999, 50.25307357827741], [-3.722962528535957, 50.253309676525284], [-3.7250506575138678, 50.2540760065466], [-3.7281695136621584, 50.25526380147287]]]}}, {"type": "Feature", "properties": {"type": "postcode-cell", "postcode": "TQ7 2RT", "postcodes": ["TQ7 2RT"]}, "geometry": {"type": "MultiPolygon", "coordinates": [[[[-3.7275825517130525, 50.245845895065834], [-3.727045688280835, 50.24759124226559], [-3.7258983408051347, 50.24785018048229], [-3.7273792841450986, 50.245846538338256], [-3.7275825517130525, 50.245845895065834]]], [[[-3.7250506575138678, 50.2540760065466], [-3.722962528535957, 50.253309676525284], [-3.7229548832923554, 50.25183198440255], [-3.725330300285411, 50.248618661990875], [-3.725889990097811, 50.24879999437298], [-3.7267304461765107, 50.248616038498966], [-3.7250506575138678, 50.2540760065466]]]]}}, {"type": "Feature", "properties": {"type": "postcode-cell", "postcode": "TQ7 2RS", "postcodes": ["TQ7 2RS"]}, "geometry": {"type": "MultiPolygon", "coordinates": [[[[-3.7273792841450986, 50.245846538338256], [-3.7258983408051347, 50.24785018048229], [-3.724879990097522, 50.248079994372475], [-3.7233399900968434, 50.247479994372064], [-3.722893921135162, 50.247577954637904], [-3.7228737206535256, 50.245087765672196], [-3.7273792841450986, 50.245846538338256]]], [[[-3.7229548832923554, 50.25183198440255], [-3.722927867610753, 50.25176117629495], [-3.722897450043575, 50.24801290859863], [-3.723389990096629, 50.24798999437243], [-3.725330300285411, 50.248618661990875], [-3.7229548832923554, 50.25183198440255]]]]}}, {"type": "Feature", "properties": {"type": "postcode-cell", "postcode": "TQ7 2RW", "postcodes": ["TQ7 2RW"]}, "geometry": {"type": "Polygon", "coordinates": [[[-3.7229548832923554, 50.25183198440255], [-3.722962528535957, 50.253309676525284], [-3.71141375201999, 50.25307357827741], [-3.7190968588270383, 50.24827743264915], [-3.721226884563302, 50.24956031342516], [-3.722927867610753, 50.25176117629495], [-3.7229548832923554, 50.25183198440255]]]}}, {"type": "Feature", "properties": {"type": "postcode-cell", "postcode": "TQ7 2RN", "postcodes": ["TQ7 2RN"]}, "geometry": {"type": "MultiPolygon", "coordinates": [[[[-3.7228737206535256, 50.245087765672196], [-3.722893921135162, 50.247577954637904], [-3.7209482520763246, 50.24800521430394], [-3.720383543162037, 50.24485313427699], [-3.7204860421547385, 50.2442711208394], [-3.7228737206535256, 50.245087765672196]]], [[[-3.722927867610753, 50.25176117629495], [-3.721226884563302, 50.24956031342516], [-3.7209657285426547, 50.248102756892436], [-3.722897450043575, 50.24801290859863], [-3.722927867610753, 50.25176117629495]]]]}}, {"type": "Feature", "properties": {"type": "postcode-cell", "postcode": "TQ7 2RP", "postcodes": ["TQ7 2RP"]}, "geometry": {"type": "Polygon", "coordinates": [[[-3.7204860421547385, 50.2442711208394], [-3.720383543162037, 50.24485313427699], [-3.7190968588270383, 50.24827743264915], [-3.71141375201999, 50.25307357827741], [-3.711162534259724, 50.253085794285155], [-3.7091434442345115, 50.248908109038965], [-3.7141793834053813, 50.24153075375605], [-3.7155395720770117, 50.2410560658414], [-3.7204860421547385, 50.2442711208394]]]}}, {"type": "Feature", "properties": {"type": "postcode-cell", "postcode": "TQ7 2RL", "postcodes": ["TQ7 2RL"]}, "geometry": {"type": "Polygon", "coordinates": [[[-3.720383543162037, 50.24485313427699], [-3.7209482520763246, 50.24800521430394], [-3.7203799900946772, 50.24812999437263], [-3.7209657285426547, 50.248102756892436], [-3.721226884563302, 50.24956031342516], [-3.7190968588270383, 50.24827743264915], [-3.720383543162037, 50.24485313427699]]]}}, {"type": "Feature", "properties": {"type": "postcode-cell", "postcode": "TQ7 2NL", "postcodes": ["TQ7 2NL"]}, "geometry": {"type": "Polygon", "coordinates": [[[-3.7240543027849298, 50.23270889641743], [-3.7215594453518803, 50.234086177374934], [-3.7047930033286276, 50.23252616194452], [-3.699984179452837, 50.22985908159647], [-3.7054148081042793, 50.22485948630224], [-3.7181502407332774, 50.22773736426002], [-3.7240543027849298, 50.23270889641743]]]}}, {"type": "Feature", "properties": {"type": "postcode-cell", "postcode": "TQ7 2PB", "postcodes": ["TQ7 2PB"]}, "geometry": {"type": "Polygon", "coordinates": [[[-3.706495845257007, 50.27039138645371], [-3.7070448115661976, 50.267872284026616], [-3.7132944025681875, 50.26707435791331], [-3.7127299900803314, 50.268069994387915], [-3.7133799900794218, 50.270819994389996], [-3.7102399900774814, 50.27075999439002], [-3.707056632696785, 50.271237498249405], [-3.706495845257007, 50.27039138645371]]]}}, {"type": "Feature", "properties": {"type": "postcode-cell", "postcode": "TQ7 2LY", "postcodes": ["TQ7 2LY"]}, "geometry": {"type": "Polygon", "coordinates": [[[-3.7155395720770117, 50.2410560658414], [-3.7141793834053813, 50.24153075375605], [-3.703873113269993, 50.23974372533326], [-3.7047930033286276, 50.23252616194452], [-3.7215594453518803, 50.234086177374934], [-3.7155395720770117, 50.2410560658414]]]}}, {"type": "Feature", "properties": {"type": "postcode-cell", "postcode": "TQ7 2BT", "postcodes": ["TQ7 2BT"]}, "geometry": {"type": "Polygon", "coordinates": [[[-3.7183875964185673, 50.21871061616221], [-3.7181502407332774, 50.22773736426002], [-3.7054148081042793, 50.22485948630224], [-3.70448871743253, 50.22148871413496], [-3.7183875964185673, 50.21871061616221]]]}}, {"type": "Feature", "properties": {"type": "postcode-cell", "postcode": "TQ7 2DF", "postcodes": ["TQ7 2DF"]}, "geometry": {"type": "Polygon", "coordinates": [[[-3.70448871743253, 50.22148871413496], [-3.702890821670557, 50.22018310509202], [-3.709880253348514, 50.21718450461289], [-3.71937077368406, 50.21759172512848], [-3.7194529580628677, 50.21760235165254], [-3.7183875964185673, 50.21871061616221], [-3.70448871743253, 50.22148871413496]]]}}, {"type": "Feature", "properties": {"type": "postcode-cell", "postcode": "TQ7 2BU", "postcodes": ["TQ7 2BU"]}, "geometry": {"type": "Polygon", "coordinates": [[[-3.7194529580628677, 50.21760235165254], [-3.71937077368406, 50.21759172512848], [-3.7105908018728697, 50.21613755701416], [-3.7098584222334425, 50.21573515398207], [-3.7114044880152033, 50.21342963353602], [-3.7176627205339026, 50.211133065590865], [-3.7250840355679817, 50.21361903707226], [-3.7194529580628677, 50.21760235165254]]]}}, {"type": "Feature", "properties": {"type": "postcode-cell", "postcode": "TQ7 2BY", "postcodes": ["TQ7 2BY"]}, "geometry": {"type": "Polygon", "coordinates": [[[-3.7098584222334425, 50.21573515398207], [-3.7032629832908874, 50.21645134580217], [-3.703038069004223, 50.21519940570865], [-3.708454109514732, 50.213753894473044], [-3.7114044880152033, 50.21342963353602], [-3.7098584222334425, 50.21573515398207]]]}}, {"type": "Feature", "properties": {"type": "postcode-cell", "postcode": "TQ7 2DD", "postcodes": ["TQ7 2DD"]}, "geometry": {"type": "Polygon", "coordinates": [[[-3.7105908018728697, 50.21613755701416], [-3.709880253348514, 50.21718450461289], [-3.702890821670557, 50.22018310509202], [-3.7027048254658332, 50.2200575105584], [-3.7032629832908874, 50.21645134580217], [-3.7098584222334425, 50.21573515398207], [-3.7105908018728697, 50.21613755701416]]]}}, {"type": "Feature", "properties": {"type": "postcode-cell", "postcode": "TQ7 2NJ", "postcodes": ["TQ7 2NJ"]}, "geometry": {"type": "Polygon", "coordinates": [[[-3.70448871743253, 50.22148871413496], [-3.7054148081042793, 50.22485948630224], [-3.699984179452837, 50.22985908159647], [-3.6986201980224056, 50.23006082213476], [-3.6900891393180615, 50.229366340585024], [-3.6875009156497405, 50.227345862914255], [-3.6928458270322038, 50.2201080954503], [-3.7027048254658332, 50.2200575105584], [-3.702890821670557, 50.22018310509202], [-3.70448871743253, 50.22148871413496]]]}}, {"type": "Feature", "properties": {"type": "postcode-cell", "postcode": "TQ7 2DB", "postcodes": ["TQ7 2DB"]}, "geometry": {"type": "Polygon", "coordinates": [[[-3.71937077368406, 50.21759172512848], [-3.709880253348514, 50.21718450461289], [-3.7105908018728697, 50.21613755701416], [-3.71937077368406, 50.21759172512848]]]}}, {"type": "Feature", "properties": {"type": "postcode-cell", "postcode": "TQ7 2LH", "postcodes": ["TQ7 2LH"]}, "geometry": {"type": "Polygon", "coordinates": [[[-3.715816630967803, 50.261732595409974], [-3.716339990084189, 50.2647399943853], [-3.715479990083553, 50.264939994385486], [-3.71340999008236, 50.264719994385366], [-3.713619990081643, 50.266499994386706], [-3.7132944025681875, 50.26707435791331], [-3.7070448115661976, 50.267872284026616], [-3.700898245949418, 50.2640957956886], [-3.707464920210394, 50.25729986655011], [-3.7077550714933114, 50.25722269055793], [-3.715816630967803, 50.261732595409974]]]}}, {"type": "Feature", "properties": {"type": "postcode-cell", "postcode": "TQ7 2JD", "postcodes": ["TQ7 2JD"]}, "geometry": {"type": "Polygon", "coordinates": [[[-3.707056632696785, 50.271237498249405], [-3.7070399900752458, 50.271239994390484], [-3.7062499900748613, 50.27100999439032], [-3.7048699900738344, 50.2713399943906], [-3.7048766173078698, 50.273043323045826], [-3.703132185441096, 50.273389836069846], [-3.7021502829900848, 50.27309310250493], [-3.705418084071362, 50.27060672713982], [-3.706495845257007, 50.27039138645371], [-3.707056632696785, 50.271237498249405]]]}}, {"type": "Feature", "properties": {"type": "postcode-cell", "postcode": "TQ7 2DE", "postcodes": ["TQ7 2DE"]}, "geometry": {"type": "Polygon", "coordinates": [[[-3.7032629832908874, 50.21645134580217], [-3.7027048254658332, 50.2200575105584], [-3.6928458270322038, 50.2201080954503], [-3.6890251610595217, 50.2162957046564], [-3.690529990091526, 50.21579999434905], [-3.690699990091627, 50.21580999434905], [-3.691389990091848, 50.21623999434936], [-3.691599990092226, 50.21572999434897], [-3.692789990093065, 50.21552999434878], [-3.6945599900948607, 50.21408999434764], [-3.6960199900958357, 50.213959994347505], [-3.696249990096269, 50.213359994347044], [-3.69728999009694, 50.213309994346965], [-3.700786670141675, 50.21211892547542], [-3.703038069004223, 50.21519940570865], [-3.7032629832908874, 50.21645134580217]]]}}, {"type": "Feature", "properties": {"type": "postcode-cell", "postcode": "TQ7 2DA", "postcodes": ["TQ7 2DA"]}, "geometry": {"type": "Polygon", "coordinates": [[[-3.7114044880152033, 50.21342963353602], [-3.708454109514732, 50.213753894473044], [-3.7066035502720673, 50.206740791326816], [-3.7068499901063214, 50.20620999434137], [-3.708219990107513, 50.2055099943408], [-3.708491748984317, 50.20540374489392], [-3.708717644930059, 50.20554489289528], [-3.708559990107658, 50.205649994340895], [-3.7089099901076588, 50.20609999434123], [-3.7097299901080323, 50.20638999434142], [-3.7100068955447627, 50.206350438894624], [-3.7176627205339026, 50.211133065590865], [-3.7114044880152033, 50.21342963353602]]]}}, {"type": "Feature", "properties": {"type": "postcode-cell", "postcode": "TQ7 2BZ", "postcodes": ["TQ7 2BZ"]}, "geometry": {"type": "Polygon", "coordinates": [[[-3.708454109514732, 50.213753894473044], [-3.703038069004223, 50.21519940570865], [-3.700786670141675, 50.21211892547542], [-3.701399990100178, 50.21190999434582], [-3.7015699901004635, 50.21153999434552], [-3.7022099901008567, 50.21154999434552], [-3.7020899901008923, 50.21131999434534], [-3.7027099901012144, 50.21145999434543], [-3.703429990101773, 50.21122999434523], [-3.703089990102319, 50.20964999434407], [-3.703759990102862, 50.20938999434383], [-3.7032899901026384, 50.20924999434374], [-3.703779990103365, 50.20836999434309], [-3.7040299901035016, 50.208409994343086], [-3.7043899901040143, 50.207809994342654], [-3.704749990104201, 50.207889994342665], [-3.706459990105673, 50.20704999434201], [-3.7066035502720673, 50.206740791326816], [-3.708454109514732, 50.213753894473044]]]}}, {"type": "Feature", "properties": {"type": "postcode-cell", "postcode": "TQ7 2LN", "postcodes": ["TQ7 2LN"]}, "geometry": {"type": "Polygon", "coordinates": [[[-3.711162534259724, 50.253085794285155], [-3.7077550714933114, 50.25722269055793], [-3.707464920210394, 50.25729986655011], [-3.695748021831287, 50.25455519382934], [-3.694811905786774, 50.246430681142186], [-3.7091434442345115, 50.248908109038965], [-3.711162534259724, 50.253085794285155]]]}}, {"type": "Feature", "properties": {"type": "postcode-cell", "postcode": "TQ7 2LQ", "postcodes": ["TQ7 2LQ"]}, "geometry": {"type": "Polygon", "coordinates": [[[-3.705418084071362, 50.27060672713982], [-3.7023495161714863, 50.27097880123406], [-3.701082113056399, 50.2709127986767], [-3.698126907375896, 50.2701735413497], [-3.693699983822823, 50.26550116891788], [-3.700898245949418, 50.2640957956886], [-3.7070448115661976, 50.267872284026616], [-3.706495845257007, 50.27039138645371], [-3.705418084071362, 50.27060672713982]]]}}, {"type": "Feature", "properties": {"type": "postcode-cell", "postcode": "TQ7 2LZ", "postcodes": ["TQ7 2LZ"]}, "geometry": {"type": "Polygon", "coordinates": [[[-3.703873113269993, 50.23974372533326], [-3.7029288230835196, 50.2398841764987], [-3.697772924455987, 50.23718909772407], [-3.6986201980224056, 50.23006082213476], [-3.699984179452837, 50.22985908159647], [-3.7047930033286276, 50.23252616194452], [-3.703873113269993, 50.23974372533326]]]}}, {"type": "Feature", "properties": {"type": "postcode-cell", "postcode": "TQ7 2NN", "postcodes": ["TQ7 2NN"]}, "geometry": {"type": "Polygon", "coordinates": [[[-3.7091434442345115, 50.248908109038965], [-3.694811905786774, 50.246430681142186], [-3.6943478155275824, 50.246070946287496], [-3.7029288230835196, 50.2398841764987], [-3.703873113269993, 50.23974372533326], [-3.7141793834053813, 50.24153075375605], [-3.7091434442345115, 50.248908109038965]]]}}, {"type": "Feature", "properties": {"type": "postcode-cell", "postcode": "TQ7 2JG", "postcodes": ["TQ7 2JG"]}, "geometry": {"type": "MultiPolygon", "coordinates": [[[[-3.700587669480185, 50.28783790172625], [-3.702109990063995, 50.28826999440349], [-3.701921521470641, 50.28897675440741], [-3.700587669480185, 50.28783790172625]]], [[[-3.6892839219865556, 50.27818383587274], [-3.689966272760371, 50.27801840733363], [-3.6990088745985736, 50.27892850411695], [-3.7037189381225284, 50.280342244703604], [-3.703119990067959, 50.281319994398224], [-3.7034899900677467, 50.28224999439892], [-3.703059990066414, 50.2844699944006], [-3.702539990065734, 50.285209994401164], [-3.6991399900630104, 50.2864399944022], [-3.6993235393858983, 50.286758512769296], [-3.6892839219865556, 50.27818383587274]]]]}}, {"type": "Feature", "properties": {"type": "postcode-cell", "postcode": "TQ7 2UA", "postcodes": ["TQ7 2UA"]}, "geometry": {"type": "Polygon", "coordinates": [[[-3.702772117392124, 50.27803428907222], [-3.7025342126066008, 50.27731924514509], [-3.703132185441096, 50.273389836069846], [-3.7048766173078698, 50.273043323045826], [-3.7048799900726124, 50.27390999439257], [-3.703619990071101, 50.275409994393705], [-3.7042899900696074, 50.27940999439675], [-3.703768629753665, 50.28026112394987], [-3.702772117392124, 50.27803428907222]]]}}, {"type": "Feature", "properties": {"type": "postcode-cell", "postcode": "TQ7 2JL", "postcodes": ["TQ7 2JL"]}, "geometry": {"type": "Polygon", "coordinates": [[[-3.7025342126066008, 50.27731924514509], [-3.7012827336076457, 50.27495727711624], [-3.701363059492834, 50.27316170557503], [-3.7016173106224795, 50.27308779865809], [-3.7021502829900848, 50.27309310250493], [-3.703132185441096, 50.273389836069846], [-3.7025342126066008, 50.27731924514509]]]}}, {"type": "Feature", "properties": {"type": "postcode-cell", "postcode": "TQ7 2LJ", "postcodes": ["TQ7 2LJ"]}, "geometry": {"type": "Polygon", "coordinates": [[[-3.7021502829900848, 50.27309310250493], [-3.7016173106224795, 50.27308779865809], [-3.7023495161714863, 50.27097880123406], [-3.705418084071362, 50.27060672713982], [-3.7021502829900848, 50.27309310250493]]]}}, {"type": "Feature", "properties": {"type": "postcode-cell", "postcode": "TQ7 2ND", "postcodes": ["TQ7 2ND"]}, "geometry": {"type": "Polygon", "coordinates": [[[-3.7029288230835196, 50.2398841764987], [-3.6943478155275824, 50.246070946287496], [-3.6905411198181195, 50.24525417508553], [-3.6899921264204303, 50.24444451134389], [-3.689123657049039, 50.238219857056215], [-3.697772924455987, 50.23718909772407], [-3.7029288230835196, 50.2398841764987]]]}}, {"type": "Feature", "properties": {"type": "postcode-cell", "postcode": "TQ7 2JB", "postcodes": ["TQ7 2JB"]}, "geometry": {"type": "Polygon", "coordinates": [[[-3.7025342126066008, 50.27731924514509], [-3.702772117392124, 50.27803428907222], [-3.698308299193806, 50.274127385302066], [-3.698362728831733, 50.27405862343922], [-3.699664113626304, 50.27406692822689], [-3.7012827336076457, 50.27495727711624], [-3.7025342126066008, 50.27731924514509]]]}}, {"type": "Feature", "properties": {"type": "postcode-cell", "postcode": "TQ7 2JA", "postcodes": ["TQ7 2JA"]}, "geometry": {"type": "Polygon", "coordinates": [[[-3.7012827336076457, 50.27495727711624], [-3.699664113626304, 50.27406692822689], [-3.699867383496886, 50.273352803221194], [-3.7006323649673667, 50.27295179662829], [-3.701363059492834, 50.27316170557503], [-3.7012827336076457, 50.27495727711624]]]}}, {"type": "Feature", "properties": {"type": "postcode-cell", "postcode": "TQ7 2FD", "postcodes": ["TQ7 2FD"]}, "geometry": {"type": "Polygon", "coordinates": [[[-3.6981706668492635, 50.27074800686315], [-3.698100440540794, 50.27045397789512], [-3.698126907375896, 50.2701735413497], [-3.701082113056399, 50.2709127986767], [-3.70053635903476, 50.272853973992376], [-3.6999538876834728, 50.272644061837944], [-3.6981706668492635, 50.27074800686315]]]}}, {"type": "Feature", "properties": {"type": "postcode-cell", "postcode": "TQ7 2HT", "postcodes": ["TQ7 2HT"]}, "geometry": {"type": "Polygon", "coordinates": [[[-3.6999538876834728, 50.272644061837944], [-3.698378414043017, 50.27290314853369], [-3.6980380093004666, 50.272170610428375], [-3.6981706668492635, 50.27074800686315], [-3.6999538876834728, 50.272644061837944]]]}}, {"type": "Feature", "properties": {"type": "postcode-cell", "postcode": "TQ7 2JE", "postcodes": ["TQ7 2JE"]}, "geometry": {"type": "Polygon", "coordinates": [[[-3.701082113056399, 50.2709127986767], [-3.7023495161714863, 50.27097880123406], [-3.7016173106224795, 50.27308779865809], [-3.701363059492834, 50.27316170557503], [-3.7006323649673667, 50.27295179662829], [-3.70053635903476, 50.272853973992376], [-3.701082113056399, 50.2709127986767]]]}}, {"type": "Feature", "properties": {"type": "postcode-cell", "postcode": "TQ7 2LL", "postcodes": ["TQ7 2LL"]}, "geometry": {"type": "Polygon", "coordinates": [[[-3.700898245949418, 50.2640957956886], [-3.693699983822823, 50.26550116891788], [-3.6936869925830784, 50.26550077427594], [-3.6920251192030658, 50.265261537875865], [-3.689890841164439, 50.26487235093829], [-3.689297908148137, 50.26442689916005], [-3.687362706665272, 50.258741983087354], [-3.688519582368473, 50.2574205799793], [-3.695748021831287, 50.25455519382934], [-3.707464920210394, 50.25729986655011], [-3.700898245949418, 50.2640957956886]]]}}, {"type": "Feature", "properties": {"type": "postcode-cell", "postcode": "TQ7 2HZ", "postcodes": ["TQ7 2HZ"]}, "geometry": {"type": "Polygon", "coordinates": [[[-3.699664113626304, 50.27406692822689], [-3.698362728831733, 50.27405862343922], [-3.6982279777940574, 50.273479086165096], [-3.6982499075191373, 50.273329981520604], [-3.698264730275215, 50.27331622968098], [-3.699867383496886, 50.273352803221194], [-3.699664113626304, 50.27406692822689]]]}}, {"type": "Feature", "properties": {"type": "postcode-cell", "postcode": "TQ7 2UB", "postcodes": ["TQ7 2UB"]}, "geometry": {"type": "Polygon", "coordinates": [[[-3.6980380093004666, 50.272170610428375], [-3.6966868402453796, 50.27286229993345], [-3.696419884602817, 50.27269889270978], [-3.6961340737820088, 50.27236796927873], [-3.698100440540794, 50.27045397789512], [-3.6981706668492635, 50.27074800686315], [-3.6980380093004666, 50.272170610428375]]]}}, {"type": "Feature", "properties": {"type": "postcode-cell", "postcode": "TQ7 2HX", "postcodes": ["TQ7 2HX"]}, "geometry": {"type": "Polygon", "coordinates": [[[-3.7006323649673667, 50.27295179662829], [-3.699867383496886, 50.273352803221194], [-3.698264730275215, 50.27331622968098], [-3.698378414043017, 50.27290314853369], [-3.6999538876834728, 50.272644061837944], [-3.70053635903476, 50.272853973992376], [-3.7006323649673667, 50.27295179662829]]]}}, {"type": "Feature", "properties": {"type": "postcode-cell", "postcode": "TQ7 2HS", "postcodes": ["TQ7 2HS"]}, "geometry": {"type": "Polygon", "coordinates": [[[-3.698264730275215, 50.27331622968098], [-3.6982499075191373, 50.273329981520604], [-3.696765565680125, 50.27308156678792], [-3.6966868402453796, 50.27286229993345], [-3.6980380093004666, 50.272170610428375], [-3.698378414043017, 50.27290314853369], [-3.698264730275215, 50.27331622968098]]]}}, {"type": "Feature", "properties": {"type": "postcode-cell", "postcode": "TQ7 2JN", "postcodes": ["TQ7 2JN"]}, "geometry": {"type": "Polygon", "coordinates": [[[-3.698308299193806, 50.274127385302066], [-3.6975322474289447, 50.274532172183754], [-3.696584802584627, 50.2738875250084], [-3.696599038561579, 50.27379589868497], [-3.6982279777940574, 50.273479086165096], [-3.698362728831733, 50.27405862343922], [-3.698308299193806, 50.274127385302066]]]}}, {"type": "Feature", "properties": {"type": "postcode-cell", "postcode": "TQ7 2FH", "postcodes": ["TQ7 2FH"]}, "geometry": {"type": "Polygon", "coordinates": [[[-3.703768629753665, 50.28026112394987], [-3.7037189381225284, 50.280342244703604], [-3.6990088745985736, 50.27892850411695], [-3.697001792448239, 50.27545552782892], [-3.6975322474289447, 50.274532172183754], [-3.698308299193806, 50.274127385302066], [-3.702772117392124, 50.27803428907222], [-3.703768629753665, 50.28026112394987]]]}}, {"type": "Feature", "properties": {"type": "postcode-cell", "postcode": "TQ7 2ET", "postcodes": ["TQ7 2ET"]}, "geometry": {"type": "Polygon", "coordinates": [[[-3.6651917871566604, 50.22898707766375], [-3.6619366754906446, 50.23042534915256], [-3.6571552585942597, 50.2308603086058], [-3.6559999900629983, 50.23035999436093], [-3.6564099900634046, 50.23004999436069], [-3.6553399900631924, 50.22910999436002], [-3.654719990062777, 50.229169994360085], [-3.6540899900631465, 50.22758999435892], [-3.653329990062694, 50.22754999435891], [-3.6530999900626995, 50.227239994358676], [-3.652609990062307, 50.227419994358826], [-3.6529099900625908, 50.22721999435868], [-3.6515899900620554, 50.226629994358255], [-3.651629990062399, 50.22596999435777], [-3.650899990062054, 50.225739994357625], [-3.6508999900620585, 50.22572999435759], [-3.6508199900620104, 50.225729994357614], [-3.6503699900617956, 50.225589994357506], [-3.6508799900621893, 50.225429994357384], [-3.6503999900620805, 50.22503999435709], [-3.649469990061406, 50.225239994357295], [-3.6495499900616775, 50.22477999435693], [-3.64847999006106, 50.22467999435688], [-3.6483199900610046, 50.22458999435682], [-3.6463399900598277, 50.224479994356784], [-3.6466299900601085, 50.22426999435662], [-3.6465699900600765, 50.224259994356636], [-3.646699990060214, 50.22413999435651], [-3.6462899900599544, 50.22414999435655], [-3.6455399900595564, 50.22400999435646], [-3.6453799900595203, 50.22387999435636], [-3.643219990058222, 50.22378999435637], [-3.642639990057975, 50.22354999435619], [-3.6423099900578926, 50.22329999435601], [-3.6422299900578725, 50.22323999435597], [-3.6421599900579427, 50.22299999435578], [-3.641239990057205, 50.22334999435609], [-3.6405899900570065, 50.22291999435577], [-3.6401199900566774, 50.222999994355845], [-3.6402599900568515, 50.22281999435571], [-3.6404699900570825, 50.22260999435555], [-3.640609990057189, 50.2225699943555], [-3.640789990057237, 50.222699994355594], [-3.6415999900578706, 50.22242999435537], [-3.64115999005782, 50.22196999435504], [-3.640659990057481, 50.2220299943551], [-3.6407399900576602, 50.22175999435489], [-3.642019990058662, 50.22132999435453], [-3.641609990058274, 50.22160999435475], [-3.6418799900583587, 50.221779994354875], [-3.6429999900590686, 50.221749994354816], [-3.6433999900591583, 50.22207999435506], [-3.6434099900591645, 50.22207999435506], [-3.6434799900591646, 50.222169994355134], [-3.64463999006002, 50.22188999435489], [-3.644639990060006, 50.22191999435489], [-3.6444999900598463, 50.22206999435503], [-3.6446399900599427, 50.222049994355], [-3.6446299900599204, 50.222079994355006], [-3.6446599900599423, 50.22207999435503], [-3.6449399900601454, 50.22201999435499], [-3.645139990060277, 50.22199999435495], [-3.645489990060361, 50.222279994355155], [-3.64561999006048, 50.222199994355094], [-3.6456299900604865, 50.22219999435509], [-3.645639990060493, 50.222199994355094], [-3.6456899900605415, 50.222159994355074], [-3.6460699900608993, 50.22190999435485], [-3.6463699900609394, 50.22220999435507], [-3.6467999900612953, 50.22202999435494], [-3.6468899900613665, 50.22199999435489], [-3.647469990061652, 50.222159994355025], [-3.647159990061548, 50.22196999435487], [-3.6475899900617725, 50.22205999435492], [-3.647849990062057, 50.22179999435473], [-3.6500499900634105, 50.2218299943547], [-3.6506499900640272, 50.2213299943543], [-3.650519990064278, 50.22063999435377], [-3.651309990064763, 50.22064999435378], [-3.6514199900649538, 50.22039999435358], [-3.651749990065186, 50.220339994353516], [-3.651829990065227, 50.220359994353544], [-3.6519899900655766, 50.219839994353116], [-3.652379990065801, 50.219879994353185], [-3.652469990065847, 50.21989999435319], [-3.6524899900658645, 50.21988999435318], [-3.652839990066062, 50.21992999435318], [-3.653029990066326, 50.21962999435296], [-3.6530899900663774, 50.21959999435293], [-3.6530499900663567, 50.21958999435292], [-3.653119990066454, 50.21947999435283], [-3.6531599900664777, 50.21947999435283], [-3.6531499900664954, 50.21942999435281], [-3.653289990066695, 50.219199994352614], [-3.6540799900671574, 50.219259994352655], [-3.6541299900673763, 50.21886999435235], [-3.6542599900675583, 50.218659994352194], [-3.6550599900681275, 50.21850999435206], [-3.6557599900689244, 50.21775999435145], [-3.6564499900694325, 50.21759999435133], [-3.6562099900691667, 50.217839994351515], [-3.657069990069702, 50.217839994351486], [-3.6569699900694728, 50.21818999435177], [-3.658049990069925, 50.21863999435207], [-3.657629990069438, 50.21910999435244], [-3.6589399900701616, 50.21929999435255], [-3.6587399900699205, 50.21953999435274], [-3.6593699900701133, 50.21994999435302], [-3.659139990069853, 50.22019999435323], [-3.660119990070292, 50.220549994353455], [-3.662459990071632, 50.220789994353545], [-3.6629399900721413, 50.220349994353214], [-3.663279990072313, 50.22043999435329], [-3.6629199900721936, 50.220219994353116], [-3.663339990072594, 50.219929994352896], [-3.663169990072336, 50.22024999435314], [-3.6636499900726722, 50.22016999435308], [-3.663689990072548, 50.2204799943533], [-3.664679990073348, 50.22009999435299], [-3.6650499900734856, 50.220289994353124], [-3.6648299900731858, 50.22062999435339], [-3.6655699900737715, 50.22036999435316], [-3.66523999007341, 50.2206899943534], [-3.665919990073951, 50.220449994353224], [-3.6663499900739813, 50.22093999435357], [-3.667429990074713, 50.22081999435344], [-3.668189990075421, 50.22032999435305], [-3.6683925770502914, 50.22035428410643], [-3.6651917871566604, 50.22898707766375]]]}}, {"type": "Feature", "properties": {"type": "postcode-cell", "postcode": "TQ7 2NB", "postcodes": ["TQ7 2NB"]}, "geometry": {"type": "Polygon", "coordinates": [[[-3.6986201980224056, 50.23006082213476], [-3.697772924455987, 50.23718909772407], [-3.689123657049039, 50.238219857056215], [-3.6870216536160116, 50.23611571253185], [-3.6900891393180615, 50.229366340585024], [-3.6986201980224056, 50.23006082213476]]]}}, {"type": "Feature", "properties": {"type": "postcode-cell", "postcode": "TQ7 2LG", "postcodes": ["TQ7 2LG"]}, "geometry": {"type": "Polygon", "coordinates": [[[-3.698100440540794, 50.27045397789512], [-3.6961340737820088, 50.27236796927873], [-3.695707214609406, 50.272371515886775], [-3.6939074593504553, 50.270139957990395], [-3.6936869925830784, 50.26550077427594], [-3.693699983822823, 50.26550116891788], [-3.698126907375896, 50.2701735413497], [-3.698100440540794, 50.27045397789512]]]}}, {"type": "Feature", "properties": {"type": "postcode-cell", "postcode": "TQ7 2LW", "postcodes": ["TQ7 2LW"]}, "geometry": {"type": "Polygon", "coordinates": [[[-3.694811905786774, 50.246430681142186], [-3.695748021831287, 50.25455519382934], [-3.688519582368473, 50.2574205799793], [-3.6835731287509414, 50.249353236076104], [-3.683793131397914, 50.24852680875317], [-3.6905411198181195, 50.24525417508553], [-3.6943478155275824, 50.246070946287496], [-3.694811905786774, 50.246430681142186]]]}}, {"type": "Feature", "properties": {"type": "postcode-cell", "postcode": "TQ7 2HY", "postcodes": ["TQ7 2HY"]}, "geometry": {"type": "Polygon", "coordinates": [[[-3.697001792448239, 50.27545552782892], [-3.695581319356136, 50.27487848830286], [-3.6961717700306083, 50.27404790391666], [-3.696584802584627, 50.2738875250084], [-3.6975322474289447, 50.274532172183754], [-3.697001792448239, 50.27545552782892]]]}}, {"type": "Feature", "properties": {"type": "postcode-cell", "postcode": "TQ7 2HU", "postcodes": ["TQ7 2HU"]}, "geometry": {"type": "Polygon", "coordinates": [[[-3.6982279777940574, 50.273479086165096], [-3.696599038561579, 50.27379589868497], [-3.696421654900809, 50.27341222857108], [-3.696765565680125, 50.27308156678792], [-3.6982499075191373, 50.273329981520604], [-3.6982279777940574, 50.273479086165096]]]}}, {"type": "Feature", "properties": {"type": "postcode-cell", "postcode": "TQ7 2HL", "postcodes": ["TQ7 2HL"]}, "geometry": {"type": "Polygon", "coordinates": [[[-3.696584802584627, 50.2738875250084], [-3.6961717700306083, 50.27404790391666], [-3.695337463840105, 50.273782483462846], [-3.6955480937640703, 50.27336887376062], [-3.696421654900809, 50.27341222857108], [-3.696599038561579, 50.27379589868497], [-3.696584802584627, 50.2738875250084]]]}}, {"type": "Feature", "properties": {"type": "postcode-cell", "postcode": "TQ7 2LE", "postcodes": ["TQ7 2LE"]}, "geometry": {"type": "Polygon", "coordinates": [[[-3.6966868402453796, 50.27286229993345], [-3.696765565680125, 50.27308156678792], [-3.696421654900809, 50.27341222857108], [-3.6955480937640703, 50.27336887376062], [-3.6954630560128714, 50.27329415549542], [-3.6955448030517815, 50.2730667633694], [-3.696419884602817, 50.27269889270978], [-3.6966868402453796, 50.27286229993345]]]}}, {"type": "Feature", "properties": {"type": "postcode-cell", "postcode": "TQ7 2LX", "postcodes": ["TQ7 2LX"]}, "geometry": {"type": "Polygon", "coordinates": [[[-3.6920251192030658, 50.265261537875865], [-3.6916122168619414, 50.27240982683008], [-3.6912737764742487, 50.27264709557104], [-3.6912640646390726, 50.2726457465907], [-3.6868410787072645, 50.26859795102545], [-3.689890841164439, 50.26487235093829], [-3.6920251192030658, 50.265261537875865]]]}}, {"type": "Feature", "properties": {"type": "postcode-cell", "postcode": "TQ7 2EB", "postcodes": ["TQ7 2EB"]}, "geometry": {"type": "Polygon", "coordinates": [[[-3.6990088745985736, 50.27892850411695], [-3.689966272760371, 50.27801840733363], [-3.6916534478853653, 50.275673769261594], [-3.6946571465472315, 50.274766381179994], [-3.695581319356136, 50.27487848830286], [-3.697001792448239, 50.27545552782892], [-3.6990088745985736, 50.27892850411695]]]}}, {"type": "Feature", "properties": {"type": "postcode-cell", "postcode": "TQ7 2JJ", "postcodes": ["TQ7 2JJ"]}, "geometry": {"type": "Polygon", "coordinates": [[[-3.695581319356136, 50.27487848830286], [-3.6946571465472315, 50.274766381179994], [-3.6947942700626264, 50.27407781247849], [-3.695337463840105, 50.273782483462846], [-3.6961717700306083, 50.27404790391666], [-3.695581319356136, 50.27487848830286]]]}}, {"type": "Feature", "properties": {"type": "postcode-cell", "postcode": "TQ7 2NE", "postcodes": ["TQ7 2NE"]}, "geometry": {"type": "Polygon", "coordinates": [[[-3.6900891393180615, 50.229366340585024], [-3.6870216536160116, 50.23611571253185], [-3.677092070622129, 50.236968714737564], [-3.6771674266078325, 50.230892646891995], [-3.6832790515312706, 50.22676607528174], [-3.6875009156497405, 50.227345862914255], [-3.6900891393180615, 50.229366340585024]]]}}, {"type": "Feature", "properties": {"type": "postcode-cell", "postcode": "TQ7 2NH", "postcodes": ["TQ7 2NH"]}, "geometry": {"type": "Polygon", "coordinates": [[[-3.6875009156497405, 50.227345862914255], [-3.6832790515312706, 50.22676607528174], [-3.673752009072505, 50.22120678371378], [-3.6742799900789436, 50.220889994353314], [-3.6746199900790777, 50.22104999435342], [-3.674259990078808, 50.2211499943535], [-3.675509990079615, 50.22108999435343], [-3.675319990079386, 50.22131999435361], [-3.676259990079982, 50.221299994353565], [-3.6761599900798134, 50.221519994353734], [-3.6795399900818344, 50.22169999435379], [-3.679499990081679, 50.221969994353984], [-3.6809599900823833, 50.222399994354255], [-3.683029990084172, 50.22135999435342], [-3.6830599900843954, 50.220939994353124], [-3.6834899900847096, 50.220839994353035], [-3.684169990085214, 50.22066999435287], [-3.68414999008543, 50.22019999435252], [-3.6850999900863144, 50.219589994352056], [-3.6861799900868863, 50.21979999435217], [-3.6865499900873373, 50.219349994351816], [-3.6870899900876792, 50.21932999435178], [-3.6869599900877943, 50.2189299943515], [-3.6876399900881105, 50.219149994351646], [-3.6885499900887795, 50.218939994351466], [-3.6888799900892613, 50.21836999435101], [-3.6885299900891066, 50.21823999435094], [-3.688989990089429, 50.218159994350856], [-3.68887999008965, 50.217559994350424], [-3.689209990089847, 50.217579994350416], [-3.6887199900896612, 50.217329994350244], [-3.6893199900900293, 50.21733999435023], [-3.6882099900896073, 50.216779994349835], [-3.6889899900901963, 50.21656999434966], [-3.688829990090195, 50.216359994349496], [-3.6890251610595217, 50.2162957046564], [-3.6928458270322038, 50.2201080954503], [-3.6875009156497405, 50.227345862914255]]]}}, {"type": "Feature", "properties": {"type": "postcode-cell", "postcode": "TQ7 2LD", "postcodes": ["TQ7 2LD"]}, "geometry": {"type": "Polygon", "coordinates": [[[-3.696419884602817, 50.27269889270978], [-3.6955448030517815, 50.2730667633694], [-3.695349182144703, 50.2725177049958], [-3.695707214609406, 50.272371515886775], [-3.6961340737820088, 50.27236796927873], [-3.696419884602817, 50.27269889270978]]]}}, {"type": "Feature", "properties": {"type": "postcode-cell", "postcode": "TQ7 2JW", "postcodes": ["TQ7 2JW"]}, "geometry": {"type": "Polygon", "coordinates": [[[-3.6955480937640703, 50.27336887376062], [-3.695337463840105, 50.273782483462846], [-3.6947942700626264, 50.27407781247849], [-3.6944055704861882, 50.27372003317898], [-3.6945558261666394, 50.27341391290299], [-3.6950553967865725, 50.27322591058987], [-3.6954630560128714, 50.27329415549542], [-3.6955480937640703, 50.27336887376062]]]}}, {"type": "Feature", "properties": {"type": "postcode-cell", "postcode": "TQ7 2FB", "postcodes": ["TQ7 2FB"]}, "geometry": {"type": "Polygon", "coordinates": [[[-3.695349182144703, 50.2725177049958], [-3.695227752375123, 50.27252129577969], [-3.6939442364436283, 50.27108656798098], [-3.693890852779419, 50.270273701034], [-3.6939074593504553, 50.270139957990395], [-3.695707214609406, 50.272371515886775], [-3.695349182144703, 50.2725177049958]]]}}, {"type": "Feature", "properties": {"type": "postcode-cell", "postcode": "TQ7 2FA", "postcodes": ["TQ7 2FA"]}, "geometry": {"type": "Polygon", "coordinates": [[[-3.6955448030517815, 50.2730667633694], [-3.6954630560128714, 50.27329415549542], [-3.6950553967865725, 50.27322591058987], [-3.6945226658011685, 50.272695874334964], [-3.695227752375123, 50.27252129577969], [-3.695349182144703, 50.2725177049958], [-3.6955448030517815, 50.2730667633694]]]}}, {"type": "Feature", "properties": {"type": "postcode-cell", "postcode": "TQ7 2LU", "postcodes": ["TQ7 2LU"]}, "geometry": {"type": "Polygon", "coordinates": [[[-3.693890852779419, 50.270273701034], [-3.6923882186701875, 50.27235612746961], [-3.6916122168619414, 50.27240982683008], [-3.6920251192030658, 50.265261537875865], [-3.6936869925830784, 50.26550077427594], [-3.6939074593504553, 50.270139957990395], [-3.693890852779419, 50.270273701034]]]}}, {"type": "Feature", "properties": {"type": "postcode-cell", "postcode": "TQ7 2EZ", "postcodes": ["TQ7 2EZ"]}, "geometry": {"type": "Polygon", "coordinates": [[[-3.695227752375123, 50.27252129577969], [-3.6945226658011685, 50.272695874334964], [-3.69440791608502, 50.27268420966927], [-3.6938716531043716, 50.27196444193609], [-3.6939442364436283, 50.27108656798098], [-3.695227752375123, 50.27252129577969]]]}}, {"type": "Feature", "properties": {"type": "postcode-cell", "postcode": "TQ7 2NA", "postcodes": ["TQ7 2NA"]}, "geometry": {"type": "Polygon", "coordinates": [[[-3.6938716531043716, 50.27196444193609], [-3.692998811351965, 50.27262632877227], [-3.6923882186701875, 50.27235612746961], [-3.693890852779419, 50.270273701034], [-3.6939442364436283, 50.27108656798098], [-3.6938716531043716, 50.27196444193609]]]}}, {"type": "Feature", "properties": {"type": "postcode-cell", "postcode": "TQ7 2JP", "postcodes": ["TQ7 2JP"]}, "geometry": {"type": "Polygon", "coordinates": [[[-3.6944055704861882, 50.27372003317898], [-3.693704044719686, 50.27362398768315], [-3.6938775492085316, 50.27309575163162], [-3.69395547644022, 50.27298799209865], [-3.6945558261666394, 50.27341391290299], [-3.6944055704861882, 50.27372003317898]]]}}, {"type": "Feature", "properties": {"type": "postcode-cell", "postcode": "TQ7 2JF", "postcodes": ["TQ7 2JF"]}, "geometry": {"type": "Polygon", "coordinates": [[[-3.6947942700626264, 50.27407781247849], [-3.6946571465472315, 50.274766381179994], [-3.6916534478853653, 50.275673769261594], [-3.691657341702253, 50.27550055726357], [-3.6932685378600705, 50.27376585305504], [-3.693704044719686, 50.27362398768315], [-3.6944055704861882, 50.27372003317898], [-3.6947942700626264, 50.27407781247849]]]}}, {"type": "Feature", "properties": {"type": "postcode-cell", "postcode": "TQ7 2LB", "postcodes": ["TQ7 2LB"]}, "geometry": {"type": "Polygon", "coordinates": [[[-3.69440791608502, 50.27268420966927], [-3.6939555627389797, 50.272983238371346], [-3.6930469901128467, 50.27276577347086], [-3.6930285902792876, 50.27275297828125], [-3.692998811351965, 50.27262632877227], [-3.6938716531043716, 50.27196444193609], [-3.69440791608502, 50.27268420966927]]]}}, {"type": "Feature", "properties": {"type": "postcode-cell", "postcode": "TQ7 2LF", "postcodes": ["TQ7 2LF"]}, "geometry": {"type": "Polygon", "coordinates": [[[-3.6950553967865725, 50.27322591058987], [-3.6945558261666394, 50.27341391290299], [-3.69395547644022, 50.27298799209865], [-3.6939555627389797, 50.272983238371346], [-3.69440791608502, 50.27268420966927], [-3.6945226658011685, 50.272695874334964], [-3.6950553967865725, 50.27322591058987]]]}}, {"type": "Feature", "properties": {"type": "postcode-cell", "postcode": "TQ7 2LA", "postcodes": ["TQ7 2LA"]}, "geometry": {"type": "Polygon", "coordinates": [[[-3.69395547644022, 50.27298799209865], [-3.6938775492085316, 50.27309575163162], [-3.693046990081749, 50.27330807049357], [-3.6930469901128467, 50.27276577347086], [-3.6939555627389797, 50.272983238371346], [-3.69395547644022, 50.27298799209865]]]}}, {"type": "Feature", "properties": {"type": "postcode-cell", "postcode": "TQ7 2JR", "postcodes": ["TQ7 2JR"]}, "geometry": {"type": "Polygon", "coordinates": [[[-3.6932685378600705, 50.27376585305504], [-3.693032584000166, 50.27333674552314], [-3.693046990081749, 50.27330807049357], [-3.6938775492085316, 50.27309575163162], [-3.693704044719686, 50.27362398768315], [-3.6932685378600705, 50.27376585305504]]]}}, {"type": "Feature", "properties": {"type": "postcode-cell", "postcode": "TQ7 2FE", "postcodes": ["TQ7 2FE"]}, "geometry": {"type": "Polygon", "coordinates": [[[-3.691657341702253, 50.27550055726357], [-3.6914114540645078, 50.27477354480356], [-3.692199468287594, 50.273510308834595], [-3.6926897330075357, 50.27330421462571], [-3.693032584000166, 50.27333674552314], [-3.6932685378600705, 50.27376585305504], [-3.691657341702253, 50.27550055726357]]]}}, {"type": "Feature", "properties": {"type": "postcode-cell", "postcode": "TQ7 2JT", "postcodes": ["TQ7 2JT"]}, "geometry": {"type": "Polygon", "coordinates": [[[-3.6914114540645078, 50.27477354480356], [-3.6912695241479034, 50.274549642711264], [-3.6911576890829343, 50.27416732905179], [-3.6913276384618934, 50.27272734595251], [-3.6921616565039455, 50.27301058789199], [-3.692199468287594, 50.273510308834595], [-3.6914114540645078, 50.27477354480356]]]}}, {"type": "Feature", "properties": {"type": "postcode-cell", "postcode": "TQ7 2JZ", "postcodes": ["TQ7 2JZ"]}, "geometry": {"type": "Polygon", "coordinates": [[[-3.693032584000166, 50.27333674552314], [-3.6926897330075357, 50.27330421462571], [-3.6924186811066693, 50.27298967711424], [-3.6930285902792876, 50.27275297828125], [-3.6930469901128467, 50.27276577347086], [-3.693046990081749, 50.27330807049357], [-3.693032584000166, 50.27333674552314]]]}}, {"type": "Feature", "properties": {"type": "postcode-cell", "postcode": "TQ7 2JS", "postcodes": ["TQ7 2JS"]}, "geometry": {"type": "Polygon", "coordinates": [[[-3.6926897330075357, 50.27330421462571], [-3.692199468287594, 50.273510308834595], [-3.6921616565039455, 50.27301058789199], [-3.6924186811066693, 50.27298967711424], [-3.6926897330075357, 50.27330421462571]]]}}, {"type": "Feature", "properties": {"type": "postcode-cell", "postcode": "TQ7 2LS", "postcodes": ["TQ7 2LS"]}, "geometry": {"type": "Polygon", "coordinates": [[[-3.692998811351965, 50.27262632877227], [-3.6930285902792876, 50.27275297828125], [-3.6924186811066693, 50.27298967711424], [-3.6921616565039455, 50.27301058789199], [-3.6913276384618934, 50.27272734595251], [-3.6912737764742487, 50.27264709557104], [-3.6916122168619414, 50.27240982683008], [-3.6923882186701875, 50.27235612746961], [-3.692998811351965, 50.27262632877227]]]}}, {"type": "Feature", "properties": {"type": "postcode-cell", "postcode": "TQ7 2JU", "postcodes": ["TQ7 2JU"]}, "geometry": {"type": "Polygon", "coordinates": [[[-3.6916534478853653, 50.275673769261594], [-3.689966272760371, 50.27801840733363], [-3.6892839219865556, 50.27818383587274], [-3.686446186146084, 50.27867100524732], [-3.6853874742861437, 50.27824663213551], [-3.685327281287102, 50.27711545554871], [-3.6867944211835733, 50.27238143865736], [-3.687480165938048, 50.27254100415377], [-3.6912695241479034, 50.274549642711264], [-3.6914114540645078, 50.27477354480356], [-3.691657341702253, 50.27550055726357], [-3.6916534478853653, 50.275673769261594]]]}}, {"type": "Feature", "properties": {"type": "postcode-cell", "postcode": "TQ7 2JY", "postcodes": ["TQ7 2JY"]}, "geometry": {"type": "Polygon", "coordinates": [[[-3.6912695241479034, 50.274549642711264], [-3.687480165938048, 50.27254100415377], [-3.689739073056124, 50.27283915821037], [-3.6911576890829343, 50.27416732905179], [-3.6912695241479034, 50.274549642711264]]]}}, {"type": "Feature", "properties": {"type": "postcode-cell", "postcode": "TQ7 2HR", "postcodes": ["TQ7 2HR"]}, "geometry": {"type": "Polygon", "coordinates": [[[-3.687702368358533, 50.288258544738156], [-3.686446186146084, 50.27867100524732], [-3.6892839219865556, 50.27818383587274], [-3.6993235393858983, 50.286758512769296], [-3.6998199900628723, 50.287619994403066], [-3.700587669480185, 50.28783790172625], [-3.701921521470641, 50.28897675440741], [-3.7018699900634173, 50.289169994404205], [-3.7014699900634396, 50.28859999440379], [-3.6973899900607354, 50.288899994404126], [-3.696319990059805, 50.28943999440454], [-3.6946799900588356, 50.28931999440451], [-3.6920599900569746, 50.28976999440491], [-3.690082579603154, 50.29047536903599], [-3.687702368358533, 50.288258544738156]]]}}, {"type": "Feature", "properties": {"type": "postcode-cell", "postcode": "TQ7 2SN", "postcodes": ["TQ7 2SN"]}, "geometry": {"type": "Polygon", "coordinates": [[[-3.68246955020507, 50.27394972895178], [-3.682148219286711, 50.270624888625285], [-3.685923840016644, 50.26956307693311], [-3.6867944211835733, 50.27238143865736], [-3.685327281287102, 50.27711545554871], [-3.68246955020507, 50.27394972895178]]]}}, {"type": "Feature", "properties": {"type": "postcode-cell", "postcode": "TQ7 2SJ", "postcodes": ["TQ7 2SJ"]}, "geometry": {"type": "Polygon", "coordinates": [[[-3.685327281287102, 50.27711545554871], [-3.6853874742861437, 50.27824663213551], [-3.6822321022090603, 50.27827274143288], [-3.679695074994736, 50.2749957911372], [-3.6798298986152607, 50.27380927725195], [-3.68031085107737, 50.27350384132289], [-3.68246955020507, 50.27394972895178], [-3.685327281287102, 50.27711545554871]]]}}, {"type": "Feature", "properties": {"type": "postcode-cell", "postcode": "TQ7 2JX", "postcodes": ["TQ7 2JX"]}, "geometry": {"type": "Polygon", "coordinates": [[[-3.6911576890829343, 50.27416732905179], [-3.689739073056124, 50.27283915821037], [-3.6912640646390726, 50.2726457465907], [-3.6912737764742487, 50.27264709557104], [-3.6913276384618934, 50.27272734595251], [-3.6911576890829343, 50.27416732905179]]]}}, {"type": "Feature", "properties": {"type": "postcode-cell", "postcode": "TQ7 2LT", "postcodes": ["TQ7 2LT"]}, "geometry": {"type": "Polygon", "coordinates": [[[-3.6868410787072645, 50.26859795102545], [-3.6912640646390726, 50.2726457465907], [-3.689739073056124, 50.27283915821037], [-3.687480165938048, 50.27254100415377], [-3.6867944211835733, 50.27238143865736], [-3.685923840016644, 50.26956307693311], [-3.6868410787072645, 50.26859795102545]]]}}, {"type": "Feature", "properties": {"type": "postcode-cell", "postcode": "TQ7 2SP", "postcodes": ["TQ7 2SP"]}, "geometry": {"type": "Polygon", "coordinates": [[[-3.685923840016644, 50.26956307693311], [-3.682148219286711, 50.270624888625285], [-3.680733183186414, 50.27076742366274], [-3.6778763856603875, 50.27058662842791], [-3.677437396920203, 50.270394107355685], [-3.6765392131424774, 50.26896584676478], [-3.677766394831005, 50.265870355123305], [-3.681284406579322, 50.26489218651087], [-3.689297908148137, 50.26442689916005], [-3.689890841164439, 50.26487235093829], [-3.6868410787072645, 50.26859795102545], [-3.685923840016644, 50.26956307693311]]]}}, {"type": "Feature", "properties": {"type": "postcode-cell", "postcode": "TQ7 2ER", "postcodes": ["TQ7 2ER"]}, "geometry": {"type": "Polygon", "coordinates": [[[-3.6905411198181195, 50.24525417508553], [-3.683793131397914, 50.24852680875317], [-3.673567257503116, 50.246077418078805], [-3.6777319504219137, 50.241175410656815], [-3.6899921264204303, 50.24444451134389], [-3.6905411198181195, 50.24525417508553]]]}}, {"type": "Feature", "properties": {"type": "postcode-cell", "postcode": "TQ7 2ES", "postcodes": ["TQ7 2ES"]}, "geometry": {"type": "Polygon", "coordinates": [[[-3.6899921264204303, 50.24444451134389], [-3.6777319504219137, 50.241175410656815], [-3.6767832293168095, 50.23712554372294], [-3.677092070622129, 50.236968714737564], [-3.6870216536160116, 50.23611571253185], [-3.689123657049039, 50.238219857056215], [-3.6899921264204303, 50.24444451134389]]]}}, {"type": "Feature", "properties": {"type": "postcode-cell", "postcode": "TQ7 2LP", "postcodes": ["TQ7 2LP"]}, "geometry": {"type": "Polygon", "coordinates": [[[-3.688519582368473, 50.2574205799793], [-3.687362706665272, 50.258741983087354], [-3.6813098074446247, 50.257893577695285], [-3.677503157255169, 50.25326657702448], [-3.6835731287509414, 50.249353236076104], [-3.688519582368473, 50.2574205799793]]]}}, {"type": "Feature", "properties": {"type": "postcode-cell", "postcode": "TQ7 2EP", "postcodes": ["TQ7 2EP"]}, "geometry": {"type": "Polygon", "coordinates": [[[-3.6835731287509414, 50.249353236076104], [-3.677503157255169, 50.25326657702448], [-3.6762533862083075, 50.253203711917486], [-3.668346573143908, 50.24983377623042], [-3.6669312328660304, 50.248791773799276], [-3.6668856875340503, 50.247233354533215], [-3.673567257503116, 50.246077418078805], [-3.683793131397914, 50.24852680875317], [-3.6835731287509414, 50.249353236076104]]]}}, {"type": "Feature", "properties": {"type": "postcode-cell", "postcode": "TQ7 2NQ", "postcodes": ["TQ7 2NQ"]}, "geometry": {"type": "Polygon", "coordinates": [[[-3.6832790515312706, 50.22676607528174], [-3.6771674266078325, 50.230892646891995], [-3.6675070539793593, 50.230109750102834], [-3.6651917871566604, 50.22898707766375], [-3.6683925770502914, 50.22035428410643], [-3.671609990077353, 50.22073999435327], [-3.671539990077214, 50.22093999435344], [-3.6724999900776796, 50.2212099943536], [-3.67362999007835, 50.22127999435363], [-3.673752009072505, 50.22120678371378], [-3.6832790515312706, 50.22676607528174]]]}}, {"type": "Feature", "properties": {"type": "postcode-cell", "postcode": "TQ7 2JQ", "postcodes": ["TQ7 2JQ"]}, "geometry": {"type": "Polygon", "coordinates": [[[-3.686446186146084, 50.27867100524732], [-3.687702368358533, 50.288258544738156], [-3.6740768841178606, 50.28436422833448], [-3.675193942207915, 50.280338536596766], [-3.6807463064748456, 50.278538747235054], [-3.6822321022090603, 50.27827274143288], [-3.6853874742861437, 50.27824663213551], [-3.686446186146084, 50.27867100524732]]]}}, {"type": "Feature", "properties": {"type": "postcode-cell", "postcode": "TQ7 2SL", "postcodes": ["TQ7 2SL"]}, "geometry": {"type": "Polygon", "coordinates": [[[-3.68246955020507, 50.27394972895178], [-3.68031085107737, 50.27350384132289], [-3.680733183186414, 50.27076742366274], [-3.682148219286711, 50.270624888625285], [-3.68246955020507, 50.27394972895178]]]}}, {"type": "Feature", "properties": {"type": "postcode-cell", "postcode": "TQ7 2LR", "postcodes": ["TQ7 2LR"]}, "geometry": {"type": "Polygon", "coordinates": [[[-3.689297908148137, 50.26442689916005], [-3.681284406579322, 50.26489218651087], [-3.6741326835861576, 50.25960597496164], [-3.6813098074446247, 50.257893577695285], [-3.687362706665272, 50.258741983087354], [-3.689297908148137, 50.26442689916005]]]}}, {"type": "Feature", "properties": {"type": "postcode-cell", "postcode": "TQ7 2NF", "postcodes": ["TQ7 2NF"]}, "geometry": {"type": "Polygon", "coordinates": [[[-3.677092070622129, 50.236968714737564], [-3.6767832293168095, 50.23712554372294], [-3.6724631982951323, 50.23700800096959], [-3.672434720144938, 50.236994334262796], [-3.6675070539793593, 50.230109750102834], [-3.6771674266078325, 50.230892646891995], [-3.677092070622129, 50.236968714737564]]]}}, {"type": "Feature", "properties": {"type": "postcode-cell", "postcode": "TQ7 2SW", "postcodes": ["TQ7 2SW"]}, "geometry": {"type": "Polygon", "coordinates": [[[-3.6798298986152607, 50.27380927725195], [-3.678303762519111, 50.27332316468371], [-3.6776108599005464, 50.271820098179795], [-3.6778763856603875, 50.27058662842791], [-3.680733183186414, 50.27076742366274], [-3.68031085107737, 50.27350384132289], [-3.6798298986152607, 50.27380927725195]]]}}, {"type": "Feature", "properties": {"type": "postcode-cell", "postcode": "TQ7 2JH", "postcodes": ["TQ7 2JH"]}, "geometry": {"type": "Polygon", "coordinates": [[[-3.6740768841178606, 50.28436422833448], [-3.687702368358533, 50.288258544738156], [-3.690082579603154, 50.29047536903599], [-3.6887799900543583, 50.29093999440587], [-3.6866499900531022, 50.2907799944058], [-3.683569990051775, 50.289519994404934], [-3.6797299900491405, 50.28999999440539], [-3.6772899900471, 50.29106999440626], [-3.6749399900457766, 50.29075999440609], [-3.674349990045317, 50.29094999440626], [-3.668539990042569, 50.289099994404985], [-3.665819990041002, 50.28881999440484], [-3.66503999004076, 50.288309994404514], [-3.6643699900401714, 50.288659994404775], [-3.663913614751553, 50.2885770190576], [-3.6740768841178606, 50.28436422833448]]]}}, {"type": "Feature", "properties": {"type": "postcode-cell", "postcode": "TQ7 2TB", "postcodes": ["TQ7 2TB"]}, "geometry": {"type": "Polygon", "coordinates": [[[-3.676372473306661, 50.275293161193474], [-3.676383711872297, 50.27463771900058], [-3.677398620257367, 50.27409657714998], [-3.67768371484512, 50.27411786597871], [-3.6779762976395087, 50.274439083096], [-3.6767204402176907, 50.27539565698118], [-3.676372473306661, 50.275293161193474]]]}}, {"type": "Feature", "properties": {"type": "postcode-cell", "postcode": "TQ7 2TA", "postcodes": ["TQ7 2TA"]}, "geometry": {"type": "Polygon", "coordinates": [[[-3.6767204402176907, 50.27539565698118], [-3.6807463064748456, 50.278538747235054], [-3.675193942207915, 50.280338536596766], [-3.672120673904044, 50.27844852288153], [-3.675023351064567, 50.275394501633194], [-3.676372473306661, 50.275293161193474], [-3.6767204402176907, 50.27539565698118]]]}}, {"type": "Feature", "properties": {"type": "postcode-cell", "postcode": "TQ7 2FF", "postcodes": ["TQ7 2FF"]}, "geometry": {"type": "Polygon", "coordinates": [[[-3.6813098074446247, 50.257893577695285], [-3.6741326835861576, 50.25960597496164], [-3.6738094543902005, 50.25962020727309], [-3.6730833161191305, 50.25614884510329], [-3.6762533862083075, 50.253203711917486], [-3.677503157255169, 50.25326657702448], [-3.6813098074446247, 50.257893577695285]]]}}, {"type": "Feature", "properties": {"type": "postcode-cell", "postcode": "TQ7 2SU", "postcodes": ["TQ7 2SU"]}, "geometry": {"type": "Polygon", "coordinates": [[[-3.67768371484512, 50.27411786597871], [-3.677398620257367, 50.27409657714998], [-3.675934037133842, 50.27350010859695], [-3.6776108599005464, 50.271820098179795], [-3.678303762519111, 50.27332316468371], [-3.67768371484512, 50.27411786597871]]]}}, {"type": "Feature", "properties": {"type": "postcode-cell", "postcode": "TQ7 2SH", "postcodes": ["TQ7 2SH"]}, "geometry": {"type": "Polygon", "coordinates": [[[-3.678303762519111, 50.27332316468371], [-3.6798298986152607, 50.27380927725195], [-3.679695074994736, 50.2749957911372], [-3.6779762976395087, 50.274439083096], [-3.67768371484512, 50.27411786597871], [-3.678303762519111, 50.27332316468371]]]}}, {"type": "Feature", "properties": {"type": "postcode-cell", "postcode": "TQ7 2ST", "postcodes": ["TQ7 2ST"]}, "geometry": {"type": "Polygon", "coordinates": [[[-3.6776108599005464, 50.271820098179795], [-3.675934037133842, 50.27350010859695], [-3.6755626983561407, 50.273620077997904], [-3.6707097382675884, 50.27258533399279], [-3.677437396920203, 50.270394107355685], [-3.6778763856603875, 50.27058662842791], [-3.6776108599005464, 50.271820098179795]]]}}, {"type": "Feature", "properties": {"type": "postcode-cell", "postcode": "TQ7 2SQ", "postcodes": ["TQ7 2SQ"]}, "geometry": {"type": "Polygon", "coordinates": [[[-3.6822321022090603, 50.27827274143288], [-3.6807463064748456, 50.278538747235054], [-3.6767204402176907, 50.27539565698118], [-3.6779762976395087, 50.274439083096], [-3.679695074994736, 50.2749957911372], [-3.6822321022090603, 50.27827274143288]]]}}, {"type": "Feature", "properties": {"type": "postcode-cell", "postcode": "TQ7 2EW", "postcodes": ["TQ7 2EW"]}, "geometry": {"type": "Polygon", "coordinates": [[[-3.673567257503116, 50.246077418078805], [-3.6668856875340503, 50.247233354533215], [-3.664083006381325, 50.245368207850326], [-3.6724631982951323, 50.23700800096959], [-3.6767832293168095, 50.23712554372294], [-3.6777319504219137, 50.241175410656815], [-3.673567257503116, 50.246077418078805]]]}}, {"type": "Feature", "properties": {"type": "postcode-cell", "postcode": "TQ7 2EG", "postcodes": ["TQ7 2EG"]}, "geometry": {"type": "Polygon", "coordinates": [[[-3.677766394831005, 50.265870355123305], [-3.672557593634279, 50.26446856058508], [-3.6720422720781403, 50.260300830491545], [-3.6738094543902005, 50.25962020727309], [-3.6741326835861576, 50.25960597496164], [-3.681284406579322, 50.26489218651087], [-3.677766394831005, 50.265870355123305]]]}}, {"type": "Feature", "properties": {"type": "postcode-cell", "postcode": "TQ7 2SX", "postcodes": ["TQ7 2SX"]}, "geometry": {"type": "Polygon", "coordinates": [[[-3.677398620257367, 50.27409657714998], [-3.676383711872297, 50.27463771900058], [-3.675559366799962, 50.27394898943777], [-3.6755626983561407, 50.273620077997904], [-3.675934037133842, 50.27350010859695], [-3.677398620257367, 50.27409657714998]]]}}, {"type": "Feature", "properties": {"type": "postcode-cell", "postcode": "TQ7 2SY", "postcodes": ["TQ7 2SY"]}, "geometry": {"type": "Polygon", "coordinates": [[[-3.676372473306661, 50.275293161193474], [-3.675023351064567, 50.275394501633194], [-3.674746781268232, 50.27493816968869], [-3.675559366799962, 50.27394898943777], [-3.676383711872297, 50.27463771900058], [-3.676372473306661, 50.275293161193474]]]}}, {"type": "Feature", "properties": {"type": "postcode-cell", "postcode": "TQ7 2SS", "postcodes": ["TQ7 2SS"]}, "geometry": {"type": "Polygon", "coordinates": [[[-3.677437396920203, 50.270394107355685], [-3.6707097382675884, 50.27258533399279], [-3.669519929613055, 50.27274615842572], [-3.669170451562991, 50.2727587493029], [-3.667168478220327, 50.27063445205426], [-3.6690599593796933, 50.26824102502988], [-3.6765392131424774, 50.26896584676478], [-3.677437396920203, 50.270394107355685]]]}}, {"type": "Feature", "properties": {"type": "postcode-cell", "postcode": "TQ7 2SG", "postcodes": ["TQ7 2SG"]}, "geometry": {"type": "Polygon", "coordinates": [[[-3.6678449376139524, 50.27691901421574], [-3.672120673904044, 50.27844852288153], [-3.675193942207915, 50.280338536596766], [-3.6740768841178606, 50.28436422833448], [-3.663913614751553, 50.2885770190576], [-3.6630499900394646, 50.28841999440462], [-3.6622499900393364, 50.28763999440405], [-3.6607299900384924, 50.287419994403926], [-3.6596399900383783, 50.28623999440307], [-3.6574599900372964, 50.28565999440267], [-3.656659990037034, 50.2851599944023], [-3.655799990036522, 50.28510999440229], [-3.6554199900365782, 50.28449999440185], [-3.646369990031637, 50.283029994400984], [-3.6463962420031284, 50.28295796267759], [-3.6678449376139524, 50.27691901421574]]]}}, {"type": "Feature", "properties": {"type": "postcode-cell", "postcode": "TQ7 2TQ", "postcodes": ["TQ7 2TQ"]}, "geometry": {"type": "Polygon", "coordinates": [[[-3.652925829963372, 50.26672912989657], [-3.6542241649105422, 50.26744357094884], [-3.6540427975536556, 50.268010744934365], [-3.652482512261758, 50.27011041113191], [-3.6506519234218913, 50.27127810407113], [-3.6520899900427586, 50.267329994388945], [-3.6521157274390155, 50.266603864805674], [-3.652925829963372, 50.26672912989657]]]}}, {"type": "Feature", "properties": {"type": "postcode-cell", "postcode": "TQ7 2SF", "postcodes": ["TQ7 2SF"]}, "geometry": {"type": "Polygon", "coordinates": [[[-3.675023351064567, 50.275394501633194], [-3.672120673904044, 50.27844852288153], [-3.6678449376139524, 50.27691901421574], [-3.669170451562991, 50.2727587493029], [-3.669519929613055, 50.27274615842572], [-3.674746781268232, 50.27493816968869], [-3.675023351064567, 50.275394501633194]]]}}, {"type": "Feature", "properties": {"type": "postcode-cell", "postcode": "TQ7 2SZ", "postcodes": ["TQ7 2SZ"]}, "geometry": {"type": "Polygon", "coordinates": [[[-3.674746781268232, 50.27493816968869], [-3.669519929613055, 50.27274615842572], [-3.6707097382675884, 50.27258533399279], [-3.6755626983561407, 50.273620077997904], [-3.675559366799962, 50.27394898943777], [-3.674746781268232, 50.27493816968869]]]}}, {"type": "Feature", "properties": {"type": "postcode-cell", "postcode": "TQ7 2SR", "postcodes": ["TQ7 2SR"]}, "geometry": {"type": "Polygon", "coordinates": [[[-3.6765392131424774, 50.26896584676478], [-3.6690599593796933, 50.26824102502988], [-3.6691030713415174, 50.266621301848154], [-3.672557593634279, 50.26446856058508], [-3.677766394831005, 50.265870355123305], [-3.6765392131424774, 50.26896584676478]]]}}, {"type": "Feature", "properties": {"type": "postcode-cell", "postcode": "TQ7 2HN", "postcodes": ["TQ7 2HN"]}, "geometry": {"type": "Polygon", "coordinates": [[[-3.6738094543902005, 50.25962020727309], [-3.6720422720781403, 50.260300830491545], [-3.6639518964745377, 50.25931979441193], [-3.6678979416869337, 50.25667416732372], [-3.6709605234847476, 50.255215991099305], [-3.6730833161191305, 50.25614884510329], [-3.6738094543902005, 50.25962020727309]]]}}, {"type": "Feature", "properties": {"type": "postcode-cell", "postcode": "TQ7 2NG", "postcodes": ["TQ7 2NG"]}, "geometry": {"type": "Polygon", "coordinates": [[[-3.672434720144938, 50.236994334262796], [-3.664306237369776, 50.236503349645766], [-3.6635679345905974, 50.235960228849756], [-3.6619366754906446, 50.23042534915256], [-3.6651917871566604, 50.22898707766375], [-3.6675070539793593, 50.230109750102834], [-3.672434720144938, 50.236994334262796]]]}}, {"type": "Feature", "properties": {"type": "postcode-cell", "postcode": "TQ7 2ED", "postcodes": ["TQ7 2ED"]}, "geometry": {"type": "Polygon", "coordinates": [[[-3.6762533862083075, 50.253203711917486], [-3.6730833161191305, 50.25614884510329], [-3.6709605234847476, 50.255215991099305], [-3.6696563218211873, 50.25307840216436], [-3.668346573143908, 50.24983377623042], [-3.6762533862083075, 50.253203711917486]]]}}, {"type": "Feature", "properties": {"type": "postcode-cell", "postcode": "TQ7 2HP", "postcodes": ["TQ7 2HP"]}, "geometry": {"type": "Polygon", "coordinates": [[[-3.668346573143908, 50.24983377623042], [-3.6696563218211873, 50.25307840216436], [-3.6678979416869337, 50.25667416732372], [-3.6639518964745377, 50.25931979441193], [-3.662423982814467, 50.25931861062739], [-3.6628417042063712, 50.2543408585712], [-3.6645644548973695, 50.25117593786474], [-3.6669312328660304, 50.248791773799276], [-3.668346573143908, 50.24983377623042]]]}}, {"type": "Feature", "properties": {"type": "postcode-cell", "postcode": "TQ7 2EE", "postcodes": ["TQ7 2EE"]}, "geometry": {"type": "Polygon", "coordinates": [[[-3.6690599593796933, 50.26824102502988], [-3.667168478220327, 50.27063445205426], [-3.662334428883841, 50.27042242230371], [-3.6610924144093877, 50.269183608724916], [-3.659825758276355, 50.26468295065768], [-3.660514095891624, 50.262808713162535], [-3.6691030713415174, 50.266621301848154], [-3.6690599593796933, 50.26824102502988]]]}}, {"type": "Feature", "properties": {"type": "postcode-cell", "postcode": "TQ7 2EF", "postcodes": ["TQ7 2EF"]}, "geometry": {"type": "Polygon", "coordinates": [[[-3.6720422720781403, 50.260300830491545], [-3.672557593634279, 50.26446856058508], [-3.6691030713415174, 50.266621301848154], [-3.660514095891624, 50.262808713162535], [-3.659742779621893, 50.26067755542717], [-3.662423982814467, 50.25931861062739], [-3.6639518964745377, 50.25931979441193], [-3.6720422720781403, 50.260300830491545]]]}}, {"type": "Feature", "properties": {"type": "postcode-cell", "postcode": "TQ7 2HW", "postcodes": ["TQ7 2HW"]}, "geometry": {"type": "Polygon", "coordinates": [[[-3.6709605234847476, 50.255215991099305], [-3.6678979416869337, 50.25667416732372], [-3.6696563218211873, 50.25307840216436], [-3.6709605234847476, 50.255215991099305]]]}}, {"type": "Feature", "properties": {"type": "postcode-cell", "postcode": "TQ7 2EU", "postcodes": ["TQ7 2EU"]}, "geometry": {"type": "Polygon", "coordinates": [[[-3.6724631982951323, 50.23700800096959], [-3.664083006381325, 50.245368207850326], [-3.6612838605148, 50.24452487243303], [-3.664306237369776, 50.236503349645766], [-3.672434720144938, 50.236994334262796], [-3.6724631982951323, 50.23700800096959]]]}}, {"type": "Feature", "properties": {"type": "postcode-cell", "postcode": "TQ7 2EH", "postcodes": ["TQ7 2EH"]}, "geometry": {"type": "Polygon", "coordinates": [[[-3.6645644548973695, 50.25117593786474], [-3.6628417042063712, 50.2543408585712], [-3.656366752372139, 50.25362516083414], [-3.656489539372968, 50.25304120388867], [-3.6617689308439294, 50.251409682510975], [-3.6645644548973695, 50.25117593786474]]]}}, {"type": "Feature", "properties": {"type": "postcode-cell", "postcode": "TQ7 2EN", "postcodes": ["TQ7 2EN"]}, "geometry": {"type": "Polygon", "coordinates": [[[-3.6612838605148, 50.24452487243303], [-3.664083006381325, 50.245368207850326], [-3.6668856875340503, 50.247233354533215], [-3.6669312328660304, 50.248791773799276], [-3.6645644548973695, 50.25117593786474], [-3.6617689308439294, 50.251409682510975], [-3.656783856270746, 50.251641420430005], [-3.6575199900553823, 50.248139994374334], [-3.6578299900563067, 50.246619994373155], [-3.6575299900570957, 50.24458999437162], [-3.6580199900575177, 50.24434999437143], [-3.6581037235824647, 50.24416313218167], [-3.6612838605148, 50.24452487243303]]]}}, {"type": "Feature", "properties": {"type": "postcode-cell", "postcode": "TQ7 2SE", "postcodes": ["TQ7 2SE"]}, "geometry": {"type": "Polygon", "coordinates": [[[-3.669170451562991, 50.2727587493029], [-3.6678449376139524, 50.27691901421574], [-3.6463962420031284, 50.28295796267759], [-3.6466103188244348, 50.282370557849504], [-3.662334428883841, 50.27042242230371], [-3.667168478220327, 50.27063445205426], [-3.669170451562991, 50.2727587493029]]]}}, {"type": "Feature", "properties": {"type": "postcode-cell", "postcode": "TQ7 2EJ", "postcodes": ["TQ7 2EJ"]}, "geometry": {"type": "Polygon", "coordinates": [[[-3.662423982814467, 50.25931861062739], [-3.659742779621893, 50.26067755542717], [-3.654099920908476, 50.25998502307557], [-3.6563299900519133, 50.25379999437859], [-3.656366752372139, 50.25362516083414], [-3.6628417042063712, 50.2543408585712], [-3.662423982814467, 50.25931861062739]]]}}, {"type": "Feature", "properties": {"type": "postcode-cell", "postcode": "TQ7 2TL", "postcodes": ["TQ7 2TL"]}, "geometry": {"type": "Polygon", "coordinates": [[[-3.6466103188244348, 50.282370557849504], [-3.6506519234218913, 50.27127810407113], [-3.652482512261758, 50.27011041113191], [-3.6573411337588357, 50.26911909094303], [-3.6610924144093877, 50.269183608724916], [-3.662334428883841, 50.27042242230371], [-3.6466103188244348, 50.282370557849504]]]}}, {"type": "Feature", "properties": {"type": "postcode-cell", "postcode": "TQ7 2EY", "postcodes": ["TQ7 2EY"]}, "geometry": {"type": "Polygon", "coordinates": [[[-3.6635679345905974, 50.235960228849756], [-3.6588814952221163, 50.236992197421586], [-3.6589299900625254, 50.235129994364456], [-3.658259990062691, 50.23391999436357], [-3.6585499900630154, 50.233619994363316], [-3.657689990063012, 50.232519994362534], [-3.6575299900630607, 50.23220999436229], [-3.6572699900635257, 50.23090999436133], [-3.6571552585942597, 50.2308603086058], [-3.6619366754906446, 50.23042534915256], [-3.6635679345905974, 50.235960228849756]]]}}, {"type": "Feature", "properties": {"type": "postcode-cell", "postcode": "TQ7 2EX", "postcodes": ["TQ7 2EX"]}, "geometry": {"type": "Polygon", "coordinates": [[[-3.664306237369776, 50.236503349645766], [-3.6612838605148, 50.24452487243303], [-3.6581037235824647, 50.24416313218167], [-3.6588399900589086, 50.242519994370035], [-3.6595199900613955, 50.2382399943668], [-3.6588799900615685, 50.23704999436592], [-3.6588814952221163, 50.236992197421586], [-3.6635679345905974, 50.235960228849756], [-3.664306237369776, 50.236503349645766]]]}}, {"type": "Feature", "properties": {"type": "postcode-cell", "postcode": "TQ7 2TN", "postcodes": ["TQ7 2TN"]}, "geometry": {"type": "Polygon", "coordinates": [[[-3.659825758276355, 50.26468295065768], [-3.6610924144093877, 50.269183608724916], [-3.6573411337588357, 50.26911909094303], [-3.656398959166175, 50.26808451159946], [-3.6580562940904033, 50.26557016831797], [-3.659825758276355, 50.26468295065768]]]}}, {"type": "Feature", "properties": {"type": "postcode-cell", "postcode": "TQ7 2TH", "postcodes": ["TQ7 2TH"]}, "geometry": {"type": "Polygon", "coordinates": [[[-3.6580562940904033, 50.26557016831797], [-3.6557156782037286, 50.26645573613785], [-3.6534300884762536, 50.26583408111898], [-3.6521960306963304, 50.26433817312201], [-3.652229990044747, 50.26337999438596], [-3.6535499900464687, 50.26150999438451], [-3.654099920908476, 50.25998502307557], [-3.659742779621893, 50.26067755542717], [-3.660514095891624, 50.262808713162535], [-3.659825758276355, 50.26468295065768], [-3.6580562940904033, 50.26557016831797]]]}}, {"type": "Feature", "properties": {"type": "postcode-cell", "postcode": "TQ7 2EL", "postcodes": ["TQ7 2EL"]}, "geometry": {"type": "Polygon", "coordinates": [[[-3.656489539372968, 50.25304120388867], [-3.656783856270746, 50.251641420430005], [-3.6617689308439294, 50.251409682510975], [-3.656489539372968, 50.25304120388867]]]}}, {"type": "Feature", "properties": {"type": "postcode-cell", "postcode": "TQ7 2TW", "postcodes": ["TQ7 2TW"]}, "geometry": {"type": "Polygon", "coordinates": [[[-3.656398959166175, 50.26808451159946], [-3.6540427975536556, 50.268010744934365], [-3.6542241649105422, 50.26744357094884], [-3.6557156782037286, 50.26645573613785], [-3.6580562940904033, 50.26557016831797], [-3.656398959166175, 50.26808451159946]]]}}, {"type": "Feature", "properties": {"type": "postcode-cell", "postcode": "TQ7 2TG", "postcodes": ["TQ7 2TG"]}, "geometry": {"type": "Polygon", "coordinates": [[[-3.652925829963372, 50.26672912989657], [-3.6534300884762536, 50.26583408111898], [-3.6557156782037286, 50.26645573613785], [-3.6542241649105422, 50.26744357094884], [-3.652925829963372, 50.26672912989657]]]}}, {"type": "Feature", "properties": {"type": "postcode-cell", "postcode": "TQ7 2TJ", "postcodes": ["TQ7 2TJ"]}, "geometry": {"type": "Polygon", "coordinates": [[[-3.6573411337588357, 50.26911909094303], [-3.652482512261758, 50.27011041113191], [-3.6540427975536556, 50.268010744934365], [-3.656398959166175, 50.26808451159946], [-3.6573411337588357, 50.26911909094303]]]}}, {"type": "Feature", "properties": {"type": "postcode-cell", "postcode": "TQ7 2EA", "postcodes": ["TQ7 2EA"]}, "geometry": {"type": "Polygon", "coordinates": [[[-3.6534300884762536, 50.26583408111898], [-3.652925829963372, 50.26672912989657], [-3.6521157274390155, 50.266603864805674], [-3.6521960306963304, 50.26433817312201], [-3.6534300884762536, 50.26583408111898]]]}}]}