{"type": "FeatureCollection", "features": [{"type": "Feature", "properties": {"type": "ward-outline", "name": "Tiverton Westexe"}, "geometry": {"type": "Polygon", "coordinates": [[[-3.49458, 50.91378], [-3.49479, 50.91232], [-3.49755, 50.91014], [-3.49452, 50.90711], [-3.49088, 50.90674], [-3.48963, 50.90617], [-3.49027, 50.90223], [-3.48945, 50.89867], [-3.49028, 50.89728], [-3.49241, 50.89425], [-3.49331, 50.89353], [-3.4956, 50.89253], [-3.49626, 50.89106], [-3.49487, 50.888], [-3.49286, 50.8854], [-3.4883, 50.88142], [-3.48944, 50.88054], [-3.48916, 50.8802], [-3.48976, 50.87903], [-3.48848, 50.87866], [-3.48803, 50.87725], [-3.48982, 50.8747], [-3.49152, 50.87348], [-3.4965, 50.8678], [-3.49753, 50.86688], [-3.49734, 50.86588], [-3.49845, 50.86435], [-3.50013, 50.86335], [-3.50142, 50.86319], [-3.50302, 50.86168], [-3.50491, 50.86088], [-3.50728, 50.86076], [-3.50832, 50.86101], [-3.51, 50.86037], [-3.50893, 50.85915], [-3.5089, 50.85769], [-3.50992, 50.8569], [-3.51158, 50.8567], [-3.5112, 50.85787], [-3.51162, 50.85815], [-3.51306, 50.85813], [-3.51483, 50.85915], [-3.5159, 50.85922], [-3.51602, 50.86078], [-3.5175, 50.86154], [-3.51718, 50.86213], [-3.51782, 50.86214], [-3.51803, 50.86256], [-3.51841, 50.86211], [-3.51949, 50.86235], [-3.52066, 50.86313], [-3.52136, 50.86322], [-3.52224, 50.8651], [-3.52243, 50.86479], [-3.52258, 50.86527], [-3.52298, 50.8651], [-3.5238, 50.86536], [-3.52404, 50.86639], [-3.52344, 50.86661], [-3.52369, 50.86682], [-3.52329, 50.86731], [-3.52367, 50.86791], [-3.52431, 50.86801], [-3.52414, 50.8689], [-3.52527, 50.86902], [-3.52436, 50.86959], [-3.52635, 50.87037], [-3.52603, 50.87102], [-3.52657, 50.87152], [-3.52734, 50.87186], [-3.52803, 50.87171], [-3.52945, 50.87234], [-3.53077, 50.87217], [-3.53051, 50.87244], [-3.53107, 50.87271], [-3.53123, 50.87342], [-3.53185, 50.87341], [-3.53193, 50.87314], [-3.53264, 50.87366], [-3.53351, 50.87334], [-3.53386, 50.8736], [-3.53466, 50.8735], [-3.5349, 50.87433], [-3.53528, 50.87413], [-3.53585, 50.87447], [-3.53549, 50.87496], [-3.53602, 50.87499], [-3.53581, 50.87549], [-3.53671, 50.87506], [-3.53768, 50.87565], [-3.5373, 50.8765], [-3.53822, 50.87621], [-3.53959, 50.87665], [-3.53938, 50.87708], [-3.53832, 50.87706], [-3.5394, 50.87859], [-3.53856, 50.87904], [-3.5392, 50.87925], [-3.53905, 50.88024], [-3.53972, 50.88076], [-3.53933, 50.88101], [-3.5401, 50.88152], [-3.53985, 50.88208], [-3.5403, 50.88215], [-3.54106, 50.88329], [-3.54078, 50.88396], [-3.54204, 50.88531], [-3.54104, 50.88632], [-3.54137, 50.88697], [-3.54476, 50.88772], [-3.5454, 50.88827], [-3.5471, 50.88867], [-3.54823, 50.88949], [-3.54861, 50.8894], [-3.54829, 50.88963], [-3.54853, 50.88992], [-3.54945, 50.89006], [-3.54908, 50.89035], [-3.54939, 50.89039], [-3.54913, 50.8919], [-3.54972, 50.89219], [-3.5498, 50.89267], [-3.55077, 50.89303], [-3.55066, 50.89325], [-3.55516, 50.89402], [-3.55582, 50.89447], [-3.55735, 50.8945], [-3.55841, 50.89513], [-3.55891, 50.89492], [-3.55988, 50.89542], [-3.56038, 50.89536], [-3.56052, 50.89583], [-3.56295, 50.89699], [-3.56274, 50.89731], [-3.56325, 50.89746], [-3.56589, 50.89752], [-3.5659, 50.89778], [-3.5675, 50.89795], [-3.56791, 50.89836], [-3.56883, 50.89831], [-3.5693, 50.89896], [-3.5695, 50.89872], [-3.56997, 50.899], [-3.57017, 50.90002], [-3.57188, 50.90133], [-3.57498, 50.90209], [-3.57527, 50.90256], [-3.57617, 50.90255], [-3.5767, 50.90315], [-3.57898, 50.90393], [-3.57984, 50.9041], [-3.57996, 50.90376], [-3.58089, 50.90383], [-3.5823, 50.90399], [-3.5825, 50.90436], [-3.58304, 50.9042], [-3.58384, 50.90443], [-3.58461, 50.90418], [-3.58617, 50.90456], [-3.58875, 50.90427], [-3.59104, 50.90504], [-3.59208, 50.90721], [-3.59446, 50.90854], [-3.59628, 50.90864], [-3.59746, 50.90934], [-3.59786, 50.91012], [-3.59703, 50.9117], [-3.59721, 50.91266], [-3.59863, 50.91421], [-3.60317, 50.9145], [-3.60809, 50.9129], [-3.60967, 50.91288], [-3.61296, 50.91376], [-3.61503, 50.91375], [-3.61579, 50.91412], [-3.62002, 50.91371], [-3.62331, 50.9138], [-3.62302, 50.91547], [-3.62255, 50.91596], [-3.62355, 50.91616], [-3.62403, 50.92183], [-3.62059, 50.92191], [-3.61933, 50.9225], [-3.61721, 50.92436], [-3.61514, 50.9251], [-3.61431, 50.92638], [-3.61263, 50.92658], [-3.6105, 50.92874], [-3.60947, 50.93158], [-3.60836, 50.93302], [-3.60614, 50.93495], [-3.60304, 50.93694], [-3.59874, 50.94085], [-3.59597, 50.94144], [-3.58648, 50.9416], [-3.58641, 50.9418], [-3.57996, 50.94089], [-3.57626, 50.94098], [-3.57336, 50.94068], [-3.56691, 50.94084], [-3.55924, 50.94013], [-3.55934, 50.93982], [-3.55475, 50.93861], [-3.55048, 50.93816], [-3.55016, 50.93658], [-3.54969, 50.93614], [-3.54625, 50.93446], [-3.54327, 50.93408], [-3.54228, 50.9329], [-3.54, 50.93173], [-3.53917, 50.93055], [-3.53487, 50.92792], [-3.53345, 50.92727], [-3.52695, 50.92577], [-3.52701, 50.9239], [-3.52609, 50.92262], [-3.52272, 50.923], [-3.5228, 50.92144], [-3.51967, 50.92059], [-3.51909, 50.92013], [-3.51953, 50.91964], [-3.518, 50.91987], [-3.51728, 50.91969], [-3.51714, 50.92014], [-3.51614, 50.92003], [-3.51435, 50.91775], [-3.51368, 50.91788], [-3.51319, 50.91748], [-3.51104, 50.91718], [-3.51064, 50.91676], [-3.50947, 50.91693], [-3.50906, 50.91646], [-3.50826, 50.91647], [-3.5076, 50.91608], [-3.50447, 50.91583], [-3.50412, 50.91621], [-3.50148, 50.9153], [-3.50115, 50.91646], [-3.49988, 50.91593], [-3.49738, 50.91603], [-3.49458, 50.91378]]]}}, {"type": "Feature", "properties": {"type": "postcode-cell", "postcode": "EX16 8QR", "postcodes": ["EX16 8QR"]}, "geometry": {"type": "Polygon", "coordinates": [[[-3.6132184066584028, 50.914748553074624], [-3.6132019616276256, 50.91375882784196], [-3.6150299897127427, 50.91374999489368], [-3.6157899897130608, 50.91411999489396], [-3.6200199897159937, 50.9137099948936], [-3.62330998971808, 50.91379999489362], [-3.623019989717112, 50.91546999489496], [-3.622549989716581, 50.91595999489537], [-3.6235499897171333, 50.91615999489551], [-3.624029989714802, 50.921829994900065], [-3.6229102346793005, 50.92185604686738], [-3.6132184066584028, 50.914748553074624]]]}}, {"type": "Feature", "properties": {"type": "postcode-cell", "postcode": "EX16 8BN", "postcodes": ["EX16 8BN"]}, "geometry": {"type": "Polygon", "coordinates": [[[-3.58917331941, 50.91594880516842], [-3.5792971576209904, 50.91083909136826], [-3.5908516832185873, 50.90497668053432], [-3.5910399897013043, 50.90503999488694], [-3.5920799897009625, 50.90720999488868], [-3.594459989701874, 50.90853999488969], [-3.5962799897030027, 50.90863999488977], [-3.597459989703439, 50.90933999489032], [-3.597465147463271, 50.909350052701384], [-3.58917331941, 50.91594880516842]]]}}, {"type": "Feature", "properties": {"type": "postcode-cell", "postcode": "EX16 8BP", "postcodes": ["EX16 8BP"]}, "geometry": {"type": "Polygon", "coordinates": [[[-3.6132184066584028, 50.914748553074624], [-3.609939574186436, 50.919553842842305], [-3.602435972035537, 50.92261601066329], [-3.5985816950828005, 50.91767229011634], [-3.599176690343903, 50.91424492585754], [-3.6031699897047176, 50.91449999489439], [-3.608089989708649, 50.91289999489307], [-3.6096699897096767, 50.91287999489301], [-3.6129599897113978, 50.913759994893695], [-3.6132019616276256, 50.91375882784196], [-3.6132184066584028, 50.914748553074624]]]}}, {"type": "Feature", "properties": {"type": "postcode-cell", "postcode": "EX16 8QU", "postcodes": ["EX16 8QU"]}, "geometry": {"type": "Polygon", "coordinates": [[[-3.609939574186436, 50.919553842842305], [-3.6132184066584028, 50.914748553074624], [-3.6229102346793005, 50.92185604686738], [-3.6205899897125344, 50.92190999490017], [-3.6193299897114426, 50.92249999490066], [-3.617209989709203, 50.92435999490217], [-3.615195730911307, 50.925080068880206], [-3.609939574186436, 50.919553842842305]]]}}, {"type": "Feature", "properties": {"type": "postcode-cell", "postcode": "EX16 8DH", "postcodes": ["EX16 8DH"]}, "geometry": {"type": "Polygon", "coordinates": [[[-3.5816325138067797, 50.93626607937167], [-3.585855408145653, 50.93634258496304], [-3.598922055332727, 50.9406844585615], [-3.5987399896895456, 50.9408499949156], [-3.595969989687477, 50.941439994916124], [-3.586479989681263, 50.94159999491633], [-3.586409989681122, 50.94179999491649], [-3.5799599896773775, 50.94088999491582], [-3.576259989674945, 50.94097999491594], [-3.5750516178220044, 50.94085500017702], [-3.5816325138067797, 50.93626607937167]]]}}, {"type": "Feature", "properties": {"type": "postcode-cell", "postcode": "EX16 8QP", "postcodes": ["EX16 8QP"]}, "geometry": {"type": "Polygon", "coordinates": [[[-3.615195730911307, 50.925080068880206], [-3.6151399897075156, 50.92509999490279], [-3.6143099897063795, 50.92637999490381], [-3.6126299897051988, 50.926579994903996], [-3.610499989702812, 50.928739994905754], [-3.6094699897008184, 50.931579994908034], [-3.608359989699428, 50.933019994909216], [-3.60613998969709, 50.934949994910795], [-3.605254623360743, 50.935518368527696], [-3.59885196621543, 50.92754952552067], [-3.602435972035537, 50.92261601066329], [-3.609939574186436, 50.919553842842305], [-3.615195730911307, 50.925080068880206]]]}}, {"type": "Feature", "properties": {"type": "postcode-cell", "postcode": "EX16 8BR", "postcodes": ["EX16 8BR"]}, "geometry": {"type": "Polygon", "coordinates": [[[-3.59885196621543, 50.92754952552067], [-3.5924014862441958, 50.92566864303554], [-3.5900324092796354, 50.92009893969709], [-3.5985816950828005, 50.91767229011634], [-3.602435972035537, 50.92261601066329], [-3.59885196621543, 50.92754952552067]]]}}, {"type": "Feature", "properties": {"type": "postcode-cell", "postcode": "EX16 8FP", "postcodes": ["EX16 8FP"]}, "geometry": {"type": "Polygon", "coordinates": [[[-3.5792971576209904, 50.91083909136826], [-3.5780014558634785, 50.911298127213946], [-3.566048313441712, 50.90628332586459], [-3.5742411467389443, 50.90190886896834], [-3.574979989692326, 50.90208999488475], [-3.575269989692293, 50.90255999488512], [-3.576169989692879, 50.9025499948851], [-3.576699989692939, 50.903149994885574], [-3.578979989694043, 50.90392999488616], [-3.5798399896945163, 50.90409999488629], [-3.5799599896947543, 50.903759994886016], [-3.5808899896953212, 50.90382999488608], [-3.582299989696156, 50.90398999488618], [-3.582499989696111, 50.90435999488646], [-3.5830399896965353, 50.90419999488635], [-3.5838399896969433, 50.904429994886534], [-3.5846099896975576, 50.90417999488631], [-3.586169989698386, 50.904559994886576], [-3.5887499897001858, 50.904269994886334], [-3.5908516832185873, 50.90497668053432], [-3.5792971576209904, 50.91083909136826]]]}}, {"type": "Feature", "properties": {"type": "postcode-cell", "postcode": "EX16 8BS", "postcodes": ["EX16 8BS"]}, "geometry": {"type": "Polygon", "coordinates": [[[-3.605254623360743, 50.935518368527696], [-3.6030399896941563, 50.93693999491241], [-3.598922055332727, 50.9406844585615], [-3.585855408145653, 50.93634258496304], [-3.582906609167182, 50.92702177006317], [-3.5924014862441958, 50.92566864303554], [-3.59885196621543, 50.92754952552067], [-3.605254623360743, 50.935518368527696]]]}}, {"type": "Feature", "properties": {"type": "postcode-cell", "postcode": "EX16 8BW", "postcodes": ["EX16 8BW"]}, "geometry": {"type": "Polygon", "coordinates": [[[-3.5900324092796354, 50.92009893969709], [-3.587558715980839, 50.918233567919025], [-3.58917331941, 50.91594880516842], [-3.597465147463271, 50.909350052701384], [-3.597859989703332, 50.910119994890934], [-3.5970299897020586, 50.91169999489224], [-3.5972099897017262, 50.912659994892984], [-3.598629989701918, 50.914209994894215], [-3.599176690343903, 50.91424492585754], [-3.5985816950828005, 50.91767229011634], [-3.5900324092796354, 50.92009893969709]]]}}, {"type": "Feature", "properties": {"type": "postcode-cell", "postcode": "EX16 8DQ", "postcodes": ["EX16 8DQ"]}, "geometry": {"type": "Polygon", "coordinates": [[[-3.5924014862441958, 50.92566864303554], [-3.582906609167182, 50.92702177006317], [-3.5721374258818073, 50.925121910220874], [-3.56972285391949, 50.92237001053484], [-3.5697190032603388, 50.92231053242523], [-3.575681211650207, 50.91851160430869], [-3.587558715980839, 50.918233567919025], [-3.5900324092796354, 50.92009893969709], [-3.5924014862441958, 50.92566864303554]]]}}, {"type": "Feature", "properties": {"type": "postcode-cell", "postcode": "EX16 8BT", "postcodes": ["EX16 8BT"]}, "geometry": {"type": "Polygon", "coordinates": [[[-3.582906609167182, 50.92702177006317], [-3.585855408145653, 50.93634258496304], [-3.5816325138067797, 50.93626607937167], [-3.5718190751835066, 50.932485372569275], [-3.5709933763859296, 50.930597779238774], [-3.5721374258818073, 50.925121910220874], [-3.582906609167182, 50.92702177006317]]]}}, {"type": "Feature", "properties": {"type": "postcode-cell", "postcode": "EX16 8BL", "postcodes": ["EX16 8BL"]}, "geometry": {"type": "Polygon", "coordinates": [[[-3.5792971576209904, 50.91083909136826], [-3.58917331941, 50.91594880516842], [-3.587558715980839, 50.918233567919025], [-3.575681211650207, 50.91851160430869], [-3.5780014558634785, 50.911298127213946], [-3.5792971576209904, 50.91083909136826]]]}}, {"type": "Feature", "properties": {"type": "postcode-cell", "postcode": "EX16 8BJ", "postcodes": ["EX16 8BJ"]}, "geometry": {"type": "Polygon", "coordinates": [[[-3.575681211650207, 50.91851160430869], [-3.5697190032603388, 50.92231053242523], [-3.563119828470642, 50.91827237913813], [-3.5610736490801855, 50.9162217046361], [-3.56401603825936, 50.906398995524015], [-3.566048313441712, 50.90628332586459], [-3.5780014558634785, 50.911298127213946], [-3.575681211650207, 50.91851160430869]]]}}, {"type": "Feature", "properties": {"type": "postcode-cell", "postcode": "EX16 8BU", "postcodes": ["EX16 8BU"]}, "geometry": {"type": "Polygon", "coordinates": [[[-3.5816325138067797, 50.93626607937167], [-3.5750516178220044, 50.94085500017702], [-3.573359989673213, 50.94067999491572], [-3.566909989668973, 50.94083999491591], [-3.5666097588709813, 50.9408122129205], [-3.5718190751835066, 50.932485372569275], [-3.5816325138067797, 50.93626607937167]]]}}, {"type": "Feature", "properties": {"type": "postcode-cell", "postcode": "EX16 8BY", "postcodes": ["EX16 8BY"]}, "geometry": {"type": "Polygon", "coordinates": [[[-3.5709933763859296, 50.930597779238774], [-3.563423900726844, 50.932386055948506], [-3.5537212481584706, 50.92809696861459], [-3.5536941459402964, 50.92806740218898], [-3.56972285391949, 50.92237001053484], [-3.5721374258818073, 50.925121910220874], [-3.5709933763859296, 50.930597779238774]]]}}, {"type": "Feature", "properties": {"type": "postcode-cell", "postcode": "EX16 8LA", "postcodes": ["EX16 8LA"]}, "geometry": {"type": "Polygon", "coordinates": [[[-3.56401603825936, 50.906398995524015], [-3.5632002492757753, 50.906015221583296], [-3.5617576724580022, 50.90306695260695], [-3.5610798777574604, 50.90029241051522], [-3.5626258839933014, 50.896835284076694], [-3.56294998968697, 50.89698999488079], [-3.562739989686688, 50.89730999488105], [-3.563249989686944, 50.897459994881174], [-3.565889989688613, 50.89751999488117], [-3.5658999896885004, 50.89777999488139], [-3.5674999896894497, 50.8979499948815], [-3.5679099896895208, 50.89835999488183], [-3.568829989690136, 50.898309994881785], [-3.569299989690134, 50.89895999488228], [-3.5694999896903776, 50.89871999488209], [-3.5699699896905472, 50.89899999488232], [-3.5701699896901986, 50.90001999488314], [-3.571879989690686, 50.90132999488415], [-3.5742411467389443, 50.90190886896834], [-3.566048313441712, 50.90628332586459], [-3.56401603825936, 50.906398995524015]]]}}, {"type": "Feature", "properties": {"type": "postcode-cell", "postcode": "EX16 8BX", "postcodes": ["EX16 8BX"]}, "geometry": {"type": "Polygon", "coordinates": [[[-3.5580102465621897, 50.93541972575554], [-3.563423900726844, 50.932386055948506], [-3.5709933763859296, 50.930597779238774], [-3.5718190751835066, 50.932485372569275], [-3.5666097588709813, 50.9408122129205], [-3.559239989664356, 50.94012999491542], [-3.5593399896645654, 50.939819994915155], [-3.556711427498391, 50.93912709235243], [-3.5580102465621897, 50.93541972575554]]]}}, {"type": "Feature", "properties": {"type": "postcode-cell", "postcode": "EX16 8DA", "postcodes": ["EX16 8DA"]}, "geometry": {"type": "Polygon", "coordinates": [[[-3.56972285391949, 50.92237001053484], [-3.5536941459402964, 50.92806740218898], [-3.553592784401937, 50.928061622466004], [-3.5515528836827857, 50.92189103873061], [-3.563119828470642, 50.91827237913813], [-3.5697190032603388, 50.92231053242523], [-3.56972285391949, 50.92237001053484]]]}}, {"type": "Feature", "properties": {"type": "postcode-cell", "postcode": "EX16 8SA", "postcodes": ["EX16 8SA"]}, "geometry": {"type": "Polygon", "coordinates": [[[-3.5157176037490205, 50.86412304803339], [-3.5134159490102648, 50.861813757333366], [-3.513184513843868, 50.858201756901195], [-3.51482998967392, 50.859149994851144], [-3.5158999896745704, 50.85921999485118], [-3.5160199896739113, 50.86077999485243], [-3.5174999896744987, 50.86153999485301], [-3.5171799896740166, 50.86212999485349], [-3.5178199896744187, 50.862139994853486], [-3.518029989674355, 50.86255999485382], [-3.5184099896748116, 50.86210999485347], [-3.519489989675389, 50.86234999485364], [-3.5206599896757695, 50.86312999485426], [-3.521359989676175, 50.86321999485431], [-3.5217806525945092, 50.86411870406246], [-3.5157176037490205, 50.86412304803339]]]}}, {"type": "Feature", "properties": {"type": "postcode-cell", "postcode": "EX16 8JQ", "postcodes": ["EX16 8JQ"]}, "geometry": {"type": "Polygon", "coordinates": [[[-3.5610798777574604, 50.90029241051522], [-3.550591780614622, 50.89826972306919], [-3.5452242109126795, 50.89160005736789], [-3.5477673860078216, 50.88915430504076], [-3.5482299896810297, 50.88948999487496], [-3.5486099896813137, 50.88939999487488], [-3.548289989681001, 50.88962999487507], [-3.5485299896810196, 50.88991999487529], [-3.5494499896815452, 50.890059994875394], [-3.54907998968117, 50.89034999487563], [-3.549389989681351, 50.89038999487566], [-3.5491299896804747, 50.89189999487686], [-3.549719989680718, 50.892189994877086], [-3.549799989680543, 50.89266999487749], [-3.5507699896809966, 50.89302999487775], [-3.550659989680824, 50.893249994877934], [-3.5551599896833537, 50.89401999487851], [-3.5558199896835676, 50.89446999487886], [-3.5573499896845373, 50.89449999487885], [-3.558409989684925, 50.89512999487936], [-3.558909989685343, 50.89491999487918], [-3.5598799896857347, 50.89541999487956], [-3.560379989686085, 50.895359994879534], [-3.5605199896859516, 50.895829994879875], [-3.5626258839933014, 50.896835284076694], [-3.5610798777574604, 50.90029241051522]]]}}, {"type": "Feature", "properties": {"type": "postcode-cell", "postcode": "EX16 9RH", "postcodes": ["EX16 9RH"]}, "geometry": {"type": "Polygon", "coordinates": [[[-3.5414646781583032, 50.92837017416042], [-3.548957624518319, 50.92875062184866], [-3.5520834926027596, 50.93832900172105], [-3.550479989659631, 50.93815999491392], [-3.5501599896601657, 50.936579994912655], [-3.549689989660068, 50.9361399949123], [-3.5462499896586412, 50.93445999491101], [-3.5432699896569, 50.93407999491071], [-3.5422799896568145, 50.93289999490977], [-3.5399999896558967, 50.931729994908856], [-3.5391699896559166, 50.93054999490794], [-3.5388857913351868, 50.93037618548969], [-3.5414646781583032, 50.92837017416042]]]}}, {"type": "Feature", "properties": {"type": "postcode-cell", "postcode": "EX16 9RL", "postcodes": ["EX16 9RL"]}, "geometry": {"type": "Polygon", "coordinates": [[[-3.5580102465621897, 50.93541972575554], [-3.5537212481584706, 50.92809696861459], [-3.563423900726844, 50.932386055948506], [-3.5580102465621897, 50.93541972575554]]]}}, {"type": "Feature", "properties": {"type": "postcode-cell", "postcode": "EX16 8JL", "postcodes": ["EX16 8JL"]}, "geometry": {"type": "Polygon", "coordinates": [[[-3.56401603825936, 50.906398995524015], [-3.5610736490801855, 50.9162217046361], [-3.558772529285376, 50.91595822157919], [-3.5464270358953325, 50.909273395912564], [-3.5464650759333503, 50.907170792979365], [-3.5632002492757753, 50.906015221583296], [-3.56401603825936, 50.906398995524015]]]}}, {"type": "Feature", "properties": {"type": "postcode-cell", "postcode": "EX16 9RJ", "postcodes": ["EX16 9RJ"]}, "geometry": {"type": "Polygon", "coordinates": [[[-3.556711427498391, 50.93912709235243], [-3.5547499896621724, 50.93860999491423], [-3.5520834926027596, 50.93832900172105], [-3.548957624518319, 50.92875062184866], [-3.553592784401937, 50.928061622466004], [-3.5536941459402964, 50.92806740218898], [-3.5537212481584706, 50.92809696861459], [-3.5580102465621897, 50.93541972575554], [-3.556711427498391, 50.93912709235243]]]}}, {"type": "Feature", "properties": {"type": "postcode-cell", "postcode": "EX16 8JS", "postcodes": ["EX16 8JS"]}, "geometry": {"type": "Polygon", "coordinates": [[[-3.5452242109126795, 50.89160005736789], [-3.5414323545764326, 50.893232633901576], [-3.535751833088499, 50.89413180394524], [-3.5260715322641705, 50.891589746327845], [-3.5264558385381726, 50.888967538085495], [-3.538520125922397, 50.87630639108556], [-3.539589989681524, 50.8766499948648], [-3.5393799896811844, 50.87707999486513], [-3.5383199896805166, 50.87705999486515], [-3.5393999896804864, 50.87858999486635], [-3.5385599896797366, 50.87903999486673], [-3.5391999896800503, 50.87924999486689], [-3.5390499896794867, 50.88023999486768], [-3.5397199896796736, 50.88075999486809], [-3.539329989679304, 50.88100999486828], [-3.540099989679559, 50.88151999486868], [-3.539849989679135, 50.882079994869144], [-3.540299989679391, 50.882149994869195], [-3.5410599896793413, 50.88328999487009], [-3.5407799896788466, 50.883959994870644], [-3.5420399896790205, 50.88530999487169], [-3.5410399896779023, 50.88631999487251], [-3.541369989677808, 50.886969994873006], [-3.5447599896796333, 50.88771999487358], [-3.545399989679786, 50.888269994874015], [-3.5470999896806887, 50.88866999487431], [-3.5477673860078216, 50.88915430504076], [-3.5452242109126795, 50.89160005736789]]]}}, {"type": "Feature", "properties": {"type": "postcode-cell", "postcode": "EX16 8JJ", "postcodes": ["EX16 8JJ"]}, "geometry": {"type": "Polygon", "coordinates": [[[-3.5464650759333503, 50.907170792979365], [-3.545790173541043, 50.9066774256336], [-3.55005776061274, 50.901031426833], [-3.5617576724580022, 50.90306695260695], [-3.5632002492757753, 50.906015221583296], [-3.5464650759333503, 50.907170792979365]]]}}, {"type": "Feature", "properties": {"type": "postcode-cell", "postcode": "EX16 8JH", "postcodes": ["EX16 8JH"]}, "geometry": {"type": "Polygon", "coordinates": [[[-3.5617576724580022, 50.90306695260695], [-3.55005776061274, 50.901031426833], [-3.550591780614622, 50.89826972306919], [-3.5610798777574604, 50.90029241051522], [-3.5617576724580022, 50.90306695260695]]]}}, {"type": "Feature", "properties": {"type": "postcode-cell", "postcode": "EX16 8JG", "postcodes": ["EX16 8JG"]}, "geometry": {"type": "Polygon", "coordinates": [[[-3.550591780614622, 50.89826972306919], [-3.55005776061274, 50.901031426833], [-3.545790173541043, 50.9066774256336], [-3.5426086206026794, 50.90566979193588], [-3.5414323545764326, 50.893232633901576], [-3.5452242109126795, 50.89160005736789], [-3.550591780614622, 50.89826972306919]]]}}, {"type": "Feature", "properties": {"type": "postcode-cell", "postcode": "EX16 8BG", "postcodes": ["EX16 8BG"]}, "geometry": {"type": "Polygon", "coordinates": [[[-3.5515528836827857, 50.92189103873061], [-3.545863061281573, 50.92015575108942], [-3.545865826508721, 50.919488799550344], [-3.550694031517861, 50.91710156224611], [-3.558772529285376, 50.91595822157919], [-3.5610736490801855, 50.9162217046361], [-3.563119828470642, 50.91827237913813], [-3.5515528836827857, 50.92189103873061]]]}}, {"type": "Feature", "properties": {"type": "postcode-cell", "postcode": "EX16 8BZ", "postcodes": ["EX16 8BZ"]}, "geometry": {"type": "Polygon", "coordinates": [[[-3.5414646781583032, 50.92837017416042], [-3.540888432058971, 50.926234533154556], [-3.5410607610551965, 50.92527101118539], [-3.545863061281573, 50.92015575108942], [-3.5515528836827857, 50.92189103873061], [-3.553592784401937, 50.928061622466004], [-3.548957624518319, 50.92875062184866], [-3.5414646781583032, 50.92837017416042]]]}}, {"type": "Feature", "properties": {"type": "postcode-cell", "postcode": "EX16 8BH", "postcodes": ["EX16 8BH"]}, "geometry": {"type": "Polygon", "coordinates": [[[-3.558772529285376, 50.91595822157919], [-3.550694031517861, 50.91710156224611], [-3.545036970935804, 50.911224493511604], [-3.5464270358953325, 50.909273395912564], [-3.558772529285376, 50.91595822157919]]]}}, {"type": "Feature", "properties": {"type": "postcode-cell", "postcode": "EX16 8JN", "postcodes": ["EX16 8JN"]}, "geometry": {"type": "Polygon", "coordinates": [[[-3.5464270358953325, 50.909273395912564], [-3.545036970935804, 50.911224493511604], [-3.540129831269613, 50.91487196247159], [-3.5311981977695868, 50.91351590955906], [-3.538897733983972, 50.905687580218], [-3.5426086206026794, 50.90566979193588], [-3.545790173541043, 50.9066774256336], [-3.5464650759333503, 50.907170792979365], [-3.5464270358953325, 50.909273395912564]]]}}, {"type": "Feature", "properties": {"type": "postcode-cell", "postcode": "EX16 8BE", "postcodes": ["EX16 8BE"]}, "geometry": {"type": "Polygon", "coordinates": [[[-3.545863061281573, 50.92015575108942], [-3.5410607610551965, 50.92527101118539], [-3.5369564652151233, 50.9214668479665], [-3.53756637986505, 50.918731730204826], [-3.540679114919943, 50.915925957583184], [-3.545865826508721, 50.919488799550344], [-3.545863061281573, 50.92015575108942]]]}}, {"type": "Feature", "properties": {"type": "postcode-cell", "postcode": "EX16 8BQ", "postcodes": ["EX16 8BQ"]}, "geometry": {"type": "Polygon", "coordinates": [[[-3.545865826508721, 50.919488799550344], [-3.540679114919943, 50.915925957583184], [-3.540129831269613, 50.91487196247159], [-3.545036970935804, 50.911224493511604], [-3.550694031517861, 50.91710156224611], [-3.545865826508721, 50.919488799550344]]]}}, {"type": "Feature", "properties": {"type": "postcode-cell", "postcode": "EX16 8BD", "postcodes": ["EX16 8BD"]}, "geometry": {"type": "Polygon", "coordinates": [[[-3.5369564652151233, 50.9214668479665], [-3.5265624697698232, 50.91914279776703], [-3.526795014846482, 50.91845901190832], [-3.53756637986505, 50.918731730204826], [-3.5369564652151233, 50.9214668479665]]]}}, {"type": "Feature", "properties": {"type": "postcode-cell", "postcode": "EX16 8BB", "postcodes": ["EX16 8BB"]}, "geometry": {"type": "Polygon", "coordinates": [[[-3.540129831269613, 50.91487196247159], [-3.540679114919943, 50.915925957583184], [-3.53756637986505, 50.918731730204826], [-3.526795014846482, 50.91845901190832], [-3.5273122472008027, 50.91404318062428], [-3.5311981977695868, 50.91351590955906], [-3.540129831269613, 50.91487196247159]]]}}, {"type": "Feature", "properties": {"type": "postcode-cell", "postcode": "EX16 9QS", "postcodes": ["EX16 9QS"]}, "geometry": {"type": "Polygon", "coordinates": [[[-3.540888432058971, 50.926234533154556], [-3.5243860163695526, 50.92164983130725], [-3.5265624697698232, 50.91914279776703], [-3.5369564652151233, 50.9214668479665], [-3.5410607610551965, 50.92527101118539], [-3.540888432058971, 50.926234533154556]]]}}, {"type": "Feature", "properties": {"type": "postcode-cell", "postcode": "EX16 8JP", "postcodes": ["EX16 8JP"]}, "geometry": {"type": "Polygon", "coordinates": [[[-3.538279793741846, 50.90550296342209], [-3.5307345458745525, 50.9010276015353], [-3.535751833088499, 50.89413180394524], [-3.5414323545764326, 50.893232633901576], [-3.5426086206026794, 50.90566979193588], [-3.538897733983972, 50.905687580218], [-3.538279793741846, 50.90550296342209]]]}}, {"type": "Feature", "properties": {"type": "postcode-cell", "postcode": "EX16 8JW", "postcodes": ["EX16 8JW"]}, "geometry": {"type": "Polygon", "coordinates": [[[-3.538897733983972, 50.905687580218], [-3.5311981977695868, 50.91351590955906], [-3.5273122472008027, 50.91404318062428], [-3.52252463458174, 50.91106249113916], [-3.523043365394907, 50.908784283757235], [-3.538279793741846, 50.90550296342209], [-3.538897733983972, 50.905687580218]]]}}, {"type": "Feature", "properties": {"type": "postcode-cell", "postcode": "EX16 8BA", "postcodes": ["EX16 8BA"]}, "geometry": {"type": "Polygon", "coordinates": [[[-3.5265624697698232, 50.91914279776703], [-3.5243860163695526, 50.92164983130725], [-3.522736524316458, 50.922677575679074], [-3.522799989649676, 50.9214399949008], [-3.519669989648066, 50.920589994900155], [-3.519089989647911, 50.9201299948998], [-3.519529989648422, 50.919639994899406], [-3.5179999896473317, 50.9198699948996], [-3.5172799896469544, 50.91968999489946], [-3.517139989646652, 50.92013999489981], [-3.5161399896460637, 50.92002999489975], [-3.514349989645987, 50.91774999489794], [-3.513679989645496, 50.91787999489806], [-3.5131899896453698, 50.91747999489773], [-3.5110995629486283, 50.91718830803889], [-3.513629454002589, 50.912427793086124], [-3.52252463458174, 50.91106249113916], [-3.5273122472008027, 50.91404318062428], [-3.526795014846482, 50.91845901190832], [-3.5265624697698232, 50.91914279776703]]]}}, {"type": "Feature", "properties": {"type": "postcode-cell", "postcode": "EX16 9QT", "postcodes": ["EX16 9QT"]}, "geometry": {"type": "Polygon", "coordinates": [[[-3.5243860163695526, 50.92164983130725], [-3.540888432058971, 50.926234533154556], [-3.5414646781583032, 50.92837017416042], [-3.5388857913351868, 50.93037618548969], [-3.534869989654385, 50.92791999490586], [-3.5334499896537785, 50.92726999490536], [-3.526949989650303, 50.92576999490422], [-3.527009989651222, 50.92389999490273], [-3.526089989651232, 50.9226199949017], [-3.5227199896488903, 50.92299999490206], [-3.522736524316458, 50.922677575679074], [-3.5243860163695526, 50.92164983130725]]]}}, {"type": "Feature", "properties": {"type": "postcode-cell", "postcode": "EX16 5NQ", "postcodes": ["EX16 5NQ"]}, "geometry": {"type": "Polygon", "coordinates": [[[-3.523043365394907, 50.908784283757235], [-3.52252463458174, 50.91106249113916], [-3.513629454002589, 50.912427793086124], [-3.5130321344947855, 50.912132320545794], [-3.509836358224039, 50.90826211616161], [-3.5120783874262473, 50.90593911424844], [-3.5154558262983358, 50.9046524398253], [-3.5227290582205892, 50.90716527061982], [-3.523043365394907, 50.908784283757235]]]}}, {"type": "Feature", "properties": {"type": "postcode-cell", "postcode": "EX16 8JF", "postcodes": ["EX16 8JF"]}, "geometry": {"type": "Polygon", "coordinates": [[[-3.5227290582205892, 50.90716527061982], [-3.524069393755013, 50.904542822209166], [-3.5266532482842825, 50.90181663986336], [-3.5307345458745525, 50.9010276015353], [-3.538279793741846, 50.90550296342209], [-3.523043365394907, 50.908784283757235], [-3.5227290582205892, 50.90716527061982]]]}}, {"type": "Feature", "properties": {"type": "postcode-cell", "postcode": "EX16 5QB", "postcodes": ["EX16 5QB"]}, "geometry": {"type": "Polygon", "coordinates": [[[-3.503545445263709, 50.913658914865636], [-3.5043242215494583, 50.91413208027823], [-3.504069303601117, 50.91619252447582], [-3.501479989638892, 50.91529999489612], [-3.5011499896381317, 50.916459994897046], [-3.500150802318545, 50.91604301340029], [-3.503545445263709, 50.913658914865636]]]}}, {"type": "Feature", "properties": {"type": "postcode-cell", "postcode": "EX16 8FA", "postcodes": ["EX16 8FA"]}, "geometry": {"type": "Polygon", "coordinates": [[[-3.5110995629486283, 50.91718830803889], [-3.511039989644132, 50.917179994897516], [-3.510639989644075, 50.916759994897184], [-3.5094699896432435, 50.91692999489732], [-3.509059989643202, 50.916459994896954], [-3.5082599896426854, 50.91646999489699], [-3.5075999896424457, 50.91607999489665], [-3.504469989640557, 50.91582999489651], [-3.5041199896401545, 50.91620999489682], [-3.504069303601117, 50.91619252447582], [-3.5043242215494583, 50.91413208027823], [-3.509448981832693, 50.91211931517205], [-3.5130321344947855, 50.912132320545794], [-3.513629454002589, 50.912427793086124], [-3.5110995629486283, 50.91718830803889]]]}}, {"type": "Feature", "properties": {"type": "postcode-cell", "postcode": "EX16 5NN", "postcodes": ["EX16 5NN"]}, "geometry": {"type": "Polygon", "coordinates": [[[-3.524069393755013, 50.904542822209166], [-3.5188712005394898, 50.90227513534619], [-3.515861125276531, 50.89700350593413], [-3.517289779133548, 50.89543629745615], [-3.5266532482842825, 50.90181663986336], [-3.524069393755013, 50.904542822209166]]]}}, {"type": "Feature", "properties": {"type": "postcode-cell", "postcode": "EX16 8JR", "postcodes": ["EX16 8JR"]}, "geometry": {"type": "Polygon", "coordinates": [[[-3.5307345458745525, 50.9010276015353], [-3.5266532482842825, 50.90181663986336], [-3.517289779133548, 50.89543629745615], [-3.5173202637070164, 50.893637440167645], [-3.5260715322641705, 50.891589746327845], [-3.535751833088499, 50.89413180394524], [-3.5307345458745525, 50.9010276015353]]]}}, {"type": "Feature", "properties": {"type": "postcode-cell", "postcode": "EX16 8HH", "postcodes": ["EX16 8HH"]}, "geometry": {"type": "Polygon", "coordinates": [[[-3.534618184522129, 50.87350522065312], [-3.534659989679845, 50.87349999486234], [-3.534899989679608, 50.87432999486299], [-3.5352799896799465, 50.87412999486285], [-3.5358499896801514, 50.8744699948631], [-3.5354899896796903, 50.874959994863524], [-3.5360199896800153, 50.87498999486351], [-3.5358099896796453, 50.8754899948639], [-3.5367099896804244, 50.875059994863555], [-3.537679989680769, 50.87564999486402], [-3.537299989680126, 50.8764999948647], [-3.5382199896808513, 50.87620999486447], [-3.538520125922397, 50.87630639108556], [-3.5264558385381726, 50.888967538085495], [-3.519352575434651, 50.8830015830672], [-3.521956092938882, 50.87953044154426], [-3.5298311845872354, 50.87462153647096], [-3.534618184522129, 50.87350522065312]]]}}, {"type": "Feature", "properties": {"type": "postcode-cell", "postcode": "EX16 8HF", "postcodes": ["EX16 8HF"]}, "geometry": {"type": "Polygon", "coordinates": [[[-3.5298311845872354, 50.87462153647096], [-3.517297300215863, 50.87335269605968], [-3.5096481604858316, 50.8674150926496], [-3.511196969614112, 50.86596842424019], [-3.5157176037490205, 50.86412304803339], [-3.5217806525945092, 50.86411870406246], [-3.522239989675851, 50.865099994855775], [-3.5224299896761186, 50.86478999485555], [-3.5225799896759877, 50.86526999485592], [-3.5229799896763243, 50.86509999485578], [-3.5237999896767254, 50.865359994855986], [-3.5240399896763943, 50.8663899948568], [-3.5234399896759054, 50.86660999485699], [-3.523689989675968, 50.866819994857146], [-3.52328998967548, 50.86730999485755], [-3.5236699896754407, 50.86790999485801], [-3.5243099896758023, 50.868009994858085], [-3.524139989675275, 50.86889999485879], [-3.52526998967594, 50.869019994858874], [-3.52435998967509, 50.86958999485935], [-3.5263499896759956, 50.870369994859956], [-3.5260299896754854, 50.871019994860454], [-3.526569989675596, 50.87151999486084], [-3.5273399896759297, 50.87185999486112], [-3.52802998967644, 50.87170999486099], [-3.5294499896770533, 50.87233999486148], [-3.530769989677979, 50.87216999486132], [-3.5305099896776864, 50.87243999486153], [-3.531069989677917, 50.87270999486176], [-3.5312299896776844, 50.87341999486231], [-3.531849989678087, 50.87340999486231], [-3.5319299896782668, 50.87313999486209], [-3.5326399896784744, 50.87365999486249], [-3.533509989679183, 50.87333999486223], [-3.5338599896792853, 50.87359999486244], [-3.534618184522129, 50.87350522065312], [-3.5298311845872354, 50.87462153647096]]]}}, {"type": "Feature", "properties": {"type": "postcode-cell", "postcode": "EX16 8JT", "postcodes": ["EX16 8JT"]}, "geometry": {"type": "Polygon", "coordinates": [[[-3.5260715322641705, 50.891589746327845], [-3.5173202637070164, 50.893637440167645], [-3.5103008748450613, 50.890155570461815], [-3.5094430993446775, 50.88793392806175], [-3.519352575434651, 50.8830015830672], [-3.5264558385381726, 50.888967538085495], [-3.5260715322641705, 50.891589746327845]]]}}, {"type": "Feature", "properties": {"type": "postcode-cell", "postcode": "EX16 8HQ", "postcodes": ["EX16 8HQ"]}, "geometry": {"type": "Polygon", "coordinates": [[[-3.521956092938882, 50.87953044154426], [-3.5029929812919494, 50.87916801534318], [-3.5004039717097823, 50.87691514825902], [-3.517297300215863, 50.87335269605968], [-3.5298311845872354, 50.87462153647096], [-3.521956092938882, 50.87953044154426]]]}}, {"type": "Feature", "properties": {"type": "postcode-cell", "postcode": "EX16 5NL", "postcodes": ["EX16 5NL"]}, "geometry": {"type": "Polygon", "coordinates": [[[-3.5188712005394898, 50.90227513534619], [-3.514570445931891, 50.90286878119673], [-3.512399781475923, 50.90075735308352], [-3.5120407994529255, 50.900090950534654], [-3.515861125276531, 50.89700350593413], [-3.5188712005394898, 50.90227513534619]]]}}, {"type": "Feature", "properties": {"type": "postcode-cell", "postcode": "EX16 5NW", "postcodes": ["EX16 5NW"]}, "geometry": {"type": "Polygon", "coordinates": [[[-3.517289779133548, 50.89543629745615], [-3.515861125276531, 50.89700350593413], [-3.5120407994529255, 50.900090950534654], [-3.5072700489879756, 50.90054091523315], [-3.507232827427647, 50.90051668297354], [-3.5032652723783717, 50.8972075778573], [-3.504968741199064, 50.894288084663835], [-3.5074260370994255, 50.892029242484874], [-3.508632633647615, 50.8910399392183], [-3.5103008748450613, 50.890155570461815], [-3.5173202637070164, 50.893637440167645], [-3.517289779133548, 50.89543629745615]]]}}, {"type": "Feature", "properties": {"type": "postcode-cell", "postcode": "EX16 5NJ", "postcodes": ["EX16 5NJ"]}, "geometry": {"type": "Polygon", "coordinates": [[[-3.5227290582205892, 50.90716527061982], [-3.5154558262983358, 50.9046524398253], [-3.514570445931891, 50.90286878119673], [-3.5188712005394898, 50.90227513534619], [-3.524069393755013, 50.904542822209166], [-3.5227290582205892, 50.90716527061982]]]}}, {"type": "Feature", "properties": {"type": "postcode-cell", "postcode": "EX16 5NG", "postcodes": ["EX16 5NG"]}, "geometry": {"type": "Polygon", "coordinates": [[[-3.5154558262983358, 50.9046524398253], [-3.5120783874262473, 50.90593911424844], [-3.510551153257462, 50.90422616727744], [-3.512399781475923, 50.90075735308352], [-3.514570445931891, 50.90286878119673], [-3.5154558262983358, 50.9046524398253]]]}}, {"type": "Feature", "properties": {"type": "postcode-cell", "postcode": "EX16 8RL", "postcodes": ["EX16 8RL"]}, "geometry": {"type": "Polygon", "coordinates": [[[-3.5157176037490205, 50.86412304803339], [-3.511196969614112, 50.86596842424019], [-3.504243646865972, 50.86116205130125], [-3.5049099896667655, 50.86087999485264], [-3.507279989668335, 50.86075999485251], [-3.50831998966888, 50.86100999485271], [-3.5091603072550748, 50.86068987905665], [-3.5134159490102648, 50.861813757333366], [-3.5157176037490205, 50.86412304803339]]]}}, {"type": "Feature", "properties": {"type": "postcode-cell", "postcode": "EX16 8HG", "postcodes": ["EX16 8HG"]}, "geometry": {"type": "Polygon", "coordinates": [[[-3.519352575434651, 50.8830015830672], [-3.5094430993446775, 50.88793392806175], [-3.50934586095202, 50.88787177254343], [-3.5066914343011524, 50.88570001263066], [-3.5029929812919494, 50.87916801534318], [-3.521956092938882, 50.87953044154426], [-3.519352575434651, 50.8830015830672]]]}}, {"type": "Feature", "properties": {"type": "postcode-cell", "postcode": "EX16 8HE", "postcodes": ["EX16 8HE"]}, "geometry": {"type": "Polygon", "coordinates": [[[-3.5004039717097823, 50.87691514825902], [-3.4991572098211567, 50.87642061603879], [-3.5066468699657882, 50.86826511814545], [-3.5096481604858316, 50.8674150926496], [-3.517297300215863, 50.87335269605968], [-3.5004039717097823, 50.87691514825902]]]}}, {"type": "Feature", "properties": {"type": "postcode-cell", "postcode": "EX16 5NF", "postcodes": ["EX16 5NF"]}, "geometry": {"type": "Polygon", "coordinates": [[[-3.509836358224039, 50.90826211616161], [-3.5070319050287573, 50.90725352332826], [-3.507347322284872, 50.90444312759539], [-3.510551153257462, 50.90422616727744], [-3.5120783874262473, 50.90593911424844], [-3.509836358224039, 50.90826211616161]]]}}, {"type": "Feature", "properties": {"type": "postcode-cell", "postcode": "EX16 5NH", "postcodes": ["EX16 5NH"]}, "geometry": {"type": "Polygon", "coordinates": [[[-3.512399781475923, 50.90075735308352], [-3.510551153257462, 50.90422616727744], [-3.507347322284872, 50.90444312759539], [-3.50588291700481, 50.902066861746235], [-3.5072700489879756, 50.90054091523315], [-3.5120407994529255, 50.900090950534654], [-3.512399781475923, 50.90075735308352]]]}}, {"type": "Feature", "properties": {"type": "postcode-cell", "postcode": "EX16 8RJ", "postcodes": ["EX16 8RJ"]}, "geometry": {"type": "Polygon", "coordinates": [[[-3.5134159490102648, 50.861813757333366], [-3.5091603072550748, 50.86068987905665], [-3.5099999896702556, 50.86036999485217], [-3.5089299896701496, 50.85914999485124], [-3.5088999896708195, 50.85768999485004], [-3.509919989671844, 50.8568999948494], [-3.5115799896729984, 50.856699994849215], [-3.511199989672204, 50.85786999485017], [-3.5116199896723406, 50.85814999485038], [-3.513059989673269, 50.858129994850344], [-3.513184513843868, 50.858201756901195], [-3.5134159490102648, 50.861813757333366]]]}}, {"type": "Feature", "properties": {"type": "postcode-cell", "postcode": "EX16 5DG", "postcodes": ["EX16 5DG"]}, "geometry": {"type": "Polygon", "coordinates": [[[-3.504968741199064, 50.894288084663835], [-3.4993683339235244, 50.894416733930285], [-3.4986685160599014, 50.89423770658166], [-3.49761303830954, 50.89361018479333], [-3.4976745359305674, 50.893572635316865], [-3.5074260370994255, 50.892029242484874], [-3.504968741199064, 50.894288084663835]]]}}, {"type": "Feature", "properties": {"type": "postcode-cell", "postcode": "EX16 5PD", "postcodes": ["EX16 5PD"]}, "geometry": {"type": "Polygon", "coordinates": [[[-3.5004039717097823, 50.87691514825902], [-3.5029929812919494, 50.87916801534318], [-3.5066914343011524, 50.88570001263066], [-3.4943314064588975, 50.887303352485375], [-3.4928599896474823, 50.885399994872316], [-3.488299989646452, 50.88141999486921], [-3.4894399896475936, 50.88053999486851], [-3.4891599896475762, 50.880199994868214], [-3.489759989648514, 50.87902999486729], [-3.4884799896478698, 50.878659994867], [-3.4880299896482505, 50.877249994865885], [-3.4891363968849007, 50.87567386376597], [-3.4991572098211567, 50.87642061603879], [-3.5004039717097823, 50.87691514825902]]]}}, {"type": "Feature", "properties": {"type": "postcode-cell", "postcode": "EX16 8RN", "postcodes": ["EX16 8RN"]}, "geometry": {"type": "Polygon", "coordinates": [[[-3.511196969614112, 50.86596842424019], [-3.5096481604858316, 50.8674150926496], [-3.5066468699657882, 50.86826511814545], [-3.49922486844275, 50.86388876575665], [-3.500129989662544, 50.86334999485465], [-3.501419989663443, 50.863189994854515], [-3.5030199896651792, 50.8616799948533], [-3.504243646865972, 50.86116205130125], [-3.511196969614112, 50.86596842424019]]]}}, {"type": "Feature", "properties": {"type": "postcode-cell", "postcode": "EX16 5NE", "postcodes": ["EX16 5NE"]}, "geometry": {"type": "Polygon", "coordinates": [[[-3.507347322284872, 50.90444312759539], [-3.5070319050287573, 50.90725352332826], [-3.506701915942849, 50.90726363427505], [-3.504166288297117, 50.90566327435523], [-3.5032166709176593, 50.904178194144215], [-3.5030349307290916, 50.90378689554134], [-3.5033422431073977, 50.90315530087597], [-3.5040638664017107, 50.902620199582586], [-3.50588291700481, 50.902066861746235], [-3.507347322284872, 50.90444312759539]]]}}, {"type": "Feature", "properties": {"type": "postcode-cell", "postcode": "EX16 5NB", "postcodes": ["EX16 5NB"]}, "geometry": {"type": "Polygon", "coordinates": [[[-3.5130321344947855, 50.912132320545794], [-3.509448981832693, 50.91211931517205], [-3.5066976213407655, 50.911867409573276], [-3.504186858313167, 50.91125896207099], [-3.5034166822319484, 50.91075550530503], [-3.502541368172153, 50.908558881072594], [-3.5030622422431326, 50.90825884174752], [-3.506701915942849, 50.90726363427505], [-3.5070319050287573, 50.90725352332826], [-3.509836358224039, 50.90826211616161], [-3.5130321344947855, 50.912132320545794]]]}}, {"type": "Feature", "properties": {"type": "postcode-cell", "postcode": "EX16 5PJ", "postcodes": ["EX16 5PJ"]}, "geometry": {"type": "Polygon", "coordinates": [[[-3.5032652723783717, 50.8972075778573], [-3.5012759676082195, 50.89758202532014], [-3.498921911374165, 50.89605914864218], [-3.4993683339235244, 50.894416733930285], [-3.504968741199064, 50.894288084663835], [-3.5032652723783717, 50.8972075778573]]]}}, {"type": "Feature", "properties": {"type": "postcode-cell", "postcode": "EX16 5BW", "postcodes": ["EX16 5BW"]}, "geometry": {"type": "Polygon", "coordinates": [[[-3.5072700489879756, 50.90054091523315], [-3.50588291700481, 50.902066861746235], [-3.5040638664017107, 50.902620199582586], [-3.502970874262827, 50.90224301740244], [-3.501589570700467, 50.90130778370891], [-3.5018772405440424, 50.9004722947195], [-3.507232827427647, 50.90051668297354], [-3.5072700489879756, 50.90054091523315]]]}}, {"type": "Feature", "properties": {"type": "postcode-cell", "postcode": "EX16 8HD", "postcodes": ["EX16 8HD"]}, "geometry": {"type": "Polygon", "coordinates": [[[-3.5066468699657882, 50.86826511814545], [-3.4991572098211567, 50.87642061603879], [-3.4891363968849007, 50.87567386376597], [-3.489819989650598, 50.87469999486383], [-3.49151998965226, 50.87347999486286], [-3.4964999896581235, 50.86779999485825], [-3.497529989659216, 50.86687999485751], [-3.4973399896595656, 50.865879994856705], [-3.4984499896609993, 50.86434999485548], [-3.49922486844275, 50.86388876575665], [-3.5066468699657882, 50.86826511814545]]]}}, {"type": "Feature", "properties": {"type": "postcode-cell", "postcode": "EX16 5PA", "postcodes": ["EX16 5PA"]}, "geometry": {"type": "Polygon", "coordinates": [[[-3.50934586095202, 50.88787177254343], [-3.4966166396930536, 50.88986158294929], [-3.4956678861006276, 50.889756567614825], [-3.4948699896475386, 50.88799999487437], [-3.4943314064588975, 50.887303352485375], [-3.5066914343011524, 50.88570001263066], [-3.50934586095202, 50.88787177254343]]]}}, {"type": "Feature", "properties": {"type": "postcode-cell", "postcode": "EX16 5QA", "postcodes": ["EX16 5QA"]}, "geometry": {"type": "Polygon", "coordinates": [[[-3.509448981832693, 50.91211931517205], [-3.5043242215494583, 50.91413208027823], [-3.503545445263709, 50.913658914865636], [-3.503499346543579, 50.91355246159514], [-3.5035444114584373, 50.91334998081575], [-3.5066976213407655, 50.911867409573276], [-3.509448981832693, 50.91211931517205]]]}}, {"type": "Feature", "properties": {"type": "postcode-cell", "postcode": "EX16 5AL", "postcodes": ["EX16 5AL"]}, "geometry": {"type": "Polygon", "coordinates": [[[-3.5030622422431326, 50.90825884174752], [-3.5014204138576064, 50.90600611503849], [-3.501632329223154, 50.90584491248173], [-3.502144324394464, 50.905747149796596], [-3.504166288297117, 50.90566327435523], [-3.506701915942849, 50.90726363427505], [-3.5030622422431326, 50.90825884174752]]]}}, {"type": "Feature", "properties": {"type": "postcode-cell", "postcode": "EX16 5AN", "postcodes": ["EX16 5AN"]}, "geometry": {"type": "Polygon", "coordinates": [[[-3.504166288297117, 50.90566327435523], [-3.502144324394464, 50.905747149796596], [-3.5032166709176593, 50.904178194144215], [-3.504166288297117, 50.90566327435523]]]}}, {"type": "Feature", "properties": {"type": "postcode-cell", "postcode": "EX16 5QF", "postcodes": ["EX16 5QF"]}, "geometry": {"type": "Polygon", "coordinates": [[[-3.5066976213407655, 50.911867409573276], [-3.5035444114584373, 50.91334998081575], [-3.502747382581337, 50.912851669028356], [-3.5035371433993454, 50.91174506622353], [-3.504186858313167, 50.91125896207099], [-3.5066976213407655, 50.911867409573276]]]}}, {"type": "Feature", "properties": {"type": "postcode-cell", "postcode": "EX16 5FE", "postcodes": ["EX16 5FE"]}, "geometry": {"type": "Polygon", "coordinates": [[[-3.5035371433993454, 50.91174506622353], [-3.5017982725835783, 50.912263184008054], [-3.5013551506716043, 50.911698015290106], [-3.5031730983307274, 50.91081649313944], [-3.5034166822319484, 50.91075550530503], [-3.504186858313167, 50.91125896207099], [-3.5035371433993454, 50.91174506622353]]]}}, {"type": "Feature", "properties": {"type": "postcode-cell", "postcode": "EX16 5FP", "postcodes": ["EX16 5FP"]}, "geometry": {"type": "Polygon", "coordinates": [[[-3.4994411981614206, 50.9125044599484], [-3.500453064438897, 50.9125597169868], [-3.500751755188952, 50.91279745723285], [-3.499840288811072, 50.91482193733162], [-3.498713567346646, 50.915976658498735], [-3.4973799896359217, 50.91602999489674], [-3.494579989635189, 50.913779994894995], [-3.4946323008454057, 50.91341631541476], [-3.4994411981614206, 50.9125044599484]]]}}, {"type": "Feature", "properties": {"type": "postcode-cell", "postcode": "EX16 5QD", "postcodes": ["EX16 5QD"]}, "geometry": {"type": "Polygon", "coordinates": [[[-3.503545445263709, 50.913658914865636], [-3.500150802318545, 50.91604301340029], [-3.4998799896375687, 50.91592999489663], [-3.498713567346646, 50.915976658498735], [-3.499840288811072, 50.91482193733162], [-3.501721733241534, 50.913639026072445], [-3.503499346543579, 50.91355246159514], [-3.503545445263709, 50.913658914865636]]]}}, {"type": "Feature", "properties": {"type": "postcode-cell", "postcode": "EX16 5FD", "postcodes": ["EX16 5FD"]}, "geometry": {"type": "Polygon", "coordinates": [[[-3.502747382581337, 50.912851669028356], [-3.5021999065495426, 50.91291109241046], [-3.5016051228407363, 50.912570280317425], [-3.5017982725835783, 50.912263184008054], [-3.5035371433993454, 50.91174506622353], [-3.502747382581337, 50.912851669028356]]]}}, {"type": "Feature", "properties": {"type": "postcode-cell", "postcode": "EX16 5QE", "postcodes": ["EX16 5QE"]}, "geometry": {"type": "Polygon", "coordinates": [[[-3.5035444114584373, 50.91334998081575], [-3.503499346543579, 50.91355246159514], [-3.501721733241534, 50.913639026072445], [-3.5021999065495426, 50.91291109241046], [-3.502747382581337, 50.912851669028356], [-3.5035444114584373, 50.91334998081575]]]}}, {"type": "Feature", "properties": {"type": "postcode-cell", "postcode": "EX16 5AW", "postcodes": ["EX16 5AW"]}, "geometry": {"type": "Polygon", "coordinates": [[[-3.5032166709176593, 50.904178194144215], [-3.502144324394464, 50.905747149796596], [-3.501632329223154, 50.90584491248173], [-3.5016553494913807, 50.90476141896722], [-3.5022669771791244, 50.90417363553526], [-3.5030349307290916, 50.90378689554134], [-3.5032166709176593, 50.904178194144215]]]}}, {"type": "Feature", "properties": {"type": "postcode-cell", "postcode": "EX16 5BL", "postcodes": ["EX16 5BL"]}, "geometry": {"type": "Polygon", "coordinates": [[[-3.507232827427647, 50.90051668297354], [-3.5018772405440424, 50.9004722947195], [-3.5014497370928215, 50.9003754750975], [-3.500192555168576, 50.898808404106894], [-3.500808115205721, 50.8978115599087], [-3.5012759676082195, 50.89758202532014], [-3.5032652723783717, 50.8972075778573], [-3.507232827427647, 50.90051668297354]]]}}, {"type": "Feature", "properties": {"type": "postcode-cell", "postcode": "EX16 5FA", "postcodes": ["EX16 5FA"]}, "geometry": {"type": "Polygon", "coordinates": [[[-3.500751755188952, 50.91279745723285], [-3.501558827926212, 50.91257373829661], [-3.5016051228407363, 50.912570280317425], [-3.5021999065495426, 50.91291109241046], [-3.501721733241534, 50.913639026072445], [-3.499840288811072, 50.91482193733162], [-3.500751755188952, 50.91279745723285]]]}}, {"type": "Feature", "properties": {"type": "postcode-cell", "postcode": "EX16 5AF", "postcodes": ["EX16 5AF"]}, "geometry": {"type": "Polygon", "coordinates": [[[-3.5031730983307274, 50.91081649313944], [-3.5006573869577418, 50.910928542331], [-3.4997833270255527, 50.90998360608224], [-3.499646273674905, 50.909678475312894], [-3.4996865376762445, 50.909636552464534], [-3.499721963266512, 50.90961322386439], [-3.502163405711211, 50.90857436863706], [-3.502541368172153, 50.908558881072594], [-3.5034166822319484, 50.91075550530503], [-3.5031730983307274, 50.91081649313944]]]}}, {"type": "Feature", "properties": {"type": "postcode-cell", "postcode": "EX16 5BT", "postcodes": ["EX16 5BT"]}, "geometry": {"type": "Polygon", "coordinates": [[[-3.5040638664017107, 50.902620199582586], [-3.5033422431073977, 50.90315530087597], [-3.500804457614356, 50.90317791138934], [-3.4995123572009135, 50.90276594675676], [-3.500425937760359, 50.90193338254872], [-3.502970874262827, 50.90224301740244], [-3.5040638664017107, 50.902620199582586]]]}}, {"type": "Feature", "properties": {"type": "postcode-cell", "postcode": "EX16 5BN", "postcodes": ["EX16 5BN"]}, "geometry": {"type": "Polygon", "coordinates": [[[-3.5018772405440424, 50.9004722947195], [-3.501589570700467, 50.90130778370891], [-3.5007410855860055, 50.900986881564606], [-3.5014497370928215, 50.9003754750975], [-3.5018772405440424, 50.9004722947195]]]}}, {"type": "Feature", "properties": {"type": "postcode-cell", "postcode": "EX16 5FG", "postcodes": ["EX16 5FG"]}, "geometry": {"type": "Polygon", "coordinates": [[[-3.5013551506716043, 50.911698015290106], [-3.5004946066154234, 50.91172033177756], [-3.5004451819167755, 50.91169792528897], [-3.5002998868118045, 50.911586858085386], [-3.5006573869577418, 50.910928542331], [-3.5031730983307274, 50.91081649313944], [-3.5013551506716043, 50.911698015290106]]]}}, {"type": "Feature", "properties": {"type": "postcode-cell", "postcode": "EX16 5DA", "postcodes": ["EX16 5DA"]}, "geometry": {"type": "Polygon", "coordinates": [[[-3.502970874262827, 50.90224301740244], [-3.500425937760359, 50.90193338254872], [-3.4998623549914636, 50.9013487424992], [-3.5002940983085735, 50.90101204982031], [-3.5007410855860055, 50.900986881564606], [-3.501589570700467, 50.90130778370891], [-3.502970874262827, 50.90224301740244]]]}}, {"type": "Feature", "properties": {"type": "postcode-cell", "postcode": "EX16 5BB", "postcodes": ["EX16 5BB"]}, "geometry": {"type": "Polygon", "coordinates": [[[-3.5022669771791244, 50.90417363553526], [-3.5002992930012997, 50.904267187214984], [-3.5000091244415144, 50.90388588692375], [-3.500804457614356, 50.90317791138934], [-3.5033422431073977, 50.90315530087597], [-3.5030349307290916, 50.90378689554134], [-3.5022669771791244, 50.90417363553526]]]}}, {"type": "Feature", "properties": {"type": "postcode-cell", "postcode": "EX16 5FB", "postcodes": ["EX16 5FB"]}, "geometry": {"type": "Polygon", "coordinates": [[[-3.5017982725835783, 50.912263184008054], [-3.5016051228407363, 50.912570280317425], [-3.501558827926212, 50.91257373829661], [-3.5005255182067976, 50.911819582661195], [-3.5004946066154234, 50.91172033177756], [-3.5013551506716043, 50.911698015290106], [-3.5017982725835783, 50.912263184008054]]]}}, {"type": "Feature", "properties": {"type": "postcode-cell", "postcode": "EX16 5BJ", "postcodes": ["EX16 5BJ"]}, "geometry": {"type": "Polygon", "coordinates": [[[-3.5007410855860055, 50.900986881564606], [-3.5002940983085735, 50.90101204982031], [-3.4994553871001517, 50.89944379400489], [-3.500192555168576, 50.898808404106894], [-3.5014497370928215, 50.9003754750975], [-3.5007410855860055, 50.900986881564606]]]}}, {"type": "Feature", "properties": {"type": "postcode-cell", "postcode": "EX16 5FH", "postcodes": ["EX16 5FH"]}, "geometry": {"type": "Polygon", "coordinates": [[[-3.500453064438897, 50.9125597169868], [-3.5005255182067976, 50.911819582661195], [-3.501558827926212, 50.91257373829661], [-3.500751755188952, 50.91279745723285], [-3.500453064438897, 50.9125597169868]]]}}, {"type": "Feature", "properties": {"type": "postcode-cell", "postcode": "EX16 5FJ", "postcodes": ["EX16 5FJ"]}, "geometry": {"type": "Polygon", "coordinates": [[[-3.5004946066154234, 50.91172033177756], [-3.5005255182067976, 50.911819582661195], [-3.500453064438897, 50.9125597169868], [-3.4994411981614206, 50.9125044599484], [-3.5004451819167755, 50.91169792528897], [-3.5004946066154234, 50.91172033177756]]]}}, {"type": "Feature", "properties": {"type": "postcode-cell", "postcode": "EX16 5PN", "postcodes": ["EX16 5PN"]}, "geometry": {"type": "Polygon", "coordinates": [[[-3.5014204138576064, 50.90600611503849], [-3.501016915506909, 50.905975870263475], [-3.5002320833100256, 50.90512457248436], [-3.5002000311821853, 50.90501207271039], [-3.5016553494913807, 50.90476141896722], [-3.501632329223154, 50.90584491248173], [-3.5014204138576064, 50.90600611503849]]]}}, {"type": "Feature", "properties": {"type": "postcode-cell", "postcode": "EX16 5BA", "postcodes": ["EX16 5BA"]}, "geometry": {"type": "Polygon", "coordinates": [[[-3.5002000311821853, 50.90501207271039], [-3.49997727442237, 50.90488456195796], [-3.499980472772725, 50.90464815772101], [-3.5002992930012997, 50.904267187214984], [-3.5022669771791244, 50.90417363553526], [-3.5016553494913807, 50.90476141896722], [-3.5002000311821853, 50.90501207271039]]]}}, {"type": "Feature", "properties": {"type": "postcode-cell", "postcode": "EX16 5AJ", "postcodes": ["EX16 5AJ"]}, "geometry": {"type": "Polygon", "coordinates": [[[-3.502541368172153, 50.908558881072594], [-3.502163405711211, 50.90857436863706], [-3.501631939298049, 50.908350336709454], [-3.499715947717988, 50.907009553133506], [-3.50059316623505, 50.90608724043622], [-3.501016915506909, 50.905975870263475], [-3.5014204138576064, 50.90600611503849], [-3.5030622422431326, 50.90825884174752], [-3.502541368172153, 50.908558881072594]]]}}, {"type": "Feature", "properties": {"type": "postcode-cell", "postcode": "EX16 5BY", "postcodes": ["EX16 5BY"]}, "geometry": {"type": "Polygon", "coordinates": [[[-3.501016915506909, 50.905975870263475], [-3.50059316623505, 50.90608724043622], [-3.4993117738215678, 50.90585868596746], [-3.5002320833100256, 50.90512457248436], [-3.501016915506909, 50.905975870263475]]]}}, {"type": "Feature", "properties": {"type": "postcode-cell", "postcode": "EX16 5DB", "postcodes": ["EX16 5DB"]}, "geometry": {"type": "Polygon", "coordinates": [[[-3.500425937760359, 50.90193338254872], [-3.4995123572009135, 50.90276594675676], [-3.4993225882659877, 50.902772644307966], [-3.498592376613173, 50.902371529785455], [-3.498464699164179, 50.90144255046977], [-3.4998623549914636, 50.9013487424992], [-3.500425937760359, 50.90193338254872]]]}}, {"type": "Feature", "properties": {"type": "postcode-cell", "postcode": "EX16 5PB", "postcodes": ["EX16 5PB"]}, "geometry": {"type": "Polygon", "coordinates": [[[-3.5074260370994255, 50.892029242484874], [-3.4976745359305674, 50.893572635316865], [-3.4985633215870067, 50.892698339977876], [-3.5037901912195495, 50.89137549554995], [-3.508632633647615, 50.8910399392183], [-3.5074260370994255, 50.892029242484874]]]}}, {"type": "Feature", "properties": {"type": "postcode-cell", "postcode": "EX16 5AZ", "postcodes": ["EX16 5AZ"]}, "geometry": {"type": "Polygon", "coordinates": [[[-3.5000091244415144, 50.90388588692375], [-3.499457229632536, 50.90385728314799], [-3.498775368422372, 50.903536992774846], [-3.4993225882659877, 50.902772644307966], [-3.4995123572009135, 50.90276594675676], [-3.500804457614356, 50.90317791138934], [-3.5000091244415144, 50.90388588692375]]]}}, {"type": "Feature", "properties": {"type": "postcode-cell", "postcode": "EX16 5BQ", "postcodes": ["EX16 5BQ"]}, "geometry": {"type": "Polygon", "coordinates": [[[-3.500808115205721, 50.8978115599087], [-3.4982957919230437, 50.89776736035163], [-3.496672282536283, 50.89707326160178], [-3.4962504142464605, 50.895706641904155], [-3.497632116800572, 50.89570797871442], [-3.498921911374165, 50.89605914864218], [-3.5012759676082195, 50.89758202532014], [-3.500808115205721, 50.8978115599087]]]}}, {"type": "Feature", "properties": {"type": "postcode-cell", "postcode": "EX16 5AY", "postcodes": ["EX16 5AY"]}, "geometry": {"type": "Polygon", "coordinates": [[[-3.5002992930012997, 50.904267187214984], [-3.499980472772725, 50.90464815772101], [-3.4992914919881963, 50.904319663309586], [-3.499457229632536, 50.90385728314799], [-3.5000091244415144, 50.90388588692375], [-3.5002992930012997, 50.904267187214984]]]}}, {"type": "Feature", "properties": {"type": "postcode-cell", "postcode": "EX16 5DF", "postcodes": ["EX16 5DF"]}, "geometry": {"type": "Polygon", "coordinates": [[[-3.502163405711211, 50.90857436863706], [-3.499721963266512, 50.90961322386439], [-3.498312133747496, 50.9084182878817], [-3.4991468669076986, 50.90804607166644], [-3.501631939298049, 50.908350336709454], [-3.502163405711211, 50.90857436863706]]]}}, {"type": "Feature", "properties": {"type": "postcode-cell", "postcode": "EX16 5FN", "postcodes": ["EX16 5FN"]}, "geometry": {"type": "Polygon", "coordinates": [[[-3.5006573869577418, 50.910928542331], [-3.5002998868118045, 50.911586858085386], [-3.4999271589877714, 50.9115509797516], [-3.4995265593059166, 50.91088884175438], [-3.4997833270255527, 50.90998360608224], [-3.5006573869577418, 50.910928542331]]]}}, {"type": "Feature", "properties": {"type": "postcode-cell", "postcode": "EX16 5AT", "postcodes": ["EX16 5AT"]}, "geometry": {"type": "Polygon", "coordinates": [[[-3.5002320833100256, 50.90512457248436], [-3.4993117738215678, 50.90585868596746], [-3.499306113591377, 50.90585893058836], [-3.4991428703262963, 50.90501775567083], [-3.49997727442237, 50.90488456195796], [-3.5002000311821853, 50.90501207271039], [-3.5002320833100256, 50.90512457248436]]]}}, {"type": "Feature", "properties": {"type": "postcode-cell", "postcode": "EX16 5BH", "postcodes": ["EX16 5BH"]}, "geometry": {"type": "Polygon", "coordinates": [[[-3.4998623549914636, 50.9013487424992], [-3.498464699164179, 50.90144255046977], [-3.4971048406416885, 50.90068348766003], [-3.4973962062853112, 50.90030854931653], [-3.4994553871001517, 50.89944379400489], [-3.5002940983085735, 50.90101204982031], [-3.4998623549914636, 50.9013487424992]]]}}, {"type": "Feature", "properties": {"type": "postcode-cell", "postcode": "EX16 5PP", "postcodes": ["EX16 5PP"]}, "geometry": {"type": "Polygon", "coordinates": [[[-3.508632633647615, 50.8910399392183], [-3.5037901912195495, 50.89137549554995], [-3.5004875086744254, 50.89128766093081], [-3.496652028963387, 50.88988264276057], [-3.4966166396930536, 50.88986158294929], [-3.50934586095202, 50.88787177254343], [-3.5094430993446775, 50.88793392806175], [-3.5103008748450613, 50.890155570461815], [-3.508632633647615, 50.8910399392183]]]}}, {"type": "Feature", "properties": {"type": "postcode-cell", "postcode": "EX16 5AS", "postcodes": ["EX16 5AS"]}, "geometry": {"type": "Polygon", "coordinates": [[[-3.499715947717988, 50.907009553133506], [-3.4994677536021426, 50.906969393174215], [-3.4991538825596855, 50.90591454980824], [-3.499306113591377, 50.90585893058836], [-3.4993117738215678, 50.90585868596746], [-3.50059316623505, 50.90608724043622], [-3.499715947717988, 50.907009553133506]]]}}, {"type": "Feature", "properties": {"type": "postcode-cell", "postcode": "EX16 5FQ", "postcodes": ["EX16 5FQ"]}, "geometry": {"type": "Polygon", "coordinates": [[[-3.5004451819167755, 50.91169792528897], [-3.4994411981614206, 50.9125044599484], [-3.4946323008454057, 50.91341631541476], [-3.4947899896360126, 50.91231999489379], [-3.494819186492167, 50.912296935005976], [-3.497186882040385, 50.91187873258712], [-3.4999271589877714, 50.9115509797516], [-3.5002998868118045, 50.911586858085386], [-3.5004451819167755, 50.91169792528897]]]}}, {"type": "Feature", "properties": {"type": "postcode-cell", "postcode": "EX16 5PE", "postcodes": ["EX16 5PE"]}, "geometry": {"type": "Polygon", "coordinates": [[[-3.4993683339235244, 50.894416733930285], [-3.498921911374165, 50.89605914864218], [-3.497632116800572, 50.89570797871442], [-3.4986685160599014, 50.89423770658166], [-3.4993683339235244, 50.894416733930285]]]}}, {"type": "Feature", "properties": {"type": "postcode-cell", "postcode": "EX16 5PH", "postcodes": ["EX16 5PH"]}, "geometry": {"type": "Polygon", "coordinates": [[[-3.4985633215870067, 50.892698339977876], [-3.498053389652511, 50.89179535001562], [-3.4985054998063827, 50.89151681465131], [-3.5004875086744254, 50.89128766093081], [-3.5037901912195495, 50.89137549554995], [-3.4985633215870067, 50.892698339977876]]]}}, {"type": "Feature", "properties": {"type": "postcode-cell", "postcode": "EX16 5AD", "postcodes": ["EX16 5AD"]}, "geometry": {"type": "Polygon", "coordinates": [[[-3.4967884014728106, 50.907905119443456], [-3.497610785948626, 50.9085699139322], [-3.4974730742161886, 50.908830713943544], [-3.496613045709855, 50.90920310217735], [-3.4956825745254867, 50.90827263647638], [-3.4967884014728106, 50.907905119443456]]]}}, {"type": "Feature", "properties": {"type": "postcode-cell", "postcode": "EX16 5FR", "postcodes": ["EX16 5FR"]}, "geometry": {"type": "Polygon", "coordinates": [[[-3.4999271589877714, 50.9115509797516], [-3.497186882040385, 50.91187873258712], [-3.4995265593059166, 50.91088884175438], [-3.4999271589877714, 50.9115509797516]]]}}, {"type": "Feature", "properties": {"type": "postcode-cell", "postcode": "EX16 5NY", "postcodes": ["EX16 5NY"]}, "geometry": {"type": "Polygon", "coordinates": [[[-3.500192555168576, 50.898808404106894], [-3.4994553871001517, 50.89944379400489], [-3.4973962062853112, 50.90030854931653], [-3.4962735359443364, 50.89887565485088], [-3.4965388469419176, 50.89857046919507], [-3.4982957919230437, 50.89776736035163], [-3.500808115205721, 50.8978115599087], [-3.500192555168576, 50.898808404106894]]]}}, {"type": "Feature", "properties": {"type": "postcode-cell", "postcode": "EX16 5AX", "postcodes": ["EX16 5AX"]}, "geometry": {"type": "Polygon", "coordinates": [[[-3.49997727442237, 50.90488456195796], [-3.4991428703262963, 50.90501775567083], [-3.4991420146435326, 50.905017609450226], [-3.498601124459604, 50.90452613110107], [-3.498713609630665, 50.90443201973656], [-3.4992914919881963, 50.904319663309586], [-3.499980472772725, 50.90464815772101], [-3.49997727442237, 50.90488456195796]]]}}, {"type": "Feature", "properties": {"type": "postcode-cell", "postcode": "EX16 5BD", "postcodes": ["EX16 5BD"]}, "geometry": {"type": "Polygon", "coordinates": [[[-3.4992914919881963, 50.904319663309586], [-3.498713609630665, 50.90443201973656], [-3.4986590619925164, 50.9035750481679], [-3.498775368422372, 50.903536992774846], [-3.499457229632536, 50.90385728314799], [-3.4992914919881963, 50.904319663309586]]]}}, {"type": "Feature", "properties": {"type": "postcode-cell", "postcode": "EX16 5FL", "postcodes": ["EX16 5FL"]}, "geometry": {"type": "Polygon", "coordinates": [[[-3.4997833270255527, 50.90998360608224], [-3.4995265593059166, 50.91088884175438], [-3.497186882040385, 50.91187873258712], [-3.494819186492167, 50.912296935005976], [-3.497046479533639, 50.91053771481189], [-3.499646273674905, 50.909678475312894], [-3.4997833270255527, 50.90998360608224]]]}}, {"type": "Feature", "properties": {"type": "postcode-cell", "postcode": "EX16 5DE", "postcodes": ["EX16 5DE"]}, "geometry": {"type": "Polygon", "coordinates": [[[-3.49761303830954, 50.89361018479333], [-3.497085154107731, 50.89360032715107], [-3.497348284755629, 50.89184665861405], [-3.498053389652511, 50.89179535001562], [-3.4985633215870067, 50.892698339977876], [-3.4976745359305674, 50.893572635316865], [-3.49761303830954, 50.89361018479333]]]}}, {"type": "Feature", "properties": {"type": "postcode-cell", "postcode": "EX16 5BX", "postcodes": ["EX16 5BX"]}, "geometry": {"type": "Polygon", "coordinates": [[[-3.4986590619925164, 50.9035750481679], [-3.498024555063113, 50.90362321499537], [-3.497023402040032, 50.90281631227955], [-3.498592376613173, 50.902371529785455], [-3.4993225882659877, 50.902772644307966], [-3.498775368422372, 50.903536992774846], [-3.4986590619925164, 50.9035750481679]]]}}, {"type": "Feature", "properties": {"type": "postcode-cell", "postcode": "EX16 5AR", "postcodes": ["EX16 5AR"]}, "geometry": {"type": "Polygon", "coordinates": [[[-3.4994677536021426, 50.906969393174215], [-3.498976400257254, 50.90700799810219], [-3.4986450711477413, 50.90693817483494], [-3.4983799716545145, 50.906790714848604], [-3.498715931573953, 50.905920192063256], [-3.4991538825596855, 50.90591454980824], [-3.4994677536021426, 50.906969393174215]]]}}, {"type": "Feature", "properties": {"type": "postcode-cell", "postcode": "EX16 5BE", "postcodes": ["EX16 5BE"]}, "geometry": {"type": "Polygon", "coordinates": [[[-3.501631939298049, 50.908350336709454], [-3.4991468669076986, 50.90804607166644], [-3.4986459683447473, 50.90774790606692], [-3.498976400257254, 50.90700799810219], [-3.4994677536021426, 50.906969393174215], [-3.499715947717988, 50.907009553133506], [-3.501631939298049, 50.908350336709454]]]}}, {"type": "Feature", "properties": {"type": "postcode-cell", "postcode": "EX16 5BS", "postcodes": ["EX16 5BS"]}, "geometry": {"type": "Polygon", "coordinates": [[[-3.498713609630665, 50.90443201973656], [-3.498601124459604, 50.90452613110107], [-3.498036749413438, 50.90454977496675], [-3.49780360585685, 50.90425763064573], [-3.498006424991759, 50.903638615701574], [-3.498024555063113, 50.90362321499537], [-3.4986590619925164, 50.9035750481679], [-3.498713609630665, 50.90443201973656]]]}}, {"type": "Feature", "properties": {"type": "postcode-cell", "postcode": "EX16 5AP", "postcodes": ["EX16 5AP"]}, "geometry": {"type": "Polygon", "coordinates": [[[-3.4991538825596855, 50.90591454980824], [-3.498715931573953, 50.905920192063256], [-3.497891822510579, 50.90566209403099], [-3.498020339020188, 50.905390442176156], [-3.4991420146435326, 50.905017609450226], [-3.4991428703262963, 50.90501775567083], [-3.499306113591377, 50.90585893058836], [-3.4991538825596855, 50.90591454980824]]]}}, {"type": "Feature", "properties": {"type": "postcode-cell", "postcode": "EX16 5AE", "postcodes": ["EX16 5AE"]}, "geometry": {"type": "Polygon", "coordinates": [[[-3.4974730742161886, 50.908830713943544], [-3.4996865376762445, 50.909636552464534], [-3.499646273674905, 50.909678475312894], [-3.497046479533639, 50.91053771481189], [-3.497549989638807, 50.91013999489203], [-3.496613045709855, 50.90920310217735], [-3.4974730742161886, 50.908830713943544]]]}}, {"type": "Feature", "properties": {"type": "postcode-cell", "postcode": "EX16 5PR", "postcodes": ["EX16 5PR"]}, "geometry": {"type": "Polygon", "coordinates": [[[-3.498053389652511, 50.89179535001562], [-3.497348284755629, 50.89184665861405], [-3.4960877385932547, 50.89144365404404], [-3.496259989646983, 50.891059994876805], [-3.4956678861006276, 50.889756567614825], [-3.4966166396930536, 50.88986158294929], [-3.496652028963387, 50.88988264276057], [-3.4985054998063827, 50.89151681465131], [-3.498053389652511, 50.89179535001562]]]}}, {"type": "Feature", "properties": {"type": "postcode-cell", "postcode": "EX16 5PW", "postcodes": ["EX16 5PW"]}, "geometry": {"type": "Polygon", "coordinates": [[[-3.4985054998063827, 50.89151681465131], [-3.496652028963387, 50.88988264276057], [-3.5004875086744254, 50.89128766093081], [-3.4985054998063827, 50.89151681465131]]]}}, {"type": "Feature", "properties": {"type": "postcode-cell", "postcode": "EX16 5AU", "postcodes": ["EX16 5AU"]}, "geometry": {"type": "Polygon", "coordinates": [[[-3.498020339020188, 50.905390442176156], [-3.497762585627707, 50.904822943934875], [-3.498036749413438, 50.90454977496675], [-3.498601124459604, 50.90452613110107], [-3.4991420146435326, 50.905017609450226], [-3.498020339020188, 50.905390442176156]]]}}, {"type": "Feature", "properties": {"type": "postcode-cell", "postcode": "EX16 5AH", "postcodes": ["EX16 5AH"]}, "geometry": {"type": "Polygon", "coordinates": [[[-3.498715931573953, 50.905920192063256], [-3.4983799716545145, 50.906790714848604], [-3.49728907662782, 50.906606721941365], [-3.4965591697106544, 50.90609171635855], [-3.497891822510579, 50.90566209403099], [-3.498715931573953, 50.905920192063256]]]}}, {"type": "Feature", "properties": {"type": "postcode-cell", "postcode": "EX16 5AQ", "postcodes": ["EX16 5AQ"]}, "geometry": {"type": "Polygon", "coordinates": [[[-3.498312133747496, 50.9084182878817], [-3.4981427111325636, 50.90839311888029], [-3.497986751013814, 50.90780008425955], [-3.4986459683447473, 50.90774790606692], [-3.4991468669076986, 50.90804607166644], [-3.498312133747496, 50.9084182878817]]]}}, {"type": "Feature", "properties": {"type": "postcode-cell", "postcode": "EX16 5AG", "postcodes": ["EX16 5AG"]}, "geometry": {"type": "Polygon", "coordinates": [[[-3.4996865376762445, 50.909636552464534], [-3.4974730742161886, 50.908830713943544], [-3.497610785948626, 50.9085699139322], [-3.4981427111325636, 50.90839311888029], [-3.498312133747496, 50.9084182878817], [-3.499721963266512, 50.90961322386439], [-3.4996865376762445, 50.909636552464534]]]}}, {"type": "Feature", "properties": {"type": "postcode-cell", "postcode": "EX16 5BU", "postcodes": ["EX16 5BU"]}, "geometry": {"type": "Polygon", "coordinates": [[[-3.4986459683447473, 50.90774790606692], [-3.497986751013814, 50.90780008425955], [-3.4975963604162263, 50.90764905019291], [-3.4986450711477413, 50.90693817483494], [-3.498976400257254, 50.90700799810219], [-3.4986459683447473, 50.90774790606692]]]}}, {"type": "Feature", "properties": {"type": "postcode-cell", "postcode": "EX16 5BR", "postcodes": ["EX16 5BR"]}, "geometry": {"type": "Polygon", "coordinates": [[[-3.498592376613173, 50.902371529785455], [-3.497023402040032, 50.90281631227955], [-3.496425543540833, 50.902758358435136], [-3.496289145506906, 50.90270399987452], [-3.496288911581167, 50.902703679275795], [-3.4960101629874205, 50.90161280829894], [-3.4969340022165447, 50.900733356498314], [-3.4971048406416885, 50.90068348766003], [-3.498464699164179, 50.90144255046977], [-3.498592376613173, 50.902371529785455]]]}}, {"type": "Feature", "properties": {"type": "postcode-cell", "postcode": "EX16 5BZ", "postcodes": ["EX16 5BZ"]}, "geometry": {"type": "Polygon", "coordinates": [[[-3.497986751013814, 50.90780008425955], [-3.4981427111325636, 50.90839311888029], [-3.497610785948626, 50.9085699139322], [-3.4967884014728106, 50.907905119443456], [-3.4969723246103634, 50.90773159478124], [-3.497239795111453, 50.90762669581083], [-3.4975963604162263, 50.90764905019291], [-3.497986751013814, 50.90780008425955]]]}}, {"type": "Feature", "properties": {"type": "postcode-cell", "postcode": "EX16 5AB", "postcodes": ["EX16 5AB"]}, "geometry": {"type": "Polygon", "coordinates": [[[-3.4975963604162263, 50.90764905019291], [-3.497239795111453, 50.90762669581083], [-3.49728907662782, 50.906606721941365], [-3.4983799716545145, 50.906790714848604], [-3.4986450711477413, 50.90693817483494], [-3.4975963604162263, 50.90764905019291]]]}}, {"type": "Feature", "properties": {"type": "postcode-cell", "postcode": "EX16 5LP", "postcodes": ["EX16 5LP"]}, "geometry": {"type": "Polygon", "coordinates": [[[-3.498036749413438, 50.90454977496675], [-3.497762585627707, 50.904822943934875], [-3.4968589329643636, 50.90478780390356], [-3.4968545763171313, 50.90423448412251], [-3.49780360585685, 50.90425763064573], [-3.498036749413438, 50.90454977496675]]]}}, {"type": "Feature", "properties": {"type": "postcode-cell", "postcode": "EX16 5LR", "postcodes": ["EX16 5LR"]}, "geometry": {"type": "Polygon", "coordinates": [[[-3.497891822510579, 50.90566209403099], [-3.4965591697106544, 50.90609171635855], [-3.4964590511253903, 50.90608025732397], [-3.496340334489598, 50.90506921119721], [-3.4968589329643636, 50.90478780390356], [-3.497762585627707, 50.904822943934875], [-3.498020339020188, 50.905390442176156], [-3.497891822510579, 50.90566209403099]]]}}, {"type": "Feature", "properties": {"type": "postcode-cell", "postcode": "EX16 5PG", "postcodes": ["EX16 5PG"]}, "geometry": {"type": "Polygon", "coordinates": [[[-3.4986685160599014, 50.89423770658166], [-3.497632116800572, 50.89570797871442], [-3.4962504142464605, 50.895706641904155], [-3.4958960975315, 50.895545592371214], [-3.4957301109401566, 50.89520123821196], [-3.495759020308206, 50.894978800384045], [-3.4967777489574, 50.89364144023639], [-3.497085154107731, 50.89360032715107], [-3.49761303830954, 50.89361018479333], [-3.4986685160599014, 50.89423770658166]]]}}, {"type": "Feature", "properties": {"type": "postcode-cell", "postcode": "EX16 5LS", "postcodes": ["EX16 5LS"]}, "geometry": {"type": "Polygon", "coordinates": [[[-3.49780360585685, 50.90425763064573], [-3.4968545763171313, 50.90423448412251], [-3.4965592136402788, 50.90398373240564], [-3.4965986152376582, 50.90392571951308], [-3.498006424991759, 50.903638615701574], [-3.49780360585685, 50.90425763064573]]]}}, {"type": "Feature", "properties": {"type": "postcode-cell", "postcode": "EX16 5GZ", "postcodes": ["EX16 5GZ"]}, "geometry": {"type": "Polygon", "coordinates": [[[-3.496672282536283, 50.89707326160178], [-3.4952567968987043, 50.89751222403361], [-3.495004830210709, 50.89721285050822], [-3.4953101127769064, 50.8958581571539], [-3.4958960975315, 50.895545592371214], [-3.4962504142464605, 50.895706641904155], [-3.496672282536283, 50.89707326160178]]]}}, {"type": "Feature", "properties": {"type": "postcode-cell", "postcode": "EX16 5BG", "postcodes": ["EX16 5BG"]}, "geometry": {"type": "Polygon", "coordinates": [[[-3.4967777489574, 50.89364144023639], [-3.495027298053361, 50.89278008673105], [-3.4955999896458674, 50.89252999487797], [-3.4960877385932547, 50.89144365404404], [-3.497348284755629, 50.89184665861405], [-3.497085154107731, 50.89360032715107], [-3.4967777489574, 50.89364144023639]]]}}, {"type": "Feature", "properties": {"type": "postcode-cell", "postcode": "EX16 5BP", "postcodes": ["EX16 5BP"]}, "geometry": {"type": "Polygon", "coordinates": [[[-3.498006424991759, 50.903638615701574], [-3.4965986152376582, 50.90392571951308], [-3.496425543540833, 50.902758358435136], [-3.497023402040032, 50.90281631227955], [-3.498024555063113, 50.90362321499537], [-3.498006424991759, 50.903638615701574]]]}}, {"type": "Feature", "properties": {"type": "postcode-cell", "postcode": "EX16 5ED", "postcodes": ["EX16 5ED"]}, "geometry": {"type": "Polygon", "coordinates": [[[-3.495759020308206, 50.894978800384045], [-3.4957301109401566, 50.89520123821196], [-3.4929560771838277, 50.895117465646834], [-3.492051003858338, 50.89476069469217], [-3.4924099896430154, 50.8942499948794], [-3.493028986696267, 50.893754800342975], [-3.495759020308206, 50.894978800384045]]]}}, {"type": "Feature", "properties": {"type": "postcode-cell", "postcode": "EX16 5GT", "postcodes": ["EX16 5GT"]}, "geometry": {"type": "Polygon", "coordinates": [[[-3.4971048406416885, 50.90068348766003], [-3.4969340022165447, 50.900733356498314], [-3.495387459538247, 50.90031943962849], [-3.495020920654149, 50.89992810911642], [-3.494937650468595, 50.8997121285197], [-3.4958471456454476, 50.89889580864606], [-3.4962735359443364, 50.89887565485088], [-3.4973962062853112, 50.90030854931653], [-3.4971048406416885, 50.90068348766003]]]}}, {"type": "Feature", "properties": {"type": "postcode-cell", "postcode": "EX16 5QG", "postcodes": ["EX16 5QG"]}, "geometry": {"type": "Polygon", "coordinates": [[[-3.4955465929795895, 50.90669983848718], [-3.4969723246103634, 50.90773159478124], [-3.4967884014728106, 50.907905119443456], [-3.4956825745254867, 50.90827263647638], [-3.4945199896382975, 50.907109994889645], [-3.494509489041243, 50.907108927693336], [-3.4955465929795895, 50.90669983848718]]]}}, {"type": "Feature", "properties": {"type": "postcode-cell", "postcode": "EX16 5LL", "postcodes": ["EX16 5LL"]}, "geometry": {"type": "Polygon", "coordinates": [[[-3.4926662156060275, 50.90444583236119], [-3.4933173121822407, 50.90494819953441], [-3.4932263855805354, 50.905382106766666], [-3.492930886973281, 50.90592897234766], [-3.4917137576601194, 50.90682475659914], [-3.4908799896361415, 50.906739994889385], [-3.4896299896356116, 50.90616999488894], [-3.489649774520395, 50.90604820359374], [-3.4926662156060275, 50.90444583236119]]]}}, {"type": "Feature", "properties": {"type": "postcode-cell", "postcode": "EX16 5LW", "postcodes": ["EX16 5LW"]}, "geometry": {"type": "Polygon", "coordinates": [[[-3.4968545763171313, 50.90423448412251], [-3.4968589329643636, 50.90478780390356], [-3.496340334489598, 50.90506921119721], [-3.4959873760104534, 50.904889630599094], [-3.4958776554845343, 50.90439935201988], [-3.496433424436467, 50.904008340310426], [-3.4965592136402788, 50.90398373240564], [-3.4968545763171313, 50.90423448412251]]]}}, {"type": "Feature", "properties": {"type": "postcode-cell", "postcode": "EX16 5AA", "postcodes": ["EX16 5AA"]}, "geometry": {"type": "Polygon", "coordinates": [[[-3.49728907662782, 50.906606721941365], [-3.497239795111453, 50.90762669581083], [-3.4969723246103634, 50.90773159478124], [-3.4955465929795895, 50.90669983848718], [-3.4963555202332945, 50.90610724909977], [-3.4964590511253903, 50.90608025732397], [-3.4965591697106544, 50.90609171635855], [-3.49728907662782, 50.906606721941365]]]}}, {"type": "Feature", "properties": {"type": "postcode-cell", "postcode": "EX16 5HW", "postcodes": ["EX16 5HW"]}, "geometry": {"type": "Polygon", "coordinates": [[[-3.4982957919230437, 50.89776736035163], [-3.4965388469419176, 50.89857046919507], [-3.4952239664429516, 50.897555038859515], [-3.4952567968987043, 50.89751222403361], [-3.496672282536283, 50.89707326160178], [-3.4982957919230437, 50.89776736035163]]]}}, {"type": "Feature", "properties": {"type": "postcode-cell", "postcode": "EX16 5NZ", "postcodes": ["EX16 5NZ"]}, "geometry": {"type": "Polygon", "coordinates": [[[-3.4967777489574, 50.89364144023639], [-3.495759020308206, 50.894978800384045], [-3.493028986696267, 50.893754800342975], [-3.4933099896439317, 50.8935299948788], [-3.495027298053361, 50.89278008673105], [-3.4967777489574, 50.89364144023639]]]}}, {"type": "Feature", "properties": {"type": "postcode-cell", "postcode": "EX16 5JY", "postcodes": ["EX16 5JY"]}, "geometry": {"type": "Polygon", "coordinates": [[[-3.4965986152376582, 50.90392571951308], [-3.4965592136402788, 50.90398373240564], [-3.496433424436467, 50.904008340310426], [-3.4961399604782697, 50.903938408253424], [-3.495599479316134, 50.90363644005647], [-3.4955982053641272, 50.90326001233974], [-3.495746442963386, 50.90304444698214], [-3.496289145506906, 50.90270399987452], [-3.496425543540833, 50.902758358435136], [-3.4965986152376582, 50.90392571951308]]]}}, {"type": "Feature", "properties": {"type": "postcode-cell", "postcode": "EX16 5LB", "postcodes": ["EX16 5LB"]}, "geometry": {"type": "Polygon", "coordinates": [[[-3.4964590511253903, 50.90608025732397], [-3.4963555202332945, 50.90610724909977], [-3.495762562019032, 50.90589081267487], [-3.494878574073522, 50.90518174114325], [-3.4948782480663283, 50.905177224150925], [-3.4954189782049703, 50.904892056804485], [-3.4959873760104534, 50.904889630599094], [-3.496340334489598, 50.90506921119721], [-3.4964590511253903, 50.90608025732397]]]}}, {"type": "Feature", "properties": {"type": "postcode-cell", "postcode": "EX16 5JZ", "postcodes": ["EX16 5JZ"]}, "geometry": {"type": "Polygon", "coordinates": [[[-3.496433424436467, 50.904008340310426], [-3.4958776554845343, 50.90439935201988], [-3.4949570129072765, 50.90418957360508], [-3.4949622866936276, 50.904119320790905], [-3.4950534306841585, 50.904036524428015], [-3.4950569604644, 50.9040350600933], [-3.4961399604782697, 50.903938408253424], [-3.496433424436467, 50.904008340310426]]]}}, {"type": "Feature", "properties": {"type": "postcode-cell", "postcode": "EX16 5LF", "postcodes": ["EX16 5LF"]}, "geometry": {"type": "Polygon", "coordinates": [[[-3.494509489041243, 50.907108927693336], [-3.4917137576601194, 50.90682475659914], [-3.492930886973281, 50.90592897234766], [-3.494077576645632, 50.90572568285089], [-3.495762562019032, 50.90589081267487], [-3.4963555202332945, 50.90610724909977], [-3.4955465929795895, 50.90669983848718], [-3.494509489041243, 50.907108927693336]]]}}, {"type": "Feature", "properties": {"type": "postcode-cell", "postcode": "EX16 5HL", "postcodes": ["EX16 5HL"]}, "geometry": {"type": "Polygon", "coordinates": [[[-3.4958471456454476, 50.89889580864606], [-3.4946891664738406, 50.89864191858945], [-3.494645943550085, 50.89847252200317], [-3.4951483696307863, 50.897591572290935], [-3.4952239664429516, 50.897555038859515], [-3.4965388469419176, 50.89857046919507], [-3.4962735359443364, 50.89887565485088], [-3.4958471456454476, 50.89889580864606]]]}}, {"type": "Feature", "properties": {"type": "postcode-cell", "postcode": "EX16 5JU", "postcodes": ["EX16 5JU"]}, "geometry": {"type": "Polygon", "coordinates": [[[-3.4955982053641272, 50.90326001233974], [-3.4949681903001824, 50.90353770312113], [-3.4942492188208996, 50.903396614897474], [-3.4943399394767845, 50.90316872236947], [-3.495746442963386, 50.90304444698214], [-3.4955982053641272, 50.90326001233974]]]}}, {"type": "Feature", "properties": {"type": "postcode-cell", "postcode": "EX16 5LA", "postcodes": ["EX16 5LA"]}, "geometry": {"type": "Polygon", "coordinates": [[[-3.4958776554845343, 50.90439935201988], [-3.4959873760104534, 50.904889630599094], [-3.4954189782049703, 50.904892056804485], [-3.4947653246667274, 50.90436735953094], [-3.4949570129072765, 50.90418957360508], [-3.4958776554845343, 50.90439935201988]]]}}, {"type": "Feature", "properties": {"type": "postcode-cell", "postcode": "EX16 5LT", "postcodes": ["EX16 5LT"]}, "geometry": {"type": "Polygon", "coordinates": [[[-3.4961399604782697, 50.903938408253424], [-3.4950569604644, 50.9040350600933], [-3.495599479316134, 50.90363644005647], [-3.4961399604782697, 50.903938408253424]]]}}, {"type": "Feature", "properties": {"type": "postcode-cell", "postcode": "EX16 5HB", "postcodes": ["EX16 5HB"]}, "geometry": {"type": "Polygon", "coordinates": [[[-3.494937650468595, 50.8997121285197], [-3.4944709094122444, 50.899468187255245], [-3.4941311100409367, 50.898954896445176], [-3.4946891664738406, 50.89864191858945], [-3.4958471456454476, 50.89889580864606], [-3.494937650468595, 50.8997121285197]]]}}, {"type": "Feature", "properties": {"type": "postcode-cell", "postcode": "EX16 5JX", "postcodes": ["EX16 5JX"]}, "geometry": {"type": "Polygon", "coordinates": [[[-3.495599479316134, 50.90363644005647], [-3.4950569604644, 50.9040350600933], [-3.4950534306841585, 50.904036524428015], [-3.4949681903001824, 50.90353770312113], [-3.4955982053641272, 50.90326001233974], [-3.495599479316134, 50.90363644005647]]]}}, {"type": "Feature", "properties": {"type": "postcode-cell", "postcode": "EX16 5EP", "postcodes": ["EX16 5EP"]}, "geometry": {"type": "Polygon", "coordinates": [[[-3.4952239664429516, 50.897555038859515], [-3.4951483696307863, 50.897591572290935], [-3.4942253210967853, 50.89759602948082], [-3.4935396488563466, 50.89709612569028], [-3.4935445922937296, 50.897045014857106], [-3.4937477247371462, 50.89691500321491], [-3.4944425822535705, 50.89696431766612], [-3.495004830210709, 50.89721285050822], [-3.4952567968987043, 50.89751222403361], [-3.4952239664429516, 50.897555038859515]]]}}, {"type": "Feature", "properties": {"type": "postcode-cell", "postcode": "EX16 5LN", "postcodes": ["EX16 5LN"]}, "geometry": {"type": "Polygon", "coordinates": [[[-3.496289145506906, 50.90270399987452], [-3.495746442963386, 50.90304444698214], [-3.4943399394767845, 50.90316872236947], [-3.4941448558089245, 50.902834560843324], [-3.494328836098871, 50.9026211904882], [-3.496288911581167, 50.902703679275795], [-3.496289145506906, 50.90270399987452]]]}}, {"type": "Feature", "properties": {"type": "postcode-cell", "postcode": "EX16 5JP", "postcodes": ["EX16 5JP"]}, "geometry": {"type": "Polygon", "coordinates": [[[-3.4949570129072765, 50.90418957360508], [-3.4947653246667274, 50.90436735953094], [-3.4946915082602086, 50.90439324993242], [-3.494054610531047, 50.90449794885492], [-3.4936566821989743, 50.90410393220915], [-3.493893141694726, 50.90376069870729], [-3.494058640318534, 50.90362410418564], [-3.4949622866936276, 50.904119320790905], [-3.4949570129072765, 50.90418957360508]]]}}, {"type": "Feature", "properties": {"type": "postcode-cell", "postcode": "EX16 5LD", "postcodes": ["EX16 5LD"]}, "geometry": {"type": "Polygon", "coordinates": [[[-3.495762562019032, 50.90589081267487], [-3.494077576645632, 50.90572568285089], [-3.494878574073522, 50.90518174114325], [-3.495762562019032, 50.90589081267487]]]}}, {"type": "Feature", "properties": {"type": "postcode-cell", "postcode": "EX16 5JS", "postcodes": ["EX16 5JS"]}, "geometry": {"type": "Polygon", "coordinates": [[[-3.4954189782049703, 50.904892056804485], [-3.4948782480663283, 50.905177224150925], [-3.494762647646203, 50.90511445539949], [-3.4946915082602086, 50.90439324993242], [-3.4947653246667274, 50.90436735953094], [-3.4954189782049703, 50.904892056804485]]]}}, {"type": "Feature", "properties": {"type": "postcode-cell", "postcode": "EX16 5JT", "postcodes": ["EX16 5JT"]}, "geometry": {"type": "Polygon", "coordinates": [[[-3.4949622866936276, 50.904119320790905], [-3.494058640318534, 50.90362410418564], [-3.494065112387731, 50.90354469065248], [-3.4942492188208996, 50.903396614897474], [-3.4949681903001824, 50.90353770312113], [-3.4950534306841585, 50.904036524428015], [-3.4949622866936276, 50.904119320790905]]]}}, {"type": "Feature", "properties": {"type": "postcode-cell", "postcode": "EX16 5HE", "postcodes": ["EX16 5HE"]}, "geometry": {"type": "Polygon", "coordinates": [[[-3.4969340022165447, 50.900733356498314], [-3.4960101629874205, 50.90161280829894], [-3.495691361784304, 50.90162700474375], [-3.4941502018659842, 50.90140670525047], [-3.494377043742787, 50.90053983133611], [-3.495387459538247, 50.90031943962849], [-3.4969340022165447, 50.900733356498314]]]}}, {"type": "Feature", "properties": {"type": "postcode-cell", "postcode": "EX16 5JJ", "postcodes": ["EX16 5JJ"]}, "geometry": {"type": "Polygon", "coordinates": [[[-3.496288911581167, 50.902703679275795], [-3.494328836098871, 50.9026211904882], [-3.494253152183801, 50.902352761546936], [-3.495691361784304, 50.90162700474375], [-3.4960101629874205, 50.90161280829894], [-3.496288911581167, 50.902703679275795]]]}}, {"type": "Feature", "properties": {"type": "postcode-cell", "postcode": "EX16 5EB", "postcodes": ["EX16 5EB"]}, "geometry": {"type": "Polygon", "coordinates": [[[-3.4929560771838277, 50.895117465646834], [-3.493516311500854, 50.896103568894645], [-3.4927167067073817, 50.89631129485692], [-3.491180540596552, 50.89599898149653], [-3.492051003858338, 50.89476069469217], [-3.4929560771838277, 50.895117465646834]]]}}, {"type": "Feature", "properties": {"type": "postcode-cell", "postcode": "EX16 5FF", "postcodes": ["EX16 5FF"]}, "geometry": {"type": "Polygon", "coordinates": [[[-3.495004830210709, 50.89721285050822], [-3.4944425822535705, 50.89696431766612], [-3.4948066002554676, 50.896017994231165], [-3.4953101127769064, 50.8958581571539], [-3.495004830210709, 50.89721285050822]]]}}, {"type": "Feature", "properties": {"type": "postcode-cell", "postcode": "EX16 5EE", "postcodes": ["EX16 5EE"]}, "geometry": {"type": "Polygon", "coordinates": [[[-3.4958960975315, 50.895545592371214], [-3.4953101127769064, 50.8958581571539], [-3.4948066002554676, 50.896017994231165], [-3.4938620877350934, 50.89618522550104], [-3.493516311500854, 50.896103568894645], [-3.4929560771838277, 50.895117465646834], [-3.4957301109401566, 50.89520123821196], [-3.4958960975315, 50.895545592371214]]]}}, {"type": "Feature", "properties": {"type": "postcode-cell", "postcode": "EX16 5HF", "postcodes": ["EX16 5HF"]}, "geometry": {"type": "Polygon", "coordinates": [[[-3.495387459538247, 50.90031943962849], [-3.494377043742787, 50.90053983133611], [-3.493766572765043, 50.90042157858947], [-3.4937693041738074, 50.90025337249688], [-3.494045754728789, 50.89994089715192], [-3.495020920654149, 50.89992810911642], [-3.495387459538247, 50.90031943962849]]]}}, {"type": "Feature", "properties": {"type": "postcode-cell", "postcode": "EX16 5JL", "postcodes": ["EX16 5JL"]}, "geometry": {"type": "Polygon", "coordinates": [[[-3.4943399394767845, 50.90316872236947], [-3.4942492188208996, 50.903396614897474], [-3.494065112387731, 50.90354469065248], [-3.493185640787145, 50.903290648056085], [-3.4934430101836327, 50.902837635523774], [-3.4941448558089245, 50.902834560843324], [-3.4943399394767845, 50.90316872236947]]]}}, {"type": "Feature", "properties": {"type": "postcode-cell", "postcode": "EX16 5JH", "postcodes": ["EX16 5JH"]}, "geometry": {"type": "Polygon", "coordinates": [[[-3.494253152183801, 50.902352761546936], [-3.494057502856659, 50.90226166043445], [-3.494009619127016, 50.9015472555625], [-3.494122999212779, 50.9014113739793], [-3.4941502018659842, 50.90140670525047], [-3.495691361784304, 50.90162700474375], [-3.494253152183801, 50.902352761546936]]]}}, {"type": "Feature", "properties": {"type": "postcode-cell", "postcode": "EX16 5EH", "postcodes": ["EX16 5EH"]}, "geometry": {"type": "Polygon", "coordinates": [[[-3.4944425822535705, 50.89696431766612], [-3.4937477247371462, 50.89691500321491], [-3.4938620877350934, 50.89618522550104], [-3.4948066002554676, 50.896017994231165], [-3.4944425822535705, 50.89696431766612]]]}}, {"type": "Feature", "properties": {"type": "postcode-cell", "postcode": "EX16 5LE", "postcodes": ["EX16 5LE"]}, "geometry": {"type": "Polygon", "coordinates": [[[-3.4948782480663283, 50.905177224150925], [-3.494878574073522, 50.90518174114325], [-3.494077576645632, 50.90572568285089], [-3.492930886973281, 50.90592897234766], [-3.4932263855805354, 50.905382106766666], [-3.494503773715225, 50.90505748235412], [-3.494762647646203, 50.90511445539949], [-3.4948782480663283, 50.905177224150925]]]}}, {"type": "Feature", "properties": {"type": "postcode-cell", "postcode": "EX16 5JR", "postcodes": ["EX16 5JR"]}, "geometry": {"type": "Polygon", "coordinates": [[[-3.494762647646203, 50.90511445539949], [-3.494503773715225, 50.90505748235412], [-3.4940019928772776, 50.90455848599531], [-3.494054610531047, 50.90449794885492], [-3.4946915082602086, 50.90439324993242], [-3.494762647646203, 50.90511445539949]]]}}, {"type": "Feature", "properties": {"type": "postcode-cell", "postcode": "EX16 5JD", "postcodes": ["EX16 5JD"]}, "geometry": {"type": "Polygon", "coordinates": [[[-3.494253152183801, 50.902352761546936], [-3.494328836098871, 50.9026211904882], [-3.4941448558089245, 50.902834560843324], [-3.4934430101836327, 50.902837635523774], [-3.4931668208787476, 50.90265014202387], [-3.493369312742258, 50.902302900669525], [-3.4935167465323214, 50.90224537294643], [-3.494057502856659, 50.90226166043445], [-3.494253152183801, 50.902352761546936]]]}}, {"type": "Feature", "properties": {"type": "postcode-cell", "postcode": "EX16 5LQ", "postcodes": ["EX16 5LQ"]}, "geometry": {"type": "Polygon", "coordinates": [[[-3.4926662156060275, 50.90444583236119], [-3.4926377102742934, 50.90425579102818], [-3.4930487143246833, 50.90410591823072], [-3.4936566821989743, 50.90410393220915], [-3.494054610531047, 50.90449794885492], [-3.4940019928772776, 50.90455848599531], [-3.4933173121822407, 50.90494819953441], [-3.4926662156060275, 50.90444583236119]]]}}, {"type": "Feature", "properties": {"type": "postcode-cell", "postcode": "EX16 5EN", "postcodes": ["EX16 5EN"]}, "geometry": {"type": "Polygon", "coordinates": [[[-3.494645943550085, 50.89847252200317], [-3.493711748043002, 50.898076801653566], [-3.493664819216937, 50.8979111213778], [-3.4942253210967853, 50.89759602948082], [-3.4951483696307863, 50.897591572290935], [-3.494645943550085, 50.89847252200317]]]}}, {"type": "Feature", "properties": {"type": "postcode-cell", "postcode": "EX16 5EW", "postcodes": ["EX16 5EW"]}, "geometry": {"type": "Polygon", "coordinates": [[[-3.4946891664738406, 50.89864191858945], [-3.4941311100409367, 50.898954896445176], [-3.4934362894799205, 50.89899625827246], [-3.493062435841075, 50.89879123616038], [-3.4930976387942523, 50.89851357378206], [-3.493711748043002, 50.898076801653566], [-3.494645943550085, 50.89847252200317], [-3.4946891664738406, 50.89864191858945]]]}}, {"type": "Feature", "properties": {"type": "postcode-cell", "postcode": "EX16 5HG", "postcodes": ["EX16 5HG"]}, "geometry": {"type": "Polygon", "coordinates": [[[-3.495020920654149, 50.89992810911642], [-3.494045754728789, 50.89994089715192], [-3.4939011976715424, 50.89973112802007], [-3.4944709094122444, 50.899468187255245], [-3.494937650468595, 50.8997121285197], [-3.495020920654149, 50.89992810911642]]]}}, {"type": "Feature", "properties": {"type": "postcode-cell", "postcode": "EX16 5HD", "postcodes": ["EX16 5HD"]}, "geometry": {"type": "Polygon", "coordinates": [[[-3.4944709094122444, 50.899468187255245], [-3.4939011976715424, 50.89973112802007], [-3.493429236736877, 50.89964956404041], [-3.4932436183044464, 50.89941624066748], [-3.4934362894799205, 50.89899625827246], [-3.4941311100409367, 50.898954896445176], [-3.4944709094122444, 50.899468187255245]]]}}, {"type": "Feature", "properties": {"type": "postcode-cell", "postcode": "EX16 5JQ", "postcodes": ["EX16 5JQ"]}, "geometry": {"type": "Polygon", "coordinates": [[[-3.494377043742787, 50.90053983133611], [-3.4941502018659842, 50.90140670525047], [-3.494122999212779, 50.9014113739793], [-3.4936880930182306, 50.90127575830021], [-3.4934367643406534, 50.90051883358216], [-3.493448743634642, 50.90051182141909], [-3.493766572765043, 50.90042157858947], [-3.494377043742787, 50.90053983133611]]]}}, {"type": "Feature", "properties": {"type": "postcode-cell", "postcode": "EX16 5EF", "postcodes": ["EX16 5EF"]}, "geometry": {"type": "Polygon", "coordinates": [[[-3.4935445922937296, 50.897045014857106], [-3.49283307674063, 50.89682774060584], [-3.4927167067073817, 50.89631129485692], [-3.493516311500854, 50.896103568894645], [-3.4938620877350934, 50.89618522550104], [-3.4937477247371462, 50.89691500321491], [-3.4935445922937296, 50.897045014857106]]]}}, {"type": "Feature", "properties": {"type": "postcode-cell", "postcode": "EX16 5LG", "postcodes": ["EX16 5LG"]}, "geometry": {"type": "Polygon", "coordinates": [[[-3.4933173121822407, 50.90494819953441], [-3.4940019928772776, 50.90455848599531], [-3.494503773715225, 50.90505748235412], [-3.4932263855805354, 50.905382106766666], [-3.4933173121822407, 50.90494819953441]]]}}, {"type": "Feature", "properties": {"type": "postcode-cell", "postcode": "EX16 5HQ", "postcodes": ["EX16 5HQ"]}, "geometry": {"type": "Polygon", "coordinates": [[[-3.494045754728789, 50.89994089715192], [-3.4937693041738074, 50.90025337249688], [-3.4933696367261318, 50.89983707083205], [-3.493429236736877, 50.89964956404041], [-3.4939011976715424, 50.89973112802007], [-3.494045754728789, 50.89994089715192]]]}}, {"type": "Feature", "properties": {"type": "postcode-cell", "postcode": "EX16 5JE", "postcodes": ["EX16 5JE"]}, "geometry": {"type": "Polygon", "coordinates": [[[-3.494057502856659, 50.90226166043445], [-3.4935167465323214, 50.90224537294643], [-3.493449350018523, 50.90182925431665], [-3.494009619127016, 50.9015472555625], [-3.494057502856659, 50.90226166043445]]]}}, {"type": "Feature", "properties": {"type": "postcode-cell", "postcode": "EX16 5EL", "postcodes": ["EX16 5EL"]}, "geometry": {"type": "Polygon", "coordinates": [[[-3.493664819216937, 50.8979111213778], [-3.4931790788849715, 50.89773998799301], [-3.4932140983392896, 50.897376261774625], [-3.4935396488563466, 50.89709612569028], [-3.4942253210967853, 50.89759602948082], [-3.493664819216937, 50.8979111213778]]]}}, {"type": "Feature", "properties": {"type": "postcode-cell", "postcode": "EX16 5JF", "postcodes": ["EX16 5JF"]}, "geometry": {"type": "Polygon", "coordinates": [[[-3.494009619127016, 50.9015472555625], [-3.493449350018523, 50.90182925431665], [-3.492970268951007, 50.90180182040436], [-3.492546287475435, 50.901465817878986], [-3.4929064249769706, 50.90127899986841], [-3.4936880930182306, 50.90127575830021], [-3.494122999212779, 50.9014113739793], [-3.494009619127016, 50.9015472555625]]]}}, {"type": "Feature", "properties": {"type": "postcode-cell", "postcode": "EX16 5ER", "postcodes": ["EX16 5ER"]}, "geometry": {"type": "Polygon", "coordinates": [[[-3.4930976387942523, 50.89851357378206], [-3.492797489656375, 50.89820657185744], [-3.4927974896670544, 50.897845760677406], [-3.4931790788849715, 50.89773998799301], [-3.493664819216937, 50.8979111213778], [-3.493711748043002, 50.898076801653566], [-3.4930976387942523, 50.89851357378206]]]}}, {"type": "Feature", "properties": {"type": "postcode-cell", "postcode": "EX16 5JG", "postcodes": ["EX16 5JG"]}, "geometry": {"type": "Polygon", "coordinates": [[[-3.4936880930182306, 50.90127575830021], [-3.4929064249769706, 50.90127899986841], [-3.492814947281556, 50.90063568209322], [-3.4934367643406534, 50.90051883358216], [-3.4936880930182306, 50.90127575830021]]]}}, {"type": "Feature", "properties": {"type": "postcode-cell", "postcode": "EX16 5NP", "postcodes": ["EX16 5NP"]}, "geometry": {"type": "Polygon", "coordinates": [[[-3.493766572765043, 50.90042157858947], [-3.493448743634642, 50.90051182141909], [-3.492999830371052, 50.900024573291745], [-3.4933696367261318, 50.89983707083205], [-3.4937693041738074, 50.90025337249688], [-3.493766572765043, 50.90042157858947]]]}}, {"type": "Feature", "properties": {"type": "postcode-cell", "postcode": "EX16 5HJ", "postcodes": ["EX16 5HJ"]}, "geometry": {"type": "Polygon", "coordinates": [[[-3.4933696367261318, 50.89983707083205], [-3.492999830371052, 50.900024573291745], [-3.492312336761075, 50.899994703713155], [-3.4921968590186507, 50.89982974534905], [-3.492615564005489, 50.899594913307645], [-3.4932436183044464, 50.89941624066748], [-3.493429236736877, 50.89964956404041], [-3.4933696367261318, 50.89983707083205]]]}}, {"type": "Feature", "properties": {"type": "postcode-cell", "postcode": "EX16 5EZ", "postcodes": ["EX16 5EZ"]}, "geometry": {"type": "Polygon", "coordinates": [[[-3.4932436183044464, 50.89941624066748], [-3.492615564005489, 50.899594913307645], [-3.4923048431030184, 50.89907192156816], [-3.492375690016853, 50.89886069047163], [-3.4924741150092053, 50.89882077505585], [-3.493062435841075, 50.89879123616038], [-3.4934362894799205, 50.89899625827246], [-3.4932436183044464, 50.89941624066748]]]}}, {"type": "Feature", "properties": {"type": "postcode-cell", "postcode": "EX16 5JW", "postcodes": ["EX16 5JW"]}, "geometry": {"type": "Polygon", "coordinates": [[[-3.494058640318534, 50.90362410418564], [-3.493893141694726, 50.90376069870729], [-3.493052481274464, 50.903687972898915], [-3.4928747959438713, 50.903439111432505], [-3.4929945981535306, 50.903343096367585], [-3.493185640787145, 50.903290648056085], [-3.494065112387731, 50.90354469065248], [-3.494058640318534, 50.90362410418564]]]}}, {"type": "Feature", "properties": {"type": "postcode-cell", "postcode": "EX16 5EJ", "postcodes": ["EX16 5EJ"]}, "geometry": {"type": "Polygon", "coordinates": [[[-3.4935396488563466, 50.89709612569028], [-3.4932140983392896, 50.897376261774625], [-3.4925551334786817, 50.8973192386069], [-3.4923038489524285, 50.8970515333139], [-3.49283307674063, 50.89682774060584], [-3.4935445922937296, 50.897045014857106], [-3.4935396488563466, 50.89709612569028]]]}}, {"type": "Feature", "properties": {"type": "postcode-cell", "postcode": "EX16 5HZ", "postcodes": ["EX16 5HZ"]}, "geometry": {"type": "Polygon", "coordinates": [[[-3.4934430101836327, 50.902837635523774], [-3.493185640787145, 50.903290648056085], [-3.4929945981535306, 50.903343096367585], [-3.492446799307926, 50.90286101917571], [-3.4924634153428658, 50.90283612522268], [-3.492897223912918, 50.90265364109904], [-3.4931668208787476, 50.90265014202387], [-3.4934430101836327, 50.902837635523774]]]}}, {"type": "Feature", "properties": {"type": "postcode-cell", "postcode": "EX16 5LH", "postcodes": ["EX16 5LH"]}, "geometry": {"type": "Polygon", "coordinates": [[[-3.4936566821989743, 50.90410393220915], [-3.4930487143246833, 50.90410591823072], [-3.493052481274464, 50.903687972898915], [-3.493893141694726, 50.90376069870729], [-3.4936566821989743, 50.90410393220915]]]}}, {"type": "Feature", "properties": {"type": "postcode-cell", "postcode": "EX16 5DW", "postcodes": ["EX16 5DW"]}, "geometry": {"type": "Polygon", "coordinates": [[[-3.492970268951007, 50.90180182040436], [-3.492878824115099, 50.902102350897515], [-3.4924666253407266, 50.902224134925405], [-3.4921949075597114, 50.9021895739292], [-3.492159383100961, 50.901573803076026], [-3.4924907405701133, 50.901469469642514], [-3.492546287475435, 50.901465817878986], [-3.492970268951007, 50.90180182040436]]]}}, {"type": "Feature", "properties": {"type": "postcode-cell", "postcode": "EX16 5JB", "postcodes": ["EX16 5JB"]}, "geometry": {"type": "Polygon", "coordinates": [[[-3.4935167465323214, 50.90224537294643], [-3.493369312742258, 50.902302900669525], [-3.492878824115099, 50.902102350897515], [-3.492970268951007, 50.90180182040436], [-3.493449350018523, 50.90182925431665], [-3.4935167465323214, 50.90224537294643]]]}}, {"type": "Feature", "properties": {"type": "postcode-cell", "postcode": "EX16 5HH", "postcodes": ["EX16 5HH"]}, "geometry": {"type": "Polygon", "coordinates": [[[-3.4934367643406534, 50.90051883358216], [-3.492814947281556, 50.90063568209322], [-3.492274339687419, 50.900501316586094], [-3.492312336761075, 50.899994703713155], [-3.492999830371052, 50.900024573291745], [-3.493448743634642, 50.90051182141909], [-3.4934367643406534, 50.90051883358216]]]}}, {"type": "Feature", "properties": {"type": "postcode-cell", "postcode": "EX16 5ES", "postcodes": ["EX16 5ES"]}, "geometry": {"type": "Polygon", "coordinates": [[[-3.4931790788849715, 50.89773998799301], [-3.4927974896670544, 50.897845760677406], [-3.4923403941359865, 50.89774395759883], [-3.4925551334786817, 50.8973192386069], [-3.4932140983392896, 50.897376261774625], [-3.4931790788849715, 50.89773998799301]]]}}, {"type": "Feature", "properties": {"type": "postcode-cell", "postcode": "EX16 5JA", "postcodes": ["EX16 5JA"]}, "geometry": {"type": "Polygon", "coordinates": [[[-3.4931668208787476, 50.90265014202387], [-3.492897223912918, 50.90265364109904], [-3.4924666253407266, 50.902224134925405], [-3.492878824115099, 50.902102350897515], [-3.493369312742258, 50.902302900669525], [-3.4931668208787476, 50.90265014202387]]]}}, {"type": "Feature", "properties": {"type": "postcode-cell", "postcode": "EX16 5DP", "postcodes": ["EX16 5DP"]}, "geometry": {"type": "Polygon", "coordinates": [[[-3.492546287475435, 50.901465817878986], [-3.4924907405701133, 50.901469469642514], [-3.491930800324101, 50.90063783069302], [-3.492274339687419, 50.900501316586094], [-3.492814947281556, 50.90063568209322], [-3.4929064249769706, 50.90127899986841], [-3.492546287475435, 50.901465817878986]]]}}, {"type": "Feature", "properties": {"type": "postcode-cell", "postcode": "EX16 5HY", "postcodes": ["EX16 5HY"]}, "geometry": {"type": "Polygon", "coordinates": [[[-3.493052481274464, 50.903687972898915], [-3.4930487143246833, 50.90410591823072], [-3.4926377102742934, 50.90425579102818], [-3.4926282894211913, 50.904251590272125], [-3.4925172812048286, 50.903816295261656], [-3.492723326210692, 50.903468999295505], [-3.4928747959438713, 50.903439111432505], [-3.493052481274464, 50.903687972898915]]]}}, {"type": "Feature", "properties": {"type": "postcode-cell", "postcode": "EX16 5HN", "postcodes": ["EX16 5HN"]}, "geometry": {"type": "Polygon", "coordinates": [[[-3.493062435841075, 50.89879123616038], [-3.4924741150092053, 50.89882077505585], [-3.4919890298876664, 50.89825104262188], [-3.492797489656375, 50.89820657185744], [-3.4930976387942523, 50.89851357378206], [-3.493062435841075, 50.89879123616038]]]}}, {"type": "Feature", "properties": {"type": "postcode-cell", "postcode": "EX16 5EA", "postcodes": ["EX16 5EA"]}, "geometry": {"type": "Polygon", "coordinates": [[[-3.491927791208599, 50.897025859983195], [-3.4916124263109274, 50.897617833745315], [-3.490869652145331, 50.89760057996752], [-3.49019198848715, 50.8974273744457], [-3.4902799896402232, 50.89727999488183], [-3.49097382075209, 50.896293042547676], [-3.491927791208599, 50.897025859983195]]]}}, {"type": "Feature", "properties": {"type": "postcode-cell", "postcode": "EX16 5EG", "postcodes": ["EX16 5EG"]}, "geometry": {"type": "Polygon", "coordinates": [[[-3.49283307674063, 50.89682774060584], [-3.4923038489524285, 50.8970515333139], [-3.491927791208599, 50.897025859983195], [-3.49097382075209, 50.896293042547676], [-3.491180540596552, 50.89599898149653], [-3.4927167067073817, 50.89631129485692], [-3.49283307674063, 50.89682774060584]]]}}, {"type": "Feature", "properties": {"type": "postcode-cell", "postcode": "EX16 5ET", "postcodes": ["EX16 5ET"]}, "geometry": {"type": "Polygon", "coordinates": [[[-3.492797489656375, 50.89820657185744], [-3.4919890298876664, 50.89825104262188], [-3.4918408214047183, 50.898180166376854], [-3.4919110589328124, 50.897798951345756], [-3.4923403941359865, 50.89774395759883], [-3.4927974896670544, 50.897845760677406], [-3.492797489656375, 50.89820657185744]]]}}, {"type": "Feature", "properties": {"type": "postcode-cell", "postcode": "EX16 5EQ", "postcodes": ["EX16 5EQ"]}, "geometry": {"type": "Polygon", "coordinates": [[[-3.4925551334786817, 50.8973192386069], [-3.4923403941359865, 50.89774395759883], [-3.4919110589328124, 50.897798951345756], [-3.4916124263109274, 50.897617833745315], [-3.491927791208599, 50.897025859983195], [-3.4923038489524285, 50.8970515333139], [-3.4925551334786817, 50.8973192386069]]]}}, {"type": "Feature", "properties": {"type": "postcode-cell", "postcode": "EX16 5HU", "postcodes": ["EX16 5HU"]}, "geometry": {"type": "Polygon", "coordinates": [[[-3.4924634153428658, 50.90283612522268], [-3.4919543322110393, 50.90240597584352], [-3.4919513464541105, 50.90231126394964], [-3.4921949075597114, 50.9021895739292], [-3.4924666253407266, 50.902224134925405], [-3.492897223912918, 50.90265364109904], [-3.4924634153428658, 50.90283612522268]]]}}, {"type": "Feature", "properties": {"type": "postcode-cell", "postcode": "EX16 5HA", "postcodes": ["EX16 5HA"]}, "geometry": {"type": "Polygon", "coordinates": [[[-3.4921968590186507, 50.89982974534905], [-3.4918122118064225, 50.899712742402286], [-3.491796440278289, 50.89957566334837], [-3.4923048431030184, 50.89907192156816], [-3.492615564005489, 50.899594913307645], [-3.4921968590186507, 50.89982974534905]]]}}, {"type": "Feature", "properties": {"type": "postcode-cell", "postcode": "EX16 5JN", "postcodes": ["EX16 5JN"]}, "geometry": {"type": "Polygon", "coordinates": [[[-3.4925172812048286, 50.903816295261656], [-3.491913470818435, 50.90369088339484], [-3.4918824144271845, 50.903645793031245], [-3.4920704231204023, 50.90340500670866], [-3.492723326210692, 50.903468999295505], [-3.4925172812048286, 50.903816295261656]]]}}, {"type": "Feature", "properties": {"type": "postcode-cell", "postcode": "EX16 5HX", "postcodes": ["EX16 5HX"]}, "geometry": {"type": "Polygon", "coordinates": [[[-3.4928747959438713, 50.903439111432505], [-3.492723326210692, 50.903468999295505], [-3.4920704231204023, 50.90340500670866], [-3.4918622804295563, 50.903110723846034], [-3.492446799307926, 50.90286101917571], [-3.4929945981535306, 50.903343096367585], [-3.4928747959438713, 50.903439111432505]]]}}, {"type": "Feature", "properties": {"type": "postcode-cell", "postcode": "EX16 5DR", "postcodes": ["EX16 5DR"]}, "geometry": {"type": "Polygon", "coordinates": [[[-3.492312336761075, 50.899994703713155], [-3.492274339687419, 50.900501316586094], [-3.491930800324101, 50.90063783069302], [-3.491506795955433, 50.90069240623752], [-3.4906455320189047, 50.900566730186384], [-3.490619306087504, 50.90055965333556], [-3.491379535568217, 50.89980480450911], [-3.4918122118064225, 50.899712742402286], [-3.4921968590186507, 50.89982974534905], [-3.492312336761075, 50.899994703713155]]]}}, {"type": "Feature", "properties": {"type": "postcode-cell", "postcode": "EX16 5EY", "postcodes": ["EX16 5EY"]}, "geometry": {"type": "Polygon", "coordinates": [[[-3.4923048431030184, 50.89907192156816], [-3.491796440278289, 50.89957566334837], [-3.491482489995559, 50.89916367059906], [-3.4915772355952583, 50.89888592662959], [-3.492375690016853, 50.89886069047163], [-3.4923048431030184, 50.89907192156816]]]}}, {"type": "Feature", "properties": {"type": "postcode-cell", "postcode": "EX16 5DU", "postcodes": ["EX16 5DU"]}, "geometry": {"type": "Polygon", "coordinates": [[[-3.490509266176966, 50.89894501534993], [-3.49059934702271, 50.89934740562466], [-3.4905776775983304, 50.899393863726836], [-3.489703527668517, 50.899770782519056], [-3.489449989639038, 50.898669994882965], [-3.489521938988262, 50.89854950485171], [-3.490509266176966, 50.89894501534993]]]}}, {"type": "Feature", "properties": {"type": "postcode-cell", "postcode": "EX16 5DN", "postcodes": ["EX16 5DN"]}, "geometry": {"type": "Polygon", "coordinates": [[[-3.492159383100961, 50.901573803076026], [-3.491730179696966, 50.90153029088359], [-3.491506795955433, 50.90069240623752], [-3.491930800324101, 50.90063783069302], [-3.4924907405701133, 50.901469469642514], [-3.492159383100961, 50.901573803076026]]]}}, {"type": "Feature", "properties": {"type": "postcode-cell", "postcode": "EX16 5EX", "postcodes": ["EX16 5EX"]}, "geometry": {"type": "Polygon", "coordinates": [[[-3.492375690016853, 50.89886069047163], [-3.4915772355952583, 50.89888592662959], [-3.4912429764908226, 50.89867575543829], [-3.4912394853469535, 50.898426243087926], [-3.4918408214047183, 50.898180166376854], [-3.4919890298876664, 50.89825104262188], [-3.4924741150092053, 50.89882077505585], [-3.492375690016853, 50.89886069047163]]]}}, {"type": "Feature", "properties": {"type": "postcode-cell", "postcode": "EX16 5LX", "postcodes": ["EX16 5LX"]}, "geometry": {"type": "Polygon", "coordinates": [[[-3.4918824144271845, 50.903645793031245], [-3.4909761059282096, 50.90371439075253], [-3.491188361179661, 50.903263648797214], [-3.491571265833329, 50.90303824400486], [-3.4918622804295563, 50.903110723846034], [-3.4920704231204023, 50.90340500670866], [-3.4918824144271845, 50.903645793031245]]]}}, {"type": "Feature", "properties": {"type": "postcode-cell", "postcode": "EX16 5HT", "postcodes": ["EX16 5HT"]}, "geometry": {"type": "Polygon", "coordinates": [[[-3.492446799307926, 50.90286101917571], [-3.4918622804295563, 50.903110723846034], [-3.491571265833329, 50.90303824400486], [-3.491469141674971, 50.90289485404338], [-3.4919543322110393, 50.90240597584352], [-3.4924634153428658, 50.90283612522268], [-3.492446799307926, 50.90286101917571]]]}}, {"type": "Feature", "properties": {"type": "postcode-cell", "postcode": "EX16 5NR", "postcodes": ["EX16 5NR"]}, "geometry": {"type": "Polygon", "coordinates": [[[-3.491992020960193, 50.90414698246842], [-3.4926282894211913, 50.904251590272125], [-3.4926377102742934, 50.90425579102818], [-3.4926662156060275, 50.90444583236119], [-3.489649774520395, 50.90604820359374], [-3.4898722877196864, 50.90467842114272], [-3.491992020960193, 50.90414698246842]]]}}, {"type": "Feature", "properties": {"type": "postcode-cell", "postcode": "EX16 5LU", "postcodes": ["EX16 5LU"]}, "geometry": {"type": "Polygon", "coordinates": [[[-3.491188361179661, 50.903263648797214], [-3.4909761059282096, 50.90371439075253], [-3.489928281144999, 50.9043337158841], [-3.490150845807269, 50.90296352163775], [-3.491188361179661, 50.903263648797214]]]}}, {"type": "Feature", "properties": {"type": "postcode-cell", "postcode": "EX16 5LJ", "postcodes": ["EX16 5LJ"]}, "geometry": {"type": "Polygon", "coordinates": [[[-3.4926282894211913, 50.904251590272125], [-3.491992020960193, 50.90414698246842], [-3.491913470818435, 50.90369088339484], [-3.4925172812048286, 50.903816295261656], [-3.4926282894211913, 50.904251590272125]]]}}, {"type": "Feature", "properties": {"type": "postcode-cell", "postcode": "EX16 5DL", "postcodes": ["EX16 5DL"]}, "geometry": {"type": "Polygon", "coordinates": [[[-3.4919513464541105, 50.90231126394964], [-3.490508283579976, 50.902037668779236], [-3.4913616796942337, 50.90161581753764], [-3.491730179696966, 50.90153029088359], [-3.492159383100961, 50.901573803076026], [-3.4921949075597114, 50.9021895739292], [-3.4919513464541105, 50.90231126394964]]]}}, {"type": "Feature", "properties": {"type": "postcode-cell", "postcode": "EX16 5EU", "postcodes": ["EX16 5EU"]}, "geometry": {"type": "Polygon", "coordinates": [[[-3.4912394853469535, 50.898426243087926], [-3.4911732576330086, 50.89839447006454], [-3.490869652145331, 50.89760057996752], [-3.4916124263109274, 50.897617833745315], [-3.4919110589328124, 50.897798951345756], [-3.4918408214047183, 50.898180166376854], [-3.4912394853469535, 50.898426243087926]]]}}, {"type": "Feature", "properties": {"type": "postcode-cell", "postcode": "EX16 5DQ", "postcodes": ["EX16 5DQ"]}, "geometry": {"type": "Polygon", "coordinates": [[[-3.4919543322110393, 50.90240597584352], [-3.491469141674971, 50.90289485404338], [-3.4902494353239537, 50.90235654213584], [-3.4902699896378797, 50.902229994885786], [-3.490237140935492, 50.9020873945275], [-3.490508283579976, 50.902037668779236], [-3.4919513464541105, 50.90231126394964], [-3.4919543322110393, 50.90240597584352]]]}}, {"type": "Feature", "properties": {"type": "postcode-cell", "postcode": "EX16 5LZ", "postcodes": ["EX16 5LZ"]}, "geometry": {"type": "Polygon", "coordinates": [[[-3.491913470818435, 50.90369088339484], [-3.491992020960193, 50.90414698246842], [-3.4898722877196864, 50.90467842114272], [-3.489928281144999, 50.9043337158841], [-3.4909761059282096, 50.90371439075253], [-3.4918824144271845, 50.903645793031245], [-3.491913470818435, 50.90369088339484]]]}}, {"type": "Feature", "properties": {"type": "postcode-cell", "postcode": "EX16 5HP", "postcodes": ["EX16 5HP"]}, "geometry": {"type": "Polygon", "coordinates": [[[-3.4918122118064225, 50.899712742402286], [-3.491379535568217, 50.89980480450911], [-3.4905776775983304, 50.899393863726836], [-3.49059934702271, 50.89934740562466], [-3.491482489995559, 50.89916367059906], [-3.491796440278289, 50.89957566334837], [-3.4918122118064225, 50.899712742402286]]]}}, {"type": "Feature", "properties": {"type": "postcode-cell", "postcode": "EX16 5DJ", "postcodes": ["EX16 5DJ"]}, "geometry": {"type": "Polygon", "coordinates": [[[-3.491730179696966, 50.90153029088359], [-3.4913616796942337, 50.90161581753764], [-3.4906455320189047, 50.900566730186384], [-3.491506795955433, 50.90069240623752], [-3.491730179696966, 50.90153029088359]]]}}, {"type": "Feature", "properties": {"type": "postcode-cell", "postcode": "EX16 5HS", "postcodes": ["EX16 5HS"]}, "geometry": {"type": "Polygon", "coordinates": [[[-3.491482489995559, 50.89916367059906], [-3.49059934702271, 50.89934740562466], [-3.490509266176966, 50.89894501534993], [-3.4912429764908226, 50.89867575543829], [-3.4915772355952583, 50.89888592662959], [-3.491482489995559, 50.89916367059906]]]}}, {"type": "Feature", "properties": {"type": "postcode-cell", "postcode": "EX16 5LY", "postcodes": ["EX16 5LY"]}, "geometry": {"type": "Polygon", "coordinates": [[[-3.491188361179661, 50.903263648797214], [-3.490150845807269, 50.90296352163775], [-3.4902494353239537, 50.90235654213584], [-3.491469141674971, 50.90289485404338], [-3.491571265833329, 50.90303824400486], [-3.491188361179661, 50.903263648797214]]]}}, {"type": "Feature", "properties": {"type": "postcode-cell", "postcode": "EX16 5DH", "postcodes": ["EX16 5DH"]}, "geometry": {"type": "Polygon", "coordinates": [[[-3.490508283579976, 50.902037668779236], [-3.490237140935492, 50.9020873945275], [-3.489894372591093, 50.90059933875455], [-3.490619306087504, 50.90055965333556], [-3.4906455320189047, 50.900566730186384], [-3.4913616796942337, 50.90161581753764], [-3.490508283579976, 50.902037668779236]]]}}, {"type": "Feature", "properties": {"type": "postcode-cell", "postcode": "EX16 5DZ", "postcodes": ["EX16 5DZ"]}, "geometry": {"type": "Polygon", "coordinates": [[[-3.4911732576330086, 50.89839447006454], [-3.4897335791712143, 50.898195077657405], [-3.49019198848715, 50.8974273744457], [-3.490869652145331, 50.89760057996752], [-3.4911732576330086, 50.89839447006454]]]}}, {"type": "Feature", "properties": {"type": "postcode-cell", "postcode": "EX16 5DT", "postcodes": ["EX16 5DT"]}, "geometry": {"type": "Polygon", "coordinates": [[[-3.490619306087504, 50.90055965333556], [-3.489894372591093, 50.90059933875455], [-3.489703527668517, 50.899770782519056], [-3.4905776775983304, 50.899393863726836], [-3.491379535568217, 50.89980480450911], [-3.490619306087504, 50.90055965333556]]]}}, {"type": "Feature", "properties": {"type": "postcode-cell", "postcode": "EX16 5DY", "postcodes": ["EX16 5DY"]}, "geometry": {"type": "Polygon", "coordinates": [[[-3.4912394853469535, 50.898426243087926], [-3.4912429764908226, 50.89867575543829], [-3.490509266176966, 50.89894501534993], [-3.489521938988262, 50.89854950485171], [-3.4897335791712143, 50.898195077657405], [-3.4911732576330086, 50.89839447006454], [-3.4912394853469535, 50.898426243087926]]]}}]}