{"type": "FeatureCollection", "features": [{"type": "Feature", "properties": {"type": "ward-outline", "name": "Two Rivers & Three Moors"}, "geometry": {"type": "Polygon", "coordinates": [[[-4.0343, 51.00762], [-4.03282, 51.00284], [-4.03371, 50.99904], [-4.03357, 50.99709], [-4.03538, 50.99692], [-4.03604, 50.99566], [-4.03731, 50.99513], [-4.03686, 50.99452], [-4.03622, 50.99461], [-4.03588, 50.99382], [-4.03652, 50.99329], [-4.03587, 50.99285], [-4.03604, 50.9925], [-4.03555, 50.99253], [-4.03513, 50.99199], [-4.03549, 50.99181], [-4.03536, 50.99042], [-4.0358, 50.99041], [-4.03571, 50.99005], [-4.03638, 50.98974], [-4.03738, 50.98815], [-4.03695, 50.98825], [-4.03681, 50.98792], [-4.03714, 50.987], [-4.0368, 50.98632], [-4.03737, 50.98597], [-4.03753, 50.98519], [-4.03648, 50.9835], [-4.03624, 50.98232], [-4.03573, 50.98217], [-4.03624, 50.98158], [-4.03566, 50.98084], [-4.03429, 50.98023], [-4.03439, 50.97978], [-4.03309, 50.97934], [-4.03308, 50.97898], [-4.03145, 50.97859], [-4.03147, 50.97833], [-4.03058, 50.97836], [-4.02907, 50.97704], [-4.02806, 50.97698], [-4.02795, 50.9761], [-4.02656, 50.9744], [-4.02486, 50.97343], [-4.02307, 50.97324], [-4.01973, 50.97209], [-4.0197, 50.97104], [-4.02028, 50.9699], [-4.02001, 50.96945], [-4.01853, 50.96867], [-4.01564, 50.96874], [-4.01463, 50.96825], [-4.01305, 50.96808], [-4.01293, 50.96775], [-4.01182, 50.96739], [-4.01031, 50.96753], [-4.00742, 50.96888], [-4.00492, 50.96953], [-4.00649, 50.97245], [-4.00609, 50.97278], [-4.00386, 50.97194], [-4.00123, 50.97264], [-3.99985, 50.97266], [-3.9928, 50.97449], [-3.99228, 50.97426], [-3.99175, 50.9744], [-3.99073, 50.97579], [-3.98994, 50.97829], [-3.98809, 50.9795], [-3.98561, 50.98033], [-3.9837, 50.98211], [-3.9806, 50.98101], [-3.97655, 50.98055], [-3.97577, 50.98067], [-3.97424, 50.98202], [-3.97317, 50.98203], [-3.97018, 50.98067], [-3.9677, 50.98087], [-3.96539, 50.98048], [-3.96256, 50.9789], [-3.96072, 50.97894], [-3.96143, 50.97971], [-3.96108, 50.98107], [-3.95875, 50.98164], [-3.95809, 50.98133], [-3.95785, 50.98075], [-3.95844, 50.97849], [-3.95825, 50.97777], [-3.9544, 50.97745], [-3.95287, 50.97657], [-3.9526, 50.97595], [-3.95334, 50.97436], [-3.95788, 50.97224], [-3.95842, 50.9717], [-3.95794, 50.9702], [-3.95815, 50.96895], [-3.957, 50.96683], [-3.95736, 50.96621], [-3.95809, 50.96575], [-3.96061, 50.96561], [-3.96374, 50.96422], [-3.96492, 50.96334], [-3.96625, 50.96143], [-3.96655, 50.95973], [-3.96568, 50.95821], [-3.96404, 50.9572], [-3.96088, 50.95614], [-3.96168, 50.95525], [-3.96366, 50.95443], [-3.96711, 50.95442], [-3.97152, 50.95334], [-3.9733, 50.95342], [-3.97452, 50.95384], [-3.97675, 50.95281], [-3.97852, 50.95247], [-3.98011, 50.95313], [-3.98459, 50.95245], [-3.98905, 50.95065], [-3.98957, 50.94994], [-3.99046, 50.94993], [-3.99134, 50.94931], [-3.99389, 50.94843], [-3.99429, 50.94794], [-3.99412, 50.94643], [-3.99499, 50.94496], [-3.99512, 50.94287], [-3.99598, 50.9417], [-3.99395, 50.93902], [-3.99328, 50.9369], [-3.99775, 50.93562], [-3.9961, 50.93403], [-3.99808, 50.93081], [-4.00091, 50.92727], [-4.00357, 50.92618], [-4.0079, 50.92533], [-4.01106, 50.92323], [-4.01298, 50.91795], [-4.01354, 50.91814], [-4.01398, 50.91762], [-4.01364, 50.91537], [-4.01586, 50.91462], [-4.01759, 50.91331], [-4.01883, 50.91161], [-4.01897, 50.91032], [-4.0147, 50.90895], [-4.01249, 50.90779], [-4.01057, 50.90648], [-4.00987, 50.90538], [-4.00774, 50.90391], [-4.00394, 50.90007], [-3.99842, 50.89791], [-3.99637, 50.89663], [-3.99484, 50.89481], [-3.99304, 50.88859], [-3.99309, 50.88095], [-3.99428, 50.87798], [-3.99271, 50.87155], [-3.99418, 50.86885], [-3.995, 50.86922], [-3.99579, 50.86917], [-4.00046, 50.86777], [-4.00831, 50.86603], [-4.0106, 50.86488], [-4.0108, 50.86323], [-4.01353, 50.86414], [-4.01539, 50.86425], [-4.01563, 50.86545], [-4.01706, 50.86574], [-4.01839, 50.86556], [-4.01931, 50.86575], [-4.01947, 50.86607], [-4.02102, 50.86627], [-4.02308, 50.86604], [-4.0239, 50.86423], [-4.02377, 50.86271], [-4.02443, 50.86226], [-4.02397, 50.86042], [-4.02674, 50.8604], [-4.02914, 50.85988], [-4.03181, 50.86029], [-4.03628, 50.85939], [-4.039, 50.86025], [-4.04024, 50.86175], [-4.04077, 50.86313], [-4.04002, 50.86524], [-4.04001, 50.86855], [-4.04643, 50.86517], [-4.04653, 50.86368], [-4.04796, 50.86355], [-4.04895, 50.86395], [-4.0514, 50.86364], [-4.05204, 50.86269], [-4.05305, 50.86382], [-4.05473, 50.86767], [-4.0581, 50.87138], [-4.06025, 50.87312], [-4.06081, 50.87412], [-4.06104, 50.87567], [-4.06022, 50.87724], [-4.06124, 50.87874], [-4.06355, 50.88018], [-4.06535, 50.88269], [-4.06891, 50.88408], [-4.07119, 50.88545], [-4.07264, 50.88728], [-4.07248, 50.88881], [-4.07196, 50.88956], [-4.07101, 50.89013], [-4.06983, 50.89036], [-4.06641, 50.89014], [-4.06284, 50.88689], [-4.06085, 50.88584], [-4.0574, 50.88681], [-4.05577, 50.88801], [-4.05514, 50.88898], [-4.05492, 50.89011], [-4.05538, 50.89125], [-4.05807, 50.892], [-4.05784, 50.89593], [-4.06116, 50.89754], [-4.06313, 50.90125], [-4.06582, 50.90256], [-4.064, 50.90367], [-4.06471, 50.90501], [-4.06887, 50.90785], [-4.07061, 50.90854], [-4.07265, 50.90885], [-4.07459, 50.90971], [-4.07911, 50.91561], [-4.0804, 50.91641], [-4.08256, 50.91698], [-4.08392, 50.91681], [-4.08492, 50.91588], [-4.08302, 50.91292], [-4.08252, 50.91008], [-4.08486, 50.90771], [-4.08647, 50.90665], [-4.08835, 50.90636], [-4.09137, 50.90684], [-4.09357, 50.90801], [-4.09429, 50.90899], [-4.09464, 50.91098], [-4.09526, 50.91193], [-4.09552, 50.91422], [-4.09722, 50.91583], [-4.0983, 50.91752], [-4.09814, 50.9187], [-4.09689, 50.91973], [-4.09567, 50.92008], [-4.08998, 50.91926], [-4.08777, 50.91936], [-4.0859, 50.92022], [-4.08513, 50.9213], [-4.08558, 50.92303], [-4.08658, 50.92444], [-4.08801, 50.92555], [-4.09203, 50.92752], [-4.09461, 50.92827], [-4.09746, 50.92868], [-4.10028, 50.92995], [-4.10241, 50.92974], [-4.1038, 50.92889], [-4.10505, 50.92724], [-4.10495, 50.92366], [-4.10596, 50.92155], [-4.1085, 50.9198], [-4.11263, 50.91982], [-4.11457, 50.92058], [-4.11496, 50.92159], [-4.11436, 50.92507], [-4.11159, 50.9273], [-4.11058, 50.9288], [-4.11065, 50.93249], [-4.11104, 50.93303], [-4.12169, 50.93357], [-4.12492, 50.93479], [-4.12692, 50.93688], [-4.13023, 50.93777], [-4.13196, 50.9374], [-4.13268, 50.93668], [-4.13224, 50.93332], [-4.13287, 50.93225], [-4.13397, 50.93197], [-4.13744, 50.93189], [-4.13953, 50.93231], [-4.1417, 50.93509], [-4.14168, 50.93823], [-4.14045, 50.94113], [-4.13814, 50.94299], [-4.13691, 50.94506], [-4.1344, 50.94415], [-4.13259, 50.94392], [-4.13009, 50.94423], [-4.12885, 50.94494], [-4.1288, 50.94555], [-4.12805, 50.94596], [-4.12666, 50.94536], [-4.12387, 50.9456], [-4.12228, 50.94476], [-4.12134, 50.94463], [-4.11421, 50.94551], [-4.1114, 50.94478], [-4.11026, 50.94513], [-4.10999, 50.9457], [-4.10866, 50.94583], [-4.1085, 50.94618], [-4.10612, 50.94662], [-4.10531, 50.94712], [-4.10463, 50.94693], [-4.10459, 50.94718], [-4.10335, 50.94747], [-4.10274, 50.94918], [-4.10205, 50.94971], [-4.10454, 50.95166], [-4.10471, 50.95223], [-4.10403, 50.95256], [-4.10389, 50.95384], [-4.10561, 50.95488], [-4.10654, 50.95598], [-4.10785, 50.96011], [-4.10899, 50.96062], [-4.10948, 50.9621], [-4.11189, 50.96342], [-4.11228, 50.96458], [-4.11163, 50.96556], [-4.10918, 50.96708], [-4.10597, 50.96871], [-4.10496, 50.96882], [-4.10534, 50.97186], [-4.10481, 50.97425], [-4.1058, 50.97509], [-4.1078, 50.9745], [-4.10958, 50.97446], [-4.12161, 50.97651], [-4.12555, 50.97911], [-4.12688, 50.97868], [-4.1287, 50.97904], [-4.13465, 50.9786], [-4.13679, 50.97769], [-4.13866, 50.9782], [-4.1398, 50.97918], [-4.14067, 50.97943], [-4.14423, 50.97894], [-4.14918, 50.97881], [-4.1513, 50.97939], [-4.15272, 50.97931], [-4.15261, 50.97994], [-4.15169, 50.98027], [-4.15027, 50.9818], [-4.14974, 50.98196], [-4.14906, 50.9816], [-4.14828, 50.98286], [-4.14585, 50.98388], [-4.14461, 50.98621], [-4.14412, 50.98668], [-4.14253, 50.98724], [-4.14331, 50.9888], [-4.14319, 50.98944], [-4.14104, 50.99278], [-4.1469, 50.99487], [-4.14873, 50.99806], [-4.14797, 50.99835], [-4.15155, 50.99953], [-4.15189, 51.00149], [-4.15012, 51.00487], [-4.15058, 51.00583], [-4.15226, 51.0064], [-4.153, 51.00715], [-4.15557, 51.0085], [-4.15642, 51.00959], [-4.15695, 51.01165], [-4.16045, 51.01209], [-4.1614, 51.01183], [-4.16263, 51.01193], [-4.16427, 51.01448], [-4.15879, 51.01447], [-4.1582, 51.01471], [-4.15501, 51.01437], [-4.1544, 51.01599], [-4.15143, 51.01606], [-4.1514, 51.01637], [-4.14959, 51.01654], [-4.1485, 51.01877], [-4.14415, 51.01851], [-4.14226, 51.01787], [-4.14268, 51.01701], [-4.13973, 51.01751], [-4.13836, 51.01841], [-4.13621, 51.01904], [-4.13521, 51.02068], [-4.1325, 51.02019], [-4.12751, 51.02066], [-4.12425, 51.02018], [-4.12212, 51.0194], [-4.11591, 51.01913], [-4.11605, 51.01689], [-4.11748, 51.01545], [-4.11952, 51.01428], [-4.12021, 51.01166], [-4.12096, 51.01089], [-4.1207, 51.01077], [-4.11913, 51.01041], [-4.11962, 51.01122], [-4.11925, 51.01142], [-4.11632, 51.01043], [-4.10981, 51.01114], [-4.10997, 51.01098], [-4.10881, 51.0108], [-4.10702, 51.01089], [-4.10659, 51.01027], [-4.09825, 51.00959], [-4.09706, 51.00844], [-4.09639, 51.00673], [-4.09437, 51.00602], [-4.09388, 51.00544], [-4.09357, 51.00377], [-4.09084, 51.00379], [-4.08796, 51.00296], [-4.0822, 51.00267], [-4.08128, 51.00295], [-4.07925, 51.00246], [-4.07815, 51.00256], [-4.0779, 51.00267], [-4.07941, 51.00325], [-4.08095, 51.00518], [-4.08053, 51.00701], [-4.07925, 51.00869], [-4.06911, 51.00843], [-4.06609, 51.00895], [-4.0654, 51.00953], [-4.06422, 51.00952], [-4.06398, 51.01031], [-4.059, 51.009], [-4.05745, 51.00832], [-4.04925, 51.00837], [-4.04801, 51.00879], [-4.04735, 51.0096], [-4.04583, 51.0076], [-4.04365, 51.00818], [-4.03791, 51.00755], [-4.0343, 51.00762]]]}}, {"type": "Feature", "properties": {"type": "postcode-cell", "postcode": "EX39 4PW", "postcodes": ["EX39 4PW"]}, "geometry": {"type": "Polygon", "coordinates": [[[-4.155422111121717, 51.010485962377096], [-4.156504984938507, 51.009920365788524], [-4.156949990028631, 51.0116499949689], [-4.160449990030827, 51.012089994969244], [-4.161399990031593, 51.01182999496904], [-4.162629990032386, 51.01192999496911], [-4.16426999003238, 51.0144799949712], [-4.158789990028639, 51.01446999497123], [-4.1581999900281295, 51.014709994971426], [-4.155765835348643, 51.014450563642306], [-4.155422111121717, 51.010485962377096]]]}}, {"type": "Feature", "properties": {"type": "postcode-cell", "postcode": "EX39 4PP", "postcodes": ["EX39 4PP"]}, "geometry": {"type": "Polygon", "coordinates": [[[-4.155422111121717, 51.010485962377096], [-4.155765835348643, 51.014450563642306], [-4.155009990026102, 51.01436999497116], [-4.154433029481301, 51.015902253704745], [-4.149432886533406, 51.0140005474548], [-4.148093170103405, 51.010735070993164], [-4.155422111121717, 51.010485962377096]]]}}, {"type": "Feature", "properties": {"type": "postcode-cell", "postcode": "EX39 4QQ", "postcodes": ["EX39 4QQ"]}, "geometry": {"type": "Polygon", "coordinates": [[[-4.148093170103405, 51.010735070993164], [-4.141138107798849, 51.007554508211804], [-4.140615319709661, 51.00691951302295], [-4.15183694134701, 51.00118419685685], [-4.151889990029682, 51.001489994960565], [-4.150119990026978, 51.00486999496336], [-4.150579990026866, 51.00582999496418], [-4.1522599900277575, 51.006399994964625], [-4.15299999002793, 51.007149994965246], [-4.155569990029084, 51.00849999496632], [-4.156419990029183, 51.00958999496721], [-4.156504984938507, 51.009920365788524], [-4.155422111121717, 51.010485962377096], [-4.148093170103405, 51.010735070993164]]]}}, {"type": "Feature", "properties": {"type": "postcode-cell", "postcode": "EX39 4PR", "postcodes": ["EX39 4PR"]}, "geometry": {"type": "Polygon", "coordinates": [[[-4.14562813406919, 51.01661297415657], [-4.149432886533406, 51.0140005474548], [-4.154433029481301, 51.015902253704745], [-4.154399990024969, 51.01598999497249], [-4.151429990022908, 51.016059994972586], [-4.151399990022752, 51.01636999497284], [-4.1495899900214415, 51.016539994972995], [-4.148499990019709, 51.01876999497482], [-4.145916683102311, 51.018615610350004], [-4.14562813406919, 51.01661297415657]]]}}, {"type": "Feature", "properties": {"type": "postcode-cell", "postcode": "EX39 4PS", "postcodes": ["EX39 4PS"]}, "geometry": {"type": "Polygon", "coordinates": [[[-4.149432886533406, 51.0140005474548], [-4.14562813406919, 51.01661297415657], [-4.140587016776441, 51.01370567234638], [-4.141138107798849, 51.007554508211804], [-4.148093170103405, 51.010735070993164], [-4.149432886533406, 51.0140005474548]]]}}, {"type": "Feature", "properties": {"type": "postcode-cell", "postcode": "EX39 4QG", "postcodes": ["EX39 4QG"]}, "geometry": {"type": "Polygon", "coordinates": [[[-4.140615319709661, 51.00691951302295], [-4.130284439791023, 51.00532669042181], [-4.129404842284481, 51.00108319598093], [-4.142132156662864, 50.99316955887375], [-4.14689999002922, 50.99486999495519], [-4.148729990029051, 50.998059994957806], [-4.147969990028403, 50.99834999495803], [-4.15154999003032, 50.99952999495898], [-4.15183694134701, 51.00118419685685], [-4.140615319709661, 51.00691951302295]]]}}, {"type": "Feature", "properties": {"type": "postcode-cell", "postcode": "EX38 7HD", "postcodes": ["EX38 7HD"]}, "geometry": {"type": "Polygon", "coordinates": [[[-4.135987206378699, 50.98918175598136], [-4.137203306899164, 50.97780272129322], [-4.138659990031014, 50.97819999494156], [-4.139799990031355, 50.979179994942335], [-4.140669990031834, 50.97942999494254], [-4.144229990034479, 50.97893999494214], [-4.149179990037905, 50.978809994942], [-4.151299990039089, 50.97938999494243], [-4.152719990040093, 50.979309994942355], [-4.152609990039737, 50.97993999494289], [-4.151689990038964, 50.980269994943164], [-4.150269990037319, 50.98179999494443], [-4.149739990036887, 50.98195999494457], [-4.149059990036584, 50.981599994944276], [-4.1482799900354905, 50.98285999494532], [-4.145849990033386, 50.98387999494618], [-4.144609990031505, 50.986209994948084], [-4.144119990030962, 50.986679994948474], [-4.142529990029631, 50.98723999494895], [-4.143309990029469, 50.98879999495022], [-4.143189990029103, 50.98943999495075], [-4.141333335763991, 50.99232431568445], [-4.135987206378699, 50.98918175598136]]]}}, {"type": "Feature", "properties": {"type": "postcode-cell", "postcode": "EX39 4PT", "postcodes": ["EX39 4PT"]}, "geometry": {"type": "Polygon", "coordinates": [[[-4.140587016776441, 51.01370567234638], [-4.14562813406919, 51.01661297415657], [-4.145916683102311, 51.018615610350004], [-4.1441499900168575, 51.018509994974636], [-4.1422599900158525, 51.01786999497412], [-4.1426799900165205, 51.01700999497339], [-4.1397299900142865, 51.017509994973835], [-4.138359990012952, 51.01840999497457], [-4.1362099900112055, 51.019039994975095], [-4.1352099900097965, 51.020679994976476], [-4.132510419529754, 51.02019188089785], [-4.140587016776441, 51.01370567234638]]]}}, {"type": "Feature", "properties": {"type": "postcode-cell", "postcode": "EX39 4PU", "postcodes": ["EX39 4PU"]}, "geometry": {"type": "Polygon", "coordinates": [[[-4.140587016776441, 51.01370567234638], [-4.132510419529754, 51.02019188089785], [-4.132499990008169, 51.02018999497607], [-4.13142554899828, 51.020291213595414], [-4.129934849060321, 51.00552842812109], [-4.130284439791023, 51.00532669042181], [-4.140615319709661, 51.00691951302295], [-4.141138107798849, 51.007554508211804], [-4.140587016776441, 51.01370567234638]]]}}, {"type": "Feature", "properties": {"type": "postcode-cell", "postcode": "EX38 7HE", "postcodes": ["EX38 7HE"]}, "geometry": {"type": "Polygon", "coordinates": [[[-4.129404842284481, 51.00108319598093], [-4.1221991660664195, 50.995428702053744], [-4.124475663792272, 50.99075503103213], [-4.135987206378699, 50.98918175598136], [-4.141333335763991, 50.99232431568445], [-4.141039990026156, 50.992779994953494], [-4.142132156662864, 50.99316955887375], [-4.129404842284481, 51.00108319598093]]]}}, {"type": "Feature", "properties": {"type": "postcode-cell", "postcode": "EX38 8PH", "postcodes": ["EX38 8PH"]}, "geometry": {"type": "Polygon", "coordinates": [[[-4.123341855859284, 50.94512861407897], [-4.139875589341987, 50.93275276974888], [-4.1416999900522695, 50.93508999490624], [-4.141679990050855, 50.938229994908816], [-4.140449990048731, 50.9411299949112], [-4.138139990046333, 50.942989994912736], [-4.1369099900445745, 50.94505999491445], [-4.134399990043279, 50.9441499949137], [-4.1325899900421526, 50.94391999491354], [-4.130089990040316, 50.944229994913805], [-4.128849990039159, 50.9449399949144], [-4.128799990038853, 50.945549994914884], [-4.128049990038163, 50.94595999491524], [-4.126659990037485, 50.945359994914746], [-4.1238699900354865, 50.945599994914964], [-4.123305788349764, 50.94530193212597], [-4.123341855859284, 50.94512861407897]]]}}, {"type": "Feature", "properties": {"type": "postcode-cell", "postcode": "EX19 8NT", "postcodes": ["EX19 8NT"]}, "geometry": {"type": "MultiPolygon", "coordinates": [[[[-4.110436148459473, 50.93265128391634], [-4.102534120980338, 50.9296640894], [-4.103799990029355, 50.928889994901496], [-4.10504999003094, 50.92723999490011], [-4.104949990032472, 50.92365999489722], [-4.105959990034099, 50.9215499948955], [-4.1084999900366, 50.919799994894035], [-4.112629990039385, 50.919819994894006], [-4.114569990040356, 50.92057999489463], [-4.11495999004017, 50.921589994895434], [-4.114359990038208, 50.92506999489826], [-4.111589990035339, 50.92729999490013], [-4.1105799900339814, 50.928799994901354], [-4.110649990032384, 50.93248999490439], [-4.110747898291038, 50.932625561518364], [-4.110436148459473, 50.93265128391634]]], [[[-4.094464938781258, 50.91798184008357], [-4.096268236916231, 50.91492864578201], [-4.097219990030753, 50.91582999489089], [-4.098299990030727, 50.91751999489225], [-4.0981399900300906, 50.91869999489323], [-4.096889990028783, 50.91972999489407], [-4.0956699900278055, 50.920079994894365], [-4.0937840444644795, 50.91980824068686], [-4.094464938781258, 50.91798184008357]]]]}}, {"type": "Feature", "properties": {"type": "postcode-cell", "postcode": "EX39 4PY", "postcodes": ["EX39 4PY"]}, "geometry": {"type": "Polygon", "coordinates": [[[-4.122094206756259, 51.007632762505715], [-4.129934849060321, 51.00552842812109], [-4.13142554899828, 51.020291213595414], [-4.127509990004559, 51.02065999497649], [-4.124249990002549, 51.02017999497612], [-4.122119990001444, 51.01939999497547], [-4.115909989997339, 51.019129994975295], [-4.116049989998429, 51.016889994973454], [-4.117479990000043, 51.015449994972265], [-4.119519990001949, 51.01427999497129], [-4.120209990003583, 51.01165999496913], [-4.1209599900044385, 51.010889994968494], [-4.120699990004313, 51.01076999496839], [-4.1191299900034055, 51.01040999496812], [-4.119619990003379, 51.01121999496877], [-4.119249990003038, 51.01141999496893], [-4.118347401890053, 51.01111503737177], [-4.122094206756259, 51.007632762505715]]]}}, {"type": "Feature", "properties": {"type": "postcode-cell", "postcode": "EX38 7HF", "postcodes": ["EX38 7HF"]}, "geometry": {"type": "Polygon", "coordinates": [[[-4.129404842284481, 51.00108319598093], [-4.130284439791023, 51.00532669042181], [-4.129934849060321, 51.00552842812109], [-4.122094206756259, 51.007632762505715], [-4.119398360265687, 51.006559528023125], [-4.107085780531159, 51.000466370730926], [-4.107085346236448, 51.000464900825406], [-4.108699094316729, 50.99745020198741], [-4.118010213503809, 50.99575223792063], [-4.1221991660664195, 50.995428702053744], [-4.129404842284481, 51.00108319598093]]]}}, {"type": "Feature", "properties": {"type": "postcode-cell", "postcode": "EX38 7HH", "postcodes": ["EX38 7HH"]}, "geometry": {"type": "Polygon", "coordinates": [[[-4.135987206378699, 50.98918175598136], [-4.124475663792272, 50.99075503103213], [-4.121838058982354, 50.9873867318667], [-4.123866836396964, 50.97799933705062], [-4.125549990021696, 50.979109994942405], [-4.126879990022789, 50.97867999494201], [-4.128699990023867, 50.97903999494228], [-4.134649990028108, 50.9785999949419], [-4.136789990029971, 50.97768999494115], [-4.137203306899164, 50.97780272129322], [-4.135987206378699, 50.98918175598136]]]}}, {"type": "Feature", "properties": {"type": "postcode-cell", "postcode": "EX38 7HG", "postcodes": ["EX38 7HG"]}, "geometry": {"type": "Polygon", "coordinates": [[[-4.1221991660664195, 50.995428702053744], [-4.118010213503809, 50.99575223792063], [-4.111529649869386, 50.98768592421295], [-4.121838058982354, 50.9873867318667], [-4.124475663792272, 50.99075503103213], [-4.1221991660664195, 50.995428702053744]]]}}, {"type": "Feature", "properties": {"type": "postcode-cell", "postcode": "EX38 7JN", "postcodes": ["EX38 7JN"]}, "geometry": {"type": "Polygon", "coordinates": [[[-4.110747898291038, 50.932625561518364], [-4.111039990032405, 50.93302999490482], [-4.113873115236521, 50.93317374256517], [-4.123341855859284, 50.94512861407897], [-4.123305788349764, 50.94530193212597], [-4.122279990034784, 50.944759994914314], [-4.121339990034205, 50.94462999491421], [-4.114209990028979, 50.945509994914964], [-4.1113999900274, 50.944779994914384], [-4.110259990026473, 50.945129994914694], [-4.109989990026033, 50.94569999491515], [-4.108659990025077, 50.94582999491527], [-4.1084999900248125, 50.94617999491558], [-4.106782442984806, 50.94649753030277], [-4.102411071448047, 50.94080796193331], [-4.110436148459473, 50.93265128391634], [-4.110747898291038, 50.932625561518364]]]}}, {"type": "Feature", "properties": {"type": "postcode-cell", "postcode": "EX38 7HJ", "postcodes": ["EX38 7HJ"]}, "geometry": {"type": "Polygon", "coordinates": [[[-4.121838058982354, 50.9873867318667], [-4.111529649869386, 50.98768592421295], [-4.103418285144251, 50.98665675871678], [-4.104537289250392, 50.98392646886282], [-4.1232313454435605, 50.97757997699439], [-4.123866836396964, 50.97799933705062], [-4.121838058982354, 50.9873867318667]]]}}, {"type": "Feature", "properties": {"type": "postcode-cell", "postcode": "EX38 7EQ", "postcodes": ["EX38 7EQ"]}, "geometry": {"type": "Polygon", "coordinates": [[[-4.123341855859284, 50.94512861407897], [-4.113873115236521, 50.93317374256517], [-4.121689990039377, 50.93356999490516], [-4.124919990041022, 50.93478999490614], [-4.1269199900414435, 50.93687999490782], [-4.130229990043293, 50.937769994908514], [-4.1319599900446295, 50.93739999490821], [-4.132679990045439, 50.93667999490763], [-4.1322399900466396, 50.933319994904885], [-4.132869990047541, 50.932249994904], [-4.133969990048416, 50.93196999490377], [-4.137439990050806, 50.93188999490368], [-4.1395299900520355, 50.932309994903996], [-4.139875589341987, 50.93275276974888], [-4.123341855859284, 50.94512861407897]]]}}, {"type": "Feature", "properties": {"type": "postcode-cell", "postcode": "EX31 3LH", "postcodes": ["EX31 3LH"]}, "geometry": {"type": "Polygon", "coordinates": [[[-4.051865716478778, 51.005586657127935], [-4.06178356752303, 51.00267442093521], [-4.065429312665815, 51.0095053472752], [-4.065399989967321, 51.009529994967714], [-4.064219989966524, 51.009519994967704], [-4.063979989966009, 51.01030999496835], [-4.058999989963223, 51.00899999496732], [-4.057449989962479, 51.00831999496677], [-4.050354931633037, 51.00836329108137], [-4.051865716478778, 51.005586657127935]]]}}, {"type": "Feature", "properties": {"type": "postcode-cell", "postcode": "EX31 3QJ", "postcodes": ["EX31 3QJ"]}, "geometry": {"type": "Polygon", "coordinates": [[[-4.118347401890053, 51.01111503737177], [-4.116319990001487, 51.01042999496815], [-4.109809989996742, 51.011139994968765], [-4.10996998999692, 51.01097999496864], [-4.108809989996212, 51.01079999496849], [-4.107019989994956, 51.010889994968565], [-4.106589989994942, 51.01026999496806], [-4.101192351383233, 51.00982997017592], [-4.102852600102465, 51.00771538801662], [-4.119398360265687, 51.006559528023125], [-4.122094206756259, 51.007632762505715], [-4.118347401890053, 51.01111503737177]]]}}, {"type": "Feature", "properties": {"type": "postcode-cell", "postcode": "EX31 3PT", "postcodes": ["EX31 3PT"]}, "geometry": {"type": "Polygon", "coordinates": [[[-4.119398360265687, 51.006559528023125], [-4.102852600102465, 51.00771538801662], [-4.107085780531159, 51.000466370730926], [-4.119398360265687, 51.006559528023125]]]}}, {"type": "Feature", "properties": {"type": "postcode-cell", "postcode": "EX38 7HQ", "postcodes": ["EX38 7HQ"]}, "geometry": {"type": "Polygon", "coordinates": [[[-4.111529649869386, 50.98768592421295], [-4.118010213503809, 50.99575223792063], [-4.108699094316729, 50.99745020198741], [-4.102558237145864, 50.99135344212539], [-4.103334456867621, 50.98671787398478], [-4.103418285144251, 50.98665675871678], [-4.111529649869386, 50.98768592421295]]]}}, {"type": "Feature", "properties": {"type": "postcode-cell", "postcode": "EX38 7LD", "postcodes": ["EX38 7LD"]}, "geometry": {"type": "Polygon", "coordinates": [[[-4.104537289250392, 50.98392646886282], [-4.102531335146215, 50.98055913254431], [-4.101148754135682, 50.97170800888371], [-4.101316476636009, 50.971538492662425], [-4.10522700997734, 50.97095620139599], [-4.105339990011207, 50.971859994936565], [-4.104809990009782, 50.97424999493854], [-4.10579999001008, 50.97508999493923], [-4.1077999900116975, 50.974499994938704], [-4.109579990012923, 50.974459994938684], [-4.121609990020179, 50.976509994940294], [-4.1232313454435605, 50.97757997699439], [-4.104537289250392, 50.98392646886282]]]}}, {"type": "Feature", "properties": {"type": "postcode-cell", "postcode": "EX38 7HZ", "postcodes": ["EX38 7HZ"]}, "geometry": {"type": "Polygon", "coordinates": [[[-4.101316476636009, 50.971538492662425], [-4.097773145826444, 50.96819130932626], [-4.096589143638122, 50.96062558807343], [-4.106998554084377, 50.95742578629758], [-4.107849990018151, 50.960109994926945], [-4.1089899900186975, 50.960619994927356], [-4.109479990018364, 50.96209999492856], [-4.111889990019414, 50.96341999492962], [-4.11227999001916, 50.96457999493059], [-4.111629990018284, 50.965559994931404], [-4.109179990015944, 50.967079994932654], [-4.105969990013041, 50.96870999493401], [-4.104959990012303, 50.9688199949341], [-4.10522700997734, 50.97095620139599], [-4.101316476636009, 50.971538492662425]]]}}, {"type": "Feature", "properties": {"type": "postcode-cell", "postcode": "EX31 3PS", "postcodes": ["EX31 3PS"]}, "geometry": {"type": "Polygon", "coordinates": [[[-4.107085346236448, 51.000464900825406], [-4.0911809722334445, 51.00033001062985], [-4.09178797073303, 50.99459675812671], [-4.102558237145864, 50.99135344212539], [-4.108699094316729, 50.99745020198741], [-4.107085346236448, 51.000464900825406]]]}}, {"type": "Feature", "properties": {"type": "postcode-cell", "postcode": "EX19 8AB", "postcodes": ["EX19 8AB"]}, "geometry": {"type": "Polygon", "coordinates": [[[-4.094464938781258, 50.91798184008357], [-4.07009897913008, 50.91866551113602], [-4.070458140815013, 50.91550319582501], [-4.077629800919286, 50.9136780778029], [-4.079109990018629, 50.91560999489086], [-4.0803999900191394, 50.9164099948915], [-4.082559990020341, 50.916979994891946], [-4.083919990021332, 50.916809994891786], [-4.084919990022426, 50.915879994891036], [-4.083019990022472, 50.912919994888654], [-4.082916515151827, 50.91233228869102], [-4.094365063769449, 50.90941685837681], [-4.094639990031183, 50.910979994886965], [-4.095259990031175, 50.91192999488775], [-4.095519990030325, 50.91421999488959], [-4.096268236916231, 50.91492864578201], [-4.094464938781258, 50.91798184008357]]]}}, {"type": "Feature", "properties": {"type": "postcode-cell", "postcode": "EX19 8RQ", "postcodes": ["EX19 8RQ"]}, "geometry": {"type": "Polygon", "coordinates": [[[-4.056943359496349, 50.883739844400736], [-4.061191888262119, 50.87866925940564], [-4.061239990023163, 50.87873999486106], [-4.063549990024066, 50.880179994862196], [-4.065349990024149, 50.882689994864215], [-4.068909990025917, 50.88407999486531], [-4.071189990026834, 50.885449994866406], [-4.072639990026987, 50.88727999486785], [-4.072479990026196, 50.88880999486912], [-4.071959990025507, 50.88955999486974], [-4.071009990024611, 50.8901299948702], [-4.069829990023713, 50.89035999487041], [-4.066409990021512, 50.89013999487025], [-4.062839990020574, 50.88688999486765], [-4.060849990019706, 50.88583999486682], [-4.057399990016949, 50.88680999486761], [-4.057083403491183, 50.88704307123972], [-4.056943359496349, 50.883739844400736]]]}}, {"type": "Feature", "properties": {"type": "postcode-cell", "postcode": "EX31 3PR", "postcodes": ["EX31 3PR"]}, "geometry": {"type": "Polygon", "coordinates": [[[-4.0911809722334445, 51.00033001062985], [-4.107085346236448, 51.000464900825406], [-4.107085780531159, 51.000466370730926], [-4.102852600102465, 51.00771538801662], [-4.101192351383233, 51.00982997017592], [-4.098249989989577, 51.00958999496755], [-4.0970599899892814, 51.00843999496662], [-4.096389989989587, 51.00672999496522], [-4.0943699899885315, 51.00601999496465], [-4.093879989988458, 51.00543999496417], [-4.093569989988993, 51.00376999496282], [-4.0908399899871295, 51.00378999496283], [-4.087959989985545, 51.00295999496218], [-4.087628683837361, 51.002943322428344], [-4.0911809722334445, 51.00033001062985]]]}}, {"type": "Feature", "properties": {"type": "postcode-cell", "postcode": "EX31 3LJ", "postcodes": ["EX31 3LJ"]}, "geometry": {"type": "Polygon", "coordinates": [[[-4.06178356752303, 51.00267442093521], [-4.061926510689784, 51.00248475584013], [-4.080831943653396, 51.00569435348365], [-4.080529989978701, 51.007009994965536], [-4.079249989977083, 51.00868999496693], [-4.069109989970326, 51.0084299949668], [-4.066089989968047, 51.00894999496722], [-4.065429312665815, 51.0095053472752], [-4.06178356752303, 51.00267442093521]]]}}, {"type": "Feature", "properties": {"type": "postcode-cell", "postcode": "EX31 3NB", "postcodes": ["EX31 3NB"]}, "geometry": {"type": "Polygon", "coordinates": [[[-4.104537289250392, 50.98392646886282], [-4.103418285144251, 50.98665675871678], [-4.103334456867621, 50.98671787398478], [-4.099095269645687, 50.986256403540374], [-4.085982320470506, 50.98028237652068], [-4.0864483710040584, 50.97973166641804], [-4.102531335146215, 50.98055913254431], [-4.104537289250392, 50.98392646886282]]]}}, {"type": "Feature", "properties": {"type": "postcode-cell", "postcode": "EX31 3ND", "postcodes": ["EX31 3ND"]}, "geometry": {"type": "Polygon", "coordinates": [[[-4.102531335146215, 50.98055913254431], [-4.0864483710040584, 50.97973166641804], [-4.0882512400329345, 50.97547024152322], [-4.101148754135682, 50.97170800888371], [-4.102531335146215, 50.98055913254431]]]}}, {"type": "Feature", "properties": {"type": "postcode-cell", "postcode": "EX38 7HY", "postcodes": ["EX38 7HY"]}, "geometry": {"type": "Polygon", "coordinates": [[[-4.096589143638122, 50.96062558807343], [-4.094370461797745, 50.95993904509309], [-4.092255837460349, 50.956547788683075], [-4.094090735093068, 50.954038642141576], [-4.098236475891418, 50.95036074699227], [-4.1026764090606465, 50.950200584772226], [-4.104539990019682, 50.95165999492006], [-4.104709990019539, 50.952229994920536], [-4.104029990018933, 50.952559994920804], [-4.103889990018267, 50.953839994921864], [-4.1056099900189675, 50.9548799949227], [-4.106539990019107, 50.955979994923574], [-4.106998554084377, 50.95742578629758], [-4.096589143638122, 50.96062558807343]]]}}, {"type": "Feature", "properties": {"type": "postcode-cell", "postcode": "EX38 7EH", "postcodes": ["EX38 7EH"]}, "geometry": {"type": "Polygon", "coordinates": [[[-4.102411071448047, 50.94080796193331], [-4.096333904544682, 50.9404213322497], [-4.089860666374744, 50.93818628064479], [-4.089814292784193, 50.92984476223592], [-4.091551333089237, 50.927285445384314], [-4.092029990022013, 50.92751999490046], [-4.094609990023423, 50.92826999490104], [-4.097459990025164, 50.928679994901366], [-4.100279990026501, 50.92994999490237], [-4.102409990028036, 50.92973999490219], [-4.102534120980338, 50.9296640894], [-4.110436148459473, 50.93265128391634], [-4.102411071448047, 50.94080796193331]]]}}, {"type": "Feature", "properties": {"type": "postcode-cell", "postcode": "EX38 7EJ", "postcodes": ["EX38 7EJ"]}, "geometry": {"type": "Polygon", "coordinates": [[[-4.089860666374744, 50.93818628064479], [-4.087624298521034, 50.93913810661389], [-4.077343746620534, 50.93985010968436], [-4.070997459996939, 50.93504416039009], [-4.089814292784193, 50.92984476223592], [-4.089860666374744, 50.93818628064479]]]}}, {"type": "Feature", "properties": {"type": "postcode-cell", "postcode": "EX38 7JE", "postcodes": ["EX38 7JE"]}, "geometry": {"type": "Polygon", "coordinates": [[[-4.092255837460349, 50.956547788683075], [-4.090760664900157, 50.95611763024361], [-4.090723652309172, 50.95604466170452], [-4.089672765331449, 50.952439818977794], [-4.089685377519503, 50.95243295041233], [-4.094090735093068, 50.954038642141576], [-4.092255837460349, 50.956547788683075]]]}}, {"type": "Feature", "properties": {"type": "postcode-cell", "postcode": "EX38 7JL", "postcodes": ["EX38 7JL"]}, "geometry": {"type": "Polygon", "coordinates": [[[-4.106782442984806, 50.94649753030277], [-4.106119990023002, 50.946619994915935], [-4.1053099900222305, 50.94711999491635], [-4.104629990021854, 50.946929994916204], [-4.104589990021718, 50.94717999491642], [-4.103349990020746, 50.94746999491664], [-4.102739990019569, 50.94917999491805], [-4.102049990018865, 50.9497099949185], [-4.1026764090606465, 50.950200584772226], [-4.098236475891418, 50.95036074699227], [-4.097720200094845, 50.950198826300586], [-4.09582607757788, 50.94945044099558], [-4.092029700962262, 50.947418166127655], [-4.096333904544682, 50.9404213322497], [-4.102411071448047, 50.94080796193331], [-4.106782442984806, 50.94649753030277]]]}}, {"type": "Feature", "properties": {"type": "postcode-cell", "postcode": "EX38 7JJ", "postcodes": ["EX38 7JJ"]}, "geometry": {"type": "Polygon", "coordinates": [[[-4.092029700962262, 50.947418166127655], [-4.086228529280855, 50.94710866811654], [-4.087624298521034, 50.93913810661389], [-4.089860666374744, 50.93818628064479], [-4.096333904544682, 50.9404213322497], [-4.092029700962262, 50.947418166127655]]]}}, {"type": "Feature", "properties": {"type": "postcode-cell", "postcode": "EX38 7LB", "postcodes": ["EX38 7LB"]}, "geometry": {"type": "Polygon", "coordinates": [[[-4.101148754135682, 50.97170800888371], [-4.0882512400329345, 50.97547024152322], [-4.081948170568871, 50.97187954457192], [-4.089573052796048, 50.967126597827004], [-4.097773145826444, 50.96819130932626], [-4.101316476636009, 50.971538492662425], [-4.101148754135682, 50.97170800888371]]]}}, {"type": "Feature", "properties": {"type": "postcode-cell", "postcode": "EX31 3LZ", "postcodes": ["EX31 3LZ"]}, "geometry": {"type": "Polygon", "coordinates": [[[-4.081738610018025, 50.989273408931645], [-4.099095269645687, 50.986256403540374], [-4.103334456867621, 50.98671787398478], [-4.102558237145864, 50.99135344212539], [-4.09178797073303, 50.99459675812671], [-4.082500509655477, 50.99046090949462], [-4.081738610018025, 50.989273408931645]]]}}, {"type": "Feature", "properties": {"type": "postcode-cell", "postcode": "EX31 3LT", "postcodes": ["EX31 3LT"]}, "geometry": {"type": "Polygon", "coordinates": [[[-4.082500509655477, 50.99046090949462], [-4.07802854824425, 50.99903667391764], [-4.068708512391639, 50.99759311377155], [-4.0673291478549585, 50.99038507172792], [-4.076688493366389, 50.98581703256508], [-4.081738610018025, 50.989273408931645], [-4.082500509655477, 50.99046090949462]]]}}, {"type": "Feature", "properties": {"type": "postcode-cell", "postcode": "EX38 7JA", "postcodes": ["EX38 7JA"]}, "geometry": {"type": "Polygon", "coordinates": [[[-4.096589143638122, 50.96062558807343], [-4.097773145826444, 50.96819130932626], [-4.089573052796048, 50.967126597827004], [-4.088255669188912, 50.96630608287439], [-4.0896959074875605, 50.96089972958595], [-4.094370461797745, 50.95993904509309], [-4.096589143638122, 50.96062558807343]]]}}, {"type": "Feature", "properties": {"type": "postcode-cell", "postcode": "EX38 7JF", "postcodes": ["EX38 7JF"]}, "geometry": {"type": "Polygon", "coordinates": [[[-4.094090735093068, 50.954038642141576], [-4.089685377519503, 50.95243295041233], [-4.089758632957337, 50.95230315545517], [-4.097720200094845, 50.950198826300586], [-4.098236475891418, 50.95036074699227], [-4.094090735093068, 50.954038642141576]]]}}, {"type": "Feature", "properties": {"type": "postcode-cell", "postcode": "EX38 7JG", "postcodes": ["EX38 7JG"]}, "geometry": {"type": "Polygon", "coordinates": [[[-4.089758632957337, 50.95230315545517], [-4.089422022633109, 50.95129636442246], [-4.09582607757788, 50.94945044099558], [-4.097720200094845, 50.950198826300586], [-4.089758632957337, 50.95230315545517]]]}}, {"type": "Feature", "properties": {"type": "postcode-cell", "postcode": "EX31 3NE", "postcodes": ["EX31 3NE"]}, "geometry": {"type": "Polygon", "coordinates": [[[-4.085982320470506, 50.98028237652068], [-4.076721903930368, 50.98480438203875], [-4.073879511733878, 50.98262028535326], [-4.071888499407708, 50.97489743688909], [-4.080239577948777, 50.97143074180606], [-4.081948170568871, 50.97187954457192], [-4.0882512400329345, 50.97547024152322], [-4.0864483710040584, 50.97973166641804], [-4.085982320470506, 50.98028237652068]]]}}, {"type": "Feature", "properties": {"type": "postcode-cell", "postcode": "EX31 3NA", "postcodes": ["EX31 3NA"]}, "geometry": {"type": "Polygon", "coordinates": [[[-4.09178797073303, 50.99459675812671], [-4.0911809722334445, 51.00033001062985], [-4.087628683837361, 51.002943322428344], [-4.08219998998177, 51.002669994962], [-4.081873982322983, 51.002769215891426], [-4.07802854824425, 50.99903667391764], [-4.082500509655477, 50.99046090949462], [-4.09178797073303, 50.99459675812671]]]}}, {"type": "Feature", "properties": {"type": "postcode-cell", "postcode": "EX38 7JH", "postcodes": ["EX38 7JH"]}, "geometry": {"type": "Polygon", "coordinates": [[[-4.089422022633109, 50.95129636442246], [-4.0825012939697505, 50.94857711095913], [-4.086228529280855, 50.94710866811654], [-4.092029700962262, 50.947418166127655], [-4.09582607757788, 50.94945044099558], [-4.089422022633109, 50.95129636442246]]]}}, {"type": "Feature", "properties": {"type": "postcode-cell", "postcode": "EX38 7AZ", "postcodes": ["EX38 7AZ"]}, "geometry": {"type": "Polygon", "coordinates": [[[-4.090760664900157, 50.95611763024361], [-4.079931672704728, 50.954792906421936], [-4.0785371966235395, 50.95252908517031], [-4.078710713974232, 50.952363685913554], [-4.088360901327183, 50.95274393723053], [-4.090723652309172, 50.95604466170452], [-4.090760664900157, 50.95611763024361]]]}}, {"type": "Feature", "properties": {"type": "postcode-cell", "postcode": "EX38 7JQ", "postcodes": ["EX38 7JQ"]}, "geometry": {"type": "Polygon", "coordinates": [[[-4.089672765331449, 50.952439818977794], [-4.088360901327183, 50.95274393723053], [-4.078710713974232, 50.952363685913554], [-4.081299733314376, 50.94890251428084], [-4.0825012939697505, 50.94857711095913], [-4.089422022633109, 50.95129636442246], [-4.089758632957337, 50.95230315545517], [-4.089685377519503, 50.95243295041233], [-4.089672765331449, 50.952439818977794]]]}}, {"type": "Feature", "properties": {"type": "postcode-cell", "postcode": "EX31 3LY", "postcodes": ["EX31 3LY"]}, "geometry": {"type": "Polygon", "coordinates": [[[-4.099095269645687, 50.986256403540374], [-4.081738610018025, 50.989273408931645], [-4.076688493366389, 50.98581703256508], [-4.076721903930368, 50.98480438203875], [-4.085982320470506, 50.98028237652068], [-4.099095269645687, 50.986256403540374]]]}}, {"type": "Feature", "properties": {"type": "postcode-cell", "postcode": "EX38 7JD", "postcodes": ["EX38 7JD"]}, "geometry": {"type": "Polygon", "coordinates": [[[-4.090723652309172, 50.95604466170452], [-4.088360901327183, 50.95274393723053], [-4.089672765331449, 50.952439818977794], [-4.090723652309172, 50.95604466170452]]]}}, {"type": "Feature", "properties": {"type": "postcode-cell", "postcode": "EX38 7JB", "postcodes": ["EX38 7JB"]}, "geometry": {"type": "Polygon", "coordinates": [[[-4.094370461797745, 50.95993904509309], [-4.0896959074875605, 50.96089972958595], [-4.085189613844184, 50.96094276969793], [-4.079749865561654, 50.95825556750891], [-4.079931672704728, 50.954792906421936], [-4.090760664900157, 50.95611763024361], [-4.092255837460349, 50.956547788683075], [-4.094370461797745, 50.95993904509309]]]}}, {"type": "Feature", "properties": {"type": "postcode-cell", "postcode": "EX38 7JY", "postcodes": ["EX38 7JY"]}, "geometry": {"type": "Polygon", "coordinates": [[[-4.079931672704728, 50.954792906421936], [-4.079749865561654, 50.95825556750891], [-4.07106073899648, 50.96376434416992], [-4.067954564358666, 50.963809466541726], [-4.057563342836713, 50.956884603269316], [-4.059658737772316, 50.952276974461995], [-4.059811891205162, 50.952087154415075], [-4.0785371966235395, 50.95252908517031], [-4.079931672704728, 50.954792906421936]]]}}, {"type": "Feature", "properties": {"type": "postcode-cell", "postcode": "EX38 7JW", "postcodes": ["EX38 7JW"]}, "geometry": {"type": "Polygon", "coordinates": [[[-4.0825012939697505, 50.94857711095913], [-4.081299733314376, 50.94890251428084], [-4.076080044947246, 50.94335468380366], [-4.077343746620534, 50.93985010968436], [-4.087624298521034, 50.93913810661389], [-4.086228529280855, 50.94710866811654], [-4.0825012939697505, 50.94857711095913]]]}}, {"type": "Feature", "properties": {"type": "postcode-cell", "postcode": "EX38 7JP", "postcodes": ["EX38 7JP"]}, "geometry": {"type": "Polygon", "coordinates": [[[-4.078710713974232, 50.952363685913554], [-4.0785371966235395, 50.95252908517031], [-4.059811891205162, 50.952087154415075], [-4.0591318903510265, 50.94734712261879], [-4.076080044947246, 50.94335468380366], [-4.081299733314376, 50.94890251428084], [-4.078710713974232, 50.952363685913554]]]}}, {"type": "Feature", "properties": {"type": "postcode-cell", "postcode": "EX38 7JZ", "postcodes": ["EX38 7JZ"]}, "geometry": {"type": "Polygon", "coordinates": [[[-4.081948170568871, 50.97187954457192], [-4.080239577948777, 50.97143074180606], [-4.078197041104853, 50.9669668113411], [-4.083260385704713, 50.965193792047025], [-4.088255669188912, 50.96630608287439], [-4.089573052796048, 50.967126597827004], [-4.081948170568871, 50.97187954457192]]]}}, {"type": "Feature", "properties": {"type": "postcode-cell", "postcode": "EX38 7JX", "postcodes": ["EX38 7JX"]}, "geometry": {"type": "Polygon", "coordinates": [[[-4.085189613844184, 50.96094276969793], [-4.083260385704713, 50.965193792047025], [-4.078197041104853, 50.9669668113411], [-4.07106073899648, 50.96376434416992], [-4.079749865561654, 50.95825556750891], [-4.085189613844184, 50.96094276969793]]]}}, {"type": "Feature", "properties": {"type": "postcode-cell", "postcode": "EX38 7HW", "postcodes": ["EX38 7HW"]}, "geometry": {"type": "Polygon", "coordinates": [[[-4.088255669188912, 50.96630608287439], [-4.083260385704713, 50.965193792047025], [-4.085189613844184, 50.96094276969793], [-4.0896959074875605, 50.96089972958595], [-4.088255669188912, 50.96630608287439]]]}}, {"type": "Feature", "properties": {"type": "postcode-cell", "postcode": "EX31 3LX", "postcodes": ["EX31 3LX"]}, "geometry": {"type": "Polygon", "coordinates": [[[-4.081873982322983, 51.002769215891426], [-4.08127998998102, 51.00294999496222], [-4.079249989979863, 51.00245999496182], [-4.078149989979073, 51.002559994961906], [-4.077899989978854, 51.002669994962], [-4.07940998997962, 51.00324999496247], [-4.080949989979802, 51.00517999496406], [-4.080831943653396, 51.00569435348365], [-4.061926510689784, 51.00248475584013], [-4.06210643074925, 51.00152962466979], [-4.068708512391639, 50.99759311377155], [-4.07802854824425, 50.99903667391764], [-4.081873982322983, 51.002769215891426]]]}}, {"type": "Feature", "properties": {"type": "postcode-cell", "postcode": "EX31 3LS", "postcodes": ["EX31 3LS"]}, "geometry": {"type": "Polygon", "coordinates": [[[-4.076688493366389, 50.98581703256508], [-4.0673291478549585, 50.99038507172792], [-4.059791973237966, 50.99005708276688], [-4.0568728347137535, 50.98853972776407], [-4.0544448024572315, 50.98580983762027], [-4.060409710268329, 50.98079675321426], [-4.073879511733878, 50.98262028535326], [-4.076721903930368, 50.98480438203875], [-4.076688493366389, 50.98581703256508]]]}}, {"type": "Feature", "properties": {"type": "postcode-cell", "postcode": "EX19 8NS", "postcodes": ["EX19 8NS"]}, "geometry": {"type": "Polygon", "coordinates": [[[-4.070997459996939, 50.93504416039009], [-4.069965723280337, 50.934769948255514], [-4.066487711816298, 50.931664354768195], [-4.066526606585985, 50.930923610406516], [-4.083403000699813, 50.92477548602412], [-4.0869460232244945, 50.924724125391], [-4.088009990020182, 50.92554999489887], [-4.091551333089237, 50.927285445384314], [-4.089814292784193, 50.92984476223592], [-4.070997459996939, 50.93504416039009]]]}}, {"type": "Feature", "properties": {"type": "postcode-cell", "postcode": "EX19 8TT", "postcodes": ["EX19 8TT"]}, "geometry": {"type": "Polygon", "coordinates": [[[-4.076080044947246, 50.94335468380366], [-4.0591318903510265, 50.94734712261879], [-4.058289896888611, 50.94620242372189], [-4.069965723280337, 50.934769948255514], [-4.070997459996939, 50.93504416039009], [-4.077343746620534, 50.93985010968436], [-4.076080044947246, 50.94335468380366]]]}}, {"type": "Feature", "properties": {"type": "postcode-cell", "postcode": "EX19 8NP", "postcodes": ["EX19 8NP"]}, "geometry": {"type": "Polygon", "coordinates": [[[-4.078704983699814, 50.92350623004696], [-4.069483088028408, 50.925501475354004], [-4.070491336039845, 50.91999944521863], [-4.078704983699814, 50.92350623004696]]]}}, {"type": "Feature", "properties": {"type": "postcode-cell", "postcode": "EX19 8AD", "postcodes": ["EX19 8AD"]}, "geometry": {"type": "Polygon", "coordinates": [[[-4.070491336039845, 50.91999944521863], [-4.06977301465933, 50.91919414621744], [-4.07009897913008, 50.91866551113602], [-4.094464938781258, 50.91798184008357], [-4.0937840444644795, 50.91980824068686], [-4.089979990024325, 50.919259994893736], [-4.08776999002279, 50.91935999489383], [-4.085899990021144, 50.920219994894566], [-4.085129990020139, 50.92129999489545], [-4.08557999001967, 50.92302999489685], [-4.086579990019711, 50.924439994898], [-4.0869460232244945, 50.924724125391], [-4.083403000699813, 50.92477548602412], [-4.078704983699814, 50.92350623004696], [-4.070491336039845, 50.91999944521863]]]}}, {"type": "Feature", "properties": {"type": "postcode-cell", "postcode": "EX19 8NR", "postcodes": ["EX19 8NR"]}, "geometry": {"type": "Polygon", "coordinates": [[[-4.083403000699813, 50.92477548602412], [-4.066526606585985, 50.930923610406516], [-4.066234871677813, 50.93040407592104], [-4.069483088028408, 50.925501475354004], [-4.078704983699814, 50.92350623004696], [-4.083403000699813, 50.92477548602412]]]}}, {"type": "Feature", "properties": {"type": "postcode-cell", "postcode": "EX19 8AA", "postcodes": ["EX19 8AA"]}, "geometry": {"type": "MultiPolygon", "coordinates": [[[[-4.082916515151827, 50.91233228869102], [-4.082519990023406, 50.91007999488634], [-4.08485999002605, 50.907709994884385], [-4.086469990027609, 50.9066499948835], [-4.088349990029008, 50.906359994883246], [-4.09136999003083, 50.90683999488362], [-4.093569990031791, 50.90800999488456], [-4.094289990031838, 50.90898999488534], [-4.094365063769449, 50.90941685837681], [-4.082916515151827, 50.91233228869102]]], [[[-4.070458140815013, 50.91550319582501], [-4.067293821821955, 50.91298968295717], [-4.0645374010194715, 50.90858479800499], [-4.065736924410417, 50.90571112174229], [-4.0688699900152105, 50.907849994884636], [-4.070609990016072, 50.908539994885174], [-4.072649990017306, 50.908849994885394], [-4.074589990018228, 50.90970999488607], [-4.077629800919286, 50.9136780778029], [-4.070458140815013, 50.91550319582501]]]]}}, {"type": "Feature", "properties": {"type": "postcode-cell", "postcode": "EX38 7LA", "postcodes": ["EX38 7LA"]}, "geometry": {"type": "Polygon", "coordinates": [[[-4.078197041104853, 50.9669668113411], [-4.080239577948777, 50.97143074180606], [-4.071888499407708, 50.97489743688909], [-4.063309919045885, 50.971565520394535], [-4.067954564358666, 50.963809466541726], [-4.07106073899648, 50.96376434416992], [-4.078197041104853, 50.9669668113411]]]}}, {"type": "Feature", "properties": {"type": "postcode-cell", "postcode": "EX19 8LZ", "postcodes": ["EX19 8LZ"]}, "geometry": {"type": "Polygon", "coordinates": [[[-4.070458140815013, 50.91550319582501], [-4.07009897913008, 50.91866551113602], [-4.06977301465933, 50.91919414621744], [-4.069568956174473, 50.91923116439427], [-4.062587177709726, 50.91831573076166], [-4.062900535611862, 50.915256851397025], [-4.063008399781208, 50.91517163244502], [-4.067293821821955, 50.91298968295717], [-4.070458140815013, 50.91550319582501]]]}}, {"type": "Feature", "properties": {"type": "postcode-cell", "postcode": "EX19 8NW", "postcodes": ["EX19 8NW"]}, "geometry": {"type": "Polygon", "coordinates": [[[-4.070491336039845, 50.91999944521863], [-4.069483088028408, 50.925501475354004], [-4.066234871677813, 50.93040407592104], [-4.060897214972131, 50.92629106747884], [-4.060820656123561, 50.92520069842341], [-4.062830677131528, 50.92283766140244], [-4.069568956174473, 50.91923116439427], [-4.06977301465933, 50.91919414621744], [-4.070491336039845, 50.91999944521863]]]}}, {"type": "Feature", "properties": {"type": "postcode-cell", "postcode": "EX19 8AG", "postcodes": ["EX19 8AG"]}, "geometry": {"type": "Polygon", "coordinates": [[[-4.066487711816298, 50.931664354768195], [-4.05620894218962, 50.93391468818598], [-4.046187666687231, 50.92725168926671], [-4.060897214972131, 50.92629106747884], [-4.066234871677813, 50.93040407592104], [-4.066526606585985, 50.930923610406516], [-4.066487711816298, 50.931664354768195]]]}}, {"type": "Feature", "properties": {"type": "postcode-cell", "postcode": "EX38 7JU", "postcodes": ["EX38 7JU"]}, "geometry": {"type": "Polygon", "coordinates": [[[-4.063309919045885, 50.971565520394535], [-4.056196868278839, 50.9734380899897], [-4.053378305576815, 50.97309487718382], [-4.051511702009965, 50.972420060367426], [-4.047188216575282, 50.963196086320714], [-4.054088223819838, 50.95822768495641], [-4.057563342836713, 50.956884603269316], [-4.067954564358666, 50.963809466541726], [-4.063309919045885, 50.971565520394535]]]}}, {"type": "Feature", "properties": {"type": "postcode-cell", "postcode": "EX31 3NF", "postcodes": ["EX31 3NF"]}, "geometry": {"type": "Polygon", "coordinates": [[[-4.073879511733878, 50.98262028535326], [-4.060409710268329, 50.98079675321426], [-4.056196868278839, 50.9734380899897], [-4.063309919045885, 50.971565520394535], [-4.071888499407708, 50.97489743688909], [-4.073879511733878, 50.98262028535326]]]}}, {"type": "Feature", "properties": {"type": "postcode-cell", "postcode": "EX19 8TS", "postcodes": ["EX19 8TS"]}, "geometry": {"type": "Polygon", "coordinates": [[[-4.0591318903510265, 50.94734712261879], [-4.059811891205162, 50.952087154415075], [-4.059658737772316, 50.952276974461995], [-4.038888317267851, 50.949972629059104], [-4.038750227911643, 50.94771009060407], [-4.03885894161296, 50.94760706703149], [-4.0520867862801735, 50.94292172346664], [-4.058289896888611, 50.94620242372189], [-4.0591318903510265, 50.94734712261879]]]}}, {"type": "Feature", "properties": {"type": "postcode-cell", "postcode": "EX19 8NN", "postcodes": ["EX19 8NN"]}, "geometry": {"type": "Polygon", "coordinates": [[[-4.062830677131528, 50.92283766140244], [-4.059483170436613, 50.91898258868421], [-4.0600281267582625, 50.91876090032189], [-4.0608976373521655, 50.91850329397468], [-4.062100609123804, 50.918330803528846], [-4.062587177709726, 50.91831573076166], [-4.069568956174473, 50.91923116439427], [-4.062830677131528, 50.92283766140244]]]}}, {"type": "Feature", "properties": {"type": "postcode-cell", "postcode": "EX19 8TU", "postcodes": ["EX19 8TU"]}, "geometry": {"type": "Polygon", "coordinates": [[[-4.069965723280337, 50.934769948255514], [-4.058289896888611, 50.94620242372189], [-4.0520867862801735, 50.94292172346664], [-4.052074170374912, 50.94290464927763], [-4.054009866903166, 50.93608786843651], [-4.05620894218962, 50.93391468818598], [-4.066487711816298, 50.931664354768195], [-4.069965723280337, 50.934769948255514]]]}}, {"type": "Feature", "properties": {"type": "postcode-cell", "postcode": "EX19 8PA", "postcodes": ["EX19 8PA"]}, "geometry": {"type": "Polygon", "coordinates": [[[-4.0470828203352704, 50.879160556252614], [-4.042929821033827, 50.87764555100354], [-4.046612652282406, 50.867830328237595], [-4.050880631467694, 50.865811554862994], [-4.053482218884726, 50.86481058466491], [-4.0547299900237785, 50.867669994852136], [-4.058099990024365, 50.871379994855104], [-4.060249990025026, 50.873119994856495], [-4.060809990024955, 50.87411999485729], [-4.061039990024411, 50.87566999485857], [-4.060219990023153, 50.87723999485984], [-4.060400367142663, 50.8775052631974], [-4.0470828203352704, 50.879160556252614]]]}}, {"type": "Feature", "properties": {"type": "postcode-cell", "postcode": "EX19 8PE", "postcodes": ["EX19 8PE"]}, "geometry": {"type": "MultiPolygon", "coordinates": [[[[-4.050880631467694, 50.865811554862994], [-4.046453743094727, 50.86481608080947], [-4.046529990020074, 50.86367999484897], [-4.047959990021092, 50.863549994848874], [-4.048949990021577, 50.8639499948492], [-4.051399990023357, 50.8636399948489], [-4.052039990024217, 50.86268999484813], [-4.053049990024383, 50.86381999484904], [-4.053482218884726, 50.86481058466491], [-4.050880631467694, 50.865811554862994]]], [[[-4.026784168112765, 50.86039042347181], [-4.02913999001014, 50.85987999484609], [-4.0318099900117454, 50.86028999484639], [-4.036279990015143, 50.85938999484561], [-4.038999990016575, 50.8602499948463], [-4.0402399900167305, 50.8617499948475], [-4.040769990016463, 50.863129994848606], [-4.0406358169869305, 50.863507482109256], [-4.026784168112765, 50.86039042347181]]]]}}, {"type": "Feature", "properties": {"type": "postcode-cell", "postcode": "EX19 8LU", "postcodes": ["EX19 8LU"]}, "geometry": {"type": "Polygon", "coordinates": [[[-4.062587177709726, 50.91831573076166], [-4.062100609123804, 50.918330803528846], [-4.061287095817047, 50.915843392654764], [-4.0613431039077765, 50.91580168468373], [-4.062900535611862, 50.915256851397025], [-4.062587177709726, 50.91831573076166]]]}}, {"type": "Feature", "properties": {"type": "postcode-cell", "postcode": "EX19 8LH", "postcodes": ["EX19 8LH"]}, "geometry": {"type": "Polygon", "coordinates": [[[-4.063008399781208, 50.91517163244502], [-4.0606702062224125, 50.91478757724603], [-4.059888886652058, 50.91054772862375], [-4.0645374010194715, 50.90858479800499], [-4.067293821821955, 50.91298968295717], [-4.063008399781208, 50.91517163244502]]]}}, {"type": "Feature", "properties": {"type": "postcode-cell", "postcode": "EX19 8LP", "postcodes": ["EX19 8LP"]}, "geometry": {"type": "Polygon", "coordinates": [[[-4.060100943475585, 50.916061073665574], [-4.060563288553376, 50.91597073075712], [-4.060726755764978, 50.9159887935421], [-4.0605231906673325, 50.91642957602273], [-4.059811679892526, 50.916513349938036], [-4.0596973051610785, 50.91646210546215], [-4.060100943475585, 50.916061073665574]]]}}, {"type": "Feature", "properties": {"type": "postcode-cell", "postcode": "EX19 8LN", "postcodes": ["EX19 8LN"]}, "geometry": {"type": "Polygon", "coordinates": [[[-4.0596973051610785, 50.91646210546215], [-4.0591313171507775, 50.916458778143344], [-4.058244007536762, 50.915960151960654], [-4.058301309864846, 50.91588579422292], [-4.060100943475585, 50.916061073665574], [-4.0596973051610785, 50.91646210546215]]]}}, {"type": "Feature", "properties": {"type": "postcode-cell", "postcode": "EX31 3LU", "postcodes": ["EX31 3LU"]}, "geometry": {"type": "Polygon", "coordinates": [[[-4.068708512391639, 50.99759311377155], [-4.06210643074925, 51.00152962466979], [-4.0561612168251395, 50.997358128666285], [-4.058142566973834, 50.99255324197704], [-4.059791973237966, 50.99005708276688], [-4.0673291478549585, 50.99038507172792], [-4.068708512391639, 50.99759311377155]]]}}, {"type": "Feature", "properties": {"type": "postcode-cell", "postcode": "EX19 8AH", "postcodes": ["EX19 8AH"]}, "geometry": {"type": "Polygon", "coordinates": [[[-4.060820656123561, 50.92520069842341], [-4.0585002705763635, 50.92352121742212], [-4.056982646513012, 50.91922598854], [-4.057309358665741, 50.919149157848764], [-4.059483170436613, 50.91898258868421], [-4.062830677131528, 50.92283766140244], [-4.060820656123561, 50.92520069842341]]]}}, {"type": "Feature", "properties": {"type": "postcode-cell", "postcode": "EX19 8LT", "postcodes": ["EX19 8LT"]}, "geometry": {"type": "Polygon", "coordinates": [[[-4.062100609123804, 50.918330803528846], [-4.0608976373521655, 50.91850329397468], [-4.0607732764773425, 50.91809381654936], [-4.0605231906673325, 50.91642957602273], [-4.060726755764978, 50.9159887935421], [-4.061287095817047, 50.915843392654764], [-4.062100609123804, 50.918330803528846]]]}}, {"type": "Feature", "properties": {"type": "postcode-cell", "postcode": "EX19 8LW", "postcodes": ["EX19 8LW"]}, "geometry": {"type": "Polygon", "coordinates": [[[-4.059811679892526, 50.916513349938036], [-4.0605231906673325, 50.91642957602273], [-4.0607732764773425, 50.91809381654936], [-4.059811679892526, 50.916513349938036]]]}}, {"type": "Feature", "properties": {"type": "postcode-cell", "postcode": "EX19 8LR", "postcodes": ["EX19 8LR"]}, "geometry": {"type": "Polygon", "coordinates": [[[-4.0607732764773425, 50.91809381654936], [-4.0608976373521655, 50.91850329397468], [-4.0600281267582625, 50.91876090032189], [-4.0591313171507775, 50.916458778143344], [-4.0596973051610785, 50.91646210546215], [-4.059811679892526, 50.916513349938036], [-4.0607732764773425, 50.91809381654936]]]}}, {"type": "Feature", "properties": {"type": "postcode-cell", "postcode": "EX19 8NL", "postcodes": ["EX19 8NL"]}, "geometry": {"type": "Polygon", "coordinates": [[[-4.060216388438558, 50.91505832271191], [-4.059149964879459, 50.915126845347984], [-4.058616153838428, 50.915060019944455], [-4.056553703373848, 50.911737388792645], [-4.059888886652058, 50.91054772862375], [-4.0606702062224125, 50.91478757724603], [-4.060216388438558, 50.91505832271191]]]}}, {"type": "Feature", "properties": {"type": "postcode-cell", "postcode": "EX19 8LY", "postcodes": ["EX19 8LY"]}, "geometry": {"type": "Polygon", "coordinates": [[[-4.0606702062224125, 50.91478757724603], [-4.063008399781208, 50.91517163244502], [-4.062900535611862, 50.915256851397025], [-4.0613431039077765, 50.91580168468373], [-4.060216388438558, 50.91505832271191], [-4.0606702062224125, 50.91478757724603]]]}}, {"type": "Feature", "properties": {"type": "postcode-cell", "postcode": "EX19 8NE", "postcodes": ["EX19 8NE"]}, "geometry": {"type": "Polygon", "coordinates": [[[-4.0645374010194715, 50.90858479800499], [-4.059888886652058, 50.91054772862375], [-4.056553703373848, 50.911737388792645], [-4.054777953088233, 50.911990094912795], [-4.051054216083085, 50.90765569345781], [-4.053793263291217, 50.90187219242853], [-4.06323128724895, 50.90129932798981], [-4.065819990015532, 50.90255999488038], [-4.063999990013806, 50.90366999488127], [-4.064709990013683, 50.90500999488234], [-4.065736924410417, 50.90571112174229], [-4.0645374010194715, 50.90858479800499]]]}}, {"type": "Feature", "properties": {"type": "postcode-cell", "postcode": "EX19 8LX", "postcodes": ["EX19 8LX"]}, "geometry": {"type": "Polygon", "coordinates": [[[-4.061287095817047, 50.915843392654764], [-4.060726755764978, 50.9159887935421], [-4.060563288553376, 50.91597073075712], [-4.059149964879459, 50.915126845347984], [-4.060216388438558, 50.91505832271191], [-4.0613431039077765, 50.91580168468373], [-4.061287095817047, 50.915843392654764]]]}}, {"type": "Feature", "properties": {"type": "postcode-cell", "postcode": "EX19 8LJ", "postcodes": ["EX19 8LJ"]}, "geometry": {"type": "Polygon", "coordinates": [[[-4.058301309864846, 50.91588579422292], [-4.058244007536762, 50.915960151960654], [-4.0582278527873, 50.915968297416136], [-4.050693760069978, 50.914038999716354], [-4.054777953088233, 50.911990094912795], [-4.056553703373848, 50.911737388792645], [-4.058616153838428, 50.915060019944455], [-4.058301309864846, 50.91588579422292]]]}}, {"type": "Feature", "properties": {"type": "postcode-cell", "postcode": "EX19 8LQ", "postcodes": ["EX19 8LQ"]}, "geometry": {"type": "Polygon", "coordinates": [[[-4.058616153838428, 50.915060019944455], [-4.059149964879459, 50.915126845347984], [-4.060563288553376, 50.91597073075712], [-4.060100943475585, 50.916061073665574], [-4.058301309864846, 50.91588579422292], [-4.058616153838428, 50.915060019944455]]]}}, {"type": "Feature", "properties": {"type": "postcode-cell", "postcode": "EX19 8LS", "postcodes": ["EX19 8LS"]}, "geometry": {"type": "Polygon", "coordinates": [[[-4.0591313171507775, 50.916458778143344], [-4.0600281267582625, 50.91876090032189], [-4.059483170436613, 50.91898258868421], [-4.057309358665741, 50.919149157848764], [-4.05807331418568, 50.916098183874155], [-4.0582278527873, 50.915968297416136], [-4.058244007536762, 50.915960151960654], [-4.0591313171507775, 50.916458778143344]]]}}, {"type": "Feature", "properties": {"type": "postcode-cell", "postcode": "EX19 8LL", "postcodes": ["EX19 8LL"]}, "geometry": {"type": "Polygon", "coordinates": [[[-4.057309358665741, 50.919149157848764], [-4.056982646513012, 50.91922598854], [-4.0452136027486585, 50.918175387467365], [-4.045813636141416, 50.91761298657121], [-4.05807331418568, 50.916098183874155], [-4.057309358665741, 50.919149157848764]]]}}, {"type": "Feature", "properties": {"type": "postcode-cell", "postcode": "EX19 8NU", "postcodes": ["EX19 8NU"]}, "geometry": {"type": "Polygon", "coordinates": [[[-4.060897214972131, 50.92629106747884], [-4.046187666687231, 50.92725168926671], [-4.043371912365712, 50.92658499308699], [-4.037996175631385, 50.92306012272255], [-4.036429867331875, 50.92166998958779], [-4.041618745551816, 50.919849695290644], [-4.0585002705763635, 50.92352121742212], [-4.060820656123561, 50.92520069842341], [-4.060897214972131, 50.92629106747884]]]}}, {"type": "Feature", "properties": {"type": "postcode-cell", "postcode": "EX19 8AQ", "postcodes": ["EX19 8AQ"]}, "geometry": {"type": "Polygon", "coordinates": [[[-4.0585002705763635, 50.92352121742212], [-4.041618745551816, 50.919849695290644], [-4.0452136027486585, 50.918175387467365], [-4.056982646513012, 50.91922598854], [-4.0585002705763635, 50.92352121742212]]]}}, {"type": "Feature", "properties": {"type": "postcode-cell", "postcode": "EX31 3LP", "postcodes": ["EX31 3LP"]}, "geometry": {"type": "Polygon", "coordinates": [[[-4.058142566973834, 50.99255324197704], [-4.051693848670012, 50.9936192577781], [-4.048901504660395, 50.992189053904966], [-4.0568728347137535, 50.98853972776407], [-4.059791973237966, 50.99005708276688], [-4.058142566973834, 50.99255324197704]]]}}, {"type": "Feature", "properties": {"type": "postcode-cell", "postcode": "EX31 3LL", "postcodes": ["EX31 3LL"]}, "geometry": {"type": "Polygon", "coordinates": [[[-4.06178356752303, 51.00267442093521], [-4.051865716478778, 51.005586657127935], [-4.042452403830416, 50.99873231124457], [-4.047596841770204, 50.99808027516246], [-4.056115199288084, 50.99735764759661], [-4.0561612168251395, 50.997358128666285], [-4.06210643074925, 51.00152962466979], [-4.061926510689784, 51.00248475584013], [-4.06178356752303, 51.00267442093521]]]}}, {"type": "Feature", "properties": {"type": "postcode-cell", "postcode": "EX19 8NF", "postcodes": ["EX19 8NF"]}, "geometry": {"type": "Polygon", "coordinates": [[[-4.05807331418568, 50.916098183874155], [-4.045813636141416, 50.91761298657121], [-4.0480701761956395, 50.915210603820285], [-4.050693760069978, 50.914038999716354], [-4.0582278527873, 50.915968297416136], [-4.05807331418568, 50.916098183874155]]]}}, {"type": "Feature", "properties": {"type": "postcode-cell", "postcode": "EX19 8NA", "postcodes": ["EX19 8NA"]}, "geometry": {"type": "Polygon", "coordinates": [[[-4.045813636141416, 50.91761298657121], [-4.0452136027486585, 50.918175387467365], [-4.041618745551816, 50.919849695290644], [-4.036429867331875, 50.92166998958779], [-4.034151593344652, 50.92129996463662], [-4.028178485187492, 50.91743282832593], [-4.028883527486402, 50.91639744745271], [-4.040437625516118, 50.906421735254085], [-4.046228211530537, 50.9092889347205], [-4.0480701761956395, 50.915210603820285], [-4.045813636141416, 50.91761298657121]]]}}, {"type": "Feature", "properties": {"type": "postcode-cell", "postcode": "EX31 3NQ", "postcodes": ["EX31 3NQ"]}, "geometry": {"type": "Polygon", "coordinates": [[[-4.060409710268329, 50.98079675321426], [-4.0544448024572315, 50.98580983762027], [-4.0474613473863945, 50.9844199822847], [-4.053378305576815, 50.97309487718382], [-4.056196868278839, 50.9734380899897], [-4.060409710268329, 50.98079675321426]]]}}, {"type": "Feature", "properties": {"type": "postcode-cell", "postcode": "EX19 8TX", "postcodes": ["EX19 8TX"]}, "geometry": {"type": "Polygon", "coordinates": [[[-4.052074170374912, 50.94290464927763], [-4.040353960704074, 50.93848734862036], [-4.043969078455663, 50.933789169410744], [-4.054009866903166, 50.93608786843651], [-4.052074170374912, 50.94290464927763]]]}}, {"type": "Feature", "properties": {"type": "postcode-cell", "postcode": "EX19 8AF", "postcodes": ["EX19 8AF"]}, "geometry": {"type": "Polygon", "coordinates": [[[-4.054009866903166, 50.93608786843651], [-4.043969078455663, 50.933789169410744], [-4.043371912365712, 50.92658499308699], [-4.046187666687231, 50.92725168926671], [-4.05620894218962, 50.93391468818598], [-4.054009866903166, 50.93608786843651]]]}}, {"type": "Feature", "properties": {"type": "postcode-cell", "postcode": "EX19 8NB", "postcodes": ["EX19 8NB"]}, "geometry": {"type": "Polygon", "coordinates": [[[-4.054777953088233, 50.911990094912795], [-4.050693760069978, 50.914038999716354], [-4.0480701761956395, 50.915210603820285], [-4.046228211530537, 50.9092889347205], [-4.051054216083085, 50.90765569345781], [-4.054777953088233, 50.911990094912795]]]}}, {"type": "Feature", "properties": {"type": "postcode-cell", "postcode": "EX19 8RF", "postcodes": ["EX19 8RF"]}, "geometry": {"type": "Polygon", "coordinates": [[[-4.053793263291217, 50.90187219242853], [-4.048629797033018, 50.90098809843138], [-4.043579774248375, 50.89418842546857], [-4.044319625728955, 50.893333152376314], [-4.055004373621414, 50.890319123945645], [-4.055379990013595, 50.89124999487126], [-4.058069990015065, 50.89199999487183], [-4.057839990013145, 50.89592999487504], [-4.0611599900146516, 50.89753999487631], [-4.06312999001431, 50.901249994879315], [-4.06323128724895, 50.90129932798981], [-4.053793263291217, 50.90187219242853]]]}}, {"type": "Feature", "properties": {"type": "postcode-cell", "postcode": "EX19 8RG", "postcodes": ["EX19 8RG"]}, "geometry": {"type": "Polygon", "coordinates": [[[-4.04548027301283, 50.885210101424754], [-4.048905685149511, 50.88279935538806], [-4.056943359496349, 50.883739844400736], [-4.057083403491183, 50.88704307123972], [-4.055769990015318, 50.88800999486863], [-4.0551399900144585, 50.888979994869416], [-4.055084370989243, 50.88926567924052], [-4.04548027301283, 50.885210101424754]]]}}, {"type": "Feature", "properties": {"type": "postcode-cell", "postcode": "EX37 9EF", "postcodes": ["EX37 9EF"]}, "geometry": {"type": "Polygon", "coordinates": [[[-4.042452403830416, 50.99873231124457], [-4.051865716478778, 51.005586657127935], [-4.050354931633037, 51.00836329108137], [-4.049249989956907, 51.008369994966856], [-4.048009989955879, 51.008789994967195], [-4.047349989955072, 51.00959999496787], [-4.04582998995494, 51.007599994966256], [-4.043649989953207, 51.00817999496673], [-4.037909989949609, 51.007549994966254], [-4.034299989947139, 51.00761999496633], [-4.032819989948284, 51.00283999496243], [-4.033709989950587, 50.99903999495931], [-4.033569989951366, 50.99708999495773], [-4.035059831993736, 50.99695006716955], [-4.042452403830416, 50.99873231124457]]]}}, {"type": "Feature", "properties": {"type": "postcode-cell", "postcode": "EX19 8ND", "postcodes": ["EX19 8ND"]}, "geometry": {"type": "Polygon", "coordinates": [[[-4.051054216083085, 50.90765569345781], [-4.046228211530537, 50.9092889347205], [-4.040437625516118, 50.906421735254085], [-4.040735560093913, 50.90438936288251], [-4.048629797033018, 50.90098809843138], [-4.053793263291217, 50.90187219242853], [-4.051054216083085, 50.90765569345781]]]}}, {"type": "Feature", "properties": {"type": "postcode-cell", "postcode": "EX19 8RH", "postcodes": ["EX19 8RH"]}, "geometry": {"type": "Polygon", "coordinates": [[[-4.048905685149511, 50.88279935538806], [-4.0470828203352704, 50.879160556252614], [-4.060400367142663, 50.8775052631974], [-4.061191888262119, 50.87866925940564], [-4.056943359496349, 50.883739844400736], [-4.048905685149511, 50.88279935538806]]]}}, {"type": "Feature", "properties": {"type": "postcode-cell", "postcode": "EX19 8RL", "postcodes": ["EX19 8RL"]}, "geometry": {"type": "Polygon", "coordinates": [[[-4.055084370989243, 50.88926567924052], [-4.054919990013796, 50.89010999487032], [-4.055004373621414, 50.890319123945645], [-4.044319625728955, 50.893333152376314], [-4.040587319636319, 50.885978274677434], [-4.04548027301283, 50.885210101424754], [-4.055084370989243, 50.88926567924052]]]}}, {"type": "Feature", "properties": {"type": "postcode-cell", "postcode": "EX19 8RJ", "postcodes": ["EX19 8RJ"]}, "geometry": {"type": "Polygon", "coordinates": [[[-4.04548027301283, 50.885210101424754], [-4.040587319636319, 50.885978274677434], [-4.039403855484484, 50.885500714061216], [-4.034552145122516, 50.88160818478263], [-4.036565429415418, 50.88023091115337], [-4.042929821033827, 50.87764555100354], [-4.0470828203352704, 50.879160556252614], [-4.048905685149511, 50.88279935538806], [-4.04548027301283, 50.885210101424754]]]}}, {"type": "Feature", "properties": {"type": "postcode-cell", "postcode": "EX31 3LR", "postcodes": ["EX31 3LR"]}, "geometry": {"type": "Polygon", "coordinates": [[[-4.0568728347137535, 50.98853972776407], [-4.048901504660395, 50.992189053904966], [-4.0453412379231395, 50.992872535502556], [-4.036101305040467, 50.99433423034986], [-4.03587998995439, 50.99381999495502], [-4.03651998995506, 50.99328999495459], [-4.035869989954818, 50.992849994954206], [-4.036039989955092, 50.992499994953945], [-4.035549989954746, 50.992529994953976], [-4.035129989954705, 50.99198999495353], [-4.035489989955027, 50.99180999495339], [-4.035359989955563, 50.99041999495225], [-4.035799989955865, 50.99040999495223], [-4.0357099899559685, 50.99004999495193], [-4.036379989956557, 50.98973999495168], [-4.037379989957945, 50.98814999495037], [-4.036949989957608, 50.98824999495046], [-4.036809989957664, 50.98791999495019], [-4.037139989958302, 50.986999994949436], [-4.036799989958375, 50.98631999494888], [-4.037369989958916, 50.98596999494858], [-4.037509357091007, 50.985290581563035], [-4.0474613473863945, 50.9844199822847], [-4.0544448024572315, 50.98580983762027], [-4.0568728347137535, 50.98853972776407]]]}}, {"type": "Feature", "properties": {"type": "postcode-cell", "postcode": "EX31 3LN", "postcodes": ["EX31 3LN"]}, "geometry": {"type": "Polygon", "coordinates": [[[-4.0561612168251395, 50.997358128666285], [-4.056115199288084, 50.99735764759661], [-4.051825375102229, 50.99421698000353], [-4.051693848670012, 50.9936192577781], [-4.058142566973834, 50.99255324197704], [-4.0561612168251395, 50.997358128666285]]]}}, {"type": "Feature", "properties": {"type": "postcode-cell", "postcode": "EX31 3LB", "postcodes": ["EX31 3LB"]}, "geometry": {"type": "Polygon", "coordinates": [[[-4.051825375102229, 50.99421698000353], [-4.051147042563083, 50.99443019064288], [-4.0453412379231395, 50.992872535502556], [-4.048901504660395, 50.992189053904966], [-4.051693848670012, 50.9936192577781], [-4.051825375102229, 50.99421698000353]]]}}, {"type": "Feature", "properties": {"type": "postcode-cell", "postcode": "EX31 3LW", "postcodes": ["EX31 3LW"]}, "geometry": {"type": "Polygon", "coordinates": [[[-4.056115199288084, 50.99735764759661], [-4.047596841770204, 50.99808027516246], [-4.051147042563083, 50.99443019064288], [-4.051825375102229, 50.99421698000353], [-4.056115199288084, 50.99735764759661]]]}}, {"type": "Feature", "properties": {"type": "postcode-cell", "postcode": "EX19 8TY", "postcodes": ["EX19 8TY"]}, "geometry": {"type": "Polygon", "coordinates": [[[-4.043969078455663, 50.933789169410744], [-4.040353960704074, 50.93848734862036], [-4.036187267441455, 50.93880078573361], [-4.035601415775849, 50.937780351908735], [-4.037996175631385, 50.92306012272255], [-4.043371912365712, 50.92658499308699], [-4.043969078455663, 50.933789169410744]]]}}, {"type": "Feature", "properties": {"type": "postcode-cell", "postcode": "EX19 8RE", "postcodes": ["EX19 8RE"]}, "geometry": {"type": "Polygon", "coordinates": [[[-4.040735560093913, 50.90438936288251], [-4.029771212038901, 50.90035844708953], [-4.029306317956395, 50.89997180612458], [-4.030488647393368, 50.89908320595904], [-4.0391316850279235, 50.89475385901626], [-4.039966140020914, 50.89456410464357], [-4.043579774248375, 50.89418842546857], [-4.048629797033018, 50.90098809843138], [-4.040735560093913, 50.90438936288251]]]}}, {"type": "Feature", "properties": {"type": "postcode-cell", "postcode": "EX31 3HP", "postcodes": ["EX31 3HP"]}, "geometry": {"type": "Polygon", "coordinates": [[[-4.047596841770204, 50.99808027516246], [-4.042452403830416, 50.99873231124457], [-4.035059831993736, 50.99695006716955], [-4.035379989952663, 50.99691999495757], [-4.036039989953673, 50.99565999495652], [-4.037309989954767, 50.995129994956095], [-4.036859989954737, 50.99451999495559], [-4.036219989954267, 50.994609994955674], [-4.036101305040467, 50.99433423034986], [-4.0453412379231395, 50.992872535502556], [-4.051147042563083, 50.99443019064288], [-4.047596841770204, 50.99808027516246]]]}}, {"type": "Feature", "properties": {"type": "postcode-cell", "postcode": "EX38 7JR", "postcodes": ["EX38 7JR"]}, "geometry": {"type": "Polygon", "coordinates": [[[-4.057563342836713, 50.956884603269316], [-4.054088223819838, 50.95822768495641], [-4.037132918357215, 50.95300800132024], [-4.037068047749305, 50.95262946384068], [-4.038888317267851, 50.949972629059104], [-4.059658737772316, 50.952276974461995], [-4.057563342836713, 50.956884603269316]]]}}, {"type": "Feature", "properties": {"type": "postcode-cell", "postcode": "EX19 8TZ", "postcodes": ["EX19 8TZ"]}, "geometry": {"type": "Polygon", "coordinates": [[[-4.0520867862801735, 50.94292172346664], [-4.03885894161296, 50.94760706703149], [-4.036019208742269, 50.93921317610104], [-4.036030976908524, 50.93889660027149], [-4.036187267441455, 50.93880078573361], [-4.040353960704074, 50.93848734862036], [-4.052074170374912, 50.94290464927763], [-4.0520867862801735, 50.94292172346664]]]}}, {"type": "Feature", "properties": {"type": "postcode-cell", "postcode": "EX19 8QU", "postcodes": ["EX19 8QU"]}, "geometry": {"type": "Polygon", "coordinates": [[[-4.040587319636319, 50.885978274677434], [-4.044319625728955, 50.893333152376314], [-4.043579774248375, 50.89418842546857], [-4.039966140020914, 50.89456410464357], [-4.0365139311292655, 50.89122287766232], [-4.036725781660015, 50.8877196999301], [-4.039403855484484, 50.885500714061216], [-4.040587319636319, 50.885978274677434]]]}}, {"type": "Feature", "properties": {"type": "postcode-cell", "postcode": "EX37 9BX", "postcodes": ["EX37 9BX"]}, "geometry": {"type": "Polygon", "coordinates": [[[-4.0210547338756655, 50.95814702778589], [-4.031129943123975, 50.9605183518241], [-4.034292561452975, 50.9632285204565], [-4.027364376263248, 50.975383794303546], [-4.02655998995682, 50.974399994939226], [-4.024859989956109, 50.97342999493843], [-4.023069989954988, 50.97323999493828], [-4.019729989953257, 50.97208999493738], [-4.019699989953709, 50.971039994936525], [-4.02027998995461, 50.96989999493557], [-4.020009989954632, 50.96944999493521], [-4.01852998995399, 50.9686699949346], [-4.015639989952013, 50.96873999493465], [-4.015599726498789, 50.96872046154916], [-4.0210547338756655, 50.95814702778589]]]}}, {"type": "Feature", "properties": {"type": "postcode-cell", "postcode": "EX37 9AN", "postcodes": ["EX37 9AN"]}, "geometry": {"type": "Polygon", "coordinates": [[[-3.9974930992356272, 50.969181329781996], [-3.9980702904526297, 50.96815138260789], [-4.005809723667663, 50.971184835383845], [-4.006489989944185, 50.972449994937776], [-4.006215803615206, 50.97267619930383], [-3.9974930992356272, 50.969181329781996]]]}}, {"type": "Feature", "properties": {"type": "postcode-cell", "postcode": "EX31 3NG", "postcodes": ["EX31 3NG"]}, "geometry": {"type": "Polygon", "coordinates": [[[-4.053378305576815, 50.97309487718382], [-4.0474613473863945, 50.9844199822847], [-4.037509357091007, 50.985290581563035], [-4.037529989959374, 50.98518999494795], [-4.036479989959423, 50.98349999494657], [-4.036239989959791, 50.98231999494561], [-4.035729989959513, 50.982169994945494], [-4.036239989960122, 50.981579994944994], [-4.035659989960063, 50.98083999494441], [-4.034289989959413, 50.98022999494391], [-4.03438998995968, 50.97977999494355], [-4.033089989959003, 50.9793399949432], [-4.033079989959155, 50.978979994942904], [-4.031449989958234, 50.978589994942595], [-4.031469989958364, 50.97832999494237], [-4.030579989957751, 50.97835999494242], [-4.029509171427421, 50.97742392508012], [-4.051511702009965, 50.972420060367426], [-4.053378305576815, 50.97309487718382]]]}}, {"type": "Feature", "properties": {"type": "postcode-cell", "postcode": "EX19 8TW", "postcodes": ["EX19 8TW"]}, "geometry": {"type": "Polygon", "coordinates": [[[-4.038750227911643, 50.94771009060407], [-4.031123121325681, 50.94627674943207], [-4.036019208742269, 50.93921317610104], [-4.03885894161296, 50.94760706703149], [-4.038750227911643, 50.94771009060407]]]}}, {"type": "Feature", "properties": {"type": "postcode-cell", "postcode": "EX38 7JT", "postcodes": ["EX38 7JT"]}, "geometry": {"type": "Polygon", "coordinates": [[[-4.054088223819838, 50.95822768495641], [-4.047188216575282, 50.963196086320714], [-4.034292561452975, 50.9632285204565], [-4.031129943123975, 50.9605183518241], [-4.037132918357215, 50.95300800132024], [-4.054088223819838, 50.95822768495641]]]}}, {"type": "Feature", "properties": {"type": "postcode-cell", "postcode": "EX19 8PU", "postcodes": ["EX19 8PU"]}, "geometry": {"type": "Polygon", "coordinates": [[[-4.040437625516118, 50.906421735254085], [-4.028883527486402, 50.91639744745271], [-4.029771212038901, 50.90035844708953], [-4.040735560093913, 50.90438936288251], [-4.040437625516118, 50.906421735254085]]]}}, {"type": "Feature", "properties": {"type": "postcode-cell", "postcode": "EX37 9AP", "postcodes": ["EX37 9AP"]}, "geometry": {"type": "Polygon", "coordinates": [[[-3.996017472074002, 50.97012003793442], [-3.9971124381107295, 50.96918422907587], [-3.9974930992356272, 50.969181329781996], [-4.006215803615206, 50.97267619930383], [-4.00608998994377, 50.97277999493803], [-4.003859989942647, 50.97193999493736], [-4.001229989940565, 50.97263999493795], [-3.9998499899396283, 50.972659994937985], [-3.994162442895767, 50.97413638109549], [-3.996017472074002, 50.97012003793442]]]}}, {"type": "Feature", "properties": {"type": "postcode-cell", "postcode": "EX37 9BU", "postcodes": ["EX37 9BU"]}, "geometry": {"type": "Polygon", "coordinates": [[[-4.051511702009965, 50.972420060367426], [-4.029509171427421, 50.97742392508012], [-4.029069989957325, 50.97703999494134], [-4.02805998995667, 50.976979994941296], [-4.027949989956992, 50.976099994940576], [-4.027364376263248, 50.975383794303546], [-4.034292561452975, 50.9632285204565], [-4.047188216575282, 50.963196086320714], [-4.051511702009965, 50.972420060367426]]]}}, {"type": "Feature", "properties": {"type": "postcode-cell", "postcode": "EX19 8AE", "postcodes": ["EX19 8AE"]}, "geometry": {"type": "Polygon", "coordinates": [[[-4.037996175631385, 50.92306012272255], [-4.035601415775849, 50.937780351908735], [-4.030068366868463, 50.93356515093367], [-4.028483526897628, 50.93194658520967], [-4.028414181970272, 50.93185320679517], [-4.032526686352376, 50.922931958141504], [-4.034151593344652, 50.92129996463662], [-4.036429867331875, 50.92166998958779], [-4.037996175631385, 50.92306012272255]]]}}, {"type": "Feature", "properties": {"type": "postcode-cell", "postcode": "EX19 8TR", "postcodes": ["EX19 8TR"]}, "geometry": {"type": "Polygon", "coordinates": [[[-4.038888317267851, 50.949972629059104], [-4.037068047749305, 50.95262946384068], [-4.0196491046139, 50.94873969518209], [-4.020375043989999, 50.947134662727876], [-4.031123121325681, 50.94627674943207], [-4.038750227911643, 50.94771009060407], [-4.038888317267851, 50.949972629059104]]]}}, {"type": "Feature", "properties": {"type": "postcode-cell", "postcode": "EX19 8AL", "postcodes": ["EX19 8AL"]}, "geometry": {"type": "Polygon", "coordinates": [[[-4.035838416534289, 50.88830203521984], [-4.036725781660015, 50.8877196999301], [-4.0365139311292655, 50.89122287766232], [-4.036154712538434, 50.89101004297471], [-4.035004491516259, 50.889706813317964], [-4.035838416534289, 50.88830203521984]]]}}, {"type": "Feature", "properties": {"type": "postcode-cell", "postcode": "EX19 8QG", "postcodes": ["EX19 8QG"]}, "geometry": {"type": "Polygon", "coordinates": [[[-4.035004491516259, 50.889706813317964], [-4.034938850223879, 50.88973733364653], [-4.033084465044972, 50.8900204171739], [-4.031202010317101, 50.889323979322945], [-4.035838416534289, 50.88830203521984], [-4.035004491516259, 50.889706813317964]]]}}, {"type": "Feature", "properties": {"type": "postcode-cell", "postcode": "EX19 8PD", "postcodes": ["EX19 8PD"]}, "geometry": {"type": "Polygon", "coordinates": [[[-4.036565429415418, 50.88023091115337], [-4.03344153287592, 50.86912332103465], [-4.0400102054195575, 50.86847867673544], [-4.040009990013509, 50.868549994852984], [-4.040176475633387, 50.86846235409185], [-4.046612652282406, 50.867830328237595], [-4.042929821033827, 50.87764555100354], [-4.036565429415418, 50.88023091115337]]]}}, {"type": "Feature", "properties": {"type": "postcode-cell", "postcode": "EX19 8TP", "postcodes": ["EX19 8TP"]}, "geometry": {"type": "Polygon", "coordinates": [[[-4.036019208742269, 50.93921317610104], [-4.031123121325681, 50.94627674943207], [-4.020375043989999, 50.947134662727876], [-4.01957204437073, 50.942477258481865], [-4.023825423393568, 50.94113429849723], [-4.035600124194687, 50.93894648717555], [-4.036030976908524, 50.93889660027149], [-4.036019208742269, 50.93921317610104]]]}}, {"type": "Feature", "properties": {"type": "postcode-cell", "postcode": "EX19 8PF", "postcodes": ["EX19 8PF"]}, "geometry": {"type": "MultiPolygon", "coordinates": [[[[-4.040176475633387, 50.86846235409185], [-4.046429990019336, 50.86516999485022], [-4.046453743094727, 50.86481608080947], [-4.050880631467694, 50.865811554862994], [-4.046612652282406, 50.867830328237595], [-4.040176475633387, 50.86846235409185]]], [[[-4.03344153287592, 50.86912332103465], [-4.031836786809104, 50.869033446403236], [-4.023904313536001, 50.8626184116179], [-4.024429990005912, 50.86225999484806], [-4.023969990006436, 50.86041999484655], [-4.026739990008302, 50.860399994846546], [-4.026784168112765, 50.86039042347181], [-4.0406358169869305, 50.863507482109256], [-4.040019990015008, 50.8652399948503], [-4.0400102054195575, 50.86847867673544], [-4.03344153287592, 50.86912332103465]]]]}}, {"type": "Feature", "properties": {"type": "postcode-cell", "postcode": "EX19 8QT", "postcodes": ["EX19 8QT"]}, "geometry": {"type": "Polygon", "coordinates": [[[-4.035838416534289, 50.88830203521984], [-4.031202010317101, 50.889323979322945], [-4.030354696914636, 50.88928388086425], [-4.023818355445558, 50.88555859713631], [-4.023924263377675, 50.8852421921627], [-4.032035390344237, 50.88162248410204], [-4.034552145122516, 50.88160818478263], [-4.039403855484484, 50.885500714061216], [-4.036725781660015, 50.8877196999301], [-4.035838416534289, 50.88830203521984]]]}}, {"type": "Feature", "properties": {"type": "postcode-cell", "postcode": "EX19 8QQ", "postcodes": ["EX19 8QQ"]}, "geometry": {"type": "Polygon", "coordinates": [[[-4.034451406114008, 50.89073698961124], [-4.036154712538434, 50.89101004297471], [-4.0365139311292655, 50.89122287766232], [-4.039966140020914, 50.89456410464357], [-4.0391316850279235, 50.89475385901626], [-4.034239017148139, 50.8926553917884], [-4.034216820751597, 50.892627045885234], [-4.033610294598217, 50.89136818285777], [-4.034451406114008, 50.89073698961124]]]}}, {"type": "Feature", "properties": {"type": "postcode-cell", "postcode": "EX19 8QD", "postcodes": ["EX19 8QD"]}, "geometry": {"type": "Polygon", "coordinates": [[[-4.033610294598217, 50.89136818285777], [-4.033299855481759, 50.8911584191589], [-4.033310051551031, 50.890355549796084], [-4.034390237622379, 50.89052386710666], [-4.034451406114008, 50.89073698961124], [-4.033610294598217, 50.89136818285777]]]}}, {"type": "Feature", "properties": {"type": "postcode-cell", "postcode": "EX19 8QE", "postcodes": ["EX19 8QE"]}, "geometry": {"type": "Polygon", "coordinates": [[[-4.034390237622379, 50.89052386710666], [-4.033310051551031, 50.890355549796084], [-4.033084465044972, 50.8900204171739], [-4.034938850223879, 50.88973733364653], [-4.034390237622379, 50.89052386710666]]]}}, {"type": "Feature", "properties": {"type": "postcode-cell", "postcode": "EX19 8QF", "postcodes": ["EX19 8QF"]}, "geometry": {"type": "Polygon", "coordinates": [[[-4.034938850223879, 50.88973733364653], [-4.035004491516259, 50.889706813317964], [-4.036154712538434, 50.89101004297471], [-4.034451406114008, 50.89073698961124], [-4.034390237622379, 50.89052386710666], [-4.034938850223879, 50.88973733364653]]]}}, {"type": "Feature", "properties": {"type": "postcode-cell", "postcode": "EX19 8PG", "postcodes": ["EX19 8PG"]}, "geometry": {"type": "Polygon", "coordinates": [[[-4.031836786809104, 50.869033446403236], [-4.024993280407655, 50.874014748993346], [-4.003172581196435, 50.874326505153405], [-3.992861800847447, 50.8721718256683], [-3.992709989980506, 50.871549994855876], [-3.9941799899827095, 50.86884999485368], [-3.9949999899830893, 50.86921999485397], [-3.995789989983638, 50.86916999485392], [-4.000459989987394, 50.867769994852736], [-4.008309989993426, 50.86602999485126], [-4.010599989995477, 50.864879994850305], [-4.010799989996357, 50.86322999484898], [-4.01352998999777, 50.86413999484968], [-4.015389989998965, 50.86424999484976], [-4.015629989998581, 50.865449994850735], [-4.01705998999941, 50.86573999485095], [-4.01838999000038, 50.86555999485078], [-4.0193099900009095, 50.86574999485091], [-4.019469990000871, 50.86606999485119], [-4.021019990001817, 50.86626999485135], [-4.023079990003302, 50.866039994851114], [-4.023899990004668, 50.86422999484965], [-4.023769990005267, 50.862709994848416], [-4.023904313536001, 50.8626184116179], [-4.031836786809104, 50.869033446403236]]]}}, {"type": "Feature", "properties": {"type": "postcode-cell", "postcode": "EX19 8QH", "postcodes": ["EX19 8QH"]}, "geometry": {"type": "Polygon", "coordinates": [[[-4.034216820751597, 50.892627045885234], [-4.031717409478907, 50.89149218953053], [-4.03147515363134, 50.890927150886476], [-4.033299855481759, 50.8911584191589], [-4.033610294598217, 50.89136818285777], [-4.034216820751597, 50.892627045885234]]]}}, {"type": "Feature", "properties": {"type": "postcode-cell", "postcode": "EX19 8PB", "postcodes": ["EX19 8PB"]}, "geometry": {"type": "Polygon", "coordinates": [[[-4.034552145122516, 50.88160818478263], [-4.032035390344237, 50.88162248410204], [-4.024993280407655, 50.874014748993346], [-4.031836786809104, 50.869033446403236], [-4.03344153287592, 50.86912332103465], [-4.036565429415418, 50.88023091115337], [-4.034552145122516, 50.88160818478263]]]}}, {"type": "Feature", "properties": {"type": "postcode-cell", "postcode": "EX19 8QS", "postcodes": ["EX19 8QS"]}, "geometry": {"type": "Polygon", "coordinates": [[[-4.033084465044972, 50.8900204171739], [-4.033310051551031, 50.890355549796084], [-4.033299855481759, 50.8911584191589], [-4.03147515363134, 50.890927150886476], [-4.031404201507726, 50.890885375973305], [-4.0305726504535215, 50.89005240855148], [-4.030354696914636, 50.88928388086425], [-4.031202010317101, 50.889323979322945], [-4.033084465044972, 50.8900204171739]]]}}, {"type": "Feature", "properties": {"type": "postcode-cell", "postcode": "EX19 8PY", "postcodes": ["EX19 8PY"]}, "geometry": {"type": "Polygon", "coordinates": [[[-4.030354696914636, 50.88928388086425], [-4.0305726504535215, 50.89005240855148], [-4.029682296671324, 50.891295168462314], [-4.0280144875367165, 50.891763515499704], [-4.027190656870187, 50.89173261808536], [-4.020847645988313, 50.88884443179228], [-4.023818355445558, 50.88555859713631], [-4.030354696914636, 50.88928388086425]]]}}, {"type": "Feature", "properties": {"type": "postcode-cell", "postcode": "EX19 8QR", "postcodes": ["EX19 8QR"]}, "geometry": {"type": "Polygon", "coordinates": [[[-4.031717409478907, 50.89149218953053], [-4.031248134125671, 50.89233498648197], [-4.030709498597352, 50.89172587696573], [-4.031404201507726, 50.890885375973305], [-4.03147515363134, 50.890927150886476], [-4.031717409478907, 50.89149218953053]]]}}, {"type": "Feature", "properties": {"type": "postcode-cell", "postcode": "EX19 8PT", "postcodes": ["EX19 8PT"]}, "geometry": {"type": "Polygon", "coordinates": [[[-4.028178485187492, 50.91743282832593], [-4.014306741982208, 50.915144747760294], [-4.015859989976533, 50.9146199948906], [-4.017589989978284, 50.91330999488951], [-4.018829989979881, 50.9116099948881], [-4.018969989980556, 50.91031999488707], [-4.01469998997831, 50.90894999488598], [-4.012489989977353, 50.907789994885064], [-4.010569989976659, 50.90647999488401], [-4.010463191735869, 50.906312172801364], [-4.0123282096441235, 50.90465831465947], [-4.024840705313188, 50.89972921108505], [-4.026934390481751, 50.899758746640366], [-4.029306317956395, 50.89997180612458], [-4.029771212038901, 50.90035844708953], [-4.028883527486402, 50.91639744745271], [-4.028178485187492, 50.91743282832593]]]}}, {"type": "Feature", "properties": {"type": "postcode-cell", "postcode": "EX38 7JS", "postcodes": ["EX38 7JS"]}, "geometry": {"type": "Polygon", "coordinates": [[[-4.037132918357215, 50.95300800132024], [-4.031129943123975, 50.9605183518241], [-4.0210547338756655, 50.95814702778589], [-4.014618328462631, 50.953724363318074], [-4.0196491046139, 50.94873969518209], [-4.037068047749305, 50.95262946384068], [-4.037132918357215, 50.95300800132024]]]}}, {"type": "Feature", "properties": {"type": "postcode-cell", "postcode": "EX19 8QJ", "postcodes": ["EX19 8QJ"]}, "geometry": {"type": "Polygon", "coordinates": [[[-4.0391316850279235, 50.89475385901626], [-4.030488647393368, 50.89908320595904], [-4.030271007705141, 50.89320211645223], [-4.030303536748561, 50.89315855188151], [-4.0306209930536285, 50.892992747063666], [-4.031259289242868, 50.89273937036662], [-4.034239017148139, 50.8926553917884], [-4.0391316850279235, 50.89475385901626]]]}}, {"type": "Feature", "properties": {"type": "postcode-cell", "postcode": "EX19 8QA", "postcodes": ["EX19 8QA"]}, "geometry": {"type": "Polygon", "coordinates": [[[-4.034216820751597, 50.892627045885234], [-4.034239017148139, 50.8926553917884], [-4.031259289242868, 50.89273937036662], [-4.031248134125671, 50.89233498648197], [-4.031717409478907, 50.89149218953053], [-4.034216820751597, 50.892627045885234]]]}}, {"type": "Feature", "properties": {"type": "postcode-cell", "postcode": "EX19 8QP", "postcodes": ["EX19 8QP"]}, "geometry": {"type": "Polygon", "coordinates": [[[-4.0280144875367165, 50.891763515499704], [-4.029682296671324, 50.891295168462314], [-4.0299194574143575, 50.891636326556544], [-4.029487570678214, 50.892327389701755], [-4.0280144875367165, 50.891763515499704]]]}}, {"type": "Feature", "properties": {"type": "postcode-cell", "postcode": "EX19 8QB", "postcodes": ["EX19 8QB"]}, "geometry": {"type": "Polygon", "coordinates": [[[-4.029487570678214, 50.892327389701755], [-4.030303536748561, 50.89315855188151], [-4.030271007705141, 50.89320211645223], [-4.0289895941342495, 50.89307826806491], [-4.027350600407617, 50.89202629407989], [-4.027190656870187, 50.89173261808536], [-4.0280144875367165, 50.891763515499704], [-4.029487570678214, 50.892327389701755]]]}}, {"type": "Feature", "properties": {"type": "postcode-cell", "postcode": "EX19 8SZ", "postcodes": ["EX19 8SZ"]}, "geometry": {"type": "Polygon", "coordinates": [[[-4.036030976908524, 50.93889660027149], [-4.035600124194687, 50.93894648717555], [-4.029737955630712, 50.93678520608844], [-4.0284963292423575, 50.93569709006528], [-4.030068366868463, 50.93356515093367], [-4.035601415775849, 50.937780351908735], [-4.036187267441455, 50.93880078573361], [-4.036030976908524, 50.93889660027149]]]}}, {"type": "Feature", "properties": {"type": "postcode-cell", "postcode": "EX19 8QL", "postcodes": ["EX19 8QL"]}, "geometry": {"type": "Polygon", "coordinates": [[[-4.029306317956395, 50.89997180612458], [-4.026934390481751, 50.899758746640366], [-4.0273141532002965, 50.89360724749562], [-4.027458326686125, 50.893440120673326], [-4.0289895941342495, 50.89307826806491], [-4.030271007705141, 50.89320211645223], [-4.030488647393368, 50.89908320595904], [-4.029306317956395, 50.89997180612458]]]}}, {"type": "Feature", "properties": {"type": "postcode-cell", "postcode": "EX19 8QN", "postcodes": ["EX19 8QN"]}, "geometry": {"type": "Polygon", "coordinates": [[[-4.031259289242868, 50.89273937036662], [-4.0306209930536285, 50.892992747063666], [-4.03022976108157, 50.89174074635207], [-4.030709498597352, 50.89172587696573], [-4.031248134125671, 50.89233498648197], [-4.031259289242868, 50.89273937036662]]]}}, {"type": "Feature", "properties": {"type": "postcode-cell", "postcode": "EX19 8QW", "postcodes": ["EX19 8QW"]}, "geometry": {"type": "Polygon", "coordinates": [[[-4.030709498597352, 50.89172587696573], [-4.03022976108157, 50.89174074635207], [-4.0299194574143575, 50.891636326556544], [-4.029682296671324, 50.891295168462314], [-4.0305726504535215, 50.89005240855148], [-4.031404201507726, 50.890885375973305], [-4.030709498597352, 50.89172587696573]]]}}, {"type": "Feature", "properties": {"type": "postcode-cell", "postcode": "EX19 8UD", "postcodes": ["EX19 8UD"]}, "geometry": {"type": "Polygon", "coordinates": [[[-4.030303536748561, 50.89315855188151], [-4.029487570678214, 50.892327389701755], [-4.0299194574143575, 50.891636326556544], [-4.03022976108157, 50.89174074635207], [-4.0306209930536285, 50.892992747063666], [-4.030303536748561, 50.89315855188151]]]}}, {"type": "Feature", "properties": {"type": "postcode-cell", "postcode": "EX19 8PQ", "postcodes": ["EX19 8PQ"]}, "geometry": {"type": "Polygon", "coordinates": [[[-4.023924263377675, 50.8852421921627], [-4.003172581196435, 50.874326505153405], [-4.024993280407655, 50.874014748993346], [-4.032035390344237, 50.88162248410204], [-4.023924263377675, 50.8852421921627]]]}}, {"type": "Feature", "properties": {"type": "postcode-cell", "postcode": "EX19 8TE", "postcodes": ["EX19 8TE"]}, "geometry": {"type": "Polygon", "coordinates": [[[-4.0196491046139, 50.94873969518209], [-4.014618328462631, 50.953724363318074], [-4.010616242709747, 50.95409676465201], [-4.006224567168033, 50.95219983640761], [-4.002115384453786, 50.950290092107394], [-3.995702104056099, 50.94207805597148], [-3.995979989950983, 50.941699994912774], [-3.9939499899508317, 50.93901999491061], [-3.9937020514871118, 50.9382354972621], [-4.0186015469466785, 50.94172945250478], [-4.01957204437073, 50.942477258481865], [-4.020375043989999, 50.947134662727876], [-4.0196491046139, 50.94873969518209]]]}}, {"type": "Feature", "properties": {"type": "postcode-cell", "postcode": "EX19 8QY", "postcodes": ["EX19 8QY"]}, "geometry": {"type": "Polygon", "coordinates": [[[-4.0273141532002965, 50.89360724749562], [-4.019079756463681, 50.89009143035079], [-4.020847645988313, 50.88884443179228], [-4.027190656870187, 50.89173261808536], [-4.027350600407617, 50.89202629407989], [-4.027458326686125, 50.893440120673326], [-4.0273141532002965, 50.89360724749562]]]}}, {"type": "Feature", "properties": {"type": "postcode-cell", "postcode": "EX19 8QX", "postcodes": ["EX19 8QX"]}, "geometry": {"type": "Polygon", "coordinates": [[[-4.0289895941342495, 50.89307826806491], [-4.027458326686125, 50.893440120673326], [-4.027350600407617, 50.89202629407989], [-4.0289895941342495, 50.89307826806491]]]}}, {"type": "Feature", "properties": {"type": "postcode-cell", "postcode": "EX19 8SY", "postcodes": ["EX19 8SY"]}, "geometry": {"type": "Polygon", "coordinates": [[[-4.030068366868463, 50.93356515093367], [-4.0284963292423575, 50.93569709006528], [-4.02797640177028, 50.93598175852052], [-4.027244989420066, 50.935828502332654], [-4.028483526897628, 50.93194658520967], [-4.030068366868463, 50.93356515093367]]]}}, {"type": "Feature", "properties": {"type": "postcode-cell", "postcode": "EX19 8PW", "postcodes": ["EX19 8PW"]}, "geometry": {"type": "Polygon", "coordinates": [[[-4.023818355445558, 50.88555859713631], [-4.020847645988313, 50.88884443179228], [-4.019079756463681, 50.89009143035079], [-4.018023668541405, 50.890753228027734], [-4.01248361832984, 50.89128288454872], [-3.9942031911150306, 50.878171680720314], [-3.994279989978641, 50.87797999486106], [-3.992861800847447, 50.8721718256683], [-4.003172581196435, 50.874326505153405], [-4.023924263377675, 50.8852421921627], [-4.023818355445558, 50.88555859713631]]]}}, {"type": "Feature", "properties": {"type": "postcode-cell", "postcode": "EX19 8TN", "postcodes": ["EX19 8TN"]}, "geometry": {"type": "Polygon", "coordinates": [[[-4.0284963292423575, 50.93569709006528], [-4.029737955630712, 50.93678520608844], [-4.028280872791962, 50.93639812522003], [-4.02797640177028, 50.93598175852052], [-4.0284963292423575, 50.93569709006528]]]}}, {"type": "Feature", "properties": {"type": "postcode-cell", "postcode": "EX19 8AJ", "postcodes": ["EX19 8AJ"]}, "geometry": {"type": "Polygon", "coordinates": [[[-4.035600124194687, 50.93894648717555], [-4.023825423393568, 50.94113429849723], [-4.0263553253182245, 50.937114197914745], [-4.028280872791962, 50.93639812522003], [-4.029737955630712, 50.93678520608844], [-4.035600124194687, 50.93894648717555]]]}}, {"type": "Feature", "properties": {"type": "postcode-cell", "postcode": "EX19 8QZ", "postcodes": ["EX19 8QZ"]}, "geometry": {"type": "Polygon", "coordinates": [[[-4.026934390481751, 50.899758746640366], [-4.024840705313188, 50.89972921108505], [-4.018023668541405, 50.890753228027734], [-4.019079756463681, 50.89009143035079], [-4.0273141532002965, 50.89360724749562], [-4.026934390481751, 50.899758746640366]]]}}, {"type": "Feature", "properties": {"type": "postcode-cell", "postcode": "EX19 8TF", "postcodes": ["EX19 8TF"]}, "geometry": {"type": "Polygon", "coordinates": [[[-4.032526686352376, 50.922931958141504], [-4.014563759145126, 50.931473004163], [-4.000208559614652, 50.928147458057346], [-4.0009099899608005, 50.92726999490099], [-4.003569989963076, 50.92617999490008], [-4.007899989966361, 50.92532999489935], [-4.011059989969427, 50.92322999489761], [-4.012979989973097, 50.917949994893334], [-4.0135399899733875, 50.91813999489346], [-4.013979989973914, 50.917619994893016], [-4.0136399899747035, 50.915369994891215], [-4.014306741982208, 50.915144747760294], [-4.028178485187492, 50.91743282832593], [-4.034151593344652, 50.92129996463662], [-4.032526686352376, 50.922931958141504]]]}}, {"type": "Feature", "properties": {"type": "postcode-cell", "postcode": "EX19 8TA", "postcodes": ["EX19 8TA"]}, "geometry": {"type": "Polygon", "coordinates": [[[-4.026285359927042, 50.9359321496565], [-4.028216512461992, 50.931930341856194], [-4.028414181970272, 50.93185320679517], [-4.028483526897628, 50.93194658520967], [-4.027244989420066, 50.935828502332654], [-4.026548731047942, 50.93611584275648], [-4.026285359927042, 50.9359321496565]]]}}, {"type": "Feature", "properties": {"type": "postcode-cell", "postcode": "EX19 8TB", "postcodes": ["EX19 8TB"]}, "geometry": {"type": "Polygon", "coordinates": [[[-4.026548731047942, 50.93611584275648], [-4.0263553253182245, 50.937114197914745], [-4.023825423393568, 50.94113429849723], [-4.01957204437073, 50.942477258481865], [-4.0186015469466785, 50.94172945250478], [-4.018517877049894, 50.934949341482145], [-4.022448172494365, 50.934044897195456], [-4.026285359927042, 50.9359321496565], [-4.026548731047942, 50.93611584275648]]]}}, {"type": "Feature", "properties": {"type": "postcode-cell", "postcode": "EX19 8SX", "postcodes": ["EX19 8SX"]}, "geometry": {"type": "Polygon", "coordinates": [[[-4.026548731047942, 50.93611584275648], [-4.027244989420066, 50.935828502332654], [-4.02797640177028, 50.93598175852052], [-4.028280872791962, 50.93639812522003], [-4.0263553253182245, 50.937114197914745], [-4.026548731047942, 50.93611584275648]]]}}, {"type": "Feature", "properties": {"type": "postcode-cell", "postcode": "EX19 8PX", "postcodes": ["EX19 8PX"]}, "geometry": {"type": "Polygon", "coordinates": [[[-4.024840705313188, 50.89972921108505], [-4.0123282096441235, 50.90465831465947], [-4.01063373973848, 50.89315427712439], [-4.01248361832984, 50.89128288454872], [-4.018023668541405, 50.890753228027734], [-4.024840705313188, 50.89972921108505]]]}}, {"type": "Feature", "properties": {"type": "postcode-cell", "postcode": "EX19 8TG", "postcodes": ["EX19 8TG"]}, "geometry": {"type": "Polygon", "coordinates": [[[-4.028414181970272, 50.93185320679517], [-4.028216512461992, 50.931930341856194], [-4.022448172494365, 50.934044897195456], [-4.018517877049894, 50.934949341482145], [-4.014563759145126, 50.931473004163], [-4.032526686352376, 50.922931958141504], [-4.028414181970272, 50.93185320679517]]]}}, {"type": "Feature", "properties": {"type": "postcode-cell", "postcode": "EX19 8TH", "postcodes": ["EX19 8TH"]}, "geometry": {"type": "Polygon", "coordinates": [[[-4.028216512461992, 50.931930341856194], [-4.026285359927042, 50.9359321496565], [-4.022448172494365, 50.934044897195456], [-4.028216512461992, 50.931930341856194]]]}}, {"type": "Feature", "properties": {"type": "postcode-cell", "postcode": "EX37 9BT", "postcodes": ["EX37 9BT"]}, "geometry": {"type": "Polygon", "coordinates": [[[-4.0210547338756655, 50.95814702778589], [-4.015599726498789, 50.96872046154916], [-4.014629989951553, 50.96824999493426], [-4.013049989950566, 50.96807999493414], [-4.0129299899506305, 50.96774999493387], [-4.011819989950049, 50.96738999493359], [-4.010309989948969, 50.967529994933706], [-4.00836487424404, 50.96843862935319], [-4.005633970694254, 50.96522183496308], [-4.0032638411952295, 50.96172589273999], [-4.003179558895298, 50.96108841157204], [-4.010616242709747, 50.95409676465201], [-4.014618328462631, 50.953724363318074], [-4.0210547338756655, 50.95814702778589]]]}}, {"type": "Feature", "properties": {"type": "postcode-cell", "postcode": "EX19 8TD", "postcodes": ["EX19 8TD"]}, "geometry": {"type": "Polygon", "coordinates": [[[-4.0186015469466785, 50.94172945250478], [-3.9937020514871118, 50.9382354972621], [-3.9932799899513376, 50.936899994908885], [-3.9977499899549116, 50.93561999490781], [-3.9960999899545238, 50.93402999490653], [-3.9980799899573043, 50.93080999490389], [-4.000208559614652, 50.928147458057346], [-4.014563759145126, 50.931473004163], [-4.018517877049894, 50.934949341482145], [-4.0186015469466785, 50.94172945250478]]]}}, {"type": "Feature", "properties": {"type": "postcode-cell", "postcode": "EX37 9DS", "postcodes": ["EX37 9DS"]}, "geometry": {"type": "Polygon", "coordinates": [[[-3.9980702904526297, 50.96815138260789], [-3.997995418430525, 50.9680616287689], [-3.9979868394030693, 50.96785907494194], [-4.005633970694254, 50.96522183496308], [-4.00836487424404, 50.96843862935319], [-4.00741998994642, 50.96887999493483], [-4.004919989944444, 50.96952999493537], [-4.005809723667663, 50.971184835383845], [-3.9980702904526297, 50.96815138260789]]]}}, {"type": "Feature", "properties": {"type": "postcode-cell", "postcode": "EX19 8PR", "postcodes": ["EX19 8PR"]}, "geometry": {"type": "Polygon", "coordinates": [[[-4.01063373973848, 50.89315427712439], [-4.0123282096441235, 50.90465831465947], [-4.010463191735869, 50.906312172801364], [-4.009869989976685, 50.905379994883134], [-4.007739989975921, 50.90390999488196], [-4.003939989975112, 50.900069994878876], [-3.9984199899723945, 50.897909994877175], [-3.9963699899716, 50.896629994876164], [-3.9957168386598125, 50.895853063899764], [-4.01063373973848, 50.89315427712439]]]}}, {"type": "Feature", "properties": {"type": "postcode-cell", "postcode": "EX19 8PP", "postcodes": ["EX19 8PP"]}, "geometry": {"type": "Polygon", "coordinates": [[[-4.01248361832984, 50.89128288454872], [-4.01063373973848, 50.89315427712439], [-3.9957168386598125, 50.895853063899764], [-3.9948399899713993, 50.894809994874684], [-3.993039989973009, 50.888589994869655], [-3.9930899899765024, 50.880949994863485], [-3.9942031911150306, 50.878171680720314], [-4.01248361832984, 50.89128288454872]]]}}, {"type": "Feature", "properties": {"type": "postcode-cell", "postcode": "EX37 9DT", "postcodes": ["EX37 9DT"]}, "geometry": {"type": "Polygon", "coordinates": [[[-4.005633970694254, 50.96522183496308], [-3.9979868394030693, 50.96785907494194], [-3.997196215479373, 50.9672546374059], [-3.9970106422633136, 50.96636488145693], [-3.9979730608483885, 50.964891870556166], [-3.998568107593793, 50.96444311174415], [-4.0032638411952295, 50.96172589273999], [-4.005633970694254, 50.96522183496308]]]}}, {"type": "Feature", "properties": {"type": "postcode-cell", "postcode": "EX37 9BY", "postcodes": ["EX37 9BY"]}, "geometry": {"type": "Polygon", "coordinates": [[[-4.003179558895298, 50.96108841157204], [-3.9996144739856176, 50.96072141179238], [-3.9951704271804003, 50.95636144518301], [-4.006224567168033, 50.95219983640761], [-4.010616242709747, 50.95409676465201], [-4.003179558895298, 50.96108841157204]]]}}, {"type": "Feature", "properties": {"type": "postcode-cell", "postcode": "EX37 9DP", "postcodes": ["EX37 9DP"]}, "geometry": {"type": "Polygon", "coordinates": [[[-4.006224567168033, 50.95219983640761], [-3.9951704271804003, 50.95636144518301], [-3.994540537796776, 50.95607657837291], [-3.9981712861885317, 50.95155612796473], [-4.002115384453786, 50.950290092107394], [-4.006224567168033, 50.95219983640761]]]}}, {"type": "Feature", "properties": {"type": "postcode-cell", "postcode": "EX37 9AT", "postcodes": ["EX37 9AT"]}, "geometry": {"type": "Polygon", "coordinates": [[[-3.9808379728450785, 50.97906955367102], [-3.9901365636412116, 50.97766795077286], [-3.989939989930431, 50.97828999494265], [-3.9880899899286457, 50.979499994943644], [-3.985609989926604, 50.98032999494435], [-3.9836999899245202, 50.9821099949458], [-3.980599989922935, 50.98100999494493], [-3.979415771503134, 50.980875506648275], [-3.9808379728450785, 50.97906955367102]]]}}, {"type": "Feature", "properties": {"type": "postcode-cell", "postcode": "EX37 9FD", "postcodes": ["EX37 9FD"]}, "geometry": {"type": "Polygon", "coordinates": [[[-3.997995418430525, 50.9680616287689], [-3.9961296430885818, 50.9685392905293], [-3.9957418853218427, 50.968446776372815], [-3.9959481782835513, 50.96801358814468], [-3.997196215479373, 50.9672546374059], [-3.9979868394030693, 50.96785907494194], [-3.997995418430525, 50.9680616287689]]]}}, {"type": "Feature", "properties": {"type": "postcode-cell", "postcode": "EX37 9AW", "postcodes": ["EX37 9AW"]}, "geometry": {"type": "Polygon", "coordinates": [[[-3.9980702904526297, 50.96815138260789], [-3.9974930992356272, 50.969181329781996], [-3.9971124381107295, 50.96918422907587], [-3.9961296430885818, 50.9685392905293], [-3.997995418430525, 50.9680616287689], [-3.9980702904526297, 50.96815138260789]]]}}, {"type": "Feature", "properties": {"type": "postcode-cell", "postcode": "EX37 9HG", "postcodes": ["EX37 9HG"]}, "geometry": {"type": "Polygon", "coordinates": [[[-4.0032638411952295, 50.96172589273999], [-3.998568107593793, 50.96444311174415], [-3.993377737520359, 50.9646937260378], [-3.9927037062470916, 50.96442983342502], [-3.9881911315030973, 50.961260815581284], [-3.988939786378252, 50.96050751362101], [-3.9996144739856176, 50.96072141179238], [-4.003179558895298, 50.96108841157204], [-4.0032638411952295, 50.96172589273999]]]}}, {"type": "Feature", "properties": {"type": "postcode-cell", "postcode": "EX37 9BD", "postcodes": ["EX37 9BD"]}, "geometry": {"type": "Polygon", "coordinates": [[[-3.9971124381107295, 50.96918422907587], [-3.996017472074002, 50.97012003793442], [-3.9953667473244914, 50.968541075956026], [-3.9957418853218427, 50.968446776372815], [-3.9961296430885818, 50.9685392905293], [-3.9971124381107295, 50.96918422907587]]]}}, {"type": "Feature", "properties": {"type": "postcode-cell", "postcode": "EX37 9BR", "postcodes": ["EX37 9BR"]}, "geometry": {"type": "Polygon", "coordinates": [[[-3.994162442895767, 50.97413638109549], [-3.9927999899340674, 50.974489994939546], [-3.9922799899338193, 50.974259994939324], [-3.9917499899333992, 50.974399994939446], [-3.991387029882627, 50.974894627320495], [-3.9854459938969864, 50.97030891715425], [-3.9911365094250786, 50.96861331675945], [-3.9953667473244914, 50.968541075956026], [-3.996017472074002, 50.97012003793442], [-3.994162442895767, 50.97413638109549]]]}}, {"type": "Feature", "properties": {"type": "postcode-cell", "postcode": "EX37 9AZ", "postcodes": ["EX37 9AZ"]}, "geometry": {"type": "Polygon", "coordinates": [[[-3.9959481782835513, 50.96801358814468], [-3.995359516144564, 50.96728210194082], [-3.9957010892755003, 50.966813636470526], [-3.9970106422633136, 50.96636488145693], [-3.997196215479373, 50.9672546374059], [-3.9959481782835513, 50.96801358814468]]]}}, {"type": "Feature", "properties": {"type": "postcode-cell", "postcode": "EX37 9BP", "postcodes": ["EX37 9BP"]}, "geometry": {"type": "Polygon", "coordinates": [[[-3.9981712861885317, 50.95155612796473], [-3.985489823617089, 50.95432890530907], [-3.9821471232669694, 50.952820810872694], [-3.984589989938493, 50.95244999492161], [-3.989049989942296, 50.95064999492011], [-3.9895699899429675, 50.94993999491952], [-3.9904599899435667, 50.9499299949195], [-3.991339989944438, 50.949309994919], [-3.9938899899465423, 50.94842999491828], [-3.994289989947033, 50.94793999491785], [-3.9941199899476, 50.94642999491663], [-3.994989989948847, 50.94495999491542], [-3.9951199899498793, 50.94286999491374], [-3.995702104056099, 50.94207805597148], [-4.002115384453786, 50.950290092107394], [-3.9981712861885317, 50.95155612796473]]]}}, {"type": "Feature", "properties": {"type": "postcode-cell", "postcode": "EX37 9AY", "postcodes": ["EX37 9AY"]}, "geometry": {"type": "Polygon", "coordinates": [[[-3.9970106422633136, 50.96636488145693], [-3.9957010892755003, 50.966813636470526], [-3.9946497439545343, 50.96666036746851], [-3.9950508720800118, 50.9655841732861], [-3.9979730608483885, 50.964891870556166], [-3.9970106422633136, 50.96636488145693]]]}}, {"type": "Feature", "properties": {"type": "postcode-cell", "postcode": "EX37 9BZ", "postcodes": ["EX37 9BZ"]}, "geometry": {"type": "Polygon", "coordinates": [[[-3.994540537796776, 50.95607657837291], [-3.9873946726392555, 50.95682271178361], [-3.985489823617089, 50.95432890530907], [-3.9981712861885317, 50.95155612796473], [-3.994540537796776, 50.95607657837291]]]}}, {"type": "Feature", "properties": {"type": "postcode-cell", "postcode": "EX37 9BB", "postcodes": ["EX37 9BB"]}, "geometry": {"type": "Polygon", "coordinates": [[[-3.9953667473244914, 50.968541075956026], [-3.9911365094250786, 50.96861331675945], [-3.9920114914903175, 50.968082147964054], [-3.995359516144564, 50.96728210194082], [-3.9959481782835513, 50.96801358814468], [-3.9957418853218427, 50.968446776372815], [-3.9953667473244914, 50.968541075956026]]]}}, {"type": "Feature", "properties": {"type": "postcode-cell", "postcode": "EX37 9AU", "postcodes": ["EX37 9AU"]}, "geometry": {"type": "Polygon", "coordinates": [[[-3.9808379728450785, 50.97906955367102], [-3.974082924697981, 50.972894474687735], [-3.9742401046010207, 50.97264959922245], [-3.985139310710895, 50.9701794845949], [-3.9854459938969864, 50.97030891715425], [-3.991387029882627, 50.974894627320495], [-3.9907299899320887, 50.9757899949406], [-3.9901365636412116, 50.97766795077286], [-3.9808379728450785, 50.97906955367102]]]}}, {"type": "Feature", "properties": {"type": "postcode-cell", "postcode": "EX37 9AX", "postcodes": ["EX37 9AX"]}, "geometry": {"type": "Polygon", "coordinates": [[[-3.9920114914903175, 50.968082147964054], [-3.993513845953614, 50.96681448911945], [-3.9946497439545343, 50.96666036746851], [-3.9957010892755003, 50.966813636470526], [-3.995359516144564, 50.96728210194082], [-3.9920114914903175, 50.968082147964054]]]}}, {"type": "Feature", "properties": {"type": "postcode-cell", "postcode": "EX37 9EW", "postcodes": ["EX37 9EW"]}, "geometry": {"type": "Polygon", "coordinates": [[[-3.9946497439545343, 50.96666036746851], [-3.993513845953614, 50.96681448911945], [-3.993671145387933, 50.966038697286194], [-3.994092270969884, 50.96565771931769], [-3.9950508720800118, 50.9655841732861], [-3.9946497439545343, 50.96666036746851]]]}}, {"type": "Feature", "properties": {"type": "postcode-cell", "postcode": "EX37 9BS", "postcodes": ["EX37 9BS"]}, "geometry": {"type": "Polygon", "coordinates": [[[-3.9996144739856176, 50.96072141179238], [-3.988939786378252, 50.96050751362101], [-3.9873946726392555, 50.95682271178361], [-3.994540537796776, 50.95607657837291], [-3.9951704271804003, 50.95636144518301], [-3.9996144739856176, 50.96072141179238]]]}}, {"type": "Feature", "properties": {"type": "postcode-cell", "postcode": "EX37 9EP", "postcodes": ["EX37 9EP"]}, "geometry": {"type": "Polygon", "coordinates": [[[-3.9979730608483885, 50.964891870556166], [-3.9950508720800118, 50.9655841732861], [-3.994092270969884, 50.96565771931769], [-3.9940269931599435, 50.96560478791816], [-3.993377737520359, 50.9646937260378], [-3.998568107593793, 50.96444311174415], [-3.9979730608483885, 50.964891870556166]]]}}, {"type": "Feature", "properties": {"type": "postcode-cell", "postcode": "EX37 9EN", "postcodes": ["EX37 9EN"]}, "geometry": {"type": "Polygon", "coordinates": [[[-3.993671145387933, 50.966038697286194], [-3.992446447084396, 50.96575293199273], [-3.9927480849432726, 50.96541967628685], [-3.9940269931599435, 50.96560478791816], [-3.994092270969884, 50.96565771931769], [-3.993671145387933, 50.966038697286194]]]}}, {"type": "Feature", "properties": {"type": "postcode-cell", "postcode": "EX37 9BA", "postcodes": ["EX37 9BA"]}, "geometry": {"type": "Polygon", "coordinates": [[[-3.9911365094250786, 50.96861331675945], [-3.9854459938969864, 50.97030891715425], [-3.985139310710895, 50.9701794845949], [-3.9848677462242486, 50.96751052367986], [-3.992446447084396, 50.96575293199273], [-3.993671145387933, 50.966038697286194], [-3.993513845953614, 50.96681448911945], [-3.9920114914903175, 50.968082147964054], [-3.9911365094250786, 50.96861331675945]]]}}, {"type": "Feature", "properties": {"type": "postcode-cell", "postcode": "EX37 9NB", "postcodes": ["EX37 9NB"]}, "geometry": {"type": "MultiPolygon", "coordinates": [[[[-3.9646103606016174, 50.95755126748272], [-3.9640399899225804, 50.95719999492563], [-3.960879989920941, 50.95613999492478], [-3.9616799899218846, 50.955249994924074], [-3.9636599899235794, 50.9544299949234], [-3.9643179209881305, 50.95442809574399], [-3.9646103606016174, 50.95755126748272]]], [[[-3.965169275940524, 50.963518978962675], [-3.96493127763382, 50.96364848249572], [-3.9644606075004956, 50.963682590526396], [-3.964919989920397, 50.96333999493065], [-3.965124941997412, 50.96304567625192], [-3.965169275940524, 50.963518978962675]]]]}}, {"type": "Feature", "properties": {"type": "postcode-cell", "postcode": "EX37 9EL", "postcodes": ["EX37 9EL"]}, "geometry": {"type": "Polygon", "coordinates": [[[-3.993377737520359, 50.9646937260378], [-3.9940269931599435, 50.96560478791816], [-3.9927480849432726, 50.96541967628685], [-3.9927037062470916, 50.96442983342502], [-3.993377737520359, 50.9646937260378]]]}}, {"type": "Feature", "properties": {"type": "postcode-cell", "postcode": "EX37 9BL", "postcodes": ["EX37 9BL"]}, "geometry": {"type": "Polygon", "coordinates": [[[-3.9881911315030973, 50.961260815581284], [-3.984107890147868, 50.96417481417286], [-3.9717504648419117, 50.961242437123396], [-3.9770866344257847, 50.95274533118641], [-3.9785199899344135, 50.952469994921664], [-3.980109989935182, 50.953129994922186], [-3.9821471232669694, 50.952820810872694], [-3.985489823617089, 50.95432890530907], [-3.9873946726392555, 50.95682271178361], [-3.988939786378252, 50.96050751362101], [-3.9881911315030973, 50.961260815581284]]]}}, {"type": "Feature", "properties": {"type": "postcode-cell", "postcode": "EX37 9EJ", "postcodes": ["EX37 9EJ"]}, "geometry": {"type": "Polygon", "coordinates": [[[-3.9927037062470916, 50.96442983342502], [-3.9927480849432726, 50.96541967628685], [-3.992446447084396, 50.96575293199273], [-3.9848677462242486, 50.96751052367986], [-3.984107890147868, 50.96417481417286], [-3.9881911315030973, 50.961260815581284], [-3.9927037062470916, 50.96442983342502]]]}}, {"type": "Feature", "properties": {"type": "postcode-cell", "postcode": "EX37 9BQ", "postcodes": ["EX37 9BQ"]}, "geometry": {"type": "Polygon", "coordinates": [[[-3.985139310710895, 50.9701794845949], [-3.9742401046010207, 50.97264959922245], [-3.96493127763382, 50.96364848249572], [-3.965169275940524, 50.963518978962675], [-3.9717504648419117, 50.961242437123396], [-3.984107890147868, 50.96417481417286], [-3.9848677462242486, 50.96751052367986], [-3.985139310710895, 50.9701794845949]]]}}, {"type": "Feature", "properties": {"type": "postcode-cell", "postcode": "EX37 9BE", "postcodes": ["EX37 9BE"]}, "geometry": {"type": "Polygon", "coordinates": [[[-3.974082924697981, 50.972894474687735], [-3.9808379728450785, 50.97906955367102], [-3.979415771503134, 50.980875506648275], [-3.976549989920422, 50.980549994944596], [-3.9757699899198458, 50.98066999494469], [-3.974239989918209, 50.9820199949458], [-3.9731699899174897, 50.982029994945805], [-3.970179989916096, 50.98066999494473], [-3.967699989914342, 50.98086999494491], [-3.965389989912971, 50.980479994944616], [-3.9637416297216146, 50.97955973070948], [-3.974082924697981, 50.972894474687735]]]}}, {"type": "Feature", "properties": {"type": "postcode-cell", "postcode": "EX37 9BG", "postcodes": ["EX37 9BG"]}, "geometry": {"type": "Polygon", "coordinates": [[[-3.96493127763382, 50.96364848249572], [-3.9742401046010207, 50.97264959922245], [-3.974082924697981, 50.972894474687735], [-3.9637416297216146, 50.97955973070948], [-3.962559989911785, 50.97889999494335], [-3.9607199899105345, 50.978939994943374], [-3.9614299899106613, 50.979709994944], [-3.961079989909815, 50.981069994945116], [-3.958749989907998, 50.98163999494561], [-3.9580899899076925, 50.98132999494537], [-3.957849989907794, 50.9807499949449], [-3.9584399899092104, 50.97848999494303], [-3.9582499899094072, 50.97776999494245], [-3.954399989906975, 50.97744999494221], [-3.9528699899063473, 50.97656999494151], [-3.9525999899064477, 50.975949994941004], [-3.9533399899076618, 50.97435999493971], [-3.957879989911659, 50.97223999493795], [-3.9584199899122643, 50.97169999493749], [-3.957939989912622, 50.97019999493628], [-3.958149989913327, 50.968949994935244], [-3.9569999899135126, 50.96682999493355], [-3.957359989914037, 50.96620999493304], [-3.9580899899147335, 50.965749994932665], [-3.9606099899164837, 50.96560999493253], [-3.9637399899192074, 50.96421999493136], [-3.9644606075004956, 50.963682590526396], [-3.96493127763382, 50.96364848249572]]]}}, {"type": "Feature", "properties": {"type": "postcode-cell", "postcode": "EX37 9BN", "postcodes": ["EX37 9BN"]}, "geometry": {"type": "Polygon", "coordinates": [[[-3.9717504648419117, 50.961242437123396], [-3.965169275940524, 50.963518978962675], [-3.965124941997412, 50.96304567625192], [-3.966249989922149, 50.96142999492907], [-3.9665499899231182, 50.95972999492767], [-3.965679989923223, 50.95820999492645], [-3.9646103606016174, 50.95755126748272], [-3.9643179209881305, 50.95442809574399], [-3.967109989925893, 50.95441999492335], [-3.9715199899293316, 50.95333999492244], [-3.973299989930491, 50.95341999492249], [-3.974519989931117, 50.95383999492283], [-3.976749989933078, 50.95280999492197], [-3.9770866344257847, 50.95274533118641], [-3.9717504648419117, 50.961242437123396]]]}}]}