{"type": "FeatureCollection", "features": [{"type": "Feature", "properties": {"type": "ward-outline", "name": "Upper Culm"}, "geometry": {"type": "Polygon", "coordinates": [[[-3.19578, 50.94751], [-3.18892, 50.94856], [-3.18454, 50.94867], [-3.17183, 50.94741], [-3.16648, 50.94771], [-3.16537, 50.94651], [-3.16395, 50.94597], [-3.16523, 50.94414], [-3.17021, 50.93976], [-3.17132, 50.93685], [-3.17246, 50.93578], [-3.17307, 50.93153], [-3.17356, 50.93066], [-3.17287, 50.92864], [-3.17348, 50.92692], [-3.17244, 50.92564], [-3.17527, 50.92457], [-3.17622, 50.92387], [-3.17755, 50.92389], [-3.17765, 50.92364], [-3.17853, 50.92365], [-3.1803, 50.92293], [-3.17985, 50.92137], [-3.17929, 50.92117], [-3.17917, 50.92009], [-3.17996, 50.91954], [-3.18023, 50.91875], [-3.18288, 50.91663], [-3.1843, 50.91447], [-3.18624, 50.9131], [-3.18796, 50.91034], [-3.18046, 50.90847], [-3.17753, 50.90818], [-3.17583, 50.90765], [-3.17274, 50.90789], [-3.17056, 50.90759], [-3.17148, 50.90599], [-3.17186, 50.90277], [-3.1704, 50.90037], [-3.16776, 50.90082], [-3.16389, 50.90065], [-3.16295, 50.90093], [-3.1599, 50.90065], [-3.15937, 50.90081], [-3.15616, 50.90008], [-3.15413, 50.89802], [-3.15392, 50.89527], [-3.15288, 50.89383], [-3.14792, 50.89175], [-3.14419, 50.8914], [-3.14243, 50.88925], [-3.15128, 50.88648], [-3.16525, 50.88425], [-3.16365, 50.8823], [-3.16583, 50.8814], [-3.16667, 50.88043], [-3.16846, 50.88012], [-3.17056, 50.87884], [-3.17616, 50.87708], [-3.17811, 50.87824], [-3.18121, 50.87711], [-3.18215, 50.87643], [-3.18769, 50.87736], [-3.18753, 50.8787], [-3.1896, 50.87876], [-3.19686, 50.87799], [-3.19833, 50.87748], [-3.20098, 50.87814], [-3.20168, 50.87764], [-3.20511, 50.87759], [-3.20723, 50.87708], [-3.20865, 50.87726], [-3.20864, 50.87751], [-3.21108, 50.87864], [-3.21198, 50.87966], [-3.21278, 50.87985], [-3.21409, 50.88079], [-3.2153, 50.88258], [-3.21607, 50.88283], [-3.21808, 50.88474], [-3.21821, 50.88637], [-3.21563, 50.88682], [-3.21582, 50.88759], [-3.2183, 50.8876], [-3.21869, 50.88815], [-3.21806, 50.88938], [-3.21759, 50.89289], [-3.22055, 50.89334], [-3.22191, 50.89399], [-3.22596, 50.89465], [-3.22703, 50.89474], [-3.22864, 50.89404], [-3.23037, 50.89436], [-3.23144, 50.89502], [-3.23304, 50.89505], [-3.23403, 50.89431], [-3.23484, 50.8929], [-3.2388, 50.89037], [-3.24365, 50.88946], [-3.24312, 50.8886], [-3.24422, 50.88737], [-3.24587, 50.88722], [-3.24717, 50.88755], [-3.24916, 50.88639], [-3.25181, 50.88396], [-3.25278, 50.88119], [-3.25353, 50.88042], [-3.25295, 50.87979], [-3.2532, 50.87908], [-3.25414, 50.87862], [-3.25674, 50.87815], [-3.25902, 50.877], [-3.2625, 50.87392], [-3.26538, 50.872], [-3.26871, 50.87047], [-3.27485, 50.86818], [-3.27803, 50.86786], [-3.27928, 50.8684], [-3.28006, 50.87074], [-3.28404, 50.87827], [-3.28401, 50.88035], [-3.28306, 50.88214], [-3.28371, 50.88329], [-3.28191, 50.88503], [-3.28162, 50.88595], [-3.28269, 50.88809], [-3.28623, 50.88677], [-3.2862, 50.88703], [-3.28663, 50.88702], [-3.28824, 50.88664], [-3.28813, 50.88632], [-3.28858, 50.88629], [-3.29021, 50.88683], [-3.2982, 50.88758], [-3.30146, 50.88689], [-3.30489, 50.887], [-3.30756, 50.88659], [-3.31092, 50.88486], [-3.31133, 50.8866], [-3.3122, 50.88712], [-3.31349, 50.88735], [-3.32173, 50.88496], [-3.32301, 50.88495], [-3.32435, 50.8845], [-3.3248, 50.88499], [-3.32612, 50.88544], [-3.32625, 50.88731], [-3.32786, 50.88962], [-3.31894, 50.89371], [-3.31413, 50.8939], [-3.3132, 50.89451], [-3.31252, 50.89532], [-3.31086, 50.90037], [-3.30814, 50.90495], [-3.30792, 50.90588], [-3.30853, 50.90614], [-3.30865, 50.9068], [-3.30766, 50.90994], [-3.30806, 50.91193], [-3.30777, 50.91328], [-3.30702, 50.91381], [-3.30767, 50.91438], [-3.30754, 50.91556], [-3.30881, 50.91549], [-3.30868, 50.91646], [-3.30918, 50.91705], [-3.30866, 50.91752], [-3.30875, 50.91849], [-3.30971, 50.9185], [-3.30991, 50.91968], [-3.30921, 50.91994], [-3.30938, 50.92044], [-3.31293, 50.92214], [-3.31305, 50.92258], [-3.31395, 50.92289], [-3.31472, 50.92387], [-3.3144, 50.92436], [-3.30737, 50.925], [-3.30283, 50.92581], [-3.30402, 50.92794], [-3.30457, 50.93045], [-3.3079, 50.93204], [-3.30792, 50.9343], [-3.30669, 50.93519], [-3.30674, 50.93559], [-3.30167, 50.93901], [-3.30116, 50.94141], [-3.29959, 50.94376], [-3.2993, 50.94564], [-3.29683, 50.95196], [-3.29541, 50.95417], [-3.29385, 50.95514], [-3.29246, 50.9549], [-3.29007, 50.95512], [-3.28441, 50.95376], [-3.2765, 50.95087], [-3.2725, 50.94902], [-3.2643, 50.94658], [-3.26189, 50.94406], [-3.25698, 50.94349], [-3.25613, 50.94318], [-3.25483, 50.94185], [-3.24433, 50.94297], [-3.24026, 50.9429], [-3.23251, 50.94415], [-3.22807, 50.94382], [-3.2263, 50.94399], [-3.21835, 50.94328], [-3.19578, 50.94751]]]}}, {"type": "Feature", "properties": {"type": "postcode-cell", "postcode": "EX15 2AW", "postcodes": ["EX15 2AW"]}, "geometry": {"type": "Polygon", "coordinates": [[[-3.315500480726227, 50.886766930782834], [-3.3217299895392354, 50.88495999487403], [-3.3230099895400453, 50.88494999487401], [-3.3243499895411044, 50.88449999487365], [-3.324799989541152, 50.88498999487402], [-3.3261199895417652, 50.88543999487437], [-3.3262499895409516, 50.887309994875864], [-3.327859989540858, 50.88961999487766], [-3.3235512295341576, 50.891595822096484], [-3.315500480726227, 50.886766930782834]]]}}, {"type": "Feature", "properties": {"type": "postcode-cell", "postcode": "EX16 7JZ", "postcodes": ["EX16 7JZ"]}, "geometry": {"type": "Polygon", "coordinates": [[[-3.2971708255234464, 50.941759311526305], [-3.295784509392264, 50.94076798764997], [-3.2959130120627624, 50.934321190870385], [-3.2976737300537686, 50.931305205491086], [-3.3036973425748526, 50.92736250486854], [-3.3040199895075144, 50.92793999490841], [-3.3045699895066596, 50.9304499949104], [-3.3078999895079964, 50.93203999491164], [-3.3079199895069267, 50.934299994913424], [-3.3066899895057253, 50.93518999491414], [-3.3067399895055667, 50.93558999491446], [-3.301669989500739, 50.93900999491725], [-3.30115998949927, 50.94140999491916], [-3.3005334510623356, 50.942347837825125], [-3.2971708255234464, 50.941759311526305]]]}}, {"type": "Feature", "properties": {"type": "postcode-cell", "postcode": "EX15 2JE", "postcodes": ["EX15 2JE"]}, "geometry": {"type": "Polygon", "coordinates": [[[-3.276021645475969, 50.87432580362318], [-3.262620205416462, 50.88094846786908], [-3.2532948440506764, 50.87903357743668], [-3.2541399894999428, 50.87861999486989], [-3.256739989501793, 50.87814999486946], [-3.2590199895037713, 50.87699999486854], [-3.262499989507428, 50.87391999486606], [-3.265379989510151, 50.87199999486451], [-3.268709989512968, 50.87046999486323], [-3.2748499895179095, 50.868179994861364], [-3.278029989520052, 50.86785999486106], [-3.2792799895205724, 50.86839999486147], [-3.279542536866338, 50.869187664495314], [-3.276021645475969, 50.87432580362318]]]}}, {"type": "Feature", "properties": {"type": "postcode-cell", "postcode": "EX15 3NT", "postcodes": ["EX15 3NT"]}, "geometry": {"type": "Polygon", "coordinates": [[[-3.3086147234371563, 50.90263153696439], [-3.30852047733178, 50.90258566287176], [-3.306154774168414, 50.89895158406856], [-3.310305335832942, 50.89535772223065], [-3.31233002581582, 50.895897951680254], [-3.3108599895250204, 50.90036999488641], [-3.309434310645538, 50.90277070496476], [-3.3086147234371563, 50.90263153696439]]]}}, {"type": "Feature", "properties": {"type": "postcode-cell", "postcode": "EX15 3NR", "postcodes": ["EX15 3NR"]}, "geometry": {"type": "Polygon", "coordinates": [[[-3.3235512295341576, 50.891595822096484], [-3.3189399895332916, 50.893709994881036], [-3.3141299895301737, 50.89389999488124], [-3.313199989529299, 50.89450999488171], [-3.3125199895284845, 50.89531999488237], [-3.31233002581582, 50.895897951680254], [-3.310305335832942, 50.89535772223065], [-3.3086784552974766, 50.89304283057812], [-3.3127648920830897, 50.88722071597625], [-3.3134899895329113, 50.887349994876054], [-3.315500480726227, 50.886766930782834], [-3.3235512295341576, 50.891595822096484]]]}}, {"type": "Feature", "properties": {"type": "postcode-cell", "postcode": "EX15 3NP", "postcodes": ["EX15 3NP"]}, "geometry": {"type": "Polygon", "coordinates": [[[-3.3086784552974766, 50.89304283057812], [-3.306645109365935, 50.89298976200446], [-3.3021203786163578, 50.89113078758212], [-3.297375094403805, 50.887502590653796], [-3.298199989523204, 50.887579994876425], [-3.30145998952558, 50.886889994875844], [-3.304889989527681, 50.886999994875886], [-3.3075599895295524, 50.886589994875486], [-3.3109199895324926, 50.8848599948741], [-3.311329989531915, 50.88659999487547], [-3.3121999895322123, 50.887119994875874], [-3.3127648920830897, 50.88722071597625], [-3.3086784552974766, 50.89304283057812]]]}}, {"type": "Feature", "properties": {"type": "postcode-cell", "postcode": "EX15 3BG", "postcodes": ["EX15 3BG"]}, "geometry": {"type": "Polygon", "coordinates": [[[-3.3019862339947235, 50.92436584592319], [-3.306094510840046, 50.91426998142157], [-3.307525123650534, 50.914252960215926], [-3.307669989516303, 50.91437999489757], [-3.3075399895156563, 50.915559994898516], [-3.3088099895164893, 50.91548999489845], [-3.308679989515944, 50.91645999489921], [-3.309179989515975, 50.91704999489968], [-3.308659989515422, 50.91751999490005], [-3.308749989515013, 50.91848999490083], [-3.3097099895156132, 50.918499994900834], [-3.3099099895151745, 50.919679994901756], [-3.3092099895146108, 50.91993999490199], [-3.3093799895144778, 50.92043999490237], [-3.3129299895159003, 50.92213999490369], [-3.3130499895157643, 50.92257999490404], [-3.313949989516181, 50.922889994904274], [-3.3147199895161976, 50.92386999490504], [-3.314399989515762, 50.924359994905444], [-3.3073699895110305, 50.924999994906045], [-3.303203641995429, 50.925743337745494], [-3.3019862339947235, 50.92436584592319]]]}}, {"type": "Feature", "properties": {"type": "postcode-cell", "postcode": "EX15 3LN", "postcodes": ["EX15 3LN"]}, "geometry": {"type": "Polygon", "coordinates": [[[-3.3086147234371563, 50.90263153696439], [-3.3012457435440274, 50.91205225195183], [-3.301318401081752, 50.9063346492498], [-3.3040682011917375, 50.90319888754358], [-3.30852047733178, 50.90258566287176], [-3.3086147234371563, 50.90263153696439]]]}}, {"type": "Feature", "properties": {"type": "postcode-cell", "postcode": "EX15 3NX", "postcodes": ["EX15 3NX"]}, "geometry": {"type": "Polygon", "coordinates": [[[-3.306094510840046, 50.91426998142157], [-3.301022058942036, 50.91277164911622], [-3.3012457435440274, 50.91205225195183], [-3.3086147234371563, 50.90263153696439], [-3.309434310645538, 50.90277070496476], [-3.3081399895211168, 50.904949994890075], [-3.3079199895205327, 50.90587999489083], [-3.308529989520792, 50.90613999489102], [-3.3086499895205517, 50.90679999489154], [-3.3076599895184247, 50.909939994894046], [-3.308059989517723, 50.911929994895644], [-3.307769989516895, 50.9132799948967], [-3.3070199895161685, 50.91380999489714], [-3.307525123650534, 50.914252960215926], [-3.306094510840046, 50.91426998142157]]]}}, {"type": "Feature", "properties": {"type": "postcode-cell", "postcode": "EX15 3LW", "postcodes": ["EX15 3LW"]}, "geometry": {"type": "Polygon", "coordinates": [[[-3.3012457435440274, 50.91205225195183], [-3.301022058942036, 50.91277164911622], [-3.3001474171643057, 50.9127574383157], [-3.297443930948688, 50.909986361178184], [-3.293472835526497, 50.901986804756426], [-3.294467629724253, 50.90171986681568], [-3.2992746642548494, 50.90360485587798], [-3.301318401081752, 50.9063346492498], [-3.3012457435440274, 50.91205225195183]]]}}, {"type": "Feature", "properties": {"type": "postcode-cell", "postcode": "EX15 2HL", "postcodes": ["EX15 2HL"]}, "geometry": {"type": "MultiPolygon", "coordinates": [[[[-3.284152168548689, 50.88754479755223], [-3.2862299895160882, 50.88676999487592], [-3.286199989515946, 50.88702999487612], [-3.2866299895162188, 50.8870199948761], [-3.288239989517413, 50.88663999487579], [-3.288129989517495, 50.88631999487554], [-3.2885799895177925, 50.88628999487551], [-3.290104826772951, 50.88679515675468], [-3.284152168548689, 50.88754479755223]]], [[[-3.278435339861556, 50.88639821501269], [-3.274364741165432, 50.88426552832337], [-3.276021645475969, 50.87432580362318], [-3.279542536866338, 50.869187664495314], [-3.280059989519933, 50.8707399948633], [-3.284039989518804, 50.87826999486923], [-3.2840099895177848, 50.88034999487087], [-3.283059989516329, 50.88213999487231], [-3.283709989516184, 50.8832899948732], [-3.2819099895142196, 50.88502999487461], [-3.2816199895135965, 50.88594999487532], [-3.2822841990074267, 50.88727843865744], [-3.278435339861556, 50.88639821501269]]]]}}, {"type": "Feature", "properties": {"type": "postcode-cell", "postcode": "EX15 3NS", "postcodes": ["EX15 3NS"]}, "geometry": {"type": "Polygon", "coordinates": [[[-3.310305335832942, 50.89535772223065], [-3.306154774168414, 50.89895158406856], [-3.2993276145238175, 50.8985951101326], [-3.2992339985227046, 50.898354971895856], [-3.299271389231896, 50.89828187929602], [-3.302982969311661, 50.89434636172156], [-3.306645109365935, 50.89298976200446], [-3.3086784552974766, 50.89304283057812], [-3.310305335832942, 50.89535772223065]]]}}, {"type": "Feature", "properties": {"type": "postcode-cell", "postcode": "EX15 3LH", "postcodes": ["EX15 3LH"]}, "geometry": {"type": "Polygon", "coordinates": [[[-3.3040682011917375, 50.90319888754358], [-3.30278872043937, 50.90285166559607], [-3.2990258550420903, 50.89890765663626], [-3.2993276145238175, 50.8985951101326], [-3.306154774168414, 50.89895158406856], [-3.30852047733178, 50.90258566287176], [-3.3040682011917375, 50.90319888754358]]]}}, {"type": "Feature", "properties": {"type": "postcode-cell", "postcode": "EX15 3NG", "postcodes": ["EX15 3NG"]}, "geometry": {"type": "Polygon", "coordinates": [[[-3.2992339985227046, 50.898354971895856], [-3.294917250283018, 50.895966182717466], [-3.296552784500956, 50.894518826210515], [-3.298694319457018, 50.89488108947697], [-3.2990420752708096, 50.89657086671808], [-3.299271389231896, 50.89828187929602], [-3.2992339985227046, 50.898354971895856]]]}}, {"type": "Feature", "properties": {"type": "postcode-cell", "postcode": "TA21 9RA", "postcodes": ["TA21 9RA"]}, "geometry": {"type": "Polygon", "coordinates": [[[-3.2971708255234464, 50.941759311526305], [-3.3005334510623356, 50.942347837825125], [-3.2995899894971563, 50.943759994921045], [-3.299299989496075, 50.945639994922566], [-3.2968299894914956, 50.951959994927634], [-3.295409989489543, 50.9541699949294], [-3.2938499894880975, 50.95513999493019], [-3.292459989487338, 50.95489999493001], [-3.2900699894857275, 50.95511999493021], [-3.284409989482816, 50.953759994929186], [-3.2832916337948297, 50.953351446810196], [-3.2971708255234464, 50.941759311526305]]]}}, {"type": "Feature", "properties": {"type": "postcode-cell", "postcode": "EX15 3BE", "postcodes": ["EX15 3BE"]}, "geometry": {"type": "Polygon", "coordinates": [[[-3.2976737300537686, 50.931305205491086], [-3.2923928411638737, 50.92729334736355], [-3.2958307273029184, 50.92360989293439], [-3.3019862339947235, 50.92436584592319], [-3.303203641995429, 50.925743337745494], [-3.3028299895077864, 50.925809994906714], [-3.3036973425748526, 50.92736250486854], [-3.2976737300537686, 50.931305205491086]]]}}, {"type": "Feature", "properties": {"type": "postcode-cell", "postcode": "EX15 3NN", "postcodes": ["EX15 3NN"]}, "geometry": {"type": "Polygon", "coordinates": [[[-3.302982969311661, 50.89434636172156], [-3.300346651266632, 50.89378797750715], [-3.299345827152984, 50.89350378434066], [-3.299264994109972, 50.8933797242355], [-3.3021203786163578, 50.89113078758212], [-3.306645109365935, 50.89298976200446], [-3.302982969311661, 50.89434636172156]]]}}, {"type": "Feature", "properties": {"type": "postcode-cell", "postcode": "EX15 3LL", "postcodes": ["EX15 3LL"]}, "geometry": {"type": "Polygon", "coordinates": [[[-3.301318401081752, 50.9063346492498], [-3.2992746642548494, 50.90360485587798], [-3.30278872043937, 50.90285166559607], [-3.3040682011917375, 50.90319888754358], [-3.301318401081752, 50.9063346492498]]]}}, {"type": "Feature", "properties": {"type": "postcode-cell", "postcode": "EX15 3BA", "postcodes": ["EX15 3BA"]}, "geometry": {"type": "Polygon", "coordinates": [[[-3.306094510840046, 50.91426998142157], [-3.3019862339947235, 50.92436584592319], [-3.2958307273029184, 50.92360989293439], [-3.292390412232241, 50.92179211259948], [-3.289824705227409, 50.919109226973895], [-3.299076688913157, 50.91302589160033], [-3.3001474171643057, 50.9127574383157], [-3.301022058942036, 50.91277164911622], [-3.306094510840046, 50.91426998142157]]]}}, {"type": "Feature", "properties": {"type": "postcode-cell", "postcode": "EX15 3NW", "postcodes": ["EX15 3NW"]}, "geometry": {"type": "Polygon", "coordinates": [[[-3.3021203786163578, 50.89113078758212], [-3.299264994109972, 50.8933797242355], [-3.2961783033603873, 50.89191066610288], [-3.2913297724310993, 50.887899972186695], [-3.2911754273942644, 50.886920648343434], [-3.297375094403805, 50.887502590653796], [-3.3021203786163578, 50.89113078758212]]]}}, {"type": "Feature", "properties": {"type": "postcode-cell", "postcode": "EX15 3LJ", "postcodes": ["EX15 3LJ"]}, "geometry": {"type": "Polygon", "coordinates": [[[-3.30278872043937, 50.90285166559607], [-3.2992746642548494, 50.90360485587798], [-3.294467629724253, 50.90171986681568], [-3.2990258550420903, 50.89890765663626], [-3.30278872043937, 50.90285166559607]]]}}, {"type": "Feature", "properties": {"type": "postcode-cell", "postcode": "EX15 3NL", "postcodes": ["EX15 3NL"]}, "geometry": {"type": "Polygon", "coordinates": [[[-3.2990420752708096, 50.89657086671808], [-3.300346651266632, 50.89378797750715], [-3.302982969311661, 50.89434636172156], [-3.299271389231896, 50.89828187929602], [-3.2990420752708096, 50.89657086671808]]]}}, {"type": "Feature", "properties": {"type": "postcode-cell", "postcode": "EX15 3NY", "postcodes": ["EX15 3NY"]}, "geometry": {"type": "Polygon", "coordinates": [[[-3.300346651266632, 50.89378797750715], [-3.2990420752708096, 50.89657086671808], [-3.298694319457018, 50.89488108947697], [-3.2987460397210713, 50.894188229086076], [-3.299345827152984, 50.89350378434066], [-3.300346651266632, 50.89378797750715]]]}}, {"type": "Feature", "properties": {"type": "postcode-cell", "postcode": "EX15 3NA", "postcodes": ["EX15 3NA"]}, "geometry": {"type": "Polygon", "coordinates": [[[-3.2993276145238175, 50.8985951101326], [-3.2990258550420903, 50.89890765663626], [-3.294467629724253, 50.90171986681568], [-3.293472835526497, 50.901986804756426], [-3.2900125661018964, 50.901776636025936], [-3.2872938386497323, 50.901257572416924], [-3.2865546888733634, 50.897385098678804], [-3.290000820627687, 50.89473264776757], [-3.294917250283018, 50.895966182717466], [-3.2992339985227046, 50.898354971895856], [-3.2993276145238175, 50.8985951101326]]]}}, {"type": "Feature", "properties": {"type": "postcode-cell", "postcode": "EX15 3NQ", "postcodes": ["EX15 3NQ"]}, "geometry": {"type": "Polygon", "coordinates": [[[-3.298694319457018, 50.89488108947697], [-3.296552784500956, 50.894518826210515], [-3.29676328514757, 50.89422620986222], [-3.2987460397210713, 50.894188229086076], [-3.298694319457018, 50.89488108947697]]]}}, {"type": "Feature", "properties": {"type": "postcode-cell", "postcode": "EX15 3LZ", "postcodes": ["EX15 3LZ"]}, "geometry": {"type": "Polygon", "coordinates": [[[-3.2913297724310993, 50.887899972186695], [-3.290000820627687, 50.89473264776757], [-3.2865546888733634, 50.897385098678804], [-3.28149270699761, 50.895700656285435], [-3.2836640556060375, 50.88772680187094], [-3.284152168548689, 50.88754479755223], [-3.290104826772951, 50.88679515675468], [-3.290209989518554, 50.88682999487591], [-3.2911754273942644, 50.886920648343434], [-3.2913297724310993, 50.887899972186695]]]}}, {"type": "Feature", "properties": {"type": "postcode-cell", "postcode": "EX15 3NJ", "postcodes": ["EX15 3NJ"]}, "geometry": {"type": "Polygon", "coordinates": [[[-3.299345827152984, 50.89350378434066], [-3.2987460397210713, 50.894188229086076], [-3.29676328514757, 50.89422620986222], [-3.2961783033603873, 50.89191066610288], [-3.299264994109972, 50.8933797242355], [-3.299345827152984, 50.89350378434066]]]}}, {"type": "Feature", "properties": {"type": "postcode-cell", "postcode": "EX15 3NH", "postcodes": ["EX15 3NH"]}, "geometry": {"type": "Polygon", "coordinates": [[[-3.296552784500956, 50.894518826210515], [-3.294917250283018, 50.895966182717466], [-3.290000820627687, 50.89473264776757], [-3.2913297724310993, 50.887899972186695], [-3.2961783033603873, 50.89191066610288], [-3.29676328514757, 50.89422620986222], [-3.296552784500956, 50.894518826210515]]]}}, {"type": "Feature", "properties": {"type": "postcode-cell", "postcode": "EX15 3LP", "postcodes": ["EX15 3LP"]}, "geometry": {"type": "Polygon", "coordinates": [[[-3.297443930948688, 50.909986361178184], [-3.290924017998262, 50.90711061159199], [-3.2900125661018964, 50.901776636025936], [-3.293472835526497, 50.901986804756426], [-3.297443930948688, 50.909986361178184]]]}}, {"type": "Feature", "properties": {"type": "postcode-cell", "postcode": "TA21 9QY", "postcodes": ["TA21 9QY"]}, "geometry": {"type": "Polygon", "coordinates": [[[-3.2922369542721777, 50.9401538731353], [-3.2766569292989303, 50.941438830337816], [-3.271090099199351, 50.93649248405033], [-3.2755225812794335, 50.93351024861431], [-3.281114586111378, 50.93315061589857], [-3.2814124619070997, 50.93323550780005], [-3.2922369542721777, 50.9401538731353]]]}}, {"type": "Feature", "properties": {"type": "postcode-cell", "postcode": "EX15 3HT", "postcodes": ["EX15 3HT"]}, "geometry": {"type": "Polygon", "coordinates": [[[-3.2814124619070997, 50.93323550780005], [-3.288110571480191, 50.930184682525024], [-3.2959130120627624, 50.934321190870385], [-3.295784509392264, 50.94076798764997], [-3.2922369542721777, 50.9401538731353], [-3.2814124619070997, 50.93323550780005]]]}}, {"type": "Feature", "properties": {"type": "postcode-cell", "postcode": "EX15 3BB", "postcodes": ["EX15 3BB"]}, "geometry": {"type": "Polygon", "coordinates": [[[-3.2958307273029184, 50.92360989293439], [-3.2923928411638737, 50.92729334736355], [-3.2874500097147665, 50.92723469854249], [-3.292390412232241, 50.92179211259948], [-3.2958307273029184, 50.92360989293439]]]}}, {"type": "Feature", "properties": {"type": "postcode-cell", "postcode": "EX15 3BD", "postcodes": ["EX15 3BD"]}, "geometry": {"type": "Polygon", "coordinates": [[[-3.2959130120627624, 50.934321190870385], [-3.288110571480191, 50.930184682525024], [-3.2872291197922636, 50.927287324157156], [-3.2874500097147665, 50.92723469854249], [-3.2923928411638737, 50.92729334736355], [-3.2976737300537686, 50.931305205491086], [-3.2959130120627624, 50.934321190870385]]]}}, {"type": "Feature", "properties": {"type": "postcode-cell", "postcode": "EX15 3LR", "postcodes": ["EX15 3LR"]}, "geometry": {"type": "Polygon", "coordinates": [[[-3.3001474171643057, 50.9127574383157], [-3.299076688913157, 50.91302589160033], [-3.288876637426104, 50.91125281005214], [-3.28790396888197, 50.91092242256312], [-3.2859884201336205, 50.90917608042861], [-3.2879812736719267, 50.90746808904807], [-3.290924017998262, 50.90711061159199], [-3.297443930948688, 50.909986361178184], [-3.3001474171643057, 50.9127574383157]]]}}, {"type": "Feature", "properties": {"type": "postcode-cell", "postcode": "EX15 3LS", "postcodes": ["EX15 3LS"]}, "geometry": {"type": "Polygon", "coordinates": [[[-3.290924017998262, 50.90711061159199], [-3.2879812736719267, 50.90746808904807], [-3.2871324948775142, 50.90133764225111], [-3.2872938386497323, 50.901257572416924], [-3.2900125661018964, 50.901776636025936], [-3.290924017998262, 50.90711061159199]]]}}, {"type": "Feature", "properties": {"type": "postcode-cell", "postcode": "EX15 3JG", "postcodes": ["EX15 3JG"]}, "geometry": {"type": "Polygon", "coordinates": [[[-3.289824705227409, 50.919109226973895], [-3.2895207639324315, 50.919119553194804], [-3.2851557626175287, 50.91699829640868], [-3.2851458987999442, 50.91699230156296], [-3.2842765870939803, 50.91602105725155], [-3.288876637426104, 50.91125281005214], [-3.299076688913157, 50.91302589160033], [-3.289824705227409, 50.919109226973895]]]}}, {"type": "Feature", "properties": {"type": "postcode-cell", "postcode": "EX15 3HU", "postcodes": ["EX15 3HU"]}, "geometry": {"type": "Polygon", "coordinates": [[[-3.2874500097147665, 50.92723469854249], [-3.2872291197922636, 50.927287324157156], [-3.2827220107336474, 50.926237652818365], [-3.281256141926667, 50.92477848887135], [-3.2830515507018982, 50.922819934983345], [-3.2842195167466257, 50.92188819077877], [-3.2895207639324315, 50.919119553194804], [-3.289824705227409, 50.919109226973895], [-3.292390412232241, 50.92179211259948], [-3.2874500097147665, 50.92723469854249]]]}}, {"type": "Feature", "properties": {"type": "postcode-cell", "postcode": "EX15 3LU", "postcodes": ["EX15 3LU"]}, "geometry": {"type": "Polygon", "coordinates": [[[-3.2871324948775142, 50.90133764225111], [-3.278220631218638, 50.90425539004539], [-3.2722628184353693, 50.900906825983235], [-3.277500509767228, 50.895733196141684], [-3.28149270699761, 50.895700656285435], [-3.2865546888733634, 50.897385098678804], [-3.2872938386497323, 50.901257572416924], [-3.2871324948775142, 50.90133764225111]]]}}, {"type": "Feature", "properties": {"type": "postcode-cell", "postcode": "EX15 3JF", "postcodes": ["EX15 3JF"]}, "geometry": {"type": "Polygon", "coordinates": [[[-3.2840206385484456, 50.91585861152951], [-3.2831037537327536, 50.912790004238694], [-3.28790396888197, 50.91092242256312], [-3.288876637426104, 50.91125281005214], [-3.2842765870939803, 50.91602105725155], [-3.2840206385484456, 50.91585861152951]]]}}, {"type": "Feature", "properties": {"type": "postcode-cell", "postcode": "EX15 3JJ", "postcodes": ["EX15 3JJ"]}, "geometry": {"type": "Polygon", "coordinates": [[[-3.2842765870939803, 50.91602105725155], [-3.2851458987999442, 50.91699230156296], [-3.282380760738564, 50.91735898181899], [-3.2794290610356938, 50.91704948330159], [-3.2780700232525297, 50.91607960413299], [-3.282120326630115, 50.915561949333764], [-3.2840206385484456, 50.91585861152951], [-3.2842765870939803, 50.91602105725155]]]}}, {"type": "Feature", "properties": {"type": "postcode-cell", "postcode": "EX15 3LT", "postcodes": ["EX15 3LT"]}, "geometry": {"type": "Polygon", "coordinates": [[[-3.2859884201336205, 50.90917608042861], [-3.279918010327267, 50.90753098239808], [-3.2781600163457956, 50.9050495729163], [-3.278220631218638, 50.90425539004539], [-3.2871324948775142, 50.90133764225111], [-3.2879812736719267, 50.90746808904807], [-3.2859884201336205, 50.90917608042861]]]}}, {"type": "Feature", "properties": {"type": "postcode-cell", "postcode": "TA21 9QZ", "postcodes": ["TA21 9QZ"]}, "geometry": {"type": "Polygon", "coordinates": [[[-3.295784509392264, 50.94076798764997], [-3.2971708255234464, 50.941759311526305], [-3.2832916337948297, 50.953351446810196], [-3.2764999894792286, 50.95086999492698], [-3.2724999894776015, 50.949019994925536], [-3.271635175473834, 50.948762699466], [-3.2766569292989303, 50.941438830337816], [-3.2922369542721777, 50.9401538731353], [-3.295784509392264, 50.94076798764997]]]}}, {"type": "Feature", "properties": {"type": "postcode-cell", "postcode": "EX15 3HS", "postcodes": ["EX15 3HS"]}, "geometry": {"type": "Polygon", "coordinates": [[[-3.288110571480191, 50.930184682525024], [-3.2814124619070997, 50.93323550780005], [-3.281114586111378, 50.93315061589857], [-3.2820966065538193, 50.927368281863366], [-3.2827220107336474, 50.926237652818365], [-3.2872291197922636, 50.927287324157156], [-3.288110571480191, 50.930184682525024]]]}}, {"type": "Feature", "properties": {"type": "postcode-cell", "postcode": "EX15 3FD", "postcodes": ["EX15 3FD"]}, "geometry": {"type": "Polygon", "coordinates": [[[-3.2859884201336205, 50.90917608042861], [-3.28790396888197, 50.91092242256312], [-3.2831037537327536, 50.912790004238694], [-3.282084007661825, 50.91252944046433], [-3.2793691736316526, 50.90900019893576], [-3.279918010327267, 50.90753098239808], [-3.2859884201336205, 50.90917608042861]]]}}, {"type": "Feature", "properties": {"type": "postcode-cell", "postcode": "EX15 3LB", "postcodes": ["EX15 3LB"]}, "geometry": {"type": "Polygon", "coordinates": [[[-3.2797620080998535, 50.919071104046346], [-3.2797884844524323, 50.9189019277818], [-3.280027254572181, 50.918478755385856], [-3.2805950384599245, 50.91794795376718], [-3.282380760738564, 50.91735898181899], [-3.2851458987999442, 50.91699230156296], [-3.2851557626175287, 50.91699829640868], [-3.2801665266917346, 50.91917705107368], [-3.2797620080998535, 50.919071104046346]]]}}, {"type": "Feature", "properties": {"type": "postcode-cell", "postcode": "EX15 3HH", "postcodes": ["EX15 3HH"]}, "geometry": {"type": "Polygon", "coordinates": [[[-3.2801665266917346, 50.91917705107368], [-3.2842195167466257, 50.92188819077877], [-3.2830515507018982, 50.922819934983345], [-3.2790666774156203, 50.92019407811057], [-3.2795415502029246, 50.91912307723473], [-3.2797620080998535, 50.919071104046346], [-3.2801665266917346, 50.91917705107368]]]}}, {"type": "Feature", "properties": {"type": "postcode-cell", "postcode": "EX15 3JP", "postcodes": ["EX15 3JP"]}, "geometry": {"type": "Polygon", "coordinates": [[[-3.2895207639324315, 50.919119553194804], [-3.2842195167466257, 50.92188819077877], [-3.2801665266917346, 50.91917705107368], [-3.2851557626175287, 50.91699829640868], [-3.2895207639324315, 50.919119553194804]]]}}, {"type": "Feature", "properties": {"type": "postcode-cell", "postcode": "EX15 3LX", "postcodes": ["EX15 3LX"]}, "geometry": {"type": "Polygon", "coordinates": [[[-3.28149270699761, 50.895700656285435], [-3.277500509767228, 50.895733196141684], [-3.275483642903026, 50.89359784180477], [-3.283386819865691, 50.887830174161394], [-3.2836640556060375, 50.88772680187094], [-3.28149270699761, 50.895700656285435]]]}}, {"type": "Feature", "properties": {"type": "postcode-cell", "postcode": "EX15 3JE", "postcodes": ["EX15 3JE"]}, "geometry": {"type": "Polygon", "coordinates": [[[-3.2840206385484456, 50.91585861152951], [-3.282120326630115, 50.915561949333764], [-3.2806570645947035, 50.91454829541001], [-3.2800196643520687, 50.913290848935404], [-3.282084007661825, 50.91252944046433], [-3.2831037537327536, 50.912790004238694], [-3.2840206385484456, 50.91585861152951]]]}}, {"type": "Feature", "properties": {"type": "postcode-cell", "postcode": "EX15 3JZ", "postcodes": ["EX15 3JZ"]}, "geometry": {"type": "Polygon", "coordinates": [[[-3.2793691736316526, 50.90900019893576], [-3.2763773168694112, 50.91167911175582], [-3.276331431232966, 50.911691156192504], [-3.2747853082651797, 50.9115172938221], [-3.269086178317418, 50.90939765745465], [-3.2781600163457956, 50.9050495729163], [-3.279918010327267, 50.90753098239808], [-3.2793691736316526, 50.90900019893576]]]}}, {"type": "Feature", "properties": {"type": "postcode-cell", "postcode": "TA21 9QX", "postcodes": ["TA21 9QX"]}, "geometry": {"type": "Polygon", "coordinates": [[[-3.256698188423273, 50.9372801092826], [-3.2573515417402064, 50.93680710704996], [-3.2595434999641744, 50.93602983688384], [-3.271090099199351, 50.93649248405033], [-3.2766569292989303, 50.941438830337816], [-3.271635175473834, 50.948762699466], [-3.264299989473624, 50.94657999492369], [-3.261889989473321, 50.94405999492172], [-3.2569799894705147, 50.943489994921315], [-3.2561299894701317, 50.943179994921074], [-3.2548776665753167, 50.94189877388496], [-3.256698188423273, 50.9372801092826]]]}}, {"type": "Feature", "properties": {"type": "postcode-cell", "postcode": "EX15 3LY", "postcodes": ["EX15 3LY"]}, "geometry": {"type": "Polygon", "coordinates": [[[-3.2822841990074267, 50.88727843865744], [-3.2826899895132375, 50.88808999487701], [-3.283386819865691, 50.887830174161394], [-3.275483642903026, 50.89359784180477], [-3.271979658615398, 50.892368449374864], [-3.2718219186625084, 50.89200694726796], [-3.278435339861556, 50.88639821501269], [-3.2822841990074267, 50.88727843865744]]]}}, {"type": "Feature", "properties": {"type": "postcode-cell", "postcode": "EX15 3LA", "postcodes": ["EX15 3LA"]}, "geometry": {"type": "Polygon", "coordinates": [[[-3.282084007661825, 50.91252944046433], [-3.2800196643520687, 50.913290848935404], [-3.2799373879826104, 50.91328844955913], [-3.278142367083411, 50.91283767296853], [-3.277917422968127, 50.91270554807642], [-3.2763773168694112, 50.91167911175582], [-3.2793691736316526, 50.90900019893576], [-3.282084007661825, 50.91252944046433]]]}}, {"type": "Feature", "properties": {"type": "postcode-cell", "postcode": "EX15 3JH", "postcodes": ["EX15 3JH"]}, "geometry": {"type": "Polygon", "coordinates": [[[-3.282120326630115, 50.915561949333764], [-3.2780700232525297, 50.91607960413299], [-3.2778457700212, 50.91604982193843], [-3.2785335484841185, 50.914736390905645], [-3.2785383610644425, 50.914734227006974], [-3.2806570645947035, 50.91454829541001], [-3.282120326630115, 50.915561949333764]]]}}, {"type": "Feature", "properties": {"type": "postcode-cell", "postcode": "EX15 3HA", "postcodes": ["EX15 3HA"]}, "geometry": {"type": "Polygon", "coordinates": [[[-3.2805950384599245, 50.91794795376718], [-3.2794560758612774, 50.91763005655318], [-3.2794290610356938, 50.91704948330159], [-3.282380760738564, 50.91735898181899], [-3.2805950384599245, 50.91794795376718]]]}}, {"type": "Feature", "properties": {"type": "postcode-cell", "postcode": "EX15 3JN", "postcodes": ["EX15 3JN"]}, "geometry": {"type": "Polygon", "coordinates": [[[-3.280027254572181, 50.918478755385856], [-3.2792647542099114, 50.91778500159353], [-3.2794560758612774, 50.91763005655318], [-3.2805950384599245, 50.91794795376718], [-3.280027254572181, 50.918478755385856]]]}}, {"type": "Feature", "properties": {"type": "postcode-cell", "postcode": "EX15 3FL", "postcodes": ["EX15 3FL"]}, "geometry": {"type": "Polygon", "coordinates": [[[-3.281256141926667, 50.92477848887135], [-3.2808291500520013, 50.924750061147186], [-3.2777544856574243, 50.921168553025744], [-3.277965186767776, 50.92026028060769], [-3.2790666774156203, 50.92019407811057], [-3.2830515507018982, 50.922819934983345], [-3.281256141926667, 50.92477848887135]]]}}, {"type": "Feature", "properties": {"type": "postcode-cell", "postcode": "EX15 3JQ", "postcodes": ["EX15 3JQ"]}, "geometry": {"type": "Polygon", "coordinates": [[[-3.2799373879826104, 50.91328844955913], [-3.2800196643520687, 50.913290848935404], [-3.2806570645947035, 50.91454829541001], [-3.2785383610644425, 50.914734227006974], [-3.2799373879826104, 50.91328844955913]]]}}, {"type": "Feature", "properties": {"type": "postcode-cell", "postcode": "EX15 3JD", "postcodes": ["EX15 3JD"]}, "geometry": {"type": "Polygon", "coordinates": [[[-3.2785383610644425, 50.914734227006974], [-3.2785335484841185, 50.914736390905645], [-3.2779179494715573, 50.914116224533785], [-3.278142367083411, 50.91283767296853], [-3.2799373879826104, 50.91328844955913], [-3.2785383610644425, 50.914734227006974]]]}}, {"type": "Feature", "properties": {"type": "postcode-cell", "postcode": "EX15 3HW", "postcodes": ["EX15 3HW"]}, "geometry": {"type": "Polygon", "coordinates": [[[-3.2820966065538193, 50.927368281863366], [-3.27437072915975, 50.93056190794312], [-3.270902280769532, 50.926509230645806], [-3.2735677177142715, 50.92508742307783], [-3.2808291500520013, 50.924750061147186], [-3.281256141926667, 50.92477848887135], [-3.2827220107336474, 50.926237652818365], [-3.2820966065538193, 50.927368281863366]]]}}, {"type": "Feature", "properties": {"type": "postcode-cell", "postcode": "EX15 3JL", "postcodes": ["EX15 3JL"]}, "geometry": {"type": "Polygon", "coordinates": [[[-3.2792647542099114, 50.91778500159353], [-3.278853024103128, 50.91794261907108], [-3.2787836238025134, 50.917944354391395], [-3.2763498883506963, 50.91632507544329], [-3.2778457700212, 50.91604982193843], [-3.2780700232525297, 50.91607960413299], [-3.2794290610356938, 50.91704948330159], [-3.2794560758612774, 50.91763005655318], [-3.2792647542099114, 50.91778500159353]]]}}, {"type": "Feature", "properties": {"type": "postcode-cell", "postcode": "EX15 3JW", "postcodes": ["EX15 3JW"]}, "geometry": {"type": "Polygon", "coordinates": [[[-3.2797884844524323, 50.9189019277818], [-3.278853024103128, 50.91794261907108], [-3.2792647542099114, 50.91778500159353], [-3.280027254572181, 50.918478755385856], [-3.2797884844524323, 50.9189019277818]]]}}, {"type": "Feature", "properties": {"type": "postcode-cell", "postcode": "EX15 3HQ", "postcodes": ["EX15 3HQ"]}, "geometry": {"type": "Polygon", "coordinates": [[[-3.2797620080998535, 50.919071104046346], [-3.2795415502029246, 50.91912307723473], [-3.2774756546987796, 50.91893828065646], [-3.2787836238025134, 50.917944354391395], [-3.278853024103128, 50.91794261907108], [-3.2797884844524323, 50.9189019277818], [-3.2797620080998535, 50.919071104046346]]]}}, {"type": "Feature", "properties": {"type": "postcode-cell", "postcode": "EX15 3HP", "postcodes": ["EX15 3HP"]}, "geometry": {"type": "Polygon", "coordinates": [[[-3.27437072915975, 50.93056190794312], [-3.2755225812794335, 50.93351024861431], [-3.271090099199351, 50.93649248405033], [-3.2595434999641744, 50.93602983688384], [-3.2647674867101153, 50.926768143443844], [-3.270902280769532, 50.926509230645806], [-3.27437072915975, 50.93056190794312]]]}}, {"type": "Feature", "properties": {"type": "postcode-cell", "postcode": "EX15 3HJ", "postcodes": ["EX15 3HJ"]}, "geometry": {"type": "Polygon", "coordinates": [[[-3.2790666774156203, 50.92019407811057], [-3.277965186767776, 50.92026028060769], [-3.276392843617258, 50.919038810608996], [-3.2774756546987796, 50.91893828065646], [-3.2795415502029246, 50.91912307723473], [-3.2790666774156203, 50.92019407811057]]]}}, {"type": "Feature", "properties": {"type": "postcode-cell", "postcode": "EX15 3JS", "postcodes": ["EX15 3JS"]}, "geometry": {"type": "Polygon", "coordinates": [[[-3.2779179494715573, 50.914116224533785], [-3.2769342298575412, 50.91420526307457], [-3.277917422968127, 50.91270554807642], [-3.278142367083411, 50.91283767296853], [-3.2779179494715573, 50.914116224533785]]]}}, {"type": "Feature", "properties": {"type": "postcode-cell", "postcode": "EX15 3JR", "postcodes": ["EX15 3JR"]}, "geometry": {"type": "Polygon", "coordinates": [[[-3.2785335484841185, 50.914736390905645], [-3.2778457700212, 50.91604982193843], [-3.2763498883506963, 50.91632507544329], [-3.2739244377311025, 50.91652883353727], [-3.2736935949806605, 50.91632363737387], [-3.2769219963448877, 50.91420803143419], [-3.2769342298575412, 50.91420526307457], [-3.2779179494715573, 50.914116224533785], [-3.2785335484841185, 50.914736390905645]]]}}, {"type": "Feature", "properties": {"type": "postcode-cell", "postcode": "EX15 3HR", "postcodes": ["EX15 3HR"]}, "geometry": {"type": "Polygon", "coordinates": [[[-3.281114586111378, 50.93315061589857], [-3.2755225812794335, 50.93351024861431], [-3.27437072915975, 50.93056190794312], [-3.2820966065538193, 50.927368281863366], [-3.281114586111378, 50.93315061589857]]]}}, {"type": "Feature", "properties": {"type": "postcode-cell", "postcode": "EX15 3HF", "postcodes": ["EX15 3HF"]}, "geometry": {"type": "Polygon", "coordinates": [[[-3.2774756546987796, 50.91893828065646], [-3.276392843617258, 50.919038810608996], [-3.2739089705797157, 50.918621731635355], [-3.2739244377311025, 50.91652883353727], [-3.2763498883506963, 50.91632507544329], [-3.2787836238025134, 50.917944354391395], [-3.2774756546987796, 50.91893828065646]]]}}, {"type": "Feature", "properties": {"type": "postcode-cell", "postcode": "EX15 3FY", "postcodes": ["EX15 3FY"]}, "geometry": {"type": "Polygon", "coordinates": [[[-3.2777544856574243, 50.921168553025744], [-3.2726382254511077, 50.92006368502318], [-3.2739089705797157, 50.918621731635355], [-3.276392843617258, 50.919038810608996], [-3.277965186767776, 50.92026028060769], [-3.2777544856574243, 50.921168553025744]]]}}, {"type": "Feature", "properties": {"type": "postcode-cell", "postcode": "EX15 3HG", "postcodes": ["EX15 3HG"]}, "geometry": {"type": "Polygon", "coordinates": [[[-3.2739244377311025, 50.91652883353727], [-3.2739089705797157, 50.918621731635355], [-3.2726382254511077, 50.92006368502318], [-3.272417858783061, 50.92023866006238], [-3.2633826950233864, 50.91962729327271], [-3.2612188969062075, 50.91619556215379], [-3.261205349322632, 50.91612366408835], [-3.2717708611704475, 50.91550833060293], [-3.2731182749918615, 50.91593305545415], [-3.2736935949806605, 50.91632363737387], [-3.2739244377311025, 50.91652883353727]]]}}, {"type": "Feature", "properties": {"type": "postcode-cell", "postcode": "EX15 3JB", "postcodes": ["EX15 3JB"]}, "geometry": {"type": "Polygon", "coordinates": [[[-3.2769219963448877, 50.91420803143419], [-3.276077080483512, 50.91211985191008], [-3.276331431232966, 50.911691156192504], [-3.2763773168694112, 50.91167911175582], [-3.277917422968127, 50.91270554807642], [-3.2769342298575412, 50.91420526307457], [-3.2769219963448877, 50.91420803143419]]]}}, {"type": "Feature", "properties": {"type": "postcode-cell", "postcode": "EX15 2HU", "postcodes": ["EX15 2HU"]}, "geometry": {"type": "Polygon", "coordinates": [[[-3.277500509767228, 50.895733196141684], [-3.2722628184353693, 50.900906825983235], [-3.270702339244069, 50.900771387999924], [-3.2663130470867094, 50.89603677723687], [-3.271979658615398, 50.892368449374864], [-3.275483642903026, 50.89359784180477], [-3.277500509767228, 50.895733196141684]]]}}, {"type": "Feature", "properties": {"type": "postcode-cell", "postcode": "EX15 3JA", "postcodes": ["EX15 3JA"]}, "geometry": {"type": "Polygon", "coordinates": [[[-3.2769219963448877, 50.91420803143419], [-3.2736935949806605, 50.91632363737387], [-3.2731182749918615, 50.91593305545415], [-3.276077080483512, 50.91211985191008], [-3.2769219963448877, 50.91420803143419]]]}}, {"type": "Feature", "properties": {"type": "postcode-cell", "postcode": "EX15 3JX", "postcodes": ["EX15 3JX"]}, "geometry": {"type": "Polygon", "coordinates": [[[-3.2717708611704475, 50.91550833060293], [-3.261205349322632, 50.91612366408835], [-3.2611820105717837, 50.916098803421654], [-3.2614077416973974, 50.91221409465848], [-3.261674211012513, 50.90934567887264], [-3.2677670252054254, 50.90961377335124], [-3.2713563356335045, 50.91348444508032], [-3.2717708611704475, 50.91550833060293]]]}}, {"type": "Feature", "properties": {"type": "postcode-cell", "postcode": "EX15 3JT", "postcodes": ["EX15 3JT"]}, "geometry": {"type": "Polygon", "coordinates": [[[-3.2713563356335045, 50.91348444508032], [-3.2747853082651797, 50.9115172938221], [-3.276331431232966, 50.911691156192504], [-3.276077080483512, 50.91211985191008], [-3.2731182749918615, 50.91593305545415], [-3.2717708611704475, 50.91550833060293], [-3.2713563356335045, 50.91348444508032]]]}}, {"type": "Feature", "properties": {"type": "postcode-cell", "postcode": "EX15 2HS", "postcodes": ["EX15 2HS"]}, "geometry": {"type": "Polygon", "coordinates": [[[-3.278435339861556, 50.88639821501269], [-3.2718219186625084, 50.89200694726796], [-3.2674888731562772, 50.88922687627188], [-3.26887905917811, 50.8854694275737], [-3.274364741165432, 50.88426552832337], [-3.278435339861556, 50.88639821501269]]]}}, {"type": "Feature", "properties": {"type": "postcode-cell", "postcode": "EX15 3HL", "postcodes": ["EX15 3HL"]}, "geometry": {"type": "Polygon", "coordinates": [[[-3.2777544856574243, 50.921168553025744], [-3.2808291500520013, 50.924750061147186], [-3.2735677177142715, 50.92508742307783], [-3.272417858783061, 50.92023866006238], [-3.2726382254511077, 50.92006368502318], [-3.2777544856574243, 50.921168553025744]]]}}, {"type": "Feature", "properties": {"type": "postcode-cell", "postcode": "EX15 3JY", "postcodes": ["EX15 3JY"]}, "geometry": {"type": "Polygon", "coordinates": [[[-3.2781600163457956, 50.9050495729163], [-3.269086178317418, 50.90939765745465], [-3.2677670252054254, 50.90961377335124], [-3.261674211012513, 50.90934567887264], [-3.2606295844357485, 50.9083507255619], [-3.2604170929447616, 50.9056514693513], [-3.260982272523147, 50.904634511761955], [-3.270702339244069, 50.900771387999924], [-3.2722628184353693, 50.900906825983235], [-3.278220631218638, 50.90425539004539], [-3.2781600163457956, 50.9050495729163]]]}}, {"type": "Feature", "properties": {"type": "postcode-cell", "postcode": "EX15 2HT", "postcodes": ["EX15 2HT"]}, "geometry": {"type": "Polygon", "coordinates": [[[-3.2663130470867094, 50.89603677723687], [-3.2612387895305432, 50.89480253320921], [-3.260933712333852, 50.891199474183885], [-3.2674888731562772, 50.88922687627188], [-3.2718219186625084, 50.89200694726796], [-3.271979658615398, 50.892368449374864], [-3.2663130470867094, 50.89603677723687]]]}}, {"type": "Feature", "properties": {"type": "postcode-cell", "postcode": "EX15 3JU", "postcodes": ["EX15 3JU"]}, "geometry": {"type": "Polygon", "coordinates": [[[-3.2747853082651797, 50.9115172938221], [-3.2713563356335045, 50.91348444508032], [-3.2677670252054254, 50.90961377335124], [-3.269086178317418, 50.90939765745465], [-3.2747853082651797, 50.9115172938221]]]}}, {"type": "Feature", "properties": {"type": "postcode-cell", "postcode": "EX15 3HN", "postcodes": ["EX15 3HN"]}, "geometry": {"type": "Polygon", "coordinates": [[[-3.270902280769532, 50.926509230645806], [-3.2647674867101153, 50.926768143443844], [-3.262329157732921, 50.924705931513515], [-3.2633826950233864, 50.91962729327271], [-3.272417858783061, 50.92023866006238], [-3.2735677177142715, 50.92508742307783], [-3.270902280769532, 50.926509230645806]]]}}, {"type": "Feature", "properties": {"type": "postcode-cell", "postcode": "EX15 3UL", "postcodes": ["EX15 3UL"]}, "geometry": {"type": "Polygon", "coordinates": [[[-3.2647674867101153, 50.926768143443844], [-3.2595434999641744, 50.93602983688384], [-3.2573515417402064, 50.93680710704996], [-3.253431042360409, 50.930951003697146], [-3.252000545212832, 50.92628251964518], [-3.2537659441119984, 50.92449332366555], [-3.262329157732921, 50.924705931513515], [-3.2647674867101153, 50.926768143443844]]]}}, {"type": "Feature", "properties": {"type": "postcode-cell", "postcode": "EX15 2HR", "postcodes": ["EX15 2HR"]}, "geometry": {"type": "Polygon", "coordinates": [[[-3.26537421587237, 50.88431031273981], [-3.262620205416462, 50.88094846786908], [-3.276021645475969, 50.87432580362318], [-3.274364741165432, 50.88426552832337], [-3.26887905917811, 50.8854694275737], [-3.26537421587237, 50.88431031273981]]]}}, {"type": "Feature", "properties": {"type": "postcode-cell", "postcode": "EX15 2JB", "postcodes": ["EX15 2JB"]}, "geometry": {"type": "Polygon", "coordinates": [[[-3.26887905917811, 50.8854694275737], [-3.2674888731562772, 50.88922687627188], [-3.260933712333852, 50.891199474183885], [-3.258351038963994, 50.88961210494048], [-3.2577453996829604, 50.88737097043482], [-3.26537421587237, 50.88431031273981], [-3.26887905917811, 50.8854694275737]]]}}, {"type": "Feature", "properties": {"type": "postcode-cell", "postcode": "EX15 2HX", "postcodes": ["EX15 2HX"]}, "geometry": {"type": "Polygon", "coordinates": [[[-3.2663130470867094, 50.89603677723687], [-3.270702339244069, 50.900771387999924], [-3.260982272523147, 50.904634511761955], [-3.2554595642482433, 50.89764475088706], [-3.2612387895305432, 50.89480253320921], [-3.2663130470867094, 50.89603677723687]]]}}, {"type": "Feature", "properties": {"type": "postcode-cell", "postcode": "EX15 3UJ", "postcodes": ["EX15 3UJ"]}, "geometry": {"type": "Polygon", "coordinates": [[[-3.2633826950233864, 50.91962729327271], [-3.262329157732921, 50.924705931513515], [-3.2537659441119984, 50.92449332366555], [-3.2519062136883123, 50.922395951269735], [-3.2612188969062075, 50.91619556215379], [-3.2633826950233864, 50.91962729327271]]]}}, {"type": "Feature", "properties": {"type": "postcode-cell", "postcode": "EX15 3UY", "postcodes": ["EX15 3UY"]}, "geometry": {"type": "Polygon", "coordinates": [[[-3.2267243554746083, 50.93582795865257], [-3.230783576705755, 50.93399705441152], [-3.23796942731069, 50.93489042497754], [-3.2403446982844004, 50.94290145327769], [-3.2402599894603266, 50.94289999492104], [-3.2325099894548748, 50.94414999492212], [-3.2280699894522566, 50.94381999492192], [-3.2262999894510678, 50.94398999492205], [-3.225109748340827, 50.94388373254695], [-3.2267243554746083, 50.93582795865257]]]}}, {"type": "Feature", "properties": {"type": "postcode-cell", "postcode": "EX15 3RW", "postcodes": ["EX15 3RW"]}, "geometry": {"type": "Polygon", "coordinates": [[[-3.2614077416973974, 50.91221409465848], [-3.2484989965170405, 50.91336605683718], [-3.2503800344620513, 50.910020187942926], [-3.2606295844357485, 50.9083507255619], [-3.261674211012513, 50.90934567887264], [-3.2614077416973974, 50.91221409465848]]]}}, {"type": "Feature", "properties": {"type": "postcode-cell", "postcode": "EX15 2JD", "postcodes": ["EX15 2JD"]}, "geometry": {"type": "Polygon", "coordinates": [[[-3.2577453996829604, 50.88737097043482], [-3.2519185766009686, 50.88364992228588], [-3.2527799894978555, 50.88118999487192], [-3.253529989498695, 50.88041999487132], [-3.2529499894986365, 50.87978999487082], [-3.2531999894991355, 50.87907999487025], [-3.2532948440506764, 50.87903357743668], [-3.262620205416462, 50.88094846786908], [-3.26537421587237, 50.88431031273981], [-3.2577453996829604, 50.88737097043482]]]}}, {"type": "Feature", "properties": {"type": "postcode-cell", "postcode": "EX15 3UH", "postcodes": ["EX15 3UH"]}, "geometry": {"type": "Polygon", "coordinates": [[[-3.261205349322632, 50.91612366408835], [-3.2612188969062075, 50.91619556215379], [-3.2519062136883123, 50.922395951269735], [-3.2505898754742404, 50.92179611831164], [-3.2506135314979567, 50.918215564145946], [-3.2586856760457494, 50.916091119936006], [-3.2611820105717837, 50.916098803421654], [-3.261205349322632, 50.91612366408835]]]}}, {"type": "Feature", "properties": {"type": "postcode-cell", "postcode": "EX15 3RP", "postcodes": ["EX15 3RP"]}, "geometry": {"type": "Polygon", "coordinates": [[[-3.2611820105717837, 50.916098803421654], [-3.2586856760457494, 50.916091119936006], [-3.2483875009893506, 50.913545420586324], [-3.2484989965170405, 50.91336605683718], [-3.2614077416973974, 50.91221409465848], [-3.2611820105717837, 50.916098803421654]]]}}, {"type": "Feature", "properties": {"type": "postcode-cell", "postcode": "EX15 2HY", "postcodes": ["EX15 2HY"]}, "geometry": {"type": "Polygon", "coordinates": [[[-3.2612387895305432, 50.89480253320921], [-3.2554595642482433, 50.89764475088706], [-3.2457974963608556, 50.896630291637955], [-3.245772842522239, 50.89661573909367], [-3.2454691283951846, 50.896287836373695], [-3.245689952448566, 50.89279249369103], [-3.258351038963994, 50.88961210494048], [-3.260933712333852, 50.891199474183885], [-3.2612387895305432, 50.89480253320921]]]}}, {"type": "Feature", "properties": {"type": "postcode-cell", "postcode": "EX15 2JA", "postcodes": ["EX15 2JA"]}, "geometry": {"type": "Polygon", "coordinates": [[[-3.2577453996829604, 50.88737097043482], [-3.258351038963994, 50.88961210494048], [-3.245689952448566, 50.89279249369103], [-3.243284819239718, 50.8884156899966], [-3.244219989489534, 50.88736999487693], [-3.245869989490637, 50.887219994876794], [-3.247169989491289, 50.88754999487704], [-3.24915998949309, 50.88638999487608], [-3.2518099894959147, 50.88395999487414], [-3.2519185766009686, 50.88364992228588], [-3.2577453996829604, 50.88737097043482]]]}}, {"type": "Feature", "properties": {"type": "postcode-cell", "postcode": "EX15 3UW", "postcodes": ["EX15 3UW"]}, "geometry": {"type": "Polygon", "coordinates": [[[-3.2573515417402064, 50.93680710704996], [-3.256698188423273, 50.9372801092826], [-3.245157891456902, 50.933976730520484], [-3.244451952841109, 50.929708404192326], [-3.2475497175554584, 50.92941349346656], [-3.253431042360409, 50.930951003697146], [-3.2573515417402064, 50.93680710704996]]]}}, {"type": "Feature", "properties": {"type": "postcode-cell", "postcode": "EX15 3UQ", "postcodes": ["EX15 3UQ"]}, "geometry": {"type": "Polygon", "coordinates": [[[-3.2505898754742404, 50.92179611831164], [-3.2428817697259764, 50.921787992734146], [-3.240883278074116, 50.91664948916681], [-3.2409533513165614, 50.91658106737224], [-3.242342512510165, 50.915480713057896], [-3.2451826130785615, 50.91513713297513], [-3.2506135314979567, 50.918215564145946], [-3.2505898754742404, 50.92179611831164]]]}}, {"type": "Feature", "properties": {"type": "postcode-cell", "postcode": "EX15 3NB", "postcodes": ["EX15 3NB"]}, "geometry": {"type": "Polygon", "coordinates": [[[-3.2554595642482433, 50.89764475088706], [-3.260982272523147, 50.904634511761955], [-3.2604170929447616, 50.9056514693513], [-3.246682858282689, 50.9036269325073], [-3.2457974963608556, 50.896630291637955], [-3.2554595642482433, 50.89764475088706]]]}}, {"type": "Feature", "properties": {"type": "postcode-cell", "postcode": "EX15 3RR", "postcodes": ["EX15 3RR"]}, "geometry": {"type": "Polygon", "coordinates": [[[-3.2606295844357485, 50.9083507255619], [-3.2503800344620513, 50.910020187942926], [-3.246178363286624, 50.907655012803446], [-3.2459304407066796, 50.90448680280439], [-3.246682858282689, 50.9036269325073], [-3.2604170929447616, 50.9056514693513], [-3.2606295844357485, 50.9083507255619]]]}}, {"type": "Feature", "properties": {"type": "postcode-cell", "postcode": "EX15 3UT", "postcodes": ["EX15 3UT"]}, "geometry": {"type": "Polygon", "coordinates": [[[-3.2519062136883123, 50.922395951269735], [-3.2537659441119984, 50.92449332366555], [-3.252000545212832, 50.92628251964518], [-3.2500585875678896, 50.92649781223199], [-3.241486925071188, 50.92643225019758], [-3.240063962657544, 50.925861470645096], [-3.2399318046867065, 50.925262520148614], [-3.2428817697259764, 50.921787992734146], [-3.2505898754742404, 50.92179611831164], [-3.2519062136883123, 50.922395951269735]]]}}, {"type": "Feature", "properties": {"type": "postcode-cell", "postcode": "EX15 3RN", "postcodes": ["EX15 3RN"]}, "geometry": {"type": "Polygon", "coordinates": [[[-3.2586856760457494, 50.916091119936006], [-3.2506135314979567, 50.918215564145946], [-3.2451826130785615, 50.91513713297513], [-3.2483875009893506, 50.913545420586324], [-3.2586856760457494, 50.916091119936006]]]}}, {"type": "Feature", "properties": {"type": "postcode-cell", "postcode": "EX15 3QX", "postcodes": ["EX15 3QX"]}, "geometry": {"type": "Polygon", "coordinates": [[[-3.2180207476631613, 50.88870803518716], [-3.203706590321756, 50.88718917106204], [-3.2070780478456036, 50.87711654851109], [-3.207229989471473, 50.877079994869284], [-3.2086499894722693, 50.87725999486941], [-3.20863998947214, 50.87750999486961], [-3.2110799894731104, 50.87863999487046], [-3.2119799894731775, 50.87965999487125], [-3.2127799894735825, 50.8798499948714], [-3.2140899894739436, 50.880789994872124], [-3.21529998947383, 50.88257999487351], [-3.2160699894741884, 50.8828299948737], [-3.218079989474515, 50.884739994875176], [-3.218209989473809, 50.886369994876475], [-3.215629989471985, 50.88681999487685], [-3.2158199894717323, 50.88758999487748], [-3.218299989473272, 50.887599994877434], [-3.2186899894732464, 50.888149994877885], [-3.2184199854379782, 50.8886771538467], [-3.2180207476631613, 50.88870803518716]]]}}, {"type": "Feature", "properties": {"type": "postcode-cell", "postcode": "EX15 3RL", "postcodes": ["EX15 3RL"]}, "geometry": {"type": "Polygon", "coordinates": [[[-3.2483875009893506, 50.913545420586324], [-3.2451826130785615, 50.91513713297513], [-3.242342512510165, 50.915480713057896], [-3.2410370005254467, 50.91321081768291], [-3.2397979423046332, 50.91020932786255], [-3.246178363286624, 50.907655012803446], [-3.2503800344620513, 50.910020187942926], [-3.2484989965170405, 50.91336605683718], [-3.2483875009893506, 50.913545420586324]]]}}, {"type": "Feature", "properties": {"type": "postcode-cell", "postcode": "EX15 3RU", "postcodes": ["EX15 3RU"]}, "geometry": {"type": "Polygon", "coordinates": [[[-3.246682858282689, 50.9036269325073], [-3.2459304407066796, 50.90448680280439], [-3.2368626269249394, 50.9051523172178], [-3.236157149133706, 50.90259718600126], [-3.245772842522239, 50.89661573909367], [-3.2457974963608556, 50.896630291637955], [-3.246682858282689, 50.9036269325073]]]}}, {"type": "Feature", "properties": {"type": "postcode-cell", "postcode": "EX15 3RS", "postcodes": ["EX15 3RS"]}, "geometry": {"type": "Polygon", "coordinates": [[[-3.246178363286624, 50.907655012803446], [-3.2397979423046332, 50.91020932786255], [-3.237071602274018, 50.909142275448836], [-3.2348695276246713, 50.9073445660838], [-3.2368626269249394, 50.9051523172178], [-3.2459304407066796, 50.90448680280439], [-3.246178363286624, 50.907655012803446]]]}}, {"type": "Feature", "properties": {"type": "postcode-cell", "postcode": "EX15 3UN", "postcodes": ["EX15 3UN"]}, "geometry": {"type": "Polygon", "coordinates": [[[-3.253431042360409, 50.930951003697146], [-3.2475497175554584, 50.92941349346656], [-3.2500585875678896, 50.92649781223199], [-3.252000545212832, 50.92628251964518], [-3.253431042360409, 50.930951003697146]]]}}, {"type": "Feature", "properties": {"type": "postcode-cell", "postcode": "EX15 3UX", "postcodes": ["EX15 3UX"]}, "geometry": {"type": "Polygon", "coordinates": [[[-3.2548776665753167, 50.94189877388496], [-3.2548299894699557, 50.941849994920034], [-3.244329989462839, 50.94296999492106], [-3.2403446982844004, 50.94290145327769], [-3.23796942731069, 50.93489042497754], [-3.2396736828405603, 50.934402203669094], [-3.245157891456902, 50.933976730520484], [-3.256698188423273, 50.9372801092826], [-3.2548776665753167, 50.94189877388496]]]}}, {"type": "Feature", "properties": {"type": "postcode-cell", "postcode": "EX15 3UP", "postcodes": ["EX15 3UP"]}, "geometry": {"type": "Polygon", "coordinates": [[[-3.245157891456902, 50.933976730520484], [-3.2396736828405603, 50.934402203669094], [-3.2392143759815406, 50.92648156553882], [-3.240063962657544, 50.925861470645096], [-3.241486925071188, 50.92643225019758], [-3.244451952841109, 50.929708404192326], [-3.245157891456902, 50.933976730520484]]]}}, {"type": "Feature", "properties": {"type": "postcode-cell", "postcode": "EX15 3UR", "postcodes": ["EX15 3UR"]}, "geometry": {"type": "Polygon", "coordinates": [[[-3.241486925071188, 50.92643225019758], [-3.2500585875678896, 50.92649781223199], [-3.2475497175554584, 50.92941349346656], [-3.244451952841109, 50.929708404192326], [-3.241486925071188, 50.92643225019758]]]}}, {"type": "Feature", "properties": {"type": "postcode-cell", "postcode": "EX15 3UG", "postcodes": ["EX15 3UG"]}, "geometry": {"type": "Polygon", "coordinates": [[[-3.2428817697259764, 50.921787992734146], [-3.2399318046867065, 50.925262520148614], [-3.234555985753474, 50.923325985125324], [-3.2343403009758718, 50.91801544573246], [-3.240374667248259, 50.91671311590396], [-3.240883278074116, 50.91664948916681], [-3.2428817697259764, 50.921787992734146]]]}}, {"type": "Feature", "properties": {"type": "postcode-cell", "postcode": "EX15 3UE", "postcodes": ["EX15 3UE"]}, "geometry": {"type": "Polygon", "coordinates": [[[-3.240063962657544, 50.925861470645096], [-3.2392143759815406, 50.92648156553882], [-3.2328309929835726, 50.92924068313949], [-3.2291979859727578, 50.92641889535149], [-3.230423629499022, 50.92336010184511], [-3.234555985753474, 50.923325985125324], [-3.2399318046867065, 50.925262520148614], [-3.240063962657544, 50.925861470645096]]]}}, {"type": "Feature", "properties": {"type": "postcode-cell", "postcode": "EX15 3UZ", "postcodes": ["EX15 3UZ"]}, "geometry": {"type": "Polygon", "coordinates": [[[-3.1992903776594224, 50.94336077435107], [-3.199956484942934, 50.941370939777876], [-3.2093207187821826, 50.937644411217754], [-3.2186605088311704, 50.94330773742274], [-3.2183499894464433, 50.94327999492159], [-3.2004267797026738, 50.9466395261575], [-3.1992903776594224, 50.94336077435107]]]}}, {"type": "Feature", "properties": {"type": "postcode-cell", "postcode": "EX15 3US", "postcodes": ["EX15 3US"]}, "geometry": {"type": "Polygon", "coordinates": [[[-3.242342512510165, 50.915480713057896], [-3.2409533513165614, 50.91658106737224], [-3.2351196541877396, 50.91345808417886], [-3.2350432361513626, 50.91298446148639], [-3.2352707963954286, 50.912710424741185], [-3.2410370005254467, 50.91321081768291], [-3.242342512510165, 50.915480713057896]]]}}, {"type": "Feature", "properties": {"type": "postcode-cell", "postcode": "EX15 3RT", "postcodes": ["EX15 3RT"]}, "geometry": {"type": "Polygon", "coordinates": [[[-3.2348695276246713, 50.9073445660838], [-3.2320549336656827, 50.90739168232962], [-3.2243365526561476, 50.900548326685254], [-3.2245869234137894, 50.900156940542665], [-3.226603072873777, 50.899032316345874], [-3.236157149133706, 50.90259718600126], [-3.2368626269249394, 50.9051523172178], [-3.2348695276246713, 50.9073445660838]]]}}, {"type": "Feature", "properties": {"type": "postcode-cell", "postcode": "EX15 3FP", "postcodes": ["EX15 3FP"]}, "geometry": {"type": "Polygon", "coordinates": [[[-3.2410370005254467, 50.91321081768291], [-3.2352707963954286, 50.912710424741185], [-3.2350195606420535, 50.91239330407579], [-3.2359841700416223, 50.91011506737716], [-3.237071602274018, 50.909142275448836], [-3.2397979423046332, 50.91020932786255], [-3.2410370005254467, 50.91321081768291]]]}}, {"type": "Feature", "properties": {"type": "postcode-cell", "postcode": "EX15 2HZ", "postcodes": ["EX15 2HZ"]}, "geometry": {"type": "Polygon", "coordinates": [[[-3.2454691283951846, 50.896287836373695], [-3.2290406777928276, 50.89598555517829], [-3.228326778726871, 50.89417617684064], [-3.228639989476601, 50.894039994882405], [-3.2303699894775257, 50.894359994882635], [-3.2314399894778747, 50.89501999488316], [-3.2330399894788577, 50.89504999488314], [-3.234029989479832, 50.894309994882555], [-3.234839989481017, 50.89289999488144], [-3.238799989484707, 50.89036999487937], [-3.2436499894881727, 50.88945999487859], [-3.2431199894882554, 50.88859999487791], [-3.243284819239718, 50.8884156899966], [-3.245689952448566, 50.89279249369103], [-3.2454691283951846, 50.896287836373695]]]}}, {"type": "Feature", "properties": {"type": "postcode-cell", "postcode": "EX15 3RJ", "postcodes": ["EX15 3RJ"]}, "geometry": {"type": "Polygon", "coordinates": [[[-3.240374667248259, 50.91671311590396], [-3.236206098308979, 50.91514224592196], [-3.2344585809472264, 50.91427902008118], [-3.2341432319958625, 50.91382079406976], [-3.234443404292023, 50.91346530322793], [-3.2351196541877396, 50.91345808417886], [-3.2409533513165614, 50.91658106737224], [-3.240883278074116, 50.91664948916681], [-3.240374667248259, 50.91671311590396]]]}}, {"type": "Feature", "properties": {"type": "postcode-cell", "postcode": "EX15 3UU", "postcodes": ["EX15 3UU"]}, "geometry": {"type": "Polygon", "coordinates": [[[-3.23796942731069, 50.93489042497754], [-3.230783576705755, 50.93399705441152], [-3.231267386887822, 50.931607950433154], [-3.2328309929835726, 50.92924068313949], [-3.2392143759815406, 50.92648156553882], [-3.2396736828405603, 50.934402203669094], [-3.23796942731069, 50.93489042497754]]]}}, {"type": "Feature", "properties": {"type": "postcode-cell", "postcode": "EX15 3QT", "postcodes": ["EX15 3QT"]}, "geometry": {"type": "Polygon", "coordinates": [[[-3.2290406777928276, 50.89598555517829], [-3.226603072873777, 50.899032316345874], [-3.2245869234137894, 50.900156940542665], [-3.215531676632913, 50.89620752085597], [-3.2190826607842604, 50.89311693176035], [-3.220549989471898, 50.89333999488196], [-3.2219099894724317, 50.89398999488246], [-3.2259599894746382, 50.89464999488292], [-3.227029989475261, 50.89473999488298], [-3.228326778726871, 50.89417617684064], [-3.2290406777928276, 50.89598555517829]]]}}, {"type": "Feature", "properties": {"type": "postcode-cell", "postcode": "EX15 3RX", "postcodes": ["EX15 3RX"]}, "geometry": {"type": "Polygon", "coordinates": [[[-3.245772842522239, 50.89661573909367], [-3.236157149133706, 50.90259718600126], [-3.226603072873777, 50.899032316345874], [-3.2290406777928276, 50.89598555517829], [-3.2454691283951846, 50.896287836373695], [-3.245772842522239, 50.89661573909367]]]}}, {"type": "Feature", "properties": {"type": "postcode-cell", "postcode": "EX15 3RD", "postcodes": ["EX15 3RD"]}, "geometry": {"type": "Polygon", "coordinates": [[[-3.2337923226102965, 50.91260717501162], [-3.2332119313427587, 50.911816684017104], [-3.2359841700416223, 50.91011506737716], [-3.2350195606420535, 50.91239330407579], [-3.2337923226102965, 50.91260717501162]]]}}, {"type": "Feature", "properties": {"type": "postcode-cell", "postcode": "EX15 3RE", "postcodes": ["EX15 3RE"]}, "geometry": {"type": "Polygon", "coordinates": [[[-3.2350195606420535, 50.91239330407579], [-3.2352707963954286, 50.912710424741185], [-3.2350432361513626, 50.91298446148639], [-3.23391737952012, 50.91287622564115], [-3.2337798633894757, 50.91268178260314], [-3.2337923226102965, 50.91260717501162], [-3.2350195606420535, 50.91239330407579]]]}}, {"type": "Feature", "properties": {"type": "postcode-cell", "postcode": "EX15 3RQ", "postcodes": ["EX15 3RQ"]}, "geometry": {"type": "Polygon", "coordinates": [[[-3.2359841700416223, 50.91011506737716], [-3.2332119313427587, 50.911816684017104], [-3.2321643927379275, 50.91188782511009], [-3.2313257817396086, 50.91088555109451], [-3.2314036693671917, 50.907733940993765], [-3.2320549336656827, 50.90739168232962], [-3.2348695276246713, 50.9073445660838], [-3.237071602274018, 50.909142275448836], [-3.2359841700416223, 50.91011506737716]]]}}, {"type": "Feature", "properties": {"type": "postcode-cell", "postcode": "EX15 3GD", "postcodes": ["EX15 3GD"]}, "geometry": {"type": "Polygon", "coordinates": [[[-3.2343403009758718, 50.91801544573246], [-3.232428960108297, 50.91783482557874], [-3.231440993813332, 50.915466620755055], [-3.231516321487042, 50.914990427560966], [-3.2315730252517456, 50.914926468190586], [-3.2330170873301056, 50.91455046175393], [-3.236206098308979, 50.91514224592196], [-3.240374667248259, 50.91671311590396], [-3.2343403009758718, 50.91801544573246]]]}}, {"type": "Feature", "properties": {"type": "postcode-cell", "postcode": "EX15 3ST", "postcodes": ["EX15 3ST"]}, "geometry": {"type": "Polygon", "coordinates": [[[-3.2267243554746083, 50.93582795865257], [-3.220274208566038, 50.933008902277614], [-3.2211265292187785, 50.928117389829126], [-3.2236176873477693, 50.927426641793524], [-3.231267386887822, 50.931607950433154], [-3.230783576705755, 50.93399705441152], [-3.2267243554746083, 50.93582795865257]]]}}, {"type": "Feature", "properties": {"type": "postcode-cell", "postcode": "EX15 3GF", "postcodes": ["EX15 3GF"]}, "geometry": {"type": "Polygon", "coordinates": [[[-3.2344585809472264, 50.91427902008118], [-3.2334756327427194, 50.91421654587785], [-3.2333683594565685, 50.91374556505902], [-3.2341432319958625, 50.91382079406976], [-3.2344585809472264, 50.91427902008118]]]}}, {"type": "Feature", "properties": {"type": "postcode-cell", "postcode": "EX15 3RB", "postcodes": ["EX15 3RB"]}, "geometry": {"type": "Polygon", "coordinates": [[[-3.2351196541877396, 50.91345808417886], [-3.234443404292023, 50.91346530322793], [-3.2339251862903673, 50.91318007311127], [-3.23391737952012, 50.91287622564115], [-3.2350432361513626, 50.91298446148639], [-3.2351196541877396, 50.91345808417886]]]}}, {"type": "Feature", "properties": {"type": "postcode-cell", "postcode": "EX15 3GG", "postcodes": ["EX15 3GG"]}, "geometry": {"type": "Polygon", "coordinates": [[[-3.2341432319958625, 50.91382079406976], [-3.2333683594565685, 50.91374556505902], [-3.2331782179780957, 50.91361001037503], [-3.2339251862903673, 50.91318007311127], [-3.234443404292023, 50.91346530322793], [-3.2341432319958625, 50.91382079406976]]]}}, {"type": "Feature", "properties": {"type": "postcode-cell", "postcode": "EX15 3GB", "postcodes": ["EX15 3GB"]}, "geometry": {"type": "Polygon", "coordinates": [[[-3.2333683594565685, 50.91374556505902], [-3.2334756327427194, 50.91421654587785], [-3.2330170873301056, 50.91455046175393], [-3.2315730252517456, 50.914926468190586], [-3.2319479076344533, 50.91348157548191], [-3.2331782179780957, 50.91361001037503], [-3.2333683594565685, 50.91374556505902]]]}}, {"type": "Feature", "properties": {"type": "postcode-cell", "postcode": "EX15 3PA", "postcodes": ["EX15 3PA"]}, "geometry": {"type": "Polygon", "coordinates": [[[-3.2339251862903673, 50.91318007311127], [-3.2331782179780957, 50.91361001037503], [-3.2319479076344533, 50.91348157548191], [-3.231820946401883, 50.91328268610375], [-3.2337798633894757, 50.91268178260314], [-3.23391737952012, 50.91287622564115], [-3.2339251862903673, 50.91318007311127]]]}}, {"type": "Feature", "properties": {"type": "postcode-cell", "postcode": "EX15 3RY", "postcodes": ["EX15 3RY"]}, "geometry": {"type": "Polygon", "coordinates": [[[-3.2337798633894757, 50.91268178260314], [-3.231820946401883, 50.91328268610375], [-3.2311500452054798, 50.91276136316451], [-3.2321643927379275, 50.91188782511009], [-3.2332119313427587, 50.911816684017104], [-3.2337923226102965, 50.91260717501162], [-3.2337798633894757, 50.91268178260314]]]}}, {"type": "Feature", "properties": {"type": "postcode-cell", "postcode": "EX15 3GE", "postcodes": ["EX15 3GE"]}, "geometry": {"type": "Polygon", "coordinates": [[[-3.236206098308979, 50.91514224592196], [-3.2330170873301056, 50.91455046175393], [-3.2334756327427194, 50.91421654587785], [-3.2344585809472264, 50.91427902008118], [-3.236206098308979, 50.91514224592196]]]}}, {"type": "Feature", "properties": {"type": "postcode-cell", "postcode": "EX15 3UD", "postcodes": ["EX15 3UD"]}, "geometry": {"type": "Polygon", "coordinates": [[[-3.234555985753474, 50.923325985125324], [-3.230423629499022, 50.92336010184511], [-3.2291567441105786, 50.92272070024778], [-3.2305513313369065, 50.91826418724521], [-3.232428960108297, 50.91783482557874], [-3.2343403009758718, 50.91801544573246], [-3.234555985753474, 50.923325985125324]]]}}, {"type": "Feature", "properties": {"type": "postcode-cell", "postcode": "EX15 3RZ", "postcodes": ["EX15 3RZ"]}, "geometry": {"type": "Polygon", "coordinates": [[[-3.231516321487042, 50.914990427560966], [-3.230853322518399, 50.91463671530136], [-3.2298759879326204, 50.913788565266394], [-3.2310152296596826, 50.91275639953417], [-3.2311500452054798, 50.91276136316451], [-3.231820946401883, 50.91328268610375], [-3.2319479076344533, 50.91348157548191], [-3.2315730252517456, 50.914926468190586], [-3.231516321487042, 50.914990427560966]]]}}, {"type": "Feature", "properties": {"type": "postcode-cell", "postcode": "EX15 3RA", "postcodes": ["EX15 3RA"]}, "geometry": {"type": "Polygon", "coordinates": [[[-3.2321643927379275, 50.91188782511009], [-3.2311500452054798, 50.91276136316451], [-3.2310152296596826, 50.91275639953417], [-3.2310108658965007, 50.91275513479443], [-3.2303332021465154, 50.91226111044035], [-3.230052319184653, 50.911942928276815], [-3.2301582738935233, 50.911469044725344], [-3.2313257817396086, 50.91088555109451], [-3.2321643927379275, 50.91188782511009]]]}}, {"type": "Feature", "properties": {"type": "postcode-cell", "postcode": "EX15 3QN", "postcodes": ["EX15 3QN"]}, "geometry": {"type": "Polygon", "coordinates": [[[-3.2294414175063335, 50.91038375755935], [-3.227829520701115, 50.91094931238796], [-3.2270372816195247, 50.91047664587433], [-3.2272897202355115, 50.90845773661894], [-3.2313986792136205, 50.907735452856876], [-3.2294414175063335, 50.91038375755935]]]}}, {"type": "Feature", "properties": {"type": "postcode-cell", "postcode": "EX15 3AU", "postcodes": ["EX15 3AU"]}, "geometry": {"type": "Polygon", "coordinates": [[[-3.2313986792136205, 50.907735452856876], [-3.2314036693671917, 50.907733940993765], [-3.2313257817396086, 50.91088555109451], [-3.2301582738935233, 50.911469044725344], [-3.2293044549951624, 50.91110340375597], [-3.2294414175063335, 50.91038375755935], [-3.2313986792136205, 50.907735452856876]]]}}, {"type": "Feature", "properties": {"type": "postcode-cell", "postcode": "EX15 3SB", "postcodes": ["EX15 3SB"]}, "geometry": {"type": "Polygon", "coordinates": [[[-3.231516321487042, 50.914990427560966], [-3.231440993813332, 50.915466620755055], [-3.228432388648845, 50.91496415918025], [-3.2282102676863738, 50.91482126438262], [-3.2281676460879414, 50.91476035489889], [-3.2285469161773364, 50.91424619539932], [-3.230853322518399, 50.91463671530136], [-3.231516321487042, 50.914990427560966]]]}}, {"type": "Feature", "properties": {"type": "postcode-cell", "postcode": "EX15 3SG", "postcodes": ["EX15 3SG"]}, "geometry": {"type": "Polygon", "coordinates": [[[-3.2303794815682636, 50.91824035870983], [-3.228686561212386, 50.91753181938295], [-3.228432388648845, 50.91496415918025], [-3.231440993813332, 50.915466620755055], [-3.232428960108297, 50.91783482557874], [-3.2305513313369065, 50.91826418724521], [-3.2303794815682636, 50.91824035870983]]]}}, {"type": "Feature", "properties": {"type": "postcode-cell", "postcode": "EX15 3SW", "postcodes": ["EX15 3SW"]}, "geometry": {"type": "Polygon", "coordinates": [[[-3.2305513313369065, 50.91826418724521], [-3.2291567441105786, 50.92272070024778], [-3.2284875519187235, 50.92269027397728], [-3.2265144215803483, 50.919854369840955], [-3.2295141770589817, 50.91852394778163], [-3.2303794815682636, 50.91824035870983], [-3.2305513313369065, 50.91826418724521]]]}}, {"type": "Feature", "properties": {"type": "postcode-cell", "postcode": "EX15 3UF", "postcodes": ["EX15 3UF"]}, "geometry": {"type": "Polygon", "coordinates": [[[-3.231267386887822, 50.931607950433154], [-3.2236176873477693, 50.927426641793524], [-3.2244969706181594, 50.926809385688614], [-3.2291979859727578, 50.92641889535149], [-3.2328309929835726, 50.92924068313949], [-3.231267386887822, 50.931607950433154]]]}}, {"type": "Feature", "properties": {"type": "postcode-cell", "postcode": "EX15 3SA", "postcodes": ["EX15 3SA"]}, "geometry": {"type": "Polygon", "coordinates": [[[-3.2298759879326204, 50.913788565266394], [-3.2287403462711626, 50.91385994952834], [-3.228867472674367, 50.91355327949628], [-3.2299088791104515, 50.91287164108338], [-3.2310108658965007, 50.91275513479443], [-3.2310152296596826, 50.91275639953417], [-3.2298759879326204, 50.913788565266394]]]}}, {"type": "Feature", "properties": {"type": "postcode-cell", "postcode": "EX15 3SD", "postcodes": ["EX15 3SD"]}, "geometry": {"type": "Polygon", "coordinates": [[[-3.230853322518399, 50.91463671530136], [-3.2285469161773364, 50.91424619539932], [-3.228634923412911, 50.91391169440079], [-3.2287403462711626, 50.91385994952834], [-3.2298759879326204, 50.913788565266394], [-3.230853322518399, 50.91463671530136]]]}}, {"type": "Feature", "properties": {"type": "postcode-cell", "postcode": "EX15 3QR", "postcodes": ["EX15 3QR"]}, "geometry": {"type": "Polygon", "coordinates": [[[-3.2293044549951624, 50.91110340375597], [-3.228685394918577, 50.91142176039332], [-3.2279760892937066, 50.91119677462537], [-3.227829520701115, 50.91094931238796], [-3.2294414175063335, 50.91038375755935], [-3.2293044549951624, 50.91110340375597]]]}}, {"type": "Feature", "properties": {"type": "postcode-cell", "postcode": "EX15 3QS", "postcodes": ["EX15 3QS"]}, "geometry": {"type": "Polygon", "coordinates": [[[-3.2313986792136205, 50.907735452856876], [-3.2272897202355115, 50.90845773661894], [-3.225390678805907, 50.90832777061573], [-3.218535522502734, 50.907406410762945], [-3.2178220911304316, 50.90474720778521], [-3.2243365526561476, 50.900548326685254], [-3.2320549336656827, 50.90739168232962], [-3.2314036693671917, 50.907733940993765], [-3.2313986792136205, 50.907735452856876]]]}}, {"type": "Feature", "properties": {"type": "postcode-cell", "postcode": "EX15 3TE", "postcodes": ["EX15 3TE"]}, "geometry": {"type": "Polygon", "coordinates": [[[-3.2287403462711626, 50.91385994952834], [-3.228634923412911, 50.91391169440079], [-3.2271501860556535, 50.91323375058904], [-3.2274342008645616, 50.91312679910759], [-3.228727376472476, 50.912972081369915], [-3.228867472674367, 50.91355327949628], [-3.2287403462711626, 50.91385994952834]]]}}, {"type": "Feature", "properties": {"type": "postcode-cell", "postcode": "EX15 3FW", "postcodes": ["EX15 3FW"]}, "geometry": {"type": "Polygon", "coordinates": [[[-3.2299088791104515, 50.91287164108338], [-3.2288935564388694, 50.91274495371822], [-3.2285605385514202, 50.912392314086645], [-3.2303332021465154, 50.91226111044035], [-3.2310108658965007, 50.91275513479443], [-3.2299088791104515, 50.91287164108338]]]}}, {"type": "Feature", "properties": {"type": "postcode-cell", "postcode": "EX15 3RG", "postcodes": ["EX15 3RG"]}, "geometry": {"type": "Polygon", "coordinates": [[[-3.230052319184653, 50.911942928276815], [-3.228795628459066, 50.911814687987224], [-3.228685394918577, 50.91142176039332], [-3.2293044549951624, 50.91110340375597], [-3.2301582738935233, 50.911469044725344], [-3.230052319184653, 50.911942928276815]]]}}, {"type": "Feature", "properties": {"type": "postcode-cell", "postcode": "EX15 3QQ", "postcodes": ["EX15 3QQ"]}, "geometry": {"type": "Polygon", "coordinates": [[[-3.228795628459066, 50.911814687987224], [-3.2284951674367703, 50.91211551076569], [-3.2271967777335444, 50.91181036515684], [-3.2279760892937066, 50.91119677462537], [-3.228685394918577, 50.91142176039332], [-3.228795628459066, 50.911814687987224]]]}}, {"type": "Feature", "properties": {"type": "postcode-cell", "postcode": "EX15 3SF", "postcodes": ["EX15 3SF"]}, "geometry": {"type": "Polygon", "coordinates": [[[-3.2299088791104515, 50.91287164108338], [-3.228867472674367, 50.91355327949628], [-3.228727376472476, 50.912972081369915], [-3.2288935564388694, 50.91274495371822], [-3.2299088791104515, 50.91287164108338]]]}}, {"type": "Feature", "properties": {"type": "postcode-cell", "postcode": "EX15 3RF", "postcodes": ["EX15 3RF"]}, "geometry": {"type": "Polygon", "coordinates": [[[-3.2303332021465154, 50.91226111044035], [-3.2285605385514202, 50.912392314086645], [-3.2285598341142907, 50.91239189561906], [-3.228505839088464, 50.912306104630304], [-3.2284951674367703, 50.91211551076569], [-3.228795628459066, 50.911814687987224], [-3.230052319184653, 50.911942928276815], [-3.2303332021465154, 50.91226111044035]]]}}, {"type": "Feature", "properties": {"type": "postcode-cell", "postcode": "EX15 3GH", "postcodes": ["EX15 3GH"]}, "geometry": {"type": "Polygon", "coordinates": [[[-3.2288935564388694, 50.91274495371822], [-3.228727376472476, 50.912972081369915], [-3.2274342008645616, 50.91312679910759], [-3.2285598341142907, 50.91239189561906], [-3.2285605385514202, 50.912392314086645], [-3.2288935564388694, 50.91274495371822]]]}}, {"type": "Feature", "properties": {"type": "postcode-cell", "postcode": "EX15 3SQ", "postcodes": ["EX15 3SQ"]}, "geometry": {"type": "Polygon", "coordinates": [[[-3.2281676460879414, 50.91476035489889], [-3.2271348359080836, 50.91464107867117], [-3.2265104372871134, 50.914136139727624], [-3.2264152107301074, 50.9131569303721], [-3.2271501860556535, 50.91323375058904], [-3.228634923412911, 50.91391169440079], [-3.2285469161773364, 50.91424619539932], [-3.2281676460879414, 50.91476035489889]]]}}, {"type": "Feature", "properties": {"type": "postcode-cell", "postcode": "EX15 3SE", "postcodes": ["EX15 3SE"]}, "geometry": {"type": "Polygon", "coordinates": [[[-3.228686561212386, 50.91753181938295], [-3.2275775509255102, 50.917254209823724], [-3.2271881320097875, 50.915740322321895], [-3.2282102676863738, 50.91482126438262], [-3.228432388648845, 50.91496415918025], [-3.228686561212386, 50.91753181938295]]]}}, {"type": "Feature", "properties": {"type": "postcode-cell", "postcode": "EX15 3QW", "postcodes": ["EX15 3QW"]}, "geometry": {"type": "Polygon", "coordinates": [[[-3.2271501860556535, 50.91323375058904], [-3.2264152107301074, 50.9131569303721], [-3.2256326243494238, 50.91268424230177], [-3.228505839088464, 50.912306104630304], [-3.2285598341142907, 50.91239189561906], [-3.2274342008645616, 50.91312679910759], [-3.2271501860556535, 50.91323375058904]]]}}, {"type": "Feature", "properties": {"type": "postcode-cell", "postcode": "EX15 3QL", "postcodes": ["EX15 3QL"]}, "geometry": {"type": "Polygon", "coordinates": [[[-3.2284951674367703, 50.91211551076569], [-3.228505839088464, 50.912306104630304], [-3.2256326243494238, 50.91268424230177], [-3.224873936440367, 50.91232643008256], [-3.2271967777335444, 50.91181036515684], [-3.2284951674367703, 50.91211551076569]]]}}, {"type": "Feature", "properties": {"type": "postcode-cell", "postcode": "EX15 3QG", "postcodes": ["EX15 3QG"]}, "geometry": {"type": "Polygon", "coordinates": [[[-3.2279760892937066, 50.91119677462537], [-3.2271967777335444, 50.91181036515684], [-3.224873936440367, 50.91232643008256], [-3.224641369754271, 50.91227231310891], [-3.2254732910648403, 50.91147898377612], [-3.2270372816195247, 50.91047664587433], [-3.227829520701115, 50.91094931238796], [-3.2279760892937066, 50.91119677462537]]]}}, {"type": "Feature", "properties": {"type": "postcode-cell", "postcode": "EX15 3XD", "postcodes": ["EX15 3XD"]}, "geometry": {"type": "Polygon", "coordinates": [[[-3.2271881320097875, 50.915740322321895], [-3.2264104389947788, 50.9153802716938], [-3.226277408976821, 50.91518561466666], [-3.2271348359080836, 50.91464107867117], [-3.2281676460879414, 50.91476035489889], [-3.2282102676863738, 50.91482126438262], [-3.2271881320097875, 50.915740322321895]]]}}, {"type": "Feature", "properties": {"type": "postcode-cell", "postcode": "EX15 3SR", "postcodes": ["EX15 3SR"]}, "geometry": {"type": "Polygon", "coordinates": [[[-3.230423629499022, 50.92336010184511], [-3.2291979859727578, 50.92641889535149], [-3.2244969706181594, 50.926809385688614], [-3.2244832259709093, 50.9229150709432], [-3.2284875519187235, 50.92269027397728], [-3.2291567441105786, 50.92272070024778], [-3.230423629499022, 50.92336010184511]]]}}, {"type": "Feature", "properties": {"type": "postcode-cell", "postcode": "EX15 3QP", "postcodes": ["EX15 3QP"]}, "geometry": {"type": "Polygon", "coordinates": [[[-3.2264152107301074, 50.9131569303721], [-3.2265104372871134, 50.914136139727624], [-3.224973632371549, 50.9146712541891], [-3.223712786734852, 50.91446805438314], [-3.2244372889218265, 50.91228203836469], [-3.224641369754271, 50.91227231310891], [-3.224873936440367, 50.91232643008256], [-3.2256326243494238, 50.91268424230177], [-3.2264152107301074, 50.9131569303721]]]}}, {"type": "Feature", "properties": {"type": "postcode-cell", "postcode": "EX15 3XH", "postcodes": ["EX15 3XH"]}, "geometry": {"type": "Polygon", "coordinates": [[[-3.2275775509255102, 50.917254209823724], [-3.227215620565156, 50.9172309192632], [-3.226493892539412, 50.917128096921395], [-3.225996679802262, 50.916016446255206], [-3.2264104389947788, 50.9153802716938], [-3.2271881320097875, 50.915740322321895], [-3.2275775509255102, 50.917254209823724]]]}}, {"type": "Feature", "properties": {"type": "postcode-cell", "postcode": "EX15 3TZ", "postcodes": ["EX15 3TZ"]}, "geometry": {"type": "Polygon", "coordinates": [[[-3.2295141770589817, 50.91852394778163], [-3.226293398807536, 50.91881271214809], [-3.225753688611557, 50.91850444448049], [-3.227215620565156, 50.9172309192632], [-3.2275775509255102, 50.917254209823724], [-3.228686561212386, 50.91753181938295], [-3.2303794815682636, 50.91824035870983], [-3.2295141770589817, 50.91852394778163]]]}}, {"type": "Feature", "properties": {"type": "postcode-cell", "postcode": "EX15 3SP", "postcodes": ["EX15 3SP"]}, "geometry": {"type": "Polygon", "coordinates": [[[-3.222543821703161, 50.92214186963023], [-3.222917865049342, 50.92094935069678], [-3.223273834755614, 50.920738376369634], [-3.2257819792424947, 50.919887145057785], [-3.2265144215803483, 50.919854369840955], [-3.2284875519187235, 50.92269027397728], [-3.2244832259709093, 50.9229150709432], [-3.222543821703161, 50.92214186963023]]]}}, {"type": "Feature", "properties": {"type": "postcode-cell", "postcode": "EX15 3SS", "postcodes": ["EX15 3SS"]}, "geometry": {"type": "Polygon", "coordinates": [[[-3.2244832259709093, 50.9229150709432], [-3.2244969706181594, 50.926809385688614], [-3.2236176873477693, 50.927426641793524], [-3.2211265292187785, 50.928117389829126], [-3.217281469886365, 50.92607595999517], [-3.219570922678937, 50.922617907472244], [-3.222543821703161, 50.92214186963023], [-3.2244832259709093, 50.9229150709432]]]}}, {"type": "Feature", "properties": {"type": "postcode-cell", "postcode": "EX15 3XE", "postcodes": ["EX15 3XE"]}, "geometry": {"type": "Polygon", "coordinates": [[[-3.2271348359080836, 50.91464107867117], [-3.226277408976821, 50.91518561466666], [-3.225740820808201, 50.915140081178926], [-3.224973632371549, 50.9146712541891], [-3.2265104372871134, 50.914136139727624], [-3.2271348359080836, 50.91464107867117]]]}}, {"type": "Feature", "properties": {"type": "postcode-cell", "postcode": "EX15 3TB", "postcodes": ["EX15 3TB"]}, "geometry": {"type": "Polygon", "coordinates": [[[-3.222917865049342, 50.92094935069678], [-3.2219537668113203, 50.919528216555356], [-3.2239509655261473, 50.91833637077336], [-3.224465067131148, 50.918812708354274], [-3.224475396769377, 50.91887980935599], [-3.223273834755614, 50.920738376369634], [-3.222917865049342, 50.92094935069678]]]}}, {"type": "Feature", "properties": {"type": "postcode-cell", "postcode": "EX15 3PX", "postcodes": ["EX15 3PX"]}, "geometry": {"type": "Polygon", "coordinates": [[[-3.218535522502734, 50.907406410762945], [-3.2175501454969724, 50.90987660852226], [-3.2172669585243803, 50.91011602528732], [-3.215971940200697, 50.91068332447443], [-3.213521004378965, 50.91114802672279], [-3.2049640416807827, 50.90967034988308], [-3.204221693641805, 50.90361099058935], [-3.206893444280369, 50.90244918875286], [-3.2178220911304316, 50.90474720778521], [-3.218535522502734, 50.907406410762945]]]}}, {"type": "Feature", "properties": {"type": "postcode-cell", "postcode": "EX15 3QH", "postcodes": ["EX15 3QH"]}, "geometry": {"type": "Polygon", "coordinates": [[[-3.2270372816195247, 50.91047664587433], [-3.2254732910648403, 50.91147898377612], [-3.225390678805907, 50.90832777061573], [-3.2272897202355115, 50.90845773661894], [-3.2270372816195247, 50.91047664587433]]]}}, {"type": "Feature", "properties": {"type": "postcode-cell", "postcode": "EX15 3XB", "postcodes": ["EX15 3XB"]}, "geometry": {"type": "Polygon", "coordinates": [[[-3.2264104389947788, 50.9153802716938], [-3.225996679802262, 50.916016446255206], [-3.2253273231515105, 50.91565784128966], [-3.225740820808201, 50.915140081178926], [-3.226277408976821, 50.91518561466666], [-3.2264104389947788, 50.9153802716938]]]}}, {"type": "Feature", "properties": {"type": "postcode-cell", "postcode": "EX15 3SJ", "postcodes": ["EX15 3SJ"]}, "geometry": {"type": "Polygon", "coordinates": [[[-3.2255493407773397, 50.91897137748746], [-3.225538989413518, 50.918559843431716], [-3.225753688611557, 50.91850444448049], [-3.226293398807536, 50.91881271214809], [-3.2256491434587953, 50.919028968467344], [-3.2255493407773397, 50.91897137748746]]]}}, {"type": "Feature", "properties": {"type": "postcode-cell", "postcode": "EX15 3SN", "postcodes": ["EX15 3SN"]}, "geometry": {"type": "Polygon", "coordinates": [[[-3.2256491434587953, 50.919028968467344], [-3.2257819792424947, 50.919887145057785], [-3.223273834755614, 50.920738376369634], [-3.224475396769377, 50.91887980935599], [-3.2255493407773397, 50.91897137748746], [-3.2256491434587953, 50.919028968467344]]]}}, {"type": "Feature", "properties": {"type": "postcode-cell", "postcode": "EX15 3RH", "postcodes": ["EX15 3RH"]}, "geometry": {"type": "Polygon", "coordinates": [[[-3.2265144215803483, 50.919854369840955], [-3.2257819792424947, 50.919887145057785], [-3.2256491434587953, 50.919028968467344], [-3.226293398807536, 50.91881271214809], [-3.2295141770589817, 50.91852394778163], [-3.2265144215803483, 50.919854369840955]]]}}, {"type": "Feature", "properties": {"type": "postcode-cell", "postcode": "EX15 3TD", "postcodes": ["EX15 3TD"]}, "geometry": {"type": "Polygon", "coordinates": [[[-3.225753688611557, 50.91850444448049], [-3.225538989413518, 50.918559843431716], [-3.2251721925123653, 50.918418390898914], [-3.225140026269975, 50.917178782411625], [-3.226493892539412, 50.917128096921395], [-3.227215620565156, 50.9172309192632], [-3.225753688611557, 50.91850444448049]]]}}, {"type": "Feature", "properties": {"type": "postcode-cell", "postcode": "EX15 3QJ", "postcodes": ["EX15 3QJ"]}, "geometry": {"type": "Polygon", "coordinates": [[[-3.225390678805907, 50.90832777061573], [-3.2254732910648403, 50.91147898377612], [-3.224641369754271, 50.91227231310891], [-3.2244372889218265, 50.91228203836469], [-3.2175501454969724, 50.90987660852226], [-3.218535522502734, 50.907406410762945], [-3.225390678805907, 50.90832777061573]]]}}, {"type": "Feature", "properties": {"type": "postcode-cell", "postcode": "EX15 3XF", "postcodes": ["EX15 3XF"]}, "geometry": {"type": "Polygon", "coordinates": [[[-3.2253273231515105, 50.91565784128966], [-3.2219440070728007, 50.91642123272024], [-3.221256620933393, 50.91626068538723], [-3.2213048670609754, 50.91600095833645], [-3.223712786734852, 50.91446805438314], [-3.224973632371549, 50.9146712541891], [-3.225740820808201, 50.915140081178926], [-3.2253273231515105, 50.91565784128966]]]}}, {"type": "Feature", "properties": {"type": "postcode-cell", "postcode": "EX15 3TY", "postcodes": ["EX15 3TY"]}, "geometry": {"type": "Polygon", "coordinates": [[[-3.2255493407773397, 50.91897137748746], [-3.224475396769377, 50.91887980935599], [-3.224465067131148, 50.918812708354274], [-3.2251721925123653, 50.918418390898914], [-3.225538989413518, 50.918559843431716], [-3.2255493407773397, 50.91897137748746]]]}}, {"type": "Feature", "properties": {"type": "postcode-cell", "postcode": "EX15 3XJ", "postcodes": ["EX15 3XJ"]}, "geometry": {"type": "Polygon", "coordinates": [[[-3.226493892539412, 50.917128096921395], [-3.225140026269975, 50.917178782411625], [-3.2236238406606965, 50.91701019212264], [-3.2219440070728007, 50.91642123272024], [-3.2253273231515105, 50.91565784128966], [-3.225996679802262, 50.916016446255206], [-3.226493892539412, 50.917128096921395]]]}}, {"type": "Feature", "properties": {"type": "postcode-cell", "postcode": "EX15 3SH", "postcodes": ["EX15 3SH"]}, "geometry": {"type": "Polygon", "coordinates": [[[-3.2251721925123653, 50.918418390898914], [-3.224465067131148, 50.918812708354274], [-3.2239509655261473, 50.91833637077336], [-3.2236238406606965, 50.91701019212264], [-3.225140026269975, 50.917178782411625], [-3.2251721925123653, 50.918418390898914]]]}}, {"type": "Feature", "properties": {"type": "postcode-cell", "postcode": "EX15 3PD", "postcodes": ["EX15 3PD"]}, "geometry": {"type": "Polygon", "coordinates": [[[-3.2175501454969724, 50.90987660852226], [-3.2244372889218265, 50.91228203836469], [-3.223712786734852, 50.91446805438314], [-3.2213048670609754, 50.91600095833645], [-3.2172669585243803, 50.91011602528732], [-3.2175501454969724, 50.90987660852226]]]}}, {"type": "Feature", "properties": {"type": "postcode-cell", "postcode": "EX15 3SL", "postcodes": ["EX15 3SL"]}, "geometry": {"type": "Polygon", "coordinates": [[[-3.2236238406606965, 50.91701019212264], [-3.2239509655261473, 50.91833637077336], [-3.2219537668113203, 50.919528216555356], [-3.2196114517921313, 50.917213554142506], [-3.221256620933393, 50.91626068538723], [-3.2219440070728007, 50.91642123272024], [-3.2236238406606965, 50.91701019212264]]]}}, {"type": "Feature", "properties": {"type": "postcode-cell", "postcode": "EX15 3XA", "postcodes": ["EX15 3XA"]}, "geometry": {"type": "Polygon", "coordinates": [[[-3.225109748340827, 50.94388373254695], [-3.2186605088311704, 50.94330773742274], [-3.2093207187821826, 50.937644411217754], [-3.2099281647048614, 50.935044048318275], [-3.2138306886516745, 50.93332972564093], [-3.220274208566038, 50.933008902277614], [-3.2267243554746083, 50.93582795865257], [-3.225109748340827, 50.94388373254695]]]}}, {"type": "Feature", "properties": {"type": "postcode-cell", "postcode": "EX15 3TA", "postcodes": ["EX15 3TA"]}, "geometry": {"type": "Polygon", "coordinates": [[[-3.222543821703161, 50.92214186963023], [-3.219570922678937, 50.922617907472244], [-3.214904120830747, 50.91999588562742], [-3.2139010097717993, 50.91872974263831], [-3.215663030701685, 50.9178553951923], [-3.2196114517921313, 50.917213554142506], [-3.2219537668113203, 50.919528216555356], [-3.222917865049342, 50.92094935069678], [-3.222543821703161, 50.92214186963023]]]}}, {"type": "Feature", "properties": {"type": "postcode-cell", "postcode": "EX15 3PE", "postcodes": ["EX15 3PE"]}, "geometry": {"type": "Polygon", "coordinates": [[[-3.2196114517921313, 50.917213554142506], [-3.215663030701685, 50.9178553951923], [-3.215971940200697, 50.91068332447443], [-3.2172669585243803, 50.91011602528732], [-3.2213048670609754, 50.91600095833645], [-3.221256620933393, 50.91626068538723], [-3.2196114517921313, 50.917213554142506]]]}}, {"type": "Feature", "properties": {"type": "postcode-cell", "postcode": "EX15 3SY", "postcodes": ["EX15 3SY"]}, "geometry": {"type": "Polygon", "coordinates": [[[-3.217281469886365, 50.92607595999517], [-3.212128406029691, 50.926479314213125], [-3.2115932523343536, 50.92629489720471], [-3.214904120830747, 50.91999588562742], [-3.219570922678937, 50.922617907472244], [-3.217281469886365, 50.92607595999517]]]}}, {"type": "Feature", "properties": {"type": "postcode-cell", "postcode": "EX15 3QZ", "postcodes": ["EX15 3QZ"]}, "geometry": {"type": "Polygon", "coordinates": [[[-3.2243365526561476, 50.900548326685254], [-3.2178220911304316, 50.90474720778521], [-3.206893444280369, 50.90244918875286], [-3.2079037334650975, 50.89631527937395], [-3.2111513693990137, 50.8958989362891], [-3.215531676632913, 50.89620752085597], [-3.2245869234137894, 50.900156940542665], [-3.2243365526561476, 50.900548326685254]]]}}, {"type": "Feature", "properties": {"type": "postcode-cell", "postcode": "EX15 3SU", "postcodes": ["EX15 3SU"]}, "geometry": {"type": "Polygon", "coordinates": [[[-3.2211265292187785, 50.928117389829126], [-3.220274208566038, 50.933008902277614], [-3.2138306886516745, 50.93332972564093], [-3.212128406029691, 50.926479314213125], [-3.217281469886365, 50.92607595999517], [-3.2211265292187785, 50.928117389829126]]]}}, {"type": "Feature", "properties": {"type": "postcode-cell", "postcode": "EX15 3QU", "postcodes": ["EX15 3QU"]}, "geometry": {"type": "Polygon", "coordinates": [[[-3.2180207476631613, 50.88870803518716], [-3.2184199854379782, 50.8886771538467], [-3.2180599894722612, 50.88937999487887], [-3.2175899894702744, 50.89288999488165], [-3.2190826607842604, 50.89311693176035], [-3.215531676632913, 50.89620752085597], [-3.2111513693990137, 50.8958989362891], [-3.2180207476631613, 50.88870803518716]]]}}, {"type": "Feature", "properties": {"type": "postcode-cell", "postcode": "EX15 3QY", "postcodes": ["EX15 3QY"]}, "geometry": {"type": "Polygon", "coordinates": [[[-3.2111513693990137, 50.8958989362891], [-3.2079037334650975, 50.89631527937395], [-3.199829562165819, 50.88997346592697], [-3.203706590321756, 50.88718917106204], [-3.2180207476631613, 50.88870803518716], [-3.2111513693990137, 50.8958989362891]]]}}, {"type": "Feature", "properties": {"type": "postcode-cell", "postcode": "EX15 3SX", "postcodes": ["EX15 3SX"]}, "geometry": {"type": "Polygon", "coordinates": [[[-3.212128406029691, 50.926479314213125], [-3.2138306886516745, 50.93332972564093], [-3.2099281647048614, 50.935044048318275], [-3.201208186893892, 50.930501973822174], [-3.2050805347211457, 50.92677002696341], [-3.2073074657975695, 50.92577846696911], [-3.2115932523343536, 50.92629489720471], [-3.212128406029691, 50.926479314213125]]]}}, {"type": "Feature", "properties": {"type": "postcode-cell", "postcode": "EX15 3PF", "postcodes": ["EX15 3PF"]}, "geometry": {"type": "Polygon", "coordinates": [[[-3.2139010097717993, 50.91872974263831], [-3.2118840157520707, 50.91851735758575], [-3.20922556814715, 50.91576949245343], [-3.213521004378965, 50.91114802672279], [-3.215971940200697, 50.91068332447443], [-3.215663030701685, 50.9178553951923], [-3.2139010097717993, 50.91872974263831]]]}}, {"type": "Feature", "properties": {"type": "postcode-cell", "postcode": "EX15 3PZ", "postcodes": ["EX15 3PZ"]}, "geometry": {"type": "Polygon", "coordinates": [[[-3.203706590321756, 50.88718917106204], [-3.199829562165819, 50.88997346592697], [-3.1899056751234194, 50.891080048495404], [-3.185504782606317, 50.88263631080541], [-3.1875405231720126, 50.87870030028922], [-3.1895999894597145, 50.87875999487084], [-3.196859989464592, 50.877989994870134], [-3.1983299894657518, 50.87747999486971], [-3.200979989467076, 50.8781399948702], [-3.201679989467756, 50.87763999486981], [-3.2051099894699084, 50.877589994869695], [-3.2070780478456036, 50.87711654851109], [-3.203706590321756, 50.88718917106204]]]}}, {"type": "Feature", "properties": {"type": "postcode-cell", "postcode": "EX15 3SZ", "postcodes": ["EX15 3SZ"]}, "geometry": {"type": "Polygon", "coordinates": [[[-3.2115932523343536, 50.92629489720471], [-3.2073074657975695, 50.92577846696911], [-3.206483206500927, 50.921260048854485], [-3.2118840157520707, 50.91851735758575], [-3.2139010097717993, 50.91872974263831], [-3.214904120830747, 50.91999588562742], [-3.2115932523343536, 50.92629489720471]]]}}, {"type": "Feature", "properties": {"type": "postcode-cell", "postcode": "EX15 3PY", "postcodes": ["EX15 3PY"]}, "geometry": {"type": "Polygon", "coordinates": [[[-3.2079037334650975, 50.89631527937395], [-3.206893444280369, 50.90244918875286], [-3.204221693641805, 50.90361099058935], [-3.1996022488184894, 50.9034727824518], [-3.192659948870762, 50.900860270446756], [-3.1876454032109063, 50.89274553326428], [-3.1899056751234194, 50.891080048495404], [-3.199829562165819, 50.88997346592697], [-3.2079037334650975, 50.89631527937395]]]}}, {"type": "Feature", "properties": {"type": "postcode-cell", "postcode": "EX15 3PT", "postcodes": ["EX15 3PT"]}, "geometry": {"type": "Polygon", "coordinates": [[[-3.2118840157520707, 50.91851735758575], [-3.206483206500927, 50.921260048854485], [-3.2034954411734775, 50.92038267127302], [-3.2032218753086, 50.916309270438475], [-3.20669478402322, 50.91523070446329], [-3.20922556814715, 50.91576949245343], [-3.2118840157520707, 50.91851735758575]]]}}, {"type": "Feature", "properties": {"type": "postcode-cell", "postcode": "EX15 3PP", "postcodes": ["EX15 3PP"]}, "geometry": {"type": "Polygon", "coordinates": [[[-3.203985412447923, 50.91054148878751], [-3.1964408908163304, 50.912633081932334], [-3.191523762001655, 50.91179859138322], [-3.1996022488184894, 50.9034727824518], [-3.204221693641805, 50.90361099058935], [-3.2049640416807827, 50.90967034988308], [-3.203985412447923, 50.91054148878751]]]}}, {"type": "Feature", "properties": {"type": "postcode-cell", "postcode": "EX15 3PU", "postcodes": ["EX15 3PU"]}, "geometry": {"type": "Polygon", "coordinates": [[[-3.2049640416807827, 50.90967034988308], [-3.213521004378965, 50.91114802672279], [-3.20922556814715, 50.91576949245343], [-3.20669478402322, 50.91523070446329], [-3.203985412447923, 50.91054148878751], [-3.2049640416807827, 50.90967034988308]]]}}, {"type": "Feature", "properties": {"type": "postcode-cell", "postcode": "EX15 3PG", "postcodes": ["EX15 3PG"]}, "geometry": {"type": "Polygon", "coordinates": [[[-3.2073074657975695, 50.92577846696911], [-3.2050805347211457, 50.92677002696341], [-3.1995362530148554, 50.92391415172411], [-3.2000390487040766, 50.920648933745404], [-3.2034954411734775, 50.92038267127302], [-3.206483206500927, 50.921260048854485], [-3.2073074657975695, 50.92577846696911]]]}}, {"type": "Feature", "properties": {"type": "postcode-cell", "postcode": "EX15 3PR", "postcodes": ["EX15 3PR"]}, "geometry": {"type": "Polygon", "coordinates": [[[-3.20669478402322, 50.91523070446329], [-3.2032218753086, 50.916309270438475], [-3.199172016254209, 50.9154522606876], [-3.1964408908163304, 50.912633081932334], [-3.203985412447923, 50.91054148878751], [-3.20669478402322, 50.91523070446329]]]}}, {"type": "Feature", "properties": {"type": "postcode-cell", "postcode": "EX15 3TW", "postcodes": ["EX15 3TW"]}, "geometry": {"type": "Polygon", "coordinates": [[[-3.1863310081803218, 50.942591510718536], [-3.1992903776594224, 50.94336077435107], [-3.2004267797026738, 50.9466395261575], [-3.195779989430321, 50.947509994925205], [-3.1889199894255396, 50.94855999492613], [-3.184539989422757, 50.948669994926256], [-3.1819533119446812, 50.94841368369818], [-3.1863310081803218, 50.942591510718536]]]}}, {"type": "Feature", "properties": {"type": "postcode-cell", "postcode": "EX15 3TH", "postcodes": ["EX15 3TH"]}, "geometry": {"type": "Polygon", "coordinates": [[[-3.2093207187821826, 50.937644411217754], [-3.199956484942934, 50.941370939777876], [-3.1963085858059253, 50.93795617837474], [-3.2007613220860183, 50.93055494487812], [-3.201208186893892, 50.930501973822174], [-3.2099281647048614, 50.935044048318275], [-3.2093207187821826, 50.937644411217754]]]}}, {"type": "Feature", "properties": {"type": "postcode-cell", "postcode": "EX15 3TN", "postcodes": ["EX15 3TN"]}, "geometry": {"type": "Polygon", "coordinates": [[[-3.199956484942934, 50.941370939777876], [-3.1992903776594224, 50.94336077435107], [-3.1863310081803218, 50.942591510718536], [-3.1841537428219024, 50.93825621966902], [-3.185269338261481, 50.936727216259825], [-3.188223594791351, 50.93613048897418], [-3.1963085858059253, 50.93795617837474], [-3.199956484942934, 50.941370939777876]]]}}, {"type": "Feature", "properties": {"type": "postcode-cell", "postcode": "EX15 3PQ", "postcodes": ["EX15 3PQ"]}, "geometry": {"type": "Polygon", "coordinates": [[[-3.2050805347211457, 50.92677002696341], [-3.201208186893892, 50.930501973822174], [-3.2007613220860183, 50.93055494487812], [-3.1962309598155443, 50.92963986389486], [-3.1946891351015996, 50.92489287693353], [-3.1995362530148554, 50.92391415172411], [-3.2050805347211457, 50.92677002696341]]]}}, {"type": "Feature", "properties": {"type": "postcode-cell", "postcode": "EX15 3PS", "postcodes": ["EX15 3PS"]}, "geometry": {"type": "Polygon", "coordinates": [[[-3.2034954411734775, 50.92038267127302], [-3.2000390487040766, 50.920648933745404], [-3.197162896603223, 50.91985896501735], [-3.197116301372499, 50.919767414190886], [-3.199172016254209, 50.9154522606876], [-3.2032218753086, 50.916309270438475], [-3.2034954411734775, 50.92038267127302]]]}}, {"type": "Feature", "properties": {"type": "postcode-cell", "postcode": "EX15 3PH", "postcodes": ["EX15 3PH"]}, "geometry": {"type": "Polygon", "coordinates": [[[-3.1929456516139285, 50.923699285250635], [-3.19393731241422, 50.92190731348798], [-3.197162896603223, 50.91985896501735], [-3.2000390487040766, 50.920648933745404], [-3.1995362530148554, 50.92391415172411], [-3.1946891351015996, 50.92489287693353], [-3.1929456516139285, 50.923699285250635]]]}}, {"type": "Feature", "properties": {"type": "postcode-cell", "postcode": "EX15 3TQ", "postcodes": ["EX15 3TQ"]}, "geometry": {"type": "Polygon", "coordinates": [[[-3.1946891351015996, 50.92489287693353], [-3.1962309598155443, 50.92963986389486], [-3.192306904123198, 50.93032607518818], [-3.185209407102504, 50.927750405782184], [-3.185005434553311, 50.927432937266815], [-3.187833342692034, 50.92411843057739], [-3.1929456516139285, 50.923699285250635], [-3.1946891351015996, 50.92489287693353]]]}}, {"type": "Feature", "properties": {"type": "postcode-cell", "postcode": "EX15 3PW", "postcodes": ["EX15 3PW"]}, "geometry": {"type": "Polygon", "coordinates": [[[-3.1964408908163304, 50.912633081932334], [-3.199172016254209, 50.9154522606876], [-3.197116301372499, 50.919767414190886], [-3.1900907132072343, 50.91649038843265], [-3.185900128074978, 50.913340008192094], [-3.1862399894410043, 50.91309999489802], [-3.186590060583625, 50.91253828104183], [-3.1870672968479923, 50.91229462538252], [-3.191523762001655, 50.91179859138322], [-3.1964408908163304, 50.912633081932334]]]}}, {"type": "Feature", "properties": {"type": "postcode-cell", "postcode": "EX15 3QD", "postcodes": ["EX15 3QD"]}, "geometry": {"type": "Polygon", "coordinates": [[[-3.191523762001655, 50.91179859138322], [-3.1870672968479923, 50.91229462538252], [-3.1870713064825154, 50.911766064498536], [-3.1879599894434096, 50.91033999489583], [-3.187083781667982, 50.910121559830024], [-3.1871207791805487, 50.90524454334989], [-3.192659948870762, 50.900860270446756], [-3.1996022488184894, 50.9034727824518], [-3.191523762001655, 50.91179859138322]]]}}, {"type": "Feature", "properties": {"type": "postcode-cell", "postcode": "EX15 3TJ", "postcodes": ["EX15 3TJ"]}, "geometry": {"type": "Polygon", "coordinates": [[[-3.2007613220860183, 50.93055494487812], [-3.1963085858059253, 50.93795617837474], [-3.188223594791351, 50.93613048897418], [-3.192306904123198, 50.93032607518818], [-3.1962309598155443, 50.92963986389486], [-3.2007613220860183, 50.93055494487812]]]}}, {"type": "Feature", "properties": {"type": "postcode-cell", "postcode": "EX15 3PJ", "postcodes": ["EX15 3PJ"]}, "geometry": {"type": "Polygon", "coordinates": [[[-3.19393731241422, 50.92190731348798], [-3.1913226462303674, 50.9204817976631], [-3.1900907132072343, 50.91649038843265], [-3.197116301372499, 50.919767414190886], [-3.197162896603223, 50.91985896501735], [-3.19393731241422, 50.92190731348798]]]}}, {"type": "Feature", "properties": {"type": "postcode-cell", "postcode": "EX14 4SR", "postcodes": ["EX14 4SR"]}, "geometry": {"type": "Polygon", "coordinates": [[[-3.185504782606317, 50.88263631080541], [-3.165278797789924, 50.88162755815792], [-3.165829989443706, 50.881399994873235], [-3.1666699894446984, 50.88042999487246], [-3.1684599894459566, 50.8801199948722], [-3.1705599894478773, 50.87883999487115], [-3.176159989452198, 50.87707999486968], [-3.1781099894528446, 50.87823999487058], [-3.1812099894553123, 50.87710999486964], [-3.1821499894562244, 50.876429994869106], [-3.1876899894592077, 50.87735999486976], [-3.1875299894584606, 50.87869999487082], [-3.1875405231720126, 50.87870030028922], [-3.185504782606317, 50.88263631080541]]]}}, {"type": "Feature", "properties": {"type": "postcode-cell", "postcode": "EX15 3TL", "postcodes": ["EX15 3TL"]}, "geometry": {"type": "Polygon", "coordinates": [[[-3.188223594791351, 50.93613048897418], [-3.185269338261481, 50.936727216259825], [-3.180952776992553, 50.933282792060446], [-3.185209407102504, 50.927750405782184], [-3.192306904123198, 50.93032607518818], [-3.188223594791351, 50.93613048897418]]]}}, {"type": "Feature", "properties": {"type": "postcode-cell", "postcode": "EX15 3QE", "postcodes": ["EX15 3QE"]}, "geometry": {"type": "MultiPolygon", "coordinates": [[[[-3.186590060583625, 50.91253828104183], [-3.1870713064825154, 50.911766064498536], [-3.1870672968479923, 50.91229462538252], [-3.186590060583625, 50.91253828104183]]], [[[-3.1736634096144907, 50.901262498111315], [-3.1871207791805487, 50.90524454334989], [-3.187083781667982, 50.910121559830024], [-3.180459989439656, 50.90846999489443], [-3.1775299894379763, 50.90817999489424], [-3.175829989437179, 50.90764999489385], [-3.1727399894351445, 50.907889994894084], [-3.1705599894339382, 50.90758999489387], [-3.171479989435284, 50.905989994892586], [-3.17185998943708, 50.902769994890036], [-3.171769970901087, 50.902622027021664], [-3.1736634096144907, 50.901262498111315]]]]}}, {"type": "Feature", "properties": {"type": "postcode-cell", "postcode": "EX15 3QB", "postcodes": ["EX15 3QB"]}, "geometry": {"type": "Polygon", "coordinates": [[[-3.192659948870762, 50.900860270446756], [-3.1871207791805487, 50.90524454334989], [-3.1736634096144907, 50.901262498111315], [-3.178203453242848, 50.89450501842917], [-3.1876454032109063, 50.89274553326428], [-3.192659948870762, 50.900860270446756]]]}}, {"type": "Feature", "properties": {"type": "postcode-cell", "postcode": "EX15 3PL", "postcodes": ["EX15 3PL"]}, "geometry": {"type": "Polygon", "coordinates": [[[-3.19393731241422, 50.92190731348798], [-3.1929456516139285, 50.923699285250635], [-3.187833342692034, 50.92411843057739], [-3.185484367845184, 50.92113621368439], [-3.1913226462303674, 50.9204817976631], [-3.19393731241422, 50.92190731348798]]]}}, {"type": "Feature", "properties": {"type": "postcode-cell", "postcode": "EX15 3PN", "postcodes": ["EX15 3PN"]}, "geometry": {"type": "Polygon", "coordinates": [[[-3.1900907132072343, 50.91649038843265], [-3.1913226462303674, 50.9204817976631], [-3.185484367845184, 50.92113621368439], [-3.1813119404509083, 50.91788446446865], [-3.1828799894372093, 50.91662999490086], [-3.184299989439136, 50.91446999489914], [-3.185900128074978, 50.913340008192094], [-3.1900907132072343, 50.91649038843265]]]}}, {"type": "Feature", "properties": {"type": "postcode-cell", "postcode": "EX15 3TX", "postcodes": ["EX15 3TX"]}, "geometry": {"type": "Polygon", "coordinates": [[[-3.185005434553311, 50.927432937266815], [-3.1741540480022263, 50.92499193729864], [-3.175269989428639, 50.924569994907245], [-3.1762199894295686, 50.923869994906696], [-3.177549989430387, 50.9238899949067], [-3.177649989430569, 50.92363999490648], [-3.1785299894311105, 50.92364999490649], [-3.18029998943256, 50.92292999490589], [-3.179849989433034, 50.92136999490465], [-3.179289989432784, 50.92116999490451], [-3.1791699894332313, 50.92008999490365], [-3.1799599894339883, 50.91953999490322], [-3.1802299894345385, 50.91874999490258], [-3.1813119404509083, 50.91788446446865], [-3.185484367845184, 50.92113621368439], [-3.187833342692034, 50.92411843057739], [-3.185005434553311, 50.927432937266815]]]}}, {"type": "Feature", "properties": {"type": "postcode-cell", "postcode": "EX15 3TU", "postcodes": ["EX15 3TU"]}, "geometry": {"type": "Polygon", "coordinates": [[[-3.180952776992553, 50.933282792060446], [-3.172967794216371, 50.93224206201329], [-3.1730699894239076, 50.93152999491279], [-3.173559989424632, 50.9306599949121], [-3.1728699894251813, 50.92863999491051], [-3.1734799894263923, 50.92691999490915], [-3.172439989426365, 50.925639994908146], [-3.1741540480022263, 50.92499193729864], [-3.185005434553311, 50.927432937266815], [-3.185209407102504, 50.927750405782184], [-3.180952776992553, 50.933282792060446]]]}}, {"type": "Feature", "properties": {"type": "postcode-cell", "postcode": "EX15 3TT", "postcodes": ["EX15 3TT"]}, "geometry": {"type": "Polygon", "coordinates": [[[-3.1841537428219024, 50.93825621966902], [-3.182974837512727, 50.938511934018806], [-3.1717200266223475, 50.93647452822282], [-3.172459989421472, 50.93577999491619], [-3.172967794216371, 50.93224206201329], [-3.180952776992553, 50.933282792060446], [-3.185269338261481, 50.936727216259825], [-3.1841537428219024, 50.93825621966902]]]}}, {"type": "Feature", "properties": {"type": "postcode-cell", "postcode": "EX15 3TP", "postcodes": ["EX15 3TP"]}, "geometry": {"type": "Polygon", "coordinates": [[[-3.1863310081803218, 50.942591510718536], [-3.1819533119446812, 50.94841368369818], [-3.177129492994789, 50.94793553552534], [-3.1763794995984056, 50.94128035758908], [-3.182974837512727, 50.938511934018806], [-3.1841537428219024, 50.93825621966902], [-3.1863310081803218, 50.942591510718536]]]}}, {"type": "Feature", "properties": {"type": "postcode-cell", "postcode": "EX15 3QA", "postcodes": ["EX15 3QA"]}, "geometry": {"type": "Polygon", "coordinates": [[[-3.1899056751234194, 50.891080048495404], [-3.1876454032109063, 50.89274553326428], [-3.178203453242848, 50.89450501842917], [-3.1576257873188296, 50.885467262460566], [-3.165249989441964, 50.88424999487549], [-3.163649989441922, 50.882299994873975], [-3.165278797789924, 50.88162755815792], [-3.185504782606317, 50.88263631080541], [-3.1899056751234194, 50.891080048495404]]]}}, {"type": "Feature", "properties": {"type": "postcode-cell", "postcode": "EX15 3QF", "postcodes": ["EX15 3QF"]}, "geometry": {"type": "Polygon", "coordinates": [[[-3.178203453242848, 50.89450501842917], [-3.1736634096144907, 50.901262498111315], [-3.171769970901087, 50.902622027021664], [-3.170399989437337, 50.90036999488816], [-3.167759989435482, 50.90081999488856], [-3.1638899894331667, 50.90064999488847], [-3.1629499894324486, 50.90092999488872], [-3.1598999894306954, 50.90064999488851], [-3.1593699894302882, 50.90080999488864], [-3.156159989428655, 50.90007999488812], [-3.1541299894283985, 50.89801999488653], [-3.153919989429605, 50.895269994884345], [-3.1528799894296595, 50.893829994883234], [-3.147919989427602, 50.891749994881636], [-3.144189989425466, 50.89139999488143], [-3.1424299894254224, 50.88924999487975], [-3.1512799894322394, 50.88647999487744], [-3.1576257873188296, 50.885467262460566], [-3.178203453242848, 50.89450501842917]]]}}, {"type": "Feature", "properties": {"type": "postcode-cell", "postcode": "EX15 3TR", "postcodes": ["EX15 3TR"]}, "geometry": {"type": "Polygon", "coordinates": [[[-3.1763794995984056, 50.94128035758908], [-3.177129492994789, 50.94793553552534], [-3.171829989415457, 50.9474099949254], [-3.166479989411984, 50.9477099949257], [-3.165369989411874, 50.94650999492477], [-3.163949989411255, 50.94596999492437], [-3.1652299894129348, 50.944139994922885], [-3.1702099894181477, 50.93975999491936], [-3.1704127820109025, 50.93922837686867], [-3.1763794995984056, 50.94128035758908]]]}}, {"type": "Feature", "properties": {"type": "postcode-cell", "postcode": "EX15 3TS", "postcodes": ["EX15 3TS"]}, "geometry": {"type": "Polygon", "coordinates": [[[-3.1763794995984056, 50.94128035758908], [-3.1704127820109025, 50.93922837686867], [-3.1713199894202457, 50.93684999491705], [-3.1717200266223475, 50.93647452822282], [-3.182974837512727, 50.938511934018806], [-3.1763794995984056, 50.94128035758908]]]}}]}