{"type": "FeatureCollection", "features": [{"type": "Feature", "properties": {"type": "ward-outline", "name": "Upper Yeo & Taw"}, "geometry": {"type": "Polygon", "coordinates": [[[-3.79535, 50.84601], [-3.79556, 50.84536], [-3.79489, 50.84502], [-3.79481, 50.8446], [-3.79394, 50.84452], [-3.79287, 50.84358], [-3.79036, 50.84291], [-3.78949, 50.84182], [-3.78859, 50.84171], [-3.78787, 50.841], [-3.78709, 50.8408], [-3.78699, 50.83987], [-3.78651, 50.8397], [-3.7867, 50.83938], [-3.78597, 50.83857], [-3.78344, 50.83715], [-3.78157, 50.83673], [-3.78137, 50.8363], [-3.78034, 50.83602], [-3.78055, 50.83514], [-3.77962, 50.83403], [-3.77845, 50.83353], [-3.77827, 50.83381], [-3.77734, 50.83364], [-3.77715, 50.83336], [-3.77681, 50.83366], [-3.7763, 50.83354], [-3.77595, 50.83397], [-3.77564, 50.83356], [-3.77484, 50.83379], [-3.7744, 50.83275], [-3.77349, 50.83256], [-3.77328, 50.83275], [-3.77253, 50.8321], [-3.77168, 50.83204], [-3.771, 50.83162], [-3.77122, 50.83004], [-3.77209, 50.82986], [-3.77419, 50.82843], [-3.77387, 50.82823], [-3.77407, 50.8277], [-3.77318, 50.82747], [-3.77295, 50.82704], [-3.77226, 50.82721], [-3.77205, 50.82687], [-3.7711, 50.82687], [-3.77059, 50.82602], [-3.76971, 50.82619], [-3.76709, 50.82422], [-3.7658, 50.82452], [-3.76471, 50.82382], [-3.76421, 50.82417], [-3.76394, 50.82375], [-3.7616, 50.8242], [-3.75931, 50.82237], [-3.75935, 50.82207], [-3.75711, 50.82161], [-3.75619, 50.821], [-3.75475, 50.82099], [-3.75402, 50.82046], [-3.75284, 50.82036], [-3.75157, 50.81951], [-3.74431, 50.81895], [-3.7421, 50.81923], [-3.74126, 50.8198], [-3.73979, 50.81996], [-3.73474, 50.81961], [-3.73447, 50.81853], [-3.73337, 50.8172], [-3.73307, 50.81697], [-3.73199, 50.81738], [-3.72999, 50.8146], [-3.72498, 50.81438], [-3.72179, 50.81474], [-3.72085, 50.8117], [-3.72091, 50.80853], [-3.72217, 50.80633], [-3.72131, 50.80348], [-3.71955, 50.80056], [-3.71617, 50.79854], [-3.71542, 50.79769], [-3.72142, 50.79818], [-3.72669, 50.79791], [-3.73057, 50.79808], [-3.73605, 50.79745], [-3.74123, 50.79765], [-3.7406, 50.80024], [-3.74116, 50.80246], [-3.74398, 50.80338], [-3.74843, 50.80419], [-3.75104, 50.80376], [-3.75384, 50.80377], [-3.75536, 50.80335], [-3.75818, 50.80391], [-3.76092, 50.80303], [-3.76286, 50.8033], [-3.76529, 50.80502], [-3.76737, 50.80587], [-3.77072, 50.80454], [-3.77202, 50.80436], [-3.77136, 50.80193], [-3.77253, 50.8018], [-3.77379, 50.79949], [-3.77798, 50.80074], [-3.78085, 50.80063], [-3.7818, 50.79972], [-3.78402, 50.79865], [-3.786, 50.79617], [-3.78765, 50.79548], [-3.78919, 50.794], [-3.7887, 50.79102], [-3.79017, 50.78825], [-3.79115, 50.78195], [-3.79177, 50.78034], [-3.79143, 50.77849], [-3.79186, 50.77455], [-3.79133, 50.77257], [-3.79244, 50.77084], [-3.79059, 50.76909], [-3.78821, 50.76837], [-3.78807, 50.7671], [-3.7865, 50.76604], [-3.78594, 50.76404], [-3.78195, 50.76201], [-3.78118, 50.76108], [-3.7798, 50.76064], [-3.77945, 50.76025], [-3.7808, 50.75963], [-3.78409, 50.75963], [-3.78495, 50.75999], [-3.78614, 50.75981], [-3.78622, 50.7602], [-3.78766, 50.7601], [-3.78886, 50.76054], [-3.78899, 50.76127], [-3.7895, 50.7611], [-3.78965, 50.76149], [-3.79017, 50.7614], [-3.79076, 50.76173], [-3.79154, 50.76168], [-3.79237, 50.76115], [-3.79284, 50.76146], [-3.79315, 50.76105], [-3.79381, 50.7613], [-3.79412, 50.76085], [-3.79494, 50.7609], [-3.79536, 50.76053], [-3.79669, 50.76032], [-3.79706, 50.76056], [-3.79792, 50.75983], [-3.79881, 50.75995], [-3.79892, 50.76047], [-3.79913, 50.76023], [-3.80004, 50.76033], [-3.79995, 50.76014], [-3.80063, 50.76012], [-3.80064, 50.76035], [-3.80192, 50.76021], [-3.80265, 50.7596], [-3.80318, 50.76006], [-3.80387, 50.76015], [-3.80584, 50.75901], [-3.80623, 50.75972], [-3.80737, 50.76043], [-3.80738, 50.75998], [-3.81132, 50.76], [-3.81473, 50.76088], [-3.8145, 50.76123], [-3.81386, 50.76124], [-3.81304, 50.76226], [-3.81502, 50.76349], [-3.81609, 50.7638], [-3.81972, 50.76932], [-3.82061, 50.77168], [-3.82168, 50.77318], [-3.82259, 50.77371], [-3.82295, 50.7753], [-3.82513, 50.77692], [-3.82429, 50.77818], [-3.82236, 50.77928], [-3.8221, 50.77978], [-3.82258, 50.78039], [-3.82204, 50.781], [-3.82709, 50.78066], [-3.84525, 50.78128], [-3.84539, 50.78158], [-3.84376, 50.78209], [-3.84297, 50.78309], [-3.84256, 50.78298], [-3.84255, 50.78339], [-3.84151, 50.78381], [-3.84195, 50.78436], [-3.84148, 50.78469], [-3.84187, 50.78486], [-3.8412, 50.78635], [-3.84194, 50.78655], [-3.84128, 50.78684], [-3.84138, 50.78721], [-3.83986, 50.78756], [-3.83987, 50.78872], [-3.83865, 50.79029], [-3.83957, 50.79044], [-3.83921, 50.79116], [-3.83809, 50.79154], [-3.83779, 50.7921], [-3.83638, 50.79216], [-3.83641, 50.79275], [-3.8359, 50.79302], [-3.8362, 50.7939], [-3.837, 50.79375], [-3.83818, 50.79502], [-3.83728, 50.7952], [-3.83907, 50.79772], [-3.83981, 50.80031], [-3.84255, 50.80039], [-3.84335, 50.8076], [-3.84417, 50.80923], [-3.84419, 50.81219], [-3.8394, 50.81747], [-3.83899, 50.81813], [-3.83943, 50.81876], [-3.83988, 50.81849], [-3.84245, 50.81859], [-3.8457, 50.81793], [-3.8482, 50.81825], [-3.84887, 50.81785], [-3.84983, 50.81787], [-3.8519, 50.81729], [-3.85258, 50.81744], [-3.8535, 50.81918], [-3.85419, 50.81967], [-3.85988, 50.82128], [-3.86176, 50.82063], [-3.86661, 50.82074], [-3.87127, 50.81998], [-3.87434, 50.81916], [-3.87775, 50.81889], [-3.88154, 50.82154], [-3.88246, 50.82479], [-3.88145, 50.82491], [-3.88094, 50.82616], [-3.88344, 50.82598], [-3.88466, 50.82638], [-3.8901, 50.8292], [-3.89343, 50.83166], [-3.8958, 50.83184], [-3.89744, 50.83353], [-3.89962, 50.83455], [-3.89762, 50.83517], [-3.89755, 50.83553], [-3.89646, 50.83595], [-3.89638, 50.83646], [-3.89705, 50.83668], [-3.89593, 50.83726], [-3.89648, 50.83793], [-3.89591, 50.83869], [-3.89229, 50.84011], [-3.89186, 50.84065], [-3.88912, 50.84094], [-3.88807, 50.84229], [-3.88689, 50.84265], [-3.88641, 50.84357], [-3.88509, 50.84456], [-3.8856, 50.84515], [-3.885, 50.84551], [-3.88584, 50.84551], [-3.88619, 50.84589], [-3.88387, 50.84749], [-3.8843, 50.84817], [-3.88548, 50.84747], [-3.88964, 50.84651], [-3.89031, 50.84659], [-3.89064, 50.84697], [-3.89103, 50.84666], [-3.89177, 50.84693], [-3.89308, 50.84659], [-3.89333, 50.84717], [-3.89402, 50.8475], [-3.89636, 50.84766], [-3.89657, 50.84788], [-3.89954, 50.84752], [-3.89971, 50.84785], [-3.90074, 50.8477], [-3.90144, 50.84811], [-3.90354, 50.84794], [-3.90387, 50.85174], [-3.90491, 50.85311], [-3.90449, 50.8545], [-3.90483, 50.85574], [-3.90642, 50.85806], [-3.90706, 50.85872], [-3.90762, 50.8587], [-3.9092, 50.86049], [-3.90498, 50.86133], [-3.90196, 50.86272], [-3.90095, 50.86371], [-3.89878, 50.86432], [-3.89494, 50.86739], [-3.8899, 50.87077], [-3.88628, 50.87383], [-3.882, 50.8749], [-3.88042, 50.87593], [-3.87965, 50.87608], [-3.87807, 50.8776], [-3.87847, 50.87858], [-3.87796, 50.88005], [-3.87719, 50.88066], [-3.87519, 50.88135], [-3.87427, 50.88266], [-3.87439, 50.88448], [-3.87362, 50.88609], [-3.87419, 50.88719], [-3.87247, 50.88714], [-3.8687, 50.88585], [-3.8669, 50.8862], [-3.86603, 50.88593], [-3.86458, 50.88607], [-3.86246, 50.88651], [-3.86035, 50.88542], [-3.85998, 50.8836], [-3.86129, 50.88238], [-3.86195, 50.87944], [-3.86134, 50.87874], [-3.86034, 50.8785], [-3.85919, 50.87743], [-3.85813, 50.87725], [-3.8573, 50.87657], [-3.85716, 50.87579], [-3.85612, 50.87512], [-3.85633, 50.87313], [-3.85476, 50.87291], [-3.8533, 50.87146], [-3.85335, 50.8707], [-3.8503, 50.87048], [-3.84942, 50.87078], [-3.84698, 50.8708], [-3.84471, 50.87051], [-3.84224, 50.87085], [-3.84172, 50.87065], [-3.84147, 50.86997], [-3.83918, 50.86943], [-3.83509, 50.86913], [-3.83456, 50.86879], [-3.83428, 50.86787], [-3.83323, 50.86765], [-3.83308, 50.86596], [-3.8345, 50.86549], [-3.83467, 50.86487], [-3.83617, 50.86419], [-3.83632, 50.86368], [-3.83875, 50.86269], [-3.83895, 50.86246], [-3.83836, 50.86185], [-3.83947, 50.86009], [-3.83999, 50.85959], [-3.84191, 50.8592], [-3.84222, 50.8588], [-3.84178, 50.85842], [-3.84183, 50.85754], [-3.84103, 50.85739], [-3.83992, 50.85627], [-3.84014, 50.85578], [-3.83945, 50.85568], [-3.8399, 50.85546], [-3.83913, 50.85543], [-3.83869, 50.85466], [-3.83749, 50.85454], [-3.83748, 50.8537], [-3.83656, 50.85322], [-3.83642, 50.85244], [-3.83483, 50.85188], [-3.83385, 50.851], [-3.83525, 50.84946], [-3.83728, 50.84842], [-3.83719, 50.84768], [-3.83643, 50.84712], [-3.83131, 50.8451], [-3.82997, 50.84567], [-3.82931, 50.8466], [-3.82816, 50.84713], [-3.82542, 50.84695], [-3.82412, 50.8436], [-3.82217, 50.84248], [-3.82278, 50.83963], [-3.81817, 50.83804], [-3.81639, 50.8383], [-3.81241, 50.8374], [-3.81075, 50.83664], [-3.81076, 50.83711], [-3.80911, 50.83635], [-3.80364, 50.83583], [-3.80079, 50.83481], [-3.79991, 50.83491], [-3.80061, 50.83537], [-3.79999, 50.83582], [-3.79879, 50.83582], [-3.7979, 50.8369], [-3.79851, 50.83677], [-3.79885, 50.83713], [-3.79826, 50.83763], [-3.79792, 50.83742], [-3.79811, 50.8379], [-3.79731, 50.83834], [-3.79766, 50.83907], [-3.79695, 50.83913], [-3.79774, 50.83971], [-3.79741, 50.84035], [-3.79823, 50.84072], [-3.79679, 50.84122], [-3.79696, 50.84173], [-3.79626, 50.8426], [-3.79685, 50.84285], [-3.79652, 50.84321], [-3.79701, 50.84414], [-3.79617, 50.84479], [-3.79682, 50.84522], [-3.79579, 50.84605], [-3.79535, 50.84601]]]}}, {"type": "Feature", "properties": {"type": "postcode-cell", "postcode": "EX18 7SG", "postcodes": ["EX18 7SG"]}, "geometry": {"type": "Polygon", "coordinates": [[[-3.8884988983140105, 50.8715641843125], [-3.888281835798944, 50.86992833064754], [-3.8970150366103833, 50.85821071009948], [-3.9055285251533043, 50.85675927301718], [-3.906419989929259, 50.85805999484585], [-3.9070599899293827, 50.85871999484638], [-3.9076199899297595, 50.85869999484634], [-3.909199989929993, 50.8604899948478], [-3.904979989926813, 50.8613299948485], [-3.901959989924178, 50.86271999484966], [-3.9009499899230566, 50.86370999485047], [-3.8987799899213433, 50.864319994850966], [-3.8949399899173973, 50.86738999485349], [-3.889899989912519, 50.87076999485627], [-3.8886975516537574, 50.87178647687279], [-3.8884988983140105, 50.8715641843125]]]}}, {"type": "Feature", "properties": {"type": "postcode-cell", "postcode": "EX18 7SQ", "postcodes": ["EX18 7SQ"]}, "geometry": {"type": "Polygon", "coordinates": [[[-3.8970150366103833, 50.85821071009948], [-3.888281835798944, 50.86992833064754], [-3.8812327181477855, 50.8608588649779], [-3.885249930461404, 50.85600267639487], [-3.8970150366103833, 50.85821071009948]]]}}, {"type": "Feature", "properties": {"type": "postcode-cell", "postcode": "EX18 7SJ", "postcodes": ["EX18 7SJ"]}, "geometry": {"type": "Polygon", "coordinates": [[[-3.8970150366103833, 50.85821071009948], [-3.885249930461404, 50.85600267639487], [-3.881749503045265, 50.85030928813332], [-3.8930813790013925, 50.84659321753515], [-3.893329989925576, 50.847169994837216], [-3.8940199899258827, 50.847499994837484], [-3.896359989927356, 50.84765999483758], [-3.8965699899273942, 50.84787999483776], [-3.8995399899295244, 50.847519994837434], [-3.899709989929486, 50.847849994837695], [-3.900739989930234, 50.84769999483757], [-3.901439989930509, 50.848109994837884], [-3.9035399899319785, 50.84793999483773], [-3.903869989930458, 50.851739994840784], [-3.9049099899305206, 50.85310999484189], [-3.9044899899296097, 50.85449999484299], [-3.904829989929266, 50.85573999484398], [-3.9055285251533043, 50.85675927301718], [-3.8970150366103833, 50.85821071009948]]]}}, {"type": "Feature", "properties": {"type": "postcode-cell", "postcode": "EX18 7SH", "postcodes": ["EX18 7SH"]}, "geometry": {"type": "Polygon", "coordinates": [[[-3.8812327181477855, 50.8608588649779], [-3.8665873693929425, 50.86170809678689], [-3.8662485540134566, 50.85887911933178], [-3.869083574603935, 50.85546940284643], [-3.880298709184548, 50.849929142169664], [-3.881749503045265, 50.85030928813332], [-3.885249930461404, 50.85600267639487], [-3.8812327181477855, 50.8608588649779]]]}}, {"type": "Feature", "properties": {"type": "postcode-cell", "postcode": "EX18 7RB", "postcodes": ["EX18 7RB"]}, "geometry": {"type": "Polygon", "coordinates": [[[-3.8884988983140105, 50.8715641843125], [-3.8724711007935566, 50.86851184156429], [-3.871790947888901, 50.868281414941166], [-3.865695892902197, 50.86274307083079], [-3.8665873693929425, 50.86170809678689], [-3.8812327181477855, 50.8608588649779], [-3.888281835798944, 50.86992833064754], [-3.8884988983140105, 50.8715641843125]]]}}, {"type": "Feature", "properties": {"type": "postcode-cell", "postcode": "EX18 7SL", "postcodes": ["EX18 7SL"]}, "geometry": {"type": "Polygon", "coordinates": [[[-3.880298709184548, 50.849929142169664], [-3.8761688789988122, 50.846416299992484], [-3.87715691720796, 50.84035095634103], [-3.8978160774385784, 50.833705968526075], [-3.8996199899355077, 50.834549994827], [-3.8976199899339012, 50.8351699948275], [-3.897549989933691, 50.83552999482781], [-3.89645998993278, 50.83594999482815], [-3.896379989932494, 50.83645999482859], [-3.897049989932835, 50.83667999482874], [-3.895929989931831, 50.83725999482922], [-3.8964799899318883, 50.837929994829764], [-3.895909989931165, 50.838689994830375], [-3.892289989928121, 50.84010999483154], [-3.8918599899275894, 50.84064999483198], [-3.8891199899256477, 50.840939994832254], [-3.8880699899243347, 50.842289994833344], [-3.8868899899233935, 50.84264999483368], [-3.8864099899226514, 50.84356999483439], [-3.8850899899213283, 50.84455999483521], [-3.885599989921395, 50.84514999483568], [-3.8849999899208325, 50.845509994835965], [-3.885839989921388, 50.845509994835965], [-3.886189989921445, 50.84588999483626], [-3.88386998991918, 50.84748999483757], [-3.8842999899191524, 50.84816999483813], [-3.885479989920252, 50.847469994837546], [-3.8896399899234395, 50.84650999483674], [-3.8903099899238462, 50.846589994836776], [-3.8906399899238924, 50.84696999483708], [-3.891029989924289, 50.84665999483683], [-3.8917699899246565, 50.84692999483704], [-3.893079989925677, 50.846589994836755], [-3.8930813790013925, 50.84659321753515], [-3.881749503045265, 50.85030928813332], [-3.880298709184548, 50.849929142169664]]]}}, {"type": "Feature", "properties": {"type": "postcode-cell", "postcode": "EX18 7SN", "postcodes": ["EX18 7SN"]}, "geometry": {"type": "Polygon", "coordinates": [[[-3.87715691720796, 50.84035095634103], [-3.8716893385062177, 50.83723496294988], [-3.8720666223363507, 50.83223096930125], [-3.880716294518186, 50.830410361821635], [-3.892236855122858, 50.830778621215025], [-3.8934299899327414, 50.83165999482474], [-3.8957999899342264, 50.83183999482486], [-3.8974399899345373, 50.8335299948262], [-3.8978160774385784, 50.833705968526075], [-3.87715691720796, 50.84035095634103]]]}}, {"type": "Feature", "properties": {"type": "postcode-cell", "postcode": "EX20 2DN", "postcodes": ["EX20 2DN"]}, "geometry": {"type": "Polygon", "coordinates": [[[-3.880716294518186, 50.830410361821635], [-3.875508230108819, 50.82529151499775], [-3.881117607345778, 50.82124468261344], [-3.881539989929534, 50.82153999481674], [-3.8824599899286514, 50.82478999481934], [-3.8814499899279284, 50.82490999481947], [-3.8809399899270196, 50.82615999482046], [-3.8834399899287493, 50.82597999482029], [-3.88465998992937, 50.8263799948206], [-3.890099989931671, 50.829199994822815], [-3.892236855122858, 50.830778621215025], [-3.880716294518186, 50.830410361821635]]]}}, {"type": "Feature", "properties": {"type": "postcode-cell", "postcode": "EX17 5AT", "postcodes": ["EX17 5AT"]}, "geometry": {"type": "Polygon", "coordinates": [[[-3.814800234153527, 50.76987831685166], [-3.8090394162607333, 50.762759609902496], [-3.81113509887425, 50.759999059213534], [-3.8113199899118166, 50.759999994768386], [-3.814729989913637, 50.760879994769056], [-3.8144999899133234, 50.76122999476932], [-3.813859989912901, 50.76123999476936], [-3.813039989911892, 50.76225999477017], [-3.815019989912617, 50.763489994771135], [-3.8160899899131744, 50.763799994771375], [-3.819719989912996, 50.769319994775735], [-3.8202294304360462, 50.770670901845726], [-3.814800234153527, 50.76987831685166]]]}}, {"type": "Feature", "properties": {"type": "postcode-cell", "postcode": "EX20 2DL", "postcodes": ["EX20 2DL"]}, "geometry": {"type": "Polygon", "coordinates": [[[-3.875508230108819, 50.82529151499775], [-3.8672754157226663, 50.82597604713555], [-3.8664353655300903, 50.82073603777415], [-3.866609989920064, 50.82073999481627], [-3.8712699899234817, 50.81997999481563], [-3.874339989925879, 50.8191599948149], [-3.877749989928249, 50.81888999481467], [-3.881117607345778, 50.82124468261344], [-3.875508230108819, 50.82529151499775]]]}}, {"type": "Feature", "properties": {"type": "postcode-cell", "postcode": "EX17 6BN", "postcodes": ["EX17 6BN"]}, "geometry": {"type": "Polygon", "coordinates": [[[-3.8761688789988122, 50.846416299992484], [-3.8684108552540986, 50.84636009734067], [-3.8604160950233353, 50.84108014571453], [-3.860529426854309, 50.83918863310303], [-3.8716893385062177, 50.83723496294988], [-3.87715691720796, 50.84035095634103], [-3.8761688789988122, 50.846416299992484]]]}}, {"type": "Feature", "properties": {"type": "postcode-cell", "postcode": "EX18 7RA", "postcodes": ["EX18 7RA"]}, "geometry": {"type": "Polygon", "coordinates": [[[-3.8886975516537574, 50.87178647687279], [-3.886279989908722, 50.87382999485876], [-3.881999989905402, 50.874899994859675], [-3.880419989903887, 50.87592999486052], [-3.8796499899033083, 50.87607999486065], [-3.8795873849285463, 50.87614022469334], [-3.8720329486330423, 50.87335544384835], [-3.8724711007935566, 50.86851184156429], [-3.8884988983140105, 50.8715641843125], [-3.8886975516537574, 50.87178647687279]]]}}, {"type": "Feature", "properties": {"type": "postcode-cell", "postcode": "EX18 7QX", "postcodes": ["EX18 7QX"]}, "geometry": {"type": "Polygon", "coordinates": [[[-3.8720329486330423, 50.87335544384835], [-3.863021075583614, 50.87655152443133], [-3.862383017724756, 50.87656784636898], [-3.871790947888901, 50.868281414941166], [-3.8724711007935566, 50.86851184156429], [-3.8720329486330423, 50.87335544384835]]]}}, {"type": "Feature", "properties": {"type": "postcode-cell", "postcode": "EX17 6AS", "postcodes": ["EX17 6AS"]}, "geometry": {"type": "Polygon", "coordinates": [[[-3.865695892902197, 50.86274307083079], [-3.8636723560550292, 50.86334236576853], [-3.8451445163473013, 50.859462991113055], [-3.8480860918652975, 50.85817455005681], [-3.85247533013655, 50.85646509029956], [-3.859008364378364, 50.8550386974018], [-3.8662485540134566, 50.85887911933178], [-3.8665873693929425, 50.86170809678689], [-3.865695892902197, 50.86274307083079]]]}}, {"type": "Feature", "properties": {"type": "postcode-cell", "postcode": "EX20 2DW", "postcodes": ["EX20 2DW"]}, "geometry": {"type": "Polygon", "coordinates": [[[-3.8720666223363507, 50.83223096930125], [-3.8657088872957863, 50.8284518639945], [-3.8672754157226663, 50.82597604713555], [-3.875508230108819, 50.82529151499775], [-3.880716294518186, 50.830410361821635], [-3.8720666223363507, 50.83223096930125]]]}}, {"type": "Feature", "properties": {"type": "postcode-cell", "postcode": "EX17 6LW", "postcodes": ["EX17 6LW"]}, "geometry": {"type": "Polygon", "coordinates": [[[-3.8355846889348904, 50.810384083856526], [-3.835715987643365, 50.80299760713205], [-3.839589950991099, 50.79953989052009], [-3.8398099899118465, 50.80030999480024], [-3.842549989913608, 50.80038999480025], [-3.84334998991081, 50.807599994806004], [-3.844169989910599, 50.809229994807296], [-3.8441899899092493, 50.81218999480968], [-3.8425519956807688, 50.813995704121936], [-3.8355846889348904, 50.810384083856526]]]}}, {"type": "Feature", "properties": {"type": "postcode-cell", "postcode": "EX18 7QU", "postcodes": ["EX18 7QU"]}, "geometry": {"type": "Polygon", "coordinates": [[[-3.862383017724756, 50.87656784636898], [-3.863021075583614, 50.87655152443133], [-3.878091754049573, 50.877579058008045], [-3.8780699899015665, 50.87759999486189], [-3.8784699899013835, 50.878579994862676], [-3.8779599899003747, 50.880049994863874], [-3.8771899898995867, 50.88065999486436], [-3.8751899898979465, 50.881349994864934], [-3.8742699898967405, 50.88265999486601], [-3.8743899898959895, 50.884479994867476], [-3.8736199898947428, 50.8860899948688], [-3.874189989894615, 50.88718999486967], [-3.872469989893502, 50.88713999486966], [-3.8686999898915992, 50.88584999486865], [-3.866899989890247, 50.88619999486893], [-3.866029989889797, 50.885929994868754], [-3.864579989888775, 50.886069994868855], [-3.8624599898871734, 50.88650999486924], [-3.8603499898862794, 50.88541999486838], [-3.8599799898868654, 50.88359999486692], [-3.8612899898882898, 50.88237999486589], [-3.8619499898900727, 50.87943999486353], [-3.8613399898899896, 50.87873999486299], [-3.8603399898894404, 50.878499994862786], [-3.8591899898891717, 50.87742999486196], [-3.8589746575735897, 50.87739342989288], [-3.862383017724756, 50.87656784636898]]]}}, {"type": "Feature", "properties": {"type": "postcode-cell", "postcode": "EX17 6BP", "postcodes": ["EX17 6BP"]}, "geometry": {"type": "Polygon", "coordinates": [[[-3.880298709184548, 50.849929142169664], [-3.869083574603935, 50.85546940284643], [-3.863442070210876, 50.84936415535542], [-3.8684108552540986, 50.84636009734067], [-3.8761688789988122, 50.846416299992484], [-3.880298709184548, 50.849929142169664]]]}}, {"type": "Feature", "properties": {"type": "postcode-cell", "postcode": "EX18 7QZ", "postcodes": ["EX18 7QZ"]}, "geometry": {"type": "Polygon", "coordinates": [[[-3.8795873849285463, 50.87614022469334], [-3.878091754049573, 50.877579058008045], [-3.863021075583614, 50.87655152443133], [-3.8720329486330423, 50.87335544384835], [-3.8795873849285463, 50.87614022469334]]]}}, {"type": "Feature", "properties": {"type": "postcode-cell", "postcode": "EX18 7QY", "postcodes": ["EX18 7QY"]}, "geometry": {"type": "Polygon", "coordinates": [[[-3.8636723560550292, 50.86334236576853], [-3.865695892902197, 50.86274307083079], [-3.871790947888901, 50.868281414941166], [-3.862383017724756, 50.87656784636898], [-3.8589746575735897, 50.87739342989288], [-3.8581299898885533, 50.8772499948618], [-3.8572999898883173, 50.876569994861285], [-3.857159989888583, 50.875789994860654], [-3.856119989888202, 50.875119994860114], [-3.856329989889253, 50.87312999485852], [-3.8547599898883163, 50.87290999485834], [-3.8540285301718114, 50.87218355892436], [-3.8636723560550292, 50.86334236576853]]]}}, {"type": "Feature", "properties": {"type": "postcode-cell", "postcode": "EX17 6AR", "postcodes": ["EX17 6AR"]}, "geometry": {"type": "Polygon", "coordinates": [[[-3.8540285301718114, 50.87218355892436], [-3.8532999898880185, 50.8714599948572], [-3.8533499898884007, 50.87069999485659], [-3.850299989886488, 50.87047999485643], [-3.84941998988577, 50.8707799948567], [-3.8469799898841543, 50.87079999485674], [-3.84470998988279, 50.87050999485651], [-3.8422399898810076, 50.870849994856826], [-3.8417199898807564, 50.87064999485668], [-3.8414699898809044, 50.869969994856135], [-3.8391799898796437, 50.86942999485571], [-3.835089989877088, 50.8691299948555], [-3.8345599898768925, 50.86878999485523], [-3.8342799898771314, 50.8678699948545], [-3.833229989876541, 50.867649994854354], [-3.833079989877218, 50.86595999485297], [-3.8344999898783705, 50.86548999485258], [-3.834669989878766, 50.86486999485209], [-3.836169989880068, 50.86418999485153], [-3.836319989880398, 50.863679994851104], [-3.8387499898824533, 50.862689994850285], [-3.8389499898826913, 50.8624599948501], [-3.8383599898825835, 50.861849994849614], [-3.8394699898841242, 50.860089994848195], [-3.8398395062686683, 50.85973469195514], [-3.8451445163473013, 50.859462991113055], [-3.8636723560550292, 50.86334236576853], [-3.8540285301718114, 50.87218355892436]]]}}, {"type": "Feature", "properties": {"type": "postcode-cell", "postcode": "EX17 6BR", "postcodes": ["EX17 6BR"]}, "geometry": {"type": "Polygon", "coordinates": [[[-3.8662485540134566, 50.85887911933178], [-3.859008364378364, 50.8550386974018], [-3.8581098965848035, 50.85170171559731], [-3.8579424070955013, 50.850723177183376], [-3.8583448460643948, 50.849939581162914], [-3.863442070210876, 50.84936415535542], [-3.869083574603935, 50.85546940284643], [-3.8662485540134566, 50.85887911933178]]]}}, {"type": "Feature", "properties": {"type": "postcode-cell", "postcode": "EX17 6BL", "postcodes": ["EX17 6BL"]}, "geometry": {"type": "Polygon", "coordinates": [[[-3.8716893385062177, 50.83723496294988], [-3.860529426854309, 50.83918863310303], [-3.8572106256189773, 50.836779003673776], [-3.8595885391219418, 50.829724859174675], [-3.8657088872957863, 50.8284518639945], [-3.8720666223363507, 50.83223096930125], [-3.8716893385062177, 50.83723496294988]]]}}, {"type": "Feature", "properties": {"type": "postcode-cell", "postcode": "EX17 6BW", "postcodes": ["EX17 6BW"]}, "geometry": {"type": "Polygon", "coordinates": [[[-3.863442070210876, 50.84936415535542], [-3.8583448460643948, 50.849939581162914], [-3.8539263528715857, 50.84599883765564], [-3.8604160950233353, 50.84108014571453], [-3.8684108552540986, 50.84636009734067], [-3.863442070210876, 50.84936415535542]]]}}, {"type": "Feature", "properties": {"type": "postcode-cell", "postcode": "EX17 6BH", "postcodes": ["EX17 6BH"]}, "geometry": {"type": "Polygon", "coordinates": [[[-3.860529426854309, 50.83918863310303], [-3.8604160950233353, 50.84108014571453], [-3.8539263528715857, 50.84599883765564], [-3.8489353556256733, 50.84589534480153], [-3.8472241952988906, 50.84536048219468], [-3.842750562664348, 50.83972241555322], [-3.8487574298758127, 50.83721759935324], [-3.8505583857721883, 50.83701107751203], [-3.8572106256189773, 50.836779003673776], [-3.860529426854309, 50.83918863310303]]]}}, {"type": "Feature", "properties": {"type": "postcode-cell", "postcode": "EX17 6LL", "postcodes": ["EX17 6LL"]}, "geometry": {"type": "Polygon", "coordinates": [[[-3.8657088872957863, 50.8284518639945], [-3.8595885391219418, 50.829724859174675], [-3.855735750400307, 50.8282273668669], [-3.854398010864536, 50.82663965042223], [-3.8531819684834354, 50.82311875554494], [-3.855876511354673, 50.820147241154444], [-3.8598799899153855, 50.821279994816805], [-3.8617599899169215, 50.820629994816244], [-3.8664353655300903, 50.82073603777415], [-3.8672754157226663, 50.82597604713555], [-3.8657088872957863, 50.8284518639945]]]}}, {"type": "Feature", "properties": {"type": "postcode-cell", "postcode": "EX17 6AY", "postcodes": ["EX17 6AY"]}, "geometry": {"type": "Polygon", "coordinates": [[[-3.8581098965848035, 50.85170171559731], [-3.8529225797395297, 50.85398450407453], [-3.8526546906515504, 50.85312523380318], [-3.8551143435667683, 50.8513884408272], [-3.8579424070955013, 50.850723177183376], [-3.8581098965848035, 50.85170171559731]]]}}, {"type": "Feature", "properties": {"type": "postcode-cell", "postcode": "EX17 6LQ", "postcodes": ["EX17 6LQ"]}, "geometry": {"type": "Polygon", "coordinates": [[[-3.8531819684834354, 50.82311875554494], [-3.843797597267225, 50.82241230353156], [-3.843291488212899, 50.81841911635771], [-3.8456999899076, 50.81792999481426], [-3.848199989909095, 50.818249994814494], [-3.848869989909721, 50.81784999481418], [-3.849829989910342, 50.81786999481416], [-3.8518999899119706, 50.8172899948137], [-3.8525799899123494, 50.817439994813796], [-3.8534999899121525, 50.81917999481516], [-3.85418998991238, 50.81966999481558], [-3.855876511354673, 50.820147241154444], [-3.8531819684834354, 50.82311875554494]]]}}, {"type": "Feature", "properties": {"type": "postcode-cell", "postcode": "EX17 6AT", "postcodes": ["EX17 6AT"]}, "geometry": {"type": "Polygon", "coordinates": [[[-3.859008364378364, 50.8550386974018], [-3.85247533013655, 50.85646509029956], [-3.8529225797395297, 50.85398450407453], [-3.8581098965848035, 50.85170171559731], [-3.859008364378364, 50.8550386974018]]]}}, {"type": "Feature", "properties": {"type": "postcode-cell", "postcode": "EX17 6AU", "postcodes": ["EX17 6AU"]}, "geometry": {"type": "Polygon", "coordinates": [[[-3.8529225797395297, 50.85398450407453], [-3.85247533013655, 50.85646509029956], [-3.8480860918652975, 50.85817455005681], [-3.851918990670576, 50.85311329941157], [-3.8526546906515504, 50.85312523380318], [-3.8529225797395297, 50.85398450407453]]]}}, {"type": "Feature", "properties": {"type": "postcode-cell", "postcode": "EX17 6BA", "postcodes": ["EX17 6BA"]}, "geometry": {"type": "Polygon", "coordinates": [[[-3.8579424070955013, 50.850723177183376], [-3.8551143435667683, 50.8513884408272], [-3.8485175457558705, 50.851670374129085], [-3.8489353556256733, 50.84589534480153], [-3.8539263528715857, 50.84599883765564], [-3.8583448460643948, 50.849939581162914], [-3.8579424070955013, 50.850723177183376]]]}}, {"type": "Feature", "properties": {"type": "postcode-cell", "postcode": "EX17 6AZ", "postcodes": ["EX17 6AZ"]}, "geometry": {"type": "Polygon", "coordinates": [[[-3.8526546906515504, 50.85312523380318], [-3.851918990670576, 50.85311329941157], [-3.8484791142873265, 50.851714744359064], [-3.8485175457558705, 50.851670374129085], [-3.8551143435667683, 50.8513884408272], [-3.8526546906515504, 50.85312523380318]]]}}, {"type": "Feature", "properties": {"type": "postcode-cell", "postcode": "EX17 6BJ", "postcodes": ["EX17 6BJ"]}, "geometry": {"type": "Polygon", "coordinates": [[[-3.8572106256189773, 50.836779003673776], [-3.8505583857721883, 50.83701107751203], [-3.85063764299472, 50.82989881747803], [-3.855735750400307, 50.8282273668669], [-3.8595885391219418, 50.829724859174675], [-3.8572106256189773, 50.836779003673776]]]}}, {"type": "Feature", "properties": {"type": "postcode-cell", "postcode": "EX17 6LJ", "postcodes": ["EX17 6LJ"]}, "geometry": {"type": "Polygon", "coordinates": [[[-3.85063764299472, 50.82989881747803], [-3.84850433214047, 50.83025919018063], [-3.842781012991774, 50.82980269111173], [-3.8402705830915465, 50.82693347412572], [-3.854398010864536, 50.82663965042223], [-3.855735750400307, 50.8282273668669], [-3.85063764299472, 50.82989881747803]]]}}, {"type": "Feature", "properties": {"type": "postcode-cell", "postcode": "EX17 6DU", "postcodes": ["EX17 6DU"]}, "geometry": {"type": "Polygon", "coordinates": [[[-3.7878010951732235, 50.83163532611371], [-3.7858164109680494, 50.826637962041225], [-3.78610854728213, 50.82614695567373], [-3.7866483530829718, 50.82600796309942], [-3.7945602976716764, 50.82811719446], [-3.7948750927020627, 50.831196482628066], [-3.793859853268002, 50.83246156566062], [-3.7878010951732235, 50.83163532611371]]]}}, {"type": "Feature", "properties": {"type": "postcode-cell", "postcode": "EX17 5LS", "postcodes": ["EX17 5LS"]}, "geometry": {"type": "Polygon", "coordinates": [[[-3.7837429108367715, 50.83130187315727], [-3.7878010951732235, 50.83163532611371], [-3.793859853268002, 50.83246156566062], [-3.796931290638633, 50.841170933317144], [-3.7967899898647794, 50.84121999483352], [-3.7969599898646527, 50.841729994833905], [-3.7962599898637954, 50.84259999483462], [-3.7968499898640657, 50.84284999483481], [-3.7965199898636848, 50.8432099948351], [-3.797009989863574, 50.844139994835835], [-3.7961699898627255, 50.844789994836376], [-3.79681998986295, 50.84521999483669], [-3.7957899898618934, 50.84604999483739], [-3.7953499898616236, 50.846009994837345], [-3.7955599898620616, 50.845359994836826], [-3.7948899898617783, 50.845019994836555], [-3.7948099898619208, 50.84459999483625], [-3.793939989861391, 50.84451999483618], [-3.7928699898611202, 50.84357999483543], [-3.790359989859785, 50.842909994834926], [-3.78948998985972, 50.841819994834076], [-3.7885899898591813, 50.84170999483398], [-3.787869989859038, 50.84099999483342], [-3.7870899898586208, 50.840799994833276], [-3.786989989858984, 50.83986999483253], [-3.786509989858747, 50.839699994832394], [-3.7866999898590215, 50.839379994832115], [-3.785969989858914, 50.8385699948315], [-3.7834399898579183, 50.83714999483042], [-3.781569989856887, 50.836729994830065], [-3.781369989856955, 50.83629999482972], [-3.780339989856412, 50.83601999482951], [-3.780549989856958, 50.83513999482883], [-3.7796199898568603, 50.83402999482793], [-3.779420332600497, 50.83394467281677], [-3.7837429108367715, 50.83130187315727]]]}}, {"type": "Feature", "properties": {"type": "postcode-cell", "postcode": "EX17 6BE", "postcodes": ["EX17 6BE"]}, "geometry": {"type": "Polygon", "coordinates": [[[-3.8342446520862237, 50.838961721752526], [-3.8331546471895623, 50.84582781624326], [-3.8313099898856424, 50.84509999483623], [-3.829969989884501, 50.845669994836705], [-3.8293099898836385, 50.84659999483746], [-3.82815998988264, 50.84712999483789], [-3.8254199898809222, 50.84694999483777], [-3.8241199898816114, 50.843599994835124], [-3.822169989880844, 50.842479994834235], [-3.8227717018923464, 50.83966871962369], [-3.8342446520862237, 50.838961721752526]]]}}, {"type": "Feature", "properties": {"type": "postcode-cell", "postcode": "EX17 6BB", "postcodes": ["EX17 6BB"]}, "geometry": {"type": "Polygon", "coordinates": [[[-3.8484791142873265, 50.851714744359064], [-3.8409542375245365, 50.85731356211055], [-3.839919989886173, 50.85626999484512], [-3.8401399898865436, 50.85577999484471], [-3.8394499898861323, 50.85567999484464], [-3.839899989886533, 50.85545999484446], [-3.83912998988604, 50.855429994844435], [-3.8386899898861038, 50.85465999484383], [-3.837489989885367, 50.85453999484373], [-3.837479989885746, 50.8536999948431], [-3.8365599898853633, 50.85321999484269], [-3.8364199898856306, 50.85243999484208], [-3.834840534398257, 50.85188370874912], [-3.8472241952988906, 50.84536048219468], [-3.8489353556256733, 50.84589534480153], [-3.8485175457558705, 50.851670374129085], [-3.8484791142873265, 50.851714744359064]]]}}, {"type": "Feature", "properties": {"type": "postcode-cell", "postcode": "EX17 6AX", "postcodes": ["EX17 6AX"]}, "geometry": {"type": "Polygon", "coordinates": [[[-3.8451445163473013, 50.859462991113055], [-3.8398395062686683, 50.85973469195514], [-3.839989989884695, 50.85958999484779], [-3.8419099898861377, 50.85919999484745], [-3.842219989886525, 50.858799994847125], [-3.841779989886412, 50.85841999484683], [-3.8418299898868473, 50.85753999484612], [-3.841029989886389, 50.857389994846], [-3.8409542375245365, 50.85731356211055], [-3.8484791142873265, 50.851714744359064], [-3.851918990670576, 50.85311329941157], [-3.8480860918652975, 50.85817455005681], [-3.8451445163473013, 50.859462991113055]]]}}, {"type": "Feature", "properties": {"type": "postcode-cell", "postcode": "EX17 6BQ", "postcodes": ["EX17 6BQ"]}, "geometry": {"type": "Polygon", "coordinates": [[[-3.8487574298758127, 50.83721759935324], [-3.848061963349852, 50.835665337917156], [-3.84850433214047, 50.83025919018063], [-3.85063764299472, 50.82989881747803], [-3.8505583857721883, 50.83701107751203], [-3.8487574298758127, 50.83721759935324]]]}}, {"type": "Feature", "properties": {"type": "postcode-cell", "postcode": "EX17 6BG", "postcodes": ["EX17 6BG"]}, "geometry": {"type": "Polygon", "coordinates": [[[-3.8487574298758127, 50.83721759935324], [-3.842750562664348, 50.83972241555322], [-3.8360881577785184, 50.838674587791004], [-3.8427277417813066, 50.83003848790771], [-3.848061963349852, 50.835665337917156], [-3.8487574298758127, 50.83721759935324]]]}}, {"type": "Feature", "properties": {"type": "postcode-cell", "postcode": "EX17 6FN", "postcodes": ["EX17 6FN"]}, "geometry": {"type": "Polygon", "coordinates": [[[-3.848061963349852, 50.835665337917156], [-3.8427277417813066, 50.83003848790771], [-3.842781012991774, 50.82980269111173], [-3.84850433214047, 50.83025919018063], [-3.848061963349852, 50.835665337917156]]]}}, {"type": "Feature", "properties": {"type": "postcode-cell", "postcode": "EX17 6LH", "postcodes": ["EX17 6LH"]}, "geometry": {"type": "Polygon", "coordinates": [[[-3.843797597267225, 50.82241230353156], [-3.8531819684834354, 50.82311875554494], [-3.854398010864536, 50.82663965042223], [-3.8402705830915465, 50.82693347412572], [-3.838901111866395, 50.82600446762884], [-3.843797597267225, 50.82241230353156]]]}}, {"type": "Feature", "properties": {"type": "postcode-cell", "postcode": "EX17 6LG", "postcodes": ["EX17 6LG"]}, "geometry": {"type": "Polygon", "coordinates": [[[-3.838901111866395, 50.82600446762884], [-3.83158982002022, 50.825842040561625], [-3.831457367322567, 50.82304458953191], [-3.833450392030355, 50.81828331009688], [-3.8424524120113297, 50.81410547905081], [-3.8393999899036726, 50.81746999481396], [-3.8389899899031, 50.81812999481449], [-3.8394299899030995, 50.818759994815], [-3.839879989903519, 50.818489994814776], [-3.8424499899051625, 50.81858999481483], [-3.843291488212899, 50.81841911635771], [-3.843797597267225, 50.82241230353156], [-3.838901111866395, 50.82600446762884]]]}}, {"type": "Feature", "properties": {"type": "postcode-cell", "postcode": "EX17 6DR", "postcodes": ["EX17 6DR"]}, "geometry": {"type": "Polygon", "coordinates": [[[-3.8427277417813066, 50.83003848790771], [-3.8360881577785184, 50.838674587791004], [-3.83471789060244, 50.83873723717245], [-3.8311012221238525, 50.83179552832081], [-3.830446498644231, 50.826402115290634], [-3.83158982002022, 50.825842040561625], [-3.838901111866395, 50.82600446762884], [-3.8402705830915465, 50.82693347412572], [-3.842781012991774, 50.82980269111173], [-3.8427277417813066, 50.83003848790771]]]}}, {"type": "Feature", "properties": {"type": "postcode-cell", "postcode": "EX17 6BD", "postcodes": ["EX17 6BD"]}, "geometry": {"type": "Polygon", "coordinates": [[[-3.842750562664348, 50.83972241555322], [-3.8472241952988906, 50.84536048219468], [-3.834840534398257, 50.85188370874912], [-3.8348299898848417, 50.85187999484164], [-3.8338499898846017, 50.85099999484095], [-3.83524998988623, 50.849459994839684], [-3.837279989888042, 50.84841999483883], [-3.837189989888324, 50.847679994838224], [-3.8364299898880825, 50.8471199948378], [-3.8331546471895623, 50.84582781624326], [-3.8342446520862237, 50.838961721752526], [-3.83471789060244, 50.83873723717245], [-3.8360881577785184, 50.838674587791004], [-3.842750562664348, 50.83972241555322]]]}}, {"type": "Feature", "properties": {"type": "postcode-cell", "postcode": "EX17 6LA", "postcodes": ["EX17 6LA"]}, "geometry": {"type": "Polygon", "coordinates": [[[-3.831322644701244, 50.80358881771093], [-3.8293966570701365, 50.8036405641155], [-3.8244715963067337, 50.8019896067883], [-3.8240631110836283, 50.800902327369286], [-3.824105738942246, 50.799944815950106], [-3.826084496508119, 50.79666767955407], [-3.8377353681428477, 50.79454147086645], [-3.838179989913216, 50.79501999479602], [-3.837279989912539, 50.79519999479615], [-3.8390699899125527, 50.797719994798165], [-3.839589950991099, 50.79953989052009], [-3.835715987643365, 50.80299760713205], [-3.831322644701244, 50.80358881771093]]]}}, {"type": "Feature", "properties": {"type": "postcode-cell", "postcode": "EX17 6FA", "postcodes": ["EX17 6FA"]}, "geometry": {"type": "Polygon", "coordinates": [[[-3.835715987643365, 50.80299760713205], [-3.8355846889348904, 50.810384083856526], [-3.826356649475557, 50.81129844813786], [-3.825619298048933, 50.811087642170094], [-3.831322644701244, 50.80358881771093], [-3.835715987643365, 50.80299760713205]]]}}, {"type": "Feature", "properties": {"type": "postcode-cell", "postcode": "EX17 6JD", "postcodes": ["EX17 6JD"]}, "geometry": {"type": "Polygon", "coordinates": [[[-3.8183360604762018, 50.788740844132334], [-3.816050073288002, 50.78012289199816], [-3.8249733626289775, 50.776803607198225], [-3.8251299899130182, 50.77691999478169], [-3.8242899899118874, 50.77817999478271], [-3.822359989910118, 50.77927999478363], [-3.8220999899097166, 50.779779994784036], [-3.8225799899097472, 50.78038999478451], [-3.8220399899091135, 50.78099999478502], [-3.827089989912574, 50.78065999478468], [-3.8452499899241865, 50.781279994784946], [-3.845389989924136, 50.781579994785176], [-3.8437599899228365, 50.78208999478561], [-3.842969989921855, 50.7830899947864], [-3.842559989921638, 50.78297999478632], [-3.8425499899214426, 50.78338999478667], [-3.841509989920567, 50.78380999478701], [-3.8419499899205993, 50.78435999478744], [-3.841479989920141, 50.7846899947877], [-3.8418699899203195, 50.78485999478784], [-3.8411999899191906, 50.786349994789035], [-3.841939989919587, 50.7865499947892], [-3.841279989919017, 50.78683999478943], [-3.841379989918913, 50.78720999478973], [-3.8398599899177563, 50.787559994790016], [-3.839867804335669, 50.78846647969004], [-3.8183360604762018, 50.788740844132334]]]}}, {"type": "Feature", "properties": {"type": "postcode-cell", "postcode": "EX17 6DP", "postcodes": ["EX17 6DP"]}, "geometry": {"type": "Polygon", "coordinates": [[[-3.83471789060244, 50.83873723717245], [-3.8342446520862237, 50.838961721752526], [-3.8227717018923464, 50.83966871962369], [-3.8227799898825574, 50.83962999483194], [-3.8193520425113734, 50.83844771551798], [-3.8182781213851817, 50.834596312485], [-3.8311012221238525, 50.83179552832081], [-3.83471789060244, 50.83873723717245]]]}}, {"type": "Feature", "properties": {"type": "postcode-cell", "postcode": "EX17 6LE", "postcodes": ["EX17 6LE"]}, "geometry": {"type": "Polygon", "coordinates": [[[-3.831457367322567, 50.82304458953191], [-3.823702519666617, 50.818245483014934], [-3.8278116419921773, 50.8159255773904], [-3.833450392030355, 50.81828331009688], [-3.831457367322567, 50.82304458953191]]]}}, {"type": "Feature", "properties": {"type": "postcode-cell", "postcode": "EX17 6DQ", "postcodes": ["EX17 6DQ"]}, "geometry": {"type": "Polygon", "coordinates": [[[-3.83158982002022, 50.825842040561625], [-3.830446498644231, 50.826402115290634], [-3.826132179516123, 50.82642488352662], [-3.825366766154577, 50.82552923500238], [-3.821698290753291, 50.81924460063261], [-3.821859011222779, 50.81837854381663], [-3.823702519666617, 50.818245483014934], [-3.831457367322567, 50.82304458953191], [-3.83158982002022, 50.825842040561625]]]}}, {"type": "Feature", "properties": {"type": "postcode-cell", "postcode": "EX17 6LD", "postcodes": ["EX17 6LD"]}, "geometry": {"type": "Polygon", "coordinates": [[[-3.8278116419921773, 50.8159255773904], [-3.826356649475557, 50.81129844813786], [-3.8355846889348904, 50.810384083856526], [-3.8425519956807688, 50.813995704121936], [-3.8424524120113297, 50.81410547905081], [-3.833450392030355, 50.81828331009688], [-3.8278116419921773, 50.8159255773904]]]}}, {"type": "Feature", "properties": {"type": "postcode-cell", "postcode": "EX17 6LB", "postcodes": ["EX17 6LB"]}, "geometry": {"type": "Polygon", "coordinates": [[[-3.8293966570701365, 50.8036405641155], [-3.831322644701244, 50.80358881771093], [-3.825619298048933, 50.811087642170094], [-3.8220609157554666, 50.81038570073284], [-3.8218244299223367, 50.808174530538736], [-3.8293966570701365, 50.8036405641155]]]}}, {"type": "Feature", "properties": {"type": "postcode-cell", "postcode": "EX17 6FJ", "postcodes": ["EX17 6FJ"]}, "geometry": {"type": "Polygon", "coordinates": [[[-3.8218244299223367, 50.808174530538736], [-3.819711550115428, 50.805204184869936], [-3.8244715963067337, 50.8019896067883], [-3.8293966570701365, 50.8036405641155], [-3.8218244299223367, 50.808174530538736]]]}}, {"type": "Feature", "properties": {"type": "postcode-cell", "postcode": "EX17 6DE", "postcodes": ["EX17 6DE"]}, "geometry": {"type": "Polygon", "coordinates": [[[-3.826356649475557, 50.81129844813786], [-3.8278116419921773, 50.8159255773904], [-3.823702519666617, 50.818245483014934], [-3.821859011222779, 50.81837854381663], [-3.813369505732334, 50.81459061641906], [-3.814628761562267, 50.81321385609465], [-3.8220609157554666, 50.81038570073284], [-3.825619298048933, 50.811087642170094], [-3.826356649475557, 50.81129844813786]]]}}, {"type": "Feature", "properties": {"type": "postcode-cell", "postcode": "EX17 6HZ", "postcodes": ["EX17 6HZ"]}, "geometry": {"type": "Polygon", "coordinates": [[[-3.826084496508119, 50.79666767955407], [-3.8256333835432947, 50.79657146159759], [-3.820604843817011, 50.79461439473657], [-3.8158759208061466, 50.79068378675151], [-3.8183360604762018, 50.788740844132334], [-3.839867804335669, 50.78846647969004], [-3.8398699899172253, 50.788719994790945], [-3.8386499899157034, 50.79028999479221], [-3.839569989916239, 50.79043999479234], [-3.8392099899156698, 50.79115999479289], [-3.83808998991476, 50.791539994793226], [-3.8377899899143038, 50.79209999479367], [-3.836379989913354, 50.79215999479375], [-3.8364099899131, 50.79274999479422], [-3.835899989912643, 50.793019994794435], [-3.8361999899124335, 50.79389999479515], [-3.8369999899130285, 50.793749994795], [-3.8377353681428477, 50.79454147086645], [-3.826084496508119, 50.79666767955407]]]}}, {"type": "Feature", "properties": {"type": "postcode-cell", "postcode": "EX17 6DT", "postcodes": ["EX17 6DT"]}, "geometry": {"type": "Polygon", "coordinates": [[[-3.7948750927020627, 50.831196482628066], [-3.80190663620896, 50.82975520193669], [-3.8116407296712422, 50.829426285916114], [-3.813619540074964, 50.8303994154811], [-3.805936129213709, 50.8360483077139], [-3.803639989871753, 50.83582999482909], [-3.800789989870356, 50.83480999482831], [-3.7999099898697346, 50.83490999482838], [-3.8006099898699786, 50.83536999482875], [-3.7999899898693674, 50.83581999482912], [-3.7987899898685815, 50.835819994829144], [-3.797899989867496, 50.83689999483002], [-3.798509989867956, 50.83676999482988], [-3.798849989868014, 50.83712999483021], [-3.7982599898673963, 50.837629994830614], [-3.7979199898672733, 50.83741999483044], [-3.798109989867176, 50.837899994830835], [-3.797309989866447, 50.838339994831195], [-3.79765998986634, 50.83906999483176], [-3.7969499898658463, 50.83912999483183], [-3.797739989866097, 50.83970999483227], [-3.797409989865586, 50.840349994832806], [-3.7982299898659515, 50.84071999483307], [-3.796931290638633, 50.841170933317144], [-3.793859853268002, 50.83246156566062], [-3.7948750927020627, 50.831196482628066]]]}}, {"type": "Feature", "properties": {"type": "postcode-cell", "postcode": "EX17 6DS", "postcodes": ["EX17 6DS"]}, "geometry": {"type": "Polygon", "coordinates": [[[-3.813619540074964, 50.8303994154811], [-3.815773457500701, 50.83073582353053], [-3.8182781213851817, 50.834596312485], [-3.8193520425113734, 50.83844771551798], [-3.8181699898802646, 50.83803999483071], [-3.816389989878977, 50.83829999483093], [-3.81240998987678, 50.837399994830264], [-3.810749989876041, 50.83663999482969], [-3.810759989875831, 50.83710999483005], [-3.8091099898750995, 50.83634999482947], [-3.805936129213709, 50.8360483077139], [-3.813619540074964, 50.8303994154811]]]}}, {"type": "Feature", "properties": {"type": "postcode-cell", "postcode": "EX17 6ER", "postcodes": ["EX17 6ER"]}, "geometry": {"type": "Polygon", "coordinates": [[[-3.8244715963067337, 50.8019896067883], [-3.819711550115428, 50.805204184869936], [-3.8192340365601463, 50.804997883003814], [-3.8201585550902863, 50.80175070742748], [-3.8210331182674984, 50.80127375531351], [-3.8240631110836283, 50.800902327369286], [-3.8244715963067337, 50.8019896067883]]]}}, {"type": "Feature", "properties": {"type": "postcode-cell", "postcode": "EX17 6HY", "postcodes": ["EX17 6HY"]}, "geometry": {"type": "Polygon", "coordinates": [[[-3.820604843817011, 50.79461439473657], [-3.8179807023500985, 50.79671059936152], [-3.8169367928440003, 50.79666014966828], [-3.814912721393621, 50.796266773737905], [-3.813653358373661, 50.79136996551003], [-3.814289823026131, 50.7910259129551], [-3.8158759208061466, 50.79068378675151], [-3.820604843817011, 50.79461439473657]]]}}, {"type": "Feature", "properties": {"type": "postcode-cell", "postcode": "EX17 6DW", "postcodes": ["EX17 6DW"]}, "geometry": {"type": "Polygon", "coordinates": [[[-3.815773457500701, 50.83073582353053], [-3.8226949379145285, 50.82713896601353], [-3.826132179516123, 50.82642488352662], [-3.830446498644231, 50.826402115290634], [-3.8311012221238525, 50.83179552832081], [-3.8182781213851817, 50.834596312485], [-3.815773457500701, 50.83073582353053]]]}}, {"type": "Feature", "properties": {"type": "postcode-cell", "postcode": "EX17 6DG", "postcodes": ["EX17 6DG"]}, "geometry": {"type": "Polygon", "coordinates": [[[-3.825366766154577, 50.82552923500238], [-3.819584535185221, 50.821406797009665], [-3.819474064165923, 50.821164607593595], [-3.821698290753291, 50.81924460063261], [-3.825366766154577, 50.82552923500238]]]}}, {"type": "Feature", "properties": {"type": "postcode-cell", "postcode": "EX17 6DD", "postcodes": ["EX17 6DD"]}, "geometry": {"type": "Polygon", "coordinates": [[[-3.8220609157554666, 50.81038570073284], [-3.814628761562267, 50.81321385609465], [-3.808908938734787, 50.80549806258992], [-3.8090669334293974, 50.80539788879166], [-3.8122101767610825, 50.804350929825794], [-3.81569402936583, 50.80416376228329], [-3.8157685756162047, 50.80416488300646], [-3.818226753813671, 50.80467554056298], [-3.8192340365601463, 50.804997883003814], [-3.819711550115428, 50.805204184869936], [-3.8218244299223367, 50.808174530538736], [-3.8220609157554666, 50.81038570073284]]]}}, {"type": "Feature", "properties": {"type": "postcode-cell", "postcode": "EX17 6DH", "postcodes": ["EX17 6DH"]}, "geometry": {"type": "Polygon", "coordinates": [[[-3.8226949379145285, 50.82713896601353], [-3.8184612727737632, 50.8243881818743], [-3.817893106156163, 50.823877060421516], [-3.81801081784716, 50.82322916473349], [-3.819584535185221, 50.821406797009665], [-3.825366766154577, 50.82552923500238], [-3.826132179516123, 50.82642488352662], [-3.8226949379145285, 50.82713896601353]]]}}, {"type": "Feature", "properties": {"type": "postcode-cell", "postcode": "EX17 6EP", "postcodes": ["EX17 6EP"]}, "geometry": {"type": "Polygon", "coordinates": [[[-3.8201585550902863, 50.80175070742748], [-3.8195945421186535, 50.80147585982562], [-3.819647553570186, 50.801217251436725], [-3.8210319173754073, 50.801273404210214], [-3.8210331182674984, 50.80127375531351], [-3.8201585550902863, 50.80175070742748]]]}}, {"type": "Feature", "properties": {"type": "postcode-cell", "postcode": "EX17 6JE", "postcodes": ["EX17 6JE"]}, "geometry": {"type": "Polygon", "coordinates": [[[-3.824105738942246, 50.799944815950106], [-3.8196139245920744, 50.79992049236546], [-3.8193373761945084, 50.79954312051196], [-3.8205448053874873, 50.79806004322042], [-3.8256333835432947, 50.79657146159759], [-3.826084496508119, 50.79666767955407], [-3.824105738942246, 50.799944815950106]]]}}, {"type": "Feature", "properties": {"type": "postcode-cell", "postcode": "EX17 6DF", "postcodes": ["EX17 6DF"]}, "geometry": {"type": "Polygon", "coordinates": [[[-3.821698290753291, 50.81924460063261], [-3.819474064165923, 50.821164607593595], [-3.817232170754307, 50.821065816657125], [-3.8077538540575984, 50.81780501030161], [-3.809966346265877, 50.816100556900246], [-3.813369505732334, 50.81459061641906], [-3.821859011222779, 50.81837854381663], [-3.821698290753291, 50.81924460063261]]]}}, {"type": "Feature", "properties": {"type": "postcode-cell", "postcode": "EX17 6JB", "postcodes": ["EX17 6JB"]}, "geometry": {"type": "Polygon", "coordinates": [[[-3.8205448053874873, 50.79806004322042], [-3.8186700761333805, 50.79807285105694], [-3.818182973754363, 50.797678280203414], [-3.8179066365560868, 50.797044283767924], [-3.8179807023500985, 50.79671059936152], [-3.820604843817011, 50.79461439473657], [-3.8256333835432947, 50.79657146159759], [-3.8205448053874873, 50.79806004322042]]]}}, {"type": "Feature", "properties": {"type": "postcode-cell", "postcode": "EX17 6ES", "postcodes": ["EX17 6ES"]}, "geometry": {"type": "Polygon", "coordinates": [[[-3.8240631110836283, 50.800902327369286], [-3.8210331182674984, 50.80127375531351], [-3.8210319173754073, 50.801273404210214], [-3.819358460849049, 50.80057234818959], [-3.8191494293204, 50.80038705980502], [-3.8196139245920744, 50.79992049236546], [-3.824105738942246, 50.799944815950106], [-3.8240631110836283, 50.800902327369286]]]}}, {"type": "Feature", "properties": {"type": "postcode-cell", "postcode": "EX17 6JZ", "postcodes": ["EX17 6JZ"]}, "geometry": {"type": "Polygon", "coordinates": [[[-3.8196139245920744, 50.79992049236546], [-3.8191494293204, 50.80038705980502], [-3.8184948890386323, 50.8005959191276], [-3.8182056549788728, 50.800626875475665], [-3.8173261694469596, 50.80052907422591], [-3.816769639514307, 50.80028978926448], [-3.8188112288313083, 50.79931997197187], [-3.8193373761945084, 50.79954312051196], [-3.8196139245920744, 50.79992049236546]]]}}, {"type": "Feature", "properties": {"type": "postcode-cell", "postcode": "EX17 6EW", "postcodes": ["EX17 6EW"]}, "geometry": {"type": "Polygon", "coordinates": [[[-3.8187315003383357, 50.80190225166736], [-3.818798655029868, 50.80182600254691], [-3.8192277786081923, 50.801541121746446], [-3.8195945421186535, 50.80147585982562], [-3.8201585550902863, 50.80175070742748], [-3.8192340365601463, 50.804997883003814], [-3.818226753813671, 50.80467554056298], [-3.8187315003383357, 50.80190225166736]]]}}, {"type": "Feature", "properties": {"type": "postcode-cell", "postcode": "EX17 6EN", "postcodes": ["EX17 6EN"]}, "geometry": {"type": "Polygon", "coordinates": [[[-3.818226753813671, 50.80467554056298], [-3.8157685756162047, 50.80416488300646], [-3.816129852884946, 50.8031914267745], [-3.816894975474965, 50.80205731715816], [-3.8180970977314432, 50.801382834272786], [-3.8187315003383357, 50.80190225166736], [-3.818226753813671, 50.80467554056298]]]}}, {"type": "Feature", "properties": {"type": "postcode-cell", "postcode": "EX17 6FG", "postcodes": ["EX17 6FG"]}, "geometry": {"type": "Polygon", "coordinates": [[[-3.8193373761945084, 50.79954312051196], [-3.8188112288313083, 50.79931997197187], [-3.818117731473018, 50.798897396250794], [-3.8186700761333805, 50.79807285105694], [-3.8205448053874873, 50.79806004322042], [-3.8193373761945084, 50.79954312051196]]]}}, {"type": "Feature", "properties": {"type": "postcode-cell", "postcode": "EX17 6ET", "postcodes": ["EX17 6ET"]}, "geometry": {"type": "Polygon", "coordinates": [[[-3.8210319173754073, 50.801273404210214], [-3.819647553570186, 50.801217251436725], [-3.819358460849049, 50.80057234818959], [-3.8210319173754073, 50.801273404210214]]]}}, {"type": "Feature", "properties": {"type": "postcode-cell", "postcode": "EX17 6TA", "postcodes": ["EX17 6TA"]}, "geometry": {"type": "Polygon", "coordinates": [[[-3.8195945421186535, 50.80147585982562], [-3.8192277786081923, 50.801541121746446], [-3.818506778420517, 50.800618324138775], [-3.8184948890386323, 50.8005959191276], [-3.8191494293204, 50.80038705980502], [-3.819358460849049, 50.80057234818959], [-3.819647553570186, 50.801217251436725], [-3.8195945421186535, 50.80147585982562]]]}}, {"type": "Feature", "properties": {"type": "postcode-cell", "postcode": "EX17 6EU", "postcodes": ["EX17 6EU"]}, "geometry": {"type": "Polygon", "coordinates": [[[-3.818798655029868, 50.80182600254691], [-3.818506778420517, 50.800618324138775], [-3.8192277786081923, 50.801541121746446], [-3.818798655029868, 50.80182600254691]]]}}, {"type": "Feature", "properties": {"type": "postcode-cell", "postcode": "EX17 6EX", "postcodes": ["EX17 6EX"]}, "geometry": {"type": "Polygon", "coordinates": [[[-3.8187315003383357, 50.80190225166736], [-3.8180970977314432, 50.801382834272786], [-3.8182056549788728, 50.800626875475665], [-3.8184948890386323, 50.8005959191276], [-3.818506778420517, 50.800618324138775], [-3.818798655029868, 50.80182600254691], [-3.8187315003383357, 50.80190225166736]]]}}, {"type": "Feature", "properties": {"type": "postcode-cell", "postcode": "EX17 6LR", "postcodes": ["EX17 6LR"]}, "geometry": {"type": "Polygon", "coordinates": [[[-3.818117731473018, 50.798897396250794], [-3.8178529070868144, 50.7989236360526], [-3.8168202050408917, 50.79846936403893], [-3.8169029153684546, 50.79819018335527], [-3.818182973754363, 50.797678280203414], [-3.8186700761333805, 50.79807285105694], [-3.818117731473018, 50.798897396250794]]]}}, {"type": "Feature", "properties": {"type": "postcode-cell", "postcode": "EX17 6LS", "postcodes": ["EX17 6LS"]}, "geometry": {"type": "Polygon", "coordinates": [[[-3.818182973754363, 50.797678280203414], [-3.8169029153684546, 50.79819018335527], [-3.816383242406688, 50.79764235915222], [-3.8179066365560868, 50.797044283767924], [-3.818182973754363, 50.797678280203414]]]}}, {"type": "Feature", "properties": {"type": "postcode-cell", "postcode": "EX17 6EG", "postcodes": ["EX17 6EG"]}, "geometry": {"type": "Polygon", "coordinates": [[[-3.81801081784716, 50.82322916473349], [-3.817232170754307, 50.821065816657125], [-3.819474064165923, 50.821164607593595], [-3.819584535185221, 50.821406797009665], [-3.81801081784716, 50.82322916473349]]]}}, {"type": "Feature", "properties": {"type": "postcode-cell", "postcode": "EX17 6DJ", "postcodes": ["EX17 6DJ"]}, "geometry": {"type": "Polygon", "coordinates": [[[-3.817893106156163, 50.823877060421516], [-3.8074642907035425, 50.82048624920074], [-3.8069797859719676, 50.81996352275313], [-3.806179541046778, 50.81869797696364], [-3.8077538540575984, 50.81780501030161], [-3.817232170754307, 50.821065816657125], [-3.81801081784716, 50.82322916473349], [-3.817893106156163, 50.823877060421516]]]}}, {"type": "Feature", "properties": {"type": "postcode-cell", "postcode": "EX17 6EY", "postcodes": ["EX17 6EY"]}, "geometry": {"type": "Polygon", "coordinates": [[[-3.8182056549788728, 50.800626875475665], [-3.8180970977314432, 50.801382834272786], [-3.816894975474965, 50.80205731715816], [-3.8173261694469596, 50.80052907422591], [-3.8182056549788728, 50.800626875475665]]]}}, {"type": "Feature", "properties": {"type": "postcode-cell", "postcode": "EX17 6JY", "postcodes": ["EX17 6JY"]}, "geometry": {"type": "Polygon", "coordinates": [[[-3.8188112288313083, 50.79931997197187], [-3.816769639514307, 50.80028978926448], [-3.8166369226201944, 50.800246422834825], [-3.816634130371283, 50.8002449835558], [-3.816342286689452, 50.799970381323654], [-3.8178529070868144, 50.7989236360526], [-3.818117731473018, 50.798897396250794], [-3.8188112288313083, 50.79931997197187]]]}}, {"type": "Feature", "properties": {"type": "postcode-cell", "postcode": "EX17 6EZ", "postcodes": ["EX17 6EZ"]}, "geometry": {"type": "Polygon", "coordinates": [[[-3.816129852884946, 50.8031914267745], [-3.8157685756162047, 50.80416488300646], [-3.81569402936583, 50.80416376228329], [-3.814986616159389, 50.801278643274195], [-3.8153965863263912, 50.8010965229968], [-3.815724152916214, 50.8012376641547], [-3.816039992972602, 50.80165565288419], [-3.816129852884946, 50.8031914267745]]]}}, {"type": "Feature", "properties": {"type": "postcode-cell", "postcode": "EX17 6EL", "postcodes": ["EX17 6EL"]}, "geometry": {"type": "Polygon", "coordinates": [[[-3.816039992972602, 50.80165565288419], [-3.8166369226201944, 50.800246422834825], [-3.816769639514307, 50.80028978926448], [-3.8173261694469596, 50.80052907422591], [-3.816894975474965, 50.80205731715816], [-3.816129852884946, 50.8031914267745], [-3.816039992972602, 50.80165565288419]]]}}, {"type": "Feature", "properties": {"type": "postcode-cell", "postcode": "EX17 6HT", "postcodes": ["EX17 6HT"]}, "geometry": {"type": "Polygon", "coordinates": [[[-3.816342286689452, 50.799970381323654], [-3.8158649577609483, 50.799807086989546], [-3.8155097062778345, 50.799029955861904], [-3.815538326474095, 50.798759225054084], [-3.8168202050408917, 50.79846936403893], [-3.8178529070868144, 50.7989236360526], [-3.816342286689452, 50.799970381323654]]]}}, {"type": "Feature", "properties": {"type": "postcode-cell", "postcode": "EX17 6HR", "postcodes": ["EX17 6HR"]}, "geometry": {"type": "Polygon", "coordinates": [[[-3.815724152916214, 50.8012376641547], [-3.8161712576196063, 50.80055235484079], [-3.816634130371283, 50.8002449835558], [-3.8166369226201944, 50.800246422834825], [-3.816039992972602, 50.80165565288419], [-3.815724152916214, 50.8012376641547]]]}}, {"type": "Feature", "properties": {"type": "postcode-cell", "postcode": "EX17 6FP", "postcodes": ["EX17 6FP", "EX17 6FT"]}, "geometry": {"type": "Polygon", "coordinates": [[[-3.8226949379145285, 50.82713896601353], [-3.815773457500701, 50.83073582353053], [-3.813619540074964, 50.8303994154811], [-3.8116407296712422, 50.829426285916114], [-3.810003875550813, 50.82509946466646], [-3.8184612727737632, 50.8243881818743], [-3.8226949379145285, 50.82713896601353]]]}}, {"type": "Feature", "properties": {"type": "postcode-cell", "postcode": "EX6 6LR", "postcodes": ["EX6 6LR"]}, "geometry": {"type": "Polygon", "coordinates": [[[-3.8090394162607333, 50.762759609902496], [-3.800483915867997, 50.76704180550271], [-3.7840151554423342, 50.759629995800324], [-3.784089989894235, 50.75962999476846], [-3.784949989894629, 50.75998999476874], [-3.786139989895486, 50.75980999476859], [-3.786219989895356, 50.76019999476888], [-3.787659989896342, 50.7600999947688], [-3.788859989896921, 50.76053999476912], [-3.7889899898966677, 50.761269994769705], [-3.789499989897077, 50.761099994769566], [-3.7896499898969958, 50.76148999476988], [-3.7901699898973766, 50.761399994769796], [-3.790759989897607, 50.761729994770064], [-3.7915399898981366, 50.761679994769985], [-3.7923699898989263, 50.76114999476956], [-3.7928399898990888, 50.7614599947698], [-3.793149989899477, 50.76104999476945], [-3.793809989899793, 50.76129999476967], [-3.7941199899002034, 50.76084999476931], [-3.7949399899007155, 50.76089999476934], [-3.795359989901161, 50.76052999476902], [-3.796689989902123, 50.760319994768835], [-3.797059989902254, 50.76055999476903], [-3.7979199899031553, 50.75982999476843], [-3.7988099899036807, 50.759949994768526], [-3.7989199899035104, 50.76046999476892], [-3.7991299899037583, 50.760229994768736], [-3.8000399899043047, 50.76032999476881], [-3.799949989904335, 50.76013999476865], [-3.8006299899047864, 50.76011999476863], [-3.800639989904686, 50.760349994768795], [-3.8019199899055867, 50.76020999476869], [-3.8026499899063455, 50.7595999947682], [-3.8031799899064773, 50.76005999476856], [-3.803869989906887, 50.760149994768625], [-3.8058399899087, 50.75900999476767], [-3.8062299899086254, 50.759719994768254], [-3.807369989909042, 50.76042999476879], [-3.8073799899092564, 50.759979994768436], [-3.81113509887425, 50.759999059213534], [-3.8090394162607333, 50.762759609902496]]]}}, {"type": "Feature", "properties": {"type": "postcode-cell", "postcode": "EX17 6LT", "postcodes": ["EX17 6LT"]}, "geometry": {"type": "Polygon", "coordinates": [[[-3.8179066365560868, 50.797044283767924], [-3.816383242406688, 50.79764235915222], [-3.8156291968267193, 50.79757552390703], [-3.8169367928440003, 50.79666014966828], [-3.8179807023500985, 50.79671059936152], [-3.8179066365560868, 50.797044283767924]]]}}, {"type": "Feature", "properties": {"type": "postcode-cell", "postcode": "EX17 6JA", "postcodes": ["EX17 6JA"]}, "geometry": {"type": "Polygon", "coordinates": [[[-3.8158759208061466, 50.79068378675151], [-3.814289823026131, 50.7910259129551], [-3.8010511401352347, 50.7820681878103], [-3.8002372860159195, 50.7790385087502], [-3.816050073288002, 50.78012289199816], [-3.8183360604762018, 50.788740844132334], [-3.8158759208061466, 50.79068378675151]]]}}, {"type": "Feature", "properties": {"type": "postcode-cell", "postcode": "EX17 6LP", "postcodes": ["EX17 6LP"]}, "geometry": {"type": "Polygon", "coordinates": [[[-3.8168202050408917, 50.79846936403893], [-3.815538326474095, 50.798759225054084], [-3.814451344543333, 50.797618364507976], [-3.8156291968267193, 50.79757552390703], [-3.816383242406688, 50.79764235915222], [-3.8169029153684546, 50.79819018335527], [-3.8168202050408917, 50.79846936403893]]]}}, {"type": "Feature", "properties": {"type": "postcode-cell", "postcode": "EX17 6LU", "postcodes": ["EX17 6LU"]}, "geometry": {"type": "Polygon", "coordinates": [[[-3.8156291968267193, 50.79757552390703], [-3.814451344543333, 50.797618364507976], [-3.814312513164706, 50.797561942836786], [-3.814912721393621, 50.796266773737905], [-3.8169367928440003, 50.79666014966828], [-3.8156291968267193, 50.79757552390703]]]}}, {"type": "Feature", "properties": {"type": "postcode-cell", "postcode": "EX17 5AS", "postcodes": ["EX17 5AS"]}, "geometry": {"type": "Polygon", "coordinates": [[[-3.816050073288002, 50.78012289199816], [-3.8002372860159195, 50.7790385087502], [-3.798869620247988, 50.778281340936296], [-3.801095379965904, 50.774207759189785], [-3.814800234153527, 50.76987831685166], [-3.8202294304360462, 50.770670901845726], [-3.8206099899124863, 50.7716799947776], [-3.8216799899124925, 50.77317999477877], [-3.822589989912841, 50.773709994779196], [-3.822949989912342, 50.775299994780454], [-3.8249733626289775, 50.776803607198225], [-3.816050073288002, 50.78012289199816]]]}}, {"type": "Feature", "properties": {"type": "postcode-cell", "postcode": "EX17 6HS", "postcodes": ["EX17 6HS"]}, "geometry": {"type": "Polygon", "coordinates": [[[-3.816634130371283, 50.8002449835558], [-3.8161712576196063, 50.80055235484079], [-3.8154878672893506, 50.800902601093355], [-3.814804059949139, 50.80080130756158], [-3.814642461916268, 50.80011835956401], [-3.8158649577609483, 50.799807086989546], [-3.816342286689452, 50.799970381323654], [-3.816634130371283, 50.8002449835558]]]}}, {"type": "Feature", "properties": {"type": "postcode-cell", "postcode": "EX17 6HP", "postcodes": ["EX17 6HP"]}, "geometry": {"type": "Polygon", "coordinates": [[[-3.8161712576196063, 50.80055235484079], [-3.815724152916214, 50.8012376641547], [-3.8153965863263912, 50.8010965229968], [-3.8154878672893506, 50.800902601093355], [-3.8161712576196063, 50.80055235484079]]]}}, {"type": "Feature", "properties": {"type": "postcode-cell", "postcode": "EX17 6HU", "postcodes": ["EX17 6HU"]}, "geometry": {"type": "Polygon", "coordinates": [[[-3.814451344543333, 50.797618364507976], [-3.815538326474095, 50.798759225054084], [-3.8155097062778345, 50.799029955861904], [-3.8121304987185427, 50.79933322278857], [-3.811612191772976, 50.79803766995105], [-3.814312513164706, 50.797561942836786], [-3.814451344543333, 50.797618364507976]]]}}, {"type": "Feature", "properties": {"type": "postcode-cell", "postcode": "EX17 6HB", "postcodes": ["EX17 6HB"]}, "geometry": {"type": "Polygon", "coordinates": [[[-3.813560624852983, 50.80124430529146], [-3.814131541669128, 50.80089517860647], [-3.814720298748009, 50.80097482234386], [-3.814732281383803, 50.8011070070922], [-3.8134361785041175, 50.80143889902689], [-3.813560624852983, 50.80124430529146]]]}}, {"type": "Feature", "properties": {"type": "postcode-cell", "postcode": "EX17 6HF", "postcodes": ["EX17 6HF"]}, "geometry": {"type": "Polygon", "coordinates": [[[-3.8134361785041175, 50.80143889902689], [-3.8133047938187685, 50.801544077765044], [-3.812886787801379, 50.799765676278525], [-3.813716733263868, 50.800038374050914], [-3.813560624852983, 50.80124430529146], [-3.8134361785041175, 50.80143889902689]]]}}, {"type": "Feature", "properties": {"type": "postcode-cell", "postcode": "EX17 6JH", "postcodes": ["EX17 6JH"]}, "geometry": {"type": "Polygon", "coordinates": [[[-3.8158649577609483, 50.799807086989546], [-3.814642461916268, 50.80011835956401], [-3.8142780938691567, 50.80011239117653], [-3.813716733263868, 50.800038374050914], [-3.812886787801379, 50.799765676278525], [-3.812145807604776, 50.79945522946538], [-3.812139037894731, 50.79942440854935], [-3.8121304987185427, 50.79933322278857], [-3.8155097062778345, 50.799029955861904], [-3.8158649577609483, 50.799807086989546]]]}}, {"type": "Feature", "properties": {"type": "postcode-cell", "postcode": "EX17 6HW", "postcodes": ["EX17 6HW"]}, "geometry": {"type": "Polygon", "coordinates": [[[-3.814986616159389, 50.801278643274195], [-3.814732281383803, 50.8011070070922], [-3.814720298748009, 50.80097482234386], [-3.814804059949139, 50.80080130756158], [-3.8154878672893506, 50.800902601093355], [-3.8153965863263912, 50.8010965229968], [-3.814986616159389, 50.801278643274195]]]}}, {"type": "Feature", "properties": {"type": "postcode-cell", "postcode": "EX17 6FW", "postcodes": ["EX17 6FW"]}, "geometry": {"type": "Polygon", "coordinates": [[[-3.813369505732334, 50.81459061641906], [-3.809966346265877, 50.816100556900246], [-3.799469199154117, 50.80588420244784], [-3.8004066633569953, 50.80560600966091], [-3.808908938734787, 50.80549806258992], [-3.814628761562267, 50.81321385609465], [-3.813369505732334, 50.81459061641906]]]}}, {"type": "Feature", "properties": {"type": "postcode-cell", "postcode": "EX17 6HD", "postcodes": ["EX17 6HD"]}, "geometry": {"type": "Polygon", "coordinates": [[[-3.814720298748009, 50.80097482234386], [-3.814131541669128, 50.80089517860647], [-3.8142780938691567, 50.80011239117653], [-3.814642461916268, 50.80011835956401], [-3.814804059949139, 50.80080130756158], [-3.814720298748009, 50.80097482234386]]]}}, {"type": "Feature", "properties": {"type": "postcode-cell", "postcode": "EX17 6HA", "postcodes": ["EX17 6HA"]}, "geometry": {"type": "Polygon", "coordinates": [[[-3.814732281383803, 50.8011070070922], [-3.814986616159389, 50.801278643274195], [-3.81569402936583, 50.80416376228329], [-3.8122101767610825, 50.804350929825794], [-3.8122509863606244, 50.803885099911845], [-3.812860312675031, 50.80202428672675], [-3.8133047938187685, 50.801544077765044], [-3.8134361785041175, 50.80143889902689], [-3.814732281383803, 50.8011070070922]]]}}, {"type": "Feature", "properties": {"type": "postcode-cell", "postcode": "EX17 6DL", "postcodes": ["EX17 6DL"]}, "geometry": {"type": "Polygon", "coordinates": [[[-3.817893106156163, 50.823877060421516], [-3.8184612727737632, 50.8243881818743], [-3.810003875550813, 50.82509946466646], [-3.8074642907035425, 50.82048624920074], [-3.817893106156163, 50.823877060421516]]]}}, {"type": "Feature", "properties": {"type": "postcode-cell", "postcode": "EX17 6JU", "postcodes": ["EX17 6JU"]}, "geometry": {"type": "Polygon", "coordinates": [[[-3.8010511401352347, 50.7820681878103], [-3.8000316610176172, 50.78919047482315], [-3.7890059641513325, 50.792880866245774], [-3.788699989882691, 50.791019994793416], [-3.790169989884936, 50.788249994791194], [-3.791149989888492, 50.78194999478616], [-3.7917699898896418, 50.78033999478486], [-3.7914355720114252, 50.77852036936438], [-3.798869620247988, 50.778281340936296], [-3.8002372860159195, 50.7790385087502], [-3.8010511401352347, 50.7820681878103]]]}}, {"type": "Feature", "properties": {"type": "postcode-cell", "postcode": "EX17 6HX", "postcodes": ["EX17 6HX"]}, "geometry": {"type": "Polygon", "coordinates": [[[-3.814312513164706, 50.797561942836786], [-3.811612191772976, 50.79803766995105], [-3.805317397613993, 50.79532828118676], [-3.806033007167804, 50.793954953583686], [-3.813653358373661, 50.79136996551003], [-3.814912721393621, 50.796266773737905], [-3.814312513164706, 50.797561942836786]]]}}, {"type": "Feature", "properties": {"type": "postcode-cell", "postcode": "EX17 6HE", "postcodes": ["EX17 6HE"]}, "geometry": {"type": "Polygon", "coordinates": [[[-3.8142780938691567, 50.80011239117653], [-3.814131541669128, 50.80089517860647], [-3.813560624852983, 50.80124430529146], [-3.813716733263868, 50.800038374050914], [-3.8142780938691567, 50.80011239117653]]]}}, {"type": "Feature", "properties": {"type": "postcode-cell", "postcode": "EX17 6HL", "postcodes": ["EX17 6HL"]}, "geometry": {"type": "Polygon", "coordinates": [[[-3.8088078664251617, 50.80195517210859], [-3.8089157342636986, 50.80178742042282], [-3.8104486843872865, 50.80099880718836], [-3.811009467982602, 50.80111276086325], [-3.8111646443582834, 50.801271638894264], [-3.8122509863606244, 50.803885099911845], [-3.8122101767610825, 50.804350929825794], [-3.8090669334293974, 50.80539788879166], [-3.808627263341199, 50.80248377512259], [-3.8088078664251617, 50.80195517210859]]]}}, {"type": "Feature", "properties": {"type": "postcode-cell", "postcode": "EX17 6HN", "postcodes": ["EX17 6HN"]}, "geometry": {"type": "Polygon", "coordinates": [[[-3.808627263341199, 50.80248377512259], [-3.8062737024461826, 50.80041379062632], [-3.8079773067819476, 50.80055384410386], [-3.8088078664251617, 50.80195517210859], [-3.808627263341199, 50.80248377512259]]]}}, {"type": "Feature", "properties": {"type": "postcode-cell", "postcode": "EX17 6HG", "postcodes": ["EX17 6HG"]}, "geometry": {"type": "Polygon", "coordinates": [[[-3.812860312675031, 50.80202428672675], [-3.812160150769846, 50.80046477907764], [-3.812082746674628, 50.799531565657865], [-3.812145807604776, 50.79945522946538], [-3.812886787801379, 50.799765676278525], [-3.8133047938187685, 50.801544077765044], [-3.812860312675031, 50.80202428672675]]]}}, {"type": "Feature", "properties": {"type": "postcode-cell", "postcode": "EX17 6DB", "postcodes": ["EX17 6DB"]}, "geometry": {"type": "Polygon", "coordinates": [[[-3.813653358373661, 50.79136996551003], [-3.806033007167804, 50.793954953583686], [-3.8000316610176172, 50.78919047482315], [-3.8010511401352347, 50.7820681878103], [-3.814289823026131, 50.7910259129551], [-3.813653358373661, 50.79136996551003]]]}}, {"type": "Feature", "properties": {"type": "postcode-cell", "postcode": "EX17 6HH", "postcodes": ["EX17 6HH"]}, "geometry": {"type": "Polygon", "coordinates": [[[-3.812160150769846, 50.80046477907764], [-3.8111646443582834, 50.801271638894264], [-3.811009467982602, 50.80111276086325], [-3.8111204875257103, 50.800075125562316], [-3.812082746674628, 50.799531565657865], [-3.812160150769846, 50.80046477907764]]]}}, {"type": "Feature", "properties": {"type": "postcode-cell", "postcode": "EX17 6HQ", "postcodes": ["EX17 6HQ"]}, "geometry": {"type": "Polygon", "coordinates": [[[-3.8122509863606244, 50.803885099911845], [-3.8111646443582834, 50.801271638894264], [-3.812160150769846, 50.80046477907764], [-3.812860312675031, 50.80202428672675], [-3.8122509863606244, 50.803885099911845]]]}}, {"type": "Feature", "properties": {"type": "postcode-cell", "postcode": "EX17 6BU", "postcodes": ["EX17 6BU"]}, "geometry": {"type": "Polygon", "coordinates": [[[-3.812082746674628, 50.799531565657865], [-3.8111204875257103, 50.800075125562316], [-3.810114920392208, 50.80035603058642], [-3.809896173256501, 50.80028800044391], [-3.8093521144185356, 50.79975067855552], [-3.812139037894731, 50.79942440854935], [-3.812145807604776, 50.79945522946538], [-3.812082746674628, 50.799531565657865]]]}}, {"type": "Feature", "properties": {"type": "postcode-cell", "postcode": "EX17 6BX", "postcodes": ["EX17 6BX"]}, "geometry": {"type": "Polygon", "coordinates": [[[-3.8104486843872865, 50.80099880718836], [-3.8089157342636986, 50.80178742042282], [-3.8090671973084245, 50.80137485279283], [-3.8100881959927455, 50.800429838740264], [-3.8104486843872865, 50.80099880718836]]]}}, {"type": "Feature", "properties": {"type": "postcode-cell", "postcode": "EX17 6HJ", "postcodes": ["EX17 6HJ"]}, "geometry": {"type": "Polygon", "coordinates": [[[-3.8100881959927455, 50.800429838740264], [-3.810114920392208, 50.80035603058642], [-3.8111204875257103, 50.800075125562316], [-3.811009467982602, 50.80111276086325], [-3.8104486843872865, 50.80099880718836], [-3.8100881959927455, 50.800429838740264]]]}}, {"type": "Feature", "properties": {"type": "postcode-cell", "postcode": "EX17 6AD", "postcodes": ["EX17 6AD"]}, "geometry": {"type": "Polygon", "coordinates": [[[-3.812139037894731, 50.79942440854935], [-3.8093521144185356, 50.79975067855552], [-3.808334276073877, 50.799208896096836], [-3.8052014737449054, 50.79541646048819], [-3.805317397613993, 50.79532828118676], [-3.811612191772976, 50.79803766995105], [-3.8121304987185427, 50.79933322278857], [-3.812139037894731, 50.79942440854935]]]}}, {"type": "Feature", "properties": {"type": "postcode-cell", "postcode": "EX17 5AD", "postcodes": ["EX17 5AD"]}, "geometry": {"type": "Polygon", "coordinates": [[[-3.801095379965904, 50.774207759189785], [-3.800483915867997, 50.76704180550271], [-3.8090394162607333, 50.762759609902496], [-3.814800234153527, 50.76987831685166], [-3.801095379965904, 50.774207759189785]]]}}, {"type": "Feature", "properties": {"type": "postcode-cell", "postcode": "EX17 6JF", "postcodes": ["EX17 6JF"]}, "geometry": {"type": "Polygon", "coordinates": [[[-3.8088078664251617, 50.80195517210859], [-3.8079773067819476, 50.80055384410386], [-3.808574166769201, 50.80029934375004], [-3.8088108968802836, 50.80041563273984], [-3.8090671973084245, 50.80137485279283], [-3.8089157342636986, 50.80178742042282], [-3.8088078664251617, 50.80195517210859]]]}}, {"type": "Feature", "properties": {"type": "postcode-cell", "postcode": "EX17 6BY", "postcodes": ["EX17 6BY"]}, "geometry": {"type": "Polygon", "coordinates": [[[-3.8090671973084245, 50.80137485279283], [-3.8088108968802836, 50.80041563273984], [-3.809896173256501, 50.80028800044391], [-3.810114920392208, 50.80035603058642], [-3.8100881959927455, 50.800429838740264], [-3.8090671973084245, 50.80137485279283]]]}}, {"type": "Feature", "properties": {"type": "postcode-cell", "postcode": "EX17 6JX", "postcodes": ["EX17 6JX"]}, "geometry": {"type": "Polygon", "coordinates": [[[-3.8052014737449054, 50.79541646048819], [-3.804066096867778, 50.79607126084832], [-3.794026274613325, 50.7971010207599], [-3.788544666524916, 50.79462018938625], [-3.7891899898816312, 50.793999994795776], [-3.7890059641513325, 50.792880866245774], [-3.8000316610176172, 50.78919047482315], [-3.806033007167804, 50.793954953583686], [-3.805317397613993, 50.79532828118676], [-3.8052014737449054, 50.79541646048819]]]}}, {"type": "Feature", "properties": {"type": "postcode-cell", "postcode": "EX17 6JG", "postcodes": ["EX17 6JG"]}, "geometry": {"type": "Polygon", "coordinates": [[[-3.808334276073877, 50.799208896096836], [-3.808574166769201, 50.80029934375004], [-3.8079773067819476, 50.80055384410386], [-3.8062737024461826, 50.80041379062632], [-3.803834892571619, 50.79926827818308], [-3.804066096867778, 50.79607126084832], [-3.8052014737449054, 50.79541646048819], [-3.808334276073877, 50.799208896096836]]]}}, {"type": "Feature", "properties": {"type": "postcode-cell", "postcode": "EX17 6BZ", "postcodes": ["EX17 6BZ"]}, "geometry": {"type": "Polygon", "coordinates": [[[-3.8093521144185356, 50.79975067855552], [-3.809896173256501, 50.80028800044391], [-3.8088108968802836, 50.80041563273984], [-3.808574166769201, 50.80029934375004], [-3.808334276073877, 50.799208896096836], [-3.8093521144185356, 50.79975067855552]]]}}, {"type": "Feature", "properties": {"type": "postcode-cell", "postcode": "EX17 6EQ", "postcodes": ["EX17 6EQ"]}, "geometry": {"type": "Polygon", "coordinates": [[[-3.7878010951732235, 50.83163532611371], [-3.7837429108367715, 50.83130187315727], [-3.782055711243835, 50.83003678242084], [-3.7810384649365583, 50.828865819345815], [-3.7808455210006913, 50.82853453571184], [-3.780246786422301, 50.82713014215901], [-3.7838936697904826, 50.82621723308125], [-3.7858164109680494, 50.826637962041225], [-3.7878010951732235, 50.83163532611371]]]}}, {"type": "Feature", "properties": {"type": "postcode-cell", "postcode": "EX17 6DN", "postcodes": ["EX17 6DN"]}, "geometry": {"type": "Polygon", "coordinates": [[[-3.810003875550813, 50.82509946466646], [-3.8116407296712422, 50.829426285916114], [-3.80190663620896, 50.82975520193669], [-3.8069797859719676, 50.81996352275313], [-3.8074642907035425, 50.82048624920074], [-3.810003875550813, 50.82509946466646]]]}}, {"type": "Feature", "properties": {"type": "postcode-cell", "postcode": "EX17 6FB", "postcodes": ["EX17 6FB"]}, "geometry": {"type": "Polygon", "coordinates": [[[-3.8090669334293974, 50.80539788879166], [-3.808908938734787, 50.80549806258992], [-3.8004066633569953, 50.80560600966091], [-3.803834892571619, 50.79926827818308], [-3.8062737024461826, 50.80041379062632], [-3.808627263341199, 50.80248377512259], [-3.8090669334293974, 50.80539788879166]]]}}, {"type": "Feature", "properties": {"type": "postcode-cell", "postcode": "EX17 6JP", "postcodes": ["EX17 6JP"]}, "geometry": {"type": "Polygon", "coordinates": [[[-3.803834892571619, 50.79926827818308], [-3.8004066633569953, 50.80560600966091], [-3.799469199154117, 50.80588420244784], [-3.7955843026229803, 50.80618643519915], [-3.794026274613325, 50.7971010207599], [-3.804066096867778, 50.79607126084832], [-3.803834892571619, 50.79926827818308]]]}}, {"type": "Feature", "properties": {"type": "postcode-cell", "postcode": "EX17 6ED", "postcodes": ["EX17 6ED"]}, "geometry": {"type": "Polygon", "coordinates": [[[-3.8077538540575984, 50.81780501030161], [-3.806179541046778, 50.81869797696364], [-3.8052076549267357, 50.81870838964142], [-3.7966331131443054, 50.81635484658051], [-3.791776557231125, 50.807915991692376], [-3.7955843026229803, 50.80618643519915], [-3.799469199154117, 50.80588420244784], [-3.809966346265877, 50.816100556900246], [-3.8077538540575984, 50.81780501030161]]]}}, {"type": "Feature", "properties": {"type": "postcode-cell", "postcode": "EX17 6EE", "postcodes": ["EX17 6EE"]}, "geometry": {"type": "Polygon", "coordinates": [[[-3.7945602976716764, 50.82811719446], [-3.794623714621744, 50.82699570818367], [-3.8052076549267357, 50.81870838964142], [-3.806179541046778, 50.81869797696364], [-3.8069797859719676, 50.81996352275313], [-3.80190663620896, 50.82975520193669], [-3.7948750927020627, 50.831196482628066], [-3.7945602976716764, 50.82811719446]]]}}, {"type": "Feature", "properties": {"type": "postcode-cell", "postcode": "EX17 6JR", "postcodes": ["EX17 6JR"]}, "geometry": {"type": "Polygon", "coordinates": [[[-3.791776557231125, 50.807915991692376], [-3.7904749066386167, 50.8078511619784], [-3.788193871847024, 50.806829353097534], [-3.786421432170627, 50.79599375941996], [-3.787649989879942, 50.79547999479699], [-3.788544666524916, 50.79462018938625], [-3.794026274613325, 50.7971010207599], [-3.7955843026229803, 50.80618643519915], [-3.791776557231125, 50.807915991692376]]]}}, {"type": "Feature", "properties": {"type": "postcode-cell", "postcode": "EX17 6EH", "postcodes": ["EX17 6EH"]}, "geometry": {"type": "Polygon", "coordinates": [[[-3.8052076549267357, 50.81870838964142], [-3.794623714621744, 50.82699570818367], [-3.7885819961025398, 50.82176326855837], [-3.787493263245564, 50.81989684787913], [-3.7966331131443054, 50.81635484658051], [-3.8052076549267357, 50.81870838964142]]]}}, {"type": "Feature", "properties": {"type": "postcode-cell", "postcode": "EX17 5AA", "postcodes": ["EX17 5AA"]}, "geometry": {"type": "Polygon", "coordinates": [[[-3.798869620247988, 50.778281340936296], [-3.7914355720114252, 50.77852036936438], [-3.791429989890276, 50.77848999478339], [-3.7918599898923824, 50.77454999478026], [-3.7913299898929553, 50.772569994778664], [-3.792439989894479, 50.770839994777276], [-3.7905899898940842, 50.769089994775904], [-3.7882099898928656, 50.76836999477537], [-3.7880699898933647, 50.76709999477436], [-3.7864999898928318, 50.76603999477353], [-3.7859399898933943, 50.76403999477195], [-3.781949989891738, 50.76200999477039], [-3.7811799898916685, 50.761079994769666], [-3.779799989890974, 50.76063999476933], [-3.779449989890926, 50.76024999476901], [-3.7807999898920928, 50.75962999476852], [-3.7840151554423342, 50.759629995800324], [-3.800483915867997, 50.76704180550271], [-3.801095379965904, 50.774207759189785], [-3.798869620247988, 50.778281340936296]]]}}, {"type": "Feature", "properties": {"type": "postcode-cell", "postcode": "EX17 6DZ", "postcodes": ["EX17 6DZ"]}, "geometry": {"type": "Polygon", "coordinates": [[[-3.794623714621744, 50.82699570818367], [-3.7945602976716764, 50.82811719446], [-3.7866483530829718, 50.82600796309942], [-3.7863158245955604, 50.82489535203872], [-3.7867707721227943, 50.82379211849436], [-3.7885819961025398, 50.82176326855837], [-3.794623714621744, 50.82699570818367]]]}}, {"type": "Feature", "properties": {"type": "postcode-cell", "postcode": "EX17 5NT", "postcodes": ["EX17 5NT"]}, "geometry": {"type": "Polygon", "coordinates": [[[-3.7402122472811974, 50.806074709060596], [-3.7327454031866014, 50.81075265951218], [-3.7320601704555014, 50.81041550310049], [-3.7308531869989894, 50.80897387955183], [-3.7341469582869173, 50.80436715462264], [-3.736912437228022, 50.80237198199294], [-3.7402122472811974, 50.806074709060596]]]}}, {"type": "Feature", "properties": {"type": "postcode-cell", "postcode": "EX17 5LA", "postcodes": ["EX17 5LA"]}, "geometry": {"type": "Polygon", "coordinates": [[[-3.736912437228022, 50.80237198199294], [-3.7369282003653956, 50.802215609534386], [-3.739882229313844, 50.79759798004309], [-3.741229989848691, 50.79764999479931], [-3.7405999898470785, 50.80023999480138], [-3.7411599898464107, 50.80245999480317], [-3.743979989847818, 50.803379994803855], [-3.7484299898503384, 50.80418999480443], [-3.751039989852236, 50.80375999480405], [-3.7524039773895974, 50.80376487458668], [-3.7467204610362583, 50.806982976468795], [-3.7457294302579656, 50.8070778802444], [-3.7444342269998314, 50.807134483039746], [-3.7417315375328317, 50.8067921348704], [-3.741032341017207, 50.806637654042966], [-3.7402122472811974, 50.806074709060596], [-3.736912437228022, 50.80237198199294]]]}}, {"type": "Feature", "properties": {"type": "postcode-cell", "postcode": "EX17 6DA", "postcodes": ["EX17 6DA"]}, "geometry": {"type": "Polygon", "coordinates": [[[-3.7904749066386167, 50.8078511619784], [-3.777066941611546, 50.816492430822045], [-3.776089333865836, 50.81630795554866], [-3.769264552892534, 50.80744753801066], [-3.768977101008287, 50.80523196899921], [-3.770719989864698, 50.804539994804436], [-3.77201998986563, 50.80435999480431], [-3.771563999664618, 50.80268115050443], [-3.788193871847024, 50.806829353097534], [-3.7904749066386167, 50.8078511619784]]]}}, {"type": "Feature", "properties": {"type": "postcode-cell", "postcode": "EX17 6EB", "postcodes": ["EX17 6EB"]}, "geometry": {"type": "Polygon", "coordinates": [[[-3.7966331131443054, 50.81635484658051], [-3.787493263245564, 50.81989684787913], [-3.780348755641915, 50.8188348220526], [-3.777066941611546, 50.816492430822045], [-3.7904749066386167, 50.8078511619784], [-3.791776557231125, 50.807915991692376], [-3.7966331131443054, 50.81635484658051]]]}}, {"type": "Feature", "properties": {"type": "postcode-cell", "postcode": "EX17 6JS", "postcodes": ["EX17 6JS"]}, "geometry": {"type": "Polygon", "coordinates": [[[-3.788193871847024, 50.806829353097534], [-3.771563999664618, 50.80268115050443], [-3.771359989866325, 50.801929994802336], [-3.7725299898671496, 50.801799994802245], [-3.7737899898690386, 50.799489994800375], [-3.7779799898711945, 50.80073999480131], [-3.780849989873118, 50.800629994801206], [-3.7817999898741594, 50.799719994800455], [-3.784019989876105, 50.79864999479957], [-3.7859999898785452, 50.79616999479757], [-3.786421432170627, 50.79599375941996], [-3.788193871847024, 50.806829353097534]]]}}, {"type": "Feature", "properties": {"type": "postcode-cell", "postcode": "EX17 6EJ", "postcodes": ["EX17 6EJ"]}, "geometry": {"type": "Polygon", "coordinates": [[[-3.7863158245955604, 50.82489535203872], [-3.785055456058534, 50.82577863414993], [-3.7847636067251154, 50.82581402984244], [-3.7846047728714365, 50.824880195959935], [-3.7867707721227943, 50.82379211849436], [-3.7863158245955604, 50.82489535203872]]]}}, {"type": "Feature", "properties": {"type": "postcode-cell", "postcode": "EX17 6EA", "postcodes": ["EX17 6EA"]}, "geometry": {"type": "Polygon", "coordinates": [[[-3.7867707721227943, 50.82379211849436], [-3.7846047728714365, 50.824880195959935], [-3.7783424651612583, 50.825023238684125], [-3.7782983409682904, 50.82498435797755], [-3.780348755641915, 50.8188348220526], [-3.787493263245564, 50.81989684787913], [-3.7885819961025398, 50.82176326855837], [-3.7867707721227943, 50.82379211849436]]]}}, {"type": "Feature", "properties": {"type": "postcode-cell", "postcode": "EX17 6DX", "postcodes": ["EX17 6DX"]}, "geometry": {"type": "Polygon", "coordinates": [[[-3.7866483530829718, 50.82600796309942], [-3.78610854728213, 50.82614695567373], [-3.785055456058534, 50.82577863414993], [-3.7863158245955604, 50.82489535203872], [-3.7866483530829718, 50.82600796309942]]]}}, {"type": "Feature", "properties": {"type": "postcode-cell", "postcode": "EX17 6DY", "postcodes": ["EX17 6DY"]}, "geometry": {"type": "Polygon", "coordinates": [[[-3.7858164109680494, 50.826637962041225], [-3.7838936697904826, 50.82621723308125], [-3.7847636067251154, 50.82581402984244], [-3.785055456058534, 50.82577863414993], [-3.78610854728213, 50.82614695567373], [-3.7858164109680494, 50.826637962041225]]]}}, {"type": "Feature", "properties": {"type": "postcode-cell", "postcode": "EX17 5LD", "postcodes": ["EX17 5LD"]}, "geometry": {"type": "Polygon", "coordinates": [[[-3.769264552892534, 50.80744753801066], [-3.760036554129684, 50.814350061161576], [-3.7563579825281765, 50.8125364422732], [-3.7548663463191594, 50.81079379832485], [-3.7547263867736276, 50.81010216810735], [-3.758641485283649, 50.80376178408213], [-3.76091998985901, 50.803029994803374], [-3.7628599898601482, 50.80329999480356], [-3.765289989860936, 50.80501999480491], [-3.7673699898618973, 50.805869994805555], [-3.768977101008287, 50.80523196899921], [-3.769264552892534, 50.80744753801066]]]}}, {"type": "Feature", "properties": {"type": "postcode-cell", "postcode": "EX17 6EF", "postcodes": ["EX17 6EF"]}, "geometry": {"type": "Polygon", "coordinates": [[[-3.7838936697904826, 50.82621723308125], [-3.780246786422301, 50.82713014215901], [-3.7783424651612583, 50.825023238684125], [-3.7846047728714365, 50.824880195959935], [-3.7847636067251154, 50.82581402984244], [-3.7838936697904826, 50.82621723308125]]]}}, {"type": "Feature", "properties": {"type": "postcode-cell", "postcode": "EX17 5LN", "postcodes": ["EX17 5LN"]}, "geometry": {"type": "Polygon", "coordinates": [[[-3.7810384649365583, 50.828865819345815], [-3.7766065826609903, 50.829367142893446], [-3.7755665443254114, 50.829181148223284], [-3.7748143197547446, 50.828687918531536], [-3.7808455210006913, 50.82853453571184], [-3.7810384649365583, 50.828865819345815]]]}}, {"type": "Feature", "properties": {"type": "postcode-cell", "postcode": "EX17 5LG", "postcodes": ["EX17 5LG"]}, "geometry": {"type": "Polygon", "coordinates": [[[-3.780348755641915, 50.8188348220526], [-3.7782983409682904, 50.82498435797755], [-3.770808568739815, 50.826384297123546], [-3.770589989854667, 50.82601999482162], [-3.7697099898540105, 50.82618999482175], [-3.7670899898532144, 50.82421999482021], [-3.7657999898522325, 50.82451999482048], [-3.7647099898518475, 50.823819994819914], [-3.7642099898513575, 50.82416999482022], [-3.7639399898513752, 50.823749994819885], [-3.762427132881161, 50.824040935181074], [-3.7662603440133937, 50.81953901433538], [-3.776089333865836, 50.81630795554866], [-3.777066941611546, 50.816492430822045], [-3.780348755641915, 50.8188348220526]]]}}, {"type": "Feature", "properties": {"type": "postcode-cell", "postcode": "EX17 5PA", "postcodes": ["EX17 5PA"]}, "geometry": {"type": "Polygon", "coordinates": [[[-3.7320601704555014, 50.81041550310049], [-3.7327454031866014, 50.81075265951218], [-3.7341850736124504, 50.811868549644615], [-3.7312252428748356, 50.8163170405367], [-3.729989989833507, 50.81459999481299], [-3.724979989830353, 50.814379994812874], [-3.7217899898281117, 50.81473999481321], [-3.7217035576557103, 50.81446048702813], [-3.7320601704555014, 50.81041550310049]]]}}, {"type": "Feature", "properties": {"type": "postcode-cell", "postcode": "EX17 5LR", "postcodes": ["EX17 5LR"]}, "geometry": {"type": "Polygon", "coordinates": [[[-3.7837429108367715, 50.83130187315727], [-3.779420332600497, 50.83394467281677], [-3.778449989856326, 50.833529994827565], [-3.778269989856081, 50.833809994827774], [-3.7773399898555517, 50.83363999482764], [-3.7771499898555563, 50.83335999482743], [-3.7768099898551917, 50.83365999482767], [-3.7762999898549183, 50.83353999482759], [-3.7759499898544893, 50.83396999482792], [-3.7756399898544775, 50.83355999482761], [-3.774839989853848, 50.83378999482779], [-3.7743999898540395, 50.83274999482696], [-3.773737940815923, 50.83261176566927], [-3.7760446977129534, 50.83083381421388], [-3.7764323512127116, 50.830662268196406], [-3.782055711243835, 50.83003678242084], [-3.7837429108367715, 50.83130187315727]]]}}, {"type": "Feature", "properties": {"type": "postcode-cell", "postcode": "EX17 5LP", "postcodes": ["EX17 5LP"]}, "geometry": {"type": "Polygon", "coordinates": [[[-3.7731096620319926, 50.82990721830879], [-3.7760446977129534, 50.83083381421388], [-3.773737940815923, 50.83261176566927], [-3.773489989853532, 50.83255999482682], [-3.773279989853309, 50.83274999482696], [-3.7725299898531204, 50.832099994826464], [-3.771679989852591, 50.83203999482643], [-3.770999989852343, 50.8316199948261], [-3.771219989853216, 50.830039994824816], [-3.772081600548459, 50.82986173058047], [-3.7731096620319926, 50.82990721830879]]]}}, {"type": "Feature", "properties": {"type": "postcode-cell", "postcode": "EX17 5LE", "postcodes": ["EX17 5LE"]}, "geometry": {"type": "Polygon", "coordinates": [[[-3.776089333865836, 50.81630795554866], [-3.7662603440133937, 50.81953901433538], [-3.760053876480984, 50.8144191371162], [-3.760036554129684, 50.814350061161576], [-3.769264552892534, 50.80744753801066], [-3.776089333865836, 50.81630795554866]]]}}, {"type": "Feature", "properties": {"type": "postcode-cell", "postcode": "EX17 5LL", "postcodes": ["EX17 5LL"]}, "geometry": {"type": "Polygon", "coordinates": [[[-3.782055711243835, 50.83003678242084], [-3.7764323512127116, 50.830662268196406], [-3.775213041948337, 50.82989679319949], [-3.7766065826609903, 50.829367142893446], [-3.7810384649365583, 50.828865819345815], [-3.782055711243835, 50.83003678242084]]]}}, {"type": "Feature", "properties": {"type": "postcode-cell", "postcode": "EX17 5LW", "postcodes": ["EX17 5LW"]}, "geometry": {"type": "Polygon", "coordinates": [[[-3.7808455210006913, 50.82853453571184], [-3.7748143197547446, 50.828687918531536], [-3.7740537646969092, 50.82852276143554], [-3.7741899898558997, 50.828429994823516], [-3.7738699898557857, 50.828229994823374], [-3.7740699898561614, 50.827699994822915], [-3.773179989855685, 50.827469994822756], [-3.7729499898557344, 50.827039994822414], [-3.7722599898552063, 50.82720999482257], [-3.772049989855225, 50.82686999482229], [-3.771099989854605, 50.82686999482231], [-3.770808568739815, 50.826384297123546], [-3.7782983409682904, 50.82498435797755], [-3.7783424651612583, 50.825023238684125], [-3.780246786422301, 50.82713014215901], [-3.7808455210006913, 50.82853453571184]]]}}, {"type": "Feature", "properties": {"type": "postcode-cell", "postcode": "EX17 5LH", "postcodes": ["EX17 5LH"]}, "geometry": {"type": "Polygon", "coordinates": [[[-3.775213041948337, 50.82989679319949], [-3.7747837138281115, 50.82985581623309], [-3.7755665443254114, 50.829181148223284], [-3.7766065826609903, 50.829367142893446], [-3.775213041948337, 50.82989679319949]]]}}, {"type": "Feature", "properties": {"type": "postcode-cell", "postcode": "EX17 5LJ", "postcodes": ["EX17 5LJ"]}, "geometry": {"type": "Polygon", "coordinates": [[[-3.7755665443254114, 50.829181148223284], [-3.7747837138281115, 50.82985581623309], [-3.7731096620319926, 50.82990721830879], [-3.772081600548459, 50.82986173058047], [-3.7720899898538685, 50.82985999482468], [-3.7740537646969092, 50.82852276143554], [-3.7748143197547446, 50.828687918531536], [-3.7755665443254114, 50.829181148223284]]]}}, {"type": "Feature", "properties": {"type": "postcode-cell", "postcode": "EX17 5FA", "postcodes": ["EX17 5FA"]}, "geometry": {"type": "Polygon", "coordinates": [[[-3.7764323512127116, 50.830662268196406], [-3.7760446977129534, 50.83083381421388], [-3.7731096620319926, 50.82990721830879], [-3.7747837138281115, 50.82985581623309], [-3.775213041948337, 50.82989679319949], [-3.7764323512127116, 50.830662268196406]]]}}, {"type": "Feature", "properties": {"type": "postcode-cell", "postcode": "EX17 5LF", "postcodes": ["EX17 5LF"]}, "geometry": {"type": "Polygon", "coordinates": [[[-3.754785492425702, 50.817102618727105], [-3.760053876480984, 50.8144191371162], [-3.7662603440133937, 50.81953901433538], [-3.762427132881161, 50.824040935181074], [-3.7615999898496386, 50.82419999482025], [-3.759309989848994, 50.82236999481884], [-3.7593499898491585, 50.822069994818584], [-3.757109989847912, 50.821609994818246], [-3.7561899898475954, 50.820999994817775], [-3.7547499898466605, 50.8209899948178], [-3.7540199898464315, 50.82045999481738], [-3.752839989845707, 50.820359994817295], [-3.751569989845271, 50.819509994816634], [-3.751363310852864, 50.81949405908255], [-3.754785492425702, 50.817102618727105]]]}}, {"type": "Feature", "properties": {"type": "postcode-cell", "postcode": "EX17 5NX", "postcodes": ["EX17 5NX"]}, "geometry": {"type": "Polygon", "coordinates": [[[-3.7341850736124504, 50.811868549644615], [-3.738336281697323, 50.812180140662115], [-3.739325595326927, 50.81260870626489], [-3.739587003433418, 50.81277665226499], [-3.7421505553112606, 50.814919289402226], [-3.744102997904806, 50.81897622195318], [-3.7420999898392355, 50.819229994816546], [-3.7412599898384253, 50.81979999481702], [-3.7397899898373934, 50.81995999481714], [-3.7347399898342712, 50.81960999481693], [-3.7344699898345928, 50.81852999481606], [-3.7333699898344967, 50.817199994815006], [-3.733069989834411, 50.81696999481484], [-3.731989989833516, 50.81737999481518], [-3.7312252428748356, 50.8163170405367], [-3.7341850736124504, 50.811868549644615]]]}}, {"type": "Feature", "properties": {"type": "postcode-cell", "postcode": "EX17 5HP", "postcodes": ["EX17 5HP"]}, "geometry": {"type": "Polygon", "coordinates": [[[-3.7537567861268837, 50.8148201656022], [-3.7524657568277626, 50.815042341371864], [-3.752710530996087, 50.8141126028038], [-3.753760445416462, 50.813555369662964], [-3.7556985135834093, 50.812890013762065], [-3.7537567861268837, 50.8148201656022]]]}}, {"type": "Feature", "properties": {"type": "postcode-cell", "postcode": "EX17 5EQ", "postcodes": ["EX17 5EQ"]}, "geometry": {"type": "Polygon", "coordinates": [[[-3.7556985135834093, 50.812890013762065], [-3.7563579825281765, 50.8125364422732], [-3.760036554129684, 50.814350061161576], [-3.760053876480984, 50.8144191371162], [-3.754785492425702, 50.817102618727105], [-3.7537567861268837, 50.8148201656022], [-3.7556985135834093, 50.812890013762065]]]}}, {"type": "Feature", "properties": {"type": "postcode-cell", "postcode": "EX17 5EJ", "postcodes": ["EX17 5EJ"]}, "geometry": {"type": "Polygon", "coordinates": [[[-3.7524657568277626, 50.815042341371864], [-3.7537567861268837, 50.8148201656022], [-3.754785492425702, 50.817102618727105], [-3.751363310852864, 50.81949405908255], [-3.7464085487413588, 50.819111915032344], [-3.7524657568277626, 50.815042341371864]]]}}, {"type": "Feature", "properties": {"type": "postcode-cell", "postcode": "EX17 5NB", "postcodes": ["EX17 5NB"]}, "geometry": {"type": "Polygon", "coordinates": [[[-3.7421505553112606, 50.814919289402226], [-3.7451385255042866, 50.81267431262408], [-3.7470689598216103, 50.812415035669396], [-3.7480268129080887, 50.81290721945716], [-3.7487365148462692, 50.81486051656064], [-3.7464728824545173, 50.81818158758052], [-3.7458268974052498, 50.819067039989264], [-3.7443099898408048, 50.818949994816286], [-3.744102997904806, 50.81897622195318], [-3.7421505553112606, 50.814919289402226]]]}}, {"type": "Feature", "properties": {"type": "postcode-cell", "postcode": "EX17 5NF", "postcodes": ["EX17 5NF"]}, "geometry": {"type": "Polygon", "coordinates": [[[-3.7556985135834093, 50.812890013762065], [-3.753760445416462, 50.813555369662964], [-3.7514815319613626, 50.813559624657145], [-3.75259475354786, 50.8117722522102], [-3.7548663463191594, 50.81079379832485], [-3.7563579825281765, 50.8125364422732], [-3.7556985135834093, 50.812890013762065]]]}}, {"type": "Feature", "properties": {"type": "postcode-cell", "postcode": "EX17 5HN", "postcodes": ["EX17 5HN"]}, "geometry": {"type": "Polygon", "coordinates": [[[-3.7487365148462692, 50.81486051656064], [-3.749711768960918, 50.814033862067284], [-3.7510209720581096, 50.81379775605552], [-3.7522913555277846, 50.81411185653134], [-3.7464728824545173, 50.81818158758052], [-3.7487365148462692, 50.81486051656064]]]}}, {"type": "Feature", "properties": {"type": "postcode-cell", "postcode": "EX17 5DT", "postcodes": ["EX17 5DT"]}, "geometry": {"type": "Polygon", "coordinates": [[[-3.7524657568277626, 50.815042341371864], [-3.7464085487413588, 50.819111915032344], [-3.7458268974052498, 50.819067039989264], [-3.7464728824545173, 50.81818158758052], [-3.7522913555277846, 50.81411185653134], [-3.752710530996087, 50.8141126028038], [-3.7524657568277626, 50.815042341371864]]]}}, {"type": "Feature", "properties": {"type": "postcode-cell", "postcode": "EX17 5HS", "postcodes": ["EX17 5HS"]}, "geometry": {"type": "Polygon", "coordinates": [[[-3.752710530996087, 50.8141126028038], [-3.7522913555277846, 50.81411185653134], [-3.7510209720581096, 50.81379775605552], [-3.7514815319613626, 50.813559624657145], [-3.753760445416462, 50.813555369662964], [-3.752710530996087, 50.8141126028038]]]}}, {"type": "Feature", "properties": {"type": "postcode-cell", "postcode": "EX17 5LB", "postcodes": ["EX17 5LB"]}, "geometry": {"type": "Polygon", "coordinates": [[[-3.7547263867736276, 50.81010216810735], [-3.7523797006724027, 50.81001703434231], [-3.7487133441102087, 50.808707792009315], [-3.7473029188848876, 50.80775108655674], [-3.7467204610362583, 50.806982976468795], [-3.7524039773895974, 50.80376487458668], [-3.7538399898540553, 50.80376999480405], [-3.755359989855241, 50.803349994803675], [-3.758179989856815, 50.803909994804094], [-3.758641485283649, 50.80376178408213], [-3.7547263867736276, 50.81010216810735]]]}}, {"type": "Feature", "properties": {"type": "postcode-cell", "postcode": "EX17 5BJ", "postcodes": ["EX17 5BJ"]}, "geometry": {"type": "Polygon", "coordinates": [[[-3.7548663463191594, 50.81079379832485], [-3.75259475354786, 50.8117722522102], [-3.7515984383760648, 50.812056296852006], [-3.7497772430207417, 50.8121336263004], [-3.749553719542532, 50.81206324753232], [-3.7492821648811625, 50.811589260374134], [-3.750178783886616, 50.81057204395074], [-3.750484228611702, 50.81044305123611], [-3.7523797006724027, 50.81001703434231], [-3.7547263867736276, 50.81010216810735], [-3.7548663463191594, 50.81079379832485]]]}}, {"type": "Feature", "properties": {"type": "postcode-cell", "postcode": "EX17 5HR", "postcodes": ["EX17 5HR"]}, "geometry": {"type": "Polygon", "coordinates": [[[-3.7510209720581096, 50.81379775605552], [-3.749711768960918, 50.814033862067284], [-3.7497136383435414, 50.81402747799365], [-3.7515984383760648, 50.812056296852006], [-3.75259475354786, 50.8117722522102], [-3.7514815319613626, 50.813559624657145], [-3.7510209720581096, 50.81379775605552]]]}}, {"type": "Feature", "properties": {"type": "postcode-cell", "postcode": "EX17 5NA", "postcodes": ["EX17 5NA"]}, "geometry": {"type": "Polygon", "coordinates": [[[-3.7487365148462692, 50.81486051656064], [-3.7480268129080887, 50.81290721945716], [-3.748686207335672, 50.81247875616073], [-3.7496085145547013, 50.81342405989993], [-3.7497136383435414, 50.81402747799365], [-3.749711768960918, 50.814033862067284], [-3.7487365148462692, 50.81486051656064]]]}}, {"type": "Feature", "properties": {"type": "postcode-cell", "postcode": "EX17 5NE", "postcodes": ["EX17 5NE"]}, "geometry": {"type": "Polygon", "coordinates": [[[-3.7496085145547013, 50.81342405989993], [-3.7497772430207417, 50.8121336263004], [-3.7515984383760648, 50.812056296852006], [-3.7497136383435414, 50.81402747799365], [-3.7496085145547013, 50.81342405989993]]]}}, {"type": "Feature", "properties": {"type": "postcode-cell", "postcode": "EX17 5NL", "postcodes": ["EX17 5NL"]}, "geometry": {"type": "Polygon", "coordinates": [[[-3.7472602224358824, 50.80991210649613], [-3.746075712709177, 50.809898839044884], [-3.7471895257369576, 50.809008187646754], [-3.7472602224358824, 50.80991210649613]]]}}, {"type": "Feature", "properties": {"type": "postcode-cell", "postcode": "EX17 5ND", "postcodes": ["EX17 5ND"]}, "geometry": {"type": "Polygon", "coordinates": [[[-3.7471895257369576, 50.809008187646754], [-3.7473029188848876, 50.80775108655674], [-3.7487133441102087, 50.808707792009315], [-3.7486044376205867, 50.809917017534616], [-3.7477403498328403, 50.810393973828646], [-3.7473146848885066, 50.810050303550284], [-3.7472602224358824, 50.80991210649613], [-3.7471895257369576, 50.809008187646754]]]}}, {"type": "Feature", "properties": {"type": "postcode-cell", "postcode": "EX17 5BN", "postcodes": ["EX17 5BN"]}, "geometry": {"type": "Polygon", "coordinates": [[[-3.7492821648811625, 50.811589260374134], [-3.7485097243376524, 50.811413843144], [-3.7484844004582434, 50.81071314231584], [-3.750178783886616, 50.81057204395074], [-3.7492821648811625, 50.811589260374134]]]}}, {"type": "Feature", "properties": {"type": "postcode-cell", "postcode": "EX17 5PH", "postcodes": ["EX17 5PH"]}, "geometry": {"type": "Polygon", "coordinates": [[[-3.7497772430207417, 50.8121336263004], [-3.7496085145547013, 50.81342405989993], [-3.748686207335672, 50.81247875616073], [-3.7487972563825167, 50.81228590025086], [-3.749553719542532, 50.81206324753232], [-3.7497772430207417, 50.8121336263004]]]}}, {"type": "Feature", "properties": {"type": "postcode-cell", "postcode": "EX17 5DW", "postcodes": ["EX17 5DW"]}, "geometry": {"type": "Polygon", "coordinates": [[[-3.750484228611702, 50.81044305123611], [-3.7486044376205867, 50.809917017534616], [-3.7487133441102087, 50.808707792009315], [-3.7523797006724027, 50.81001703434231], [-3.750484228611702, 50.81044305123611]]]}}, {"type": "Feature", "properties": {"type": "postcode-cell", "postcode": "EX17 5PF", "postcodes": ["EX17 5PF"]}, "geometry": {"type": "Polygon", "coordinates": [[[-3.7492821648811625, 50.811589260374134], [-3.749553719542532, 50.81206324753232], [-3.7487972563825167, 50.81228590025086], [-3.747704757756247, 50.811954215849376], [-3.7477440492624163, 50.811638014985505], [-3.7485097243376524, 50.811413843144], [-3.7492821648811625, 50.811589260374134]]]}}, {"type": "Feature", "properties": {"type": "postcode-cell", "postcode": "EX17 5JT", "postcodes": ["EX17 5JT"]}, "geometry": {"type": "Polygon", "coordinates": [[[-3.750178783886616, 50.81057204395074], [-3.7484844004582434, 50.81071314231584], [-3.747750213683014, 50.81043787742042], [-3.7477403498328403, 50.810393973828646], [-3.7486044376205867, 50.809917017534616], [-3.750484228611702, 50.81044305123611], [-3.750178783886616, 50.81057204395074]]]}}, {"type": "Feature", "properties": {"type": "postcode-cell", "postcode": "EX17 5NG", "postcodes": ["EX17 5NG"]}, "geometry": {"type": "Polygon", "coordinates": [[[-3.7485097243376524, 50.811413843144], [-3.7477440492624163, 50.811638014985505], [-3.7469591952707617, 50.81109771457811], [-3.747750213683014, 50.81043787742042], [-3.7484844004582434, 50.81071314231584], [-3.7485097243376524, 50.811413843144]]]}}, {"type": "Feature", "properties": {"type": "postcode-cell", "postcode": "EX17 5LT", "postcodes": ["EX17 5LT"]}, "geometry": {"type": "Polygon", "coordinates": [[[-3.7487972563825167, 50.81228590025086], [-3.748686207335672, 50.81247875616073], [-3.7480268129080887, 50.81290721945716], [-3.7470689598216103, 50.812415035669396], [-3.747704757756247, 50.811954215849376], [-3.7487972563825167, 50.81228590025086]]]}}, {"type": "Feature", "properties": {"type": "postcode-cell", "postcode": "EX17 5NW", "postcodes": ["EX17 5NW"]}, "geometry": {"type": "Polygon", "coordinates": [[[-3.7471895257369576, 50.809008187646754], [-3.746075712709177, 50.809898839044884], [-3.74583730236995, 50.80996651370697], [-3.7457294302579656, 50.8070778802444], [-3.7467204610362583, 50.806982976468795], [-3.7473029188848876, 50.80775108655674], [-3.7471895257369576, 50.809008187646754]]]}}, {"type": "Feature", "properties": {"type": "postcode-cell", "postcode": "EX17 5NQ", "postcodes": ["EX17 5NQ"]}, "geometry": {"type": "Polygon", "coordinates": [[[-3.7470689598216103, 50.812415035669396], [-3.7451385255042866, 50.81267431262408], [-3.7451415279549605, 50.81266595347776], [-3.7468562410744113, 50.81110509698028], [-3.7469591952707617, 50.81109771457811], [-3.7477440492624163, 50.811638014985505], [-3.747704757756247, 50.811954215849376], [-3.7470689598216103, 50.812415035669396]]]}}, {"type": "Feature", "properties": {"type": "postcode-cell", "postcode": "EX17 5NH", "postcodes": ["EX17 5NH"]}, "geometry": {"type": "Polygon", "coordinates": [[[-3.747750213683014, 50.81043787742042], [-3.7469591952707617, 50.81109771457811], [-3.7468562410744113, 50.81110509698028], [-3.745708602916856, 50.81068037961419], [-3.7459041164238913, 50.81037786973036], [-3.7473146848885066, 50.810050303550284], [-3.7477403498328403, 50.810393973828646], [-3.747750213683014, 50.81043787742042]]]}}, {"type": "Feature", "properties": {"type": "postcode-cell", "postcode": "EX17 5LY", "postcodes": ["EX17 5LY"]}, "geometry": {"type": "Polygon", "coordinates": [[[-3.739587003433418, 50.81277665226499], [-3.7429463217495775, 50.81138589410299], [-3.7448428205973427, 50.81077611057015], [-3.7449754333938388, 50.81082208562114], [-3.7451415279549605, 50.81266595347776], [-3.7451385255042866, 50.81267431262408], [-3.7421505553112606, 50.814919289402226], [-3.739587003433418, 50.81277665226499]]]}}, {"type": "Feature", "properties": {"type": "postcode-cell", "postcode": "EX17 5NU", "postcodes": ["EX17 5NU"]}, "geometry": {"type": "Polygon", "coordinates": [[[-3.7451415279549605, 50.81266595347776], [-3.7449754333938388, 50.81082208562114], [-3.745708602916856, 50.81068037961419], [-3.7468562410744113, 50.81110509698028], [-3.7451415279549605, 50.81266595347776]]]}}, {"type": "Feature", "properties": {"type": "postcode-cell", "postcode": "EX17 5NJ", "postcodes": ["EX17 5NJ"]}, "geometry": {"type": "Polygon", "coordinates": [[[-3.7459041164238913, 50.81037786973036], [-3.7458252037269486, 50.80997992942522], [-3.74583730236995, 50.80996651370697], [-3.746075712709177, 50.809898839044884], [-3.7472602224358824, 50.80991210649613], [-3.7473146848885066, 50.810050303550284], [-3.7459041164238913, 50.81037786973036]]]}}, {"type": "Feature", "properties": {"type": "postcode-cell", "postcode": "EX17 5NP", "postcodes": ["EX17 5NP"]}, "geometry": {"type": "Polygon", "coordinates": [[[-3.7459041164238913, 50.81037786973036], [-3.745708602916856, 50.81068037961419], [-3.7449754333938388, 50.81082208562114], [-3.7448428205973427, 50.81077611057015], [-3.744164866899826, 50.81012220272053], [-3.7443993133308195, 50.80968891345183], [-3.7458252037269486, 50.80997992942522], [-3.7459041164238913, 50.81037786973036]]]}}, {"type": "Feature", "properties": {"type": "postcode-cell", "postcode": "EX17 5NN", "postcodes": ["EX17 5NN"]}, "geometry": {"type": "Polygon", "coordinates": [[[-3.7458252037269486, 50.80997992942522], [-3.7443993133308195, 50.80968891345183], [-3.7444342269998314, 50.807134483039746], [-3.7457294302579656, 50.8070778802444], [-3.74583730236995, 50.80996651370697], [-3.7458252037269486, 50.80997992942522]]]}}, {"type": "Feature", "properties": {"type": "postcode-cell", "postcode": "EX17 5LZ", "postcodes": ["EX17 5LZ"]}, "geometry": {"type": "Polygon", "coordinates": [[[-3.7448428205973427, 50.81077611057015], [-3.7429463217495775, 50.81138589410299], [-3.7441269273197766, 50.810127530801175], [-3.744164866899826, 50.81012220272053], [-3.7448428205973427, 50.81077611057015]]]}}, {"type": "Feature", "properties": {"type": "postcode-cell", "postcode": "EX17 5NR", "postcodes": ["EX17 5NR"]}, "geometry": {"type": "Polygon", "coordinates": [[[-3.7441269273197766, 50.810127530801175], [-3.7427990650642813, 50.81020762269221], [-3.7417315375328317, 50.8067921348704], [-3.7444342269998314, 50.807134483039746], [-3.7443993133308195, 50.80968891345183], [-3.744164866899826, 50.81012220272053], [-3.7441269273197766, 50.810127530801175]]]}}, {"type": "Feature", "properties": {"type": "postcode-cell", "postcode": "EX17 5BU", "postcodes": ["EX17 5BU"]}, "geometry": {"type": "Polygon", "coordinates": [[[-3.736912437228022, 50.80237198199294], [-3.7341469582869173, 50.80436715462264], [-3.7237987915988113, 50.805374834995824], [-3.721430141456707, 50.803878193883016], [-3.7213099898330384, 50.80347999480421], [-3.720404626051294, 50.80197796400908], [-3.7369282003653956, 50.802215609534386], [-3.736912437228022, 50.80237198199294]]]}}, {"type": "Feature", "properties": {"type": "postcode-cell", "postcode": "EX17 5LX", "postcodes": ["EX17 5LX"]}, "geometry": {"type": "Polygon", "coordinates": [[[-3.739587003433418, 50.81277665226499], [-3.739325595326927, 50.81260870626489], [-3.7427990650642813, 50.81020762269221], [-3.7441269273197766, 50.810127530801175], [-3.7429463217495775, 50.81138589410299], [-3.739587003433418, 50.81277665226499]]]}}, {"type": "Feature", "properties": {"type": "postcode-cell", "postcode": "EX17 5PE", "postcodes": ["EX17 5PE"]}, "geometry": {"type": "Polygon", "coordinates": [[[-3.7427990650642813, 50.81020762269221], [-3.739325595326927, 50.81260870626489], [-3.738336281697323, 50.812180140662115], [-3.741032341017207, 50.806637654042966], [-3.7417315375328317, 50.8067921348704], [-3.7427990650642813, 50.81020762269221]]]}}, {"type": "Feature", "properties": {"type": "postcode-cell", "postcode": "EX17 5NS", "postcodes": ["EX17 5NS"]}, "geometry": {"type": "Polygon", "coordinates": [[[-3.741032341017207, 50.806637654042966], [-3.738336281697323, 50.812180140662115], [-3.7341850736124504, 50.811868549644615], [-3.7327454031866014, 50.81075265951218], [-3.7402122472811974, 50.806074709060596], [-3.741032341017207, 50.806637654042966]]]}}, {"type": "Feature", "properties": {"type": "postcode-cell", "postcode": "EX17 5BX", "postcodes": ["EX17 5BX"]}, "geometry": {"type": "Polygon", "coordinates": [[[-3.7369282003653956, 50.802215609534386], [-3.720404626051294, 50.80197796400908], [-3.7195499898332547, 50.80055999480191], [-3.7161699898320033, 50.79853999480034], [-3.7154199898319114, 50.797689994799676], [-3.721419989835578, 50.798179994799995], [-3.7266899898391244, 50.79790999479971], [-3.7305699898415634, 50.798079994799764], [-3.7360499898454176, 50.79744999479922], [-3.739882229313844, 50.79759798004309], [-3.7369282003653956, 50.802215609534386]]]}}, {"type": "Feature", "properties": {"type": "postcode-cell", "postcode": "EX17 5BT", "postcodes": ["EX17 5BT"]}, "geometry": {"type": "Polygon", "coordinates": [[[-3.7341469582869173, 50.80436715462264], [-3.7308531869989894, 50.80897387955183], [-3.7259210796357567, 50.80802256450519], [-3.7237987915988113, 50.805374834995824], [-3.7341469582869173, 50.80436715462264]]]}}, {"type": "Feature", "properties": {"type": "postcode-cell", "postcode": "EX17 5PB", "postcodes": ["EX17 5PB"]}, "geometry": {"type": "Polygon", "coordinates": [[[-3.7320601704555014, 50.81041550310049], [-3.7217035576557103, 50.81446048702813], [-3.721001118389373, 50.81218877935093], [-3.7259210796357567, 50.80802256450519], [-3.7308531869989894, 50.80897387955183], [-3.7320601704555014, 50.81041550310049]]]}}, {"type": "Feature", "properties": {"type": "postcode-cell", "postcode": "EX17 5PD", "postcodes": ["EX17 5PD"]}, "geometry": {"type": "Polygon", "coordinates": [[[-3.7237987915988113, 50.805374834995824], [-3.7259210796357567, 50.80802256450519], [-3.721001118389373, 50.81218877935093], [-3.720849989828916, 50.81169999481079], [-3.7209099898304294, 50.80852999480825], [-3.7221699898322713, 50.806329994806475], [-3.721430141456707, 50.803878193883016], [-3.7237987915988113, 50.805374834995824]]]}}]}