{"type": "FeatureCollection", "features": [{"type": "Feature", "properties": {"type": "ward-outline", "name": "Yeo"}, "geometry": {"type": "Polygon", "coordinates": [[[-3.673, 50.79667], [-3.6722, 50.79562], [-3.67628, 50.79299], [-3.67578, 50.79287], [-3.67629, 50.79234], [-3.67549, 50.79139], [-3.67349, 50.79025], [-3.67264, 50.7892], [-3.67151, 50.7885], [-3.67135, 50.78881], [-3.67114, 50.78863], [-3.67022, 50.78727], [-3.66925, 50.78473], [-3.6668, 50.78113], [-3.66477, 50.77912], [-3.66497, 50.77767], [-3.66432, 50.77752], [-3.66306, 50.77785], [-3.66285, 50.77862], [-3.66222, 50.7788], [-3.66119, 50.77841], [-3.65878, 50.77852], [-3.65887, 50.77954], [-3.65772, 50.77943], [-3.65683, 50.77972], [-3.65503, 50.77926], [-3.65349, 50.77933], [-3.65239, 50.77997], [-3.65188, 50.77938], [-3.64881, 50.77947], [-3.64793, 50.77897], [-3.64397, 50.77954], [-3.64294, 50.78003], [-3.64282, 50.78056], [-3.64093, 50.78065], [-3.63969, 50.7795], [-3.63707, 50.78082], [-3.63517, 50.78127], [-3.63801, 50.7843], [-3.63575, 50.78418], [-3.63896, 50.7865], [-3.63754, 50.78707], [-3.63872, 50.78746], [-3.6358, 50.78903], [-3.6357, 50.7893], [-3.63689, 50.78949], [-3.63714, 50.79039], [-3.63359, 50.79026], [-3.63194, 50.79238], [-3.63295, 50.79344], [-3.63221, 50.79448], [-3.63086, 50.79506], [-3.62837, 50.79314], [-3.62804, 50.79176], [-3.62759, 50.79212], [-3.62562, 50.79143], [-3.62164, 50.78894], [-3.62049, 50.78773], [-3.61995, 50.78787], [-3.61614, 50.78699], [-3.61181, 50.7868], [-3.60935, 50.78618], [-3.60758, 50.78526], [-3.6067, 50.78433], [-3.60214, 50.78343], [-3.59411, 50.7838], [-3.58574, 50.78541], [-3.58026, 50.78683], [-3.57401, 50.78782], [-3.57201, 50.78853], [-3.57074, 50.78704], [-3.57044, 50.78551], [-3.56918, 50.78415], [-3.569, 50.78101], [-3.56701, 50.77949], [-3.56412, 50.7794], [-3.56322, 50.77904], [-3.56335, 50.77501], [-3.55919, 50.77503], [-3.55853, 50.77361], [-3.55793, 50.77476], [-3.55722, 50.77498], [-3.55592, 50.77508], [-3.55373, 50.77449], [-3.55213, 50.77478], [-3.55009, 50.77456], [-3.54742, 50.77298], [-3.55211, 50.77119], [-3.55135, 50.76965], [-3.5514, 50.76867], [-3.55057, 50.76744], [-3.55061, 50.76638], [-3.55144, 50.7653], [-3.55111, 50.76524], [-3.55836, 50.76233], [-3.55874, 50.76183], [-3.55956, 50.75983], [-3.55643, 50.75889], [-3.55702, 50.75832], [-3.55681, 50.75795], [-3.5596, 50.75765], [-3.56167, 50.75836], [-3.57054, 50.76024], [-3.57094, 50.75822], [-3.56939, 50.75572], [-3.57356, 50.75565], [-3.5763, 50.75507], [-3.57604, 50.75396], [-3.57388, 50.75265], [-3.57802, 50.74977], [-3.58047, 50.74714], [-3.58431, 50.74498], [-3.58552, 50.74387], [-3.58788, 50.74402], [-3.59215, 50.74329], [-3.59231, 50.74482], [-3.5919, 50.74499], [-3.5923, 50.7455], [-3.59318, 50.74645], [-3.59359, 50.7463], [-3.59527, 50.74757], [-3.596, 50.74773], [-3.5966, 50.74778], [-3.5967, 50.74686], [-3.59844, 50.74704], [-3.599, 50.74644], [-3.60114, 50.74631], [-3.602, 50.74596], [-3.60325, 50.74742], [-3.60623, 50.74883], [-3.60674, 50.75128], [-3.60766, 50.75275], [-3.6088, 50.75336], [-3.60885, 50.7542], [-3.61435, 50.75396], [-3.61574, 50.7523], [-3.61711, 50.75196], [-3.61839, 50.75108], [-3.61996, 50.75095], [-3.62016, 50.75215], [-3.62125, 50.75311], [-3.62188, 50.75561], [-3.62222, 50.75572], [-3.62318, 50.7555], [-3.62484, 50.75611], [-3.62737, 50.75618], [-3.63198, 50.75482], [-3.63469, 50.75507], [-3.63627, 50.75576], [-3.63972, 50.75526], [-3.64089, 50.75708], [-3.64066, 50.75826], [-3.6415, 50.75862], [-3.64401, 50.75736], [-3.64642, 50.75671], [-3.64807, 50.75689], [-3.65184, 50.75631], [-3.65342, 50.75634], [-3.65608, 50.7571], [-3.65604, 50.75744], [-3.65671, 50.7572], [-3.65882, 50.75748], [-3.65934, 50.75793], [-3.65913, 50.75814], [-3.66187, 50.75964], [-3.66599, 50.75991], [-3.66879, 50.76271], [-3.6703, 50.76307], [-3.67163, 50.76399], [-3.6722, 50.76381], [-3.67271, 50.76273], [-3.67314, 50.76259], [-3.67303, 50.76216], [-3.67391, 50.76179], [-3.67414, 50.76133], [-3.67366, 50.76089], [-3.67442, 50.76036], [-3.67477, 50.76044], [-3.67462, 50.75975], [-3.67514, 50.75971], [-3.67529, 50.75938], [-3.67445, 50.75899], [-3.67454, 50.75865], [-3.67502, 50.75855], [-3.67513, 50.75786], [-3.6758, 50.75778], [-3.67546, 50.75744], [-3.67616, 50.75738], [-3.6759, 50.75687], [-3.67663, 50.7568], [-3.67609, 50.75664], [-3.67617, 50.75638], [-3.67678, 50.75642], [-3.67657, 50.75598], [-3.67728, 50.75574], [-3.67742, 50.75542], [-3.6784, 50.7556], [-3.67865, 50.7553], [-3.67832, 50.75512], [-3.67957, 50.75427], [-3.67923, 50.75412], [-3.67936, 50.75345], [-3.67853, 50.75309], [-3.6782, 50.75233], [-3.67918, 50.75213], [-3.67899, 50.75093], [-3.67944, 50.75052], [-3.68036, 50.75041], [-3.68025, 50.7499], [-3.68158, 50.75012], [-3.68277, 50.75156], [-3.68769, 50.75248], [-3.68899, 50.75242], [-3.69185, 50.75377], [-3.69431, 50.75245], [-3.70193, 50.75085], [-3.70838, 50.74871], [-3.71006, 50.7427], [-3.71824, 50.73731], [-3.71966, 50.73464], [-3.72275, 50.7315], [-3.72334, 50.72815], [-3.72756, 50.72713], [-3.73423, 50.72379], [-3.73751, 50.72353], [-3.73499, 50.72172], [-3.73259, 50.71872], [-3.72747, 50.71731], [-3.72421, 50.71565], [-3.72924, 50.71447], [-3.73105, 50.71365], [-3.73324, 50.71142], [-3.73487, 50.70833], [-3.73391, 50.70652], [-3.73386, 50.70457], [-3.73559, 50.70318], [-3.73628, 50.7033], [-3.73646, 50.70386], [-3.73752, 50.70406], [-3.73772, 50.70446], [-3.73908, 50.70475], [-3.73991, 50.70552], [-3.74149, 50.70547], [-3.74332, 50.70597], [-3.7458, 50.70749], [-3.74777, 50.70786], [-3.74772, 50.70819], [-3.74835, 50.70804], [-3.75028, 50.70862], [-3.75075, 50.7092], [-3.75085, 50.7105], [-3.75226, 50.71181], [-3.75143, 50.71372], [-3.75158, 50.71463], [-3.75367, 50.71605], [-3.75533, 50.71788], [-3.75546, 50.71933], [-3.75501, 50.71995], [-3.75687, 50.72114], [-3.75697, 50.72267], [-3.75799, 50.72296], [-3.75927, 50.72399], [-3.76197, 50.72456], [-3.76421, 50.72598], [-3.76589, 50.72583], [-3.76626, 50.72756], [-3.78353, 50.72283], [-3.79348, 50.71907], [-3.79989, 50.71741], [-3.80381, 50.71683], [-3.80941, 50.71649], [-3.8186, 50.71696], [-3.81961, 50.71912], [-3.81988, 50.72101], [-3.82213, 50.72322], [-3.82143, 50.72436], [-3.82249, 50.72638], [-3.82545, 50.73028], [-3.82753, 50.7291], [-3.83184, 50.72784], [-3.83385, 50.73055], [-3.8363, 50.73217], [-3.83381, 50.73352], [-3.83215, 50.73403], [-3.83119, 50.73501], [-3.83063, 50.73503], [-3.82861, 50.73625], [-3.82732, 50.73866], [-3.82471, 50.74103], [-3.82507, 50.74117], [-3.8247, 50.74152], [-3.82498, 50.74218], [-3.82423, 50.74326], [-3.82457, 50.7439], [-3.82307, 50.74559], [-3.82286, 50.74774], [-3.82248, 50.748], [-3.82268, 50.74902], [-3.8222, 50.74968], [-3.82171, 50.74969], [-3.82141, 50.75016], [-3.82099, 50.75004], [-3.8212, 50.75028], [-3.82061, 50.75049], [-3.82071, 50.75105], [-3.81975, 50.75169], [-3.81915, 50.75306], [-3.81871, 50.75314], [-3.81887, 50.75393], [-3.81834, 50.75402], [-3.81857, 50.7544], [-3.81808, 50.75441], [-3.81831, 50.75487], [-3.81782, 50.75486], [-3.81807, 50.75508], [-3.81685, 50.75585], [-3.8169, 50.75635], [-3.81484, 50.75684], [-3.81446, 50.75746], [-3.81378, 50.75761], [-3.81407, 50.75791], [-3.81309, 50.75784], [-3.81276, 50.75818], [-3.81308, 50.75835], [-3.8123, 50.75825], [-3.81204, 50.75845], [-3.81245, 50.7586], [-3.812, 50.75857], [-3.81196, 50.75888], [-3.81096, 50.75894], [-3.81073, 50.75855], [-3.81003, 50.75886], [-3.80903, 50.75875], [-3.8083, 50.75921], [-3.80769, 50.75899], [-3.80766, 50.75921], [-3.80687, 50.75929], [-3.80673, 50.75895], [-3.80584, 50.75901], [-3.80387, 50.76015], [-3.80318, 50.76006], [-3.80265, 50.7596], [-3.80192, 50.76021], [-3.80064, 50.76035], [-3.80063, 50.76012], [-3.79995, 50.76014], [-3.80004, 50.76033], [-3.79913, 50.76023], [-3.79892, 50.76047], [-3.79881, 50.75995], [-3.79792, 50.75983], [-3.79706, 50.76056], [-3.79669, 50.76032], [-3.79536, 50.76053], [-3.79494, 50.7609], [-3.79412, 50.76085], [-3.79381, 50.7613], [-3.79315, 50.76105], [-3.79284, 50.76146], [-3.79237, 50.76115], [-3.79154, 50.76168], [-3.79076, 50.76173], [-3.79017, 50.7614], [-3.78965, 50.76149], [-3.7895, 50.7611], [-3.78899, 50.76127], [-3.78886, 50.76054], [-3.78766, 50.7601], [-3.78622, 50.7602], [-3.78614, 50.75981], [-3.78495, 50.75999], [-3.78409, 50.75963], [-3.7808, 50.75963], [-3.77945, 50.76025], [-3.7798, 50.76064], [-3.78118, 50.76108], [-3.78195, 50.76201], [-3.78594, 50.76404], [-3.7865, 50.76604], [-3.78807, 50.7671], [-3.78821, 50.76837], [-3.79059, 50.76909], [-3.79244, 50.77084], [-3.79133, 50.77257], [-3.79186, 50.77455], [-3.79143, 50.77849], [-3.79177, 50.78034], [-3.79115, 50.78195], [-3.79017, 50.78825], [-3.7887, 50.79102], [-3.78919, 50.794], [-3.78765, 50.79548], [-3.786, 50.79617], [-3.78402, 50.79865], [-3.7818, 50.79972], [-3.78085, 50.80063], [-3.77798, 50.80074], [-3.77379, 50.79949], [-3.77253, 50.8018], [-3.77136, 50.80193], [-3.77202, 50.80436], [-3.77072, 50.80454], [-3.76737, 50.80587], [-3.76529, 50.80502], [-3.76286, 50.8033], [-3.76092, 50.80303], [-3.75818, 50.80391], [-3.75536, 50.80335], [-3.75384, 50.80377], [-3.75104, 50.80376], [-3.74843, 50.80419], [-3.74398, 50.80338], [-3.74116, 50.80246], [-3.7406, 50.80024], [-3.74123, 50.79765], [-3.73605, 50.79745], [-3.73057, 50.79808], [-3.72669, 50.79791], [-3.72142, 50.79818], [-3.71542, 50.79769], [-3.71617, 50.79854], [-3.71955, 50.80056], [-3.72131, 50.80348], [-3.72217, 50.80633], [-3.72091, 50.80853], [-3.7201, 50.80855], [-3.72015, 50.80717], [-3.71775, 50.80729], [-3.71761, 50.80861], [-3.71328, 50.80851], [-3.708, 50.80764], [-3.7079, 50.80596], [-3.70697, 50.80576], [-3.70111, 50.80619], [-3.69835, 50.80715], [-3.69796, 50.80651], [-3.69499, 50.80716], [-3.69492, 50.80625], [-3.69429, 50.80544], [-3.69464, 50.80495], [-3.69339, 50.80452], [-3.6932, 50.80347], [-3.69182, 50.80158], [-3.69464, 50.80115], [-3.69544, 50.80046], [-3.69651, 50.80018], [-3.69607, 50.79959], [-3.69091, 50.80003], [-3.68451, 50.7988], [-3.67858, 50.79701], [-3.673, 50.79667]]]}}, {"type": "Feature", "properties": {"type": "postcode-cell", "postcode": "EX6 6RH", "postcodes": ["EX6 6RH"]}, "geometry": {"type": "Polygon", "coordinates": [[[-3.818418071424546, 50.73225030619094], [-3.807885435348463, 50.72757935121979], [-3.8069899678960115, 50.72328236160609], [-3.807233992856372, 50.72299557871574], [-3.8221001513512403, 50.72326859019731], [-3.8214299899349187, 50.72435999473991], [-3.822489989934674, 50.72637999474149], [-3.825449989934797, 50.73027999474456], [-3.8275299899367026, 50.72909999474359], [-3.8318399899400974, 50.72783999474253], [-3.8338499899401555, 50.73054999474464], [-3.8362999899410086, 50.73216999474591], [-3.8338099899387545, 50.733519994747006], [-3.832149989937436, 50.734029994747445], [-3.8316175394008773, 50.73457354395918], [-3.818418071424546, 50.73225030619094]]]}}, {"type": "Feature", "properties": {"type": "postcode-cell", "postcode": "EX6 6RJ", "postcodes": ["EX6 6RJ"]}, "geometry": {"type": "Polygon", "coordinates": [[[-3.807233992856372, 50.72299557871574], [-3.806412131056952, 50.71667204162117], [-3.809409989930735, 50.71648999473382], [-3.818599989936505, 50.71695999473405], [-3.8196099899361613, 50.71911999473577], [-3.819879989935461, 50.72100999473726], [-3.822129989935902, 50.72321999473898], [-3.8221001513512403, 50.72326859019731], [-3.807233992856372, 50.72299557871574]]]}}, {"type": "Feature", "properties": {"type": "postcode-cell", "postcode": "EX6 6PZ", "postcodes": ["EX6 6PZ"]}, "geometry": {"type": "Polygon", "coordinates": [[[-3.7376150853135286, 50.711694114869076], [-3.733566961493825, 50.71080018653208], [-3.7348699898861892, 50.708329994728444], [-3.733909989886415, 50.70651999472703], [-3.733859989887293, 50.70456999472549], [-3.735589989889061, 50.703179994724366], [-3.73627998988945, 50.70329999472444], [-3.736459989889306, 50.7038599947249], [-3.737519989889898, 50.704059994725036], [-3.737719989889838, 50.70445999472535], [-3.7390799898905818, 50.70474999472556], [-3.7399099898907595, 50.70551999472615], [-3.7414899898918033, 50.70546999472611], [-3.7433199898927536, 50.70596999472645], [-3.745799989893649, 50.707489994727624], [-3.747769989894751, 50.707859994727876], [-3.747719989894561, 50.70818999472815], [-3.748349989895041, 50.70803999472801], [-3.7502799898960193, 50.70861999472845], [-3.750749989896054, 50.70919999472892], [-3.750799271076236, 50.70984066057423], [-3.7376150853135286, 50.711694114869076]]]}}, {"type": "Feature", "properties": {"type": "postcode-cell", "postcode": "EX6 6LN", "postcodes": ["EX6 6LN"]}, "geometry": {"type": "Polygon", "coordinates": [[[-3.811898767582678, 50.74610143771882], [-3.823019263411712, 50.74610935338152], [-3.822859989925024, 50.747739994758476], [-3.822479989924658, 50.74799999475869], [-3.8226799899243153, 50.7490199947595], [-3.8221999899236967, 50.74967999476003], [-3.821709989923373, 50.74968999476004], [-3.821409989922962, 50.750159994760416], [-3.820989989922741, 50.75003999476033], [-3.821199989922767, 50.75027999476053], [-3.8206099899222843, 50.750489994760706], [-3.8207099899220887, 50.75104999476114], [-3.8197499899211667, 50.75168999476167], [-3.8191499899201435, 50.75305999476277], [-3.8187099899198174, 50.75313999476286], [-3.8188699899195564, 50.75392999476347], [-3.8183399899191697, 50.75401999476353], [-3.8185699899191423, 50.75439999476384], [-3.818079989918818, 50.75440999476386], [-3.818309989918755, 50.7548699947642], [-3.8178199899184406, 50.75485999476421], [-3.8180699899185027, 50.755079994764394], [-3.816849989917349, 50.755849994765015], [-3.8168999899171494, 50.75634999476541], [-3.8148399899155767, 50.75683999476583], [-3.8144599899150426, 50.757459994766336], [-3.813779989914531, 50.75760999476646], [-3.8140699899145805, 50.757909994766685], [-3.8130899899139727, 50.75783999476665], [-3.812759989913601, 50.75817999476692], [-3.8130799899137293, 50.758349994767045], [-3.8122999899132655, 50.75824999476698], [-3.812039989913003, 50.75844999476715], [-3.8124499899132034, 50.758599994767266], [-3.811999989912922, 50.75856999476725], [-3.8119599899127534, 50.7588799947675], [-3.810959989912074, 50.75893999476755], [-3.810729989912102, 50.75854999476724], [-3.810029989911503, 50.75885999476749], [-3.8090299899109015, 50.75874999476744], [-3.8083420892631468, 50.75918346677471], [-3.811898767582678, 50.74610143771882]]]}}, {"type": "Feature", "properties": {"type": "postcode-cell", "postcode": "EX6 6LH", "postcodes": ["EX6 6LH"]}, "geometry": {"type": "Polygon", "coordinates": [[[-3.818418071424546, 50.73225030619094], [-3.8104609399335265, 50.736658159202975], [-3.8069266005675244, 50.73696156650577], [-3.805369343693103, 50.735723788003604], [-3.806151069327556, 50.73006805917938], [-3.807885435348463, 50.72757935121979], [-3.818418071424546, 50.73225030619094]]]}}, {"type": "Feature", "properties": {"type": "postcode-cell", "postcode": "EX6 6LJ", "postcodes": ["EX6 6LJ"]}, "geometry": {"type": "Polygon", "coordinates": [[[-3.8316175394008773, 50.73457354395918], [-3.831189989936356, 50.73500999474823], [-3.830629989935981, 50.73502999474826], [-3.828609989934098, 50.73624999474926], [-3.8273199899321404, 50.73865999475121], [-3.825661361482119, 50.74016613974967], [-3.8104609399335265, 50.736658159202975], [-3.818418071424546, 50.73225030619094], [-3.8316175394008773, 50.73457354395918]]]}}, {"type": "Feature", "properties": {"type": "postcode-cell", "postcode": "EX6 6LL", "postcodes": ["EX6 6LL"]}, "geometry": {"type": "Polygon", "coordinates": [[[-3.825661361482119, 50.74016613974967], [-3.824709989929339, 50.74102999475311], [-3.8250699899295073, 50.741169994753214], [-3.824699989929105, 50.741519994753496], [-3.8249799899289822, 50.74217999475402], [-3.824229989927991, 50.743259994754894], [-3.824569989927919, 50.743899994755395], [-3.8230699899261578, 50.745589994756756], [-3.823019263411712, 50.74610935338152], [-3.811898767582678, 50.74610143771882], [-3.809714271968903, 50.74567617809398], [-3.8071882887777844, 50.74003261231625], [-3.8069266005675244, 50.73696156650577], [-3.8104609399335265, 50.736658159202975], [-3.825661361482119, 50.74016613974967]]]}}, {"type": "Feature", "properties": {"type": "postcode-cell", "postcode": "EX6 6LW", "postcodes": ["EX6 6LW"]}, "geometry": {"type": "Polygon", "coordinates": [[[-3.811898767582678, 50.74610143771882], [-3.8083420892631468, 50.75918346677471], [-3.8082999899102137, 50.75920999476781], [-3.807689989909916, 50.758989994767624], [-3.807659989909795, 50.75920999476782], [-3.806869989909243, 50.7592899947679], [-3.8067299899093094, 50.75894999476762], [-3.8058399899087, 50.75900999476767], [-3.803869989906887, 50.760149994768625], [-3.8031799899064773, 50.76005999476856], [-3.8026499899063455, 50.7595999947682], [-3.8019199899055867, 50.76020999476869], [-3.800639989904686, 50.760349994768795], [-3.8006299899047864, 50.76011999476863], [-3.799949989904335, 50.76013999476865], [-3.8000399899043047, 50.76032999476881], [-3.7991299899037583, 50.760229994768736], [-3.7989199899035104, 50.76046999476892], [-3.7988099899036807, 50.759949994768526], [-3.7979199899031553, 50.75982999476843], [-3.797059989902254, 50.76055999476903], [-3.796689989902123, 50.760319994768835], [-3.795359989901161, 50.76052999476902], [-3.7949399899007155, 50.76089999476934], [-3.7946851390913565, 50.76088445571593], [-3.7934786718884106, 50.75329947039528], [-3.804378047278013, 50.7467750782397], [-3.809714271968903, 50.74567617809398], [-3.811898767582678, 50.74610143771882]]]}}, {"type": "Feature", "properties": {"type": "postcode-cell", "postcode": "EX6 6LE", "postcodes": ["EX6 6LE"]}, "geometry": {"type": "Polygon", "coordinates": [[[-3.809714271968903, 50.74567617809398], [-3.804378047278013, 50.7467750782397], [-3.794768631239553, 50.74078882169942], [-3.8071882887777844, 50.74003261231625], [-3.809714271968903, 50.74567617809398]]]}}, {"type": "Feature", "properties": {"type": "postcode-cell", "postcode": "EX6 6LG", "postcodes": ["EX6 6LG"]}, "geometry": {"type": "Polygon", "coordinates": [[[-3.8069266005675244, 50.73696156650577], [-3.8071882887777844, 50.74003261231625], [-3.794768631239553, 50.74078882169942], [-3.7944600995481457, 50.740666168549375], [-3.7948913325228575, 50.73688075634646], [-3.805369343693103, 50.735723788003604], [-3.8069266005675244, 50.73696156650577]]]}}, {"type": "Feature", "properties": {"type": "postcode-cell", "postcode": "EX6 6HP", "postcodes": ["EX6 6HP"]}, "geometry": {"type": "Polygon", "coordinates": [[[-3.806151069327556, 50.73006805917938], [-3.7915890326736363, 50.73263135380596], [-3.7925502846560435, 50.726835496777916], [-3.7940989280502797, 50.72499011360783], [-3.8069899678960115, 50.72328236160609], [-3.807885435348463, 50.72757935121979], [-3.806151069327556, 50.73006805917938]]]}}, {"type": "Feature", "properties": {"type": "postcode-cell", "postcode": "EX17 5DN", "postcodes": ["EX17 5DN"]}, "geometry": {"type": "MultiPolygon", "coordinates": [[[[-3.7876251421883613, 50.7782201577031], [-3.7694732199313767, 50.77041292779509], [-3.779087550302868, 50.76159981471607], [-3.781519084870384, 50.761489556320605], [-3.781949989891738, 50.76200999477039], [-3.7859399898933943, 50.76403999477195], [-3.7864999898928318, 50.76603999477353], [-3.7880699898933647, 50.76709999477436], [-3.7882099898928656, 50.76836999477537], [-3.7905899898940842, 50.769089994775904], [-3.792439989894479, 50.770839994777276], [-3.7913299898929553, 50.772569994778664], [-3.7918599898923824, 50.77454999478026], [-3.791447448623494, 50.778330035530786], [-3.7876251421883613, 50.7782201577031]]], [[[-3.78940514737732, 50.761131609203495], [-3.7889899898966677, 50.761269994769705], [-3.7889688745452155, 50.76115142562323], [-3.78940514737732, 50.761131609203495]]], [[[-3.794072092561787, 50.76091952377132], [-3.793809989899793, 50.76129999476967], [-3.793149989899477, 50.76104999476945], [-3.7928399898990888, 50.7614599947698], [-3.7923699898989263, 50.76114999476956], [-3.7915399898981366, 50.761679994769985], [-3.790759989897607, 50.761729994770064], [-3.7901699898973766, 50.761399994769796], [-3.7896499898969958, 50.76148999476988], [-3.7895103118872826, 50.76112683216622], [-3.794072092561787, 50.76091952377132]]]]}}, {"type": "Feature", "properties": {"type": "postcode-cell", "postcode": "EX6 6LP", "postcodes": ["EX6 6LP"]}, "geometry": {"type": "Polygon", "coordinates": [[[-3.7946851390913565, 50.76088445571593], [-3.7941199899002034, 50.76084999476931], [-3.794072092561787, 50.76091952377132], [-3.7895103118872826, 50.76112683216622], [-3.789499989897077, 50.761099994769566], [-3.78940514737732, 50.761131609203495], [-3.7889688745452155, 50.76115142562323], [-3.788859989896921, 50.76053999476912], [-3.787659989896342, 50.7600999947688], [-3.786219989895356, 50.76019999476888], [-3.786139989895486, 50.75980999476859], [-3.784949989894629, 50.75998999476874], [-3.784089989894235, 50.75962999476846], [-3.7807999898920928, 50.75962999476852], [-3.779449989890926, 50.76024999476901], [-3.779799989890974, 50.76063999476933], [-3.7811799898916685, 50.761079994769666], [-3.781519084870384, 50.761489556320605], [-3.779087550302868, 50.76159981471607], [-3.769665336103999, 50.75593417657423], [-3.7672851329266943, 50.74956130773594], [-3.7801274765810686, 50.746621148437875], [-3.784399960769423, 50.74713991828587], [-3.7934786718884106, 50.75329947039528], [-3.7946851390913565, 50.76088445571593]]]}}, {"type": "Feature", "properties": {"type": "postcode-cell", "postcode": "EX6 6LQ", "postcodes": ["EX6 6LQ"]}, "geometry": {"type": "Polygon", "coordinates": [[[-3.792586277464752, 50.73515791617768], [-3.7913204868924777, 50.7329655027087], [-3.7915890326736363, 50.73263135380596], [-3.806151069327556, 50.73006805917938], [-3.805369343693103, 50.735723788003604], [-3.7948913325228575, 50.73688075634646], [-3.792586277464752, 50.73515791617768]]]}}, {"type": "Feature", "properties": {"type": "postcode-cell", "postcode": "EX6 6LD", "postcodes": ["EX6 6LD"]}, "geometry": {"type": "Polygon", "coordinates": [[[-3.7948913325228575, 50.73688075634646], [-3.7944600995481457, 50.740666168549375], [-3.7883279104718746, 50.74373754965513], [-3.7858316296777166, 50.738070250860346], [-3.792586277464752, 50.73515791617768], [-3.7948913325228575, 50.73688075634646]]]}}, {"type": "Feature", "properties": {"type": "postcode-cell", "postcode": "EX6 6LF", "postcodes": ["EX6 6LF"]}, "geometry": {"type": "Polygon", "coordinates": [[[-3.794768631239553, 50.74078882169942], [-3.804378047278013, 50.7467750782397], [-3.7934786718884106, 50.75329947039528], [-3.784399960769423, 50.74713991828587], [-3.7883279104718746, 50.74373754965513], [-3.7944600995481457, 50.740666168549375], [-3.794768631239553, 50.74078882169942]]]}}, {"type": "Feature", "properties": {"type": "postcode-cell", "postcode": "EX6 6HA", "postcodes": ["EX6 6HA"]}, "geometry": {"type": "Polygon", "coordinates": [[[-3.7913204868924777, 50.7329655027087], [-3.785409097597451, 50.732610850096506], [-3.7844058130629503, 50.73158743139487], [-3.7850917283265937, 50.72747199788349], [-3.7925502846560435, 50.726835496777916], [-3.7915890326736363, 50.73263135380596], [-3.7913204868924777, 50.7329655027087]]]}}, {"type": "Feature", "properties": {"type": "postcode-cell", "postcode": "EX6 6NN", "postcodes": ["EX6 6NN"]}, "geometry": {"type": "Polygon", "coordinates": [[[-3.8069899678960115, 50.72328236160609], [-3.7940989280502797, 50.72499011360783], [-3.787611248412528, 50.72128790472683], [-3.7934799899191773, 50.7190699947361], [-3.7998899899241163, 50.71740999473471], [-3.8038099899269326, 50.716829994734184], [-3.806412131056952, 50.71667204162117], [-3.807233992856372, 50.72299557871574], [-3.8069899678960115, 50.72328236160609]]]}}, {"type": "Feature", "properties": {"type": "postcode-cell", "postcode": "EX6 6LB", "postcodes": ["EX6 6LB"]}, "geometry": {"type": "Polygon", "coordinates": [[[-3.784399960769423, 50.74713991828587], [-3.7801274765810686, 50.746621148437875], [-3.777992235835714, 50.73839039370196], [-3.7804362847088093, 50.73739996178815], [-3.7858316296777166, 50.738070250860346], [-3.7883279104718746, 50.74373754965513], [-3.784399960769423, 50.74713991828587]]]}}, {"type": "Feature", "properties": {"type": "postcode-cell", "postcode": "EX6 6JG", "postcodes": ["EX6 6JG"]}, "geometry": {"type": "Polygon", "coordinates": [[[-3.7593999429482183, 50.72649988473321], [-3.7498417649671993, 50.71556172350604], [-3.7514275006869564, 50.71103655838888], [-3.752259989895811, 50.71180999473094], [-3.7514299898943837, 50.71371999473247], [-3.7515799898940583, 50.71462999473319], [-3.753669989894747, 50.71604999473428], [-3.755329989894971, 50.71787999473571], [-3.755459989894379, 50.719329994736846], [-3.755009989893798, 50.719949994737355], [-3.75686998989445, 50.721139994738266], [-3.7569699898938005, 50.7226699947395], [-3.757989989894327, 50.722959994739696], [-3.7592699898946753, 50.723989994740506], [-3.7619699898961625, 50.72455999474091], [-3.7623473521979895, 50.72479922463507], [-3.7593999429482183, 50.72649988473321]]]}}, {"type": "Feature", "properties": {"type": "postcode-cell", "postcode": "EX6 6LA", "postcodes": ["EX6 6LA"]}, "geometry": {"type": "Polygon", "coordinates": [[[-3.7913204868924777, 50.7329655027087], [-3.792586277464752, 50.73515791617768], [-3.7858316296777166, 50.738070250860346], [-3.7804362847088093, 50.73739996178815], [-3.7835596214140783, 50.733521457928724], [-3.785409097597451, 50.732610850096506], [-3.7913204868924777, 50.7329655027087]]]}}, {"type": "Feature", "properties": {"type": "postcode-cell", "postcode": "EX6 6HL", "postcodes": ["EX6 6HL"]}, "geometry": {"type": "Polygon", "coordinates": [[[-3.7925502846560435, 50.726835496777916], [-3.7850917283265937, 50.72747199788349], [-3.7822376803291156, 50.726453187277], [-3.782443620137783, 50.72312763849875], [-3.783529989910962, 50.72282999473923], [-3.787611248412528, 50.72128790472683], [-3.7940989280502797, 50.72499011360783], [-3.7925502846560435, 50.726835496777916]]]}}, {"type": "Feature", "properties": {"type": "postcode-cell", "postcode": "EX6 6HW", "postcodes": ["EX6 6HW"]}, "geometry": {"type": "Polygon", "coordinates": [[[-3.7822376803291156, 50.726453187277], [-3.7782165331448065, 50.72869311966213], [-3.7751834121304695, 50.72891266258166], [-3.774232492355544, 50.728738646742805], [-3.772037829806328, 50.72597791798718], [-3.782443620137783, 50.72312763849875], [-3.7822376803291156, 50.726453187277]]]}}, {"type": "Feature", "properties": {"type": "postcode-cell", "postcode": "EX6 6HJ", "postcodes": ["EX6 6HJ"]}, "geometry": {"type": "Polygon", "coordinates": [[[-3.785409097597451, 50.732610850096506], [-3.7835596214140783, 50.733521457928724], [-3.7778751441543776, 50.7326978023683], [-3.7751834121304695, 50.72891266258166], [-3.7782165331448065, 50.72869311966213], [-3.7844058130629503, 50.73158743139487], [-3.785409097597451, 50.732610850096506]]]}}, {"type": "Feature", "properties": {"type": "postcode-cell", "postcode": "EX6 6HN", "postcodes": ["EX6 6HN"]}, "geometry": {"type": "Polygon", "coordinates": [[[-3.7844058130629503, 50.73158743139487], [-3.7782165331448065, 50.72869311966213], [-3.7822376803291156, 50.726453187277], [-3.7850917283265937, 50.72747199788349], [-3.7844058130629503, 50.73158743139487]]]}}, {"type": "Feature", "properties": {"type": "postcode-cell", "postcode": "EX6 6JZ", "postcodes": ["EX6 6JZ"]}, "geometry": {"type": "Polygon", "coordinates": [[[-3.7804362847088093, 50.73739996178815], [-3.777992235835714, 50.73839039370196], [-3.774233605353226, 50.7369500691486], [-3.7778751441543776, 50.7326978023683], [-3.7835596214140783, 50.733521457928724], [-3.7804362847088093, 50.73739996178815]]]}}, {"type": "Feature", "properties": {"type": "postcode-cell", "postcode": "EX17 5DQ", "postcodes": ["EX17 5DQ"]}, "geometry": {"type": "Polygon", "coordinates": [[[-3.7744629108948335, 50.79063963952205], [-3.76878774388171, 50.78676376818971], [-3.768820619720801, 50.78548251614388], [-3.7876251421883613, 50.7782201577031], [-3.791447448623494, 50.778330035530786], [-3.791429989890276, 50.77848999478339], [-3.7917699898896418, 50.78033999478486], [-3.791149989888492, 50.78194999478616], [-3.790169989884936, 50.788249994791194], [-3.788699989882691, 50.791019994793416], [-3.7891899898816312, 50.793999994795776], [-3.7883299426032817, 50.794826547617184], [-3.7744629108948335, 50.79063963952205]]]}}, {"type": "Feature", "properties": {"type": "postcode-cell", "postcode": "EX17 5HA", "postcodes": ["EX17 5HA"]}, "geometry": {"type": "Polygon", "coordinates": [[[-3.7694732199313767, 50.77041292779509], [-3.7639796785873916, 50.77104350949585], [-3.7582310001882475, 50.763053667945634], [-3.769665336103999, 50.75593417657423], [-3.779087550302868, 50.76159981471607], [-3.7694732199313767, 50.77041292779509]]]}}, {"type": "Feature", "properties": {"type": "postcode-cell", "postcode": "EX6 6HH", "postcodes": ["EX6 6HH"]}, "geometry": {"type": "Polygon", "coordinates": [[[-3.7801274765810686, 50.746621148437875], [-3.7672851329266943, 50.74956130773594], [-3.7598088318691927, 50.74709529296528], [-3.757999454085021, 50.741272509719515], [-3.761973717326157, 50.7363899345177], [-3.765812556880725, 50.735734218743495], [-3.774233605353226, 50.7369500691486], [-3.777992235835714, 50.73839039370196], [-3.7801274765810686, 50.746621148437875]]]}}, {"type": "Feature", "properties": {"type": "postcode-cell", "postcode": "EX6 6JY", "postcodes": ["EX6 6JY"]}, "geometry": {"type": "Polygon", "coordinates": [[[-3.7751834121304695, 50.72891266258166], [-3.7778751441543776, 50.7326978023683], [-3.774233605353226, 50.7369500691486], [-3.765812556880725, 50.735734218743495], [-3.774232492355544, 50.728738646742805], [-3.7751834121304695, 50.72891266258166]]]}}, {"type": "Feature", "properties": {"type": "postcode-cell", "postcode": "EX17 6JT", "postcodes": ["EX17 6JT"]}, "geometry": {"type": "Polygon", "coordinates": [[[-3.768163782669233, 50.79905507393955], [-3.7744629108948335, 50.79063963952205], [-3.7883299426032817, 50.794826547617184], [-3.787649989879942, 50.79547999479699], [-3.7859999898785452, 50.79616999479757], [-3.784019989876105, 50.79864999479957], [-3.7817999898741594, 50.799719994800455], [-3.780849989873118, 50.800629994801206], [-3.7779799898711945, 50.80073999480131], [-3.7737899898690386, 50.799489994800375], [-3.7725299898671496, 50.801799994802245], [-3.771359989866325, 50.801929994802336], [-3.7714911089164977, 50.80241277271257], [-3.768163782669233, 50.79905507393955]]]}}, {"type": "Feature", "properties": {"type": "postcode-cell", "postcode": "EX17 5DL", "postcodes": ["EX17 5DL"]}, "geometry": {"type": "Polygon", "coordinates": [[[-3.7876251421883613, 50.7782201577031], [-3.768820619720801, 50.78548251614388], [-3.7564387781610904, 50.777113004522185], [-3.757300249029457, 50.775927208515576], [-3.7639796785873916, 50.77104350949585], [-3.7694732199313767, 50.77041292779509], [-3.7876251421883613, 50.7782201577031]]]}}, {"type": "Feature", "properties": {"type": "postcode-cell", "postcode": "EX6 6JX", "postcodes": ["EX6 6JX"]}, "geometry": {"type": "Polygon", "coordinates": [[[-3.774232492355544, 50.728738646742805], [-3.765812556880725, 50.735734218743495], [-3.761973717326157, 50.7363899345177], [-3.7581070339859113, 50.730188202821076], [-3.7581911972664237, 50.72740298659036], [-3.7593999429482183, 50.72649988473321], [-3.7623473521979895, 50.72479922463507], [-3.764209989896955, 50.725979994742], [-3.7658899898981133, 50.725829994741865], [-3.766259989897547, 50.72755999474322], [-3.772037829806328, 50.72597791798718], [-3.774232492355544, 50.728738646742805]]]}}, {"type": "Feature", "properties": {"type": "postcode-cell", "postcode": "EX17 5EZ", "postcodes": ["EX17 5EZ"]}, "geometry": {"type": "Polygon", "coordinates": [[[-3.769665336103999, 50.75593417657423], [-3.7582310001882475, 50.763053667945634], [-3.7512212285019633, 50.76094725334906], [-3.7461904241943387, 50.75729700056315], [-3.7582026719147845, 50.74783769857911], [-3.7598088318691927, 50.74709529296528], [-3.7672851329266943, 50.74956130773594], [-3.769665336103999, 50.75593417657423]]]}}, {"type": "Feature", "properties": {"type": "postcode-cell", "postcode": "EX17 5DJ", "postcodes": ["EX17 5DJ"]}, "geometry": {"type": "Polygon", "coordinates": [[[-3.765367888280223, 50.788924836839335], [-3.7526427115896523, 50.78833864354285], [-3.754900201228034, 50.77756202577847], [-3.7564387781610904, 50.777113004522185], [-3.768820619720801, 50.78548251614388], [-3.76878774388171, 50.78676376818971], [-3.765367888280223, 50.788924836839335]]]}}, {"type": "Feature", "properties": {"type": "postcode-cell", "postcode": "EX17 5DG", "postcodes": ["EX17 5DG"]}, "geometry": {"type": "Polygon", "coordinates": [[[-3.76878774388171, 50.78676376818971], [-3.7744629108948335, 50.79063963952205], [-3.768163782669233, 50.79905507393955], [-3.7599322821561767, 50.79538001530717], [-3.765367888280223, 50.788924836839335], [-3.76878774388171, 50.78676376818971]]]}}, {"type": "Feature", "properties": {"type": "postcode-cell", "postcode": "EX6 6JF", "postcodes": ["EX6 6JF"]}, "geometry": {"type": "Polygon", "coordinates": [[[-3.7581911972664237, 50.72740298659036], [-3.7499602174811995, 50.72495659887451], [-3.7491307955204993, 50.723899453657445], [-3.7477861547311617, 50.71938289363447], [-3.7498417649671993, 50.71556172350604], [-3.7593999429482183, 50.72649988473321], [-3.7581911972664237, 50.72740298659036]]]}}, {"type": "Feature", "properties": {"type": "postcode-cell", "postcode": "EX17 5DF", "postcodes": ["EX17 5DF"]}, "geometry": {"type": "Polygon", "coordinates": [[[-3.753114944828659, 50.79800837556117], [-3.7544654086623943, 50.796241707170445], [-3.7599322821561767, 50.79538001530717], [-3.768163782669233, 50.79905507393955], [-3.7714911089164977, 50.80241277271257], [-3.77201998986563, 50.80435999480431], [-3.770719989864698, 50.804539994804436], [-3.7673699898618973, 50.805869994805555], [-3.765289989860936, 50.80501999480491], [-3.7628599898601482, 50.80329999480356], [-3.76091998985901, 50.803029994803374], [-3.758179989856815, 50.803909994804094], [-3.755359989855241, 50.803349994803675], [-3.7538399898540553, 50.80376999480405], [-3.751039989852236, 50.80375999480405], [-3.7506662225451466, 50.80382157737988], [-3.753114944828659, 50.79800837556117]]]}}, {"type": "Feature", "properties": {"type": "postcode-cell", "postcode": "EX17 5EY", "postcodes": ["EX17 5EY"]}, "geometry": {"type": "Polygon", "coordinates": [[[-3.757300249029457, 50.775927208515576], [-3.7471929447425985, 50.76776187550703], [-3.7512212285019633, 50.76094725334906], [-3.7582310001882475, 50.763053667945634], [-3.7639796785873916, 50.77104350949585], [-3.757300249029457, 50.775927208515576]]]}}, {"type": "Feature", "properties": {"type": "postcode-cell", "postcode": "EX17 5DH", "postcodes": ["EX17 5DH"]}, "geometry": {"type": "Polygon", "coordinates": [[[-3.7513277350462917, 50.79357073325902], [-3.7501762477889167, 50.79208549890932], [-3.7502395566131836, 50.79026222395], [-3.7526427115896523, 50.78833864354285], [-3.765367888280223, 50.788924836839335], [-3.7599322821561767, 50.79538001530717], [-3.7544654086623943, 50.796241707170445], [-3.7513277350462917, 50.79357073325902]]]}}, {"type": "Feature", "properties": {"type": "postcode-cell", "postcode": "EX17 5DE", "postcodes": ["EX17 5DE"]}, "geometry": {"type": "Polygon", "coordinates": [[[-3.7544654086623943, 50.796241707170445], [-3.753114944828659, 50.79800837556117], [-3.745700352077095, 50.797137427100566], [-3.7432845944410396, 50.79524907400629], [-3.7513277350462917, 50.79357073325902], [-3.7544654086623943, 50.796241707170445]]]}}, {"type": "Feature", "properties": {"type": "postcode-cell", "postcode": "EX6 6JD", "postcodes": ["EX6 6JD"]}, "geometry": {"type": "Polygon", "coordinates": [[[-3.761973717326157, 50.7363899345177], [-3.757999454085021, 50.741272509719515], [-3.7564881968952797, 50.74094969052435], [-3.747957763941253, 50.73772486594307], [-3.7437450180703187, 50.733807472556364], [-3.743978678889003, 50.73245339391251], [-3.7449558977147204, 50.73175318468756], [-3.7581070339859113, 50.730188202821076], [-3.761973717326157, 50.7363899345177]]]}}, {"type": "Feature", "properties": {"type": "postcode-cell", "postcode": "EX17 5EX", "postcodes": ["EX17 5EX"]}, "geometry": {"type": "Polygon", "coordinates": [[[-3.754900201228034, 50.77756202577847], [-3.754379432507477, 50.777611377753026], [-3.7389095285460634, 50.76825421977642], [-3.7471929447425985, 50.76776187550703], [-3.757300249029457, 50.775927208515576], [-3.7564387781610904, 50.777113004522185], [-3.754900201228034, 50.77756202577847]]]}}, {"type": "Feature", "properties": {"type": "postcode-cell", "postcode": "EX6 6JE", "postcodes": ["EX6 6JE"]}, "geometry": {"type": "Polygon", "coordinates": [[[-3.7491307955204993, 50.723899453657445], [-3.743059411637157, 50.724109933439145], [-3.742790679251076, 50.724067206676594], [-3.740688507606018, 50.7218475066643], [-3.740600993357316, 50.72138737683337], [-3.7477861547311617, 50.71938289363447], [-3.7491307955204993, 50.723899453657445]]]}}, {"type": "Feature", "properties": {"type": "postcode-cell", "postcode": "EX17 5JJ", "postcodes": ["EX17 5JJ"]}, "geometry": {"type": "Polygon", "coordinates": [[[-3.754900201228034, 50.77756202577847], [-3.7526427115896523, 50.78833864354285], [-3.7502395566131836, 50.79026222395], [-3.747607161705872, 50.78881476406607], [-3.7473757766910167, 50.78504713587879], [-3.7492551826682403, 50.780918980420765], [-3.7516424010879836, 50.77810311032892], [-3.754379432507477, 50.777611377753026], [-3.754900201228034, 50.77756202577847]]]}}, {"type": "Feature", "properties": {"type": "postcode-cell", "postcode": "EX6 6HG", "postcodes": ["EX6 6HG"]}, "geometry": {"type": "Polygon", "coordinates": [[[-3.7598088318691927, 50.74709529296528], [-3.7582026719147845, 50.74783769857911], [-3.7359038481744653, 50.7462973130789], [-3.7368463626649686, 50.743587709014754], [-3.7564881968952797, 50.74094969052435], [-3.757999454085021, 50.741272509719515], [-3.7598088318691927, 50.74709529296528]]]}}, {"type": "Feature", "properties": {"type": "postcode-cell", "postcode": "EX17 5HB", "postcodes": ["EX17 5HB"]}, "geometry": {"type": "Polygon", "coordinates": [[[-3.7512212285019633, 50.76094725334906], [-3.7471929447425985, 50.76776187550703], [-3.7389095285460634, 50.76825421977642], [-3.7375254841019685, 50.76810193827244], [-3.741412003576028, 50.759254227305235], [-3.7442610623474746, 50.75734231401548], [-3.7461904241943387, 50.75729700056315], [-3.7512212285019633, 50.76094725334906]]]}}, {"type": "Feature", "properties": {"type": "postcode-cell", "postcode": "EX6 6JB", "postcodes": ["EX6 6JB"]}, "geometry": {"type": "Polygon", "coordinates": [[[-3.7581070339859113, 50.730188202821076], [-3.7449558977147204, 50.73175318468756], [-3.7452328644793913, 50.72751641677754], [-3.7499602174811995, 50.72495659887451], [-3.7581911972664237, 50.72740298659036], [-3.7581070339859113, 50.730188202821076]]]}}, {"type": "Feature", "properties": {"type": "postcode-cell", "postcode": "EX6 6JU", "postcodes": ["EX6 6JU"]}, "geometry": {"type": "Polygon", "coordinates": [[[-3.7449558977147204, 50.73175318468756], [-3.743978678889003, 50.73245339391251], [-3.737895279899034, 50.73001114785367], [-3.7420789047665393, 50.726923628291225], [-3.743232057052486, 50.727061643062434], [-3.7452328644793913, 50.72751641677754], [-3.7449558977147204, 50.73175318468756]]]}}, {"type": "Feature", "properties": {"type": "postcode-cell", "postcode": "EX17 5JL", "postcodes": ["EX17 5JL"]}, "geometry": {"type": "Polygon", "coordinates": [[[-3.7501762477889167, 50.79208549890932], [-3.7416229915142947, 50.792109993715464], [-3.7416229903215434, 50.789953509904095], [-3.7417872147065374, 50.788145588615926], [-3.744098805332177, 50.78794376457199], [-3.747607161705872, 50.78881476406607], [-3.7502395566131836, 50.79026222395], [-3.7501762477889167, 50.79208549890932]]]}}, {"type": "Feature", "properties": {"type": "postcode-cell", "postcode": "EX17 5JH", "postcodes": ["EX17 5JH"]}, "geometry": {"type": "Polygon", "coordinates": [[[-3.747607161705872, 50.78881476406607], [-3.744098805332177, 50.78794376457199], [-3.7443816300092885, 50.786460663082806], [-3.7473757766910167, 50.78504713587879], [-3.747607161705872, 50.78881476406607]]]}}, {"type": "Feature", "properties": {"type": "postcode-cell", "postcode": "EX17 5HG", "postcodes": ["EX17 5HG"]}, "geometry": {"type": "Polygon", "coordinates": [[[-3.7461904241943387, 50.75729700056315], [-3.7442610623474746, 50.75734231401548], [-3.7405081226741106, 50.75519837916635], [-3.732313402305985, 50.74982319396014], [-3.732960445248506, 50.74867449590201], [-3.7359038481744653, 50.7462973130789], [-3.7582026719147845, 50.74783769857911], [-3.7461904241943387, 50.75729700056315]]]}}, {"type": "Feature", "properties": {"type": "postcode-cell", "postcode": "EX6 6BQ", "postcodes": ["EX6 6BQ"]}, "geometry": {"type": "Polygon", "coordinates": [[[-3.743232057052486, 50.727061643062434], [-3.743059411637157, 50.724109933439145], [-3.7491307955204993, 50.723899453657445], [-3.7499602174811995, 50.72495659887451], [-3.7452328644793913, 50.72751641677754], [-3.743232057052486, 50.727061643062434]]]}}, {"type": "Feature", "properties": {"type": "postcode-cell", "postcode": "EX6 6JA", "postcodes": ["EX6 6JA"]}, "geometry": {"type": "Polygon", "coordinates": [[[-3.743232057052486, 50.727061643062434], [-3.7420789047665393, 50.726923628291225], [-3.7411298688100083, 50.726399796407144], [-3.740969003796616, 50.7260062575092], [-3.7414161550148353, 50.724787900795754], [-3.742790679251076, 50.724067206676594], [-3.743059411637157, 50.724109933439145], [-3.743232057052486, 50.727061643062434]]]}}, {"type": "Feature", "properties": {"type": "postcode-cell", "postcode": "EX6 6JH", "postcodes": ["EX6 6JH"]}, "geometry": {"type": "Polygon", "coordinates": [[[-3.740688507606018, 50.7218475066643], [-3.740048667628225, 50.72320559730835], [-3.739058257597233, 50.72391747284372], [-3.736450420840376, 50.72373628907864], [-3.73660563651588, 50.723601690773805], [-3.7375099898807975, 50.72352999474044], [-3.737060550570503, 50.72320719758698], [-3.7394089112702678, 50.721170609620586], [-3.740600993357316, 50.72138737683337], [-3.740688507606018, 50.7218475066643]]]}}, {"type": "Feature", "properties": {"type": "postcode-cell", "postcode": "EX6 6JQ", "postcodes": ["EX6 6JQ"]}, "geometry": {"type": "Polygon", "coordinates": [[[-3.7477861547311617, 50.71938289363447], [-3.740600993357316, 50.72138737683337], [-3.7394089112702678, 50.721170609620586], [-3.7342374643661262, 50.718614276182755], [-3.7376150853135286, 50.711694114869076], [-3.750799271076236, 50.70984066057423], [-3.750849989895511, 50.71049999472993], [-3.7514275006869564, 50.71103655838888], [-3.7498417649671993, 50.71556172350604], [-3.7477861547311617, 50.71938289363447]]]}}, {"type": "Feature", "properties": {"type": "postcode-cell", "postcode": "EX17 5EU", "postcodes": ["EX17 5EU"]}, "geometry": {"type": "Polygon", "coordinates": [[[-3.7516424010879836, 50.77810311032892], [-3.738537976653479, 50.77806096361162], [-3.737795779606859, 50.77718361558304], [-3.736236041086803, 50.77425448663492], [-3.7360827814031734, 50.77378021941373], [-3.7365286120427346, 50.76851156654895], [-3.7375254841019685, 50.76810193827244], [-3.7389095285460634, 50.76825421977642], [-3.754379432507477, 50.777611377753026], [-3.7516424010879836, 50.77810311032892]]]}}, {"type": "Feature", "properties": {"type": "postcode-cell", "postcode": "EX17 5JQ", "postcodes": ["EX17 5JQ"]}, "geometry": {"type": "Polygon", "coordinates": [[[-3.7473757766910167, 50.78504713587879], [-3.7443816300092885, 50.786460663082806], [-3.7435272820106706, 50.7849744415447], [-3.7492551826682403, 50.780918980420765], [-3.7473757766910167, 50.78504713587879]]]}}, {"type": "Feature", "properties": {"type": "postcode-cell", "postcode": "EX6 6HF", "postcodes": ["EX6 6HF"]}, "geometry": {"type": "Polygon", "coordinates": [[[-3.7564881968952797, 50.74094969052435], [-3.7368463626649686, 50.743587709014754], [-3.736096802519239, 50.74068274775809], [-3.747957763941253, 50.73772486594307], [-3.7564881968952797, 50.74094969052435]]]}}, {"type": "Feature", "properties": {"type": "postcode-cell", "postcode": "EX17 5JS", "postcodes": ["EX17 5JS"]}, "geometry": {"type": "Polygon", "coordinates": [[[-3.744098805332177, 50.78794376457199], [-3.7417872147065374, 50.788145588615926], [-3.7408351824734765, 50.787809056289845], [-3.737578311178171, 50.786468467497905], [-3.7381957486511825, 50.7853710947392], [-3.7435272820106706, 50.7849744415447], [-3.7443816300092885, 50.786460663082806], [-3.744098805332177, 50.78794376457199]]]}}, {"type": "Feature", "properties": {"type": "postcode-cell", "postcode": "EX17 5JU", "postcodes": ["EX17 5JU"]}, "geometry": {"type": "Polygon", "coordinates": [[[-3.7492551826682403, 50.780918980420765], [-3.7435272820106706, 50.7849744415447], [-3.7381957486511825, 50.7853710947392], [-3.7382285223294143, 50.77830571416482], [-3.738537976653479, 50.77806096361162], [-3.7516424010879836, 50.77810311032892], [-3.7492551826682403, 50.780918980420765]]]}}, {"type": "Feature", "properties": {"type": "postcode-cell", "postcode": "EX6 6HZ", "postcodes": ["EX6 6HZ"]}, "geometry": {"type": "Polygon", "coordinates": [[[-3.740969003796616, 50.7260062575092], [-3.7400088673989846, 50.725521074045425], [-3.73930118266488, 50.724616654962986], [-3.7406069313145633, 50.72435609467162], [-3.7414161550148353, 50.724787900795754], [-3.740969003796616, 50.7260062575092]]]}}, {"type": "Feature", "properties": {"type": "postcode-cell", "postcode": "EX6 6HQ", "postcodes": ["EX6 6HQ"]}, "geometry": {"type": "Polygon", "coordinates": [[[-3.736096802519239, 50.74068274775809], [-3.732283475858895, 50.73706003586351], [-3.7437450180703187, 50.733807472556364], [-3.747957763941253, 50.73772486594307], [-3.736096802519239, 50.74068274775809]]]}}, {"type": "Feature", "properties": {"type": "postcode-cell", "postcode": "EX17 5HF", "postcodes": ["EX17 5HF"]}, "geometry": {"type": "Polygon", "coordinates": [[[-3.7405081226741106, 50.75519837916635], [-3.723416960387804, 50.75909499432197], [-3.7257001068345117, 50.751359048316054], [-3.732313402305985, 50.74982319396014], [-3.7405081226741106, 50.75519837916635]]]}}, {"type": "Feature", "properties": {"type": "postcode-cell", "postcode": "EX17 5DD", "postcodes": ["EX17 5DD"]}, "geometry": {"type": "Polygon", "coordinates": [[[-3.753114944828659, 50.79800837556117], [-3.7506662225451466, 50.80382157737988], [-3.7484299898503384, 50.80418999480443], [-3.743979989847818, 50.803379994803855], [-3.7411599898464107, 50.80245999480317], [-3.7405999898470785, 50.80023999480138], [-3.7412268931581774, 50.797662726313085], [-3.743868372206503, 50.797131023324695], [-3.745700352077095, 50.797137427100566], [-3.753114944828659, 50.79800837556117]]]}}, {"type": "Feature", "properties": {"type": "postcode-cell", "postcode": "EX17 5DB", "postcodes": ["EX17 5DB"]}, "geometry": {"type": "Polygon", "coordinates": [[[-3.7513277350462917, 50.79357073325902], [-3.7432845944410396, 50.79524907400629], [-3.743221605730999, 50.79525235078059], [-3.7375462099571477, 50.794586489391754], [-3.7373519635614296, 50.79398132139479], [-3.7388957426825193, 50.79320405955225], [-3.7416229915142947, 50.792109993715464], [-3.7501762477889167, 50.79208549890932], [-3.7513277350462917, 50.79357073325902]]]}}, {"type": "Feature", "properties": {"type": "postcode-cell", "postcode": "EX17 5DA", "postcodes": ["EX17 5DA"]}, "geometry": {"type": "Polygon", "coordinates": [[[-3.745700352077095, 50.797137427100566], [-3.743868372206503, 50.797131023324695], [-3.743221605730999, 50.79525235078059], [-3.7432845944410396, 50.79524907400629], [-3.745700352077095, 50.797137427100566]]]}}, {"type": "Feature", "properties": {"type": "postcode-cell", "postcode": "EX6 6HE", "postcodes": ["EX6 6HE"]}, "geometry": {"type": "Polygon", "coordinates": [[[-3.732960445248506, 50.74867449590201], [-3.724902470011639, 50.742007778737666], [-3.726293749894917, 50.738259629585485], [-3.7292953895608467, 50.73604996730576], [-3.732283475858895, 50.73706003586351], [-3.736096802519239, 50.74068274775809], [-3.7368463626649686, 50.743587709014754], [-3.7359038481744653, 50.7462973130789], [-3.732960445248506, 50.74867449590201]]]}}, {"type": "Feature", "properties": {"type": "postcode-cell", "postcode": "EX17 5HD", "postcodes": ["EX17 5HD"]}, "geometry": {"type": "Polygon", "coordinates": [[[-3.7375254841019685, 50.76810193827244], [-3.7365286120427346, 50.76851156654895], [-3.722022818569143, 50.76570231373954], [-3.721241891109365, 50.76291572376642], [-3.72206146883664, 50.76226444678257], [-3.741412003576028, 50.759254227305235], [-3.7375254841019685, 50.76810193827244]]]}}, {"type": "Feature", "properties": {"type": "postcode-cell", "postcode": "EX17 5FB", "postcodes": ["EX17 5FB"]}, "geometry": {"type": "Polygon", "coordinates": [[[-3.7044214985551736, 50.80311122536127], [-3.720452165979773, 50.80205683708206], [-3.7213099898330384, 50.80347999480421], [-3.7221699898322713, 50.806329994806475], [-3.7209099898304294, 50.80852999480825], [-3.720099989829895, 50.80854999480828], [-3.7201499898305674, 50.80716999480716], [-3.7177499898289548, 50.807289994807306], [-3.717609989828248, 50.80860999480836], [-3.713279989825485, 50.80850999480833], [-3.7079999898224645, 50.807639994807694], [-3.7078999898231824, 50.80595999480635], [-3.706969989822673, 50.80575999480624], [-3.7024508064038173, 50.806091633870686], [-3.7044214985551736, 50.80311122536127]]]}}, {"type": "Feature", "properties": {"type": "postcode-cell", "postcode": "EX17 5BZ", "postcodes": ["EX17 5BZ"]}, "geometry": {"type": "Polygon", "coordinates": [[[-3.7375462099571477, 50.794586489391754], [-3.743221605730999, 50.79525235078059], [-3.743868372206503, 50.797131023324695], [-3.7412268931581774, 50.797662726313085], [-3.741229989848691, 50.79764999479931], [-3.7372026924715547, 50.797494520762534], [-3.7375462099571477, 50.794586489391754]]]}}, {"type": "Feature", "properties": {"type": "postcode-cell", "postcode": "EX17 5BY", "postcodes": ["EX17 5BY"]}, "geometry": {"type": "Polygon", "coordinates": [[[-3.7372026924715547, 50.797494520762534], [-3.7360499898454176, 50.79744999479922], [-3.7305699898415634, 50.798079994799764], [-3.7266899898391244, 50.79790999479971], [-3.7236598740192686, 50.79806526736857], [-3.7232505624141514, 50.796467822943704], [-3.729794749085799, 50.79041812208962], [-3.7373519635614296, 50.79398132139479], [-3.7375462099571477, 50.794586489391754], [-3.7372026924715547, 50.797494520762534]]]}}, {"type": "Feature", "properties": {"type": "postcode-cell", "postcode": "EX6 6HD", "postcodes": ["EX6 6HD"]}, "geometry": {"type": "Polygon", "coordinates": [[[-3.7437450180703187, 50.733807472556364], [-3.732283475858895, 50.73706003586351], [-3.7292953895608467, 50.73604996730576], [-3.727008845733448, 50.7320401190622], [-3.7337514334497044, 50.729456579478764], [-3.737895279899034, 50.73001114785367], [-3.743978678889003, 50.73245339391251], [-3.7437450180703187, 50.733807472556364]]]}}, {"type": "Feature", "properties": {"type": "postcode-cell", "postcode": "EX6 6JR", "postcodes": ["EX6 6JR"]}, "geometry": {"type": "Polygon", "coordinates": [[[-3.7414161550148353, 50.724787900795754], [-3.7406069313145633, 50.72435609467162], [-3.740048667628225, 50.72320559730835], [-3.740688507606018, 50.7218475066643], [-3.742790679251076, 50.724067206676594], [-3.7414161550148353, 50.724787900795754]]]}}, {"type": "Feature", "properties": {"type": "postcode-cell", "postcode": "EX17 5HE", "postcodes": ["EX17 5HE"]}, "geometry": {"type": "Polygon", "coordinates": [[[-3.7442610623474746, 50.75734231401548], [-3.741412003576028, 50.759254227305235], [-3.72206146883664, 50.76226444678257], [-3.723416960387804, 50.75909499432197], [-3.7405081226741106, 50.75519837916635], [-3.7442610623474746, 50.75734231401548]]]}}, {"type": "Feature", "properties": {"type": "postcode-cell", "postcode": "EX6 6HY", "postcodes": ["EX6 6HY"]}, "geometry": {"type": "Polygon", "coordinates": [[[-3.7420789047665393, 50.726923628291225], [-3.737895279899034, 50.73001114785367], [-3.7337514334497044, 50.729456579478764], [-3.734952371527905, 50.72716025940792], [-3.7353675866850997, 50.72706098739017], [-3.7411298688100083, 50.726399796407144], [-3.7420789047665393, 50.726923628291225]]]}}, {"type": "Feature", "properties": {"type": "postcode-cell", "postcode": "EX6 7AN", "postcodes": ["EX6 7AN"]}, "geometry": {"type": "Polygon", "coordinates": [[[-3.7342374643661262, 50.718614276182755], [-3.733011962974818, 50.7192474930994], [-3.732589989879861, 50.718719994736716], [-3.7274699898772132, 50.71730999473567], [-3.7242099898758805, 50.715649994734385], [-3.7292399898796824, 50.71446999473339], [-3.7310499898812357, 50.71364999473271], [-3.7332399898836908, 50.7114199947309], [-3.733566961493825, 50.71080018653208], [-3.7376150853135286, 50.711694114869076], [-3.7342374643661262, 50.718614276182755]]]}}, {"type": "Feature", "properties": {"type": "postcode-cell", "postcode": "EX17 5JW", "postcodes": ["EX17 5JW"]}, "geometry": {"type": "Polygon", "coordinates": [[[-3.7416229915142947, 50.792109993715464], [-3.7388957426825193, 50.79320405955225], [-3.73897487328931, 50.79004503289022], [-3.7392191593953648, 50.78990302730471], [-3.7416229903215434, 50.789953509904095], [-3.7416229915142947, 50.792109993715464]]]}}, {"type": "Feature", "properties": {"type": "postcode-cell", "postcode": "EX6 6BR", "postcodes": ["EX6 6BR"]}, "geometry": {"type": "Polygon", "coordinates": [[[-3.7411298688100083, 50.726399796407144], [-3.7353675866850997, 50.72706098739017], [-3.7384016519821572, 50.72537562778103], [-3.7400088673989846, 50.725521074045425], [-3.740969003796616, 50.7260062575092], [-3.7411298688100083, 50.726399796407144]]]}}, {"type": "Feature", "properties": {"type": "postcode-cell", "postcode": "EX17 5JR", "postcodes": ["EX17 5JR"]}, "geometry": {"type": "Polygon", "coordinates": [[[-3.7373519635614296, 50.79398132139479], [-3.729794749085799, 50.79041812208962], [-3.729530168920412, 50.78901986912732], [-3.7360183523505044, 50.787042201511376], [-3.73897487328931, 50.79004503289022], [-3.7388957426825193, 50.79320405955225], [-3.7373519635614296, 50.79398132139479]]]}}, {"type": "Feature", "properties": {"type": "postcode-cell", "postcode": "EX17 5JN", "postcodes": ["EX17 5JN"]}, "geometry": {"type": "Polygon", "coordinates": [[[-3.7416229903215434, 50.789953509904095], [-3.7392191593953648, 50.78990302730471], [-3.7408351824734765, 50.787809056289845], [-3.7417872147065374, 50.788145588615926], [-3.7416229903215434, 50.789953509904095]]]}}, {"type": "Feature", "properties": {"type": "postcode-cell", "postcode": "EX6 6JS", "postcodes": ["EX6 6JS"]}, "geometry": {"type": "Polygon", "coordinates": [[[-3.7353675866850997, 50.72706098739017], [-3.734952371527905, 50.72716025940792], [-3.7342275404305862, 50.72444847462294], [-3.7357079942861935, 50.724076022473234], [-3.7384674783729968, 50.724750947265285], [-3.7384016519821572, 50.72537562778103], [-3.7353675866850997, 50.72706098739017]]]}}, {"type": "Feature", "properties": {"type": "postcode-cell", "postcode": "EX6 6JW", "postcodes": ["EX6 6JW"]}, "geometry": {"type": "Polygon", "coordinates": [[[-3.7406069313145633, 50.72435609467162], [-3.73930118266488, 50.724616654962986], [-3.739119166878934, 50.7245458286872], [-3.739058257597233, 50.72391747284372], [-3.740048667628225, 50.72320559730835], [-3.7406069313145633, 50.72435609467162]]]}}, {"type": "Feature", "properties": {"type": "postcode-cell", "postcode": "EX6 6BS", "postcodes": ["EX6 6BS"]}, "geometry": {"type": "Polygon", "coordinates": [[[-3.73930118266488, 50.724616654962986], [-3.7400088673989846, 50.725521074045425], [-3.7384016519821572, 50.72537562778103], [-3.7384674783729968, 50.724750947265285], [-3.739119166878934, 50.7245458286872], [-3.73930118266488, 50.724616654962986]]]}}, {"type": "Feature", "properties": {"type": "postcode-cell", "postcode": "EX6 6JP", "postcodes": ["EX6 6JP"]}, "geometry": {"type": "Polygon", "coordinates": [[[-3.7384674783729968, 50.724750947265285], [-3.7357079942861935, 50.724076022473234], [-3.736450420840376, 50.72373628907864], [-3.739058257597233, 50.72391747284372], [-3.739119166878934, 50.7245458286872], [-3.7384674783729968, 50.724750947265285]]]}}, {"type": "Feature", "properties": {"type": "postcode-cell", "postcode": "EX6 6JJ", "postcodes": ["EX6 6JJ"]}, "geometry": {"type": "MultiPolygon", "coordinates": [[[[-3.7394089112702678, 50.721170609620586], [-3.737060550570503, 50.72320719758698], [-3.7349899898800127, 50.721719994739054], [-3.733011962974818, 50.7192474930994], [-3.7342374643661262, 50.718614276182755], [-3.7394089112702678, 50.721170609620586]]], [[[-3.736450420840376, 50.72373628907864], [-3.7357079942861935, 50.724076022473234], [-3.7342275404305862, 50.72444847462294], [-3.7336397658550577, 50.72408558351792], [-3.7342299898785543, 50.723789994740685], [-3.73660563651588, 50.723601690773805], [-3.736450420840376, 50.72373628907864]]]]}}, {"type": "Feature", "properties": {"type": "postcode-cell", "postcode": "EX6 6JL", "postcodes": ["EX6 6JL"]}, "geometry": {"type": "Polygon", "coordinates": [[[-3.734952371527905, 50.72716025940792], [-3.7337514334497044, 50.729456579478764], [-3.727008845733448, 50.7320401190622], [-3.722957131294198, 50.73032390390489], [-3.723339989869476, 50.72814999474429], [-3.727559989872681, 50.727129994743436], [-3.7336397658550577, 50.72408558351792], [-3.7342275404305862, 50.72444847462294], [-3.734952371527905, 50.72716025940792]]]}}, {"type": "Feature", "properties": {"type": "postcode-cell", "postcode": "EX17 5JG", "postcodes": ["EX17 5JG"]}, "geometry": {"type": "Polygon", "coordinates": [[[-3.737578311178171, 50.786468467497905], [-3.7360183523505044, 50.787042201511376], [-3.729530168920412, 50.78901986912732], [-3.725540922395218, 50.78622406156501], [-3.7290150376868456, 50.78188794224049], [-3.7318926840538635, 50.78025090800909], [-3.7382285223294143, 50.77830571416482], [-3.7381957486511825, 50.7853710947392], [-3.737578311178171, 50.786468467497905]]]}}, {"type": "Feature", "properties": {"type": "postcode-cell", "postcode": "EX17 5JP", "postcodes": ["EX17 5JP"]}, "geometry": {"type": "Polygon", "coordinates": [[[-3.7408351824734765, 50.787809056289845], [-3.7392191593953648, 50.78990302730471], [-3.73897487328931, 50.79004503289022], [-3.7360183523505044, 50.787042201511376], [-3.737578311178171, 50.786468467497905], [-3.7408351824734765, 50.787809056289845]]]}}, {"type": "Feature", "properties": {"type": "postcode-cell", "postcode": "EX17 5JB", "postcodes": ["EX17 5JB"]}, "geometry": {"type": "Polygon", "coordinates": [[[-3.738537976653479, 50.77806096361162], [-3.7382285223294143, 50.77830571416482], [-3.7318926840538635, 50.78025090800909], [-3.726107726415038, 50.777060311621966], [-3.731001439393156, 50.77625351393708], [-3.737795779606859, 50.77718361558304], [-3.738537976653479, 50.77806096361162]]]}}, {"type": "Feature", "properties": {"type": "postcode-cell", "postcode": "EX17 5PW", "postcodes": ["EX17 5PW"]}, "geometry": {"type": "Polygon", "coordinates": [[[-3.737795779606859, 50.77718361558304], [-3.731001439393156, 50.77625351393708], [-3.7289742537519737, 50.775784959984115], [-3.7284507865291414, 50.774738870587456], [-3.7291359093765863, 50.77443264472772], [-3.736236041086803, 50.77425448663492], [-3.737795779606859, 50.77718361558304]]]}}, {"type": "Feature", "properties": {"type": "postcode-cell", "postcode": "EX17 5JA", "postcodes": ["EX17 5JA"]}, "geometry": {"type": "Polygon", "coordinates": [[[-3.7360827814031734, 50.77378021941373], [-3.730405725966055, 50.77291803985761], [-3.7220705700379093, 50.77055806542026], [-3.719482517200273, 50.76948115803399], [-3.722022818569143, 50.76570231373954], [-3.7365286120427346, 50.76851156654895], [-3.7360827814031734, 50.77378021941373]]]}}, {"type": "Feature", "properties": {"type": "postcode-cell", "postcode": "EX6 6EY", "postcodes": ["EX6 6EY"]}, "geometry": {"type": "Polygon", "coordinates": [[[-3.726293749894917, 50.738259629585485], [-3.715615053889943, 50.73936963139574], [-3.715262571638644, 50.73927209574355], [-3.718239989861903, 50.73730999475164], [-3.719659989864067, 50.73463999474949], [-3.7227499898675305, 50.731499994746976], [-3.722957131294198, 50.73032390390489], [-3.727008845733448, 50.7320401190622], [-3.7292953895608467, 50.73604996730576], [-3.726293749894917, 50.738259629585485]]]}}, {"type": "Feature", "properties": {"type": "postcode-cell", "postcode": "EX17 5HH", "postcodes": ["EX17 5HH"]}, "geometry": {"type": "Polygon", "coordinates": [[[-3.721241891109365, 50.76291572376642], [-3.71195198520144, 50.760279390514], [-3.710574468739608, 50.75357865315666], [-3.721710103743856, 50.75070489848694], [-3.724339001206053, 50.751004876149615], [-3.7257001068345117, 50.751359048316054], [-3.723416960387804, 50.75909499432197], [-3.72206146883664, 50.76226444678257], [-3.721241891109365, 50.76291572376642]]]}}, {"type": "Feature", "properties": {"type": "postcode-cell", "postcode": "EX6 6BW", "postcodes": ["EX6 6BW"]}, "geometry": {"type": "Polygon", "coordinates": [[[-3.732313402305985, 50.74982319396014], [-3.7257001068345117, 50.751359048316054], [-3.724339001206053, 50.751004876149615], [-3.721539504624628, 50.74326873424289], [-3.724902470011639, 50.742007778737666], [-3.732960445248506, 50.74867449590201], [-3.732313402305985, 50.74982319396014]]]}}, {"type": "Feature", "properties": {"type": "postcode-cell", "postcode": "EX6 6ER", "postcodes": ["EX6 6ER"]}, "geometry": {"type": "Polygon", "coordinates": [[[-3.715615053889943, 50.73936963139574], [-3.7190697258662304, 50.74321129499735], [-3.715221146265664, 50.746165512782724], [-3.7092626030003624, 50.74555273834806], [-3.7100599898540967, 50.74269999475604], [-3.715262571638644, 50.73927209574355], [-3.715615053889943, 50.73936963139574]]]}}, {"type": "Feature", "properties": {"type": "postcode-cell", "postcode": "EX6 6BH", "postcodes": ["EX6 6BH"]}, "geometry": {"type": "Polygon", "coordinates": [[[-3.693070735572633, 50.75348798537792], [-3.6879855703276982, 50.75625155870272], [-3.679275580337799, 50.753885030364124], [-3.6793599898292504, 50.75344999476497], [-3.6785299898288844, 50.7530899947647], [-3.6781999898290274, 50.75232999476411], [-3.6791799898297537, 50.75212999476393], [-3.6789899898301934, 50.750929994762984], [-3.679439989830675, 50.750519994762676], [-3.6803599898313184, 50.750409994762556], [-3.680249989831487, 50.74989999476216], [-3.681579989832242, 50.75011999476233], [-3.6827699898323356, 50.75155999476343], [-3.6876899898350812, 50.7524799947641], [-3.688989989835944, 50.75241999476404], [-3.6918499898371606, 50.75376999476507], [-3.6933549779963717, 50.7529624550247], [-3.693070735572633, 50.75348798537792]]]}}, {"type": "Feature", "properties": {"type": "postcode-cell", "postcode": "EX17 5BP", "postcodes": ["EX17 5BP"]}, "geometry": {"type": "Polygon", "coordinates": [[[-3.729794749085799, 50.79041812208962], [-3.7232505624141514, 50.796467822943704], [-3.7105889463223316, 50.79134935984411], [-3.711454969052926, 50.78608371511189], [-3.7155473904705665, 50.78540252250096], [-3.725540922395218, 50.78622406156501], [-3.729530168920412, 50.78901986912732], [-3.729794749085799, 50.79041812208962]]]}}, {"type": "Feature", "properties": {"type": "postcode-cell", "postcode": "EX17 5HZ", "postcodes": ["EX17 5HZ"]}, "geometry": {"type": "Polygon", "coordinates": [[[-3.730405725966055, 50.77291803985761], [-3.7284613159227877, 50.77387264360025], [-3.7269762205544223, 50.773620753502065], [-3.7220705700379093, 50.77055806542026], [-3.730405725966055, 50.77291803985761]]]}}, {"type": "Feature", "properties": {"type": "postcode-cell", "postcode": "EX17 5HQ", "postcodes": ["EX17 5HQ"]}, "geometry": {"type": "Polygon", "coordinates": [[[-3.722022818569143, 50.76570231373954], [-3.719482517200273, 50.76948115803399], [-3.717681963502873, 50.77094699044254], [-3.7050032614267367, 50.76849286157843], [-3.701530861912569, 50.764604011046174], [-3.70364740674415, 50.76203811516319], [-3.71195198520144, 50.760279390514], [-3.721241891109365, 50.76291572376642], [-3.722022818569143, 50.76570231373954]]]}}, {"type": "Feature", "properties": {"type": "postcode-cell", "postcode": "EX6 6ES", "postcodes": ["EX6 6ES"]}, "geometry": {"type": "Polygon", "coordinates": [[[-3.724902470011639, 50.742007778737666], [-3.721539504624628, 50.74326873424289], [-3.7190697258662304, 50.74321129499735], [-3.715615053889943, 50.73936963139574], [-3.726293749894917, 50.738259629585485], [-3.724902470011639, 50.742007778737666]]]}}, {"type": "Feature", "properties": {"type": "postcode-cell", "postcode": "EX17 5PP", "postcodes": ["EX17 5PP"]}, "geometry": {"type": "Polygon", "coordinates": [[[-3.7220705700379093, 50.77055806542026], [-3.7269762205544223, 50.773620753502065], [-3.7276754855847165, 50.774621587866534], [-3.725372302977219, 50.77628394384147], [-3.724708686897657, 50.77650449488958], [-3.724631004860376, 50.77649963995137], [-3.7235949487560065, 50.77625924222567], [-3.7179605104740374, 50.77270260909654], [-3.7173383175613846, 50.771996130215534], [-3.717681963502873, 50.77094699044254], [-3.719482517200273, 50.76948115803399], [-3.7220705700379093, 50.77055806542026]]]}}, {"type": "Feature", "properties": {"type": "postcode-cell", "postcode": "EX17 5HY", "postcodes": ["EX17 5HY"]}, "geometry": {"type": "Polygon", "coordinates": [[[-3.7360827814031734, 50.77378021941373], [-3.736236041086803, 50.77425448663492], [-3.7291359093765863, 50.77443264472772], [-3.7284613159227877, 50.77387264360025], [-3.730405725966055, 50.77291803985761], [-3.7360827814031734, 50.77378021941373]]]}}, {"type": "Feature", "properties": {"type": "postcode-cell", "postcode": "EX17 5HX", "postcodes": ["EX17 5HX"]}, "geometry": {"type": "Polygon", "coordinates": [[[-3.7291359093765863, 50.77443264472772], [-3.7284507865291414, 50.774738870587456], [-3.728013578918639, 50.774706141745995], [-3.7276754855847165, 50.774621587866534], [-3.7269762205544223, 50.773620753502065], [-3.7284613159227877, 50.77387264360025], [-3.7291359093765863, 50.77443264472772]]]}}, {"type": "Feature", "properties": {"type": "postcode-cell", "postcode": "EX17 5BL", "postcodes": ["EX17 5BL"]}, "geometry": {"type": "Polygon", "coordinates": [[[-3.725372302977219, 50.77628394384147], [-3.7277990545197057, 50.77585036313062], [-3.7289742537519737, 50.775784959984115], [-3.731001439393156, 50.77625351393708], [-3.726107726415038, 50.777060311621966], [-3.724708686897657, 50.77650449488958], [-3.725372302977219, 50.77628394384147]]]}}, {"type": "Feature", "properties": {"type": "postcode-cell", "postcode": "EX17 5JD", "postcodes": ["EX17 5JD"]}, "geometry": {"type": "Polygon", "coordinates": [[[-3.7290150376868456, 50.78188794224049], [-3.7279862783220827, 50.78132951097072], [-3.7253165743432817, 50.77868845340843], [-3.724631004860376, 50.77649963995137], [-3.724708686897657, 50.77650449488958], [-3.726107726415038, 50.777060311621966], [-3.7318926840538635, 50.78025090800909], [-3.7290150376868456, 50.78188794224049]]]}}, {"type": "Feature", "properties": {"type": "postcode-cell", "postcode": "EX17 5HU", "postcodes": ["EX17 5HU"]}, "geometry": {"type": "Polygon", "coordinates": [[[-3.728013578918639, 50.774706141745995], [-3.7277990545197057, 50.77585036313062], [-3.725372302977219, 50.77628394384147], [-3.7276754855847165, 50.774621587866534], [-3.728013578918639, 50.774706141745995]]]}}, {"type": "Feature", "properties": {"type": "postcode-cell", "postcode": "EX17 5PY", "postcodes": ["EX17 5PY"]}, "geometry": {"type": "Polygon", "coordinates": [[[-3.7289742537519737, 50.775784959984115], [-3.7277990545197057, 50.77585036313062], [-3.728013578918639, 50.774706141745995], [-3.7284507865291414, 50.774738870587456], [-3.7289742537519737, 50.775784959984115]]]}}, {"type": "Feature", "properties": {"type": "postcode-cell", "postcode": "EX17 5JE", "postcodes": ["EX17 5JE"]}, "geometry": {"type": "Polygon", "coordinates": [[[-3.724631004860376, 50.77649963995137], [-3.7253165743432817, 50.77868845340843], [-3.723165184018411, 50.779550817219345], [-3.7224502232431322, 50.779393142585675], [-3.7235949487560065, 50.77625924222567], [-3.724631004860376, 50.77649963995137]]]}}, {"type": "Feature", "properties": {"type": "postcode-cell", "postcode": "EX17 5JF", "postcodes": ["EX17 5JF"]}, "geometry": {"type": "Polygon", "coordinates": [[[-3.7290150376868456, 50.78188794224049], [-3.725540922395218, 50.78622406156501], [-3.7155473904705665, 50.78540252250096], [-3.718759023086906, 50.78087425302275], [-3.7224502232431322, 50.779393142585675], [-3.723165184018411, 50.779550817219345], [-3.7279862783220827, 50.78132951097072], [-3.7290150376868456, 50.78188794224049]]]}}, {"type": "Feature", "properties": {"type": "postcode-cell", "postcode": "EX17 5ET", "postcodes": ["EX17 5ET"]}, "geometry": {"type": "Polygon", "coordinates": [[[-3.7235949487560065, 50.77625924222567], [-3.7224502232431322, 50.779393142585675], [-3.718759023086906, 50.78087425302275], [-3.7179605104740374, 50.77270260909654], [-3.7235949487560065, 50.77625924222567]]]}}, {"type": "Feature", "properties": {"type": "postcode-cell", "postcode": "EX17 5PN", "postcodes": ["EX17 5PN"]}, "geometry": {"type": "Polygon", "coordinates": [[[-3.723165184018411, 50.779550817219345], [-3.7253165743432817, 50.77868845340843], [-3.7279862783220827, 50.78132951097072], [-3.723165184018411, 50.779550817219345]]]}}, {"type": "Feature", "properties": {"type": "postcode-cell", "postcode": "EX6 6ET", "postcodes": ["EX6 6ET"]}, "geometry": {"type": "Polygon", "coordinates": [[[-3.724339001206053, 50.751004876149615], [-3.721710103743856, 50.75070489848694], [-3.715221146265664, 50.746165512782724], [-3.7190697258662304, 50.74321129499735], [-3.721539504624628, 50.74326873424289], [-3.724339001206053, 50.751004876149615]]]}}, {"type": "Feature", "properties": {"type": "postcode-cell", "postcode": "EX17 5ES", "postcodes": ["EX17 5ES"]}, "geometry": {"type": "Polygon", "coordinates": [[[-3.7179605104740374, 50.77270260909654], [-3.718759023086906, 50.78087425302275], [-3.7155473904705665, 50.78540252250096], [-3.711454969052926, 50.78608371511189], [-3.7090589213013723, 50.784750753619356], [-3.7157984595878264, 50.77285608639299], [-3.7173383175613846, 50.771996130215534], [-3.7179605104740374, 50.77270260909654]]]}}, {"type": "Feature", "properties": {"type": "postcode-cell", "postcode": "EX17 3QE", "postcodes": ["EX17 3QE"]}, "geometry": {"type": "Polygon", "coordinates": [[[-3.693070735572633, 50.75348798537792], [-3.70364740674415, 50.76203811516319], [-3.701530861912569, 50.764604011046174], [-3.6923873849209263, 50.76663575989106], [-3.686150035448709, 50.758959433217804], [-3.6879855703276982, 50.75625155870272], [-3.693070735572633, 50.75348798537792]]]}}, {"type": "Feature", "properties": {"type": "postcode-cell", "postcode": "EX17 5BR", "postcodes": ["EX17 5BR"]}, "geometry": {"type": "Polygon", "coordinates": [[[-3.7236598740192686, 50.79806526736857], [-3.721419989835578, 50.798179994799995], [-3.7154199898319114, 50.797689994799676], [-3.7161699898320033, 50.79853999480034], [-3.7195499898332547, 50.80055999480191], [-3.7199342799674233, 50.80119760125138], [-3.711276414378378, 50.799525028831276], [-3.710150200742935, 50.79169211110977], [-3.7105889463223316, 50.79134935984411], [-3.7232505624141514, 50.796467822943704], [-3.7236598740192686, 50.79806526736857]]]}}, {"type": "Feature", "properties": {"type": "postcode-cell", "postcode": "EX17 5BW", "postcodes": ["EX17 5BW"]}, "geometry": {"type": "Polygon", "coordinates": [[[-3.711454969052926, 50.78608371511189], [-3.7105889463223316, 50.79134935984411], [-3.710150200742935, 50.79169211110977], [-3.7017221138797813, 50.79457314020387], [-3.694926052139958, 50.79428865407428], [-3.689064518444461, 50.791578557247554], [-3.688501883957648, 50.78820973901752], [-3.6915892437622015, 50.78598729198868], [-3.7022335465897123, 50.783824929860415], [-3.706909708345732, 50.78408465862784], [-3.7090589213013723, 50.784750753619356], [-3.711454969052926, 50.78608371511189]]]}}, {"type": "Feature", "properties": {"type": "postcode-cell", "postcode": "EX17 3QQ", "postcodes": ["EX17 3QQ"]}, "geometry": {"type": "Polygon", "coordinates": [[[-3.6933549779963717, 50.7529624550247], [-3.6943099898393665, 50.752449994764], [-3.701929989845036, 50.75084999476262], [-3.7040061104233324, 50.750161233291486], [-3.710574468739608, 50.75357865315666], [-3.71195198520144, 50.760279390514], [-3.70364740674415, 50.76203811516319], [-3.693070735572633, 50.75348798537792], [-3.6933549779963717, 50.7529624550247]]]}}, {"type": "Feature", "properties": {"type": "postcode-cell", "postcode": "EX6 6EU", "postcodes": ["EX6 6EU"]}, "geometry": {"type": "Polygon", "coordinates": [[[-3.721710103743856, 50.75070489848694], [-3.710574468739608, 50.75357865315666], [-3.7040061104233324, 50.750161233291486], [-3.7083799898502026, 50.74870999476084], [-3.7092626030003624, 50.74555273834806], [-3.715221146265664, 50.746165512782724], [-3.721710103743856, 50.75070489848694]]]}}, {"type": "Feature", "properties": {"type": "postcode-cell", "postcode": "EX17 5FD", "postcodes": ["EX17 5FD"]}, "geometry": {"type": "Polygon", "coordinates": [[[-3.7199342799674233, 50.80119760125138], [-3.720452165979773, 50.80205683708206], [-3.7044214985551736, 50.80311122536127], [-3.704659737081601, 50.80273923748396], [-3.711276414378378, 50.799525028831276], [-3.7199342799674233, 50.80119760125138]]]}}, {"type": "Feature", "properties": {"type": "postcode-cell", "postcode": "EX17 2EW", "postcodes": ["EX17 2EW"]}, "geometry": {"type": "Polygon", "coordinates": [[[-3.7024508064038173, 50.806091633870686], [-3.7011099898186726, 50.80618999480662], [-3.6983499898164367, 50.807149994807446], [-3.6979599898164826, 50.806509994806945], [-3.6949899898142555, 50.8071599948075], [-3.694919989814633, 50.80624999480676], [-3.694289989814605, 50.80543999480612], [-3.6946399898150593, 50.80494999480573], [-3.6941456171791556, 50.80477993318517], [-3.6944131037905406, 50.80118459370462], [-3.6946399898168316, 50.80114999480271], [-3.6954399898176695, 50.80045999480213], [-3.696509989818494, 50.8001799948019], [-3.6960699898184854, 50.79958999480143], [-3.694521906169346, 50.799722026727615], [-3.694926052139958, 50.79428865407428], [-3.7017221138797813, 50.79457314020387], [-3.704659737081601, 50.80273923748396], [-3.7044214985551736, 50.80311122536127], [-3.7024508064038173, 50.806091633870686]]]}}, {"type": "Feature", "properties": {"type": "postcode-cell", "postcode": "EX17 5BS", "postcodes": ["EX17 5BS"]}, "geometry": {"type": "Polygon", "coordinates": [[[-3.704659737081601, 50.80273923748396], [-3.7017221138797813, 50.79457314020387], [-3.710150200742935, 50.79169211110977], [-3.711276414378378, 50.799525028831276], [-3.704659737081601, 50.80273923748396]]]}}, {"type": "Feature", "properties": {"type": "postcode-cell", "postcode": "EX17 5ER", "postcodes": ["EX17 5ER"]}, "geometry": {"type": "Polygon", "coordinates": [[[-3.7173383175613846, 50.771996130215534], [-3.7157984595878264, 50.77285608639299], [-3.705645734973873, 50.77528280811159], [-3.7013256077790064, 50.77369842228207], [-3.7050032614267367, 50.76849286157843], [-3.717681963502873, 50.77094699044254], [-3.7173383175613846, 50.771996130215534]]]}}, {"type": "Feature", "properties": {"type": "postcode-cell", "postcode": "EX17 5EP", "postcodes": ["EX17 5EP"]}, "geometry": {"type": "Polygon", "coordinates": [[[-3.7090589213013723, 50.784750753619356], [-3.706909708345732, 50.78408465862784], [-3.705645734973873, 50.77528280811159], [-3.7157984595878264, 50.77285608639299], [-3.7090589213013723, 50.784750753619356]]]}}, {"type": "Feature", "properties": {"type": "postcode-cell", "postcode": "EX17 5EW", "postcodes": ["EX17 5EW"]}, "geometry": {"type": "Polygon", "coordinates": [[[-3.705645734973873, 50.77528280811159], [-3.706909708345732, 50.78408465862784], [-3.7022335465897123, 50.783824929860415], [-3.6969027064637388, 50.77651554657779], [-3.7010609923506648, 50.773731285353705], [-3.7013256077790064, 50.77369842228207], [-3.705645734973873, 50.77528280811159]]]}}, {"type": "Feature", "properties": {"type": "postcode-cell", "postcode": "EX17 5HJ", "postcodes": ["EX17 5HJ"]}, "geometry": {"type": "Polygon", "coordinates": [[[-3.7050032614267367, 50.76849286157843], [-3.7013256077790064, 50.77369842228207], [-3.7010609923506648, 50.773731285353705], [-3.6909450883434602, 50.76834669586275], [-3.6923873849209263, 50.76663575989106], [-3.701530861912569, 50.764604011046174], [-3.7050032614267367, 50.76849286157843]]]}}, {"type": "Feature", "properties": {"type": "postcode-cell", "postcode": "EX17 5EN", "postcodes": ["EX17 5EN"]}, "geometry": {"type": "Polygon", "coordinates": [[[-3.7022335465897123, 50.783824929860415], [-3.6915892437622015, 50.78598729198868], [-3.688435797487223, 50.77658432314346], [-3.6969027064637388, 50.77651554657779], [-3.7022335465897123, 50.783824929860415]]]}}, {"type": "Feature", "properties": {"type": "postcode-cell", "postcode": "EX17 5HL", "postcodes": ["EX17 5HL"]}, "geometry": {"type": "Polygon", "coordinates": [[[-3.7010609923506648, 50.773731285353705], [-3.6969027064637388, 50.77651554657779], [-3.688435797487223, 50.77658432314346], [-3.6817659199723565, 50.77290785378535], [-3.6909450883434602, 50.76834669586275], [-3.7010609923506648, 50.773731285353705]]]}}, {"type": "Feature", "properties": {"type": "postcode-cell", "postcode": "EX17 2ER", "postcodes": ["EX17 2ER"]}, "geometry": {"type": "MultiPolygon", "coordinates": [[[[-3.685304549522705, 50.794087838939745], [-3.689064518444461, 50.791578557247554], [-3.694926052139958, 50.79428865407428], [-3.694521906169346, 50.799722026727615], [-3.690909989814938, 50.80002999480184], [-3.6845099898113713, 50.79879999480095], [-3.6816417478663217, 50.797934256832555], [-3.685304549522705, 50.794087838939745]]], [[[-3.6941456171791556, 50.80477993318517], [-3.6933899898144475, 50.80451999480539], [-3.693199989814816, 50.80346999480457], [-3.6918199898148023, 50.80157999480307], [-3.6944131037905406, 50.80118459370462], [-3.6941456171791556, 50.80477993318517]]]]}}, {"type": "Feature", "properties": {"type": "postcode-cell", "postcode": "EX17 5EL", "postcodes": ["EX17 5EL"]}, "geometry": {"type": "Polygon", "coordinates": [[[-3.688501883957648, 50.78820973901752], [-3.6805073135638, 50.78610654976385], [-3.6791100654259723, 50.78533817895224], [-3.6790843926549535, 50.78531992902091], [-3.6810600035399768, 50.77291262385955], [-3.6817659199723565, 50.77290785378535], [-3.688435797487223, 50.77658432314346], [-3.6915892437622015, 50.78598729198868], [-3.688501883957648, 50.78820973901752]]]}}, {"type": "Feature", "properties": {"type": "postcode-cell", "postcode": "EX17 3QF", "postcodes": ["EX17 3QF"]}, "geometry": {"type": "Polygon", "coordinates": [[[-3.6817659199723565, 50.77290785378535], [-3.6810600035399768, 50.77291262385955], [-3.679991427941275, 50.77267039242444], [-3.678211318768954, 50.7659389058959], [-3.681068051353175, 50.76058978755535], [-3.686150035448709, 50.758959433217804], [-3.6923873849209263, 50.76663575989106], [-3.6909450883434602, 50.76834669586275], [-3.6817659199723565, 50.77290785378535]]]}}, {"type": "Feature", "properties": {"type": "postcode-cell", "postcode": "EX5 5AN", "postcodes": ["EX5 5AN"]}, "geometry": {"type": "Polygon", "coordinates": [[[-3.582944407719479, 50.78215561744976], [-3.5901397971226903, 50.78456376419359], [-3.585739989754074, 50.78540999479162], [-3.5802599897498935, 50.786829994792846], [-3.578455949592817, 50.78711579332277], [-3.582944407719479, 50.78215561744976]]]}}, {"type": "Feature", "properties": {"type": "postcode-cell", "postcode": "EX17 3PD", "postcodes": ["EX17 3PD"]}, "geometry": {"type": "Polygon", "coordinates": [[[-3.688501883957648, 50.78820973901752], [-3.689064518444461, 50.791578557247554], [-3.685304549522705, 50.794087838939745], [-3.6762411351076416, 50.79239076597705], [-3.6762899898090735, 50.79233999479592], [-3.675640735933661, 50.791569009248676], [-3.6799327299403974, 50.78658287050495], [-3.6805073135638, 50.78610654976385], [-3.688501883957648, 50.78820973901752]]]}}, {"type": "Feature", "properties": {"type": "postcode-cell", "postcode": "EX6 6BG", "postcodes": ["EX6 6BG"]}, "geometry": {"type": "Polygon", "coordinates": [[[-3.681068051353175, 50.76058978755535], [-3.67525361545117, 50.759460018823276], [-3.6752899898238494, 50.759379994769766], [-3.674449989823492, 50.75898999476944], [-3.674539989823707, 50.75864999476917], [-3.6750199898240656, 50.758549994769105], [-3.6751299898244594, 50.75785999476855], [-3.6757999898249296, 50.75777999476847], [-3.6754599898248688, 50.75743999476821], [-3.676159989825348, 50.757379994768144], [-3.6758999898254197, 50.75686999476776], [-3.676629989825921, 50.756799994767675], [-3.6760899898256496, 50.75663999476756], [-3.676169989825822, 50.756379994767364], [-3.676779989826199, 50.75641999476737], [-3.6765699898262674, 50.75597999476705], [-3.677279989826838, 50.75573999476682], [-3.677419989827081, 50.755419994766584], [-3.6783999898276254, 50.75559999476672], [-3.678649989827926, 50.75529999476645], [-3.678319989827799, 50.75511999476634], [-3.6795699898290026, 50.75426999476563], [-3.6792299898288516, 50.75411999476552], [-3.679275580337799, 50.753885030364124], [-3.6879855703276982, 50.75625155870272], [-3.686150035448709, 50.758959433217804], [-3.681068051353175, 50.76058978755535]]]}}, {"type": "Feature", "properties": {"type": "postcode-cell", "postcode": "EX17 3PG", "postcodes": ["EX17 3PG"]}, "geometry": {"type": "Polygon", "coordinates": [[[-3.6810600035399768, 50.77291262385955], [-3.6790843926549535, 50.78531992902091], [-3.6785897242539534, 50.785232119337344], [-3.6709094356720735, 50.78251919512012], [-3.671853985813622, 50.77726378976265], [-3.6796330646617683, 50.77270249623852], [-3.679991427941275, 50.77267039242444], [-3.6810600035399768, 50.77291262385955]]]}}, {"type": "Feature", "properties": {"type": "postcode-cell", "postcode": "EX17 3PY", "postcodes": ["EX17 3PY"]}, "geometry": {"type": "Polygon", "coordinates": [[[-3.6476956935434472, 50.76822443722389], [-3.635430683231318, 50.770014145603746], [-3.626453466826989, 50.764971087400916], [-3.633264611792242, 50.75493851053395], [-3.6346899897997464, 50.755069994766906], [-3.6362699898004367, 50.755759994767416], [-3.639719989802889, 50.755259994766995], [-3.6408899898027856, 50.75707999476842], [-3.640659989802082, 50.758259994769354], [-3.6414999898024543, 50.75861999476961], [-3.644009989804657, 50.757359994768585], [-3.646419989806513, 50.756709994768016], [-3.64806998980749, 50.756889994768144], [-3.651839989810186, 50.75630999476764], [-3.651846104346784, 50.75631011090779], [-3.6476956935434472, 50.76822443722389]]]}}, {"type": "Feature", "properties": {"type": "postcode-cell", "postcode": "EX17 3QA", "postcodes": ["EX17 3QA"]}, "geometry": {"type": "Polygon", "coordinates": [[[-3.651846104346784, 50.75631011090779], [-3.6534199898111885, 50.756339994767636], [-3.656079989812545, 50.757099994768225], [-3.6560399898123586, 50.75743999476849], [-3.656709989812904, 50.757199994768285], [-3.6587436415236354, 50.7574698639683], [-3.659157648710147, 50.75811233600063], [-3.65912998981402, 50.75813999476898], [-3.659200265145996, 50.75817846869216], [-3.6604398303762142, 50.76010195027954], [-3.662950320757952, 50.768448773214715], [-3.655726489659379, 50.77358524519524], [-3.6507096617323835, 50.77242542372866], [-3.6476956935434472, 50.76822443722389], [-3.651846104346784, 50.75631011090779]]]}}, {"type": "Feature", "properties": {"type": "postcode-cell", "postcode": "EX5 5BT", "postcodes": ["EX5 5BT"]}, "geometry": {"type": "Polygon", "coordinates": [[[-3.626453466826989, 50.764971087400916], [-3.619748849687585, 50.76798795048308], [-3.614072860074333, 50.767562170131384], [-3.606794416059409, 50.76550522110663], [-3.6019504714595953, 50.7610427640901], [-3.5964680992446167, 50.747769004158286], [-3.596599989778765, 50.74777999476168], [-3.596699989779263, 50.74685999476095], [-3.598439989780292, 50.74703999476108], [-3.5989999897809315, 50.74643999476058], [-3.6011399897823626, 50.74630999476046], [-3.601999989783079, 50.74595999476017], [-3.60324998978319, 50.74741999476131], [-3.6062299897844334, 50.74882999476236], [-3.6067399897836054, 50.75127999476431], [-3.607659989783502, 50.752749994765466], [-3.608799989783945, 50.75335999476591], [-3.6088499897835806, 50.75419999476657], [-3.614349989787218, 50.75395999476632], [-3.6157399897888904, 50.75229999476496], [-3.617109989789929, 50.751959994764675], [-3.618389989791165, 50.751079994763984], [-3.6199599897922305, 50.75094999476385], [-3.6201599897917953, 50.7521499947648], [-3.6212499897920427, 50.75310999476555], [-3.6218799897912715, 50.75560999476752], [-3.6222199897914367, 50.7557199947676], [-3.623179989792156, 50.75549999476741], [-3.6248399897929344, 50.75610999476786], [-3.6273699897945244, 50.75617999476789], [-3.6319799897981238, 50.754819994766734], [-3.633264611792242, 50.75493851053395], [-3.626453466826989, 50.764971087400916]]]}}, {"type": "Feature", "properties": {"type": "postcode-cell", "postcode": "EX17 3QD", "postcodes": ["EX17 3QD"]}, "geometry": {"type": "MultiPolygon", "coordinates": [[[[-3.678211318768954, 50.7659389058959], [-3.6719593970217037, 50.763885971952206], [-3.672199989819784, 50.76380999477332], [-3.672709989820618, 50.76272999477244], [-3.6731399898209616, 50.76258999477233], [-3.6730299898210914, 50.76215999477197], [-3.67390998982183, 50.76178999477168], [-3.6741399898221956, 50.7613299947713], [-3.67365998982209, 50.76088999477098], [-3.6744199898228302, 50.76035999477053], [-3.6747699898230177, 50.760439994770586], [-3.674619989823246, 50.759749994770054], [-3.675139989823597, 50.75970999477001], [-3.67525361545117, 50.759460018823276], [-3.681068051353175, 50.76058978755535], [-3.678211318768954, 50.7659389058959]]], [[[-3.6604398303762142, 50.76010195027954], [-3.659200265145996, 50.75817846869216], [-3.6618699898150804, 50.75963999477014], [-3.6659899898176085, 50.7599099947703], [-3.668789989818099, 50.76270999477247], [-3.670299989818904, 50.76306999477273], [-3.671045888344526, 50.76358596105316], [-3.6604398303762142, 50.76010195027954]]], [[[-3.6587436415236354, 50.7574698639683], [-3.6588199898141296, 50.75747999476846], [-3.6593399898142542, 50.757929994768816], [-3.659157648710147, 50.75811233600063], [-3.6587436415236354, 50.7574698639683]]]]}}, {"type": "Feature", "properties": {"type": "postcode-cell", "postcode": "EX17 3PA", "postcodes": ["EX17 3PA"]}, "geometry": {"type": "Polygon", "coordinates": [[[-3.6816417478663217, 50.797934256832555], [-3.6785799898083726, 50.7970099947996], [-3.672999989804925, 50.79666999479942], [-3.672199989804899, 50.79561999479859], [-3.6762799898087652, 50.792989994796436], [-3.6757799898084973, 50.79286999479633], [-3.6762411351076416, 50.79239076597705], [-3.685304549522705, 50.794087838939745], [-3.6816417478663217, 50.797934256832555]]]}}, {"type": "Feature", "properties": {"type": "postcode-cell", "postcode": "EX17 3PL", "postcodes": ["EX17 3PL"]}, "geometry": {"type": "Polygon", "coordinates": [[[-3.6226222790129072, 50.78753079098367], [-3.633152748392964, 50.78095160082906], [-3.6356930077642886, 50.781828038640306], [-3.638009989788156, 50.784299994790054], [-3.635749989786756, 50.784179994789966], [-3.638959989787734, 50.78649999479177], [-3.637539989786554, 50.78706999479223], [-3.638719989787129, 50.787459994792535], [-3.6357999897845112, 50.789029994793815], [-3.6356999897843227, 50.789299994794035], [-3.6368899897849976, 50.78948999479416], [-3.6371399897847367, 50.790389994794886], [-3.6335899897825144, 50.79025999479483], [-3.631939989780458, 50.79237999479653], [-3.6329499897806103, 50.79343999479735], [-3.632209989779646, 50.794479994798195], [-3.630859989778504, 50.795059994798656], [-3.6283699897778035, 50.793139994797194], [-3.6280399897782383, 50.7917599947961], [-3.6275899897777797, 50.792119994796394], [-3.6256199897768373, 50.791429994795884], [-3.622173820469583, 50.78927399783862], [-3.6226222790129072, 50.78753079098367]]]}}, {"type": "Feature", "properties": {"type": "postcode-cell", "postcode": "EX17 3JE", "postcodes": ["EX17 3JE"]}, "geometry": {"type": "Polygon", "coordinates": [[[-3.6729994189460315, 50.78846645500995], [-3.6791100654259723, 50.78533817895224], [-3.6805073135638, 50.78610654976385], [-3.6799327299403974, 50.78658287050495], [-3.673412468725031, 50.79015423570683], [-3.6726399898081845, 50.789199994793464], [-3.672381429695987, 50.78903982765867], [-3.6729994189460315, 50.78846645500995]]]}}, {"type": "Feature", "properties": {"type": "postcode-cell", "postcode": "EX17 3PE", "postcodes": ["EX17 3PE"]}, "geometry": {"type": "Polygon", "coordinates": [[[-3.672381429695987, 50.78903982765867], [-3.6715099898077828, 50.788499994792915], [-3.6713499898075335, 50.78880999479318], [-3.671139989807483, 50.78862999479303], [-3.6710174261401165, 50.78844881880875], [-3.671375820658338, 50.78838828789244], [-3.6729994189460315, 50.78846645500995], [-3.672381429695987, 50.78903982765867]]]}}, {"type": "Feature", "properties": {"type": "postcode-cell", "postcode": "EX17 3FS", "postcodes": ["EX17 3FS"]}, "geometry": {"type": "Polygon", "coordinates": [[[-3.6791100654259723, 50.78533817895224], [-3.6729994189460315, 50.78846645500995], [-3.671375820658338, 50.78838828789244], [-3.6728809924304486, 50.78698934901762], [-3.673881517766474, 50.786378407078466], [-3.6785897242539534, 50.785232119337344], [-3.6790843926549535, 50.78531992902091], [-3.6791100654259723, 50.78533817895224]]]}}, {"type": "Feature", "properties": {"type": "postcode-cell", "postcode": "EX17 3JQ", "postcodes": ["EX17 3JQ"]}, "geometry": {"type": "Polygon", "coordinates": [[[-3.675640735933661, 50.791569009248676], [-3.675489989809003, 50.79138999479517], [-3.6734899898082425, 50.79024999479427], [-3.673412468725031, 50.79015423570683], [-3.6799327299403974, 50.78658287050495], [-3.675640735933661, 50.791569009248676]]]}}, {"type": "Feature", "properties": {"type": "postcode-cell", "postcode": "EX17 3QB", "postcodes": ["EX17 3QB"]}, "geometry": {"type": "Polygon", "coordinates": [[[-3.679991427941275, 50.77267039242444], [-3.6796330646617683, 50.77270249623852], [-3.6668514754914616, 50.769842419164206], [-3.662950320757952, 50.768448773214715], [-3.6604398303762142, 50.76010195027954], [-3.671045888344526, 50.76358596105316], [-3.671629989819331, 50.763989994773446], [-3.6719593970217037, 50.763885971952206], [-3.678211318768954, 50.7659389058959], [-3.679991427941275, 50.77267039242444]]]}}, {"type": "Feature", "properties": {"type": "postcode-cell", "postcode": "EX17 3PF", "postcodes": ["EX17 3PF"]}, "geometry": {"type": "Polygon", "coordinates": [[[-3.671375820658338, 50.78838828789244], [-3.6710174261401165, 50.78844881880875], [-3.67076578323558, 50.788076830495456], [-3.6728809924304486, 50.78698934901762], [-3.671375820658338, 50.78838828789244]]]}}, {"type": "Feature", "properties": {"type": "postcode-cell", "postcode": "EX17 3SZ", "postcodes": ["EX17 3SZ"]}, "geometry": {"type": "Polygon", "coordinates": [[[-3.6728809924304486, 50.78698934901762], [-3.67076578323558, 50.788076830495456], [-3.6702199898075243, 50.78726999479197], [-3.6700571962806983, 50.78684373120916], [-3.673881517766474, 50.786378407078466], [-3.6728809924304486, 50.78698934901762]]]}}, {"type": "Feature", "properties": {"type": "postcode-cell", "postcode": "EX17 3QU", "postcodes": ["EX17 3QU"]}, "geometry": {"type": "Polygon", "coordinates": [[[-3.6709094356720735, 50.78251919512012], [-3.6785897242539534, 50.785232119337344], [-3.673881517766474, 50.786378407078466], [-3.6700571962806983, 50.78684373120916], [-3.6692499898080864, 50.78472999478994], [-3.668128996567725, 50.78308289775344], [-3.6709094356720735, 50.78251919512012]]]}}, {"type": "Feature", "properties": {"type": "postcode-cell", "postcode": "EX17 3PS", "postcodes": ["EX17 3PS"]}, "geometry": {"type": "Polygon", "coordinates": [[[-3.644658436775419, 50.777014141176736], [-3.6567433382643726, 50.77904625809402], [-3.657027032719883, 50.77965579068081], [-3.656829989802423, 50.77971999478614], [-3.6550299898014784, 50.77925999478581], [-3.653489989800452, 50.77932999478587], [-3.6523899897994427, 50.77996999478639], [-3.651879989799392, 50.77937999478596], [-3.648809989797373, 50.77946999478606], [-3.6479299897970408, 50.77896999478567], [-3.6439836275751016, 50.77953803202606], [-3.644658436775419, 50.777014141176736]]]}}, {"type": "Feature", "properties": {"type": "postcode-cell", "postcode": "EX17 3QP", "postcodes": ["EX17 3QP"]}, "geometry": {"type": "MultiPolygon", "coordinates": [[[[-3.6628658714763462, 50.77856176285832], [-3.6628499898068183, 50.77861999478519], [-3.662219989806329, 50.77879999478534], [-3.6621573749804894, 50.77877628670791], [-3.6628658714763462, 50.77856176285832]]], [[[-3.6666319887596437, 50.7774213250861], [-3.671853985813622, 50.77726378976265], [-3.6709094356720735, 50.78251919512012], [-3.668128996567725, 50.78308289775344], [-3.6667999898081916, 50.781129994787136], [-3.6647699898078225, 50.77911999478555], [-3.66493333833187, 50.77793572417364], [-3.6666319887596437, 50.7774213250861]]]]}}, {"type": "Feature", "properties": {"type": "postcode-cell", "postcode": "EX17 3QL", "postcodes": ["EX17 3QL"]}, "geometry": {"type": "Polygon", "coordinates": [[[-3.6567433382643726, 50.77904625809402], [-3.6558380073802126, 50.77395209457431], [-3.6655818417703014, 50.77522052198161], [-3.6666319887596437, 50.7774213250861], [-3.66493333833187, 50.77793572417364], [-3.664969989808631, 50.777669994784404], [-3.6643199898082814, 50.777519994784306], [-3.663059989807313, 50.77784999478456], [-3.6628658714763462, 50.77856176285832], [-3.6621573749804894, 50.77877628670791], [-3.661189989805847, 50.77840999478503], [-3.6587799898042412, 50.77851999478515], [-3.6588699898038217, 50.77953999478598], [-3.657719989803133, 50.77942999478591], [-3.657027032719883, 50.77965579068081], [-3.6567433382643726, 50.77904625809402]]]}}, {"type": "Feature", "properties": {"type": "postcode-cell", "postcode": "EX17 3QJ", "postcodes": ["EX17 3QJ"]}, "geometry": {"type": "Polygon", "coordinates": [[[-3.671853985813622, 50.77726378976265], [-3.6666319887596437, 50.7774213250861], [-3.6655818417703014, 50.77522052198161], [-3.6668514754914616, 50.769842419164206], [-3.6796330646617683, 50.77270249623852], [-3.671853985813622, 50.77726378976265]]]}}, {"type": "Feature", "properties": {"type": "postcode-cell", "postcode": "EX17 3QH", "postcodes": ["EX17 3QH"]}, "geometry": {"type": "Polygon", "coordinates": [[[-3.6668514754914616, 50.769842419164206], [-3.6655818417703014, 50.77522052198161], [-3.6558380073802126, 50.77395209457431], [-3.655726489659379, 50.77358524519524], [-3.662950320757952, 50.768448773214715], [-3.6668514754914616, 50.769842419164206]]]}}, {"type": "Feature", "properties": {"type": "postcode-cell", "postcode": "EX17 3PZ", "postcodes": ["EX17 3PZ"]}, "geometry": {"type": "Polygon", "coordinates": [[[-3.6567433382643726, 50.77904625809402], [-3.644658436775419, 50.777014141176736], [-3.6435430431118982, 50.77451123292823], [-3.6507096617323835, 50.77242542372866], [-3.655726489659379, 50.77358524519524], [-3.6558380073802126, 50.77395209457431], [-3.6567433382643726, 50.77904625809402]]]}}, {"type": "Feature", "properties": {"type": "postcode-cell", "postcode": "EX17 3PT", "postcodes": ["EX17 3PT"]}, "geometry": {"type": "Polygon", "coordinates": [[[-3.644658436775419, 50.777014141176736], [-3.6439836275751016, 50.77953803202606], [-3.6439699897942233, 50.77953999478617], [-3.6429399897933306, 50.78002999478658], [-3.6428199897930056, 50.780559994786984], [-3.6409299897917458, 50.7806499947871], [-3.639689989791488, 50.77949999478621], [-3.6370699897891825, 50.78081999478729], [-3.6351699897877476, 50.78126999478767], [-3.6356930077642886, 50.781828038640306], [-3.633152748392964, 50.78095160082906], [-3.6330854214481008, 50.78078574436999], [-3.6382994321135103, 50.7735957592092], [-3.6435430431118982, 50.77451123292823], [-3.644658436775419, 50.777014141176736]]]}}, {"type": "Feature", "properties": {"type": "postcode-cell", "postcode": "EX17 3PX", "postcodes": ["EX17 3PX"]}, "geometry": {"type": "Polygon", "coordinates": [[[-3.6382994321135103, 50.7735957592092], [-3.635430683231318, 50.770014145603746], [-3.6476956935434472, 50.76822443722389], [-3.6507096617323835, 50.77242542372866], [-3.6435430431118982, 50.77451123292823], [-3.6382994321135103, 50.7735957592092]]]}}, {"type": "Feature", "properties": {"type": "postcode-cell", "postcode": "EX17 3PU", "postcodes": ["EX17 3PU"]}, "geometry": {"type": "Polygon", "coordinates": [[[-3.6382994321135103, 50.7735957592092], [-3.6330854214481008, 50.78078574436999], [-3.6217763304516817, 50.77477725958154], [-3.6202697951368954, 50.772477874412296], [-3.619748849687585, 50.76798795048308], [-3.626453466826989, 50.764971087400916], [-3.635430683231318, 50.770014145603746], [-3.6382994321135103, 50.7735957592092]]]}}, {"type": "Feature", "properties": {"type": "postcode-cell", "postcode": "EX17 3PW", "postcodes": ["EX17 3PW"]}, "geometry": {"type": "Polygon", "coordinates": [[[-3.6183192274517224, 50.78279674004287], [-3.6217763304516817, 50.77477725958154], [-3.6330854214481008, 50.78078574436999], [-3.633152748392964, 50.78095160082906], [-3.6226222790129072, 50.78753079098367], [-3.6183192274517224, 50.78279674004287]]]}}, {"type": "Feature", "properties": {"type": "postcode-cell", "postcode": "EX17 1AQ", "postcodes": ["EX17 1AQ"]}, "geometry": {"type": "Polygon", "coordinates": [[[-3.6226222790129072, 50.78753079098367], [-3.622173820469583, 50.78927399783862], [-3.6216399897754488, 50.78893999479393], [-3.6204899897752765, 50.787729994793004], [-3.6199499897748653, 50.7878699947931], [-3.6161399897728295, 50.78698999479247], [-3.611809989770139, 50.786799994792375], [-3.60934998976885, 50.78617999479192], [-3.607579989768148, 50.785259994791204], [-3.6066999897680185, 50.784329994790475], [-3.6021399897655173, 50.783429994789834], [-3.601418923433032, 50.783463242327194], [-3.6022932008531594, 50.782033404498684], [-3.6084812296148625, 50.78095207972781], [-3.6183192274517224, 50.78279674004287], [-3.6226222790129072, 50.78753079098367]]]}}, {"type": "Feature", "properties": {"type": "postcode-cell", "postcode": "EX5 5BB", "postcodes": ["EX5 5BB"]}, "geometry": {"type": "Polygon", "coordinates": [[[-3.6217763304516817, 50.77477725958154], [-3.6183192274517224, 50.78279674004287], [-3.6084812296148625, 50.78095207972781], [-3.6114846730742114, 50.778360707796395], [-3.6202697951368954, 50.772477874412296], [-3.6217763304516817, 50.77477725958154]]]}}, {"type": "Feature", "properties": {"type": "postcode-cell", "postcode": "EX5 5AZ", "postcodes": ["EX5 5AZ"]}, "geometry": {"type": "Polygon", "coordinates": [[[-3.6114846730742114, 50.778360707796395], [-3.6073097575240216, 50.77377403922992], [-3.614072860074333, 50.767562170131384], [-3.619748849687585, 50.76798795048308], [-3.6202697951368954, 50.772477874412296], [-3.6114846730742114, 50.778360707796395]]]}}, {"type": "Feature", "properties": {"type": "postcode-cell", "postcode": "EX5 5AE", "postcodes": ["EX5 5AE"]}, "geometry": {"type": "Polygon", "coordinates": [[[-3.5773499768202, 50.758132827296926], [-3.566081400765853, 50.76521261805037], [-3.563532964036966, 50.76552525228069], [-3.5589570284033565, 50.75771913664556], [-3.5595999897504687, 50.75764999477002], [-3.5616699897514534, 50.758359994770544], [-3.570539989756226, 50.760239994771894], [-3.5709399897574365, 50.7582199947703], [-3.569389989757628, 50.75571999476835], [-3.5735599897603256, 50.755649994768255], [-3.576299989762348, 50.75506999476774], [-3.5760399897627058, 50.75395999476686], [-3.573879989761945, 50.75264999476586], [-3.576017645050772, 50.751162992258095], [-3.5773499768202, 50.758132827296926]]]}}, {"type": "Feature", "properties": {"type": "postcode-cell", "postcode": "EX5 5BS", "postcodes": ["EX5 5BS"]}, "geometry": {"type": "Polygon", "coordinates": [[[-3.5973916626769626, 50.770254805684594], [-3.593460993379805, 50.76796915660467], [-3.5908553856834575, 50.765829734071446], [-3.5905625778694317, 50.76542722640976], [-3.6019504714595953, 50.7610427640901], [-3.606794416059409, 50.76550522110663], [-3.5979792622761178, 50.77041034337099], [-3.5973916626769626, 50.770254805684594]]]}}, {"type": "Feature", "properties": {"type": "postcode-cell", "postcode": "EX5 5BL", "postcodes": ["EX5 5BL"]}, "geometry": {"type": "Polygon", "coordinates": [[[-3.5979792622761178, 50.77041034337099], [-3.5961916046304894, 50.77545454951507], [-3.594053687295077, 50.77546749036593], [-3.592649268712314, 50.77436763286965], [-3.5905447108631643, 50.772113190794016], [-3.590205903207284, 50.77134341383006], [-3.590235428664665, 50.77128944795458], [-3.59044519277008, 50.77112065742007], [-3.5958470333917876, 50.770205151195405], [-3.5973916626769626, 50.770254805684594], [-3.5979792622761178, 50.77041034337099]]]}}, {"type": "Feature", "properties": {"type": "postcode-cell", "postcode": "EX5 5AY", "postcodes": ["EX5 5AY"]}, "geometry": {"type": "Polygon", "coordinates": [[[-3.6073097575240216, 50.77377403922992], [-3.6006723896102746, 50.778578659429094], [-3.5961916046304894, 50.77545454951507], [-3.5979792622761178, 50.77041034337099], [-3.606794416059409, 50.76550522110663], [-3.614072860074333, 50.767562170131384], [-3.6073097575240216, 50.77377403922992]]]}}, {"type": "Feature", "properties": {"type": "postcode-cell", "postcode": "EX5 5BA", "postcodes": ["EX5 5BA"]}, "geometry": {"type": "Polygon", "coordinates": [[[-3.6084812296148625, 50.78095207972781], [-3.6022932008531594, 50.782033404498684], [-3.6006723896102746, 50.778578659429094], [-3.6073097575240216, 50.77377403922992], [-3.6114846730742114, 50.778360707796395], [-3.6084812296148625, 50.78095207972781]]]}}, {"type": "Feature", "properties": {"type": "postcode-cell", "postcode": "EX5 5AX", "postcodes": ["EX5 5AX"]}, "geometry": {"type": "Polygon", "coordinates": [[[-3.6022932008531594, 50.782033404498684], [-3.601418923433032, 50.783463242327194], [-3.594109989760194, 50.78379999479023], [-3.5911346911632807, 50.784372385529174], [-3.5906550330134754, 50.78331980517995], [-3.590993214781303, 50.777859263545416], [-3.5919470012241455, 50.775917606680466], [-3.594053687295077, 50.77546749036593], [-3.5961916046304894, 50.77545454951507], [-3.6006723896102746, 50.778578659429094], [-3.6022932008531594, 50.782033404498684]]]}}, {"type": "Feature", "properties": {"type": "postcode-cell", "postcode": "EX5 5DJ", "postcodes": ["EX5 5DJ"]}, "geometry": {"type": "Polygon", "coordinates": [[[-3.5908553856834575, 50.765829734071446], [-3.5905417346792396, 50.76857146770178], [-3.589773934298693, 50.76895942348938], [-3.588564384303225, 50.769006409691436], [-3.5868658382716823, 50.768172187265755], [-3.5867596399533066, 50.76779757075051], [-3.588091649765929, 50.76529707771009], [-3.5905625778694317, 50.76542722640976], [-3.5908553856834575, 50.765829734071446]]]}}, {"type": "Feature", "properties": {"type": "postcode-cell", "postcode": "EX5 5BR", "postcodes": ["EX5 5BR"]}, "geometry": {"type": "Polygon", "coordinates": [[[-3.5973916626769626, 50.770254805684594], [-3.5958470333917876, 50.770205151195405], [-3.5920518885542094, 50.76972006629242], [-3.5910701483113097, 50.76875039308207], [-3.593460993379805, 50.76796915660467], [-3.5973916626769626, 50.770254805684594]]]}}, {"type": "Feature", "properties": {"type": "postcode-cell", "postcode": "EX5 5BN", "postcodes": ["EX5 5BN"]}, "geometry": {"type": "Polygon", "coordinates": [[[-3.5958470333917876, 50.770205151195405], [-3.59044519277008, 50.77112065742007], [-3.5905559568366225, 50.770062630905464], [-3.59084204220747, 50.76987878974185], [-3.5920518885542094, 50.76972006629242], [-3.5958470333917876, 50.770205151195405]]]}}, {"type": "Feature", "properties": {"type": "postcode-cell", "postcode": "EX5 5BG", "postcodes": ["EX5 5BG"]}, "geometry": {"type": "Polygon", "coordinates": [[[-3.5905417346792396, 50.76857146770178], [-3.5910701483113097, 50.76875039308207], [-3.5920518885542094, 50.76972006629242], [-3.59084204220747, 50.76987878974185], [-3.589773934298693, 50.76895942348938], [-3.5905417346792396, 50.76857146770178]]]}}, {"type": "Feature", "properties": {"type": "postcode-cell", "postcode": "EX5 5BH", "postcodes": ["EX5 5BH"]}, "geometry": {"type": "Polygon", "coordinates": [[[-3.5910701483113097, 50.76875039308207], [-3.5905417346792396, 50.76857146770178], [-3.5908553856834575, 50.765829734071446], [-3.593460993379805, 50.76796915660467], [-3.5910701483113097, 50.76875039308207]]]}}, {"type": "Feature", "properties": {"type": "postcode-cell", "postcode": "EX5 5AU", "postcodes": ["EX5 5AU"]}, "geometry": {"type": "Polygon", "coordinates": [[[-3.589334474077983, 50.78144226334599], [-3.589217531459335, 50.77950932584393], [-3.590993214781303, 50.777859263545416], [-3.5906550330134754, 50.78331980517995], [-3.589334474077983, 50.78144226334599]]]}}, {"type": "Feature", "properties": {"type": "postcode-cell", "postcode": "EX5 5AP", "postcodes": ["EX5 5AP"]}, "geometry": {"type": "Polygon", "coordinates": [[[-3.5906550330134754, 50.78331980517995], [-3.5911346911632807, 50.784372385529174], [-3.5901397971226903, 50.78456376419359], [-3.582944407719479, 50.78215561744976], [-3.580313839462499, 50.779593246860045], [-3.5812984699241532, 50.77689693720923], [-3.5864341804912927, 50.779245792414144], [-3.589334474077983, 50.78144226334599], [-3.5906550330134754, 50.78331980517995]]]}}, {"type": "Feature", "properties": {"type": "postcode-cell", "postcode": "EX5 5BW", "postcodes": ["EX5 5BW"]}, "geometry": {"type": "Polygon", "coordinates": [[[-3.589392100533558, 50.770616048711915], [-3.589639135406639, 50.770056466560185], [-3.5905559568366225, 50.770062630905464], [-3.59044519277008, 50.77112065742007], [-3.590235428664665, 50.77128944795458], [-3.589392100533558, 50.770616048711915]]]}}, {"type": "Feature", "properties": {"type": "postcode-cell", "postcode": "EX5 5BU", "postcodes": ["EX5 5BU"]}, "geometry": {"type": "Polygon", "coordinates": [[[-3.590235428664665, 50.77128944795458], [-3.590205903207284, 50.77134341383006], [-3.5888930715917975, 50.77132386727372], [-3.5890211438943727, 50.770589133476946], [-3.589392100533558, 50.770616048711915], [-3.590235428664665, 50.77128944795458]]]}}, {"type": "Feature", "properties": {"type": "postcode-cell", "postcode": "EX5 5BP", "postcodes": ["EX5 5BP"]}, "geometry": {"type": "Polygon", "coordinates": [[[-3.5905559568366225, 50.770062630905464], [-3.589639135406639, 50.770056466560185], [-3.588768122664376, 50.76975431310536], [-3.588564384303225, 50.769006409691436], [-3.589773934298693, 50.76895942348938], [-3.59084204220747, 50.76987878974185], [-3.5905559568366225, 50.770062630905464]]]}}, {"type": "Feature", "properties": {"type": "postcode-cell", "postcode": "EX5 5DF", "postcodes": ["EX5 5DF"]}, "geometry": {"type": "Polygon", "coordinates": [[[-3.5773499768202, 50.758132827296926], [-3.576017645050772, 50.751162992258095], [-3.578019989765951, 50.74976999476351], [-3.580469989768758, 50.74713999476141], [-3.58430998977223, 50.74497999475964], [-3.5855199897735277, 50.743869994758754], [-3.5878799897749643, 50.74401999475882], [-3.5921499897780387, 50.743289994758214], [-3.5923099897774176, 50.7448199947594], [-3.5918999897770765, 50.74498999475952], [-3.59229998977709, 50.74549999475995], [-3.593179989777205, 50.74644999476068], [-3.5935899897775374, 50.74629999476055], [-3.5952699897780134, 50.74756999476153], [-3.5959999897784054, 50.74772999476165], [-3.5964680992446167, 50.747769004158286], [-3.6019504714595953, 50.7610427640901], [-3.5905625778694317, 50.76542722640976], [-3.588091649765929, 50.76529707771009], [-3.578464819243773, 50.7598132503531], [-3.5773947482254327, 50.75829476513677], [-3.5773499768202, 50.758132827296926]]]}}, {"type": "Feature", "properties": {"type": "postcode-cell", "postcode": "EX5 5AD", "postcodes": ["EX5 5AD"]}, "geometry": {"type": "Polygon", "coordinates": [[[-3.5773947482254327, 50.75829476513677], [-3.5703044135405553, 50.76644016168736], [-3.566081400765853, 50.76521261805037], [-3.5773499768202, 50.758132827296926], [-3.5773947482254327, 50.75829476513677]]]}}, {"type": "Feature", "properties": {"type": "postcode-cell", "postcode": "EX5 5BX", "postcodes": ["EX5 5BX"]}, "geometry": {"type": "Polygon", "coordinates": [[[-3.589639135406639, 50.770056466560185], [-3.589392100533558, 50.770616048711915], [-3.5890211438943727, 50.770589133476946], [-3.5882272470934513, 50.77037606116362], [-3.588768122664376, 50.76975431310536], [-3.589639135406639, 50.770056466560185]]]}}, {"type": "Feature", "properties": {"type": "postcode-cell", "postcode": "EX5 5DH", "postcodes": ["EX5 5DH"]}, "geometry": {"type": "Polygon", "coordinates": [[[-3.592649268712314, 50.77436763286965], [-3.5874181770343876, 50.77220815945235], [-3.587758377722721, 50.77205641027953], [-3.5905447108631643, 50.772113190794016], [-3.592649268712314, 50.77436763286965]]]}}, {"type": "Feature", "properties": {"type": "postcode-cell", "postcode": "EX5 5DL", "postcodes": ["EX5 5DL"]}, "geometry": {"type": "Polygon", "coordinates": [[[-3.5919470012241455, 50.775917606680466], [-3.5897003932997533, 50.776008640236505], [-3.5813389254610923, 50.776089757497424], [-3.5799123671669633, 50.774624976912705], [-3.5813376192949735, 50.773758477512374], [-3.5859107444902723, 50.77236595466305], [-3.5874181770343876, 50.77220815945235], [-3.592649268712314, 50.77436763286965], [-3.594053687295077, 50.77546749036593], [-3.5919470012241455, 50.775917606680466]]]}}, {"type": "Feature", "properties": {"type": "postcode-cell", "postcode": "EX5 5BY", "postcodes": ["EX5 5BY"]}, "geometry": {"type": "Polygon", "coordinates": [[[-3.5882272470934513, 50.77037606116362], [-3.5879012299919166, 50.77053360170721], [-3.587516964391634, 50.77053717633985], [-3.585860886815932, 50.769603774888395], [-3.5868658382716823, 50.768172187265755], [-3.588564384303225, 50.769006409691436], [-3.588768122664376, 50.76975431310536], [-3.5882272470934513, 50.77037606116362]]]}}, {"type": "Feature", "properties": {"type": "postcode-cell", "postcode": "EX5 5YX", "postcodes": ["EX5 5YX"]}, "geometry": {"type": "Polygon", "coordinates": [[[-3.5890211438943727, 50.770589133476946], [-3.5888930715917975, 50.77132386727372], [-3.5886160883693208, 50.7713433084638], [-3.5879012299919166, 50.77053360170721], [-3.5882272470934513, 50.77037606116362], [-3.5890211438943727, 50.770589133476946]]]}}, {"type": "Feature", "properties": {"type": "postcode-cell", "postcode": "EX5 5BJ", "postcodes": ["EX5 5BJ"]}, "geometry": {"type": "Polygon", "coordinates": [[[-3.5905447108631643, 50.772113190794016], [-3.587758377722721, 50.77205641027953], [-3.5886160883693208, 50.7713433084638], [-3.5888930715917975, 50.77132386727372], [-3.590205903207284, 50.77134341383006], [-3.5905447108631643, 50.772113190794016]]]}}, {"type": "Feature", "properties": {"type": "postcode-cell", "postcode": "EX5 5AT", "postcodes": ["EX5 5AT"]}, "geometry": {"type": "Polygon", "coordinates": [[[-3.590993214781303, 50.777859263545416], [-3.589217531459335, 50.77950932584393], [-3.5885247940852203, 50.779273821069644], [-3.5897003932997533, 50.776008640236505], [-3.5919470012241455, 50.775917606680466], [-3.590993214781303, 50.777859263545416]]]}}, {"type": "Feature", "properties": {"type": "postcode-cell", "postcode": "EX5 5BZ", "postcodes": ["EX5 5BZ"]}, "geometry": {"type": "Polygon", "coordinates": [[[-3.5874181770343876, 50.77220815945235], [-3.5859107444902723, 50.77236595466305], [-3.587516964391634, 50.77053717633985], [-3.5879012299919166, 50.77053360170721], [-3.5886160883693208, 50.7713433084638], [-3.587758377722721, 50.77205641027953], [-3.5874181770343876, 50.77220815945235]]]}}, {"type": "Feature", "properties": {"type": "postcode-cell", "postcode": "EX5 5AR", "postcodes": ["EX5 5AR"]}, "geometry": {"type": "Polygon", "coordinates": [[[-3.589217531459335, 50.77950932584393], [-3.589334474077983, 50.78144226334599], [-3.5864341804912927, 50.779245792414144], [-3.5885247940852203, 50.779273821069644], [-3.589217531459335, 50.77950932584393]]]}}, {"type": "Feature", "properties": {"type": "postcode-cell", "postcode": "EX5 5AS", "postcodes": ["EX5 5AS"]}, "geometry": {"type": "Polygon", "coordinates": [[[-3.5897003932997533, 50.776008640236505], [-3.5885247940852203, 50.779273821069644], [-3.5864341804912927, 50.779245792414144], [-3.5812984699241532, 50.77689693720923], [-3.5813389254610923, 50.776089757497424], [-3.5897003932997533, 50.776008640236505]]]}}, {"type": "Feature", "properties": {"type": "postcode-cell", "postcode": "EX5 5DA", "postcodes": ["EX5 5DA"]}, "geometry": {"type": "Polygon", "coordinates": [[[-3.5813376192949735, 50.773758477512374], [-3.5843931524445583, 50.77029908895293], [-3.585860886815932, 50.769603774888395], [-3.587516964391634, 50.77053717633985], [-3.5859107444902723, 50.77236595466305], [-3.5813376192949735, 50.773758477512374]]]}}, {"type": "Feature", "properties": {"type": "postcode-cell", "postcode": "EX5 5DB", "postcodes": ["EX5 5DB"]}, "geometry": {"type": "Polygon", "coordinates": [[[-3.5799123671669633, 50.774624976912705], [-3.575460927585096, 50.77294799829203], [-3.578715709426003, 50.767418374388214], [-3.5833815963940157, 50.76900666514449], [-3.5843931524445583, 50.77029908895293], [-3.5813376192949735, 50.773758477512374], [-3.5799123671669633, 50.774624976912705]]]}}, {"type": "Feature", "properties": {"type": "postcode-cell", "postcode": "EX5 5DD", "postcodes": ["EX5 5DD"]}, "geometry": {"type": "Polygon", "coordinates": [[[-3.585860886815932, 50.769603774888395], [-3.5843931524445583, 50.77029908895293], [-3.5833815963940157, 50.76900666514449], [-3.5850252560528286, 50.767918423577456], [-3.5867596399533066, 50.76779757075051], [-3.5868658382716823, 50.768172187265755], [-3.585860886815932, 50.769603774888395]]]}}, {"type": "Feature", "properties": {"type": "postcode-cell", "postcode": "EX5 5AL", "postcodes": ["EX5 5AL"]}, "geometry": {"type": "Polygon", "coordinates": [[[-3.5812984699241532, 50.77689693720923], [-3.580313839462499, 50.779593246860045], [-3.5770382251636037, 50.780944746092395], [-3.569039926743376, 50.78170671710677], [-3.568999989745435, 50.78100999478838], [-3.567254330501401, 50.779676634157774], [-3.5749457633670105, 50.77295418268445], [-3.575460927585096, 50.77294799829203], [-3.5799123671669633, 50.774624976912705], [-3.5813389254610923, 50.776089757497424], [-3.5812984699241532, 50.77689693720923]]]}}, {"type": "Feature", "properties": {"type": "postcode-cell", "postcode": "EX5 5AW", "postcodes": ["EX5 5AW"]}, "geometry": {"type": "Polygon", "coordinates": [[[-3.582944407719479, 50.78215561744976], [-3.578455949592817, 50.78711579332277], [-3.5772897055062365, 50.78730053466167], [-3.5770382251636037, 50.780944746092395], [-3.580313839462499, 50.779593246860045], [-3.582944407719479, 50.78215561744976]]]}}, {"type": "Feature", "properties": {"type": "postcode-cell", "postcode": "EX5 5EY", "postcodes": ["EX5 5EY"]}, "geometry": {"type": "Polygon", "coordinates": [[[-3.5850252560528286, 50.767918423577456], [-3.5833815963940157, 50.76900666514449], [-3.578715709426003, 50.767418374388214], [-3.578819376511062, 50.7670618132493], [-3.5850252560528286, 50.767918423577456]]]}}, {"type": "Feature", "properties": {"type": "postcode-cell", "postcode": "EX5 5DE", "postcodes": ["EX5 5DE"]}, "geometry": {"type": "Polygon", "coordinates": [[[-3.578819376511062, 50.7670618132493], [-3.578464819243773, 50.7598132503531], [-3.588091649765929, 50.76529707771009], [-3.5867596399533066, 50.76779757075051], [-3.5850252560528286, 50.767918423577456], [-3.578819376511062, 50.7670618132493]]]}}, {"type": "Feature", "properties": {"type": "postcode-cell", "postcode": "EX5 5AA", "postcodes": ["EX5 5AA"]}, "geometry": {"type": "Polygon", "coordinates": [[[-3.578464819243773, 50.7598132503531], [-3.578819376511062, 50.7670618132493], [-3.578715709426003, 50.767418374388214], [-3.575460927585096, 50.77294799829203], [-3.5749457633670105, 50.77295418268445], [-3.568294747483365, 50.770624088946086], [-3.5703044135405553, 50.76644016168736], [-3.5773947482254327, 50.75829476513677], [-3.578464819243773, 50.7598132503531]]]}}, {"type": "Feature", "properties": {"type": "postcode-cell", "postcode": "EX5 5AH", "postcodes": ["EX5 5AH"]}, "geometry": {"type": "Polygon", "coordinates": [[[-3.5770382251636037, 50.780944746092395], [-3.5772897055062365, 50.78730053466167], [-3.574009989745428, 50.78781999479371], [-3.5720099897438127, 50.78852999479429], [-3.570739989743704, 50.787039994793126], [-3.5704399897442323, 50.785509994791916], [-3.5691799897440686, 50.784149994790866], [-3.569039926743376, 50.78170671710677], [-3.5770382251636037, 50.780944746092395]]]}}, {"type": "Feature", "properties": {"type": "postcode-cell", "postcode": "EX5 5AQ", "postcodes": ["EX5 5AQ"]}, "geometry": {"type": "Polygon", "coordinates": [[[-3.5633840289075542, 50.76838559650034], [-3.567629339412578, 50.77062086390785], [-3.560269837243687, 50.77502481747076], [-3.559189989741992, 50.77502999478378], [-3.558529989742242, 50.773609994782646], [-3.557929989741316, 50.7747599947836], [-3.5572199897407577, 50.77497999478376], [-3.55591998973988, 50.77507999478386], [-3.553729989738763, 50.774489994783416], [-3.552129989737603, 50.77477999478367], [-3.5500899897364055, 50.77455999478352], [-3.5474199897354497, 50.772979994782325], [-3.5521099897392885, 50.77118999478084], [-3.551349989739531, 50.76964999477963], [-3.5513999897400264, 50.76866999477885], [-3.5511905315489374, 50.768359599666766], [-3.5633840289075542, 50.76838559650034]]]}}, {"type": "Feature", "properties": {"type": "postcode-cell", "postcode": "EX5 5AJ", "postcodes": ["EX5 5AJ"]}, "geometry": {"type": "Polygon", "coordinates": [[[-3.5749457633670105, 50.77295418268445], [-3.567254330501401, 50.779676634157774], [-3.567009989744881, 50.77948999478719], [-3.5641199897430766, 50.77939999478718], [-3.5632199897426715, 50.77903999478689], [-3.563349989744658, 50.7750099947837], [-3.560269837243687, 50.77502481747076], [-3.567629339412578, 50.77062086390785], [-3.568294747483365, 50.770624088946086], [-3.5749457633670105, 50.77295418268445]]]}}, {"type": "Feature", "properties": {"type": "postcode-cell", "postcode": "EX5 5AB", "postcodes": ["EX5 5AB"]}, "geometry": {"type": "Polygon", "coordinates": [[[-3.566081400765853, 50.76521261805037], [-3.5703044135405553, 50.76644016168736], [-3.568294747483365, 50.770624088946086], [-3.567629339412578, 50.77062086390785], [-3.5633840289075542, 50.76838559650034], [-3.563532964036966, 50.76552525228069], [-3.566081400765853, 50.76521261805037]]]}}, {"type": "Feature", "properties": {"type": "postcode-cell", "postcode": "EX5 5AG", "postcodes": ["EX5 5AG"]}, "geometry": {"type": "Polygon", "coordinates": [[[-3.563532964036966, 50.76552525228069], [-3.5633840289075542, 50.76838559650034], [-3.5511905315489374, 50.768359599666766], [-3.5505699897400786, 50.76743999477789], [-3.5506099897406065, 50.76637999477705], [-3.5514399897416467, 50.76529999477621], [-3.551109989741464, 50.76523999477614], [-3.558359989747466, 50.76232999477373], [-3.5587399897479446, 50.76182999477332], [-3.5595599897494123, 50.759829994771735], [-3.5564299897478624, 50.758889994771046], [-3.5570199897485066, 50.75831999477058], [-3.556809989748547, 50.757949994770314], [-3.5589570284033565, 50.75771913664556], [-3.563532964036966, 50.76552525228069]]]}}]}