{"type": "FeatureCollection", "features": [{"type": "Feature", "properties": {"name": "East Devon"}, "geometry": {"type": "MultiPolygon", "coordinates": [[[[-3.31058, 50.6318], [-3.30849, 50.63128], [-3.30829, 50.63132], [-3.3083, 50.63097], [-3.30869, 50.63074], [-3.30875, 50.63108], [-3.30965, 50.63139], [-3.30891, 50.6307], [-3.31084, 50.63165], [-3.31058, 50.6318]]], [[[-3.30966, 50.63369], [-3.30842, 50.63135], [-3.30924, 50.63181], [-3.31034, 50.6318], [-3.31016, 50.63224], [-3.30974, 50.63214], [-3.31014, 50.63233], [-3.30983, 50.63265], [-3.31046, 50.63238], [-3.30974, 50.63308], [-3.31009, 50.63306], [-3.31003, 50.63334], [-3.31023, 50.63304], [-3.31031, 50.63349], [-3.30966, 50.63369]]], [[[-3.45847, 50.68837], [-3.45881, 50.68785], [-3.45852, 50.68839], [-3.45847, 50.68837]]], [[[-3.45977, 50.69294], [-3.45953, 50.69276], [-3.45998, 50.69299], [-3.45977, 50.69294]]], [[[-3.0524, 50.90827], [-3.05133, 50.90632], [-3.05039, 50.90598], [-3.05052, 50.90457], [-3.0499, 50.90392], [-3.05014, 50.90301], [-3.05147, 50.90171], [-3.05137, 50.90133], [-3.05175, 50.90089], [-3.05235, 50.9008], [-3.05231, 50.89999], [-3.05325, 50.89867], [-3.05304, 50.89768], [-3.05471, 50.89659], [-3.05477, 50.89609], [-3.05387, 50.89546], [-3.05509, 50.89459], [-3.0554, 50.89254], [-3.05486, 50.89202], [-3.05552, 50.89174], [-3.05568, 50.89113], [-3.05539, 50.89019], [-3.05373, 50.88857], [-3.05335, 50.88679], [-3.0523, 50.88603], [-3.05223, 50.88489], [-3.05298, 50.88437], [-3.05329, 50.88342], [-3.05177, 50.88266], [-3.05191, 50.88022], [-3.05251, 50.879], [-3.05384, 50.87839], [-3.05359, 50.87768], [-3.05436, 50.87681], [-3.05394, 50.87597], [-3.05464, 50.87576], [-3.05431, 50.87472], [-3.05498, 50.87451], [-3.05375, 50.87364], [-3.05406, 50.87304], [-3.05158, 50.87277], [-3.04676, 50.87138], [-3.04611, 50.87187], [-3.04533, 50.86958], [-3.04373, 50.8681], [-3.04203, 50.86886], [-3.03928, 50.8687], [-3.03844, 50.86832], [-3.03698, 50.86678], [-3.03665, 50.86518], [-3.03459, 50.864], [-3.03473, 50.86244], [-3.03263, 50.86164], [-3.03331, 50.86116], [-3.03459, 50.85905], [-3.03637, 50.85825], [-3.03573, 50.85625], [-3.03709, 50.85439], [-3.03608, 50.85285], [-3.03681, 50.85107], [-3.03478, 50.85095], [-3.03182, 50.85174], [-3.02111, 50.85551], [-3.01849, 50.85579], [-3.0141, 50.85513], [-3.01293, 50.85572], [-3.0126, 50.85691], [-3.01144, 50.85721], [-3.00624, 50.85385], [-3.00364, 50.85339], [-3.00164, 50.85167], [-3.00049, 50.85169], [-2.99855, 50.85097], [-2.99626, 50.85467], [-2.99444, 50.85515], [-2.99347, 50.85492], [-2.99057, 50.85568], [-2.98759, 50.85593], [-2.98436, 50.85496], [-2.97984, 50.85481], [-2.97696, 50.85556], [-2.97359, 50.85566], [-2.97385, 50.85386], [-2.97463, 50.85234], [-2.97205, 50.85189], [-2.97115, 50.85145], [-2.96805, 50.8513], [-2.9701, 50.84961], [-2.971, 50.84772], [-2.97257, 50.84603], [-2.97242, 50.84435], [-2.97118, 50.84289], [-2.9694, 50.84173], [-2.96854, 50.84051], [-2.96983, 50.8342], [-2.96633, 50.83364], [-2.96558, 50.83179], [-2.96169, 50.8298], [-2.9626, 50.82883], [-2.96293, 50.82773], [-2.95905, 50.82608], [-2.95755, 50.82483], [-2.95767, 50.82429], [-2.95593, 50.82302], [-2.95432, 50.82117], [-2.95551, 50.82018], [-2.95684, 50.82049], [-2.95817, 50.81999], [-2.95878, 50.81853], [-2.95839, 50.81817], [-2.95763, 50.8183], [-2.95737, 50.81805], [-2.95772, 50.81776], [-2.95809, 50.81801], [-2.95863, 50.81776], [-2.95945, 50.81788], [-2.95918, 50.81725], [-2.95962, 50.8168], [-2.96123, 50.81657], [-2.9616, 50.81614], [-2.9613, 50.81555], [-2.96084, 50.8155], [-2.95999, 50.8164], [-2.95906, 50.81604], [-2.95843, 50.81634], [-2.95832, 50.81581], [-2.95661, 50.81586], [-2.95473, 50.81537], [-2.95411, 50.81553], [-2.95273, 50.81506], [-2.95175, 50.81545], [-2.95092, 50.81499], [-2.94983, 50.815], [-2.94945, 50.81542], [-2.94904, 50.81515], [-2.94796, 50.81543], [-2.94684, 50.81461], [-2.94721, 50.81431], [-2.94568, 50.81407], [-2.94481, 50.81337], [-2.94412, 50.8134], [-2.9432, 50.81239], [-2.94272, 50.8124], [-2.94259, 50.81194], [-2.94151, 50.81173], [-2.94163, 50.81111], [-2.94074, 50.81111], [-2.93979, 50.81048], [-2.93901, 50.81044], [-2.93904, 50.81008], [-2.9384, 50.80983], [-2.93674, 50.81008], [-2.93627, 50.80973], [-2.93552, 50.80983], [-2.93446, 50.80918], [-2.93159, 50.80914], [-2.93128, 50.80864], [-2.93073, 50.80901], [-2.92978, 50.80907], [-2.92896, 50.80842], [-2.92755, 50.8084], [-2.92659, 50.80786], [-2.92625, 50.80826], [-2.92528, 50.80798], [-2.9249, 50.80829], [-2.92272, 50.80759], [-2.92192, 50.80691], [-2.92017, 50.80668], [-2.91856, 50.80563], [-2.91762, 50.80592], [-2.91531, 50.80529], [-2.91359, 50.8053], [-2.9133, 50.80501], [-2.91209, 50.80525], [-2.9113, 50.80462], [-2.90735, 50.80467], [-2.90543, 50.80527], [-2.90261, 50.80462], [-2.90066, 50.80474], [-2.89981, 50.80517], [-2.89719, 50.80452], [-2.89572, 50.80495], [-2.89501, 50.80463], [-2.89423, 50.80494], [-2.89287, 50.80479], [-2.89156, 50.80378], [-2.89023, 50.80345], [-2.89042, 50.80257], [-2.88988, 50.80219], [-2.8902, 50.80161], [-2.88969, 50.80113], [-2.88981, 50.80068], [-2.88876, 50.79972], [-2.88881, 50.79841], [-2.88703, 50.79618], [-2.88668, 50.7947], [-2.88931, 50.79393], [-2.88776, 50.79344], [-2.88782, 50.79292], [-2.88704, 50.79252], [-2.89058, 50.79052], [-2.89375, 50.78986], [-2.89564, 50.78754], [-2.89746, 50.78614], [-2.91356, 50.78449], [-2.91873, 50.78362], [-2.92965, 50.78243], [-2.93272, 50.78148], [-2.94096, 50.77745], [-2.9489, 50.77203], [-2.95433, 50.76771], [-2.95595, 50.76497], [-2.95571, 50.76416], [-2.95604, 50.76364], [-2.95306, 50.76217], [-2.95259, 50.76138], [-2.94961, 50.76092], [-2.93942, 50.75711], [-2.93514, 50.75419], [-2.93651, 50.75299], [-2.93968, 50.75184], [-2.94057, 50.74989], [-2.94059, 50.74864], [-2.93825, 50.74597], [-2.93786, 50.7441], [-2.93888, 50.74335], [-2.94063, 50.7427], [-2.94565, 50.73782], [-2.94659, 50.73729], [-2.94662, 50.73585], [-2.94631, 50.73526], [-2.94585, 50.73518], [-2.94702, 50.73499], [-2.94778, 50.73378], [-2.9496, 50.73235], [-2.95307, 50.7285], [-2.9526, 50.72459], [-2.94873, 50.72126], [-2.94871, 50.71977], [-2.94793, 50.71842], [-2.94766, 50.71825], [-2.94772, 50.71824], [-2.95175, 50.71596], [-2.95317, 50.71454], [-2.95507, 50.71385], [-2.95826, 50.7131], [-2.96456, 50.71304], [-2.96681, 50.71274], [-2.97085, 50.70957], [-2.97256, 50.7089], [-2.97578, 50.70822], [-2.98201, 50.70509], [-2.98452, 50.70463], [-2.98569, 50.70496], [-2.99215, 50.70558], [-2.99501, 50.70546], [-2.99773, 50.70459], [-3.00167, 50.70213], [-3.00669, 50.7004], [-3.02263, 50.69839], [-3.0288, 50.69871], [-3.04739, 50.70151], [-3.0536, 50.70186], [-3.05463, 50.70241], [-3.05483, 50.70292], [-3.05815, 50.70388], [-3.05907, 50.70519], [-3.05656, 50.7115], [-3.05598, 50.71378], [-3.05615, 50.71493], [-3.05535, 50.7164], [-3.05477, 50.71658], [-3.0545, 50.71822], [-3.05484, 50.71873], [-3.05612, 50.71891], [-3.05499, 50.71905], [-3.05432, 50.71982], [-3.05431, 50.71986], [-3.0542, 50.72009], [-3.05414, 50.72024], [-3.05415, 50.7204], [-3.05395, 50.72044], [-3.05391, 50.72054], [-3.05384, 50.7207], [-3.05374, 50.72087], [-3.0537, 50.72088], [-3.05359, 50.72092], [-3.0535, 50.72109], [-3.05333, 50.72116], [-3.05331, 50.72119], [-3.0532, 50.72128], [-3.05318, 50.72135], [-3.05317, 50.72135], [-3.05316, 50.72137], [-3.05315, 50.72154], [-3.05304, 50.72185], [-3.05323, 50.72148], [-3.05323, 50.7213], [-3.05329, 50.72122], [-3.05349, 50.72115], [-3.0535, 50.7211], [-3.05354, 50.72108], [-3.05362, 50.72097], [-3.05379, 50.72088], [-3.05386, 50.72081], [-3.05386, 50.72073], [-3.05392, 50.7206], [-3.05397, 50.72047], [-3.05417, 50.72043], [-3.05484, 50.71931], [-3.05484, 50.71931], [-3.05527, 50.71915], [-3.0556, 50.71904], [-3.05577, 50.71899], [-3.05608, 50.71897], [-3.05612, 50.71897], [-3.05693, 50.71957], [-3.05565, 50.72087], [-3.05588, 50.72146], [-3.05544, 50.7214], [-3.05693, 50.72182], [-3.05714, 50.7224], [-3.05481, 50.72257], [-3.05454, 50.72277], [-3.05492, 50.72366], [-3.05355, 50.72365], [-3.05242, 50.72495], [-3.05137, 50.72475], [-3.05093, 50.725], [-3.05113, 50.72526], [-3.05151, 50.72489], [-3.0525, 50.7256], [-3.05299, 50.72549], [-3.0527, 50.72509], [-3.05309, 50.72461], [-3.05359, 50.7247], [-3.05388, 50.7239], [-3.0545, 50.72406], [-3.05509, 50.72383], [-3.05515, 50.72317], [-3.05564, 50.72298], [-3.05678, 50.72275], [-3.05831, 50.72297], [-3.05837, 50.72321], [-3.05835, 50.72295], [-3.05701, 50.72273], [-3.05758, 50.72243], [-3.0573, 50.72171], [-3.0562, 50.72109], [-3.05708, 50.72027], [-3.05712, 50.72056], [-3.05757, 50.72049], [-3.05726, 50.7202], [-3.058, 50.71971], [-3.05758, 50.72039], [-3.05827, 50.7197], [-3.05872, 50.71985], [-3.05881, 50.71988], [-3.05902, 50.72001], [-3.05903, 50.72015], [-3.05903, 50.72016], [-3.05903, 50.72017], [-3.05901, 50.72018], [-3.059, 50.72018], [-3.05884, 50.72026], [-3.05882, 50.72034], [-3.05888, 50.72039], [-3.05895, 50.72044], [-3.05903, 50.7205], [-3.05916, 50.72055], [-3.05961, 50.72066], [-3.06001, 50.72075], [-3.06003, 50.72076], [-3.06031, 50.72082], [-3.05897, 50.72037], [-3.05891, 50.72035], [-3.059, 50.72024], [-3.05911, 50.72014], [-3.05911, 50.72006], [-3.05911, 50.72004], [-3.05911, 50.72003], [-3.05911, 50.72002], [-3.05911, 50.71997], [-3.059, 50.7199], [-3.05876, 50.71979], [-3.0587, 50.71976], [-3.05819, 50.71945], [-3.05902, 50.71904], [-3.05901, 50.71902], [-3.05901, 50.71901], [-3.05889, 50.71875], [-3.05881, 50.71722], [-3.0588, 50.71715], [-3.05873, 50.71666], [-3.05896, 50.7153], [-3.0595, 50.71224], [-3.05953, 50.71202], [-3.05983, 50.71069], [-3.05984, 50.71059], [-3.0602, 50.70869], [-3.06024, 50.70845], [-3.0608, 50.70553], [-3.05996, 50.70451], [-3.06039, 50.70428], [-3.05947, 50.70361], [-3.05797, 50.7035], [-3.05487, 50.70252], [-3.06091, 50.70302], [-3.06091, 50.70302], [-3.0676, 50.70304], [-3.06778, 50.70305], [-3.06793, 50.70304], [-3.07278, 50.70305], [-3.07278, 50.70305], [-3.07904, 50.70244], [-3.08244, 50.70161], [-3.08449, 50.70065], [-3.08458, 50.69897], [-3.08631, 50.69807], [-3.08754, 50.69647], [-3.09047, 50.69597], [-3.09193, 50.69526], [-3.09304, 50.69285], [-3.09277, 50.69043], [-3.09319, 50.69055], [-3.0933, 50.69027], [-3.09354, 50.69023], [-3.09404, 50.69026], [-3.09471, 50.68982], [-3.09455, 50.68747], [-3.09555, 50.68657], [-3.09558, 50.68543], [-3.09559, 50.68541], [-3.09602, 50.68523], [-3.10034, 50.68567], [-3.10528, 50.68539], [-3.11527, 50.68649], [-3.12655, 50.68689], [-3.13384, 50.68665], [-3.13868, 50.6865], [-3.14115, 50.68591], [-3.14707, 50.6854], [-3.15123, 50.6854], [-3.15876, 50.68608], [-3.16701, 50.68494], [-3.18473, 50.68495], [-3.18475, 50.68495], [-3.19313, 50.68441], [-3.19766, 50.68311], [-3.19915, 50.6824], [-3.20695, 50.68215], [-3.21345, 50.68153], [-3.23035, 50.67945], [-3.23394, 50.6789], [-3.23409, 50.67888], [-3.23406, 50.67865], [-3.23486, 50.67843], [-3.2348, 50.67805], [-3.23481, 50.67805], [-3.23546, 50.67826], [-3.23694, 50.67799], [-3.23697, 50.67788], [-3.23726, 50.67782], [-3.23754, 50.67791], [-3.23997, 50.67739], [-3.24564, 50.67528], [-3.24845, 50.67516], [-3.25261, 50.67446], [-3.25841, 50.67306], [-3.26183, 50.67187], [-3.26424, 50.67121], [-3.26672, 50.66993], [-3.26753, 50.66751], [-3.26714, 50.6667], [-3.26888, 50.66489], [-3.26991, 50.66489], [-3.27114, 50.66446], [-3.27355, 50.66265], [-3.276, 50.66231], [-3.27652, 50.66164], [-3.27634, 50.66107], [-3.27763, 50.66033], [-3.27747, 50.65922], [-3.2782, 50.65948], [-3.28058, 50.65772], [-3.28111, 50.65698], [-3.2807, 50.65609], [-3.2801, 50.65581], [-3.28375, 50.65418], [-3.2853, 50.65236], [-3.28507, 50.6485], [-3.28572, 50.64786], [-3.28596, 50.6467], [-3.28734, 50.64565], [-3.28743, 50.64497], [-3.28879, 50.64324], [-3.28889, 50.64094], [-3.28945, 50.641], [-3.29297, 50.63884], [-3.29449, 50.63585], [-3.29683, 50.63501], [-3.30005, 50.63264], [-3.30075, 50.63196], [-3.30064, 50.63151], [-3.3027, 50.63079], [-3.30373, 50.62981], [-3.30484, 50.62993], [-3.30606, 50.62958], [-3.30633, 50.6298], [-3.30575, 50.63012], [-3.30631, 50.63051], [-3.30648, 50.63271], [-3.30716, 50.63263], [-3.30721, 50.63287], [-3.30778, 50.63294], [-3.30751, 50.63268], [-3.30729, 50.63255], [-3.3068, 50.63248], [-3.30707, 50.63203], [-3.30673, 50.63156], [-3.30717, 50.63127], [-3.30839, 50.63269], [-3.30857, 50.63345], [-3.30785, 50.63328], [-3.30796, 50.63361], [-3.30845, 50.6335], [-3.30866, 50.63373], [-3.3084, 50.63468], [-3.30912, 50.63637], [-3.30927, 50.63871], [-3.30896, 50.63885], [-3.30862, 50.6388], [-3.30856, 50.63881], [-3.30852, 50.63883], [-3.30802, 50.63925], [-3.30857, 50.63882], [-3.30915, 50.63893], [-3.3092, 50.63904], [-3.31006, 50.64399], [-3.30995, 50.64532], [-3.30881, 50.64759], [-3.3101, 50.64544], [-3.31023, 50.64499], [-3.31028, 50.64447], [-3.30926, 50.63451], [-3.30942, 50.63386], [-3.30979, 50.63388], [-3.30965, 50.63432], [-3.31008, 50.63463], [-3.30977, 50.63515], [-3.31036, 50.63486], [-3.31075, 50.63588], [-3.31036, 50.63288], [-3.31142, 50.63161], [-3.30905, 50.63059], [-3.31035, 50.63052], [-3.31027, 50.63066], [-3.31044, 50.63092], [-3.31063, 50.631], [-3.31037, 50.63066], [-3.31086, 50.6306], [-3.31121, 50.63136], [-3.31191, 50.63086], [-3.31132, 50.63041], [-3.30883, 50.63043], [-3.30703, 50.62994], [-3.30652, 50.63013], [-3.3068, 50.62957], [-3.31452, 50.6294], [-3.32427, 50.62791], [-3.33497, 50.62523], [-3.34947, 50.62029], [-3.34948, 50.62029], [-3.35525, 50.61789], [-3.35912, 50.61556], [-3.35985, 50.61404], [-3.35911, 50.61379], [-3.35777, 50.61239], [-3.35782, 50.61178], [-3.35783, 50.61165], [-3.35849, 50.61159], [-3.3588, 50.61122], [-3.35789, 50.61065], [-3.35789, 50.6102], [-3.35796, 50.61014], [-3.35789, 50.61007], [-3.3579, 50.60865], [-3.35867, 50.60701], [-3.35924, 50.607], [-3.35963, 50.60749], [-3.36126, 50.60772], [-3.36187, 50.60662], [-3.36245, 50.60777], [-3.36296, 50.60781], [-3.36369, 50.60885], [-3.36398, 50.60977], [-3.3648, 50.6098], [-3.36906, 50.60951], [-3.37386, 50.60868], [-3.3741, 50.60838], [-3.37654, 50.60789], [-3.3812, 50.60755], [-3.38546, 50.60675], [-3.38594, 50.60734], [-3.38706, 50.60758], [-3.38791, 50.60817], [-3.38804, 50.60905], [-3.39326, 50.60987], [-3.39833, 50.61005], [-3.39994, 50.61108], [-3.40089, 50.61127], [-3.40113, 50.61132], [-3.40734, 50.61163], [-3.40948, 50.61235], [-3.41179, 50.61385], [-3.41358, 50.61497], [-3.41483, 50.61545], [-3.4158, 50.61582], [-3.423, 50.61663], [-3.42443, 50.61644], [-3.42381, 50.61733], [-3.42299, 50.61719], [-3.42232, 50.61785], [-3.42417, 50.61849], [-3.42482, 50.61794], [-3.4239, 50.61752], [-3.42454, 50.61688], [-3.42476, 50.6174], [-3.42541, 50.61737], [-3.42644, 50.61798], [-3.42652, 50.61805], [-3.42409, 50.6196], [-3.4217, 50.6196], [-3.42062, 50.61924], [-3.42051, 50.6197], [-3.42219, 50.62044], [-3.42148, 50.62142], [-3.41992, 50.62158], [-3.41874, 50.62101], [-3.41763, 50.62096], [-3.41669, 50.62129], [-3.41561, 50.62398], [-3.41625, 50.62741], [-3.41552, 50.62919], [-3.41552, 50.6292], [-3.41551, 50.62919], [-3.41553, 50.62921], [-3.41761, 50.63209], [-3.42163, 50.63507], [-3.42309, 50.63884], [-3.4231, 50.63885], [-3.42479, 50.64061], [-3.43005, 50.64385], [-3.43288, 50.64607], [-3.43223, 50.64783], [-3.43177, 50.64793], [-3.43316, 50.64787], [-3.43261, 50.64795], [-3.43276, 50.64812], [-3.43386, 50.64846], [-3.43402, 50.64905], [-3.43312, 50.65015], [-3.43472, 50.65238], [-3.43599, 50.65605], [-3.43995, 50.66046], [-3.44245, 50.66481], [-3.44344, 50.66571], [-3.44314, 50.66611], [-3.44351, 50.66685], [-3.44312, 50.66669], [-3.44262, 50.66632], [-3.44297, 50.6667], [-3.44267, 50.66658], [-3.44254, 50.66655], [-3.44248, 50.66713], [-3.44207, 50.66723], [-3.4425, 50.66717], [-3.44262, 50.66659], [-3.44278, 50.66678], [-3.44354, 50.6669], [-3.44471, 50.6689], [-3.44617, 50.66966], [-3.44663, 50.67073], [-3.44975, 50.67281], [-3.45085, 50.67445], [-3.4514, 50.67696], [-3.4521, 50.6775], [-3.45146, 50.67899], [-3.45145, 50.67903], [-3.45074, 50.68217], [-3.45188, 50.68354], [-3.4499, 50.68444], [-3.4505, 50.68469], [-3.45011, 50.68438], [-3.45198, 50.68374], [-3.4547, 50.68393], [-3.45541, 50.68344], [-3.45555, 50.68238], [-3.45584, 50.68229], [-3.45619, 50.68224], [-3.45644, 50.68234], [-3.45683, 50.68289], [-3.45723, 50.68384], [-3.45844, 50.68453], [-3.45866, 50.68468], [-3.45924, 50.68567], [-3.45924, 50.68568], [-3.45924, 50.68568], [-3.45918, 50.68713], [-3.45822, 50.68867], [-3.45876, 50.68968], [-3.45981, 50.68998], [-3.46016, 50.69017], [-3.46027, 50.69079], [-3.46031, 50.69136], [-3.45896, 50.69239], [-3.45891, 50.69264], [-3.46047, 50.69325], [-3.46077, 50.69341], [-3.46115, 50.6942], [-3.46116, 50.69422], [-3.46116, 50.69423], [-3.46115, 50.69439], [-3.46109, 50.6949], [-3.46089, 50.6952], [-3.4603, 50.69566], [-3.4594, 50.6957], [-3.4581, 50.69543], [-3.45751, 50.69455], [-3.45857, 50.69316], [-3.45843, 50.69294], [-3.4581, 50.69271], [-3.45794, 50.69265], [-3.45771, 50.69258], [-3.45734, 50.69252], [-3.45709, 50.69255], [-3.45673, 50.69265], [-3.45655, 50.69279], [-3.45541, 50.69644], [-3.45544, 50.69673], [-3.45593, 50.69715], [-3.45786, 50.69667], [-3.45858, 50.69676], [-3.45891, 50.69747], [-3.45769, 50.69769], [-3.4576, 50.69773], [-3.4575, 50.69783], [-3.45774, 50.6984], [-3.45703, 50.69945], [-3.45718, 50.69959], [-3.45749, 50.69969], [-3.45827, 50.69968], [-3.45876, 50.70006], [-3.45976, 50.7004], [-3.46149, 50.70084], [-3.46254, 50.70153], [-3.4626, 50.70208], [-3.46274, 50.70155], [-3.46179, 50.70086], [-3.46102, 50.70057], [-3.45964, 50.70019], [-3.45875, 50.69999], [-3.45833, 50.69964], [-3.45712, 50.69948], [-3.45781, 50.69838], [-3.45763, 50.69779], [-3.45782, 50.69771], [-3.45875, 50.69772], [-3.45898, 50.69743], [-3.45876, 50.69679], [-3.45848, 50.69667], [-3.45792, 50.69662], [-3.45594, 50.69703], [-3.4555, 50.69668], [-3.45668, 50.69282], [-3.45716, 50.69262], [-3.45733, 50.69261], [-3.45801, 50.69278], [-3.4583, 50.69298], [-3.45847, 50.69322], [-3.45748, 50.69431], [-3.45737, 50.69478], [-3.45764, 50.6952], [-3.4578, 50.69531], [-3.45795, 50.6954], [-3.45829, 50.69556], [-3.45963, 50.69581], [-3.46089, 50.69562], [-3.46097, 50.69568], [-3.46299, 50.69533], [-3.46352, 50.69613], [-3.46611, 50.69549], [-3.46798, 50.69778], [-3.46826, 50.69873], [-3.47088, 50.69777], [-3.47142, 50.69881], [-3.4681, 50.70577], [-3.46366, 50.71258], [-3.46226, 50.717], [-3.46243, 50.72864], [-3.46244, 50.72882], [-3.4621, 50.73411], [-3.46043, 50.7392], [-3.46257, 50.7393], [-3.466, 50.74207], [-3.46493, 50.74335], [-3.46547, 50.74379], [-3.4651, 50.74495], [-3.46659, 50.74432], [-3.46751, 50.7443], [-3.46971, 50.74538], [-3.47498, 50.74628], [-3.47542, 50.74591], [-3.47873, 50.74683], [-3.48102, 50.74699], [-3.48407, 50.7499], [-3.48585, 50.75082], [-3.48822, 50.75214], [-3.48969, 50.75294], [-3.49296, 50.75404], [-3.4969, 50.7544], [-3.49897, 50.75431], [-3.50275, 50.75527], [-3.50278, 50.75577], [-3.50461, 50.75733], [-3.50525, 50.75718], [-3.50686, 50.75866], [-3.50742, 50.76061], [-3.51228, 50.7611], [-3.51274, 50.76146], [-3.51393, 50.76079], [-3.51465, 50.75955], [-3.51548, 50.75919], [-3.52249, 50.75756], [-3.52407, 50.75766], [-3.52542, 50.75837], [-3.52587, 50.7583], [-3.52635, 50.75766], [-3.52622, 50.7553], [-3.52723, 50.75516], [-3.52884, 50.75547], [-3.52905, 50.75656], [-3.53054, 50.75697], [-3.53495, 50.75595], [-3.53613, 50.75419], [-3.53737, 50.75313], [-3.5421, 50.75179], [-3.54407, 50.75092], [-3.54746, 50.74898], [-3.54821, 50.7473], [-3.54907, 50.74821], [-3.55034, 50.74879], [-3.55164, 50.74764], [-3.55203, 50.74513], [-3.55296, 50.74546], [-3.55593, 50.74484], [-3.55997, 50.74469], [-3.56472, 50.7454], [-3.56754, 50.74553], [-3.56966, 50.745], [-3.57338, 50.74411], [-3.57947, 50.74184], [-3.58261, 50.74158], [-3.58308, 50.74156], [-3.58552, 50.74387], [-3.58431, 50.74498], [-3.58047, 50.74714], [-3.57802, 50.74977], [-3.57388, 50.75265], [-3.57604, 50.75396], [-3.5763, 50.75507], [-3.57356, 50.75565], [-3.56939, 50.75572], [-3.57094, 50.75822], [-3.57054, 50.76024], [-3.56167, 50.75836], [-3.5596, 50.75765], [-3.55681, 50.75795], [-3.55702, 50.75832], [-3.55643, 50.75889], [-3.55956, 50.75983], [-3.55874, 50.76183], [-3.55836, 50.76233], [-3.55111, 50.76524], [-3.55144, 50.7653], [-3.55061, 50.76638], [-3.55057, 50.76744], [-3.5514, 50.76867], [-3.55135, 50.76965], [-3.55211, 50.77119], [-3.54742, 50.77298], [-3.55009, 50.77456], [-3.55213, 50.77478], [-3.55373, 50.77449], [-3.55592, 50.77508], [-3.55722, 50.77498], [-3.55793, 50.77476], [-3.55853, 50.77361], [-3.55919, 50.77503], [-3.56335, 50.77501], [-3.56322, 50.77904], [-3.56412, 50.7794], [-3.56701, 50.77949], [-3.569, 50.78101], [-3.56918, 50.78415], [-3.57044, 50.78551], [-3.57074, 50.78704], [-3.57201, 50.78853], [-3.56153, 50.79099], [-3.55432, 50.79162], [-3.54752, 50.79128], [-3.54341, 50.79098], [-3.5432, 50.79023], [-3.54171, 50.7909], [-3.53676, 50.7916], [-3.53648, 50.79127], [-3.53394, 50.79087], [-3.52808, 50.78888], [-3.52471, 50.787], [-3.52379, 50.7892], [-3.52393, 50.79196], [-3.52476, 50.79368], [-3.52643, 50.79542], [-3.52668, 50.79753], [-3.52614, 50.79751], [-3.52595, 50.79541], [-3.52588, 50.79673], [-3.52533, 50.79731], [-3.52426, 50.79671], [-3.52391, 50.79693], [-3.52153, 50.79645], [-3.51988, 50.79674], [-3.51837, 50.79742], [-3.51782, 50.79898], [-3.51734, 50.79892], [-3.51678, 50.80001], [-3.51412, 50.80216], [-3.51247, 50.80469], [-3.51147, 50.80454], [-3.511, 50.80502], [-3.51245, 50.80785], [-3.51207, 50.81098], [-3.50984, 50.81146], [-3.50932, 50.81125], [-3.50945, 50.81164], [-3.50771, 50.81222], [-3.50785, 50.81382], [-3.505, 50.81439], [-3.50505, 50.81508], [-3.50573, 50.81555], [-3.50729, 50.81528], [-3.50914, 50.8158], [-3.51004, 50.81662], [-3.51064, 50.81631], [-3.50971, 50.8174], [-3.51004, 50.81938], [-3.50966, 50.82045], [-3.50851, 50.82067], [-3.50753, 50.82031], [-3.50656, 50.82055], [-3.50527, 50.82175], [-3.50642, 50.82187], [-3.50716, 50.82236], [-3.50695, 50.82405], [-3.50808, 50.82514], [-3.5074, 50.82728], [-3.50606, 50.82675], [-3.50541, 50.82563], [-3.49947, 50.82511], [-3.49902, 50.82141], [-3.49759, 50.81777], [-3.49843, 50.8168], [-3.49675, 50.81696], [-3.49716, 50.81229], [-3.4986, 50.80882], [-3.50019, 50.80595], [-3.50266, 50.80393], [-3.50224, 50.80104], [-3.50252, 50.79905], [-3.4995, 50.79919], [-3.49893, 50.79895], [-3.49865, 50.7993], [-3.49395, 50.79942], [-3.49028, 50.79996], [-3.48075, 50.79937], [-3.48075, 50.79844], [-3.47919, 50.79683], [-3.47771, 50.79637], [-3.47794, 50.79564], [-3.47912, 50.79511], [-3.47945, 50.79529], [-3.4801, 50.79447], [-3.48202, 50.79447], [-3.48319, 50.79413], [-3.48351, 50.79384], [-3.4833, 50.79199], [-3.48174, 50.79267], [-3.48035, 50.79247], [-3.47942, 50.793], [-3.47819, 50.79268], [-3.47736, 50.79402], [-3.4767, 50.79395], [-3.4763, 50.79497], [-3.47264, 50.79714], [-3.47196, 50.79711], [-3.47012, 50.79586], [-3.47011, 50.79487], [-3.46904, 50.79512], [-3.46973, 50.79552], [-3.46907, 50.79595], [-3.46786, 50.79555], [-3.46826, 50.79685], [-3.46708, 50.79738], [-3.46845, 50.79817], [-3.46815, 50.79847], [-3.46657, 50.79874], [-3.46592, 50.79938], [-3.46647, 50.80035], [-3.46611, 50.80088], [-3.46414, 50.80098], [-3.46306, 50.80228], [-3.46075, 50.80334], [-3.46012, 50.80316], [-3.45857, 50.80335], [-3.45808, 50.80316], [-3.45818, 50.80268], [-3.45749, 50.80253], [-3.45693, 50.80287], [-3.45604, 50.80167], [-3.45454, 50.80054], [-3.45357, 50.80018], [-3.45195, 50.80013], [-3.45115, 50.79966], [-3.44954, 50.79995], [-3.44642, 50.79977], [-3.44588, 50.80018], [-3.44326, 50.80035], [-3.443, 50.80083], [-3.44406, 50.80055], [-3.44423, 50.80117], [-3.44137, 50.80259], [-3.44088, 50.80199], [-3.4401, 50.80233], [-3.44024, 50.80295], [-3.43973, 50.8032], [-3.43956, 50.80428], [-3.4398, 50.80486], [-3.43923, 50.80524], [-3.4395, 50.80602], [-3.43801, 50.80655], [-3.43756, 50.80706], [-3.43763, 50.80804], [-3.43604, 50.80808], [-3.43447, 50.80945], [-3.43351, 50.80931], [-3.43199, 50.81077], [-3.42975, 50.81204], [-3.42787, 50.81159], [-3.42603, 50.8124], [-3.42567, 50.81189], [-3.42428, 50.81156], [-3.42358, 50.812], [-3.42265, 50.81152], [-3.41986, 50.81147], [-3.41893, 50.81105], [-3.4179, 50.81047], [-3.41666, 50.80847], [-3.41384, 50.80688], [-3.41347, 50.80701], [-3.41233, 50.80668], [-3.41067, 50.80541], [-3.41208, 50.80497], [-3.41047, 50.80461], [-3.40587, 50.80505], [-3.40199, 50.80653], [-3.3992, 50.80664], [-3.39714, 50.80739], [-3.39492, 50.80779], [-3.39125, 50.80793], [-3.38872, 50.80879], [-3.38718, 50.80877], [-3.38386, 50.81022], [-3.38087, 50.81074], [-3.38047, 50.81019], [-3.3791, 50.80977], [-3.37892, 50.81029], [-3.37654, 50.81014], [-3.37315, 50.81098], [-3.36831, 50.81087], [-3.36685, 50.81222], [-3.36303, 50.81165], [-3.36254, 50.81214], [-3.36126, 50.81239], [-3.36107, 50.81196], [-3.35996, 50.81188], [-3.35991, 50.81484], [-3.36175, 50.82099], [-3.36699, 50.82053], [-3.368, 50.82356], [-3.36747, 50.82723], [-3.36762, 50.82953], [-3.36675, 50.82932], [-3.36402, 50.83254], [-3.36236, 50.83178], [-3.3559, 50.8339], [-3.35541, 50.83149], [-3.35701, 50.8269], [-3.35384, 50.82645], [-3.3509, 50.82729], [-3.34357, 50.82583], [-3.34226, 50.82773], [-3.34123, 50.82838], [-3.34281, 50.83043], [-3.34285, 50.831], [-3.34484, 50.83089], [-3.34487, 50.83123], [-3.3436, 50.83244], [-3.34347, 50.83308], [-3.34175, 50.83413], [-3.34071, 50.83541], [-3.34226, 50.83628], [-3.34259, 50.83738], [-3.34165, 50.84051], [-3.34293, 50.84304], [-3.34478, 50.84166], [-3.34648, 50.84324], [-3.34848, 50.84424], [-3.34879, 50.84465], [-3.34837, 50.84577], [-3.34817, 50.84674], [-3.34298, 50.84621], [-3.34339, 50.84757], [-3.33937, 50.84965], [-3.3325, 50.85202], [-3.33136, 50.85208], [-3.33075, 50.85165], [-3.32969, 50.85167], [-3.32943, 50.85192], [-3.33009, 50.8527], [-3.33107, 50.85608], [-3.32827, 50.85679], [-3.3283, 50.85703], [-3.32534, 50.85698], [-3.32156, 50.85752], [-3.31924, 50.85695], [-3.3194, 50.85605], [-3.31855, 50.85478], [-3.31204, 50.8555], [-3.30612, 50.85443], [-3.29761, 50.85471], [-3.29321, 50.85415], [-3.29168, 50.85443], [-3.28938, 50.85393], [-3.28411, 50.85471], [-3.28128, 50.85581], [-3.27697, 50.85805], [-3.27587, 50.85909], [-3.27645, 50.8597], [-3.2794, 50.86107], [-3.28321, 50.86348], [-3.28268, 50.8663], [-3.27803, 50.86786], [-3.27485, 50.86818], [-3.26871, 50.87047], [-3.26538, 50.872], [-3.2625, 50.87392], [-3.25902, 50.877], [-3.25674, 50.87815], [-3.25414, 50.87862], [-3.2532, 50.87908], [-3.25295, 50.87979], [-3.25353, 50.88042], [-3.25278, 50.88119], [-3.25181, 50.88396], [-3.24916, 50.88639], [-3.24717, 50.88755], [-3.24587, 50.88722], [-3.24422, 50.88737], [-3.24312, 50.8886], [-3.24365, 50.88946], [-3.2388, 50.89037], [-3.23484, 50.8929], [-3.23403, 50.89431], [-3.23304, 50.89505], [-3.23144, 50.89502], [-3.23037, 50.89436], [-3.22864, 50.89404], [-3.22703, 50.89474], [-3.22596, 50.89465], [-3.22191, 50.89399], [-3.22055, 50.89334], [-3.21759, 50.89289], [-3.21806, 50.88938], [-3.21869, 50.88815], [-3.2183, 50.8876], [-3.21582, 50.88759], [-3.21563, 50.88682], [-3.21821, 50.88637], [-3.21808, 50.88474], [-3.21607, 50.88283], [-3.2153, 50.88258], [-3.21409, 50.88079], [-3.21278, 50.87985], [-3.21198, 50.87966], [-3.21108, 50.87864], [-3.20864, 50.87751], [-3.20865, 50.87726], [-3.20723, 50.87708], [-3.20511, 50.87759], [-3.20168, 50.87764], [-3.20098, 50.87814], [-3.19833, 50.87748], [-3.19686, 50.87799], [-3.1896, 50.87876], [-3.18753, 50.8787], [-3.18769, 50.87736], [-3.18215, 50.87643], [-3.18121, 50.87711], [-3.17811, 50.87824], [-3.17616, 50.87708], [-3.17056, 50.87884], [-3.16846, 50.88012], [-3.16667, 50.88043], [-3.16583, 50.8814], [-3.16365, 50.8823], [-3.16525, 50.88425], [-3.15128, 50.88648], [-3.14243, 50.88925], [-3.14419, 50.8914], [-3.14324, 50.89177], [-3.14183, 50.8917], [-3.14156, 50.89233], [-3.14014, 50.89207], [-3.13963, 50.89146], [-3.13513, 50.89511], [-3.1311, 50.89725], [-3.12634, 50.90172], [-3.12326, 50.89945], [-3.12208, 50.89816], [-3.11829, 50.89936], [-3.11587, 50.9008], [-3.11205, 50.9024], [-3.11057, 50.90267], [-3.10959, 50.90244], [-3.107, 50.90285], [-3.10357, 50.90411], [-3.10147, 50.90407], [-3.09948, 50.90465], [-3.09545, 50.90493], [-3.08985, 50.90611], [-3.08789, 50.90625], [-3.08055, 50.90543], [-3.07809, 50.90543], [-3.06007, 50.90846], [-3.0572, 50.90842], [-3.05621, 50.90804], [-3.05311, 50.90874], [-3.0524, 50.90827]]]]}}, {"type": "Feature", "properties": {"name": "Exeter"}, "geometry": {"type": "MultiPolygon", "coordinates": [[[[-3.45584, 50.68229], [-3.45612, 50.68221], [-3.45619, 50.68224], [-3.45584, 50.68229]]], [[[-3.45683, 50.68289], [-3.45644, 50.68234], [-3.45662, 50.6824], [-3.45683, 50.68289]]], [[[-3.45866, 50.68468], [-3.45844, 50.68453], [-3.45863, 50.68463], [-3.45866, 50.68468]]], [[[-3.46016, 50.69017], [-3.45981, 50.68998], [-3.46014, 50.69008], [-3.46016, 50.69017]]], [[[-3.46031, 50.69136], [-3.46027, 50.69079], [-3.46037, 50.69132], [-3.46031, 50.69136]]], [[[-3.46077, 50.69341], [-3.46047, 50.69325], [-3.46076, 50.69336], [-3.46077, 50.69341]]], [[[-3.46089, 50.6952], [-3.46109, 50.6949], [-3.46108, 50.69505], [-3.46089, 50.6952]]], [[[-3.49382, 50.6947], [-3.49365, 50.69441], [-3.49357, 50.69443], [-3.49175, 50.69374], [-3.49424, 50.69362], [-3.49662, 50.69407], [-3.49905, 50.6963], [-3.49905, 50.69631], [-3.49965, 50.69709], [-3.49841, 50.69667], [-3.49834, 50.69664], [-3.49516, 50.69488], [-3.49382, 50.6947]]], [[[-3.50686, 50.75866], [-3.50525, 50.75718], [-3.50461, 50.75733], [-3.50278, 50.75577], [-3.50275, 50.75527], [-3.49897, 50.75431], [-3.4969, 50.7544], [-3.49296, 50.75404], [-3.48969, 50.75294], [-3.48822, 50.75214], [-3.48585, 50.75082], [-3.48407, 50.7499], [-3.48102, 50.74699], [-3.47873, 50.74683], [-3.47542, 50.74591], [-3.47498, 50.74628], [-3.46971, 50.74538], [-3.46751, 50.7443], [-3.46659, 50.74432], [-3.4651, 50.74495], [-3.46547, 50.74379], [-3.46493, 50.74335], [-3.466, 50.74207], [-3.46257, 50.7393], [-3.46043, 50.7392], [-3.4621, 50.73411], [-3.46244, 50.72882], [-3.46243, 50.72864], [-3.46226, 50.717], [-3.46366, 50.71258], [-3.4681, 50.70577], [-3.47142, 50.69881], [-3.47088, 50.69777], [-3.46826, 50.69873], [-3.46798, 50.69778], [-3.46611, 50.69549], [-3.46352, 50.69613], [-3.46299, 50.69533], [-3.46097, 50.69568], [-3.46089, 50.69562], [-3.46123, 50.69502], [-3.46136, 50.69433], [-3.46129, 50.69369], [-3.46081, 50.69322], [-3.45998, 50.69299], [-3.45953, 50.69276], [-3.45912, 50.69246], [-3.45925, 50.69236], [-3.46053, 50.6915], [-3.46034, 50.6901], [-3.45886, 50.68941], [-3.45841, 50.68864], [-3.45882, 50.68851], [-3.45852, 50.68839], [-3.45881, 50.68785], [-3.45946, 50.68689], [-3.45956, 50.68486], [-3.45753, 50.68378], [-3.45666, 50.68204], [-3.45498, 50.68226], [-3.4551, 50.68328], [-3.45439, 50.68376], [-3.45242, 50.68341], [-3.45152, 50.68265], [-3.45177, 50.68053], [-3.45295, 50.67848], [-3.45577, 50.67561], [-3.45536, 50.67518], [-3.45586, 50.67548], [-3.45637, 50.67494], [-3.45899, 50.6754], [-3.46132, 50.67707], [-3.46198, 50.67728], [-3.46245, 50.67706], [-3.46291, 50.6775], [-3.46247, 50.67761], [-3.46253, 50.67796], [-3.46334, 50.67796], [-3.46349, 50.67822], [-3.46366, 50.67867], [-3.46304, 50.67903], [-3.4638, 50.67947], [-3.46396, 50.68032], [-3.46473, 50.68022], [-3.46549, 50.68116], [-3.46491, 50.68156], [-3.46586, 50.68163], [-3.46625, 50.68252], [-3.46659, 50.68274], [-3.46696, 50.68254], [-3.46779, 50.68355], [-3.46839, 50.68378], [-3.46881, 50.6836], [-3.47196, 50.68496], [-3.47315, 50.68735], [-3.47518, 50.6881], [-3.47947, 50.69054], [-3.481, 50.69101], [-3.48257, 50.69129], [-3.48434, 50.69044], [-3.48598, 50.69044], [-3.48705, 50.69102], [-3.48774, 50.69219], [-3.48886, 50.69299], [-3.49402, 50.69498], [-3.49514, 50.69502], [-3.49733, 50.69639], [-3.49794, 50.69664], [-3.49825, 50.69676], [-3.50046, 50.6976], [-3.50112, 50.69832], [-3.50129, 50.69964], [-3.50441, 50.70269], [-3.50471, 50.70249], [-3.50317, 50.70137], [-3.50418, 50.70126], [-3.50489, 50.70075], [-3.50542, 50.70097], [-3.50599, 50.7008], [-3.50611, 50.70099], [-3.50642, 50.70109], [-3.50692, 50.70114], [-3.50718, 50.70124], [-3.50676, 50.70191], [-3.50732, 50.70123], [-3.50714, 50.70113], [-3.50629, 50.70099], [-3.50607, 50.70077], [-3.50583, 50.70074], [-3.50541, 50.70094], [-3.5049, 50.70069], [-3.50413, 50.70123], [-3.50323, 50.70128], [-3.50222, 50.70007], [-3.50276, 50.70025], [-3.50263, 50.69984], [-3.50737, 50.69965], [-3.50923, 50.70021], [-3.51046, 50.70136], [-3.51087, 50.70125], [-3.5111, 50.70111], [-3.51016, 50.70038], [-3.5083, 50.6995], [-3.50723, 50.69949], [-3.50706, 50.69949], [-3.50197, 50.69941], [-3.50167, 50.69821], [-3.50064, 50.69686], [-3.49982, 50.69588], [-3.49981, 50.69588], [-3.49922, 50.69531], [-3.4994, 50.69524], [-3.49947, 50.69517], [-3.49954, 50.69503], [-3.49966, 50.69499], [-3.50001, 50.69507], [-3.50049, 50.69527], [-3.50036, 50.6952], [-3.50007, 50.69508], [-3.49991, 50.69502], [-3.49979, 50.69498], [-3.49968, 50.69497], [-3.49956, 50.69499], [-3.49949, 50.69504], [-3.49941, 50.69519], [-3.49916, 50.69525], [-3.49766, 50.69398], [-3.49564, 50.69331], [-3.49063, 50.69317], [-3.48897, 50.69224], [-3.48787, 50.69079], [-3.48652, 50.68996], [-3.48516, 50.68978], [-3.48245, 50.68997], [-3.48106, 50.68957], [-3.4818, 50.68947], [-3.48322, 50.68861], [-3.4805, 50.68721], [-3.47695, 50.68408], [-3.47542, 50.68348], [-3.47108, 50.68293], [-3.47156, 50.68268], [-3.47096, 50.68278], [-3.46983, 50.68225], [-3.47047, 50.68185], [-3.47693, 50.68333], [-3.47962, 50.68532], [-3.48046, 50.68529], [-3.48081, 50.68604], [-3.48234, 50.68659], [-3.48254, 50.68779], [-3.48389, 50.68823], [-3.48782, 50.68888], [-3.49024, 50.68827], [-3.49273, 50.68861], [-3.49276, 50.68889], [-3.4948, 50.68985], [-3.49389, 50.69044], [-3.4936, 50.69114], [-3.49363, 50.69201], [-3.49435, 50.69274], [-3.49603, 50.69296], [-3.49958, 50.69419], [-3.50177, 50.69432], [-3.50326, 50.69242], [-3.50365, 50.69262], [-3.50541, 50.69142], [-3.50678, 50.69112], [-3.51087, 50.69223], [-3.51775, 50.69249], [-3.51878, 50.69303], [-3.5209, 50.69253], [-3.52282, 50.69258], [-3.52509, 50.69366], [-3.52683, 50.69532], [-3.52939, 50.69282], [-3.53371, 50.69273], [-3.53814, 50.69341], [-3.53909, 50.69292], [-3.543, 50.69941], [-3.54548, 50.70191], [-3.54767, 50.70324], [-3.5507, 50.70444], [-3.56005, 50.70615], [-3.56274, 50.7069], [-3.56299, 50.70904], [-3.56511, 50.71059], [-3.56487, 50.71086], [-3.5662, 50.71122], [-3.56689, 50.71418], [-3.5687, 50.71461], [-3.56868, 50.71511], [-3.56823, 50.71525], [-3.56702, 50.71535], [-3.56623, 50.71507], [-3.56575, 50.71541], [-3.56557, 50.71671], [-3.56463, 50.71785], [-3.56478, 50.71999], [-3.56513, 50.7201], [-3.56543, 50.72224], [-3.56608, 50.7231], [-3.56573, 50.72379], [-3.56668, 50.72446], [-3.56785, 50.72617], [-3.56841, 50.72623], [-3.57013, 50.72783], [-3.56689, 50.72744], [-3.5677, 50.72834], [-3.56622, 50.72912], [-3.56573, 50.72925], [-3.5632, 50.72872], [-3.56187, 50.72963], [-3.56079, 50.72974], [-3.56058, 50.73006], [-3.56173, 50.73199], [-3.56272, 50.73228], [-3.56305, 50.73336], [-3.56388, 50.7337], [-3.56447, 50.73556], [-3.56737, 50.73736], [-3.56601, 50.73962], [-3.56471, 50.73998], [-3.56665, 50.74065], [-3.56903, 50.74094], [-3.56966, 50.745], [-3.56754, 50.74553], [-3.56472, 50.7454], [-3.55997, 50.74469], [-3.55593, 50.74484], [-3.55296, 50.74546], [-3.55203, 50.74513], [-3.55164, 50.74764], [-3.55034, 50.74879], [-3.54907, 50.74821], [-3.54821, 50.7473], [-3.54746, 50.74898], [-3.54407, 50.75092], [-3.5421, 50.75179], [-3.53737, 50.75313], [-3.53613, 50.75419], [-3.53495, 50.75595], [-3.53054, 50.75697], [-3.52905, 50.75656], [-3.52884, 50.75547], [-3.52723, 50.75516], [-3.52622, 50.7553], [-3.52635, 50.75766], [-3.52587, 50.7583], [-3.52542, 50.75837], [-3.52407, 50.75766], [-3.52249, 50.75756], [-3.51548, 50.75919], [-3.51465, 50.75955], [-3.51393, 50.76079], [-3.51274, 50.76146], [-3.51228, 50.7611], [-3.50742, 50.76061], [-3.50686, 50.75866]]]]}}, {"type": "Feature", "properties": {"name": "Mid Devon"}, "geometry": {"type": "Polygon", "coordinates": [[[-3.46853, 51.02805], [-3.46369, 51.02526], [-3.46184, 51.02556], [-3.45975, 51.02525], [-3.45431, 51.0267], [-3.45049, 51.02559], [-3.44722, 51.02573], [-3.44644, 51.02586], [-3.44641, 51.02742], [-3.44545, 51.02807], [-3.44023, 51.02913], [-3.43678, 51.03026], [-3.43085, 51.03092], [-3.42927, 51.03064], [-3.42682, 51.03141], [-3.42539, 51.03148], [-3.42426, 51.03102], [-3.4213, 51.03078], [-3.41875, 51.02963], [-3.41782, 51.02868], [-3.4157, 51.02784], [-3.41506, 51.0272], [-3.41562, 51.02565], [-3.41536, 51.02526], [-3.416, 51.02448], [-3.41577, 51.02362], [-3.41296, 51.02138], [-3.41417, 51.0197], [-3.40753, 51.01952], [-3.40293, 51.02012], [-3.39978, 51.01973], [-3.3899, 51.01978], [-3.38049, 51.01849], [-3.37908, 51.01659], [-3.3789, 51.01561], [-3.38085, 51.01339], [-3.38014, 51.01156], [-3.38049, 51.00814], [-3.38019, 51.00703], [-3.38087, 51.0067], [-3.38241, 51.00454], [-3.38142, 50.99921], [-3.38191, 50.99825], [-3.38168, 50.99704], [-3.3821, 50.99592], [-3.38343, 50.99454], [-3.38266, 50.99187], [-3.38307, 50.99103], [-3.383, 50.98928], [-3.3813, 50.98679], [-3.38047, 50.98431], [-3.38047, 50.98254], [-3.37923, 50.98058], [-3.37866, 50.97751], [-3.37245, 50.97728], [-3.36916, 50.97858], [-3.36617, 50.97895], [-3.36464, 50.97883], [-3.36227, 50.97813], [-3.35982, 50.9781], [-3.3553, 50.97932], [-3.35154, 50.97976], [-3.35076, 50.98012], [-3.33941, 50.98111], [-3.33522, 50.98278], [-3.33367, 50.98279], [-3.33134, 50.98179], [-3.33083, 50.9811], [-3.32784, 50.97985], [-3.32715, 50.97913], [-3.32588, 50.97909], [-3.32318, 50.97753], [-3.32291, 50.97717], [-3.32367, 50.97687], [-3.32244, 50.97639], [-3.32331, 50.97614], [-3.32284, 50.97561], [-3.32356, 50.97498], [-3.32346, 50.97448], [-3.32137, 50.97277], [-3.32041, 50.97242], [-3.32031, 50.971], [-3.31987, 50.97055], [-3.31894, 50.97074], [-3.31767, 50.97037], [-3.31737, 50.97117], [-3.31576, 50.96964], [-3.31215, 50.9675], [-3.30547, 50.96496], [-3.30182, 50.96306], [-3.30028, 50.96176], [-3.30156, 50.96058], [-3.30009, 50.9587], [-3.29826, 50.95853], [-3.29828, 50.95813], [-3.29563, 50.95665], [-3.29385, 50.95514], [-3.29246, 50.9549], [-3.29007, 50.95512], [-3.28441, 50.95376], [-3.2765, 50.95087], [-3.2725, 50.94902], [-3.2643, 50.94658], [-3.26189, 50.94406], [-3.25698, 50.94349], [-3.25613, 50.94318], [-3.25483, 50.94185], [-3.24433, 50.94297], [-3.24026, 50.9429], [-3.23251, 50.94415], [-3.22807, 50.94382], [-3.2263, 50.94399], [-3.21835, 50.94328], [-3.19578, 50.94751], [-3.18892, 50.94856], [-3.18454, 50.94867], [-3.17183, 50.94741], [-3.16648, 50.94771], [-3.16537, 50.94651], [-3.16395, 50.94597], [-3.16523, 50.94414], [-3.17021, 50.93976], [-3.17132, 50.93685], [-3.17246, 50.93578], [-3.17307, 50.93153], [-3.17356, 50.93066], [-3.17287, 50.92864], [-3.17348, 50.92692], [-3.17244, 50.92564], [-3.17527, 50.92457], [-3.17622, 50.92387], [-3.17755, 50.92389], [-3.17765, 50.92364], [-3.17853, 50.92365], [-3.1803, 50.92293], [-3.17985, 50.92137], [-3.17929, 50.92117], [-3.17917, 50.92009], [-3.17996, 50.91954], [-3.18023, 50.91875], [-3.18288, 50.91663], [-3.1843, 50.91447], [-3.18624, 50.9131], [-3.18796, 50.91034], [-3.18046, 50.90847], [-3.17753, 50.90818], [-3.17583, 50.90765], [-3.17274, 50.90789], [-3.17056, 50.90759], [-3.17148, 50.90599], [-3.17186, 50.90277], [-3.1704, 50.90037], [-3.16776, 50.90082], [-3.16389, 50.90065], [-3.16295, 50.90093], [-3.1599, 50.90065], [-3.15937, 50.90081], [-3.15616, 50.90008], [-3.15413, 50.89802], [-3.15392, 50.89527], [-3.15288, 50.89383], [-3.14792, 50.89175], [-3.14419, 50.8914], [-3.14243, 50.88925], [-3.15128, 50.88648], [-3.16525, 50.88425], [-3.16365, 50.8823], [-3.16583, 50.8814], [-3.16667, 50.88043], [-3.16846, 50.88012], [-3.17056, 50.87884], [-3.17616, 50.87708], [-3.17811, 50.87824], [-3.18121, 50.87711], [-3.18215, 50.87643], [-3.18769, 50.87736], [-3.18753, 50.8787], [-3.1896, 50.87876], [-3.19686, 50.87799], [-3.19833, 50.87748], [-3.20098, 50.87814], [-3.20168, 50.87764], [-3.20511, 50.87759], [-3.20723, 50.87708], [-3.20865, 50.87726], [-3.20864, 50.87751], [-3.21108, 50.87864], [-3.21198, 50.87966], [-3.21278, 50.87985], [-3.21409, 50.88079], [-3.2153, 50.88258], [-3.21607, 50.88283], [-3.21808, 50.88474], [-3.21821, 50.88637], [-3.21563, 50.88682], [-3.21582, 50.88759], [-3.2183, 50.8876], [-3.21869, 50.88815], [-3.21806, 50.88938], [-3.21759, 50.89289], [-3.22055, 50.89334], [-3.22191, 50.89399], [-3.22596, 50.89465], [-3.22703, 50.89474], [-3.22864, 50.89404], [-3.23037, 50.89436], [-3.23144, 50.89502], [-3.23304, 50.89505], [-3.23403, 50.89431], [-3.23484, 50.8929], [-3.2388, 50.89037], [-3.24365, 50.88946], [-3.24312, 50.8886], [-3.24422, 50.88737], [-3.24587, 50.88722], [-3.24717, 50.88755], [-3.24916, 50.88639], [-3.25181, 50.88396], [-3.25278, 50.88119], [-3.25353, 50.88042], [-3.25295, 50.87979], [-3.2532, 50.87908], [-3.25414, 50.87862], [-3.25674, 50.87815], [-3.25902, 50.877], [-3.2625, 50.87392], [-3.26538, 50.872], [-3.26871, 50.87047], [-3.27485, 50.86818], [-3.27803, 50.86786], [-3.28268, 50.8663], [-3.28321, 50.86348], [-3.2794, 50.86107], [-3.27645, 50.8597], [-3.27587, 50.85909], [-3.27697, 50.85805], [-3.28128, 50.85581], [-3.28411, 50.85471], [-3.28938, 50.85393], [-3.29168, 50.85443], [-3.29321, 50.85415], [-3.29761, 50.85471], [-3.30612, 50.85443], [-3.31204, 50.8555], [-3.31855, 50.85478], [-3.3194, 50.85605], [-3.31924, 50.85695], [-3.32156, 50.85752], [-3.32534, 50.85698], [-3.3283, 50.85703], [-3.32827, 50.85679], [-3.33107, 50.85608], [-3.33009, 50.8527], [-3.32943, 50.85192], [-3.32969, 50.85167], [-3.33075, 50.85165], [-3.33136, 50.85208], [-3.3325, 50.85202], [-3.33937, 50.84965], [-3.34339, 50.84757], [-3.34298, 50.84621], [-3.34817, 50.84674], [-3.34837, 50.84577], [-3.34879, 50.84465], [-3.34848, 50.84424], [-3.34648, 50.84324], [-3.34478, 50.84166], [-3.34293, 50.84304], [-3.34165, 50.84051], [-3.34259, 50.83738], [-3.34226, 50.83628], [-3.34071, 50.83541], [-3.34175, 50.83413], [-3.34347, 50.83308], [-3.3436, 50.83244], [-3.34487, 50.83123], [-3.34484, 50.83089], [-3.34285, 50.831], [-3.34281, 50.83043], [-3.34123, 50.82838], [-3.34226, 50.82773], [-3.34357, 50.82583], [-3.3509, 50.82729], [-3.35384, 50.82645], [-3.35701, 50.8269], [-3.35541, 50.83149], [-3.3559, 50.8339], [-3.36236, 50.83178], [-3.36402, 50.83254], [-3.36675, 50.82932], [-3.36762, 50.82953], [-3.36747, 50.82723], [-3.368, 50.82356], [-3.36699, 50.82053], [-3.36175, 50.82099], [-3.35991, 50.81484], [-3.35996, 50.81188], [-3.36107, 50.81196], [-3.36126, 50.81239], [-3.36254, 50.81214], [-3.36303, 50.81165], [-3.36685, 50.81222], [-3.36831, 50.81087], [-3.37315, 50.81098], [-3.37654, 50.81014], [-3.37892, 50.81029], [-3.3791, 50.80977], [-3.38047, 50.81019], [-3.38087, 50.81074], [-3.38386, 50.81022], [-3.38718, 50.80877], [-3.38872, 50.80879], [-3.39125, 50.80793], [-3.39492, 50.80779], [-3.39714, 50.80739], [-3.3992, 50.80664], [-3.40199, 50.80653], [-3.40587, 50.80505], [-3.41047, 50.80461], [-3.41208, 50.80497], [-3.41067, 50.80541], [-3.41233, 50.80668], [-3.41347, 50.80701], [-3.41384, 50.80688], [-3.41666, 50.80847], [-3.4179, 50.81047], [-3.41893, 50.81105], [-3.41986, 50.81147], [-3.42265, 50.81152], [-3.42358, 50.812], [-3.42428, 50.81156], [-3.42567, 50.81189], [-3.42603, 50.8124], [-3.42787, 50.81159], [-3.42975, 50.81204], [-3.43199, 50.81077], [-3.43351, 50.80931], [-3.43447, 50.80945], [-3.43604, 50.80808], [-3.43763, 50.80804], [-3.43756, 50.80706], [-3.43801, 50.80655], [-3.4395, 50.80602], [-3.43923, 50.80524], [-3.4398, 50.80486], [-3.43956, 50.80428], [-3.43973, 50.8032], [-3.44024, 50.80295], [-3.4401, 50.80233], [-3.44088, 50.80199], [-3.44137, 50.80259], [-3.44423, 50.80117], [-3.44406, 50.80055], [-3.443, 50.80083], [-3.44326, 50.80035], [-3.44588, 50.80018], [-3.44642, 50.79977], [-3.44954, 50.79995], [-3.45115, 50.79966], [-3.45195, 50.80013], [-3.45357, 50.80018], [-3.45454, 50.80054], [-3.45604, 50.80167], [-3.45693, 50.80287], [-3.45749, 50.80253], [-3.45818, 50.80268], [-3.45808, 50.80316], [-3.45857, 50.80335], [-3.46012, 50.80316], [-3.46075, 50.80334], [-3.46306, 50.80228], [-3.46414, 50.80098], [-3.46611, 50.80088], [-3.46647, 50.80035], [-3.46592, 50.79938], [-3.46657, 50.79874], [-3.46815, 50.79847], [-3.46845, 50.79817], [-3.46708, 50.79738], [-3.46826, 50.79685], [-3.46786, 50.79555], [-3.46907, 50.79595], [-3.46973, 50.79552], [-3.46904, 50.79512], [-3.47011, 50.79487], [-3.47012, 50.79586], [-3.47196, 50.79711], [-3.47264, 50.79714], [-3.4763, 50.79497], [-3.4767, 50.79395], [-3.47736, 50.79402], [-3.47819, 50.79268], [-3.47942, 50.793], [-3.48035, 50.79247], [-3.48174, 50.79267], [-3.4833, 50.79199], [-3.48351, 50.79384], [-3.48319, 50.79413], [-3.48202, 50.79447], [-3.4801, 50.79447], [-3.47945, 50.79529], [-3.47912, 50.79511], [-3.47794, 50.79564], [-3.47771, 50.79637], [-3.47919, 50.79683], [-3.48075, 50.79844], [-3.48075, 50.79937], [-3.49028, 50.79996], [-3.49395, 50.79942], [-3.49865, 50.7993], [-3.49893, 50.79895], [-3.4995, 50.79919], [-3.50252, 50.79905], [-3.50224, 50.80104], [-3.50266, 50.80393], [-3.50019, 50.80595], [-3.4986, 50.80882], [-3.49716, 50.81229], [-3.49675, 50.81696], [-3.49843, 50.8168], [-3.49759, 50.81777], [-3.49902, 50.82141], [-3.49947, 50.82511], [-3.50541, 50.82563], [-3.50606, 50.82675], [-3.5074, 50.82728], [-3.50808, 50.82514], [-3.50695, 50.82405], [-3.50716, 50.82236], [-3.50642, 50.82187], [-3.50527, 50.82175], [-3.50656, 50.82055], [-3.50753, 50.82031], [-3.50851, 50.82067], [-3.50966, 50.82045], [-3.51004, 50.81938], [-3.50971, 50.8174], [-3.51064, 50.81631], [-3.51004, 50.81662], [-3.50914, 50.8158], [-3.50729, 50.81528], [-3.50573, 50.81555], [-3.50505, 50.81508], [-3.505, 50.81439], [-3.50785, 50.81382], [-3.50771, 50.81222], [-3.50945, 50.81164], [-3.50932, 50.81125], [-3.50984, 50.81146], [-3.51207, 50.81098], [-3.51245, 50.80785], [-3.511, 50.80502], [-3.51147, 50.80454], [-3.51247, 50.80469], [-3.51412, 50.80216], [-3.51678, 50.80001], [-3.51734, 50.79892], [-3.51782, 50.79898], [-3.51837, 50.79742], [-3.51988, 50.79674], [-3.52153, 50.79645], [-3.52391, 50.79693], [-3.52426, 50.79671], [-3.52533, 50.79731], [-3.52588, 50.79673], [-3.52595, 50.79541], [-3.52614, 50.79751], [-3.52668, 50.79753], [-3.52643, 50.79542], [-3.52476, 50.79368], [-3.52393, 50.79196], [-3.52379, 50.7892], [-3.52471, 50.787], [-3.52808, 50.78888], [-3.53394, 50.79087], [-3.53648, 50.79127], [-3.53676, 50.7916], [-3.54171, 50.7909], [-3.5432, 50.79023], [-3.54341, 50.79098], [-3.54752, 50.79128], [-3.55432, 50.79162], [-3.56153, 50.79099], [-3.57201, 50.78853], [-3.57074, 50.78704], [-3.57044, 50.78551], [-3.56918, 50.78415], [-3.569, 50.78101], [-3.56701, 50.77949], [-3.56412, 50.7794], [-3.56322, 50.77904], [-3.56335, 50.77501], [-3.55919, 50.77503], [-3.55853, 50.77361], [-3.55793, 50.77476], [-3.55722, 50.77498], [-3.55592, 50.77508], [-3.55373, 50.77449], [-3.55213, 50.77478], [-3.55009, 50.77456], [-3.54742, 50.77298], [-3.55211, 50.77119], [-3.55135, 50.76965], [-3.5514, 50.76867], [-3.55057, 50.76744], [-3.55061, 50.76638], [-3.55144, 50.7653], [-3.55111, 50.76524], [-3.55836, 50.76233], [-3.55874, 50.76183], [-3.55956, 50.75983], [-3.55643, 50.75889], [-3.55702, 50.75832], [-3.55681, 50.75795], [-3.5596, 50.75765], [-3.56167, 50.75836], [-3.57054, 50.76024], [-3.57094, 50.75822], [-3.56939, 50.75572], [-3.57356, 50.75565], [-3.5763, 50.75507], [-3.57604, 50.75396], [-3.57388, 50.75265], [-3.57802, 50.74977], [-3.58047, 50.74714], [-3.58431, 50.74498], [-3.58552, 50.74387], [-3.58788, 50.74402], [-3.59215, 50.74329], [-3.59231, 50.74482], [-3.5919, 50.74499], [-3.5923, 50.7455], [-3.59318, 50.74645], [-3.59359, 50.7463], [-3.59527, 50.74757], [-3.596, 50.74773], [-3.5966, 50.74778], [-3.5967, 50.74686], [-3.59844, 50.74704], [-3.599, 50.74644], [-3.60114, 50.74631], [-3.602, 50.74596], [-3.60325, 50.74742], [-3.60623, 50.74883], [-3.60674, 50.75128], [-3.60766, 50.75275], [-3.6088, 50.75336], [-3.60885, 50.7542], [-3.61435, 50.75396], [-3.61574, 50.7523], [-3.61711, 50.75196], [-3.61839, 50.75108], [-3.61996, 50.75095], [-3.62016, 50.75215], [-3.62125, 50.75311], [-3.62188, 50.75561], [-3.62222, 50.75572], [-3.62318, 50.7555], [-3.62484, 50.75611], [-3.62737, 50.75618], [-3.63198, 50.75482], [-3.63469, 50.75507], [-3.63627, 50.75576], [-3.63972, 50.75526], [-3.64089, 50.75708], [-3.64066, 50.75826], [-3.6415, 50.75862], [-3.64401, 50.75736], [-3.64642, 50.75671], [-3.64807, 50.75689], [-3.65184, 50.75631], [-3.65342, 50.75634], [-3.65608, 50.7571], [-3.65604, 50.75744], [-3.65671, 50.7572], [-3.65882, 50.75748], [-3.65934, 50.75793], [-3.65913, 50.75814], [-3.66187, 50.75964], [-3.66599, 50.75991], [-3.66879, 50.76271], [-3.6703, 50.76307], [-3.67163, 50.76399], [-3.6722, 50.76381], [-3.67271, 50.76273], [-3.67314, 50.76259], [-3.67303, 50.76216], [-3.67391, 50.76179], [-3.67414, 50.76133], [-3.67366, 50.76089], [-3.67442, 50.76036], [-3.67477, 50.76044], [-3.67462, 50.75975], [-3.67514, 50.75971], [-3.67529, 50.75938], [-3.67445, 50.75899], [-3.67454, 50.75865], [-3.67502, 50.75855], [-3.67513, 50.75786], [-3.6758, 50.75778], [-3.67546, 50.75744], [-3.67616, 50.75738], [-3.6759, 50.75687], [-3.67663, 50.7568], [-3.67609, 50.75664], [-3.67617, 50.75638], [-3.67678, 50.75642], [-3.67657, 50.75598], [-3.67728, 50.75574], [-3.67742, 50.75542], [-3.6784, 50.7556], [-3.67865, 50.7553], [-3.67832, 50.75512], [-3.67957, 50.75427], [-3.67923, 50.75412], [-3.67936, 50.75345], [-3.67853, 50.75309], [-3.6782, 50.75233], [-3.67918, 50.75213], [-3.67899, 50.75093], [-3.67944, 50.75052], [-3.68036, 50.75041], [-3.68025, 50.7499], [-3.68158, 50.75012], [-3.68277, 50.75156], [-3.68769, 50.75248], [-3.68899, 50.75242], [-3.69185, 50.75377], [-3.69431, 50.75245], [-3.70193, 50.75085], [-3.70838, 50.74871], [-3.71006, 50.7427], [-3.71824, 50.73731], [-3.71966, 50.73464], [-3.72275, 50.7315], [-3.72334, 50.72815], [-3.72756, 50.72713], [-3.73423, 50.72379], [-3.73751, 50.72353], [-3.73499, 50.72172], [-3.73259, 50.71872], [-3.72747, 50.71731], [-3.72421, 50.71565], [-3.72924, 50.71447], [-3.73105, 50.71365], [-3.73324, 50.71142], [-3.73487, 50.70833], [-3.73391, 50.70652], [-3.73386, 50.70457], [-3.73559, 50.70318], [-3.73628, 50.7033], [-3.73646, 50.70386], [-3.73752, 50.70406], [-3.73772, 50.70446], [-3.73908, 50.70475], [-3.73991, 50.70552], [-3.74149, 50.70547], [-3.74332, 50.70597], [-3.7458, 50.70749], [-3.74777, 50.70786], [-3.74772, 50.70819], [-3.74835, 50.70804], [-3.75028, 50.70862], [-3.75075, 50.7092], [-3.75085, 50.7105], [-3.75226, 50.71181], [-3.75143, 50.71372], [-3.75158, 50.71463], [-3.75367, 50.71605], [-3.75533, 50.71788], [-3.75546, 50.71933], [-3.75501, 50.71995], [-3.75687, 50.72114], [-3.75697, 50.72267], [-3.75799, 50.72296], [-3.75927, 50.72399], [-3.76197, 50.72456], [-3.76421, 50.72598], [-3.76589, 50.72583], [-3.76626, 50.72756], [-3.78353, 50.72283], [-3.79348, 50.71907], [-3.79989, 50.71741], [-3.80381, 50.71683], [-3.80941, 50.71649], [-3.8186, 50.71696], [-3.81961, 50.71912], [-3.81988, 50.72101], [-3.82213, 50.72322], [-3.82143, 50.72436], [-3.82249, 50.72638], [-3.82545, 50.73028], [-3.82753, 50.7291], [-3.83184, 50.72784], [-3.83385, 50.73055], [-3.8363, 50.73217], [-3.83381, 50.73352], [-3.83215, 50.73403], [-3.83119, 50.73501], [-3.83063, 50.73503], [-3.82861, 50.73625], [-3.82732, 50.73866], [-3.82471, 50.74103], [-3.82507, 50.74117], [-3.8247, 50.74152], [-3.82498, 50.74218], [-3.82423, 50.74326], [-3.82457, 50.7439], [-3.82307, 50.74559], [-3.82286, 50.74774], [-3.82248, 50.748], [-3.82268, 50.74902], [-3.8222, 50.74968], [-3.82171, 50.74969], [-3.82141, 50.75016], [-3.82099, 50.75004], [-3.8212, 50.75028], [-3.82061, 50.75049], [-3.82071, 50.75105], [-3.81975, 50.75169], [-3.81915, 50.75306], [-3.81871, 50.75314], [-3.81887, 50.75393], [-3.81834, 50.75402], [-3.81857, 50.7544], [-3.81808, 50.75441], [-3.81831, 50.75487], [-3.81782, 50.75486], [-3.81807, 50.75508], [-3.81685, 50.75585], [-3.8169, 50.75635], [-3.81484, 50.75684], [-3.81446, 50.75746], [-3.81378, 50.75761], [-3.81407, 50.75791], [-3.81309, 50.75784], [-3.81276, 50.75818], [-3.81308, 50.75835], [-3.8123, 50.75825], [-3.81204, 50.75845], [-3.81245, 50.7586], [-3.812, 50.75857], [-3.81196, 50.75888], [-3.81096, 50.75894], [-3.81073, 50.75855], [-3.81003, 50.75886], [-3.80903, 50.75875], [-3.8083, 50.75921], [-3.80769, 50.75899], [-3.80766, 50.75921], [-3.80687, 50.75929], [-3.80673, 50.75895], [-3.80584, 50.75901], [-3.80623, 50.75972], [-3.80737, 50.76043], [-3.80738, 50.75998], [-3.81132, 50.76], [-3.81473, 50.76088], [-3.8145, 50.76123], [-3.81386, 50.76124], [-3.81304, 50.76226], [-3.81502, 50.76349], [-3.81609, 50.7638], [-3.81972, 50.76932], [-3.82061, 50.77168], [-3.82168, 50.77318], [-3.82259, 50.77371], [-3.82295, 50.7753], [-3.82513, 50.77692], [-3.82429, 50.77818], [-3.82236, 50.77928], [-3.8221, 50.77978], [-3.82258, 50.78039], [-3.82204, 50.781], [-3.82709, 50.78066], [-3.84525, 50.78128], [-3.84539, 50.78158], [-3.84376, 50.78209], [-3.84297, 50.78309], [-3.84256, 50.78298], [-3.84255, 50.78339], [-3.84151, 50.78381], [-3.84195, 50.78436], [-3.84148, 50.78469], [-3.84187, 50.78486], [-3.8412, 50.78635], [-3.84194, 50.78655], [-3.84128, 50.78684], [-3.84138, 50.78721], [-3.83986, 50.78756], [-3.83987, 50.78872], [-3.83865, 50.79029], [-3.83957, 50.79044], [-3.83921, 50.79116], [-3.83809, 50.79154], [-3.83779, 50.7921], [-3.83638, 50.79216], [-3.83641, 50.79275], [-3.8359, 50.79302], [-3.8362, 50.7939], [-3.837, 50.79375], [-3.83818, 50.79502], [-3.83728, 50.7952], [-3.83907, 50.79772], [-3.83981, 50.80031], [-3.84255, 50.80039], [-3.84335, 50.8076], [-3.84417, 50.80923], [-3.84419, 50.81219], [-3.8394, 50.81747], [-3.83899, 50.81813], [-3.83943, 50.81876], [-3.83988, 50.81849], [-3.84245, 50.81859], [-3.8457, 50.81793], [-3.8482, 50.81825], [-3.84887, 50.81785], [-3.84983, 50.81787], [-3.8519, 50.81729], [-3.85258, 50.81744], [-3.8535, 50.81918], [-3.85419, 50.81967], [-3.85988, 50.82128], [-3.86176, 50.82063], [-3.86661, 50.82074], [-3.87127, 50.81998], [-3.87434, 50.81916], [-3.87775, 50.81889], [-3.88154, 50.82154], [-3.88246, 50.82479], [-3.88145, 50.82491], [-3.88094, 50.82616], [-3.88344, 50.82598], [-3.88466, 50.82638], [-3.8901, 50.8292], [-3.89343, 50.83166], [-3.8958, 50.83184], [-3.89744, 50.83353], [-3.89962, 50.83455], [-3.89762, 50.83517], [-3.89755, 50.83553], [-3.89646, 50.83595], [-3.89638, 50.83646], [-3.89705, 50.83668], [-3.89593, 50.83726], [-3.89648, 50.83793], [-3.89591, 50.83869], [-3.89229, 50.84011], [-3.89186, 50.84065], [-3.88912, 50.84094], [-3.88807, 50.84229], [-3.88689, 50.84265], [-3.88641, 50.84357], [-3.88509, 50.84456], [-3.8856, 50.84515], [-3.885, 50.84551], [-3.88584, 50.84551], [-3.88619, 50.84589], [-3.88387, 50.84749], [-3.8843, 50.84817], [-3.88548, 50.84747], [-3.88964, 50.84651], [-3.89031, 50.84659], [-3.89064, 50.84697], [-3.89103, 50.84666], [-3.89177, 50.84693], [-3.89308, 50.84659], [-3.89333, 50.84717], [-3.89402, 50.8475], [-3.89636, 50.84766], [-3.89657, 50.84788], [-3.89954, 50.84752], [-3.89971, 50.84785], [-3.90074, 50.8477], [-3.90144, 50.84811], [-3.90354, 50.84794], [-3.90387, 50.85174], [-3.90491, 50.85311], [-3.90449, 50.8545], [-3.90483, 50.85574], [-3.90642, 50.85806], [-3.90706, 50.85872], [-3.90762, 50.8587], [-3.9092, 50.86049], [-3.91902, 50.86283], [-3.92121, 50.86599], [-3.92274, 50.8668], [-3.92357, 50.86663], [-3.9247, 50.86783], [-3.92508, 50.86773], [-3.92593, 50.8696], [-3.91755, 50.87179], [-3.91168, 50.8737], [-3.90742, 50.87351], [-3.90661, 50.87405], [-3.90414, 50.87479], [-3.90256, 50.87651], [-3.89941, 50.87704], [-3.89857, 50.87752], [-3.89996, 50.88132], [-3.89959, 50.8829], [-3.90041, 50.88458], [-3.89997, 50.88549], [-3.9025, 50.88588], [-3.90804, 50.88512], [-3.90775, 50.8853], [-3.90877, 50.88674], [-3.91066, 50.88792], [-3.91273, 50.88986], [-3.91485, 50.89471], [-3.91545, 50.89517], [-3.91721, 50.89512], [-3.92025, 50.89772], [-3.92037, 50.89933], [-3.91767, 50.89981], [-3.91667, 50.90044], [-3.91685, 50.90066], [-3.91591, 50.90101], [-3.91611, 50.90159], [-3.91487, 50.9022], [-3.91484, 50.90269], [-3.9131, 50.90337], [-3.91229, 50.90303], [-3.91192, 50.9039], [-3.90703, 50.90431], [-3.90416, 50.90509], [-3.90292, 50.90417], [-3.90274, 50.90349], [-3.90172, 50.90347], [-3.89988, 50.90508], [-3.90079, 50.90552], [-3.90061, 50.90604], [-3.89932, 50.90553], [-3.89963, 50.906], [-3.89875, 50.90645], [-3.8979, 50.90568], [-3.8975, 50.90589], [-3.89817, 50.9062], [-3.89729, 50.90622], [-3.89565, 50.90687], [-3.89493, 50.90675], [-3.89405, 50.9077], [-3.89317, 50.90735], [-3.89224, 50.90786], [-3.89097, 50.90705], [-3.89076, 50.90775], [-3.88993, 50.908], [-3.88942, 50.90756], [-3.88845, 50.908], [-3.88777, 50.90762], [-3.88764, 50.90711], [-3.88687, 50.9075], [-3.88591, 50.90726], [-3.88496, 50.9074], [-3.8836, 50.90671], [-3.88175, 50.90679], [-3.88041, 50.90631], [-3.87858, 50.90615], [-3.87558, 50.90673], [-3.87475, 50.90797], [-3.8739, 50.90791], [-3.86927, 50.90932], [-3.86772, 50.90926], [-3.86543, 50.90864], [-3.86236, 50.90743], [-3.86213, 50.90707], [-3.86027, 50.90674], [-3.85829, 50.90689], [-3.85723, 50.90739], [-3.85699, 50.90722], [-3.8567, 50.90761], [-3.85613, 50.90721], [-3.85428, 50.90796], [-3.85259, 50.90818], [-3.84888, 50.90839], [-3.84739, 50.90782], [-3.84691, 50.9081], [-3.84745, 50.90829], [-3.84627, 50.90859], [-3.84485, 50.90829], [-3.84452, 50.90788], [-3.84331, 50.90822], [-3.84244, 50.90791], [-3.84088, 50.9079], [-3.83914, 50.90849], [-3.83969, 50.90809], [-3.83743, 50.90769], [-3.83429, 50.90864], [-3.83398, 50.90818], [-3.83292, 50.90818], [-3.83276, 50.90783], [-3.83175, 50.90774], [-3.83168, 50.90722], [-3.83037, 50.90754], [-3.83004, 50.90733], [-3.83055, 50.90705], [-3.8291, 50.90699], [-3.82866, 50.90729], [-3.82744, 50.90739], [-3.82713, 50.90882], [-3.82484, 50.91003], [-3.82352, 50.91135], [-3.82195, 50.91224], [-3.82339, 50.91349], [-3.82097, 50.91429], [-3.81801, 50.91468], [-3.81684, 50.91458], [-3.81708, 50.9141], [-3.81602, 50.91372], [-3.8134, 50.91317], [-3.81127, 50.91164], [-3.81421, 50.90939], [-3.81543, 50.90695], [-3.816, 50.90656], [-3.81603, 50.90577], [-3.81773, 50.90487], [-3.81812, 50.9043], [-3.81834, 50.90302], [-3.817, 50.90178], [-3.81516, 50.90186], [-3.81534, 50.90292], [-3.81477, 50.90299], [-3.81294, 50.90455], [-3.80902, 50.90412], [-3.8072, 50.90351], [-3.80604, 50.90272], [-3.80245, 50.90273], [-3.80112, 50.90189], [-3.7987, 50.90122], [-3.79533, 50.90146], [-3.79539, 50.90197], [-3.79435, 50.90214], [-3.79356, 50.9033], [-3.79064, 50.9039], [-3.78913, 50.90374], [-3.78714, 50.90245], [-3.78574, 50.90247], [-3.78516, 50.90215], [-3.78332, 50.90248], [-3.78202, 50.90161], [-3.78153, 50.90074], [-3.78284, 50.89882], [-3.78118, 50.89724], [-3.77948, 50.894], [-3.77749, 50.89346], [-3.77516, 50.89232], [-3.77458, 50.89152], [-3.77462, 50.88973], [-3.76809, 50.889], [-3.76832, 50.88881], [-3.76707, 50.88834], [-3.76496, 50.88557], [-3.76231, 50.88304], [-3.75995, 50.88018], [-3.76084, 50.87681], [-3.75868, 50.87658], [-3.7574, 50.8768], [-3.75696, 50.87638], [-3.75513, 50.87646], [-3.75358, 50.87681], [-3.75316, 50.87725], [-3.75157, 50.87765], [-3.75135, 50.87802], [-3.75077, 50.8779], [-3.74947, 50.87845], [-3.74974, 50.87933], [-3.74942, 50.88005], [-3.74993, 50.88103], [-3.74941, 50.88247], [-3.74478, 50.88564], [-3.74439, 50.88635], [-3.74273, 50.88691], [-3.74075, 50.88708], [-3.74033, 50.88743], [-3.74058, 50.88825], [-3.74264, 50.88882], [-3.74346, 50.88968], [-3.74481, 50.8903], [-3.73882, 50.89086], [-3.73545, 50.8901], [-3.73468, 50.89066], [-3.73373, 50.89228], [-3.73485, 50.89453], [-3.73491, 50.89561], [-3.73589, 50.89635], [-3.73574, 50.89853], [-3.73703, 50.90037], [-3.73702, 50.90112], [-3.73604, 50.90167], [-3.73624, 50.9026], [-3.73506, 50.90323], [-3.73449, 50.90508], [-3.73203, 50.9061], [-3.73152, 50.90708], [-3.7297, 50.90774], [-3.72924, 50.91018], [-3.72839, 50.90996], [-3.72806, 50.91076], [-3.72558, 50.90907], [-3.72562, 50.90974], [-3.72512, 50.90996], [-3.72216, 50.91019], [-3.72078, 50.91058], [-3.72035, 50.91027], [-3.7192, 50.9106], [-3.71708, 50.91052], [-3.71263, 50.91144], [-3.70846, 50.91139], [-3.70635, 50.91075], [-3.70348, 50.91101], [-3.69769, 50.91061], [-3.69853, 50.913], [-3.69303, 50.91424], [-3.68692, 50.91493], [-3.68109, 50.91679], [-3.67726, 50.91751], [-3.6767, 50.91804], [-3.67581, 50.91803], [-3.67366, 50.91897], [-3.6656, 50.92054], [-3.65851, 50.92055], [-3.65417, 50.92089], [-3.65012, 50.92165], [-3.64381, 50.92182], [-3.64292, 50.92125], [-3.64087, 50.918], [-3.6342, 50.91879], [-3.63257, 50.91988], [-3.62749, 50.91959], [-3.62536, 50.92155], [-3.62403, 50.92183], [-3.62059, 50.92191], [-3.61933, 50.9225], [-3.61721, 50.92436], [-3.61514, 50.9251], [-3.61431, 50.92638], [-3.61263, 50.92658], [-3.6105, 50.92874], [-3.60947, 50.93158], [-3.60836, 50.93302], [-3.60614, 50.93495], [-3.60304, 50.93694], [-3.59874, 50.94085], [-3.5962, 50.9438], [-3.59576, 50.94515], [-3.59591, 50.94672], [-3.59805, 50.95035], [-3.59805, 50.95264], [-3.59879, 50.95408], [-3.59844, 50.95495], [-3.60088, 50.95532], [-3.60114, 50.95624], [-3.6007, 50.95907], [-3.60164, 50.96092], [-3.60139, 50.96231], [-3.60048, 50.96345], [-3.60084, 50.96371], [-3.59908, 50.96501], [-3.59878, 50.96614], [-3.59785, 50.96721], [-3.60028, 50.96763], [-3.60173, 50.96853], [-3.60411, 50.96787], [-3.60593, 50.96778], [-3.60923, 50.96805], [-3.61112, 50.96859], [-3.61232, 50.96842], [-3.61542, 50.96727], [-3.61665, 50.96749], [-3.61825, 50.96836], [-3.61961, 50.96817], [-3.62, 50.97436], [-3.6196, 50.97861], [-3.62008, 50.97862], [-3.6211, 50.98029], [-3.62301, 50.98336], [-3.62867, 50.98922], [-3.62874, 50.99152], [-3.6279, 50.99364], [-3.62724, 50.99449], [-3.62665, 50.99459], [-3.62783, 50.99566], [-3.62874, 50.99976], [-3.62882, 51.00577], [-3.62287, 51.005], [-3.62004, 51.00062], [-3.6146, 50.99887], [-3.61173, 50.99524], [-3.61179, 50.99481], [-3.6081, 50.99506], [-3.60723, 50.99477], [-3.60533, 50.99492], [-3.606, 50.99388], [-3.60763, 50.99277], [-3.60658, 50.99157], [-3.60684, 50.99074], [-3.60512, 50.99022], [-3.60201, 50.99106], [-3.60046, 50.99202], [-3.60053, 50.9935], [-3.59972, 50.99491], [-3.59994, 50.99517], [-3.59878, 50.99566], [-3.60051, 50.99866], [-3.60178, 50.99967], [-3.6019, 51.00036], [-3.60387, 51.00132], [-3.60431, 51.00233], [-3.60623, 51.00334], [-3.60736, 51.00444], [-3.60577, 51.00606], [-3.60321, 51.00723], [-3.59165, 51.00617], [-3.57825, 51.00559], [-3.57654, 51.00624], [-3.57649, 51.00535], [-3.57098, 51.00473], [-3.56919, 51.00503], [-3.56348, 51.00494], [-3.55963, 51.00525], [-3.55431, 51.00461], [-3.55004, 51.00446], [-3.5484, 51.00475], [-3.5415, 51.00422], [-3.53888, 51.00434], [-3.53837, 51.00459], [-3.53439, 51.00449], [-3.53405, 51.00411], [-3.53473, 51.0039], [-3.53505, 51.00335], [-3.52756, 51.00552], [-3.52704, 51.00608], [-3.52732, 51.00764], [-3.52669, 51.0095], [-3.52628, 51.00976], [-3.52324, 51.0098], [-3.52262, 51.01079], [-3.52303, 51.01298], [-3.51888, 51.0148], [-3.5207, 51.01585], [-3.52056, 51.01665], [-3.52174, 51.0179], [-3.52033, 51.01893], [-3.52099, 51.02083], [-3.51937, 51.02253], [-3.52049, 51.0241], [-3.52046, 51.0259], [-3.52001, 51.02592], [-3.51958, 51.0254], [-3.51352, 51.02582], [-3.51025, 51.02684], [-3.50492, 51.03001], [-3.49559, 51.03105], [-3.48856, 51.03246], [-3.48443, 51.03384], [-3.4833, 51.03382], [-3.48234, 51.03309], [-3.47835, 51.0316], [-3.47534, 51.02966], [-3.47246, 51.02918], [-3.46853, 51.02805]]]}}, {"type": "Feature", "properties": {"name": "North Devon"}, "geometry": {"type": "Polygon", "coordinates": [[[-3.78548, 51.24641], [-3.78407, 51.24566], [-3.78429, 51.24524], [-3.78248, 51.24397], [-3.78246, 51.2436], [-3.78098, 51.24286], [-3.78079, 51.24302], [-3.77972, 51.24182], [-3.77783, 51.24102], [-3.77608, 51.23973], [-3.77327, 51.23872], [-3.77124, 51.23844], [-3.77103, 51.23806], [-3.76978, 51.23766], [-3.76456, 51.23704], [-3.76191, 51.23736], [-3.75855, 51.23725], [-3.75828, 51.23763], [-3.75814, 51.23727], [-3.75543, 51.23681], [-3.75498, 51.23706], [-3.75482, 51.23674], [-3.75267, 51.23694], [-3.75121, 51.2364], [-3.74904, 51.23623], [-3.74823, 51.23663], [-3.74781, 51.23647], [-3.74807, 51.23637], [-3.74691, 51.2363], [-3.74677, 51.23573], [-3.74624, 51.23583], [-3.7452, 51.23548], [-3.74217, 51.23538], [-3.74041, 51.23582], [-3.73141, 51.23528], [-3.7277, 51.23544], [-3.72419, 51.23412], [-3.72268, 51.23399], [-3.72085, 51.23311], [-3.72082, 51.2331], [-3.72202, 51.23241], [-3.72251, 51.23102], [-3.72312, 51.23053], [-3.72707, 51.22944], [-3.72732, 51.22704], [-3.7267, 51.22564], [-3.7283, 51.2251], [-3.72925, 51.22391], [-3.7332, 51.22273], [-3.72874, 51.21885], [-3.72905, 51.21676], [-3.73089, 51.21601], [-3.73157, 51.21513], [-3.73082, 51.21303], [-3.72941, 51.21153], [-3.72773, 51.20843], [-3.72846, 51.20705], [-3.72848, 51.20577], [-3.72799, 51.20458], [-3.72637, 51.20274], [-3.72707, 51.20121], [-3.72621, 51.19942], [-3.72701, 51.19746], [-3.729, 51.19463], [-3.73202, 51.19362], [-3.73209, 51.19097], [-3.72945, 51.1883], [-3.726, 51.18635], [-3.72442, 51.18392], [-3.72509, 51.18247], [-3.72383, 51.18073], [-3.72603, 51.17893], [-3.72806, 51.17873], [-3.72875, 51.17812], [-3.73019, 51.17804], [-3.73285, 51.17707], [-3.73373, 51.17696], [-3.73424, 51.17719], [-3.73549, 51.17695], [-3.7381, 51.17733], [-3.73854, 51.17706], [-3.73959, 51.17711], [-3.74212, 51.17597], [-3.74588, 51.17556], [-3.75118, 51.17709], [-3.7573, 51.17731], [-3.77718, 51.17351], [-3.78211, 51.17228], [-3.7863, 51.17193], [-3.79338, 51.17275], [-3.79599, 51.17454], [-3.80627, 51.17787], [-3.81189, 51.17763], [-3.81557, 51.1785], [-3.81752, 51.17853], [-3.82436, 51.17612], [-3.83228, 51.17756], [-3.83845, 51.1771], [-3.83982, 51.17667], [-3.83892, 51.17496], [-3.8375, 51.16736], [-3.83646, 51.16504], [-3.83535, 51.15411], [-3.83207, 51.15119], [-3.83447, 51.14486], [-3.83474, 51.14138], [-3.8341, 51.1402], [-3.83449, 51.13838], [-3.83115, 51.13538], [-3.82525, 51.13125], [-3.82211, 51.12695], [-3.81641, 51.12267], [-3.81373, 51.12105], [-3.80718, 51.11792], [-3.80429, 51.11569], [-3.7975, 51.11408], [-3.79144, 51.11137], [-3.78703, 51.11017], [-3.78012, 51.1077], [-3.77691, 51.10694], [-3.7674, 51.10578], [-3.75755, 51.10054], [-3.75087, 51.09513], [-3.74549, 51.09254], [-3.74134, 51.08985], [-3.73863, 51.08868], [-3.73005, 51.08678], [-3.72247, 51.0829], [-3.71995, 51.08082], [-3.71491, 51.08018], [-3.70925, 51.08069], [-3.70759, 51.08045], [-3.70613, 51.08069], [-3.70433, 51.08041], [-3.70152, 51.08076], [-3.69786, 51.08039], [-3.6965, 51.08096], [-3.69504, 51.08107], [-3.69431, 51.08061], [-3.69244, 51.08056], [-3.68877, 51.07844], [-3.6873, 51.07617], [-3.68563, 51.07515], [-3.68419, 51.07476], [-3.68416, 51.07439], [-3.68237, 51.07335], [-3.67964, 51.07271], [-3.67563, 51.07282], [-3.6728, 51.07119], [-3.66983, 51.0704], [-3.66638, 51.07019], [-3.66492, 51.0695], [-3.6648, 51.06763], [-3.66434, 51.06715], [-3.65999, 51.06612], [-3.65919, 51.06616], [-3.65823, 51.06557], [-3.6562, 51.06507], [-3.65336, 51.06498], [-3.65323, 51.06473], [-3.65029, 51.06408], [-3.65088, 51.0616], [-3.65231, 51.0604], [-3.65233, 51.05964], [-3.64983, 51.05941], [-3.64884, 51.05856], [-3.64541, 51.05788], [-3.64452, 51.05788], [-3.64245, 51.05854], [-3.63997, 51.05782], [-3.63807, 51.05663], [-3.63535, 51.0563], [-3.63366, 51.05702], [-3.63128, 51.05952], [-3.62809, 51.05978], [-3.6243, 51.06124], [-3.62131, 51.06066], [-3.61935, 51.05996], [-3.61469, 51.05657], [-3.61305, 51.05611], [-3.61241, 51.05622], [-3.61122, 51.05758], [-3.61033, 51.05795], [-3.60758, 51.05731], [-3.60485, 51.05756], [-3.60383, 51.05708], [-3.60296, 51.05578], [-3.60143, 51.0554], [-3.59687, 51.05592], [-3.59447, 51.05519], [-3.59486, 51.05489], [-3.59612, 51.05479], [-3.59666, 51.05368], [-3.59761, 51.05345], [-3.59983, 51.05169], [-3.60029, 51.05061], [-3.59994, 51.04759], [-3.59917, 51.04628], [-3.5983, 51.04258], [-3.59755, 51.04167], [-3.59822, 51.04055], [-3.59821, 51.03703], [-3.60252, 51.03273], [-3.60278, 51.02995], [-3.61091, 51.02444], [-3.61128, 51.02361], [-3.61084, 51.02188], [-3.61193, 51.01884], [-3.6147, 51.01555], [-3.61426, 51.01382], [-3.61471, 51.01274], [-3.61209, 51.01171], [-3.61069, 51.01072], [-3.61011, 51.00999], [-3.61018, 51.00869], [-3.60975, 51.00798], [-3.60321, 51.00723], [-3.60577, 51.00606], [-3.60736, 51.00444], [-3.60623, 51.00334], [-3.60431, 51.00233], [-3.60387, 51.00132], [-3.6019, 51.00036], [-3.60178, 50.99967], [-3.60051, 50.99866], [-3.59878, 50.99566], [-3.59994, 50.99517], [-3.59972, 50.99491], [-3.60053, 50.9935], [-3.60046, 50.99202], [-3.60201, 50.99106], [-3.60512, 50.99022], [-3.60684, 50.99074], [-3.60658, 50.99157], [-3.60763, 50.99277], [-3.606, 50.99388], [-3.60533, 50.99492], [-3.60723, 50.99477], [-3.6081, 50.99506], [-3.61179, 50.99481], [-3.61173, 50.99524], [-3.6146, 50.99887], [-3.62004, 51.00062], [-3.62287, 51.005], [-3.62882, 51.00577], [-3.62874, 50.99976], [-3.62783, 50.99566], [-3.62665, 50.99459], [-3.62724, 50.99449], [-3.6279, 50.99364], [-3.62874, 50.99152], [-3.62867, 50.98922], [-3.62301, 50.98336], [-3.6211, 50.98029], [-3.62008, 50.97862], [-3.6196, 50.97861], [-3.62, 50.97436], [-3.61961, 50.96817], [-3.61825, 50.96836], [-3.61665, 50.96749], [-3.61542, 50.96727], [-3.61232, 50.96842], [-3.61112, 50.96859], [-3.60923, 50.96805], [-3.60593, 50.96778], [-3.60411, 50.96787], [-3.60173, 50.96853], [-3.60028, 50.96763], [-3.59785, 50.96721], [-3.59878, 50.96614], [-3.59908, 50.96501], [-3.60084, 50.96371], [-3.60048, 50.96345], [-3.60139, 50.96231], [-3.60164, 50.96092], [-3.6007, 50.95907], [-3.60114, 50.95624], [-3.60088, 50.95532], [-3.59844, 50.95495], [-3.59879, 50.95408], [-3.59805, 50.95264], [-3.59805, 50.95035], [-3.59591, 50.94672], [-3.59576, 50.94515], [-3.5962, 50.9438], [-3.59874, 50.94085], [-3.60304, 50.93694], [-3.60614, 50.93495], [-3.60836, 50.93302], [-3.60947, 50.93158], [-3.6105, 50.92874], [-3.61263, 50.92658], [-3.61431, 50.92638], [-3.61514, 50.9251], [-3.61721, 50.92436], [-3.61933, 50.9225], [-3.62059, 50.92191], [-3.62403, 50.92183], [-3.62536, 50.92155], [-3.62749, 50.91959], [-3.63257, 50.91988], [-3.6342, 50.91879], [-3.64087, 50.918], [-3.64292, 50.92125], [-3.64381, 50.92182], [-3.65012, 50.92165], [-3.65417, 50.92089], [-3.65851, 50.92055], [-3.6656, 50.92054], [-3.67366, 50.91897], [-3.67581, 50.91803], [-3.6767, 50.91804], [-3.67726, 50.91751], [-3.68109, 50.91679], [-3.68692, 50.91493], [-3.69303, 50.91424], [-3.69853, 50.913], [-3.69769, 50.91061], [-3.70348, 50.91101], [-3.70635, 50.91075], [-3.70846, 50.91139], [-3.71263, 50.91144], [-3.71708, 50.91052], [-3.7192, 50.9106], [-3.72035, 50.91027], [-3.72078, 50.91058], [-3.72216, 50.91019], [-3.72512, 50.90996], [-3.72562, 50.90974], [-3.72558, 50.90907], [-3.72806, 50.91076], [-3.72839, 50.90996], [-3.72924, 50.91018], [-3.7297, 50.90774], [-3.73152, 50.90708], [-3.73203, 50.9061], [-3.73449, 50.90508], [-3.73506, 50.90323], [-3.73624, 50.9026], [-3.73604, 50.90167], [-3.73702, 50.90112], [-3.73703, 50.90037], [-3.73574, 50.89853], [-3.73589, 50.89635], [-3.73491, 50.89561], [-3.73485, 50.89453], [-3.73373, 50.89228], [-3.73468, 50.89066], [-3.73545, 50.8901], [-3.73882, 50.89086], [-3.74481, 50.8903], [-3.74346, 50.88968], [-3.74264, 50.88882], [-3.74058, 50.88825], [-3.74033, 50.88743], [-3.74075, 50.88708], [-3.74273, 50.88691], [-3.74439, 50.88635], [-3.74478, 50.88564], [-3.74941, 50.88247], [-3.74993, 50.88103], [-3.74942, 50.88005], [-3.74974, 50.87933], [-3.74947, 50.87845], [-3.75077, 50.8779], [-3.75135, 50.87802], [-3.75157, 50.87765], [-3.75316, 50.87725], [-3.75358, 50.87681], [-3.75513, 50.87646], [-3.75696, 50.87638], [-3.7574, 50.8768], [-3.75868, 50.87658], [-3.76084, 50.87681], [-3.75995, 50.88018], [-3.76231, 50.88304], [-3.76496, 50.88557], [-3.76707, 50.88834], [-3.76832, 50.88881], [-3.76809, 50.889], [-3.77462, 50.88973], [-3.77458, 50.89152], [-3.77516, 50.89232], [-3.77749, 50.89346], [-3.77948, 50.894], [-3.78118, 50.89724], [-3.78284, 50.89882], [-3.78153, 50.90074], [-3.78202, 50.90161], [-3.78332, 50.90248], [-3.78516, 50.90215], [-3.78574, 50.90247], [-3.78714, 50.90245], [-3.78913, 50.90374], [-3.79064, 50.9039], [-3.79356, 50.9033], [-3.79435, 50.90214], [-3.79539, 50.90197], [-3.79533, 50.90146], [-3.7987, 50.90122], [-3.80112, 50.90189], [-3.80245, 50.90273], [-3.80604, 50.90272], [-3.8072, 50.90351], [-3.80902, 50.90412], [-3.81294, 50.90455], [-3.81477, 50.90299], [-3.81534, 50.90292], [-3.81516, 50.90186], [-3.817, 50.90178], [-3.81834, 50.90302], [-3.81812, 50.9043], [-3.81773, 50.90487], [-3.81603, 50.90577], [-3.816, 50.90656], [-3.81543, 50.90695], [-3.81421, 50.90939], [-3.81127, 50.91164], [-3.8134, 50.91317], [-3.81602, 50.91372], [-3.81708, 50.9141], [-3.81684, 50.91458], [-3.81801, 50.91468], [-3.82097, 50.91429], [-3.82339, 50.91349], [-3.82195, 50.91224], [-3.82352, 50.91135], [-3.82484, 50.91003], [-3.82713, 50.90882], [-3.82744, 50.90739], [-3.82866, 50.90729], [-3.8291, 50.90699], [-3.83055, 50.90705], [-3.83004, 50.90733], [-3.83037, 50.90754], [-3.83168, 50.90722], [-3.83175, 50.90774], [-3.83276, 50.90783], [-3.83292, 50.90818], [-3.83398, 50.90818], [-3.83429, 50.90864], [-3.83743, 50.90769], [-3.83969, 50.90809], [-3.83914, 50.90849], [-3.84088, 50.9079], [-3.84244, 50.90791], [-3.84331, 50.90822], [-3.84452, 50.90788], [-3.84485, 50.90829], [-3.84627, 50.90859], [-3.84745, 50.90829], [-3.84691, 50.9081], [-3.84739, 50.90782], [-3.84888, 50.90839], [-3.85259, 50.90818], [-3.85428, 50.90796], [-3.85613, 50.90721], [-3.8567, 50.90761], [-3.85699, 50.90722], [-3.85723, 50.90739], [-3.85829, 50.90689], [-3.86027, 50.90674], [-3.86213, 50.90707], [-3.86236, 50.90743], [-3.86543, 50.90864], [-3.86772, 50.90926], [-3.86927, 50.90932], [-3.8739, 50.90791], [-3.87475, 50.90797], [-3.87558, 50.90673], [-3.87858, 50.90615], [-3.88041, 50.90631], [-3.88175, 50.90679], [-3.8836, 50.90671], [-3.88496, 50.9074], [-3.88591, 50.90726], [-3.88687, 50.9075], [-3.88764, 50.90711], [-3.88777, 50.90762], [-3.88845, 50.908], [-3.88942, 50.90756], [-3.88993, 50.908], [-3.89076, 50.90775], [-3.89097, 50.90705], [-3.89224, 50.90786], [-3.89317, 50.90735], [-3.89405, 50.9077], [-3.89493, 50.90675], [-3.89565, 50.90687], [-3.89729, 50.90622], [-3.89817, 50.9062], [-3.8975, 50.90589], [-3.8979, 50.90568], [-3.89875, 50.90645], [-3.89963, 50.906], [-3.89932, 50.90553], [-3.90061, 50.90604], [-3.90079, 50.90552], [-3.89988, 50.90508], [-3.90172, 50.90347], [-3.90274, 50.90349], [-3.90292, 50.90417], [-3.90416, 50.90509], [-3.90444, 50.90666], [-3.90405, 50.90819], [-3.90505, 50.90945], [-3.90378, 50.91046], [-3.90377, 50.91182], [-3.90212, 50.91283], [-3.90241, 50.91317], [-3.90376, 50.91347], [-3.90348, 50.91501], [-3.90234, 50.91621], [-3.90354, 50.91654], [-3.90376, 50.91587], [-3.9048, 50.91534], [-3.90577, 50.91655], [-3.90594, 50.91762], [-3.90479, 50.91843], [-3.90326, 50.91794], [-3.90252, 50.91818], [-3.90348, 50.91946], [-3.90199, 50.92091], [-3.90281, 50.92297], [-3.9012, 50.92388], [-3.90138, 50.92422], [-3.90271, 50.92469], [-3.90184, 50.92541], [-3.90197, 50.92591], [-3.90442, 50.9274], [-3.90512, 50.92755], [-3.90609, 50.92728], [-3.90547, 50.92702], [-3.90577, 50.92643], [-3.90518, 50.92645], [-3.9045, 50.92548], [-3.90448, 50.92517], [-3.90532, 50.92493], [-3.90726, 50.92484], [-3.90866, 50.92538], [-3.9098, 50.92462], [-3.91035, 50.92483], [-3.91043, 50.92444], [-3.91301, 50.92421], [-3.91439, 50.92441], [-3.91524, 50.92389], [-3.91587, 50.92419], [-3.91834, 50.92418], [-3.91962, 50.92393], [-3.92129, 50.92298], [-3.92274, 50.92297], [-3.92276, 50.92323], [-3.92373, 50.92341], [-3.9236, 50.92305], [-3.9245, 50.92317], [-3.9244, 50.92284], [-3.92509, 50.92302], [-3.92529, 50.92275], [-3.92711, 50.92285], [-3.92841, 50.92239], [-3.92914, 50.92275], [-3.92978, 50.9223], [-3.93025, 50.92257], [-3.93077, 50.92232], [-3.93146, 50.92248], [-3.93199, 50.92225], [-3.93153, 50.92184], [-3.93291, 50.92176], [-3.93314, 50.92151], [-3.93695, 50.92164], [-3.93917, 50.92063], [-3.94097, 50.92093], [-3.94099, 50.92033], [-3.94231, 50.92001], [-3.94291, 50.92013], [-3.94581, 50.9188], [-3.94728, 50.91886], [-3.94751, 50.91861], [-3.94897, 50.9188], [-3.94889, 50.91848], [-3.94939, 50.91867], [-3.94973, 50.91828], [-3.95251, 50.91816], [-3.95277, 50.91784], [-3.95338, 50.91796], [-3.95421, 50.91769], [-3.95498, 50.91883], [-3.9575, 50.92043], [-3.9587, 50.92101], [-3.9601, 50.92078], [-3.96358, 50.9217], [-3.9654, 50.92267], [-3.96682, 50.924], [-3.97711, 50.92549], [-3.97825, 50.92595], [-3.97896, 50.92568], [-3.97871, 50.92526], [-3.98161, 50.9263], [-3.98808, 50.92651], [-3.99595, 50.92557], [-3.99665, 50.92598], [-3.99696, 50.9283], [-3.99808, 50.93081], [-3.9961, 50.93403], [-3.99775, 50.93562], [-3.99328, 50.9369], [-3.99395, 50.93902], [-3.99598, 50.9417], [-3.99512, 50.94287], [-3.99499, 50.94496], [-3.99412, 50.94643], [-3.99429, 50.94794], [-3.99389, 50.94843], [-3.99134, 50.94931], [-3.99046, 50.94993], [-3.98957, 50.94994], [-3.98905, 50.95065], [-3.98459, 50.95245], [-3.98011, 50.95313], [-3.97852, 50.95247], [-3.97675, 50.95281], [-3.97452, 50.95384], [-3.9733, 50.95342], [-3.97152, 50.95334], [-3.96711, 50.95442], [-3.96366, 50.95443], [-3.96168, 50.95525], [-3.96088, 50.95614], [-3.96404, 50.9572], [-3.96568, 50.95821], [-3.96655, 50.95973], [-3.96625, 50.96143], [-3.96492, 50.96334], [-3.96374, 50.96422], [-3.96061, 50.96561], [-3.95809, 50.96575], [-3.95736, 50.96621], [-3.957, 50.96683], [-3.95815, 50.96895], [-3.95794, 50.9702], [-3.95842, 50.9717], [-3.95788, 50.97224], [-3.95334, 50.97436], [-3.9526, 50.97595], [-3.95287, 50.97657], [-3.9544, 50.97745], [-3.95825, 50.97777], [-3.95844, 50.97849], [-3.95785, 50.98075], [-3.95809, 50.98133], [-3.95875, 50.98164], [-3.96108, 50.98107], [-3.96143, 50.97971], [-3.96072, 50.97894], [-3.96256, 50.9789], [-3.96539, 50.98048], [-3.9677, 50.98087], [-3.97018, 50.98067], [-3.97317, 50.98203], [-3.97424, 50.98202], [-3.97577, 50.98067], [-3.97655, 50.98055], [-3.9806, 50.98101], [-3.9837, 50.98211], [-3.98561, 50.98033], [-3.98809, 50.9795], [-3.98994, 50.97829], [-3.99073, 50.97579], [-3.99175, 50.9744], [-3.99228, 50.97426], [-3.9928, 50.97449], [-3.99985, 50.97266], [-4.00123, 50.97264], [-4.00386, 50.97194], [-4.00609, 50.97278], [-4.00649, 50.97245], [-4.00492, 50.96953], [-4.00742, 50.96888], [-4.01031, 50.96753], [-4.01182, 50.96739], [-4.01293, 50.96775], [-4.01305, 50.96808], [-4.01463, 50.96825], [-4.01564, 50.96874], [-4.01853, 50.96867], [-4.02001, 50.96945], [-4.02028, 50.9699], [-4.0197, 50.97104], [-4.01973, 50.97209], [-4.02307, 50.97324], [-4.02486, 50.97343], [-4.02656, 50.9744], [-4.02795, 50.9761], [-4.02806, 50.97698], [-4.02907, 50.97704], [-4.03058, 50.97836], [-4.03147, 50.97833], [-4.03145, 50.97859], [-4.03308, 50.97898], [-4.03309, 50.97934], [-4.03439, 50.97978], [-4.03429, 50.98023], [-4.03566, 50.98084], [-4.03624, 50.98158], [-4.03573, 50.98217], [-4.03624, 50.98232], [-4.03648, 50.9835], [-4.03753, 50.98519], [-4.03737, 50.98597], [-4.0368, 50.98632], [-4.03714, 50.987], [-4.03681, 50.98792], [-4.03695, 50.98825], [-4.03738, 50.98815], [-4.03638, 50.98974], [-4.03571, 50.99005], [-4.0358, 50.99041], [-4.03536, 50.99042], [-4.03549, 50.99181], [-4.03513, 50.99199], [-4.03555, 50.99253], [-4.03604, 50.9925], [-4.03587, 50.99285], [-4.03652, 50.99329], [-4.03588, 50.99382], [-4.03622, 50.99461], [-4.03686, 50.99452], [-4.03731, 50.99513], [-4.03604, 50.99566], [-4.03538, 50.99692], [-4.03357, 50.99709], [-4.03371, 50.99904], [-4.03282, 51.00284], [-4.0343, 51.00762], [-4.03791, 51.00755], [-4.04365, 51.00818], [-4.04583, 51.0076], [-4.04735, 51.0096], [-4.04801, 51.00879], [-4.04925, 51.00837], [-4.05745, 51.00832], [-4.059, 51.009], [-4.06398, 51.01031], [-4.06422, 51.00952], [-4.0654, 51.00953], [-4.06609, 51.00895], [-4.06911, 51.00843], [-4.07925, 51.00869], [-4.08053, 51.00701], [-4.08095, 51.00518], [-4.07941, 51.00325], [-4.0779, 51.00267], [-4.07815, 51.00256], [-4.07925, 51.00246], [-4.08128, 51.00295], [-4.0822, 51.00267], [-4.08796, 51.00296], [-4.09084, 51.00379], [-4.09357, 51.00377], [-4.09388, 51.00544], [-4.09437, 51.00602], [-4.09639, 51.00673], [-4.09706, 51.00844], [-4.09825, 51.00959], [-4.10659, 51.01027], [-4.10702, 51.01089], [-4.10881, 51.0108], [-4.10997, 51.01098], [-4.10981, 51.01114], [-4.11632, 51.01043], [-4.11925, 51.01142], [-4.11962, 51.01122], [-4.11913, 51.01041], [-4.1207, 51.01077], [-4.12096, 51.01089], [-4.12021, 51.01166], [-4.11952, 51.01428], [-4.11748, 51.01545], [-4.11605, 51.01689], [-4.11591, 51.01913], [-4.12212, 51.0194], [-4.12425, 51.02018], [-4.12751, 51.02066], [-4.1325, 51.02019], [-4.13521, 51.02068], [-4.13621, 51.01904], [-4.13836, 51.01841], [-4.13973, 51.01751], [-4.14268, 51.01701], [-4.14226, 51.01787], [-4.14415, 51.01851], [-4.1485, 51.01877], [-4.14959, 51.01654], [-4.1514, 51.01637], [-4.15143, 51.01606], [-4.1544, 51.01599], [-4.15501, 51.01437], [-4.1582, 51.01471], [-4.15879, 51.01447], [-4.16427, 51.01448], [-4.16617, 51.01453], [-4.1674, 51.01523], [-4.16825, 51.01681], [-4.16938, 51.01785], [-4.17104, 51.01831], [-4.17229, 51.01905], [-4.17295, 51.02075], [-4.17387, 51.02159], [-4.17441, 51.02279], [-4.1758, 51.02319], [-4.17579, 51.02346], [-4.17657, 51.02356], [-4.1773, 51.02326], [-4.17736, 51.02359], [-4.17801, 51.02371], [-4.17821, 51.02341], [-4.17873, 51.02344], [-4.1782, 51.02385], [-4.1784, 51.02432], [-4.17974, 51.02389], [-4.17929, 51.02323], [-4.18108, 51.02223], [-4.18226, 51.02239], [-4.18259, 51.02321], [-4.18438, 51.0233], [-4.18466, 51.02302], [-4.18398, 51.02293], [-4.18392, 51.02173], [-4.18539, 51.02109], [-4.18589, 51.02109], [-4.18666, 51.02193], [-4.18611, 51.0225], [-4.18628, 51.02346], [-4.18672, 51.02357], [-4.18829, 51.02289], [-4.18786, 51.02239], [-4.18717, 51.02228], [-4.18746, 51.02155], [-4.18807, 51.02131], [-4.19017, 51.02146], [-4.19136, 51.021], [-4.19201, 51.02126], [-4.19319, 51.02072], [-4.19454, 51.02072], [-4.19625, 51.02153], [-4.19588, 51.02204], [-4.19643, 51.02238], [-4.1977, 51.02115], [-4.19819, 51.02125], [-4.19838, 51.02137], [-4.19783, 51.02158], [-4.19729, 51.02261], [-4.19703, 51.02421], [-4.19892, 51.02669], [-4.19921, 51.02782], [-4.19923, 51.02876], [-4.19908, 51.028], [-4.19908, 51.02777], [-4.19899, 51.02737], [-4.19881, 51.02698], [-4.199, 51.02772], [-4.19853, 51.02774], [-4.19903, 51.02784], [-4.199, 51.02915], [-4.19819, 51.02923], [-4.19899, 51.02921], [-4.19896, 51.02994], [-4.19887, 51.03014], [-4.19787, 51.02985], [-4.19886, 51.03031], [-4.19827, 51.03035], [-4.19881, 51.03053], [-4.19829, 51.03061], [-4.19876, 51.0307], [-4.19813, 51.03109], [-4.19864, 51.03108], [-4.19851, 51.0317], [-4.19795, 51.03157], [-4.19844, 51.03188], [-4.19837, 51.03209], [-4.19789, 51.03204], [-4.19832, 51.03213], [-4.19818, 51.0324], [-4.19786, 51.03235], [-4.19815, 51.03245], [-4.19774, 51.03287], [-4.19737, 51.03281], [-4.19763, 51.03289], [-4.19775, 51.03292], [-4.198, 51.03267], [-4.19831, 51.03227], [-4.1984, 51.03211], [-4.19912, 51.03018], [-4.19853, 51.03219], [-4.19761, 51.03327], [-4.19807, 51.03356], [-4.19522, 51.03521], [-4.19146, 51.03642], [-4.18825, 51.03817], [-4.18693, 51.03969], [-4.18598, 51.04171], [-4.18266, 51.0446], [-4.18031, 51.04774], [-4.18081, 51.04798], [-4.17972, 51.04874], [-4.1794, 51.0501], [-4.18149, 51.05116], [-4.18237, 51.05115], [-4.18175, 51.05428], [-4.18199, 51.05603], [-4.18014, 51.05904], [-4.17994, 51.06076], [-4.18061, 51.06117], [-4.17985, 51.06179], [-4.18057, 51.06239], [-4.17923, 51.06279], [-4.17875, 51.06352], [-4.17964, 51.06555], [-4.18073, 51.0658], [-4.18069, 51.06652], [-4.17952, 51.0677], [-4.17855, 51.06815], [-4.1741, 51.06902], [-4.17382, 51.06878], [-4.17167, 51.06967], [-4.17166, 51.06967], [-4.17165, 51.06997], [-4.17275, 51.07], [-4.17342, 51.07069], [-4.17211, 51.072], [-4.17015, 51.07285], [-4.16565, 51.07399], [-4.16436, 51.07474], [-4.16217, 51.0744], [-4.16129, 51.07383], [-4.15986, 51.07364], [-4.15983, 51.07328], [-4.15971, 51.07358], [-4.15845, 51.07328], [-4.15841, 51.07306], [-4.15884, 51.07317], [-4.15874, 51.07239], [-4.15946, 51.07225], [-4.15945, 51.07272], [-4.15974, 51.07242], [-4.16013, 51.0725], [-4.15952, 51.07222], [-4.16022, 51.07247], [-4.1601, 51.07216], [-4.16056, 51.07238], [-4.16021, 51.07217], [-4.16089, 51.07214], [-4.16019, 51.07209], [-4.16019, 51.07165], [-4.16106, 51.0718], [-4.16029, 51.0715], [-4.16077, 51.07158], [-4.16119, 51.07115], [-4.15918, 51.07156], [-4.15985, 51.07188], [-4.15938, 51.072], [-4.15924, 51.07174], [-4.15928, 51.07202], [-4.15815, 51.07221], [-4.15858, 51.07282], [-4.15803, 51.07279], [-4.15788, 51.07351], [-4.1573, 51.07333], [-4.15747, 51.07347], [-4.15662, 51.07358], [-4.15644, 51.07329], [-4.15647, 51.07347], [-4.156, 51.07337], [-4.15616, 51.07303], [-4.15554, 51.07334], [-4.15586, 51.07351], [-4.1552, 51.07349], [-4.15487, 51.07328], [-4.15519, 51.07316], [-4.15433, 51.07319], [-4.15434, 51.07283], [-4.1543, 51.07314], [-4.1543, 51.07322], [-4.15444, 51.07327], [-4.15379, 51.07325], [-4.15419, 51.07278], [-4.15386, 51.07257], [-4.15381, 51.07289], [-4.15341, 51.07286], [-4.15379, 51.07292], [-4.15338, 51.07303], [-4.15367, 51.07325], [-4.15318, 51.07334], [-4.15317, 51.07312], [-4.15311, 51.07336], [-4.15172, 51.07348], [-4.15279, 51.07464], [-4.15296, 51.07427], [-4.15361, 51.07438], [-4.15407, 51.07461], [-4.15359, 51.07504], [-4.15447, 51.07556], [-4.15548, 51.07563], [-4.15515, 51.0766], [-4.1543, 51.07678], [-4.15461, 51.07729], [-4.15403, 51.07771], [-4.15497, 51.07944], [-4.15308, 51.08013], [-4.14625, 51.07998], [-4.14271, 51.07918], [-4.13923, 51.07962], [-4.13616, 51.07852], [-4.13277, 51.07843], [-4.12963, 51.07757], [-4.12769, 51.07783], [-4.12693, 51.0783], [-4.12578, 51.07833], [-4.12346, 51.07925], [-4.12297, 51.07851], [-4.12335, 51.07774], [-4.12303, 51.07717], [-4.11854, 51.07429], [-4.11665, 51.07438], [-4.11715, 51.07416], [-4.11467, 51.07383], [-4.11455, 51.07404], [-4.11422, 51.07347], [-4.1144, 51.07309], [-4.11424, 51.0732], [-4.11389, 51.07345], [-4.11315, 51.07293], [-4.11206, 51.0732], [-4.11198, 51.07302], [-4.11187, 51.07293], [-4.1109, 51.07285], [-4.11189, 51.07298], [-4.11197, 51.07324], [-4.11294, 51.07311], [-4.1146, 51.07457], [-4.11882, 51.07546], [-4.11975, 51.07646], [-4.1219, 51.07766], [-4.12187, 51.07849], [-4.1223, 51.07871], [-4.1205, 51.08025], [-4.11808, 51.08153], [-4.11795, 51.08292], [-4.11888, 51.08766], [-4.11867, 51.08889], [-4.11785, 51.08988], [-4.11772, 51.08963], [-4.11775, 51.08948], [-4.11752, 51.0893], [-4.11721, 51.08894], [-4.11597, 51.08838], [-4.11768, 51.08948], [-4.11767, 51.0896], [-4.11765, 51.08975], [-4.11637, 51.08967], [-4.11766, 51.08984], [-4.11465, 51.09002], [-4.11425, 51.08991], [-4.11448, 51.08968], [-4.11422, 51.08978], [-4.11421, 51.08989], [-4.11422, 51.08991], [-4.1143, 51.08995], [-4.11317, 51.08968], [-4.11301, 51.08928], [-4.11426, 51.08935], [-4.1136, 51.08928], [-4.11386, 51.08877], [-4.11354, 51.08924], [-4.11296, 51.08924], [-4.1128, 51.08929], [-4.11138, 51.08851], [-4.11196, 51.0881], [-4.1124, 51.08827], [-4.11284, 51.08833], [-4.11291, 51.08824], [-4.11284, 51.08804], [-4.11324, 51.08803], [-4.11341, 51.0879], [-4.11246, 51.08743], [-4.11223, 51.08632], [-4.11242, 51.08745], [-4.11332, 51.08793], [-4.11282, 51.088], [-4.11277, 51.0881], [-4.11283, 51.08825], [-4.11269, 51.08829], [-4.112, 51.08804], [-4.11105, 51.0883], [-4.11045, 51.08776], [-4.11114, 51.08738], [-4.11034, 51.08771], [-4.1099, 51.0871], [-4.11039, 51.08676], [-4.10988, 51.08704], [-4.10778, 51.08506], [-4.1089, 51.0851], [-4.11073, 51.08599], [-4.11104, 51.08608], [-4.11075, 51.08524], [-4.11082, 51.08598], [-4.10946, 51.08527], [-4.10961, 51.08502], [-4.10914, 51.08515], [-4.10827, 51.0844], [-4.10777, 51.08436], [-4.10746, 51.08422], [-4.10766, 51.08387], [-4.10741, 51.08421], [-4.10746, 51.08425], [-4.10775, 51.08438], [-4.10826, 51.08443], [-4.10873, 51.085], [-4.10776, 51.0848], [-4.10764, 51.085], [-4.10778, 51.08534], [-4.10545, 51.08431], [-4.10641, 51.08383], [-4.10648, 51.08367], [-4.10612, 51.08311], [-4.10587, 51.08299], [-4.10556, 51.08285], [-4.10567, 51.08275], [-4.10632, 51.08235], [-4.10661, 51.08243], [-4.10778, 51.08288], [-4.10703, 51.08247], [-4.10659, 51.08237], [-4.10633, 51.08232], [-4.10621, 51.08236], [-4.10566, 51.08271], [-4.10534, 51.0828], [-4.10426, 51.08156], [-4.10313, 51.0812], [-4.10299, 51.08137], [-4.10418, 51.08155], [-4.10503, 51.08275], [-4.10439, 51.08226], [-4.10341, 51.08199], [-4.10318, 51.08192], [-4.10294, 51.08185], [-4.10223, 51.08172], [-4.10144, 51.08164], [-4.10099, 51.08159], [-4.10051, 51.08159], [-4.10139, 51.08169], [-4.10129, 51.08194], [-4.10149, 51.0817], [-4.10203, 51.08175], [-4.10309, 51.08193], [-4.10437, 51.08229], [-4.10455, 51.08261], [-4.10451, 51.0829], [-4.10595, 51.0831], [-4.10606, 51.08328], [-4.10636, 51.08373], [-4.10523, 51.08422], [-4.10285, 51.08334], [-4.10314, 51.08293], [-4.10272, 51.08329], [-4.09885, 51.08294], [-4.09937, 51.08231], [-4.09856, 51.08294], [-4.09781, 51.08281], [-4.09789, 51.08251], [-4.09769, 51.0828], [-4.09451, 51.08251], [-4.09529, 51.08255], [-4.09511, 51.08231], [-4.09598, 51.08218], [-4.09683, 51.08131], [-4.0977, 51.08146], [-4.09676, 51.08121], [-4.09554, 51.08115], [-4.09662, 51.08134], [-4.09594, 51.08212], [-4.09488, 51.08214], [-4.09511, 51.0825], [-4.09187, 51.08206], [-4.09211, 51.08178], [-4.09219, 51.08179], [-4.09233, 51.08193], [-4.09249, 51.082], [-4.09295, 51.08197], [-4.09271, 51.0818], [-4.0926, 51.08189], [-4.0925, 51.08197], [-4.09193, 51.08151], [-4.09088, 51.08156], [-4.09058, 51.08121], [-4.09025, 51.08147], [-4.0897, 51.08119], [-4.08982, 51.08149], [-4.0873, 51.08023], [-4.08714, 51.07993], [-4.0894, 51.08023], [-4.0869, 51.07986], [-4.08511, 51.07855], [-4.08235, 51.07788], [-4.07624, 51.07685], [-4.07342, 51.0772], [-4.07328, 51.07679], [-4.07334, 51.07722], [-4.07102, 51.07783], [-4.07097, 51.07784], [-4.07084, 51.07787], [-4.07039, 51.07732], [-4.0708, 51.0779], [-4.07019, 51.07819], [-4.07013, 51.07822], [-4.07012, 51.07823], [-4.06693, 51.07917], [-4.06976, 51.07839], [-4.06978, 51.07838], [-4.06897, 51.07876], [-4.0683, 51.07907], [-4.06799, 51.07921], [-4.06795, 51.07922], [-4.06784, 51.07927], [-4.06781, 51.07928], [-4.06628, 51.0794], [-4.06457, 51.07892], [-4.05639, 51.07495], [-4.05574, 51.07312], [-4.0548, 51.0719], [-4.05705, 51.06952], [-4.0572, 51.06846], [-4.05674, 51.06755], [-4.05475, 51.06572], [-4.05411, 51.06427], [-4.05411, 51.06427], [-4.054, 51.06249], [-4.05447, 51.06074], [-4.05627, 51.05814], [-4.05758, 51.05789], [-4.05631, 51.05807], [-4.05602, 51.05696], [-4.05085, 51.054], [-4.05292, 51.05234], [-4.0519, 51.05164], [-4.05204, 51.05036], [-4.05103, 51.04811], [-4.05059, 51.04495], [-4.05002, 51.04346], [-4.04994, 51.04364], [-4.04984, 51.04387], [-4.04969, 51.04353], [-4.04941, 51.04371], [-4.05022, 51.04481], [-4.05063, 51.04802], [-4.05164, 51.05034], [-4.05136, 51.0513], [-4.05225, 51.05273], [-4.05074, 51.05335], [-4.05062, 51.05325], [-4.05019, 51.05327], [-4.05, 51.05336], [-4.04962, 51.05347], [-4.04942, 51.05313], [-4.04895, 51.053], [-4.04734, 51.05332], [-4.04903, 51.05305], [-4.04939, 51.05318], [-4.0496, 51.05353], [-4.05023, 51.05331], [-4.0506, 51.0534], [-4.05036, 51.05411], [-4.05169, 51.05502], [-4.05187, 51.05514], [-4.05306, 51.05593], [-4.05321, 51.05603], [-4.05526, 51.05686], [-4.05599, 51.0576], [-4.05368, 51.06121], [-4.05337, 51.06464], [-4.05376, 51.06542], [-4.05377, 51.06543], [-4.05655, 51.06842], [-4.0563, 51.06945], [-4.05471, 51.07058], [-4.05403, 51.07168], [-4.05534, 51.07499], [-4.06016, 51.07831], [-4.06688, 51.08111], [-4.0663, 51.08151], [-4.06323, 51.08219], [-4.06218, 51.08285], [-4.06217, 51.08286], [-4.06162, 51.08333], [-4.06115, 51.08351], [-4.06106, 51.08388], [-4.0632, 51.08407], [-4.06362, 51.08455], [-4.06333, 51.08498], [-4.06167, 51.08493], [-4.05999, 51.08578], [-4.05053, 51.08736], [-4.04901, 51.08712], [-4.04929, 51.08736], [-4.05059, 51.08742], [-4.05865, 51.08616], [-4.06014, 51.08581], [-4.06177, 51.08505], [-4.06338, 51.08508], [-4.06375, 51.08453], [-4.06338, 51.08405], [-4.06302, 51.08392], [-4.06134, 51.08386], [-4.0613, 51.08355], [-4.06177, 51.08343], [-4.06334, 51.08235], [-4.06602, 51.0818], [-4.06714, 51.08119], [-4.0695, 51.08129], [-4.07341, 51.08047], [-4.07359, 51.08079], [-4.07376, 51.08054], [-4.07646, 51.08158], [-4.07626, 51.08129], [-4.07396, 51.08057], [-4.07406, 51.0803], [-4.07548, 51.08002], [-4.07668, 51.0804], [-4.07974, 51.08236], [-4.08191, 51.08314], [-4.07748, 51.0823], [-4.0849, 51.08404], [-4.08822, 51.0858], [-4.09229, 51.08662], [-4.0923, 51.08662], [-4.09238, 51.08663], [-4.09618, 51.08746], [-4.09917, 51.08865], [-4.09914, 51.08928], [-4.09937, 51.08879], [-4.10197, 51.0902], [-4.10488, 51.0925], [-4.10678, 51.09322], [-4.10721, 51.09368], [-4.11294, 51.09444], [-4.11891, 51.09463], [-4.1287, 51.09347], [-4.12882, 51.09191], [-4.12827, 51.09147], [-4.12926, 51.08979], [-4.12927, 51.08799], [-4.13119, 51.08655], [-4.13314, 51.08584], [-4.14655, 51.08373], [-4.14984, 51.08445], [-4.15217, 51.08534], [-4.15713, 51.08539], [-4.15956, 51.08505], [-4.1621, 51.08381], [-4.16375, 51.08358], [-4.16591, 51.08471], [-4.16897, 51.08751], [-4.16716, 51.09063], [-4.16769, 51.09207], [-4.16756, 51.09328], [-4.16755, 51.09334], [-4.16448, 51.09791], [-4.16452, 51.09995], [-4.16391, 51.10051], [-4.16273, 51.1007], [-4.16424, 51.10048], [-4.16472, 51.09996], [-4.16498, 51.09824], [-4.16542, 51.09819], [-4.16502, 51.09796], [-4.1654, 51.09676], [-4.16886, 51.09266], [-4.16919, 51.09144], [-4.16901, 51.09127], [-4.16884, 51.09171], [-4.16838, 51.09092], [-4.1692, 51.09072], [-4.17025, 51.08843], [-4.17098, 51.08794], [-4.17086, 51.08723], [-4.17086, 51.08722], [-4.16704, 51.08419], [-4.16768, 51.0822], [-4.1676, 51.08159], [-4.16698, 51.0811], [-4.16729, 51.08059], [-4.1666, 51.08047], [-4.17329, 51.07933], [-4.18181, 51.07728], [-4.18189, 51.07726], [-4.18547, 51.07616], [-4.188, 51.07302], [-4.19076, 51.07133], [-4.1912, 51.07088], [-4.19091, 51.07058], [-4.19179, 51.07009], [-4.19157, 51.0694], [-4.19079, 51.06928], [-4.19026, 51.06778], [-4.18972, 51.06767], [-4.18837, 51.06808], [-4.18772, 51.06788], [-4.18819, 51.0668], [-4.18983, 51.06607], [-4.19296, 51.06714], [-4.19877, 51.07003], [-4.20294, 51.07072], [-4.20579, 51.07151], [-4.20949, 51.07353], [-4.21308, 51.07473], [-4.21744, 51.0768], [-4.21856, 51.07806], [-4.22008, 51.08219], [-4.22229, 51.08522], [-4.22323, 51.08744], [-4.22305, 51.10132], [-4.22185, 51.11208], [-4.22245, 51.11769], [-4.22406, 51.11776], [-4.22582, 51.11843], [-4.22859, 51.11827], [-4.23115, 51.11889], [-4.23196, 51.11872], [-4.2331, 51.1192], [-4.23482, 51.11906], [-4.23515, 51.11914], [-4.23458, 51.11915], [-4.23468, 51.11943], [-4.23898, 51.12007], [-4.23723, 51.12025], [-4.23929, 51.12025], [-4.23988, 51.12055], [-4.23916, 51.12061], [-4.24037, 51.12059], [-4.23934, 51.12068], [-4.24061, 51.12085], [-4.2397, 51.12097], [-4.24082, 51.12121], [-4.23997, 51.1215], [-4.24109, 51.12157], [-4.24046, 51.12176], [-4.2406, 51.12196], [-4.24209, 51.1222], [-4.24174, 51.12247], [-4.24262, 51.12238], [-4.24199, 51.12247], [-4.24318, 51.12282], [-4.2425, 51.12308], [-4.24309, 51.12322], [-4.24233, 51.12381], [-4.24297, 51.12407], [-4.24262, 51.12407], [-4.24291, 51.12434], [-4.24246, 51.12492], [-4.24286, 51.12515], [-4.24218, 51.12533], [-4.24252, 51.12549], [-4.24161, 51.1255], [-4.24106, 51.12594], [-4.24126, 51.12616], [-4.24005, 51.12648], [-4.23986, 51.12692], [-4.23921, 51.12696], [-4.23956, 51.12743], [-4.23852, 51.12743], [-4.23777, 51.12983], [-4.23589, 51.13089], [-4.23729, 51.1302], [-4.23844, 51.13152], [-4.23916, 51.13335], [-4.24004, 51.13347], [-4.23963, 51.1335], [-4.24031, 51.13366], [-4.24038, 51.13401], [-4.24189, 51.13407], [-4.24498, 51.13502], [-4.24445, 51.13503], [-4.24503, 51.13512], [-4.24453, 51.13522], [-4.2449, 51.1353], [-4.24408, 51.13538], [-4.24659, 51.13542], [-4.24707, 51.1357], [-4.24605, 51.13566], [-4.24713, 51.13578], [-4.24646, 51.13592], [-4.24733, 51.13602], [-4.24782, 51.13661], [-4.24868, 51.13675], [-4.24793, 51.1369], [-4.24941, 51.13724], [-4.24937, 51.13755], [-4.24833, 51.13757], [-4.24861, 51.13763], [-4.24937, 51.13778], [-4.24895, 51.13807], [-4.24986, 51.13788], [-4.24979, 51.13814], [-4.25346, 51.13897], [-4.2537, 51.13933], [-4.25447, 51.13936], [-4.25509, 51.13983], [-4.25532, 51.13954], [-4.25633, 51.13959], [-4.25594, 51.13971], [-4.25675, 51.13987], [-4.25714, 51.14032], [-4.25925, 51.14101], [-4.25926, 51.14146], [-4.2605, 51.14161], [-4.26052, 51.14164], [-4.26007, 51.14193], [-4.26028, 51.14247], [-4.26189, 51.1428], [-4.26159, 51.14321], [-4.26147, 51.14337], [-4.2611, 51.14324], [-4.26084, 51.14341], [-4.26053, 51.14357], [-4.25969, 51.14324], [-4.2588, 51.1434], [-4.25942, 51.14403], [-4.25871, 51.14411], [-4.25848, 51.14453], [-4.25964, 51.1448], [-4.25815, 51.14493], [-4.25808, 51.14498], [-4.25807, 51.14499], [-4.25721, 51.14567], [-4.25739, 51.1466], [-4.25601, 51.14686], [-4.25571, 51.14692], [-4.25493, 51.14663], [-4.25394, 51.14653], [-4.25394, 51.14656], [-4.25387, 51.14654], [-4.25384, 51.14647], [-4.2538, 51.14653], [-4.2537, 51.14651], [-4.25369, 51.14668], [-4.25362, 51.14677], [-4.2515, 51.1465], [-4.25098, 51.1462], [-4.25088, 51.14614], [-4.25092, 51.14617], [-4.24852, 51.1458], [-4.24794, 51.14539], [-4.24525, 51.14574], [-4.24434, 51.14526], [-4.24293, 51.14558], [-4.24157, 51.14517], [-4.24055, 51.14557], [-4.23911, 51.14519], [-4.23703, 51.14566], [-4.23665, 51.1454], [-4.2349, 51.14559], [-4.23464, 51.14527], [-4.23284, 51.14523], [-4.23234, 51.14497], [-4.22988, 51.14524], [-4.22517, 51.14426], [-4.22375, 51.14423], [-4.22357, 51.14455], [-4.22246, 51.14464], [-4.22213, 51.14549], [-4.22144, 51.14557], [-4.21984, 51.14676], [-4.21634, 51.15139], [-4.2163, 51.15146], [-4.21456, 51.15423], [-4.2121, 51.16049], [-4.20976, 51.17077], [-4.20977, 51.17264], [-4.21242, 51.17336], [-4.21227, 51.17358], [-4.21291, 51.17389], [-4.21255, 51.17431], [-4.21304, 51.17439], [-4.21251, 51.17462], [-4.21333, 51.17505], [-4.2126, 51.17511], [-4.21449, 51.17646], [-4.21335, 51.17615], [-4.21422, 51.177], [-4.21326, 51.17684], [-4.2138, 51.17741], [-4.21303, 51.17707], [-4.21346, 51.17744], [-4.21221, 51.17763], [-4.21148, 51.17839], [-4.21429, 51.18045], [-4.21386, 51.18098], [-4.21388, 51.18203], [-4.21437, 51.18245], [-4.21566, 51.18241], [-4.21582, 51.18327], [-4.21715, 51.18344], [-4.21824, 51.18422], [-4.21964, 51.18438], [-4.22022, 51.18492], [-4.22081, 51.18489], [-4.22161, 51.18569], [-4.22249, 51.18581], [-4.2223, 51.18616], [-4.22373, 51.18632], [-4.22489, 51.1859], [-4.22585, 51.18596], [-4.22694, 51.18648], [-4.22597, 51.18665], [-4.22934, 51.18722], [-4.23058, 51.1878], [-4.2288, 51.18827], [-4.22926, 51.18848], [-4.22766, 51.18872], [-4.22808, 51.18896], [-4.22496, 51.18878], [-4.22238, 51.1894], [-4.22271, 51.18961], [-4.22163, 51.18953], [-4.21889, 51.18998], [-4.21874, 51.18997], [-4.21805, 51.18982], [-4.21737, 51.18932], [-4.21782, 51.19009], [-4.21679, 51.18991], [-4.21688, 51.19019], [-4.21678, 51.19018], [-4.21621, 51.18981], [-4.21635, 51.18945], [-4.21551, 51.18981], [-4.21485, 51.18965], [-4.21508, 51.18987], [-4.21471, 51.19002], [-4.21398, 51.18964], [-4.21435, 51.18991], [-4.21363, 51.19026], [-4.21267, 51.18983], [-4.21314, 51.19018], [-4.21265, 51.1905], [-4.21158, 51.1902], [-4.21213, 51.19069], [-4.21136, 51.19041], [-4.21143, 51.19061], [-4.21065, 51.19055], [-4.21093, 51.19106], [-4.2104, 51.19092], [-4.21064, 51.1914], [-4.20994, 51.19144], [-4.21009, 51.1919], [-4.20911, 51.19209], [-4.20863, 51.19191], [-4.20876, 51.19212], [-4.20831, 51.19203], [-4.20729, 51.1926], [-4.20689, 51.19405], [-4.20737, 51.19483], [-4.20796, 51.19502], [-4.20672, 51.19515], [-4.20657, 51.19551], [-4.20711, 51.1958], [-4.20667, 51.19595], [-4.20589, 51.19552], [-4.20507, 51.19564], [-4.20518, 51.19608], [-4.20495, 51.19585], [-4.20449, 51.19616], [-4.20427, 51.19677], [-4.20475, 51.19692], [-4.20408, 51.19693], [-4.20385, 51.19735], [-4.20465, 51.19798], [-4.20336, 51.19801], [-4.20353, 51.19851], [-4.2028, 51.19857], [-4.20256, 51.19905], [-4.20279, 51.19925], [-4.20398, 51.19917], [-4.20409, 51.19956], [-4.20253, 51.19935], [-4.20324, 51.1998], [-4.20206, 51.19983], [-4.20263, 51.20017], [-4.20164, 51.19983], [-4.20192, 51.20021], [-4.20118, 51.19973], [-4.2017, 51.20031], [-4.2013, 51.20062], [-4.19999, 51.20019], [-4.20019, 51.20047], [-4.19908, 51.20031], [-4.19902, 51.2003], [-4.1984, 51.19935], [-4.19605, 51.19961], [-4.19458, 51.19917], [-4.1949, 51.19937], [-4.19462, 51.1995], [-4.194, 51.19911], [-4.1944, 51.19939], [-4.19308, 51.19924], [-4.19311, 51.19891], [-4.19311, 51.19891], [-4.19311, 51.19886], [-4.19072, 51.19996], [-4.1889, 51.19942], [-4.1876, 51.19956], [-4.18736, 51.19982], [-4.18692, 51.19959], [-4.18365, 51.19962], [-4.18368, 51.19989], [-4.18298, 51.19958], [-4.18303, 51.19917], [-4.18183, 51.19876], [-4.1813, 51.19882], [-4.18133, 51.1991], [-4.18041, 51.19858], [-4.1801, 51.19877], [-4.18017, 51.19805], [-4.17764, 51.19731], [-4.17728, 51.1975], [-4.177, 51.19765], [-4.17723, 51.19825], [-4.17677, 51.19829], [-4.17671, 51.19861], [-4.17638, 51.19827], [-4.17569, 51.19848], [-4.17611, 51.19906], [-4.17494, 51.1987], [-4.17501, 51.19909], [-4.17469, 51.19875], [-4.17396, 51.19883], [-4.17435, 51.19913], [-4.17406, 51.19933], [-4.17307, 51.19896], [-4.17321, 51.19923], [-4.1728, 51.19925], [-4.17157, 51.199], [-4.17113, 51.20101], [-4.17015, 51.2007], [-4.16984, 51.20096], [-4.17052, 51.2016], [-4.16896, 51.20108], [-4.16851, 51.20132], [-4.16813, 51.20116], [-4.16692, 51.20174], [-4.16739, 51.20231], [-4.16669, 51.2021], [-4.16677, 51.20276], [-4.16638, 51.20253], [-4.16613, 51.20282], [-4.16553, 51.20256], [-4.16315, 51.20256], [-4.16265, 51.20227], [-4.16276, 51.20254], [-4.16154, 51.20233], [-4.16156, 51.20258], [-4.1611, 51.20257], [-4.1594, 51.20177], [-4.15862, 51.20198], [-4.15878, 51.20242], [-4.15778, 51.20226], [-4.1571, 51.20269], [-4.15669, 51.20332], [-4.15694, 51.20378], [-4.15624, 51.20383], [-4.15602, 51.20429], [-4.1546, 51.20432], [-4.15388, 51.20398], [-4.15359, 51.2042], [-4.15258, 51.20412], [-4.15175, 51.20346], [-4.1515, 51.20393], [-4.15217, 51.20445], [-4.15152, 51.20444], [-4.15089, 51.20397], [-4.15021, 51.20443], [-4.15018, 51.20442], [-4.1487, 51.20359], [-4.14898, 51.20418], [-4.14796, 51.20374], [-4.14806, 51.20407], [-4.14612, 51.20408], [-4.1461, 51.20409], [-4.14609, 51.2041], [-4.14481, 51.2049], [-4.14492, 51.20522], [-4.14373, 51.20556], [-4.14308, 51.20622], [-4.14312, 51.20695], [-4.14363, 51.20714], [-4.14306, 51.2071], [-4.14218, 51.20639], [-4.14242, 51.20626], [-4.14205, 51.20625], [-4.142, 51.20656], [-4.14167, 51.20642], [-4.14198, 51.20759], [-4.14126, 51.20749], [-4.1405, 51.20674], [-4.14029, 51.20696], [-4.13976, 51.20668], [-4.13998, 51.20712], [-4.13945, 51.20674], [-4.13936, 51.20721], [-4.1374, 51.20733], [-4.13789, 51.20777], [-4.13623, 51.20746], [-4.13599, 51.208], [-4.13532, 51.20813], [-4.13566, 51.20861], [-4.13488, 51.20844], [-4.13548, 51.20918], [-4.13515, 51.20929], [-4.13474, 51.20911], [-4.13379, 51.20866], [-4.13184, 51.20865], [-4.12913, 51.20957], [-4.12842, 51.21026], [-4.12788, 51.21007], [-4.12794, 51.21035], [-4.12713, 51.21044], [-4.12771, 51.21078], [-4.12738, 51.21074], [-4.12749, 51.21109], [-4.12624, 51.21077], [-4.12467, 51.21103], [-4.1219, 51.21048], [-4.12181, 51.21044], [-4.12179, 51.21043], [-4.12187, 51.21048], [-4.12165, 51.21043], [-4.12135, 51.21073], [-4.12168, 51.21088], [-4.12095, 51.21098], [-4.12197, 51.21214], [-4.12158, 51.21263], [-4.11949, 51.21216], [-4.11755, 51.21103], [-4.11591, 51.21116], [-4.11374, 51.21092], [-4.11388, 51.21129], [-4.11348, 51.21144], [-4.11219, 51.2112], [-4.11193, 51.21131], [-4.11253, 51.21149], [-4.1118, 51.2115], [-4.11166, 51.21151], [-4.11164, 51.21093], [-4.11104, 51.21085], [-4.11343, 51.21045], [-4.11313, 51.20972], [-4.11354, 51.21043], [-4.11517, 51.21053], [-4.11566, 51.20972], [-4.11451, 51.20931], [-4.1126, 51.20914], [-4.11153, 51.20948], [-4.11064, 51.20903], [-4.11046, 51.2098], [-4.10867, 51.20983], [-4.10814, 51.20946], [-4.10768, 51.20972], [-4.10787, 51.21008], [-4.1064, 51.20982], [-4.10652, 51.2102], [-4.10584, 51.21005], [-4.10556, 51.21081], [-4.10613, 51.21133], [-4.10562, 51.21138], [-4.10502, 51.21094], [-4.10526, 51.21122], [-4.10467, 51.21134], [-4.10517, 51.21167], [-4.10514, 51.21169], [-4.10399, 51.21144], [-4.10405, 51.21166], [-4.10326, 51.21189], [-4.10256, 51.21257], [-4.10276, 51.21281], [-4.10239, 51.21274], [-4.10337, 51.21306], [-4.10296, 51.21318], [-4.10316, 51.21336], [-4.10202, 51.21281], [-4.10232, 51.21322], [-4.10077, 51.21316], [-4.09986, 51.21263], [-4.10049, 51.21232], [-4.09916, 51.212], [-4.09905, 51.21219], [-4.09867, 51.21196], [-4.09906, 51.21193], [-4.09824, 51.21165], [-4.09809, 51.21088], [-4.09805, 51.21097], [-4.09801, 51.21082], [-4.097, 51.2109], [-4.09579, 51.21189], [-4.09661, 51.21219], [-4.09638, 51.2126], [-4.09553, 51.21239], [-4.09552, 51.21278], [-4.09443, 51.21276], [-4.09477, 51.21297], [-4.09338, 51.21291], [-4.09371, 51.21328], [-4.09298, 51.21293], [-4.09235, 51.21352], [-4.09254, 51.21395], [-4.09143, 51.21372], [-4.09138, 51.21398], [-4.09018, 51.21403], [-4.08841, 51.2156], [-4.08902, 51.21628], [-4.08832, 51.2169], [-4.08878, 51.21707], [-4.08823, 51.21698], [-4.08782, 51.21732], [-4.08559, 51.21709], [-4.08589, 51.21663], [-4.08414, 51.21635], [-4.08341, 51.21591], [-4.08335, 51.21621], [-4.0822, 51.2161], [-4.08236, 51.21732], [-4.08207, 51.21741], [-4.08143, 51.21758], [-4.08133, 51.21767], [-4.08018, 51.21806], [-4.07998, 51.21791], [-4.07998, 51.21791], [-4.07998, 51.21791], [-4.07772, 51.2163], [-4.07792, 51.21529], [-4.07711, 51.21536], [-4.07707, 51.21538], [-4.07639, 51.21576], [-4.07608, 51.21549], [-4.07586, 51.21574], [-4.07506, 51.21547], [-4.07406, 51.21558], [-4.07106, 51.21423], [-4.0701, 51.21417], [-4.06971, 51.21481], [-4.06927, 51.21456], [-4.06926, 51.21459], [-4.06991, 51.21527], [-4.07216, 51.2159], [-4.0727, 51.21642], [-4.07483, 51.21669], [-4.07501, 51.21692], [-4.07366, 51.21693], [-4.07239, 51.21738], [-4.07219, 51.21669], [-4.07216, 51.21669], [-4.07216, 51.21668], [-4.07069, 51.21681], [-4.07036, 51.2165], [-4.07066, 51.21644], [-4.06987, 51.21643], [-4.07047, 51.21628], [-4.06922, 51.21613], [-4.06967, 51.21595], [-4.0652, 51.21513], [-4.06483, 51.21485], [-4.06526, 51.21443], [-4.06454, 51.21447], [-4.06411, 51.21441], [-4.0639, 51.21419], [-4.06432, 51.214], [-4.06351, 51.21397], [-4.0652, 51.21359], [-4.06386, 51.21327], [-4.0642, 51.21354], [-4.06345, 51.21355], [-4.06345, 51.21355], [-4.06343, 51.21355], [-4.06324, 51.21325], [-4.06216, 51.2132], [-4.06185, 51.21303], [-4.0624, 51.21289], [-4.06131, 51.21274], [-4.0608, 51.21247], [-4.06037, 51.21174], [-4.05983, 51.21169], [-4.06008, 51.21199], [-4.05971, 51.21168], [-4.05885, 51.21169], [-4.05781, 51.21241], [-4.05617, 51.21193], [-4.05595, 51.21132], [-4.05548, 51.21123], [-4.05612, 51.21079], [-4.05504, 51.21055], [-4.05483, 51.20981], [-4.05302, 51.20984], [-4.0528, 51.2098], [-4.05306, 51.20921], [-4.05209, 51.20899], [-4.05199, 51.20884], [-4.05228, 51.20845], [-4.05077, 51.20745], [-4.04984, 51.20746], [-4.05001, 51.20784], [-4.04934, 51.20736], [-4.04942, 51.2076], [-4.04844, 51.20745], [-4.0479, 51.20787], [-4.0469, 51.20759], [-4.04715, 51.20797], [-4.04546, 51.20718], [-4.04535, 51.20743], [-4.04498, 51.20724], [-4.04507, 51.20765], [-4.04467, 51.20742], [-4.04505, 51.20785], [-4.04462, 51.20771], [-4.04445, 51.20803], [-4.04421, 51.2074], [-4.0438, 51.20765], [-4.04317, 51.20728], [-4.04259, 51.2074], [-4.04257, 51.20706], [-4.0421, 51.2072], [-4.04141, 51.20662], [-4.04136, 51.20658], [-4.04074, 51.20666], [-4.04051, 51.20705], [-4.03875, 51.20667], [-4.03809, 51.20751], [-4.03971, 51.20793], [-4.04007, 51.20967], [-4.04129, 51.20974], [-4.04141, 51.21002], [-4.04099, 51.21016], [-4.04, 51.21023], [-4.03963, 51.21026], [-4.03868, 51.21024], [-4.0372, 51.2101], [-4.03653, 51.20971], [-4.03599, 51.21021], [-4.03544, 51.2098], [-4.03504, 51.21017], [-4.03364, 51.20999], [-4.03183, 51.21052], [-4.03081, 51.21156], [-4.03239, 51.21344], [-4.03238, 51.21344], [-4.0324, 51.21344], [-4.03247, 51.21353], [-4.03228, 51.21407], [-4.03216, 51.21417], [-4.03216, 51.21418], [-4.03216, 51.21418], [-4.03221, 51.21425], [-4.0321, 51.21456], [-4.03079, 51.21546], [-4.03056, 51.21555], [-4.02976, 51.21555], [-4.02851, 51.21633], [-4.02837, 51.21638], [-4.02551, 51.21639], [-4.02435, 51.21555], [-4.02376, 51.21553], [-4.02213, 51.21616], [-4.02184, 51.21646], [-4.02212, 51.21667], [-4.02211, 51.21667], [-4.02161, 51.21673], [-4.02108, 51.2167], [-4.02066, 51.21626], [-4.01979, 51.21663], [-4.01722, 51.21632], [-4.01454, 51.21715], [-4.01318, 51.21728], [-4.00863, 51.21665], [-4.00603, 51.21725], [-4.00598, 51.2173], [-4.00496, 51.2183], [-4.00399, 51.21819], [-4.00317, 51.21926], [-4.00192, 51.21904], [-4.00182, 51.21866], [-4.00088, 51.21852], [-4.00004, 51.21786], [-3.99887, 51.21834], [-3.99798, 51.21835], [-3.99708, 51.21794], [-3.99685, 51.21836], [-3.99604, 51.21813], [-3.9961, 51.2178], [-3.99558, 51.21805], [-3.99512, 51.21771], [-3.99387, 51.21755], [-3.99294, 51.21829], [-3.99238, 51.21829], [-3.99157, 51.21816], [-3.99154, 51.21816], [-3.99148, 51.21798], [-3.98867, 51.21834], [-3.98818, 51.21793], [-3.98759, 51.21806], [-3.98776, 51.21827], [-3.98718, 51.21867], [-3.984, 51.21852], [-3.98281, 51.2182], [-3.98164, 51.21874], [-3.98137, 51.21922], [-3.98049, 51.2194], [-3.9794, 51.21903], [-3.97882, 51.21919], [-3.97773, 51.21897], [-3.97639, 51.21967], [-3.97587, 51.2205], [-3.97511, 51.22036], [-3.97478, 51.21981], [-3.97272, 51.22002], [-3.97124, 51.21933], [-3.97027, 51.21932], [-3.96994, 51.21985], [-3.9688, 51.21927], [-3.96697, 51.21943], [-3.96696, 51.21943], [-3.96518, 51.21928], [-3.96477, 51.21954], [-3.96506, 51.2197], [-3.96466, 51.21973], [-3.96313, 51.21917], [-3.96115, 51.21933], [-3.96049, 51.21909], [-3.9596, 51.21926], [-3.95899, 51.21981], [-3.95873, 51.21971], [-3.9587, 51.21972], [-3.95861, 51.2196], [-3.95861, 51.2196], [-3.95861, 51.2196], [-3.9586, 51.2196], [-3.95825, 51.21912], [-3.95837, 51.21958], [-3.95788, 51.21955], [-3.95788, 51.21955], [-3.95787, 51.21956], [-3.95767, 51.21928], [-3.95711, 51.21989], [-3.95679, 51.21953], [-3.95701, 51.21995], [-3.95651, 51.22024], [-3.95611, 51.2201], [-3.95607, 51.22043], [-3.95442, 51.22043], [-3.95401, 51.22013], [-3.95392, 51.22075], [-3.95366, 51.22055], [-3.95371, 51.22077], [-3.95236, 51.22089], [-3.95165, 51.22065], [-3.95218, 51.22102], [-3.95099, 51.2208], [-3.95056, 51.22104], [-3.9508, 51.2212], [-3.95025, 51.22099], [-3.94952, 51.22146], [-3.94831, 51.22142], [-3.94833, 51.22174], [-3.94749, 51.22172], [-3.94577, 51.2229], [-3.94525, 51.22357], [-3.94548, 51.22413], [-3.94451, 51.2244], [-3.94454, 51.2248], [-3.94447, 51.22485], [-3.94454, 51.22489], [-3.94455, 51.22499], [-3.94405, 51.22498], [-3.94404, 51.22498], [-3.94404, 51.22498], [-3.94395, 51.22502], [-3.94236, 51.22503], [-3.94167, 51.22571], [-3.94189, 51.22603], [-3.94084, 51.22712], [-3.94012, 51.22718], [-3.93969, 51.22795], [-3.94001, 51.22799], [-3.93877, 51.22878], [-3.93731, 51.22887], [-3.93666, 51.2287], [-3.93681, 51.22847], [-3.93569, 51.22842], [-3.93606, 51.22851], [-3.93536, 51.22884], [-3.93437, 51.22871], [-3.93407, 51.22918], [-3.93142, 51.22975], [-3.93104, 51.22979], [-3.92823, 51.22954], [-3.92723, 51.23032], [-3.92716, 51.23099], [-3.92764, 51.2311], [-3.92619, 51.23181], [-3.92539, 51.23141], [-3.92589, 51.23177], [-3.92564, 51.2319], [-3.9249, 51.23124], [-3.92478, 51.23144], [-3.9227, 51.23102], [-3.92256, 51.23071], [-3.92073, 51.23048], [-3.92038, 51.23012], [-3.91927, 51.23031], [-3.91873, 51.2299], [-3.91732, 51.23049], [-3.91703, 51.2305], [-3.91582, 51.2303], [-3.91536, 51.23037], [-3.91446, 51.23043], [-3.91433, 51.23027], [-3.91322, 51.23045], [-3.91063, 51.22961], [-3.9102, 51.22979], [-3.90982, 51.22943], [-3.90991, 51.22982], [-3.90909, 51.22974], [-3.90866, 51.22922], [-3.90826, 51.22916], [-3.90859, 51.22964], [-3.90791, 51.22966], [-3.90807, 51.229], [-3.90704, 51.22954], [-3.90704, 51.229], [-3.90569, 51.22874], [-3.90443, 51.22909], [-3.90362, 51.22896], [-3.90407, 51.22964], [-3.9023, 51.22902], [-3.90222, 51.22857], [-3.90187, 51.22867], [-3.90149, 51.22831], [-3.90121, 51.22634], [-3.89926, 51.2257], [-3.89827, 51.22568], [-3.89819, 51.22604], [-3.8972, 51.22588], [-3.89736, 51.22536], [-3.89699, 51.22564], [-3.89629, 51.22529], [-3.89612, 51.22568], [-3.89612, 51.22446], [-3.8923, 51.22408], [-3.89203, 51.22377], [-3.89046, 51.22434], [-3.8901, 51.22484], [-3.88959, 51.22459], [-3.88977, 51.22478], [-3.88923, 51.22472], [-3.88898, 51.22517], [-3.88867, 51.22493], [-3.88728, 51.22544], [-3.8874, 51.2257], [-3.88684, 51.22534], [-3.88618, 51.22563], [-3.8854, 51.22517], [-3.88525, 51.22554], [-3.88492, 51.22528], [-3.88476, 51.22577], [-3.88389, 51.22555], [-3.8828, 51.22664], [-3.88285, 51.22743], [-3.8821, 51.22749], [-3.88257, 51.22798], [-3.8821, 51.22804], [-3.88163, 51.22771], [-3.88137, 51.22798], [-3.88075, 51.2288], [-3.8809, 51.22928], [-3.88086, 51.22934], [-3.87888, 51.22856], [-3.87882, 51.22886], [-3.87844, 51.22884], [-3.87835, 51.22806], [-3.87739, 51.22765], [-3.87662, 51.22785], [-3.87625, 51.22737], [-3.87558, 51.22772], [-3.87501, 51.22758], [-3.87504, 51.22809], [-3.87383, 51.2275], [-3.87369, 51.2271], [-3.87271, 51.22705], [-3.87287, 51.22743], [-3.87247, 51.22709], [-3.87166, 51.22784], [-3.8726, 51.22937], [-3.87243, 51.2301], [-3.8716, 51.23009], [-3.87208, 51.23057], [-3.87138, 51.23034], [-3.87194, 51.23125], [-3.8703, 51.23122], [-3.87091, 51.23149], [-3.87007, 51.23156], [-3.86986, 51.23154], [-3.86896, 51.23107], [-3.86411, 51.23148], [-3.86355, 51.23119], [-3.86358, 51.2316], [-3.86302, 51.23106], [-3.86152, 51.23077], [-3.86008, 51.23111], [-3.85924, 51.2323], [-3.85718, 51.23289], [-3.85717, 51.23328], [-3.85686, 51.23305], [-3.85592, 51.23325], [-3.85551, 51.2337], [-3.85499, 51.23369], [-3.85475, 51.23429], [-3.8541, 51.23421], [-3.85374, 51.23457], [-3.84972, 51.23487], [-3.8487, 51.23466], [-3.84851, 51.23492], [-3.84572, 51.23523], [-3.8442, 51.23503], [-3.8417, 51.23533], [-3.83923, 51.235], [-3.83619, 51.23387], [-3.83487, 51.23282], [-3.83267, 51.2319], [-3.83071, 51.23205], [-3.83122, 51.23162], [-3.83112, 51.23113], [-3.8309, 51.23092], [-3.8309, 51.23122], [-3.83055, 51.23182], [-3.83082, 51.23121], [-3.83082, 51.23109], [-3.83084, 51.23104], [-3.83082, 51.23102], [-3.83082, 51.23089], [-3.83007, 51.23042], [-3.83047, 51.23109], [-3.82989, 51.23205], [-3.82747, 51.23273], [-3.82518, 51.23183], [-3.82196, 51.23155], [-3.82107, 51.23181], [-3.81889, 51.23172], [-3.8169, 51.2314], [-3.81698, 51.23161], [-3.816, 51.2312], [-3.8145, 51.23108], [-3.81343, 51.23115], [-3.81228, 51.23194], [-3.81046, 51.23164], [-3.81031, 51.2319], [-3.81005, 51.23171], [-3.80857, 51.23179], [-3.80666, 51.23233], [-3.80112, 51.23572], [-3.80096, 51.23627], [-3.79955, 51.23675], [-3.79821, 51.23796], [-3.7984, 51.23842], [-3.79753, 51.2384], [-3.79531, 51.2404], [-3.79501, 51.24099], [-3.79579, 51.24181], [-3.79519, 51.24179], [-3.79465, 51.24207], [-3.79498, 51.24226], [-3.79467, 51.24246], [-3.79352, 51.24271], [-3.79226, 51.24398], [-3.79073, 51.24406], [-3.78969, 51.24477], [-3.78935, 51.2446], [-3.78949, 51.24493], [-3.78845, 51.24547], [-3.78873, 51.24586], [-3.78809, 51.24568], [-3.78828, 51.24608], [-3.78786, 51.24592], [-3.78709, 51.24627], [-3.78702, 51.24627], [-3.78673, 51.24607], [-3.78548, 51.24641]]]}}, {"type": "Feature", "properties": {"name": "South Hams"}, "geometry": {"type": "MultiPolygon", "coordinates": [[[[-3.90179, 50.27792], [-3.90166, 50.27735], [-3.90288, 50.27787], [-3.90197, 50.27817], [-3.90179, 50.27792]]], [[[-3.8982, 50.28067], [-3.89689, 50.27915], [-3.89783, 50.27938], [-3.89786, 50.27907], [-3.89686, 50.27886], [-3.89788, 50.27876], [-3.89787, 50.27904], [-3.89857, 50.2788], [-3.89892, 50.27911], [-3.89908, 50.27866], [-3.89964, 50.27902], [-3.90016, 50.27876], [-3.89998, 50.27852], [-3.90004, 50.27854], [-3.90002, 50.2785], [-3.90007, 50.27851], [-3.90001, 50.27848], [-3.89994, 50.27837], [-3.90047, 50.27837], [-3.90007, 50.27796], [-3.90116, 50.27793], [-3.90114, 50.27772], [-3.90185, 50.27825], [-3.90109, 50.27856], [-3.90188, 50.2786], [-3.9022, 50.27937], [-3.90271, 50.27918], [-3.90294, 50.27999], [-3.90201, 50.27989], [-3.90237, 50.28026], [-3.90154, 50.28053], [-3.90054, 50.2804], [-3.90122, 50.28088], [-3.90066, 50.28115], [-3.89959, 50.28097], [-3.8982, 50.28067]]], [[[-4.10902, 50.30593], [-4.10874, 50.30573], [-4.10948, 50.30573], [-4.10902, 50.30593]]], [[[-4.10856, 50.30616], [-4.10842, 50.30594], [-4.10886, 50.30594], [-4.10856, 50.30616]]], [[[-4.10581, 50.30665], [-4.1062, 50.3063], [-4.10776, 50.3063], [-4.10784, 50.30656], [-4.10851, 50.30664], [-4.10843, 50.30731], [-4.10786, 50.30778], [-4.10764, 50.30782], [-4.10557, 50.30815], [-4.10493, 50.30758], [-4.10557, 50.30717], [-4.10532, 50.30677], [-4.1055, 50.30667], [-4.10569, 50.30666], [-4.10581, 50.30666], [-4.10581, 50.30665]]], [[[-4.17515, 50.4232], [-4.1757, 50.42275], [-4.17594, 50.42321], [-4.17515, 50.4232]]], [[[-3.87504, 50.5378], [-3.87276, 50.53602], [-3.87201, 50.53447], [-3.87144, 50.53414], [-3.8664, 50.53454], [-3.86321, 50.53446], [-3.86159, 50.53408], [-3.85856, 50.53258], [-3.85539, 50.53314], [-3.85306, 50.53544], [-3.85164, 50.53615], [-3.84474, 50.53443], [-3.84335, 50.53331], [-3.84405, 50.53175], [-3.84385, 50.53104], [-3.84269, 50.53049], [-3.84033, 50.5302], [-3.83656, 50.52746], [-3.83611, 50.52669], [-3.83658, 50.52529], [-3.83716, 50.52489], [-3.83631, 50.52331], [-3.8293, 50.51827], [-3.82722, 50.51641], [-3.82529, 50.51679], [-3.82259, 50.51661], [-3.82185, 50.51693], [-3.82024, 50.51919], [-3.81999, 50.52204], [-3.81821, 50.52504], [-3.81731, 50.5253], [-3.81541, 50.52518], [-3.81371, 50.52541], [-3.81358, 50.52596], [-3.81457, 50.52738], [-3.81493, 50.52949], [-3.8111, 50.53086], [-3.80896, 50.53282], [-3.8055, 50.53289], [-3.80521, 50.53388], [-3.80389, 50.53542], [-3.80198, 50.53676], [-3.80088, 50.53693], [-3.79947, 50.53639], [-3.79836, 50.53496], [-3.79487, 50.53256], [-3.7977, 50.52988], [-3.798, 50.52583], [-3.79964, 50.52274], [-3.7995, 50.5217], [-3.79817, 50.52095], [-3.79427, 50.52084], [-3.79115, 50.52144], [-3.78941, 50.52122], [-3.78802, 50.52055], [-3.78476, 50.51772], [-3.78537, 50.51355], [-3.7875, 50.50998], [-3.7863, 50.50742], [-3.7871, 50.50501], [-3.78823, 50.50381], [-3.79166, 50.5023], [-3.79177, 50.50143], [-3.79069, 50.50017], [-3.78922, 50.49941], [-3.78557, 50.49872], [-3.78041, 50.49883], [-3.7784, 50.49855], [-3.77638, 50.49734], [-3.77586, 50.49559], [-3.77909, 50.49491], [-3.78293, 50.49473], [-3.78717, 50.4949], [-3.79073, 50.49561], [-3.78951, 50.49295], [-3.7922, 50.49299], [-3.79529, 50.49197], [-3.79434, 50.49], [-3.79515, 50.48968], [-3.79816, 50.48943], [-3.79697, 50.48729], [-3.79485, 50.48641], [-3.79303, 50.48394], [-3.79113, 50.48226], [-3.79428, 50.48098], [-3.7933, 50.48005], [-3.79324, 50.47843], [-3.79225, 50.47849], [-3.7919, 50.47781], [-3.78888, 50.47826], [-3.78613, 50.47774], [-3.78698, 50.47704], [-3.78728, 50.4756], [-3.78628, 50.47545], [-3.7866, 50.4732], [-3.78731, 50.47197], [-3.78678, 50.47207], [-3.78641, 50.47263], [-3.78487, 50.4729], [-3.78445, 50.47332], [-3.78201, 50.47229], [-3.78101, 50.47002], [-3.77979, 50.46859], [-3.77882, 50.46588], [-3.77667, 50.46395], [-3.77597, 50.46415], [-3.77425, 50.46355], [-3.77292, 50.46349], [-3.77227, 50.46438], [-3.76814, 50.46706], [-3.76582, 50.46669], [-3.76414, 50.46749], [-3.76204, 50.46774], [-3.75886, 50.46682], [-3.75894, 50.47004], [-3.75769, 50.47354], [-3.75789, 50.47442], [-3.76091, 50.47719], [-3.76079, 50.47853], [-3.7612, 50.47905], [-3.7663, 50.48187], [-3.76748, 50.48489], [-3.7692, 50.48581], [-3.76833, 50.48886], [-3.76613, 50.49243], [-3.76559, 50.49403], [-3.76578, 50.496], [-3.76781, 50.49955], [-3.76823, 50.50136], [-3.76777, 50.50341], [-3.76658, 50.50506], [-3.76436, 50.50671], [-3.75835, 50.50915], [-3.75629, 50.51039], [-3.75037, 50.50933], [-3.74743, 50.50803], [-3.74521, 50.50759], [-3.74185, 50.50796], [-3.7374, 50.50634], [-3.73725, 50.50548], [-3.73586, 50.50382], [-3.73527, 50.50239], [-3.73413, 50.50138], [-3.73042, 50.49885], [-3.72758, 50.49775], [-3.72519, 50.49532], [-3.72334, 50.49438], [-3.72269, 50.49457], [-3.72233, 50.49427], [-3.72153, 50.49433], [-3.7207, 50.49402], [-3.72023, 50.4934], [-3.71936, 50.49345], [-3.71849, 50.49304], [-3.71871, 50.49244], [-3.71696, 50.49067], [-3.71761, 50.4892], [-3.71685, 50.48827], [-3.71705, 50.48742], [-3.7162, 50.48673], [-3.71608, 50.48575], [-3.71548, 50.48502], [-3.71207, 50.48301], [-3.71164, 50.48236], [-3.71095, 50.48283], [-3.71045, 50.48261], [-3.71024, 50.48179], [-3.70838, 50.48099], [-3.70787, 50.48128], [-3.70752, 50.48096], [-3.70648, 50.48114], [-3.70601, 50.48049], [-3.70387, 50.48046], [-3.70316, 50.48002], [-3.7, 50.47965], [-3.69868, 50.4787], [-3.69829, 50.47885], [-3.69719, 50.47827], [-3.69407, 50.47785], [-3.69375, 50.47594], [-3.69228, 50.47472], [-3.69123, 50.47447], [-3.69139, 50.47397], [-3.69079, 50.47363], [-3.69081, 50.47325], [-3.68989, 50.47289], [-3.6895, 50.47225], [-3.6885, 50.47199], [-3.68631, 50.4701], [-3.68302, 50.46909], [-3.68247, 50.46842], [-3.68193, 50.46852], [-3.6815, 50.46822], [-3.68152, 50.46794], [-3.68002, 50.46808], [-3.6796, 50.46761], [-3.67788, 50.46701], [-3.67679, 50.46698], [-3.67495, 50.46611], [-3.67442, 50.46626], [-3.67321, 50.46532], [-3.67195, 50.46499], [-3.67112, 50.4642], [-3.67114, 50.46316], [-3.67022, 50.46225], [-3.66936, 50.46216], [-3.66886, 50.46302], [-3.66911, 50.46342], [-3.66835, 50.46415], [-3.66791, 50.46543], [-3.66867, 50.46602], [-3.66835, 50.46674], [-3.66703, 50.46717], [-3.66637, 50.46788], [-3.66495, 50.46792], [-3.66491, 50.46876], [-3.66459, 50.46903], [-3.66409, 50.46891], [-3.66406, 50.46922], [-3.66259, 50.46979], [-3.66198, 50.46966], [-3.65801, 50.47169], [-3.65686, 50.47145], [-3.65549, 50.47206], [-3.65471, 50.47187], [-3.6533, 50.47064], [-3.65469, 50.47032], [-3.65516, 50.4698], [-3.65487, 50.4697], [-3.65272, 50.46977], [-3.65224, 50.47021], [-3.65012, 50.47055], [-3.65016, 50.46847], [-3.65245, 50.46814], [-3.65294, 50.46874], [-3.65409, 50.46779], [-3.65362, 50.4674], [-3.65581, 50.4665], [-3.65774, 50.465], [-3.65881, 50.46462], [-3.65306, 50.46382], [-3.64739, 50.46216], [-3.64501, 50.46116], [-3.64248, 50.46303], [-3.64062, 50.4656], [-3.63806, 50.46686], [-3.63719, 50.46785], [-3.63448, 50.46704], [-3.63398, 50.46642], [-3.63326, 50.46638], [-3.63238, 50.46692], [-3.63136, 50.46622], [-3.62734, 50.46618], [-3.62624, 50.46678], [-3.62345, 50.46667], [-3.62142, 50.46828], [-3.62096, 50.46971], [-3.61659, 50.46966], [-3.61421, 50.46921], [-3.6132, 50.4696], [-3.61439, 50.47239], [-3.61259, 50.47225], [-3.61322, 50.4756], [-3.6098, 50.48071], [-3.60858, 50.48159], [-3.60707, 50.48206], [-3.60442, 50.48404], [-3.6031, 50.48451], [-3.60236, 50.48438], [-3.59932, 50.48443], [-3.59833, 50.48416], [-3.59805, 50.4844], [-3.59522, 50.48324], [-3.59511, 50.48271], [-3.59243, 50.48092], [-3.59145, 50.47966], [-3.59073, 50.47962], [-3.58885, 50.47857], [-3.58756, 50.47856], [-3.58425, 50.47772], [-3.58357, 50.4767], [-3.58365, 50.47597], [-3.58413, 50.47582], [-3.58357, 50.47335], [-3.58261, 50.47192], [-3.5828, 50.46901], [-3.58664, 50.46476], [-3.59051, 50.46231], [-3.59148, 50.45965], [-3.58892, 50.4598], [-3.5887, 50.45847], [-3.58812, 50.45829], [-3.58828, 50.45721], [-3.58698, 50.45699], [-3.58694, 50.45616], [-3.5875, 50.45543], [-3.58799, 50.45534], [-3.58678, 50.4537], [-3.58688, 50.45223], [-3.58843, 50.45196], [-3.58866, 50.45061], [-3.58934, 50.45074], [-3.59063, 50.45026], [-3.59218, 50.45022], [-3.59196, 50.4491], [-3.59426, 50.44851], [-3.59557, 50.4485], [-3.59708, 50.44897], [-3.59959, 50.44798], [-3.6006, 50.4478], [-3.60127, 50.44807], [-3.60296, 50.44796], [-3.60605, 50.4473], [-3.60716, 50.44672], [-3.61278, 50.44697], [-3.61507, 50.44554], [-3.61548, 50.44451], [-3.61931, 50.44239], [-3.62356, 50.44131], [-3.62513, 50.44127], [-3.62527, 50.44044], [-3.62461, 50.44021], [-3.62529, 50.43888], [-3.62535, 50.4368], [-3.62713, 50.43478], [-3.62796, 50.43491], [-3.62841, 50.43432], [-3.62806, 50.43359], [-3.62795, 50.42595], [-3.6242, 50.425], [-3.62354, 50.42439], [-3.62392, 50.42272], [-3.62291, 50.42303], [-3.62161, 50.4228], [-3.61944, 50.42317], [-3.61934, 50.42271], [-3.61691, 50.42312], [-3.61407, 50.42285], [-3.61444, 50.41912], [-3.61392, 50.41803], [-3.61395, 50.41541], [-3.61317, 50.41497], [-3.61329, 50.41452], [-3.61193, 50.41435], [-3.61162, 50.41373], [-3.60985, 50.41393], [-3.60921, 50.41353], [-3.60718, 50.41329], [-3.60724, 50.41272], [-3.60445, 50.41222], [-3.60374, 50.41121], [-3.60248, 50.41105], [-3.60028, 50.4102], [-3.59904, 50.40934], [-3.5976, 50.41013], [-3.59629, 50.40982], [-3.59453, 50.41004], [-3.59359, 50.4099], [-3.59145, 50.40865], [-3.58929, 50.40932], [-3.5877, 50.41059], [-3.58535, 50.41061], [-3.58255, 50.41019], [-3.58199, 50.41117], [-3.57985, 50.41021], [-3.58014, 50.40942], [-3.57799, 50.40843], [-3.5776, 50.40697], [-3.57888, 50.40415], [-3.57639, 50.40371], [-3.57537, 50.40276], [-3.57362, 50.40217], [-3.57559, 50.40109], [-3.57605, 50.4005], [-3.57535, 50.39911], [-3.57556, 50.39718], [-3.57386, 50.39668], [-3.57301, 50.39588], [-3.57482, 50.39499], [-3.57475, 50.39415], [-3.57437, 50.39394], [-3.57336, 50.39486], [-3.57191, 50.39511], [-3.57179, 50.39474], [-3.56927, 50.39389], [-3.56977, 50.39266], [-3.56919, 50.39206], [-3.56727, 50.39181], [-3.56689, 50.39224], [-3.56574, 50.39157], [-3.56473, 50.39209], [-3.56396, 50.39156], [-3.56215, 50.38765], [-3.55999, 50.38492], [-3.55964, 50.38246], [-3.55739, 50.37979], [-3.55517, 50.37789], [-3.54848, 50.37606], [-3.54418, 50.37344], [-3.54369, 50.374], [-3.54146, 50.37461], [-3.54121, 50.3754], [-3.53922, 50.37531], [-3.53665, 50.37596], [-3.5354, 50.37608], [-3.53392, 50.37731], [-3.52964, 50.37824], [-3.5285, 50.37826], [-3.52608, 50.37765], [-3.52074, 50.37815], [-3.51849, 50.37886], [-3.51552, 50.3793], [-3.51551, 50.37894], [-3.51486, 50.37883], [-3.50925, 50.37954], [-3.50807, 50.37942], [-3.50765, 50.37915], [-3.50766, 50.37914], [-3.50841, 50.37787], [-3.50835, 50.37743], [-3.50845, 50.37724], [-3.50844, 50.37724], [-3.50845, 50.37722], [-3.50829, 50.377], [-3.50828, 50.3769], [-3.50896, 50.3766], [-3.50909, 50.37657], [-3.5094, 50.37675], [-3.50943, 50.37673], [-3.5095, 50.37678], [-3.51137, 50.37603], [-3.51448, 50.37399], [-3.51537, 50.37297], [-3.51621, 50.37134], [-3.51617, 50.36992], [-3.5157, 50.36972], [-3.51584, 50.36938], [-3.51454, 50.36922], [-3.51432, 50.3689], [-3.51391, 50.36923], [-3.51355, 50.36902], [-3.51297, 50.36919], [-3.51282, 50.36922], [-3.51315, 50.36888], [-3.51285, 50.36871], [-3.51323, 50.36847], [-3.51343, 50.36848], [-3.51366, 50.36868], [-3.51386, 50.36839], [-3.514, 50.3684], [-3.51404, 50.36811], [-3.5141, 50.36802], [-3.51462, 50.36817], [-3.51459, 50.36796], [-3.51544, 50.36794], [-3.51598, 50.36758], [-3.51634, 50.36704], [-3.5162, 50.3663], [-3.51569, 50.36612], [-3.51621, 50.3657], [-3.5159, 50.36466], [-3.51803, 50.36416], [-3.51859, 50.36363], [-3.52045, 50.36044], [-3.52059, 50.35979], [-3.51979, 50.35917], [-3.5211, 50.35876], [-3.52062, 50.35854], [-3.52107, 50.35807], [-3.52081, 50.35665], [-3.51936, 50.35658], [-3.51934, 50.35657], [-3.51901, 50.35622], [-3.51873, 50.35619], [-3.5182, 50.35601], [-3.51731, 50.35558], [-3.5167, 50.35561], [-3.51627, 50.35557], [-3.51668, 50.35538], [-3.51529, 50.35515], [-3.51579, 50.35443], [-3.51544, 50.35431], [-3.5154, 50.35422], [-3.51474, 50.35404], [-3.5149, 50.35387], [-3.51517, 50.35379], [-3.51523, 50.35353], [-3.51539, 50.35337], [-3.51523, 50.35338], [-3.5149, 50.35334], [-3.51455, 50.35316], [-3.51477, 50.35299], [-3.51495, 50.35294], [-3.51494, 50.35285], [-3.51495, 50.35284], [-3.51494, 50.35283], [-3.51486, 50.35233], [-3.51505, 50.35227], [-3.51485, 50.35225], [-3.51484, 50.35213], [-3.51492, 50.35212], [-3.51483, 50.35209], [-3.51476, 50.35159], [-3.51497, 50.35173], [-3.515, 50.35176], [-3.51509, 50.35162], [-3.51591, 50.35099], [-3.51589, 50.35098], [-3.51623, 50.35085], [-3.51623, 50.35085], [-3.5163, 50.35081], [-3.51622, 50.35081], [-3.51616, 50.35066], [-3.51542, 50.35072], [-3.51516, 50.35058], [-3.51516, 50.35055], [-3.51531, 50.3505], [-3.51639, 50.35025], [-3.51669, 50.34988], [-3.51669, 50.34987], [-3.51675, 50.34987], [-3.51675, 50.34987], [-3.51676, 50.34987], [-3.51676, 50.34986], [-3.51677, 50.34984], [-3.51691, 50.34978], [-3.51689, 50.34962], [-3.51704, 50.34943], [-3.51729, 50.34947], [-3.5173, 50.34947], [-3.5174, 50.3495], [-3.51819, 50.34897], [-3.51821, 50.34862], [-3.5172, 50.3488], [-3.51719, 50.3488], [-3.51735, 50.34875], [-3.51763, 50.34866], [-3.51734, 50.34865], [-3.51723, 50.34825], [-3.51725, 50.34822], [-3.51835, 50.34763], [-3.51844, 50.34747], [-3.51844, 50.34746], [-3.51844, 50.34746], [-3.51868, 50.34703], [-3.51838, 50.34703], [-3.5183, 50.34692], [-3.51786, 50.347], [-3.51787, 50.34699], [-3.51793, 50.34692], [-3.51828, 50.3468], [-3.51782, 50.34683], [-3.51787, 50.34644], [-3.51839, 50.34636], [-3.51839, 50.34639], [-3.51849, 50.34637], [-3.51849, 50.34639], [-3.51849, 50.34639], [-3.51849, 50.3464], [-3.51877, 50.34633], [-3.51931, 50.34622], [-3.51935, 50.34621], [-3.51964, 50.34628], [-3.52022, 50.34643], [-3.52022, 50.34643], [-3.52048, 50.34649], [-3.52059, 50.34624], [-3.5207, 50.34618], [-3.5207, 50.34618], [-3.52074, 50.34618], [-3.52064, 50.34614], [-3.52069, 50.34603], [-3.52021, 50.34585], [-3.5205, 50.34583], [-3.52022, 50.34529], [-3.52046, 50.34511], [-3.52291, 50.34451], [-3.52359, 50.34514], [-3.52362, 50.34519], [-3.52362, 50.34517], [-3.52365, 50.3452], [-3.52365, 50.34515], [-3.52405, 50.34444], [-3.52414, 50.34438], [-3.52563, 50.3443], [-3.52638, 50.34406], [-3.52558, 50.34396], [-3.52589, 50.34394], [-3.52651, 50.34398], [-3.52651, 50.34398], [-3.52661, 50.34399], [-3.52661, 50.3439], [-3.52743, 50.34386], [-3.52718, 50.34343], [-3.52776, 50.34352], [-3.52778, 50.3436], [-3.52767, 50.34382], [-3.52782, 50.34382], [-3.52782, 50.34383], [-3.52833, 50.3438], [-3.52904, 50.34377], [-3.52937, 50.3439], [-3.52974, 50.34421], [-3.531, 50.34435], [-3.53134, 50.34395], [-3.53072, 50.34324], [-3.5308, 50.34322], [-3.53123, 50.34329], [-3.53123, 50.34328], [-3.53124, 50.34329], [-3.53119, 50.34314], [-3.53196, 50.34297], [-3.53166, 50.34275], [-3.53148, 50.34259], [-3.53247, 50.34216], [-3.53243, 50.34199], [-3.53252, 50.34194], [-3.53233, 50.34155], [-3.53231, 50.34145], [-3.53304, 50.34117], [-3.5331, 50.34102], [-3.53348, 50.34056], [-3.53347, 50.34055], [-3.53348, 50.34054], [-3.53337, 50.3404], [-3.53333, 50.34033], [-3.53335, 50.34027], [-3.53379, 50.34008], [-3.53399, 50.34003], [-3.53396, 50.34002], [-3.53399, 50.34], [-3.53378, 50.33945], [-3.53298, 50.3394], [-3.53309, 50.33925], [-3.53308, 50.33925], [-3.5331, 50.33923], [-3.53261, 50.33906], [-3.53366, 50.33842], [-3.535, 50.33832], [-3.53486, 50.3377], [-3.53463, 50.33772], [-3.53451, 50.3377], [-3.53486, 50.33749], [-3.53481, 50.33748], [-3.53483, 50.33747], [-3.53476, 50.33746], [-3.5342, 50.33728], [-3.53444, 50.33698], [-3.53604, 50.33659], [-3.53737, 50.3367], [-3.53841, 50.33691], [-3.53934, 50.33622], [-3.53989, 50.33615], [-3.54124, 50.33615], [-3.54155, 50.3358], [-3.54174, 50.33573], [-3.5418, 50.33573], [-3.5417, 50.33563], [-3.54173, 50.3356], [-3.54261, 50.33569], [-3.54287, 50.33573], [-3.54287, 50.33573], [-3.54301, 50.33574], [-3.5428, 50.33552], [-3.54417, 50.33538], [-3.54415, 50.33544], [-3.54386, 50.33563], [-3.54423, 50.33557], [-3.54512, 50.33597], [-3.54523, 50.33604], [-3.54479, 50.33619], [-3.54494, 50.3363], [-3.54544, 50.3372], [-3.54549, 50.33759], [-3.54629, 50.33784], [-3.54692, 50.3385], [-3.54716, 50.33883], [-3.54782, 50.33878], [-3.54851, 50.33812], [-3.5499, 50.33807], [-3.55045, 50.33774], [-3.55063, 50.33797], [-3.55071, 50.33818], [-3.55211, 50.33839], [-3.55221, 50.33844], [-3.55238, 50.33843], [-3.55303, 50.33853], [-3.55302, 50.33869], [-3.55297, 50.33892], [-3.55296, 50.33897], [-3.55386, 50.33987], [-3.55385, 50.34103], [-3.55412, 50.34103], [-3.55413, 50.34114], [-3.55395, 50.34132], [-3.5545, 50.34132], [-3.55503, 50.34144], [-3.55504, 50.34159], [-3.55522, 50.34149], [-3.55525, 50.34149], [-3.55547, 50.34133], [-3.55553, 50.3413], [-3.55561, 50.34136], [-3.55571, 50.34154], [-3.55572, 50.34155], [-3.55573, 50.34153], [-3.5558, 50.34149], [-3.55594, 50.34158], [-3.55586, 50.34174], [-3.55614, 50.3418], [-3.55634, 50.34231], [-3.55643, 50.34313], [-3.5568, 50.34266], [-3.55693, 50.34265], [-3.55697, 50.34244], [-3.5575, 50.34177], [-3.55758, 50.34186], [-3.55758, 50.34185], [-3.55759, 50.34186], [-3.55772, 50.34153], [-3.55861, 50.34147], [-3.55888, 50.34189], [-3.55999, 50.34181], [-3.56072, 50.34282], [-3.56169, 50.34242], [-3.56253, 50.34277], [-3.56262, 50.34312], [-3.56272, 50.34354], [-3.56274, 50.34367], [-3.56318, 50.34373], [-3.56335, 50.34433], [-3.56342, 50.34436], [-3.56346, 50.34459], [-3.56402, 50.34477], [-3.56402, 50.34574], [-3.5648, 50.34545], [-3.56461, 50.34569], [-3.56547, 50.34617], [-3.56765, 50.34687], [-3.56941, 50.34663], [-3.57152, 50.34687], [-3.57254, 50.34713], [-3.57309, 50.3475], [-3.57364, 50.34792], [-3.57337, 50.34887], [-3.57329, 50.34891], [-3.57168, 50.34958], [-3.57147, 50.34984], [-3.57128, 50.34993], [-3.57101, 50.35041], [-3.57028, 50.3513], [-3.56803, 50.35089], [-3.56426, 50.35271], [-3.56462, 50.35302], [-3.56701, 50.35211], [-3.57016, 50.35146], [-3.5703, 50.35146], [-3.57049, 50.35184], [-3.57048, 50.35267], [-3.57023, 50.35381], [-3.57025, 50.3541], [-3.57005, 50.35536], [-3.57058, 50.35703], [-3.57254, 50.35942], [-3.57346, 50.3598], [-3.5734, 50.36021], [-3.57637, 50.36335], [-3.57608, 50.36464], [-3.57519, 50.36445], [-3.57496, 50.36484], [-3.57546, 50.36574], [-3.57705, 50.36632], [-3.57706, 50.36675], [-3.57717, 50.36629], [-3.57716, 50.36669], [-3.57699, 50.36709], [-3.57628, 50.36705], [-3.57683, 50.36726], [-3.57671, 50.36754], [-3.57389, 50.36727], [-3.57396, 50.36758], [-3.57322, 50.36774], [-3.5729, 50.36712], [-3.57283, 50.36714], [-3.57283, 50.36714], [-3.57247, 50.36734], [-3.57031, 50.36849], [-3.57093, 50.36834], [-3.57352, 50.36783], [-3.57532, 50.36809], [-3.57672, 50.37036], [-3.5771, 50.37176], [-3.5771, 50.37176], [-3.57711, 50.37178], [-3.5782, 50.37578], [-3.57988, 50.37748], [-3.58265, 50.37867], [-3.58467, 50.37901], [-3.58524, 50.37928], [-3.58575, 50.37967], [-3.58623, 50.37973], [-3.58638, 50.3798], [-3.58647, 50.3799], [-3.58666, 50.38037], [-3.58669, 50.38039], [-3.58671, 50.38043], [-3.58734, 50.38081], [-3.58747, 50.38095], [-3.58854, 50.38126], [-3.59085, 50.38128], [-3.59143, 50.38202], [-3.59158, 50.38227], [-3.58697, 50.38494], [-3.58288, 50.38612], [-3.5816, 50.38715], [-3.58054, 50.38873], [-3.57776, 50.38898], [-3.57745, 50.39001], [-3.57855, 50.39087], [-3.57642, 50.39159], [-3.57502, 50.39161], [-3.5747, 50.39209], [-3.57548, 50.39301], [-3.57516, 50.39329], [-3.57591, 50.39275], [-3.57634, 50.39293], [-3.57704, 50.39271], [-3.5769, 50.39249], [-3.57724, 50.39278], [-3.57827, 50.39246], [-3.57854, 50.39278], [-3.57865, 50.39241], [-3.58058, 50.39245], [-3.58271, 50.39327], [-3.58297, 50.39409], [-3.58538, 50.39328], [-3.58667, 50.39385], [-3.58771, 50.39481], [-3.59009, 50.39515], [-3.59218, 50.39476], [-3.59693, 50.39466], [-3.60108, 50.39418], [-3.6022, 50.39431], [-3.60217, 50.39514], [-3.60276, 50.39529], [-3.6071, 50.39232], [-3.60992, 50.39234], [-3.61247, 50.39316], [-3.61486, 50.39646], [-3.61589, 50.39714], [-3.61699, 50.39724], [-3.61813, 50.398], [-3.62127, 50.3986], [-3.62248, 50.39995], [-3.62137, 50.40028], [-3.62268, 50.40074], [-3.6232, 50.40091], [-3.62376, 50.40024], [-3.62334, 50.39878], [-3.62362, 50.39793], [-3.62718, 50.39879], [-3.62889, 50.39969], [-3.63241, 50.40007], [-3.63314, 50.40081], [-3.63325, 50.40187], [-3.63157, 50.40216], [-3.63003, 50.40344], [-3.63192, 50.40582], [-3.63566, 50.4076], [-3.63427, 50.40882], [-3.63598, 50.40863], [-3.63733, 50.40737], [-3.64312, 50.40561], [-3.64469, 50.40558], [-3.64758, 50.40621], [-3.64765, 50.40672], [-3.64543, 50.40708], [-3.64213, 50.40921], [-3.64201, 50.41011], [-3.64265, 50.41114], [-3.64453, 50.41232], [-3.64974, 50.41291], [-3.65054, 50.41399], [-3.65193, 50.41439], [-3.65222, 50.41558], [-3.65314, 50.41492], [-3.65273, 50.41378], [-3.65124, 50.41331], [-3.6508, 50.41273], [-3.64975, 50.4129], [-3.65145, 50.41228], [-3.65458, 50.41178], [-3.65618, 50.41168], [-3.6582, 50.41205], [-3.65779, 50.41182], [-3.65817, 50.41175], [-3.65883, 50.41201], [-3.65914, 50.41268], [-3.65875, 50.41375], [-3.66028, 50.4152], [-3.66308, 50.4159], [-3.66309, 50.41616], [-3.66341, 50.41593], [-3.66398, 50.41636], [-3.66337, 50.41567], [-3.66495, 50.41687], [-3.66522, 50.41679], [-3.66438, 50.41627], [-3.66495, 50.41641], [-3.67008, 50.42041], [-3.67551, 50.42289], [-3.67712, 50.42387], [-3.67724, 50.42435], [-3.67787, 50.42444], [-3.67787, 50.42444], [-3.68175, 50.42761], [-3.68174, 50.42768], [-3.68086, 50.43093], [-3.681, 50.4319], [-3.6798, 50.43462], [-3.68019, 50.43653], [-3.68213, 50.43725], [-3.68219, 50.43727], [-3.68222, 50.43728], [-3.68425, 50.4388], [-3.68332, 50.43957], [-3.68407, 50.44148], [-3.68346, 50.44268], [-3.68412, 50.44334], [-3.68462, 50.44458], [-3.68456, 50.44473], [-3.68423, 50.4449], [-3.68397, 50.44516], [-3.68299, 50.44527], [-3.68248, 50.44589], [-3.68131, 50.44617], [-3.68059, 50.44647], [-3.67985, 50.44594], [-3.67809, 50.44558], [-3.67612, 50.44587], [-3.67493, 50.44636], [-3.6745, 50.4476], [-3.67558, 50.44981], [-3.67453, 50.45084], [-3.67335, 50.45079], [-3.67241, 50.45131], [-3.67241, 50.45232], [-3.6725, 50.45134], [-3.67336, 50.45085], [-3.67455, 50.45089], [-3.67562, 50.44985], [-3.67457, 50.44758], [-3.67505, 50.44635], [-3.67796, 50.44562], [-3.67985, 50.446], [-3.68033, 50.44652], [-3.68077, 50.44651], [-3.68142, 50.44618], [-3.68235, 50.44599], [-3.68265, 50.44583], [-3.68304, 50.44534], [-3.68405, 50.44521], [-3.68424, 50.44497], [-3.68457, 50.44482], [-3.68463, 50.44475], [-3.68467, 50.44452], [-3.68417, 50.44336], [-3.68353, 50.4427], [-3.6842, 50.44153], [-3.68341, 50.43964], [-3.68434, 50.43886], [-3.68434, 50.43873], [-3.68231, 50.43718], [-3.68229, 50.43716], [-3.68213, 50.43706], [-3.68181, 50.43685], [-3.68213, 50.43683], [-3.68224, 50.43682], [-3.68224, 50.43682], [-3.68469, 50.4372], [-3.68831, 50.43936], [-3.68945, 50.4395], [-3.69076, 50.43906], [-3.69077, 50.43906], [-3.68997, 50.43866], [-3.68973, 50.43854], [-3.68769, 50.43847], [-3.68764, 50.43847], [-3.68538, 50.43703], [-3.68491, 50.43694], [-3.68377, 50.43664], [-3.68299, 50.4366], [-3.68059, 50.43617], [-3.68056, 50.43428], [-3.68104, 50.43296], [-3.68127, 50.43273], [-3.68152, 50.43288], [-3.68213, 50.42827], [-3.68247, 50.42815], [-3.68269, 50.42906], [-3.68174, 50.43137], [-3.68284, 50.43004], [-3.68262, 50.42767], [-3.68262, 50.42766], [-3.68135, 50.42616], [-3.67698, 50.42306], [-3.6772, 50.42287], [-3.67144, 50.4202], [-3.67144, 50.4202], [-3.66684, 50.4165], [-3.66445, 50.41519], [-3.6632, 50.41486], [-3.66328, 50.41422], [-3.66397, 50.41434], [-3.66221, 50.41374], [-3.66271, 50.41352], [-3.66453, 50.41421], [-3.66392, 50.41371], [-3.66539, 50.41411], [-3.66501, 50.41453], [-3.6647, 50.41491], [-3.66464, 50.41508], [-3.66477, 50.41521], [-3.66545, 50.41505], [-3.66479, 50.41489], [-3.66515, 50.41454], [-3.66537, 50.41431], [-3.66642, 50.41467], [-3.66635, 50.4151], [-3.66659, 50.41494], [-3.66669, 50.41521], [-3.66674, 50.41542], [-3.66687, 50.41569], [-3.66697, 50.41583], [-3.66716, 50.4161], [-3.66769, 50.41693], [-3.66853, 50.41755], [-3.66725, 50.41612], [-3.66723, 50.41603], [-3.66737, 50.41604], [-3.66754, 50.41625], [-3.66765, 50.41627], [-3.66814, 50.41625], [-3.66866, 50.4169], [-3.66818, 50.4161], [-3.66763, 50.41623], [-3.66753, 50.41615], [-3.66738, 50.416], [-3.66715, 50.416], [-3.66688, 50.41546], [-3.66671, 50.41475], [-3.66706, 50.41484], [-3.66837, 50.41556], [-3.66859, 50.41629], [-3.6701, 50.41787], [-3.66836, 50.4155], [-3.66502, 50.41375], [-3.66613, 50.41302], [-3.66489, 50.41373], [-3.66359, 50.41338], [-3.66092, 50.4116], [-3.66259, 50.41327], [-3.66162, 50.41326], [-3.66132, 50.4128], [-3.66183, 50.41294], [-3.66184, 50.41271], [-3.66094, 50.41222], [-3.66095, 50.41173], [-3.66028, 50.4133], [-3.66083, 50.41332], [-3.66053, 50.41369], [-3.66153, 50.41398], [-3.66161, 50.41429], [-3.66167, 50.41399], [-3.66257, 50.41415], [-3.66258, 50.41481], [-3.66116, 50.41432], [-3.66013, 50.41348], [-3.66078, 50.41147], [-3.65855, 50.41056], [-3.65728, 50.41036], [-3.65285, 50.41091], [-3.64955, 50.41065], [-3.64914, 50.4109], [-3.64915, 50.41064], [-3.64725, 50.41093], [-3.64437, 50.41012], [-3.64412, 50.40954], [-3.64626, 50.40845], [-3.64798, 50.40825], [-3.6489, 50.40764], [-3.64919, 50.40817], [-3.65042, 50.40811], [-3.64945, 50.4075], [-3.64892, 50.40762], [-3.64958, 50.40645], [-3.64883, 50.40531], [-3.64784, 50.40466], [-3.64268, 50.40355], [-3.63925, 50.40405], [-3.63639, 50.40543], [-3.63404, 50.40508], [-3.63598, 50.40252], [-3.63818, 50.40044], [-3.6417, 50.40006], [-3.6431, 50.3994], [-3.64356, 50.39755], [-3.64416, 50.39696], [-3.64585, 50.39729], [-3.64752, 50.39721], [-3.65098, 50.39635], [-3.65354, 50.39632], [-3.65821, 50.39533], [-3.6596, 50.39542], [-3.6625, 50.39477], [-3.66513, 50.39486], [-3.66678, 50.39457], [-3.66814, 50.39479], [-3.6724, 50.39703], [-3.66748, 50.3943], [-3.6629, 50.39417], [-3.66288, 50.3931], [-3.66379, 50.39238], [-3.66275, 50.39254], [-3.66117, 50.39414], [-3.65892, 50.39372], [-3.65749, 50.39381], [-3.65437, 50.39489], [-3.65275, 50.39455], [-3.64844, 50.39556], [-3.64283, 50.39617], [-3.64094, 50.39792], [-3.63952, 50.39823], [-3.63775, 50.39787], [-3.6354, 50.39806], [-3.63029, 50.39667], [-3.62979, 50.39565], [-3.62752, 50.39449], [-3.62614, 50.39309], [-3.62619, 50.39199], [-3.61908, 50.39129], [-3.61662, 50.39023], [-3.61006, 50.38864], [-3.60856, 50.38906], [-3.60779, 50.38882], [-3.60747, 50.3885], [-3.60938, 50.3874], [-3.61025, 50.38597], [-3.61379, 50.38388], [-3.61099, 50.38469], [-3.6097, 50.38539], [-3.60668, 50.3852], [-3.60607, 50.38538], [-3.6056, 50.38598], [-3.6057, 50.38739], [-3.60362, 50.38825], [-3.60152, 50.38958], [-3.60131, 50.39057], [-3.60021, 50.39134], [-3.59843, 50.39164], [-3.5983, 50.39124], [-3.59749, 50.39105], [-3.59656, 50.39019], [-3.59572, 50.39035], [-3.59414, 50.38979], [-3.5943, 50.38881], [-3.59603, 50.38596], [-3.59732, 50.38474], [-3.59482, 50.38086], [-3.59424, 50.38035], [-3.59284, 50.37997], [-3.58902, 50.37934], [-3.5894, 50.37882], [-3.59058, 50.37858], [-3.59059, 50.37827], [-3.5875, 50.37684], [-3.58676, 50.3761], [-3.58261, 50.37485], [-3.58256, 50.3748], [-3.58103, 50.37335], [-3.58055, 50.3722], [-3.583, 50.36621], [-3.58599, 50.36264], [-3.58685, 50.36267], [-3.58945, 50.36377], [-3.5889, 50.36292], [-3.58896, 50.36215], [-3.59331, 50.35984], [-3.59604, 50.35979], [-3.59635, 50.35931], [-3.59756, 50.35884], [-3.59749, 50.35846], [-3.59856, 50.35821], [-3.59832, 50.35788], [-3.59864, 50.35799], [-3.59968, 50.35697], [-3.59989, 50.35689], [-3.60147, 50.35631], [-3.60047, 50.3565], [-3.59921, 50.35674], [-3.59833, 50.35755], [-3.59659, 50.35825], [-3.59566, 50.35831], [-3.59552, 50.35764], [-3.59425, 50.35846], [-3.59262, 50.35862], [-3.59097, 50.35966], [-3.58883, 50.36045], [-3.58816, 50.36009], [-3.5863, 50.36025], [-3.58351, 50.35986], [-3.58125, 50.36055], [-3.57967, 50.36032], [-3.57942, 50.36021], [-3.57952, 50.3601], [-3.57884, 50.35992], [-3.57833, 50.35885], [-3.57799, 50.35885], [-3.5766, 50.35705], [-3.57696, 50.35683], [-3.57663, 50.3565], [-3.57666, 50.35525], [-3.57668, 50.35511], [-3.57666, 50.3551], [-3.57666, 50.3551], [-3.57666, 50.3551], [-3.57669, 50.35353], [-3.57703, 50.35212], [-3.57716, 50.35164], [-3.5772, 50.35167], [-3.57746, 50.35186], [-3.57828, 50.35172], [-3.57804, 50.35123], [-3.57777, 50.35133], [-3.57719, 50.35153], [-3.57721, 50.34899], [-3.5778, 50.34868], [-3.57744, 50.34789], [-3.57674, 50.34608], [-3.57654, 50.34592], [-3.57637, 50.34555], [-3.57453, 50.34436], [-3.57452, 50.34435], [-3.57452, 50.34435], [-3.57441, 50.34428], [-3.57421, 50.34423], [-3.57337, 50.34392], [-3.57336, 50.34392], [-3.57335, 50.34391], [-3.5726, 50.34387], [-3.57234, 50.34381], [-3.57325, 50.34329], [-3.57342, 50.34247], [-3.57195, 50.34259], [-3.57084, 50.34319], [-3.5703, 50.34333], [-3.56876, 50.34361], [-3.56815, 50.34291], [-3.5671, 50.34246], [-3.56588, 50.34242], [-3.56595, 50.34207], [-3.56522, 50.34176], [-3.56551, 50.34139], [-3.56589, 50.34169], [-3.56631, 50.34148], [-3.56599, 50.34107], [-3.56599, 50.34107], [-3.56599, 50.34106], [-3.56585, 50.34089], [-3.56578, 50.34066], [-3.5661, 50.34021], [-3.56697, 50.34026], [-3.56708, 50.33972], [-3.56647, 50.33902], [-3.56606, 50.33884], [-3.56606, 50.33883], [-3.56596, 50.33879], [-3.56503, 50.33839], [-3.56503, 50.33798], [-3.56583, 50.33773], [-3.56581, 50.3377], [-3.56585, 50.33769], [-3.56569, 50.33746], [-3.56549, 50.33708], [-3.56575, 50.33629], [-3.5652, 50.33638], [-3.56511, 50.33639], [-3.56493, 50.33595], [-3.56471, 50.33593], [-3.56468, 50.33593], [-3.56428, 50.33591], [-3.56364, 50.33554], [-3.56351, 50.3354], [-3.56441, 50.3347], [-3.56459, 50.33471], [-3.56453, 50.3346], [-3.56474, 50.33444], [-3.56543, 50.33446], [-3.5658, 50.33411], [-3.56666, 50.33422], [-3.56602, 50.33391], [-3.56684, 50.334], [-3.56688, 50.33373], [-3.56758, 50.33364], [-3.56777, 50.33366], [-3.56877, 50.33403], [-3.56832, 50.33322], [-3.56874, 50.33303], [-3.56862, 50.33301], [-3.56863, 50.33301], [-3.5686, 50.33301], [-3.5683, 50.33295], [-3.56831, 50.33294], [-3.56876, 50.33273], [-3.5687, 50.33248], [-3.56871, 50.33247], [-3.56859, 50.33198], [-3.56956, 50.3314], [-3.5695, 50.33138], [-3.56916, 50.33122], [-3.56941, 50.33114], [-3.5699, 50.33106], [-3.5699, 50.33104], [-3.56993, 50.33103], [-3.56999, 50.33095], [-3.57243, 50.33018], [-3.57239, 50.32961], [-3.57183, 50.32925], [-3.57185, 50.32916], [-3.57262, 50.32797], [-3.57201, 50.32765], [-3.57135, 50.32784], [-3.57039, 50.32763], [-3.57029, 50.32748], [-3.57023, 50.32718], [-3.57112, 50.32711], [-3.57244, 50.3261], [-3.57261, 50.32614], [-3.57284, 50.32646], [-3.57476, 50.32598], [-3.57477, 50.32595], [-3.57528, 50.32548], [-3.57643, 50.32503], [-3.57679, 50.32519], [-3.57671, 50.32526], [-3.57706, 50.32531], [-3.5775, 50.32549], [-3.57752, 50.32601], [-3.57906, 50.32576], [-3.58045, 50.32603], [-3.58113, 50.32535], [-3.58176, 50.3256], [-3.58196, 50.32513], [-3.58281, 50.32496], [-3.58284, 50.32509], [-3.58337, 50.32485], [-3.584, 50.32473], [-3.58364, 50.32581], [-3.58402, 50.32618], [-3.5868, 50.32609], [-3.58681, 50.32587], [-3.58711, 50.32553], [-3.58719, 50.32545], [-3.58736, 50.32535], [-3.58789, 50.32561], [-3.58802, 50.3256], [-3.58857, 50.32583], [-3.58977, 50.32495], [-3.59089, 50.32435], [-3.59115, 50.32436], [-3.59495, 50.32222], [-3.5951, 50.32178], [-3.59487, 50.32169], [-3.59488, 50.32147], [-3.59523, 50.32121], [-3.59494, 50.32111], [-3.59519, 50.32052], [-3.5964, 50.31984], [-3.59676, 50.31979], [-3.59859, 50.31979], [-3.59925, 50.31945], [-3.59962, 50.3194], [-3.60036, 50.31952], [-3.6015, 50.31916], [-3.6031, 50.3191], [-3.60327, 50.31912], [-3.60325, 50.31928], [-3.60346, 50.31915], [-3.60369, 50.31918], [-3.60379, 50.31931], [-3.60423, 50.31912], [-3.60423, 50.31912], [-3.60503, 50.31957], [-3.60603, 50.31959], [-3.60998, 50.31878], [-3.60999, 50.31878], [-3.61272, 50.31727], [-3.61309, 50.31754], [-3.61265, 50.31829], [-3.61293, 50.31838], [-3.61333, 50.31765], [-3.61242, 50.31691], [-3.61326, 50.31587], [-3.61287, 50.3157], [-3.61287, 50.31564], [-3.61414, 50.31545], [-3.61519, 50.31484], [-3.61704, 50.31306], [-3.61796, 50.31269], [-3.61773, 50.31258], [-3.62203, 50.30872], [-3.62564, 50.30734], [-3.62619, 50.30656], [-3.62999, 50.30395], [-3.63345, 50.30091], [-3.63858, 50.29542], [-3.6425, 50.29035], [-3.64637, 50.28304], [-3.64637, 50.28303], [-3.65209, 50.26733], [-3.65223, 50.26338], [-3.65355, 50.26151], [-3.65633, 50.2538], [-3.65752, 50.24814], [-3.65783, 50.24662], [-3.65753, 50.24459], [-3.65802, 50.24435], [-3.65884, 50.24252], [-3.65952, 50.23824], [-3.65888, 50.23705], [-3.65893, 50.23513], [-3.65826, 50.23392], [-3.65855, 50.23362], [-3.65769, 50.23252], [-3.65753, 50.23221], [-3.65727, 50.23091], [-3.656, 50.23036], [-3.65641, 50.23005], [-3.65534, 50.22911], [-3.65472, 50.22917], [-3.65409, 50.22759], [-3.65333, 50.22755], [-3.6531, 50.22724], [-3.65261, 50.22742], [-3.65291, 50.22722], [-3.65159, 50.22663], [-3.65163, 50.22597], [-3.6509, 50.22574], [-3.6509, 50.22573], [-3.65082, 50.22573], [-3.65037, 50.22559], [-3.65088, 50.22543], [-3.6504, 50.22504], [-3.64947, 50.22524], [-3.64955, 50.22478], [-3.64848, 50.22468], [-3.64832, 50.22459], [-3.64634, 50.22448], [-3.64663, 50.22427], [-3.64657, 50.22426], [-3.6467, 50.22414], [-3.64629, 50.22415], [-3.64554, 50.22401], [-3.64538, 50.22388], [-3.64322, 50.22379], [-3.64264, 50.22355], [-3.64231, 50.2233], [-3.64223, 50.22324], [-3.64216, 50.223], [-3.64124, 50.22335], [-3.64059, 50.22292], [-3.64012, 50.223], [-3.64026, 50.22282], [-3.64047, 50.22261], [-3.64061, 50.22257], [-3.64079, 50.2227], [-3.6416, 50.22243], [-3.64116, 50.22197], [-3.64066, 50.22203], [-3.64074, 50.22176], [-3.64202, 50.22133], [-3.64161, 50.22161], [-3.64188, 50.22178], [-3.643, 50.22175], [-3.6434, 50.22208], [-3.64341, 50.22208], [-3.64348, 50.22217], [-3.64464, 50.22189], [-3.64464, 50.22192], [-3.6445, 50.22207], [-3.64464, 50.22205], [-3.64463, 50.22208], [-3.64466, 50.22208], [-3.64466, 50.22208], [-3.64494, 50.22202], [-3.64514, 50.222], [-3.64549, 50.22228], [-3.64562, 50.2222], [-3.64563, 50.2222], [-3.64564, 50.2222], [-3.64564, 50.2222], [-3.64569, 50.22216], [-3.64607, 50.22191], [-3.64637, 50.22221], [-3.6468, 50.22203], [-3.64689, 50.222], [-3.64747, 50.22216], [-3.64716, 50.22197], [-3.64759, 50.22206], [-3.64785, 50.2218], [-3.65005, 50.22183], [-3.65065, 50.22133], [-3.65052, 50.22064], [-3.65131, 50.22065], [-3.65142, 50.2204], [-3.65175, 50.22034], [-3.65175, 50.22034], [-3.65183, 50.22036], [-3.65199, 50.21984], [-3.65238, 50.21988], [-3.65247, 50.2199], [-3.65249, 50.21989], [-3.65284, 50.21993], [-3.65303, 50.21963], [-3.65309, 50.2196], [-3.65305, 50.21959], [-3.65312, 50.21948], [-3.65316, 50.21948], [-3.65315, 50.21943], [-3.65329, 50.2192], [-3.65408, 50.21926], [-3.65413, 50.21887], [-3.65426, 50.21866], [-3.65506, 50.21851], [-3.65576, 50.21776], [-3.65645, 50.2176], [-3.65621, 50.21784], [-3.65707, 50.21784], [-3.65697, 50.21819], [-3.65805, 50.21864], [-3.65763, 50.21911], [-3.65894, 50.2193], [-3.65874, 50.21954], [-3.65937, 50.21995], [-3.65914, 50.2202], [-3.66012, 50.22055], [-3.66246, 50.22079], [-3.66294, 50.22035], [-3.66328, 50.22044], [-3.66292, 50.22022], [-3.66334, 50.21993], [-3.66317, 50.22025], [-3.66365, 50.22017], [-3.66369, 50.22048], [-3.66468, 50.2201], [-3.66505, 50.22029], [-3.66483, 50.22063], [-3.66557, 50.22037], [-3.66524, 50.22069], [-3.66592, 50.22045], [-3.66635, 50.22094], [-3.66743, 50.22082], [-3.66819, 50.22033], [-3.67161, 50.22074], [-3.67154, 50.22094], [-3.6725, 50.22121], [-3.67363, 50.22128], [-3.67428, 50.22089], [-3.67462, 50.22105], [-3.67426, 50.22115], [-3.67551, 50.22109], [-3.67532, 50.22132], [-3.67626, 50.2213], [-3.67616, 50.22152], [-3.67954, 50.2217], [-3.6795, 50.22197], [-3.68096, 50.2224], [-3.68303, 50.22136], [-3.68306, 50.22094], [-3.68349, 50.22084], [-3.68417, 50.22067], [-3.68415, 50.2202], [-3.6851, 50.21959], [-3.68618, 50.2198], [-3.68655, 50.21935], [-3.68709, 50.21933], [-3.68696, 50.21893], [-3.68764, 50.21915], [-3.68855, 50.21894], [-3.68888, 50.21837], [-3.68853, 50.21824], [-3.68899, 50.21816], [-3.68888, 50.21756], [-3.68921, 50.21758], [-3.68872, 50.21733], [-3.68932, 50.21734], [-3.68821, 50.21678], [-3.68899, 50.21657], [-3.68883, 50.21636], [-3.69053, 50.2158], [-3.6907, 50.21581], [-3.69139, 50.21624], [-3.6916, 50.21573], [-3.69279, 50.21553], [-3.69456, 50.21409], [-3.69602, 50.21396], [-3.69625, 50.21336], [-3.69729, 50.21331], [-3.7014, 50.21191], [-3.70157, 50.21154], [-3.70221, 50.21155], [-3.70209, 50.21132], [-3.70271, 50.21146], [-3.70343, 50.21123], [-3.70309, 50.20965], [-3.70376, 50.20939], [-3.70329, 50.20925], [-3.70378, 50.20837], [-3.70403, 50.20841], [-3.70439, 50.20781], [-3.70475, 50.20789], [-3.70646, 50.20705], [-3.70685, 50.20621], [-3.70822, 50.20551], [-3.70955, 50.20499], [-3.70856, 50.20565], [-3.70891, 50.2061], [-3.70973, 50.20639], [-3.7119, 50.20608], [-3.71163, 50.20579], [-3.71218, 50.20582], [-3.71266, 50.20602], [-3.71296, 50.20604], [-3.71348, 50.20602], [-3.71409, 50.2064], [-3.71379, 50.20593], [-3.7146, 50.20589], [-3.71467, 50.20551], [-3.71526, 50.20539], [-3.71561, 50.2058], [-3.71608, 50.20564], [-3.71574, 50.20523], [-3.71571, 50.20495], [-3.71609, 50.20487], [-3.71645, 50.20549], [-3.71693, 50.20556], [-3.71674, 50.20529], [-3.71754, 50.20389], [-3.71811, 50.20368], [-3.71813, 50.20402], [-3.71887, 50.20353], [-3.71936, 50.20397], [-3.719, 50.20294], [-3.7193, 50.20269], [-3.71932, 50.20286], [-3.71938, 50.20263], [-3.71964, 50.20242], [-3.71988, 50.20245], [-3.7201, 50.20206], [-3.7202, 50.20201], [-3.72021, 50.20201], [-3.72048, 50.2022], [-3.72083, 50.20212], [-3.72142, 50.20197], [-3.72238, 50.20234], [-3.72277, 50.20254], [-3.72265, 50.20268], [-3.72352, 50.20312], [-3.72382, 50.2036], [-3.7244, 50.2039], [-3.72442, 50.20393], [-3.72445, 50.20393], [-3.7245, 50.20396], [-3.7247, 50.20451], [-3.72544, 50.20468], [-3.72573, 50.20524], [-3.72596, 50.2051], [-3.72603, 50.20514], [-3.72541, 50.20563], [-3.72541, 50.20563], [-3.72541, 50.20563], [-3.72544, 50.20562], [-3.72593, 50.20568], [-3.72648, 50.20593], [-3.7264, 50.20703], [-3.72599, 50.20745], [-3.72597, 50.20746], [-3.72597, 50.20746], [-3.72571, 50.20771], [-3.72598, 50.20821], [-3.72682, 50.20835], [-3.72696, 50.20823], [-3.72822, 50.20837], [-3.72816, 50.20818], [-3.7285, 50.20805], [-3.72852, 50.20804], [-3.72875, 50.20799], [-3.7292, 50.20841], [-3.72922, 50.20845], [-3.72923, 50.20845], [-3.7296, 50.20879], [-3.73023, 50.20848], [-3.73028, 50.20761], [-3.73018, 50.20712], [-3.73018, 50.20707], [-3.73055, 50.20704], [-3.73063, 50.20676], [-3.73064, 50.20675], [-3.7316, 50.20704], [-3.73198, 50.20746], [-3.73221, 50.20781], [-3.73235, 50.20789], [-3.7325, 50.20812], [-3.73264, 50.20836], [-3.73298, 50.20829], [-3.7331, 50.20886], [-3.73274, 50.2088], [-3.73277, 50.20898], [-3.73276, 50.20897], [-3.73276, 50.20898], [-3.73275, 50.20898], [-3.73277, 50.209], [-3.73279, 50.20908], [-3.73287, 50.20953], [-3.73291, 50.20971], [-3.73315, 50.20978], [-3.7331, 50.20997], [-3.73352, 50.20981], [-3.73299, 50.21011], [-3.73316, 50.21019], [-3.73396, 50.21023], [-3.73432, 50.21015], [-3.73429, 50.21031], [-3.73463, 50.21029], [-3.73461, 50.21044], [-3.73479, 50.21036], [-3.73483, 50.21078], [-3.735, 50.21057], [-3.73489, 50.21103], [-3.73494, 50.21094], [-3.7349, 50.21107], [-3.73504, 50.21104], [-3.73524, 50.2114], [-3.73515, 50.21187], [-3.73474, 50.21201], [-3.73492, 50.2125], [-3.73512, 50.21258], [-3.7355, 50.21235], [-3.73593, 50.2121], [-3.73601, 50.21208], [-3.73614, 50.21215], [-3.73611, 50.21225], [-3.73605, 50.2124], [-3.73644, 50.21247], [-3.73674, 50.2125], [-3.73663, 50.2126], [-3.7368, 50.21262], [-3.73667, 50.21269], [-3.73626, 50.2129], [-3.73678, 50.2129], [-3.73678, 50.21302], [-3.73665, 50.21316], [-3.73585, 50.21363], [-3.73659, 50.2144], [-3.73739, 50.21448], [-3.73723, 50.21492], [-3.7378, 50.21467], [-3.73792, 50.2146], [-3.73824, 50.21448], [-3.73859, 50.21449], [-3.7386, 50.21451], [-3.73828, 50.21484], [-3.73865, 50.21462], [-3.73867, 50.21467], [-3.73922, 50.2143], [-3.73943, 50.21445], [-3.73868, 50.21494], [-3.73988, 50.21456], [-3.73994, 50.21492], [-3.74086, 50.21471], [-3.74097, 50.21537], [-3.74125, 50.21525], [-3.74126, 50.2153], [-3.74158, 50.21522], [-3.74188, 50.21545], [-3.74179, 50.21516], [-3.7418, 50.21516], [-3.74223, 50.21518], [-3.74227, 50.21519], [-3.74245, 50.21536], [-3.74354, 50.21531], [-3.74415, 50.21579], [-3.74477, 50.21583], [-3.74448, 50.21617], [-3.745, 50.21607], [-3.74514, 50.21608], [-3.74524, 50.21663], [-3.74572, 50.21681], [-3.7458, 50.21636], [-3.74611, 50.2164], [-3.74645, 50.21651], [-3.74658, 50.21663], [-3.74594, 50.21698], [-3.74632, 50.21689], [-3.74653, 50.21679], [-3.74678, 50.21674], [-3.74697, 50.21686], [-3.74735, 50.21706], [-3.74733, 50.21711], [-3.74693, 50.21717], [-3.7473, 50.21719], [-3.74729, 50.21721], [-3.74674, 50.21742], [-3.74715, 50.21805], [-3.74813, 50.21842], [-3.74824, 50.21836], [-3.7484, 50.21844], [-3.74904, 50.21831], [-3.75026, 50.21914], [-3.75087, 50.21909], [-3.75089, 50.21885], [-3.75142, 50.21914], [-3.75261, 50.2187], [-3.75262, 50.21871], [-3.75267, 50.21868], [-3.75303, 50.21854], [-3.75318, 50.21862], [-3.75317, 50.21871], [-3.75332, 50.21868], [-3.75403, 50.21904], [-3.75413, 50.21892], [-3.75445, 50.21884], [-3.75451, 50.21891], [-3.75486, 50.21873], [-3.7551, 50.21867], [-3.75587, 50.21914], [-3.75598, 50.21902], [-3.75599, 50.21902], [-3.75628, 50.21903], [-3.75654, 50.21923], [-3.75785, 50.21918], [-3.75828, 50.21943], [-3.75867, 50.21926], [-3.75927, 50.21973], [-3.75972, 50.22027], [-3.76028, 50.22004], [-3.76037, 50.22004], [-3.76065, 50.22053], [-3.76184, 50.22017], [-3.76265, 50.22021], [-3.76402, 50.22001], [-3.76404, 50.22046], [-3.76475, 50.22036], [-3.76491, 50.22061], [-3.76499, 50.22076], [-3.76571, 50.22046], [-3.76657, 50.22078], [-3.76693, 50.22065], [-3.76712, 50.22061], [-3.76711, 50.22064], [-3.76677, 50.22098], [-3.76784, 50.22117], [-3.76792, 50.2212], [-3.76815, 50.22147], [-3.76877, 50.22115], [-3.76867, 50.2215], [-3.76916, 50.22156], [-3.76966, 50.22174], [-3.76947, 50.2219], [-3.77054, 50.22189], [-3.77146, 50.22295], [-3.77156, 50.22326], [-3.77114, 50.2236], [-3.77135, 50.22383], [-3.77215, 50.22344], [-3.77201, 50.22366], [-3.77293, 50.22362], [-3.77347, 50.22412], [-3.77273, 50.22487], [-3.77274, 50.22596], [-3.77145, 50.22661], [-3.77077, 50.22655], [-3.7711, 50.22701], [-3.77048, 50.22714], [-3.77092, 50.22748], [-3.77047, 50.2276], [-3.77092, 50.22876], [-3.76886, 50.2296], [-3.76725, 50.22973], [-3.76708, 50.2313], [-3.76638, 50.23165], [-3.76603, 50.23257], [-3.76495, 50.23292], [-3.76477, 50.23396], [-3.76398, 50.2349], [-3.76238, 50.23544], [-3.76134, 50.23625], [-3.75934, 50.23653], [-3.75744, 50.23642], [-3.75646, 50.23745], [-3.75363, 50.23758], [-3.75289, 50.23786], [-3.75108, 50.23746], [-3.74957, 50.23667], [-3.74916, 50.23694], [-3.74933, 50.23758], [-3.74845, 50.23781], [-3.74623, 50.23804], [-3.74524, 50.23729], [-3.74463, 50.23861], [-3.7409, 50.23966], [-3.7335, 50.23759], [-3.73447, 50.23666], [-3.73289, 50.23699], [-3.72897, 50.23635], [-3.72631, 50.23665], [-3.72604, 50.2369], [-3.72698, 50.23675], [-3.73075, 50.23733], [-3.73223, 50.23871], [-3.73773, 50.24011], [-3.73912, 50.24106], [-3.73843, 50.24162], [-3.73574, 50.24136], [-3.73448, 50.24189], [-3.73285, 50.24335], [-3.73333, 50.24366], [-3.73308, 50.24439], [-3.73075, 50.24543], [-3.72966, 50.24639], [-3.72823, 50.24711], [-3.72745, 50.2475], [-3.72488, 50.24808], [-3.72334, 50.24748], [-3.72038, 50.24813], [-3.72339, 50.24799], [-3.72589, 50.2488], [-3.72822, 50.24829], [-3.73111, 50.24707], [-3.73304, 50.24625], [-3.73407, 50.24515], [-3.7347, 50.24295], [-3.73516, 50.24255], [-3.73834, 50.24328], [-3.73979, 50.24249], [-3.74121, 50.24264], [-3.74223, 50.24174], [-3.74511, 50.24091], [-3.74708, 50.24072], [-3.74857, 50.24159], [-3.7492, 50.2405], [-3.74722, 50.24069], [-3.74731, 50.24047], [-3.75233, 50.23977], [-3.75584, 50.24021], [-3.75617, 50.24094], [-3.75542, 50.24119], [-3.75515, 50.24172], [-3.75688, 50.24347], [-3.75496, 50.24486], [-3.7528, 50.24551], [-3.75261, 50.24593], [-3.75282, 50.24674], [-3.75283, 50.24678], [-3.75459, 50.24899], [-3.75687, 50.25036], [-3.75538, 50.25191], [-3.75437, 50.2524], [-3.75124, 50.25289], [-3.74723, 50.25161], [-3.7468, 50.25212], [-3.74735, 50.25339], [-3.74851, 50.25431], [-3.74815, 50.25489], [-3.74839, 50.2554], [-3.74753, 50.2565], [-3.74316, 50.25728], [-3.73924, 50.25717], [-3.7372, 50.25733], [-3.73671, 50.25841], [-3.7374, 50.25912], [-3.73957, 50.25943], [-3.74428, 50.25952], [-3.74515, 50.25985], [-3.74511, 50.26012], [-3.74219, 50.26145], [-3.74144, 50.26135], [-3.73922, 50.26182], [-3.73796, 50.26146], [-3.73465, 50.26156], [-3.73319, 50.26251], [-3.72975, 50.26335], [-3.72971, 50.26336], [-3.72962, 50.26339], [-3.72958, 50.26382], [-3.73053, 50.26437], [-3.7286, 50.26686], [-3.7271, 50.26747], [-3.72571, 50.26851], [-3.72415, 50.26872], [-3.71996, 50.27055], [-3.7202, 50.2708], [-3.72892, 50.26886], [-3.72974, 50.26799], [-3.73129, 50.26807], [-3.7305, 50.26737], [-3.73046, 50.26663], [-3.73231, 50.26448], [-3.73573, 50.26355], [-3.73874, 50.26349], [-3.74152, 50.26307], [-3.74332, 50.26213], [-3.74526, 50.26207], [-3.74627, 50.26168], [-3.74714, 50.26126], [-3.74741, 50.26027], [-3.7488, 50.26008], [-3.75064, 50.25929], [-3.75195, 50.25735], [-3.75146, 50.25601], [-3.75512, 50.25478], [-3.75679, 50.25481], [-3.75714, 50.25559], [-3.75376, 50.25777], [-3.75453, 50.26059], [-3.75659, 50.26141], [-3.75768, 50.26048], [-3.75956, 50.26027], [-3.76084, 50.26061], [-3.76197, 50.2615], [-3.76147, 50.26392], [-3.76189, 50.26465], [-3.76088, 50.26552], [-3.7617, 50.26655], [-3.76155, 50.26683], [-3.76036, 50.26711], [-3.75928, 50.26805], [-3.75998, 50.26952], [-3.75988, 50.27066], [-3.76093, 50.27158], [-3.76115, 50.27324], [-3.76203, 50.27425], [-3.76189, 50.27483], [-3.75995, 50.2753], [-3.75909, 50.27679], [-3.75879, 50.28087], [-3.75803, 50.28366], [-3.75823, 50.28349], [-3.75952, 50.28247], [-3.75934, 50.28178], [-3.76088, 50.27886], [-3.76097, 50.27675], [-3.76193, 50.27634], [-3.76236, 50.27503], [-3.76307, 50.27474], [-3.76284, 50.27445], [-3.76397, 50.27369], [-3.76533, 50.27217], [-3.76602, 50.27209], [-3.76801, 50.27255], [-3.77258, 50.27521], [-3.77232, 50.27711], [-3.77352, 50.27838], [-3.7759, 50.28256], [-3.77628, 50.2824], [-3.77518, 50.27964], [-3.77616, 50.27927], [-3.77782, 50.27921], [-3.7781, 50.2792], [-3.77566, 50.2788], [-3.77391, 50.27785], [-3.77386, 50.27666], [-3.77455, 50.27444], [-3.77398, 50.27401], [-3.77313, 50.27271], [-3.77251, 50.27187], [-3.77339, 50.27103], [-3.77537, 50.27031], [-3.77468, 50.26935], [-3.77233, 50.26937], [-3.77126, 50.26978], [-3.77026, 50.26958], [-3.7712, 50.26873], [-3.77148, 50.26831], [-3.77129, 50.26757], [-3.77042, 50.2669], [-3.76909, 50.26653], [-3.76914, 50.26597], [-3.76734, 50.26446], [-3.76728, 50.26309], [-3.76947, 50.26058], [-3.77191, 50.26009], [-3.7753, 50.26177], [-3.78099, 50.26186], [-3.78329, 50.26272], [-3.78578, 50.26572], [-3.78577, 50.26464], [-3.78463, 50.26297], [-3.78489, 50.26226], [-3.7812, 50.2612], [-3.7792, 50.26119], [-3.77758, 50.26077], [-3.7769, 50.26091], [-3.77629, 50.26031], [-3.77663, 50.2593], [-3.7764, 50.2584], [-3.77504, 50.2579], [-3.77406, 50.25701], [-3.77593, 50.25713], [-3.77982, 50.25632], [-3.78141, 50.25651], [-3.78422, 50.25631], [-3.7879, 50.255], [-3.78222, 50.25495], [-3.7815, 50.25468], [-3.78075, 50.25367], [-3.77827, 50.2547], [-3.7783, 50.25568], [-3.77757, 50.25515], [-3.77389, 50.25444], [-3.7726, 50.25459], [-3.76923, 50.25409], [-3.76611, 50.25424], [-3.76488, 50.25398], [-3.76433, 50.25334], [-3.76437, 50.25254], [-3.76527, 50.25143], [-3.76618, 50.25107], [-3.76489, 50.25119], [-3.76469, 50.25084], [-3.76371, 50.25076], [-3.76241, 50.25009], [-3.76128, 50.2486], [-3.7592, 50.2477], [-3.76053, 50.24662], [-3.76149, 50.24585], [-3.76036, 50.24466], [-3.76105, 50.24384], [-3.76135, 50.24236], [-3.7605, 50.24126], [-3.75893, 50.2407], [-3.7588, 50.24063], [-3.75956, 50.23986], [-3.76017, 50.2394], [-3.76132, 50.23928], [-3.76257, 50.23966], [-3.76442, 50.24115], [-3.76511, 50.24234], [-3.76814, 50.24436], [-3.76859, 50.24374], [-3.7705, 50.24401], [-3.77101, 50.24465], [-3.77165, 50.24479], [-3.77186, 50.24403], [-3.77531, 50.24377], [-3.77419, 50.24323], [-3.76902, 50.24303], [-3.76774, 50.24225], [-3.76763, 50.24215], [-3.76752, 50.24179], [-3.76691, 50.24145], [-3.76679, 50.24133], [-3.7668, 50.24134], [-3.76667, 50.24122], [-3.76659, 50.24115], [-3.76689, 50.24097], [-3.76991, 50.24002], [-3.76624, 50.2405], [-3.7661, 50.2402], [-3.76594, 50.24046], [-3.76638, 50.23893], [-3.76698, 50.23844], [-3.76612, 50.23631], [-3.76802, 50.23537], [-3.77104, 50.23298], [-3.77168, 50.23296], [-3.77224, 50.23201], [-3.77431, 50.23147], [-3.77577, 50.22999], [-3.77605, 50.22939], [-3.77849, 50.22913], [-3.77928, 50.22987], [-3.78022, 50.23017], [-3.78124, 50.23006], [-3.78194, 50.22957], [-3.78065, 50.2283], [-3.78077, 50.2278], [-3.78234, 50.22697], [-3.78241, 50.22662], [-3.78381, 50.22645], [-3.78439, 50.22554], [-3.78383, 50.22482], [-3.78148, 50.22476], [-3.78095, 50.22462], [-3.78112, 50.22408], [-3.78056, 50.22404], [-3.78057, 50.22401], [-3.78063, 50.224], [-3.7806, 50.22388], [-3.78067, 50.2235], [-3.78075, 50.22349], [-3.7816, 50.22369], [-3.78143, 50.22343], [-3.78147, 50.22342], [-3.78127, 50.22314], [-3.78128, 50.22313], [-3.78219, 50.22225], [-3.78199, 50.22217], [-3.78184, 50.22185], [-3.78215, 50.22132], [-3.78093, 50.21927], [-3.78124, 50.21864], [-3.78094, 50.21813], [-3.78098, 50.21798], [-3.78075, 50.21777], [-3.78111, 50.21734], [-3.78116, 50.21732], [-3.78114, 50.2173], [-3.78117, 50.21726], [-3.78085, 50.21648], [-3.78134, 50.21638], [-3.78102, 50.21593], [-3.78101, 50.2159], [-3.78092, 50.2156], [-3.78104, 50.21556], [-3.78128, 50.21557], [-3.78186, 50.21585], [-3.78175, 50.21548], [-3.78229, 50.21543], [-3.78236, 50.21545], [-3.78268, 50.21541], [-3.78437, 50.21552], [-3.78469, 50.21524], [-3.78542, 50.21553], [-3.78524, 50.21518], [-3.78679, 50.21513], [-3.78619, 50.21477], [-3.78682, 50.2147], [-3.78579, 50.21432], [-3.78706, 50.21416], [-3.78689, 50.21316], [-3.78623, 50.21263], [-3.78612, 50.21244], [-3.78501, 50.21146], [-3.78473, 50.2108], [-3.78547, 50.2105], [-3.78565, 50.21049], [-3.78625, 50.21056], [-3.78631, 50.21024], [-3.78675, 50.21037], [-3.78661, 50.2102], [-3.78681, 50.21006], [-3.78668, 50.21001], [-3.78693, 50.2098], [-3.7875, 50.21005], [-3.78765, 50.20997], [-3.78771, 50.21001], [-3.78775, 50.20992], [-3.78799, 50.2098], [-3.78958, 50.21002], [-3.78958, 50.21001], [-3.7896, 50.21002], [-3.7895, 50.20997], [-3.78916, 50.20977], [-3.78945, 50.20966], [-3.7895, 50.20971], [-3.78968, 50.20996], [-3.78975, 50.20995], [-3.7906, 50.21076], [-3.79223, 50.21128], [-3.79275, 50.21114], [-3.79279, 50.21144], [-3.79288, 50.21144], [-3.79288, 50.21144], [-3.79306, 50.21143], [-3.79443, 50.21146], [-3.79423, 50.21135], [-3.79649, 50.21121], [-3.79669, 50.21152], [-3.79631, 50.21166], [-3.79678, 50.2116], [-3.79782, 50.21213], [-3.79771, 50.21219], [-3.79803, 50.21224], [-3.79843, 50.21244], [-3.79844, 50.21247], [-3.79827, 50.21261], [-3.79833, 50.21264], [-3.79859, 50.21285], [-3.79829, 50.21297], [-3.79905, 50.21339], [-3.7989, 50.21341], [-3.79851, 50.21341], [-3.79865, 50.21345], [-3.7986, 50.21346], [-3.79862, 50.21346], [-3.7986, 50.21347], [-3.79884, 50.21351], [-3.79922, 50.21361], [-3.79906, 50.21365], [-3.79892, 50.21367], [-3.79892, 50.21421], [-3.79935, 50.21471], [-3.80065, 50.21479], [-3.80066, 50.21482], [-3.80071, 50.2148], [-3.8028, 50.21494], [-3.803, 50.21482], [-3.803, 50.21483], [-3.80343, 50.21461], [-3.80469, 50.21459], [-3.80477, 50.21462], [-3.80481, 50.2146], [-3.80545, 50.21475], [-3.80555, 50.21484], [-3.80564, 50.2148], [-3.80567, 50.21481], [-3.80573, 50.21476], [-3.80604, 50.21463], [-3.80702, 50.21482], [-3.80761, 50.21459], [-3.80786, 50.21462], [-3.80825, 50.21474], [-3.80829, 50.21437], [-3.80926, 50.21471], [-3.81043, 50.21458], [-3.81046, 50.21461], [-3.81045, 50.21458], [-3.81045, 50.21458], [-3.81048, 50.21462], [-3.81049, 50.21457], [-3.81085, 50.21453], [-3.81052, 50.21426], [-3.81052, 50.21423], [-3.81056, 50.21423], [-3.81092, 50.21424], [-3.81082, 50.21435], [-3.81083, 50.21435], [-3.81082, 50.21436], [-3.81146, 50.21431], [-3.81306, 50.21489], [-3.81413, 50.21509], [-3.81674, 50.21508], [-3.81638, 50.21539], [-3.81633, 50.21542], [-3.81634, 50.21543], [-3.81629, 50.21547], [-3.81621, 50.21642], [-3.81625, 50.21644], [-3.81627, 50.21645], [-3.81622, 50.2165], [-3.81642, 50.21652], [-3.81693, 50.21676], [-3.81685, 50.21704], [-3.81801, 50.21674], [-3.81815, 50.21642], [-3.81968, 50.21625], [-3.81971, 50.21627], [-3.81959, 50.21684], [-3.81958, 50.21685], [-3.81959, 50.21685], [-3.81957, 50.21694], [-3.82097, 50.21734], [-3.82255, 50.21726], [-3.82298, 50.21733], [-3.82291, 50.21738], [-3.8228, 50.21745], [-3.82281, 50.21745], [-3.8228, 50.21745], [-3.82282, 50.21745], [-3.82275, 50.21748], [-3.82317, 50.21752], [-3.82296, 50.21766], [-3.82283, 50.21772], [-3.82286, 50.21772], [-3.82284, 50.21773], [-3.82286, 50.21772], [-3.82262, 50.21787], [-3.82348, 50.2177], [-3.8234, 50.21785], [-3.82325, 50.21797], [-3.82379, 50.21802], [-3.82417, 50.21811], [-3.82356, 50.21875], [-3.82462, 50.21915], [-3.82415, 50.21953], [-3.82504, 50.21962], [-3.82505, 50.21962], [-3.82493, 50.22005], [-3.82595, 50.22022], [-3.82597, 50.22033], [-3.82595, 50.22036], [-3.82598, 50.22037], [-3.82616, 50.2212], [-3.82656, 50.22148], [-3.82666, 50.22168], [-3.8265, 50.22174], [-3.82708, 50.22204], [-3.82711, 50.2222], [-3.82705, 50.22227], [-3.82713, 50.22227], [-3.82719, 50.22258], [-3.82683, 50.22295], [-3.82727, 50.22363], [-3.82788, 50.22369], [-3.82807, 50.22329], [-3.82863, 50.22318], [-3.82877, 50.22324], [-3.8286, 50.2234], [-3.82941, 50.22339], [-3.82938, 50.22343], [-3.82974, 50.22341], [-3.82989, 50.22377], [-3.83017, 50.22367], [-3.83023, 50.22368], [-3.83067, 50.22394], [-3.83096, 50.22386], [-3.83131, 50.22389], [-3.83152, 50.22399], [-3.83151, 50.224], [-3.83128, 50.22424], [-3.83199, 50.22447], [-3.83171, 50.22457], [-3.83197, 50.22488], [-3.83275, 50.22473], [-3.83282, 50.22481], [-3.83284, 50.22502], [-3.83298, 50.225], [-3.83298, 50.22501], [-3.833, 50.225], [-3.83305, 50.22505], [-3.83328, 50.22497], [-3.83345, 50.22501], [-3.83331, 50.2252], [-3.83298, 50.22538], [-3.8335, 50.22584], [-3.83556, 50.22756], [-3.83631, 50.22752], [-3.83748, 50.22777], [-3.83766, 50.22782], [-3.83769, 50.22809], [-3.83783, 50.22803], [-3.83793, 50.22818], [-3.83798, 50.2287], [-3.84073, 50.22934], [-3.84098, 50.22958], [-3.84098, 50.22958], [-3.84099, 50.22959], [-3.841, 50.22959], [-3.8411, 50.22975], [-3.84157, 50.22966], [-3.84179, 50.22988], [-3.842, 50.23027], [-3.842, 50.23027], [-3.842, 50.23027], [-3.84206, 50.23025], [-3.84215, 50.23038], [-3.84264, 50.23017], [-3.84266, 50.23025], [-3.84356, 50.22978], [-3.84377, 50.22969], [-3.84382, 50.22993], [-3.8438, 50.23], [-3.8437, 50.23002], [-3.8438, 50.23003], [-3.84377, 50.23015], [-3.84593, 50.23024], [-3.846, 50.23028], [-3.84775, 50.23033], [-3.84812, 50.23053], [-3.84817, 50.23067], [-3.84798, 50.23084], [-3.8487, 50.23091], [-3.84906, 50.23104], [-3.84955, 50.23113], [-3.85092, 50.23243], [-3.85126, 50.23235], [-3.85158, 50.23233], [-3.8518, 50.23243], [-3.85171, 50.23248], [-3.85191, 50.23248], [-3.85202, 50.23252], [-3.85187, 50.23258], [-3.85209, 50.23274], [-3.85191, 50.23282], [-3.85278, 50.23305], [-3.85273, 50.23432], [-3.85571, 50.23446], [-3.85577, 50.23421], [-3.85711, 50.23406], [-3.85757, 50.23443], [-3.85849, 50.2343], [-3.85849, 50.23431], [-3.85936, 50.23421], [-3.85923, 50.23446], [-3.85999, 50.23424], [-3.86001, 50.23425], [-3.85973, 50.2347], [-3.86017, 50.23457], [-3.86026, 50.23493], [-3.86094, 50.23497], [-3.86115, 50.23526], [-3.86098, 50.23537], [-3.86126, 50.23542], [-3.86128, 50.23544], [-3.86187, 50.23554], [-3.86197, 50.23556], [-3.86193, 50.2356], [-3.86097, 50.23588], [-3.86171, 50.23603], [-3.86172, 50.23604], [-3.86275, 50.23624], [-3.86275, 50.23625], [-3.86235, 50.23673], [-3.86248, 50.23672], [-3.86247, 50.23673], [-3.86251, 50.23673], [-3.8625, 50.23673], [-3.86271, 50.2367], [-3.86327, 50.23664], [-3.86325, 50.23666], [-3.86237, 50.23715], [-3.86283, 50.23713], [-3.863, 50.23714], [-3.86311, 50.23722], [-3.86319, 50.23746], [-3.86442, 50.2373], [-3.86497, 50.23772], [-3.86509, 50.23781], [-3.86505, 50.23785], [-3.86506, 50.23785], [-3.86506, 50.23785], [-3.86512, 50.23783], [-3.86514, 50.23785], [-3.86585, 50.23771], [-3.86545, 50.23803], [-3.8655, 50.23807], [-3.86548, 50.23808], [-3.86549, 50.23808], [-3.86548, 50.23808], [-3.86552, 50.23809], [-3.86563, 50.23818], [-3.86611, 50.23829], [-3.86598, 50.23848], [-3.86699, 50.23895], [-3.86768, 50.23848], [-3.86777, 50.23853], [-3.8682, 50.23879], [-3.86802, 50.23895], [-3.86764, 50.23919], [-3.86772, 50.23923], [-3.86767, 50.23927], [-3.86798, 50.23935], [-3.86839, 50.23955], [-3.86739, 50.23963], [-3.86695, 50.24003], [-3.86804, 50.23997], [-3.86831, 50.23998], [-3.86787, 50.24053], [-3.86833, 50.2405], [-3.86834, 50.2405], [-3.86834, 50.2405], [-3.86835, 50.2405], [-3.86837, 50.2405], [-3.86944, 50.24043], [-3.86809, 50.24077], [-3.86873, 50.24077], [-3.86926, 50.24089], [-3.8694, 50.24092], [-3.8694, 50.24092], [-3.8694, 50.24092], [-3.86974, 50.24076], [-3.86977, 50.24076], [-3.86973, 50.24102], [-3.86979, 50.24103], [-3.86979, 50.24114], [-3.87064, 50.24117], [-3.87056, 50.24141], [-3.87049, 50.24147], [-3.87046, 50.24149], [-3.87076, 50.24159], [-3.87105, 50.24183], [-3.87064, 50.24241], [-3.87065, 50.24241], [-3.87064, 50.24242], [-3.87077, 50.24238], [-3.87066, 50.24251], [-3.8705, 50.24255], [-3.87056, 50.24246], [-3.87001, 50.24269], [-3.86883, 50.24301], [-3.86773, 50.24278], [-3.86773, 50.24278], [-3.86772, 50.24278], [-3.86773, 50.24279], [-3.86769, 50.24278], [-3.86774, 50.24297], [-3.86775, 50.24315], [-3.86675, 50.24319], [-3.86662, 50.24335], [-3.86654, 50.24334], [-3.86653, 50.2432], [-3.86609, 50.24328], [-3.86571, 50.24322], [-3.86483, 50.24287], [-3.86436, 50.24238], [-3.8618, 50.24275], [-3.85974, 50.24216], [-3.85911, 50.24251], [-3.85943, 50.24497], [-3.85968, 50.24508], [-3.86037, 50.24539], [-3.86047, 50.24507], [-3.86068, 50.24434], [-3.86088, 50.24477], [-3.86139, 50.24459], [-3.86143, 50.2446], [-3.86085, 50.24506], [-3.86041, 50.2454], [-3.8614, 50.24546], [-3.86094, 50.24559], [-3.86087, 50.2456], [-3.86077, 50.24562], [-3.8608, 50.24562], [-3.85903, 50.24614], [-3.85971, 50.2471], [-3.85928, 50.24727], [-3.85959, 50.24854], [-3.85991, 50.24859], [-3.85968, 50.24886], [-3.86009, 50.24881], [-3.85959, 50.24921], [-3.85973, 50.24982], [-3.86032, 50.25059], [-3.86111, 50.25059], [-3.86015, 50.25098], [-3.85966, 50.25172], [-3.86015, 50.25292], [-3.86078, 50.25316], [-3.86022, 50.25338], [-3.86042, 50.25442], [-3.85942, 50.25509], [-3.85973, 50.25523], [-3.85868, 50.25556], [-3.85784, 50.25671], [-3.85809, 50.26059], [-3.8592, 50.26215], [-3.86017, 50.26277], [-3.86059, 50.26253], [-3.86047, 50.26283], [-3.86157, 50.26295], [-3.86095, 50.26326], [-3.86276, 50.26445], [-3.86416, 50.26446], [-3.86428, 50.26415], [-3.86514, 50.2639], [-3.867, 50.26398], [-3.8681, 50.26362], [-3.86809, 50.264], [-3.86878, 50.26418], [-3.86783, 50.26516], [-3.86777, 50.26573], [-3.86918, 50.2675], [-3.87054, 50.26835], [-3.87201, 50.26845], [-3.87255, 50.26877], [-3.87333, 50.26826], [-3.87389, 50.26829], [-3.87322, 50.26885], [-3.87473, 50.26934], [-3.87517, 50.27035], [-3.87697, 50.27101], [-3.87695, 50.27167], [-3.87765, 50.2717], [-3.87818, 50.27216], [-3.87911, 50.27204], [-3.87863, 50.27227], [-3.8792, 50.27222], [-3.87922, 50.27336], [-3.87963, 50.27362], [-3.88157, 50.27343], [-3.88163, 50.27403], [-3.88026, 50.27459], [-3.88054, 50.27528], [-3.8812, 50.27533], [-3.88096, 50.27585], [-3.88175, 50.27653], [-3.88099, 50.27703], [-3.8795, 50.27691], [-3.87869, 50.27815], [-3.88001, 50.28177], [-3.87881, 50.28194], [-3.87772, 50.28183], [-3.87702, 50.28095], [-3.87728, 50.2807], [-3.87594, 50.27981], [-3.87228, 50.27897], [-3.87094, 50.27881], [-3.86812, 50.27931], [-3.86657, 50.28024], [-3.86534, 50.28232], [-3.86522, 50.28339], [-3.86448, 50.2837], [-3.86534, 50.28467], [-3.86416, 50.28722], [-3.86006, 50.28902], [-3.85812, 50.2906], [-3.8545, 50.29108], [-3.85242, 50.29108], [-3.85258, 50.29121], [-3.85305, 50.29158], [-3.85473, 50.2918], [-3.85836, 50.2915], [-3.85907, 50.29309], [-3.85868, 50.2942], [-3.85961, 50.295], [-3.85992, 50.29642], [-3.85972, 50.29713], [-3.85807, 50.2988], [-3.85366, 50.29997], [-3.85175, 50.30084], [-3.8502, 50.3029], [-3.85016, 50.30241], [-3.84812, 50.30358], [-3.85004, 50.30378], [-3.85041, 50.30402], [-3.85008, 50.30447], [-3.84824, 50.30536], [-3.8449, 50.3077], [-3.84213, 50.30899], [-3.84105, 50.30895], [-3.83817, 50.30805], [-3.83836, 50.30778], [-3.83862, 50.30739], [-3.83858, 50.30724], [-3.83846, 50.30724], [-3.83721, 50.30755], [-3.83852, 50.30743], [-3.83807, 50.30796], [-3.83788, 50.30809], [-3.83547, 50.3084], [-3.83106, 50.31031], [-3.82678, 50.30995], [-3.82577, 50.31045], [-3.82609, 50.31034], [-3.82585, 50.31069], [-3.82629, 50.31072], [-3.8266, 50.31008], [-3.82905, 50.31028], [-3.82831, 50.31051], [-3.82852, 50.31081], [-3.82844, 50.31051], [-3.82979, 50.31027], [-3.83058, 50.31083], [-3.83547, 50.30869], [-3.83888, 50.30843], [-3.83991, 50.30891], [-3.84034, 50.30965], [-3.83886, 50.30962], [-3.8375, 50.30981], [-3.83446, 50.31067], [-3.83433, 50.31093], [-3.83758, 50.31007], [-3.83814, 50.31016], [-3.83827, 50.31033], [-3.83789, 50.31076], [-3.83822, 50.31058], [-3.83831, 50.31041], [-3.83844, 50.31008], [-3.83804, 50.30985], [-3.83965, 50.30976], [-3.84006, 50.31009], [-3.84045, 50.31008], [-3.83972, 50.31115], [-3.83997, 50.31259], [-3.83984, 50.31153], [-3.8409, 50.31016], [-3.84318, 50.30901], [-3.84698, 50.30781], [-3.84874, 50.30668], [-3.84996, 50.30658], [-3.85374, 50.308], [-3.85379, 50.30801], [-3.85378, 50.30811], [-3.85377, 50.30825], [-3.8539, 50.30841], [-3.85396, 50.30843], [-3.85437, 50.3086], [-3.85468, 50.30904], [-3.85474, 50.30913], [-3.85472, 50.30907], [-3.85443, 50.30841], [-3.85408, 50.30835], [-3.85387, 50.30831], [-3.85392, 50.30814], [-3.854, 50.30788], [-3.85271, 50.30714], [-3.85175, 50.3066], [-3.85127, 50.30632], [-3.85079, 50.30575], [-3.85107, 50.30493], [-3.85446, 50.30297], [-3.85471, 50.30258], [-3.85435, 50.30218], [-3.85939, 50.30081], [-3.86052, 50.30022], [-3.86215, 50.29826], [-3.8626, 50.29844], [-3.86303, 50.2982], [-3.86229, 50.29635], [-3.86266, 50.29485], [-3.86341, 50.2945], [-3.86256, 50.29412], [-3.86075, 50.29227], [-3.8605, 50.29142], [-3.86264, 50.29008], [-3.86491, 50.28935], [-3.86636, 50.28788], [-3.86735, 50.28784], [-3.8671, 50.28715], [-3.86778, 50.28624], [-3.8687, 50.28281], [-3.87097, 50.28126], [-3.87423, 50.28095], [-3.8754, 50.28139], [-3.87552, 50.28104], [-3.87605, 50.28109], [-3.87612, 50.28277], [-3.87659, 50.28355], [-3.87764, 50.28421], [-3.8798, 50.28463], [-3.88565, 50.28362], [-3.88759, 50.28242], [-3.88747, 50.28209], [-3.8895, 50.28184], [-3.89259, 50.28229], [-3.89385, 50.28172], [-3.89509, 50.28176], [-3.89561, 50.28249], [-3.89702, 50.28322], [-3.89674, 50.2835], [-3.89735, 50.28354], [-3.89697, 50.28428], [-3.89756, 50.28423], [-3.89794, 50.28469], [-3.8987, 50.28486], [-3.89801, 50.28506], [-3.89803, 50.28545], [-3.89833, 50.28536], [-3.89747, 50.28568], [-3.8976, 50.28605], [-3.89731, 50.28592], [-3.89666, 50.28632], [-3.89679, 50.28709], [-3.89799, 50.28806], [-3.89889, 50.28847], [-3.89995, 50.28862], [-3.90113, 50.28783], [-3.90327, 50.28985], [-3.90481, 50.29028], [-3.90532, 50.29011], [-3.90552, 50.29059], [-3.90771, 50.29021], [-3.90698, 50.29067], [-3.90752, 50.291], [-3.90703, 50.29115], [-3.90718, 50.29155], [-3.90764, 50.2914], [-3.9072, 50.2921], [-3.90898, 50.29254], [-3.90986, 50.2923], [-3.90921, 50.29288], [-3.90984, 50.29315], [-3.9092, 50.29346], [-3.90995, 50.29433], [-3.91094, 50.29455], [-3.9123, 50.29439], [-3.9132, 50.29479], [-3.91414, 50.29456], [-3.91419, 50.29481], [-3.91563, 50.2942], [-3.91566, 50.29426], [-3.91521, 50.29474], [-3.91674, 50.29573], [-3.91773, 50.29606], [-3.91859, 50.29613], [-3.9194, 50.2958], [-3.92009, 50.29625], [-3.92092, 50.29642], [-3.92177, 50.29592], [-3.92214, 50.29622], [-3.92186, 50.29662], [-3.92247, 50.297], [-3.92342, 50.29705], [-3.92486, 50.29666], [-3.92605, 50.29695], [-3.92691, 50.29644], [-3.92663, 50.2962], [-3.92724, 50.29656], [-3.92804, 50.29602], [-3.92869, 50.29616], [-3.92846, 50.29565], [-3.93005, 50.29621], [-3.93095, 50.29619], [-3.93361, 50.29502], [-3.93329, 50.29536], [-3.93524, 50.29583], [-3.9349, 50.29616], [-3.93523, 50.29644], [-3.93603, 50.29655], [-3.93672, 50.29614], [-3.93699, 50.29627], [-3.93698, 50.29629], [-3.93645, 50.29651], [-3.93718, 50.29666], [-3.93812, 50.29609], [-3.93809, 50.29612], [-3.93741, 50.29664], [-3.93869, 50.29748], [-3.94287, 50.29636], [-3.94367, 50.2959], [-3.94278, 50.29669], [-3.94294, 50.29701], [-3.94352, 50.29678], [-3.94327, 50.29692], [-3.94384, 50.29732], [-3.94449, 50.29701], [-3.94488, 50.29719], [-3.94501, 50.29731], [-3.94501, 50.29748], [-3.94462, 50.29781], [-3.94536, 50.29754], [-3.9445, 50.29807], [-3.94386, 50.29904], [-3.94361, 50.30107], [-3.94416, 50.30159], [-3.94494, 50.30182], [-3.9456, 50.30149], [-3.94741, 50.30173], [-3.94693, 50.30193], [-3.94742, 50.30211], [-3.94687, 50.30261], [-3.94723, 50.30245], [-3.94764, 50.30269], [-3.94714, 50.30298], [-3.94743, 50.30352], [-3.94717, 50.30403], [-3.94784, 50.30472], [-3.94689, 50.30516], [-3.94733, 50.30526], [-3.94685, 50.30565], [-3.94683, 50.30677], [-3.94509, 50.30727], [-3.944, 50.30803], [-3.94255, 50.30825], [-3.94296, 50.30991], [-3.9399, 50.31276], [-3.93957, 50.31396], [-3.93887, 50.3147], [-3.93859, 50.31638], [-3.93899, 50.31771], [-3.93764, 50.31837], [-3.93772, 50.31884], [-3.93655, 50.31918], [-3.93633, 50.32059], [-3.93476, 50.32318], [-3.93412, 50.32355], [-3.93187, 50.32372], [-3.92971, 50.32445], [-3.928, 50.32438], [-3.92874, 50.32509], [-3.92845, 50.32563], [-3.92566, 50.32751], [-3.92201, 50.32934], [-3.9216, 50.32967], [-3.92083, 50.33043], [-3.92054, 50.33094], [-3.92005, 50.33162], [-3.92011, 50.33205], [-3.92091, 50.33043], [-3.92158, 50.32984], [-3.92214, 50.32935], [-3.92623, 50.32735], [-3.92851, 50.32566], [-3.9316, 50.32501], [-3.9358, 50.32473], [-3.9361, 50.32502], [-3.93566, 50.32793], [-3.933, 50.33102], [-3.93071, 50.33282], [-3.93177, 50.3324], [-3.92929, 50.33391], [-3.92686, 50.33673], [-3.9261, 50.34001], [-3.92742, 50.34217], [-3.92639, 50.34346], [-3.92642, 50.3435], [-3.92644, 50.34352], [-3.92645, 50.34354], [-3.92646, 50.34355], [-3.92706, 50.34424], [-3.92603, 50.3446], [-3.92604, 50.34489], [-3.92608, 50.34583], [-3.92606, 50.34586], [-3.92481, 50.34716], [-3.92568, 50.34798], [-3.92589, 50.34818], [-3.92501, 50.34712], [-3.92623, 50.34608], [-3.92625, 50.34477], [-3.92625, 50.34468], [-3.92665, 50.34453], [-3.92666, 50.34453], [-3.92727, 50.34424], [-3.92696, 50.34339], [-3.92767, 50.34234], [-3.9275, 50.3421], [-3.92698, 50.34136], [-3.92687, 50.34107], [-3.92638, 50.33979], [-3.92638, 50.33978], [-3.92713, 50.33696], [-3.92742, 50.33658], [-3.92826, 50.33549], [-3.92896, 50.33458], [-3.92908, 50.3345], [-3.92926, 50.33438], [-3.93197, 50.33259], [-3.93265, 50.33246], [-3.93306, 50.33279], [-3.93363, 50.33268], [-3.93337, 50.33294], [-3.93409, 50.33281], [-3.93421, 50.33289], [-3.93467, 50.33318], [-3.9343, 50.33275], [-3.93361, 50.33235], [-3.93813, 50.32942], [-3.93827, 50.3291], [-3.9386, 50.3283], [-3.93886, 50.32766], [-3.93962, 50.32689], [-3.93925, 50.32617], [-3.93979, 50.32555], [-3.93823, 50.32413], [-3.93893, 50.32167], [-3.93829, 50.32118], [-3.93828, 50.31958], [-3.9397, 50.31843], [-3.94029, 50.31742], [-3.94016, 50.31617], [-3.94206, 50.31448], [-3.94553, 50.31304], [-3.94676, 50.31287], [-3.94772, 50.31102], [-3.94867, 50.31053], [-3.94847, 50.3098], [-3.95016, 50.3095], [-3.95082, 50.30892], [-3.95192, 50.30922], [-3.95201, 50.30949], [-3.95391, 50.30938], [-3.95453, 50.30861], [-3.95438, 50.308], [-3.95546, 50.30717], [-3.95543, 50.30681], [-3.95679, 50.30624], [-3.95804, 50.30618], [-3.95774, 50.30584], [-3.95898, 50.30562], [-3.96004, 50.30568], [-3.95989, 50.30531], [-3.96092, 50.30478], [-3.96033, 50.30477], [-3.96048, 50.30453], [-3.96387, 50.30384], [-3.96408, 50.30385], [-3.96455, 50.30395], [-3.96453, 50.30398], [-3.96395, 50.3041], [-3.96436, 50.3042], [-3.96405, 50.3051], [-3.96556, 50.30496], [-3.96558, 50.30497], [-3.96546, 50.30526], [-3.96576, 50.30501], [-3.96587, 50.30503], [-3.96613, 50.30524], [-3.9663, 50.30513], [-3.96631, 50.30514], [-3.96631, 50.30513], [-3.96632, 50.30514], [-3.96631, 50.30512], [-3.96647, 50.30502], [-3.96654, 50.30503], [-3.96662, 50.30507], [-3.96653, 50.30498], [-3.96674, 50.30483], [-3.96729, 50.30496], [-3.96733, 50.30494], [-3.96802, 50.30458], [-3.96872, 50.30451], [-3.96926, 50.30454], [-3.96902, 50.30485], [-3.9689, 50.30488], [-3.96793, 50.30486], [-3.96856, 50.30507], [-3.96801, 50.30536], [-3.96899, 50.30556], [-3.96874, 50.30599], [-3.9696, 50.30581], [-3.96956, 50.30635], [-3.97021, 50.3065], [-3.97101, 50.30597], [-3.97247, 50.30596], [-3.97303, 50.3061], [-3.97257, 50.3064], [-3.97311, 50.30708], [-3.9747, 50.30709], [-3.9757, 50.30741], [-3.97644, 50.30717], [-3.97733, 50.30726], [-3.97726, 50.30746], [-3.97873, 50.30695], [-3.97894, 50.30723], [-3.97909, 50.30671], [-3.97952, 50.307], [-3.97969, 50.30668], [-3.98013, 50.30688], [-3.98049, 50.30666], [-3.98065, 50.30688], [-3.98003, 50.30716], [-3.98109, 50.30734], [-3.98089, 50.30752], [-3.9813, 50.30739], [-3.98135, 50.30761], [-3.98166, 50.30707], [-3.984, 50.30684], [-3.98456, 50.30633], [-3.98472, 50.30675], [-3.98604, 50.30643], [-3.98554, 50.30692], [-3.98646, 50.3065], [-3.98627, 50.30706], [-3.98712, 50.30684], [-3.98669, 50.30726], [-3.98797, 50.30706], [-3.98773, 50.30726], [-3.98831, 50.30718], [-3.98815, 50.30739], [-3.98902, 50.30751], [-3.98908, 50.30774], [-3.99012, 50.3074], [-3.9918, 50.30751], [-3.9939, 50.30703], [-3.99395, 50.30648], [-3.99479, 50.30591], [-3.99718, 50.30525], [-3.99776, 50.30435], [-3.99732, 50.30399], [-3.99818, 50.30396], [-3.9999, 50.30322], [-4.0014, 50.30318], [-4.00223, 50.30234], [-4.00223, 50.30234], [-4.00225, 50.30231], [-4.00225, 50.30234], [-4.00233, 50.30223], [-4.00245, 50.30211], [-4.00378, 50.30164], [-4.00466, 50.30166], [-4.00465, 50.30169], [-4.0041, 50.30228], [-4.00452, 50.30196], [-4.0045, 50.302], [-4.00458, 50.30192], [-4.00457, 50.30196], [-4.00472, 50.30181], [-4.00494, 50.30165], [-4.00648, 50.30157], [-4.00601, 50.30185], [-4.00693, 50.30162], [-4.00576, 50.30222], [-4.00649, 50.30213], [-4.00617, 50.3025], [-4.00733, 50.30201], [-4.00712, 50.30218], [-4.00833, 50.30242], [-4.00823, 50.30262], [-4.00869, 50.30248], [-4.00938, 50.30289], [-4.01041, 50.30275], [-4.01148, 50.30314], [-4.01317, 50.30254], [-4.01401, 50.30264], [-4.01441, 50.30218], [-4.01398, 50.30212], [-4.01555, 50.30186], [-4.01658, 50.30124], [-4.01742, 50.29979], [-4.01819, 50.29992], [-4.01822, 50.29948], [-4.01774, 50.29942], [-4.01855, 50.29905], [-4.01784, 50.29888], [-4.0182, 50.29848], [-4.01781, 50.29859], [-4.01792, 50.29823], [-4.01838, 50.29814], [-4.01788, 50.29818], [-4.01888, 50.29772], [-4.019, 50.29705], [-4.01854, 50.29692], [-4.01906, 50.29678], [-4.01832, 50.29665], [-4.01833, 50.29654], [-4.01891, 50.29566], [-4.01911, 50.29551], [-4.01904, 50.29547], [-4.01917, 50.29526], [-4.02031, 50.29464], [-4.02177, 50.29431], [-4.02179, 50.29456], [-4.02167, 50.29476], [-4.02098, 50.29518], [-4.02163, 50.29487], [-4.02163, 50.29488], [-4.02253, 50.29457], [-4.02345, 50.29451], [-4.02356, 50.29474], [-4.02355, 50.29477], [-4.02357, 50.29477], [-4.02364, 50.29491], [-4.02353, 50.29505], [-4.02347, 50.29509], [-4.0235, 50.29508], [-4.02314, 50.29554], [-4.02437, 50.29494], [-4.02414, 50.29527], [-4.02413, 50.29528], [-4.02412, 50.2953], [-4.02413, 50.29529], [-4.02412, 50.2953], [-4.02416, 50.29529], [-4.02378, 50.2959], [-4.02433, 50.29588], [-4.02479, 50.29661], [-4.0256, 50.29625], [-4.02561, 50.29625], [-4.02562, 50.29625], [-4.02563, 50.29625], [-4.02613, 50.29601], [-4.02642, 50.29588], [-4.02943, 50.29517], [-4.03072, 50.29448], [-4.03145, 50.29456], [-4.03148, 50.29416], [-4.0326, 50.29423], [-4.03234, 50.2937], [-4.0333, 50.2932], [-4.03292, 50.29346], [-4.03293, 50.29346], [-4.03292, 50.29347], [-4.0332, 50.29345], [-4.03303, 50.29377], [-4.03518, 50.29283], [-4.03444, 50.29359], [-4.03477, 50.29371], [-4.03635, 50.29292], [-4.03659, 50.29307], [-4.03612, 50.29338], [-4.03613, 50.29339], [-4.0361, 50.29341], [-4.03544, 50.2938], [-4.03636, 50.29355], [-4.03637, 50.29354], [-4.03637, 50.29354], [-4.03699, 50.29321], [-4.0372, 50.29348], [-4.03775, 50.29328], [-4.03784, 50.29326], [-4.03789, 50.29322], [-4.03844, 50.29302], [-4.03843, 50.29303], [-4.03844, 50.29302], [-4.03843, 50.29303], [-4.03845, 50.29301], [-4.03875, 50.29291], [-4.03838, 50.2934], [-4.03946, 50.2928], [-4.03834, 50.29396], [-4.04008, 50.29329], [-4.03977, 50.294], [-4.04099, 50.29342], [-4.04084, 50.29353], [-4.03974, 50.29418], [-4.04004, 50.29455], [-4.04112, 50.29449], [-4.04166, 50.29426], [-4.04167, 50.29426], [-4.04168, 50.29425], [-4.04357, 50.29347], [-4.04344, 50.29361], [-4.04278, 50.2941], [-4.04463, 50.29336], [-4.04435, 50.29369], [-4.04413, 50.29387], [-4.04427, 50.29382], [-4.04409, 50.29421], [-4.04461, 50.29392], [-4.04495, 50.29373], [-4.0455, 50.29359], [-4.04664, 50.29357], [-4.04598, 50.29414], [-4.0461, 50.29407], [-4.04598, 50.29417], [-4.0466, 50.29384], [-4.04599, 50.29477], [-4.04701, 50.29457], [-4.04702, 50.29466], [-4.04685, 50.29481], [-4.04702, 50.29474], [-4.04704, 50.29515], [-4.04749, 50.29491], [-4.04809, 50.29475], [-4.04805, 50.29484], [-4.04796, 50.29494], [-4.04801, 50.29491], [-4.04799, 50.29497], [-4.04783, 50.29506], [-4.04796, 50.29502], [-4.04774, 50.29548], [-4.04831, 50.29545], [-4.0488, 50.29494], [-4.04902, 50.29482], [-4.04938, 50.29482], [-4.05013, 50.29491], [-4.04998, 50.29468], [-4.05019, 50.29449], [-4.05056, 50.29437], [-4.05081, 50.29442], [-4.05092, 50.29534], [-4.05157, 50.29521], [-4.05079, 50.29596], [-4.05248, 50.29639], [-4.05186, 50.29661], [-4.05196, 50.29679], [-4.05289, 50.29664], [-4.05263, 50.29679], [-4.05237, 50.29701], [-4.05334, 50.29674], [-4.05236, 50.29732], [-4.05265, 50.29756], [-4.05288, 50.29788], [-4.05402, 50.29742], [-4.05481, 50.29725], [-4.05567, 50.29728], [-4.05589, 50.29702], [-4.05592, 50.29701], [-4.0571, 50.29675], [-4.05694, 50.29708], [-4.05668, 50.2973], [-4.05629, 50.29746], [-4.0575, 50.29781], [-4.05727, 50.2981], [-4.05858, 50.29799], [-4.05903, 50.29867], [-4.05866, 50.29905], [-4.05895, 50.29896], [-4.05869, 50.29939], [-4.05952, 50.29941], [-4.05949, 50.29944], [-4.05955, 50.29941], [-4.05964, 50.29942], [-4.05926, 50.29999], [-4.06003, 50.30053], [-4.06133, 50.30036], [-4.06209, 50.30067], [-4.06184, 50.30089], [-4.06372, 50.30062], [-4.06308, 50.30121], [-4.06491, 50.30137], [-4.06464, 50.30172], [-4.06564, 50.30168], [-4.06541, 50.30214], [-4.06629, 50.3022], [-4.06629, 50.30223], [-4.06633, 50.30221], [-4.0667, 50.30223], [-4.06661, 50.30245], [-4.06659, 50.30248], [-4.0666, 50.30248], [-4.06645, 50.30287], [-4.06776, 50.302], [-4.06839, 50.30219], [-4.06781, 50.30279], [-4.06868, 50.30239], [-4.07065, 50.30292], [-4.06997, 50.30333], [-4.07136, 50.30336], [-4.071, 50.30377], [-4.07161, 50.30357], [-4.07164, 50.30389], [-4.07193, 50.30364], [-4.07226, 50.30376], [-4.07209, 50.30327], [-4.07228, 50.30322], [-4.07364, 50.30353], [-4.07349, 50.30319], [-4.07324, 50.30291], [-4.07322, 50.30285], [-4.07349, 50.3028], [-4.07487, 50.30286], [-4.07569, 50.30341], [-4.0744, 50.30347], [-4.07464, 50.30402], [-4.07545, 50.30403], [-4.07459, 50.30482], [-4.07487, 50.30507], [-4.07359, 50.30523], [-4.07359, 50.30557], [-4.07419, 50.3056], [-4.07469, 50.30606], [-4.07372, 50.30651], [-4.07434, 50.30668], [-4.07415, 50.307], [-4.07374, 50.30704], [-4.07372, 50.30703], [-4.07372, 50.30704], [-4.07337, 50.30707], [-4.07296, 50.30784], [-4.07223, 50.30801], [-4.07231, 50.30887], [-4.07165, 50.30919], [-4.07111, 50.30921], [-4.07062, 50.30908], [-4.06921, 50.3091], [-4.06915, 50.30929], [-4.06899, 50.30908], [-4.06643, 50.30934], [-4.06623, 50.30933], [-4.06494, 50.30918], [-4.06411, 50.30969], [-4.06449, 50.31041], [-4.0644, 50.31051], [-4.06413, 50.31067], [-4.06425, 50.31066], [-4.06411, 50.31082], [-4.06254, 50.3116], [-4.06093, 50.31163], [-4.05916, 50.31062], [-4.05904, 50.31054], [-4.05899, 50.31052], [-4.05895, 50.3105], [-4.05892, 50.31049], [-4.057, 50.3094], [-4.05345, 50.3095], [-4.05211, 50.31017], [-4.05084, 50.31232], [-4.04857, 50.31283], [-4.0447, 50.31174], [-4.04087, 50.31187], [-4.0404, 50.31037], [-4.0395, 50.31252], [-4.03491, 50.31277], [-4.03327, 50.31343], [-4.03297, 50.31402], [-4.0319, 50.31431], [-4.0306, 50.31582], [-4.03544, 50.31387], [-4.0404, 50.31343], [-4.04138, 50.31288], [-4.04466, 50.31246], [-4.04555, 50.31306], [-4.04786, 50.3137], [-4.04967, 50.31384], [-4.05076, 50.31355], [-4.05202, 50.3138], [-4.05297, 50.31437], [-4.05323, 50.31504], [-4.05294, 50.31799], [-4.04918, 50.32028], [-4.04611, 50.32342], [-4.04313, 50.32391], [-4.04329, 50.32422], [-4.04567, 50.32426], [-4.04639, 50.3248], [-4.04566, 50.3267], [-4.04275, 50.32889], [-4.04237, 50.33041], [-4.04145, 50.33043], [-4.04006, 50.33125], [-4.03993, 50.3317], [-4.03668, 50.33317], [-4.03365, 50.33402], [-4.0312, 50.33523], [-4.02959, 50.33548], [-4.029, 50.33657], [-4.02759, 50.33674], [-4.02739, 50.33718], [-4.02547, 50.33837], [-4.02339, 50.33928], [-4.02157, 50.33977], [-4.02087, 50.33942], [-4.01931, 50.34005], [-4.01768, 50.3402], [-4.01572, 50.34107], [-4.018, 50.34052], [-4.01857, 50.34077], [-4.01789, 50.34117], [-4.01831, 50.34113], [-4.01899, 50.34052], [-4.01878, 50.34148], [-4.01946, 50.34133], [-4.01932, 50.34151], [-4.01737, 50.34164], [-4.02056, 50.34176], [-4.02266, 50.34122], [-4.02271, 50.34092], [-4.02304, 50.34119], [-4.02704, 50.34007], [-4.02723, 50.33981], [-4.03332, 50.33898], [-4.03421, 50.33928], [-4.03647, 50.33935], [-4.03358, 50.3394], [-4.0316, 50.34171], [-4.03274, 50.34261], [-4.03274, 50.34261], [-4.03367, 50.34145], [-4.03556, 50.34089], [-4.037, 50.33987], [-4.03754, 50.33916], [-4.03672, 50.33922], [-4.03904, 50.33815], [-4.03963, 50.33631], [-4.04085, 50.33573], [-4.04147, 50.33626], [-4.04326, 50.33598], [-4.04212, 50.33596], [-4.04211, 50.33474], [-4.0431, 50.33357], [-4.04295, 50.33301], [-4.04405, 50.33264], [-4.04445, 50.33158], [-4.04552, 50.33076], [-4.04562, 50.33159], [-4.04667, 50.33275], [-4.05107, 50.33486], [-4.05073, 50.33494], [-4.05124, 50.33617], [-4.0493, 50.33769], [-4.04987, 50.3382], [-4.04974, 50.33907], [-4.05091, 50.34167], [-4.05214, 50.343], [-4.05158, 50.34449], [-4.05188, 50.34554], [-4.05159, 50.34679], [-4.05195, 50.34722], [-4.05239, 50.34363], [-4.053, 50.34351], [-4.05349, 50.34278], [-4.05248, 50.34188], [-4.05148, 50.33868], [-4.05223, 50.33793], [-4.05369, 50.33747], [-4.05831, 50.33808], [-4.05623, 50.33738], [-4.05267, 50.33671], [-4.05262, 50.33524], [-4.05166, 50.33341], [-4.04841, 50.33185], [-4.04757, 50.33104], [-4.04776, 50.33031], [-4.04898, 50.33024], [-4.04743, 50.3286], [-4.04718, 50.32786], [-4.0476, 50.32721], [-4.0504, 50.32552], [-4.05049, 50.3248], [-4.04952, 50.32279], [-4.05323, 50.31955], [-4.05538, 50.3186], [-4.05572, 50.31773], [-4.05523, 50.3145], [-4.05351, 50.31258], [-4.05483, 50.31143], [-4.05599, 50.31136], [-4.05723, 50.31159], [-4.05972, 50.31305], [-4.06152, 50.31335], [-4.06392, 50.31327], [-4.06498, 50.3128], [-4.06533, 50.31299], [-4.06605, 50.31261], [-4.06687, 50.31277], [-4.06783, 50.31236], [-4.06938, 50.31224], [-4.0695, 50.31232], [-4.06964, 50.31265], [-4.06926, 50.31321], [-4.07033, 50.31412], [-4.07019, 50.31426], [-4.07135, 50.31439], [-4.07186, 50.31492], [-4.07452, 50.31502], [-4.07451, 50.31544], [-4.07491, 50.31533], [-4.07546, 50.31583], [-4.07605, 50.3157], [-4.07615, 50.316], [-4.07725, 50.31624], [-4.07889, 50.31595], [-4.08127, 50.31661], [-4.08204, 50.31649], [-4.08448, 50.31752], [-4.08437, 50.31761], [-4.08449, 50.31752], [-4.08449, 50.31752], [-4.08435, 50.31762], [-4.0845, 50.31752], [-4.08519, 50.31782], [-4.08687, 50.31747], [-4.08891, 50.31643], [-4.08996, 50.31633], [-4.09037, 50.31696], [-4.09124, 50.31677], [-4.09251, 50.31704], [-4.10095, 50.3172], [-4.10275, 50.31661], [-4.10495, 50.31488], [-4.10597, 50.31525], [-4.10749, 50.31505], [-4.10796, 50.31545], [-4.10989, 50.3157], [-4.10988, 50.31599], [-4.11065, 50.31576], [-4.11099, 50.31581], [-4.1112, 50.31587], [-4.1112, 50.31587], [-4.11132, 50.31585], [-4.11163, 50.31589], [-4.11222, 50.31634], [-4.1121, 50.31691], [-4.11285, 50.3166], [-4.11331, 50.31688], [-4.11269, 50.3171], [-4.11312, 50.31788], [-4.11232, 50.31887], [-4.11272, 50.31926], [-4.11346, 50.31932], [-4.11369, 50.31896], [-4.11423, 50.31916], [-4.11382, 50.31937], [-4.11436, 50.31926], [-4.11399, 50.31951], [-4.11482, 50.31929], [-4.11616, 50.31957], [-4.11661, 50.31922], [-4.11775, 50.31969], [-4.11902, 50.31938], [-4.11874, 50.31963], [-4.11915, 50.31962], [-4.11939, 50.3204], [-4.11978, 50.32044], [-4.11942, 50.3212], [-4.11988, 50.32113], [-4.12066, 50.32176], [-4.11985, 50.32232], [-4.12002, 50.32268], [-4.11904, 50.3233], [-4.12026, 50.32379], [-4.12114, 50.3237], [-4.12106, 50.32405], [-4.12174, 50.3242], [-4.12124, 50.32473], [-4.12192, 50.32479], [-4.12222, 50.3255], [-4.12122, 50.32634], [-4.12173, 50.32671], [-4.12142, 50.32732], [-4.1219, 50.32744], [-4.12201, 50.32817], [-4.12088, 50.32882], [-4.11938, 50.32899], [-4.119, 50.32968], [-4.11913, 50.33049], [-4.11983, 50.33107], [-4.11913, 50.33214], [-4.11981, 50.33251], [-4.11933, 50.33274], [-4.12008, 50.33323], [-4.12097, 50.33314], [-4.12122, 50.33329], [-4.12076, 50.33364], [-4.12143, 50.33353], [-4.12101, 50.33409], [-4.12048, 50.33412], [-4.12122, 50.33465], [-4.11967, 50.33509], [-4.11964, 50.33585], [-4.12001, 50.33615], [-4.12263, 50.33643], [-4.12275, 50.33669], [-4.12431, 50.33651], [-4.12506, 50.33602], [-4.12677, 50.33604], [-4.12866, 50.33727], [-4.12869, 50.3373], [-4.12795, 50.33712], [-4.12746, 50.33758], [-4.12746, 50.33733], [-4.12711, 50.3377], [-4.12745, 50.33847], [-4.12733, 50.33858], [-4.12705, 50.3387], [-4.12767, 50.33881], [-4.12718, 50.33931], [-4.12843, 50.33957], [-4.12785, 50.33983], [-4.12872, 50.34031], [-4.12797, 50.34057], [-4.1284, 50.34074], [-4.12842, 50.34078], [-4.12846, 50.34089], [-4.12846, 50.34089], [-4.12797, 50.3415], [-4.12891, 50.34126], [-4.12894, 50.34125], [-4.12863, 50.34147], [-4.12845, 50.34156], [-4.12841, 50.34157], [-4.12842, 50.34157], [-4.12843, 50.34157], [-4.12843, 50.34157], [-4.12841, 50.34158], [-4.12847, 50.34158], [-4.12781, 50.34199], [-4.12855, 50.34216], [-4.12814, 50.34224], [-4.12839, 50.34253], [-4.12766, 50.3428], [-4.12862, 50.34286], [-4.12854, 50.34293], [-4.12622, 50.34407], [-4.1261, 50.34449], [-4.12646, 50.34453], [-4.12646, 50.34453], [-4.12602, 50.34475], [-4.1243, 50.34533], [-4.12388, 50.34604], [-4.12349, 50.3465], [-4.12306, 50.34671], [-4.12305, 50.34671], [-4.11935, 50.34514], [-4.11635, 50.34559], [-4.11468, 50.34437], [-4.10725, 50.34559], [-4.10466, 50.34569], [-4.10195, 50.34511], [-4.09996, 50.34428], [-4.09426, 50.34325], [-4.09328, 50.34338], [-4.09076, 50.34172], [-4.09059, 50.3409], [-4.08959, 50.34133], [-4.08864, 50.34296], [-4.08578, 50.34337], [-4.08291, 50.34497], [-4.08139, 50.3466], [-4.07942, 50.35015], [-4.07234, 50.35271], [-4.07236, 50.35318], [-4.07169, 50.35349], [-4.06536, 50.35538], [-4.06545, 50.35588], [-4.06431, 50.35629], [-4.06414, 50.35605], [-4.06192, 50.35667], [-4.06094, 50.35587], [-4.05969, 50.35673], [-4.05817, 50.35613], [-4.05758, 50.3572], [-4.0578, 50.35833], [-4.05383, 50.35745], [-4.05294, 50.35652], [-4.05207, 50.35755], [-4.0502, 50.35805], [-4.05159, 50.36048], [-4.05104, 50.36089], [-4.0497, 50.36114], [-4.05095, 50.36226], [-4.04976, 50.36308], [-4.05509, 50.36826], [-4.05432, 50.36979], [-4.05059, 50.37468], [-4.05019, 50.37658], [-4.0502, 50.37747], [-4.04755, 50.37765], [-4.04056, 50.37713], [-4.035, 50.3772], [-4.03088, 50.37782], [-4.02706, 50.37903], [-4.02455, 50.38098], [-4.02532, 50.38178], [-4.02573, 50.38331], [-4.01963, 50.38747], [-4.02022, 50.3875], [-4.02093, 50.38875], [-4.02152, 50.39067], [-4.02117, 50.39178], [-4.0289, 50.39221], [-4.02804, 50.39327], [-4.02782, 50.394], [-4.03155, 50.39429], [-4.03041, 50.39708], [-4.03469, 50.39749], [-4.03759, 50.39734], [-4.04114, 50.39778], [-4.04165, 50.39762], [-4.03948, 50.40075], [-4.03965, 50.40142], [-4.04425, 50.40109], [-4.0466, 50.40198], [-4.0487, 50.40211], [-4.04893, 50.40163], [-4.05251, 50.40251], [-4.05261, 50.40147], [-4.05534, 50.40113], [-4.05547, 50.40198], [-4.05675, 50.40258], [-4.05982, 50.40115], [-4.06354, 50.40107], [-4.07151, 50.40185], [-4.07218, 50.40383], [-4.07254, 50.40714], [-4.0746, 50.40819], [-4.07778, 50.40859], [-4.07901, 50.40966], [-4.07803, 50.41002], [-4.07777, 50.41124], [-4.07704, 50.41168], [-4.07779, 50.41296], [-4.0773, 50.41359], [-4.0806, 50.41533], [-4.08108, 50.41652], [-4.07915, 50.41896], [-4.08067, 50.41986], [-4.08126, 50.42077], [-4.0824, 50.42227], [-4.08258, 50.42455], [-4.08473, 50.42583], [-4.0856, 50.42602], [-4.08723, 50.42583], [-4.08859, 50.42666], [-4.09056, 50.42713], [-4.09318, 50.42706], [-4.09421, 50.42781], [-4.09793, 50.42865], [-4.09888, 50.42974], [-4.10124, 50.4304], [-4.10415, 50.43012], [-4.1062, 50.43033], [-4.1073, 50.43125], [-4.10954, 50.43209], [-4.10997, 50.43251], [-4.10906, 50.43233], [-4.10829, 50.4326], [-4.10882, 50.43318], [-4.10826, 50.43336], [-4.10876, 50.4338], [-4.10671, 50.43487], [-4.10771, 50.43556], [-4.1067, 50.43697], [-4.10651, 50.43856], [-4.10875, 50.43832], [-4.10911, 50.43847], [-4.11022, 50.4422], [-4.11274, 50.4434], [-4.11349, 50.44415], [-4.11614, 50.44299], [-4.11692, 50.44339], [-4.11848, 50.44235], [-4.12268, 50.44082], [-4.12512, 50.4384], [-4.1244, 50.43609], [-4.12488, 50.43571], [-4.13197, 50.43367], [-4.13566, 50.43293], [-4.13807, 50.43291], [-4.13935, 50.43315], [-4.13937, 50.43337], [-4.14162, 50.43327], [-4.14254, 50.43272], [-4.14285, 50.43285], [-4.14461, 50.43232], [-4.14594, 50.43118], [-4.14657, 50.4311], [-4.1482, 50.43222], [-4.14865, 50.43296], [-4.14923, 50.43286], [-4.14939, 50.43318], [-4.15023, 50.4333], [-4.15074, 50.433], [-4.15112, 50.43664], [-4.15586, 50.43643], [-4.15629, 50.43375], [-4.15995, 50.43134], [-4.1653, 50.43], [-4.16472, 50.42859], [-4.16416, 50.42851], [-4.16346, 50.42761], [-4.16353, 50.42759], [-4.16544, 50.42627], [-4.16594, 50.42551], [-4.16849, 50.42471], [-4.16933, 50.42401], [-4.17303, 50.42448], [-4.17455, 50.4243], [-4.17545, 50.42383], [-4.17439, 50.42418], [-4.17361, 50.42354], [-4.17401, 50.42346], [-4.17402, 50.42381], [-4.17452, 50.4239], [-4.1748, 50.4237], [-4.1742, 50.42329], [-4.17477, 50.42315], [-4.17491, 50.42361], [-4.17506, 50.42318], [-4.17524, 50.42352], [-4.17606, 50.42342], [-4.17604, 50.4227], [-4.17667, 50.42257], [-4.17677, 50.4233], [-4.17761, 50.42331], [-4.17704, 50.42362], [-4.17722, 50.42395], [-4.17783, 50.42388], [-4.17828, 50.4246], [-4.18101, 50.42541], [-4.18246, 50.42563], [-4.18356, 50.42545], [-4.1844, 50.42582], [-4.18532, 50.42519], [-4.18502, 50.42524], [-4.18539, 50.42474], [-4.18663, 50.42453], [-4.18515, 50.42586], [-4.18528, 50.42619], [-4.18835, 50.42728], [-4.18981, 50.42845], [-4.18955, 50.42873], [-4.18627, 50.42943], [-4.18436, 50.42944], [-4.18271, 50.43088], [-4.18038, 50.43187], [-4.17882, 50.43303], [-4.17788, 50.43346], [-4.17557, 50.43376], [-4.17542, 50.43398], [-4.17652, 50.43457], [-4.1739, 50.4353], [-4.17318, 50.43587], [-4.17193, 50.4379], [-4.17043, 50.4391], [-4.16973, 50.44087], [-4.16664, 50.44229], [-4.16561, 50.44237], [-4.16501, 50.44316], [-4.16507, 50.44383], [-4.1663, 50.44623], [-4.16552, 50.44608], [-4.16329, 50.44687], [-4.16265, 50.44941], [-4.16131, 50.44944], [-4.16124, 50.44853], [-4.15906, 50.44746], [-4.15795, 50.44735], [-4.15795, 50.447], [-4.15646, 50.44635], [-4.15698, 50.44702], [-4.15714, 50.44673], [-4.15761, 50.44739], [-4.15867, 50.44775], [-4.1579, 50.44777], [-4.15985, 50.44871], [-4.15862, 50.44759], [-4.16036, 50.4484], [-4.16059, 50.44919], [-4.16166, 50.4497], [-4.16207, 50.45043], [-4.16017, 50.45112], [-4.15863, 50.45255], [-4.1567, 50.45361], [-4.1546, 50.45655], [-4.15459, 50.45983], [-4.15701, 50.46123], [-4.15691, 50.46198], [-4.15631, 50.46257], [-4.15453, 50.46335], [-4.15201, 50.4638], [-4.15147, 50.46342], [-4.14748, 50.46326], [-4.14591, 50.46241], [-4.14431, 50.46207], [-4.14253, 50.46222], [-4.13862, 50.46325], [-4.1371, 50.46474], [-4.13401, 50.46423], [-4.1278, 50.46509], [-4.12659, 50.46477], [-4.12367, 50.46477], [-4.12363, 50.46449], [-4.12284, 50.46427], [-4.12026, 50.46373], [-4.11976, 50.46389], [-4.11626, 50.46305], [-4.10857, 50.46297], [-4.10955, 50.45937], [-4.10926, 50.45722], [-4.11044, 50.45396], [-4.10821, 50.45448], [-4.10727, 50.45039], [-4.10428, 50.45536], [-4.09886, 50.46068], [-4.07942, 50.46818], [-4.07801, 50.4688], [-4.07779, 50.46991], [-4.07716, 50.46783], [-4.07726, 50.46747], [-4.07791, 50.46726], [-4.07619, 50.46564], [-4.07648, 50.46521], [-4.07601, 50.46395], [-4.07274, 50.4625], [-4.07277, 50.46151], [-4.07137, 50.4609], [-4.07012, 50.45948], [-4.06937, 50.4593], [-4.06799, 50.45962], [-4.06517, 50.45963], [-4.06515, 50.45823], [-4.06634, 50.45712], [-4.0667, 50.45604], [-4.06785, 50.45536], [-4.06801, 50.4545], [-4.06683, 50.45447], [-4.0654, 50.45486], [-4.06402, 50.45431], [-4.06018, 50.45403], [-4.05842, 50.45594], [-4.05717, 50.45673], [-4.05311, 50.45732], [-4.05066, 50.45876], [-4.04749, 50.45885], [-4.04613, 50.45955], [-4.0442, 50.45985], [-4.04262, 50.46046], [-4.04292, 50.46145], [-4.04249, 50.46186], [-4.03866, 50.46264], [-4.03748, 50.46348], [-4.03624, 50.4638], [-4.03548, 50.46377], [-4.03392, 50.46278], [-4.03272, 50.46325], [-4.03209, 50.46315], [-4.03125, 50.46376], [-4.0302, 50.46382], [-4.02957, 50.46338], [-4.02982, 50.46249], [-4.02893, 50.46237], [-4.02892, 50.46292], [-4.02741, 50.46174], [-4.0256, 50.46233], [-4.02393, 50.46203], [-4.02335, 50.46318], [-4.02408, 50.46464], [-4.02445, 50.4674], [-4.02305, 50.46873], [-4.01764, 50.46832], [-4.01107, 50.46958], [-4.00929, 50.46944], [-4.0079, 50.46967], [-4.00649, 50.47214], [-4.00705, 50.47248], [-4.00655, 50.47302], [-4.00674, 50.47419], [-4.00444, 50.47586], [-4.00529, 50.4764], [-4.00126, 50.47734], [-3.99478, 50.47739], [-3.99393, 50.47787], [-3.99391, 50.47833], [-3.99236, 50.47908], [-3.99094, 50.48119], [-3.98785, 50.4815], [-3.98469, 50.48332], [-3.9849, 50.48388], [-3.98217, 50.48557], [-3.97936, 50.48649], [-3.97866, 50.487], [-3.97617, 50.48744], [-3.97516, 50.48795], [-3.97169, 50.48803], [-3.97132, 50.48781], [-3.97044, 50.48813], [-3.96797, 50.48982], [-3.96755, 50.49197], [-3.96532, 50.49418], [-3.96477, 50.49631], [-3.96439, 50.4964], [-3.96247, 50.49819], [-3.9602, 50.49923], [-3.95597, 50.50024], [-3.95485, 50.50022], [-3.95236, 50.49906], [-3.9491, 50.49836], [-3.94657, 50.498], [-3.94579, 50.49827], [-3.94871, 50.49274], [-3.94878, 50.48866], [-3.94601, 50.48908], [-3.93898, 50.48442], [-3.93704, 50.48365], [-3.93589, 50.48353], [-3.93259, 50.48195], [-3.93219, 50.48222], [-3.93189, 50.48191], [-3.92831, 50.48129], [-3.92749, 50.48089], [-3.92638, 50.48097], [-3.92566, 50.47977], [-3.92393, 50.47876], [-3.92374, 50.47949], [-3.92241, 50.48004], [-3.92147, 50.48104], [-3.91998, 50.48165], [-3.91478, 50.48186], [-3.9138, 50.48168], [-3.91372, 50.48124], [-3.9114, 50.48026], [-3.90924, 50.47844], [-3.90626, 50.47683], [-3.90384, 50.47717], [-3.89897, 50.47264], [-3.89832, 50.47416], [-3.8917, 50.47838], [-3.89153, 50.47946], [-3.88806, 50.4801], [-3.88372, 50.48], [-3.88373, 50.4808], [-3.88235, 50.4827], [-3.88191, 50.48406], [-3.88024, 50.48567], [-3.87986, 50.4873], [-3.88124, 50.49076], [-3.88274, 50.49282], [-3.88304, 50.49527], [-3.88368, 50.49589], [-3.88387, 50.49802], [-3.88319, 50.49957], [-3.88433, 50.50156], [-3.89134, 50.50589], [-3.8926, 50.51385], [-3.89065, 50.51964], [-3.89118, 50.52352], [-3.88641, 50.52463], [-3.88576, 50.52511], [-3.88457, 50.52703], [-3.88458, 50.52867], [-3.88402, 50.52936], [-3.88431, 50.53065], [-3.88812, 50.53322], [-3.88916, 50.53632], [-3.88649, 50.53614], [-3.88467, 50.5372], [-3.8835, 50.53923], [-3.8822, 50.53997], [-3.88044, 50.54028], [-3.87969, 50.54156], [-3.87744, 50.54243], [-3.87609, 50.54262], [-3.8756, 50.54243], [-3.87501, 50.5411], [-3.87533, 50.54018], [-3.87504, 50.5378]]]]}}, {"type": "Feature", "properties": {"name": "Teignbridge"}, "geometry": {"type": "MultiPolygon", "coordinates": [[[[-3.58461, 50.53791], [-3.58532, 50.53756], [-3.58444, 50.53789], [-3.58519, 50.53719], [-3.58379, 50.53795], [-3.58337, 50.53789], [-3.58352, 50.53744], [-3.58643, 50.53683], [-3.58654, 50.53679], [-3.58851, 50.53611], [-3.58933, 50.5371], [-3.58932, 50.53711], [-3.58829, 50.53903], [-3.58539, 50.53903], [-3.58526, 50.53877], [-3.58376, 50.53859], [-3.5842, 50.5384], [-3.58424, 50.53839], [-3.58434, 50.53812], [-3.58509, 50.53802], [-3.58461, 50.53791]]], [[[-3.44725, 50.61871], [-3.44717, 50.61718], [-3.44747, 50.61863], [-3.44725, 50.61871]]], [[[-3.66879, 50.76271], [-3.66599, 50.75991], [-3.66187, 50.75964], [-3.65913, 50.75814], [-3.65934, 50.75793], [-3.65882, 50.75748], [-3.65671, 50.7572], [-3.65604, 50.75744], [-3.65608, 50.7571], [-3.65342, 50.75634], [-3.65184, 50.75631], [-3.64807, 50.75689], [-3.64642, 50.75671], [-3.64401, 50.75736], [-3.6415, 50.75862], [-3.64066, 50.75826], [-3.64089, 50.75708], [-3.63972, 50.75526], [-3.63627, 50.75576], [-3.63469, 50.75507], [-3.63198, 50.75482], [-3.62737, 50.75618], [-3.62484, 50.75611], [-3.62318, 50.7555], [-3.62222, 50.75572], [-3.62188, 50.75561], [-3.62125, 50.75311], [-3.62016, 50.75215], [-3.61996, 50.75095], [-3.61839, 50.75108], [-3.61711, 50.75196], [-3.61574, 50.7523], [-3.61435, 50.75396], [-3.60885, 50.7542], [-3.6088, 50.75336], [-3.60766, 50.75275], [-3.60674, 50.75128], [-3.60623, 50.74883], [-3.60325, 50.74742], [-3.602, 50.74596], [-3.60114, 50.74631], [-3.599, 50.74644], [-3.59844, 50.74704], [-3.5967, 50.74686], [-3.5966, 50.74778], [-3.596, 50.74773], [-3.59527, 50.74757], [-3.59359, 50.7463], [-3.59318, 50.74645], [-3.5923, 50.7455], [-3.5919, 50.74499], [-3.59231, 50.74482], [-3.59215, 50.74329], [-3.58788, 50.74402], [-3.58552, 50.74387], [-3.58308, 50.74156], [-3.58261, 50.74158], [-3.57947, 50.74184], [-3.57338, 50.74411], [-3.56966, 50.745], [-3.56903, 50.74094], [-3.56665, 50.74065], [-3.56471, 50.73998], [-3.56601, 50.73962], [-3.56737, 50.73736], [-3.56447, 50.73556], [-3.56388, 50.7337], [-3.56305, 50.73336], [-3.56272, 50.73228], [-3.56173, 50.73199], [-3.56058, 50.73006], [-3.56079, 50.72974], [-3.56187, 50.72963], [-3.5632, 50.72872], [-3.56573, 50.72925], [-3.56622, 50.72912], [-3.5677, 50.72834], [-3.56689, 50.72744], [-3.57013, 50.72783], [-3.56841, 50.72623], [-3.56785, 50.72617], [-3.56668, 50.72446], [-3.56573, 50.72379], [-3.56608, 50.7231], [-3.56543, 50.72224], [-3.56513, 50.7201], [-3.56478, 50.71999], [-3.56463, 50.71785], [-3.56557, 50.71671], [-3.56575, 50.71541], [-3.56623, 50.71507], [-3.56702, 50.71535], [-3.56823, 50.71525], [-3.56868, 50.71511], [-3.5687, 50.71461], [-3.56689, 50.71418], [-3.5662, 50.71122], [-3.56487, 50.71086], [-3.56511, 50.71059], [-3.56299, 50.70904], [-3.56274, 50.7069], [-3.56005, 50.70615], [-3.5507, 50.70444], [-3.54767, 50.70324], [-3.54548, 50.70191], [-3.543, 50.69941], [-3.53909, 50.69292], [-3.53814, 50.69341], [-3.53371, 50.69273], [-3.52939, 50.69282], [-3.52683, 50.69532], [-3.52509, 50.69366], [-3.52282, 50.69258], [-3.5209, 50.69253], [-3.51878, 50.69303], [-3.51775, 50.69249], [-3.51087, 50.69223], [-3.50678, 50.69112], [-3.50541, 50.69142], [-3.50365, 50.69262], [-3.50326, 50.69242], [-3.50177, 50.69432], [-3.49958, 50.69419], [-3.49603, 50.69296], [-3.49435, 50.69274], [-3.49363, 50.69201], [-3.4936, 50.69114], [-3.49389, 50.69044], [-3.4948, 50.68985], [-3.49276, 50.68889], [-3.49273, 50.68861], [-3.49024, 50.68827], [-3.48782, 50.68888], [-3.48389, 50.68823], [-3.48254, 50.68779], [-3.48234, 50.68659], [-3.48081, 50.68604], [-3.48046, 50.68529], [-3.47962, 50.68532], [-3.47693, 50.68333], [-3.47047, 50.68185], [-3.46983, 50.68225], [-3.46869, 50.68182], [-3.46888, 50.68124], [-3.46766, 50.6758], [-3.46722, 50.67528], [-3.46759, 50.67491], [-3.46771, 50.66749], [-3.46663, 50.66549], [-3.46671, 50.66435], [-3.46608, 50.66329], [-3.4675, 50.66464], [-3.46819, 50.66395], [-3.46737, 50.66338], [-3.46537, 50.66021], [-3.46206, 50.65882], [-3.46067, 50.65788], [-3.45983, 50.65794], [-3.45765, 50.65707], [-3.45654, 50.65615], [-3.45559, 50.65283], [-3.4527, 50.64949], [-3.45126, 50.64708], [-3.45257, 50.64466], [-3.45254, 50.64225], [-3.45252, 50.64222], [-3.45252, 50.64221], [-3.45252, 50.64221], [-3.44979, 50.63573], [-3.44945, 50.63254], [-3.45016, 50.63225], [-3.44945, 50.63248], [-3.44611, 50.62482], [-3.44706, 50.62062], [-3.44725, 50.61881], [-3.4481, 50.61874], [-3.44905, 50.61834], [-3.44889, 50.61736], [-3.44899, 50.61697], [-3.4481, 50.61678], [-3.44694, 50.61705], [-3.44574, 50.61436], [-3.44511, 50.61073], [-3.44451, 50.60732], [-3.44477, 50.60562], [-3.44592, 50.60554], [-3.44488, 50.60555], [-3.44509, 50.60553], [-3.44485, 50.60555], [-3.44479, 50.60555], [-3.44359, 50.60128], [-3.44316, 50.60189], [-3.44368, 50.60189], [-3.44288, 50.60234], [-3.4436, 50.60206], [-3.44359, 50.60252], [-3.443, 50.60263], [-3.44382, 50.60258], [-3.44358, 50.60316], [-3.44305, 50.60339], [-3.44346, 50.603], [-3.44262, 50.60273], [-3.44207, 50.6033], [-3.44286, 50.60204], [-3.43961, 50.60437], [-3.43995, 50.60486], [-3.43866, 50.60495], [-3.43632, 50.60586], [-3.43543, 50.60668], [-3.43344, 50.60705], [-3.43138, 50.60794], [-3.43092, 50.60784], [-3.43102, 50.60729], [-3.43037, 50.60718], [-3.4285, 50.60791], [-3.42755, 50.60917], [-3.42745, 50.61047], [-3.42806, 50.61094], [-3.42816, 50.61102], [-3.42916, 50.61122], [-3.42984, 50.61113], [-3.42998, 50.61092], [-3.43041, 50.61024], [-3.43065, 50.61055], [-3.43046, 50.61091], [-3.42999, 50.61179], [-3.42777, 50.61318], [-3.42351, 50.61459], [-3.42252, 50.61412], [-3.4227, 50.61329], [-3.42478, 50.61098], [-3.42978, 50.60543], [-3.43911, 50.59962], [-3.43929, 50.59937], [-3.4394, 50.59932], [-3.43944, 50.59918], [-3.43975, 50.59876], [-3.4396, 50.59853], [-3.43961, 50.59853], [-3.43951, 50.5984], [-3.43931, 50.59808], [-3.44202, 50.59665], [-3.44302, 50.59569], [-3.44374, 50.59313], [-3.44346, 50.59285], [-3.44398, 50.59272], [-3.44359, 50.59234], [-3.44347, 50.59202], [-3.44505, 50.59187], [-3.44949, 50.5899], [-3.457, 50.58579], [-3.46127, 50.58283], [-3.46076, 50.58239], [-3.46135, 50.5827], [-3.46486, 50.58], [-3.4644, 50.57946], [-3.4644, 50.57946], [-3.46499, 50.57975], [-3.46698, 50.57811], [-3.46754, 50.57735], [-3.46706, 50.57666], [-3.46769, 50.57556], [-3.46745, 50.5754], [-3.46778, 50.57547], [-3.46912, 50.57413], [-3.46862, 50.57352], [-3.46855, 50.57317], [-3.46881, 50.57312], [-3.46847, 50.57252], [-3.46908, 50.57212], [-3.4682, 50.57183], [-3.46799, 50.57154], [-3.4683, 50.57171], [-3.46857, 50.57157], [-3.46957, 50.57052], [-3.46855, 50.56634], [-3.4696, 50.56439], [-3.46929, 50.56353], [-3.46844, 50.56298], [-3.46926, 50.56316], [-3.46938, 50.56319], [-3.46955, 50.56322], [-3.47021, 50.56263], [-3.46979, 50.56238], [-3.4707, 50.5624], [-3.4723, 50.56187], [-3.47319, 50.56234], [-3.47419, 50.56214], [-3.47462, 50.56232], [-3.47454, 50.56202], [-3.47735, 50.56044], [-3.47736, 50.56044], [-3.48177, 50.55638], [-3.48282, 50.55513], [-3.48276, 50.55487], [-3.48315, 50.55446], [-3.48437, 50.55367], [-3.48537, 50.55323], [-3.48642, 50.55237], [-3.48645, 50.55231], [-3.48656, 50.55224], [-3.49644, 50.5425], [-3.49943, 50.54122], [-3.49982, 50.54054], [-3.50067, 50.54071], [-3.49888, 50.54223], [-3.49834, 50.54347], [-3.49858, 50.54433], [-3.49905, 50.54457], [-3.49878, 50.54485], [-3.49953, 50.54484], [-3.49933, 50.54524], [-3.49986, 50.54502], [-3.50106, 50.54592], [-3.50128, 50.54593], [-3.50734, 50.54622], [-3.50759, 50.54655], [-3.50969, 50.54664], [-3.5098, 50.54684], [-3.50972, 50.5466], [-3.51047, 50.54643], [-3.51034, 50.54588], [-3.51103, 50.54643], [-3.51512, 50.54581], [-3.5155, 50.54546], [-3.51692, 50.54544], [-3.51804, 50.54554], [-3.51844, 50.54596], [-3.51917, 50.54607], [-3.51921, 50.54607], [-3.51929, 50.54608], [-3.52202, 50.54639], [-3.52473, 50.5471], [-3.52927, 50.54728], [-3.53276, 50.54702], [-3.53689, 50.54623], [-3.53768, 50.54492], [-3.5393, 50.54531], [-3.54072, 50.54499], [-3.54208, 50.54541], [-3.54667, 50.54517], [-3.54849, 50.54471], [-3.5496, 50.54517], [-3.55197, 50.54504], [-3.55344, 50.54533], [-3.55481, 50.54494], [-3.55575, 50.5455], [-3.55924, 50.5455], [-3.5647, 50.54453], [-3.56651, 50.54302], [-3.56662, 50.54293], [-3.56815, 50.5424], [-3.5698, 50.54274], [-3.57332, 50.54275], [-3.57739, 50.54211], [-3.57899, 50.54163], [-3.58006, 50.54076], [-3.58011, 50.54019], [-3.58058, 50.53998], [-3.58043, 50.53936], [-3.58042, 50.53935], [-3.58064, 50.5393], [-3.58066, 50.5393], [-3.58235, 50.53962], [-3.59087, 50.53885], [-3.59069, 50.53862], [-3.59153, 50.53851], [-3.5909, 50.53839], [-3.5888, 50.53893], [-3.58952, 50.53757], [-3.58953, 50.53698], [-3.58902, 50.53614], [-3.58976, 50.53484], [-3.59173, 50.53453], [-3.59242, 50.53467], [-3.59301, 50.53464], [-3.59333, 50.53458], [-3.59371, 50.53483], [-3.59363, 50.53531], [-3.59344, 50.53547], [-3.59176, 50.53542], [-3.59308, 50.53553], [-3.59334, 50.53551], [-3.59346, 50.53549], [-3.59357, 50.53543], [-3.59365, 50.53536], [-3.59377, 50.53484], [-3.59373, 50.53471], [-3.59354, 50.53459], [-3.59329, 50.53453], [-3.59286, 50.53461], [-3.59196, 50.53451], [-3.59604, 50.53369], [-3.59605, 50.53369], [-3.59684, 50.53354], [-3.59752, 50.53378], [-3.59753, 50.53378], [-3.59844, 50.53459], [-3.59866, 50.53473], [-3.6028, 50.53658], [-3.60279, 50.53659], [-3.60161, 50.53804], [-3.60283, 50.53888], [-3.6026, 50.54008], [-3.60596, 50.54117], [-3.6028, 50.53991], [-3.60306, 50.53899], [-3.60189, 50.53802], [-3.60302, 50.53663], [-3.60303, 50.53662], [-3.60299, 50.53628], [-3.59911, 50.53478], [-3.60123, 50.5347], [-3.60492, 50.53533], [-3.60531, 50.53575], [-3.60558, 50.53608], [-3.60578, 50.53622], [-3.60739, 50.53721], [-3.6074, 50.53721], [-3.60723, 50.5372], [-3.60567, 50.53708], [-3.60768, 50.53744], [-3.60744, 50.53849], [-3.60794, 50.53759], [-3.60803, 50.53775], [-3.60773, 50.53895], [-3.60842, 50.53992], [-3.60778, 50.53896], [-3.60815, 50.5378], [-3.60862, 50.5381], [-3.60831, 50.5384], [-3.60868, 50.53813], [-3.60884, 50.53822], [-3.60898, 50.53831], [-3.60914, 50.5384], [-3.6085, 50.5379], [-3.60847, 50.53787], [-3.60837, 50.5378], [-3.6083, 50.53775], [-3.60775, 50.53732], [-3.60767, 50.53726], [-3.60767, 50.53726], [-3.60747, 50.53711], [-3.60664, 50.53659], [-3.60546, 50.53574], [-3.60505, 50.53527], [-3.60342, 50.53488], [-3.60389, 50.53449], [-3.60329, 50.5349], [-3.60206, 50.53472], [-3.60137, 50.53462], [-3.60074, 50.53461], [-3.59912, 50.53453], [-3.59788, 50.53369], [-3.59831, 50.53357], [-3.59833, 50.53357], [-3.59855, 50.53362], [-3.59863, 50.53364], [-3.60048, 50.53413], [-3.60159, 50.53403], [-3.60298, 50.53342], [-3.60466, 50.53179], [-3.60651, 50.5316], [-3.60467, 50.53171], [-3.60277, 50.53344], [-3.60275, 50.53344], [-3.60066, 50.53404], [-3.59838, 50.53349], [-3.59776, 50.53336], [-3.59683, 50.53327], [-3.5931, 50.53403], [-3.59285, 50.53408], [-3.59278, 50.53408], [-3.59004, 50.53418], [-3.59132, 50.53141], [-3.59302, 50.52903], [-3.59511, 50.52501], [-3.59494, 50.52432], [-3.59497, 50.52495], [-3.59405, 50.52615], [-3.59298, 50.52886], [-3.59277, 50.52924], [-3.59189, 50.53043], [-3.59115, 50.53155], [-3.58952, 50.53443], [-3.5883, 50.53588], [-3.58635, 50.53641], [-3.58621, 50.53645], [-3.57661, 50.53838], [-3.57282, 50.53836], [-3.5717, 50.53872], [-3.57042, 50.53872], [-3.5673, 50.53864], [-3.5663, 50.53822], [-3.56598, 50.53844], [-3.56647, 50.53905], [-3.56538, 50.53945], [-3.55935, 50.53921], [-3.55824, 50.53979], [-3.55395, 50.54075], [-3.55223, 50.54008], [-3.551, 50.54111], [-3.54881, 50.54003], [-3.54353, 50.53975], [-3.54039, 50.53809], [-3.54033, 50.53822], [-3.53939, 50.54038], [-3.53575, 50.54046], [-3.53329, 50.54006], [-3.53212, 50.54034], [-3.53122, 50.54004], [-3.52925, 50.5406], [-3.52725, 50.54029], [-3.52407, 50.54059], [-3.52209, 50.54123], [-3.52097, 50.54085], [-3.51878, 50.54136], [-3.51798, 50.54064], [-3.51571, 50.54102], [-3.51412, 50.54094], [-3.51244, 50.54195], [-3.51009, 50.54215], [-3.50981, 50.54286], [-3.5097, 50.54229], [-3.50739, 50.54215], [-3.5048, 50.54114], [-3.5015, 50.53928], [-3.49853, 50.53818], [-3.49712, 50.53825], [-3.49618, 50.53794], [-3.49613, 50.53749], [-3.4987, 50.53538], [-3.50078, 50.53286], [-3.50115, 50.53004], [-3.50197, 50.52963], [-3.50292, 50.52848], [-3.50305, 50.52758], [-3.5042, 50.52624], [-3.50383, 50.52559], [-3.50471, 50.5246], [-3.50497, 50.52321], [-3.50646, 50.52166], [-3.50696, 50.51933], [-3.50704, 50.51927], [-3.50789, 50.51893], [-3.50815, 50.51782], [-3.50904, 50.51726], [-3.50914, 50.51658], [-3.51382, 50.51654], [-3.51653, 50.51849], [-3.5172, 50.5174], [-3.52083, 50.5177], [-3.51999, 50.51098], [-3.52325, 50.50981], [-3.525, 50.50862], [-3.52572, 50.50852], [-3.52907, 50.50679], [-3.52821, 50.50607], [-3.52958, 50.50603], [-3.52994, 50.50455], [-3.53277, 50.50525], [-3.53318, 50.50463], [-3.53513, 50.50514], [-3.53663, 50.50594], [-3.53848, 50.50439], [-3.53914, 50.50453], [-3.53902, 50.50217], [-3.54129, 50.50076], [-3.54226, 50.49884], [-3.54328, 50.49897], [-3.5438, 50.49735], [-3.55157, 50.49489], [-3.55369, 50.49509], [-3.55637, 50.4948], [-3.55841, 50.49503], [-3.56107, 50.49446], [-3.56283, 50.49333], [-3.5621, 50.49149], [-3.56239, 50.48848], [-3.56477, 50.48697], [-3.56725, 50.48791], [-3.56751, 50.48941], [-3.56899, 50.48996], [-3.56897, 50.49039], [-3.56964, 50.49071], [-3.57019, 50.49044], [-3.57032, 50.48929], [-3.57124, 50.48825], [-3.57199, 50.48784], [-3.57283, 50.48787], [-3.57295, 50.48746], [-3.5741, 50.48767], [-3.57492, 50.48686], [-3.57485, 50.486], [-3.57529, 50.48581], [-3.57564, 50.48454], [-3.57665, 50.48316], [-3.57922, 50.4822], [-3.58085, 50.48032], [-3.58196, 50.48029], [-3.58208, 50.47983], [-3.58447, 50.47924], [-3.58417, 50.478], [-3.58425, 50.47772], [-3.58756, 50.47856], [-3.58885, 50.47857], [-3.59073, 50.47962], [-3.59145, 50.47966], [-3.59243, 50.48092], [-3.59511, 50.48271], [-3.59522, 50.48324], [-3.59805, 50.4844], [-3.59833, 50.48416], [-3.59932, 50.48443], [-3.60236, 50.48438], [-3.6031, 50.48451], [-3.60442, 50.48404], [-3.60707, 50.48206], [-3.60858, 50.48159], [-3.6098, 50.48071], [-3.61322, 50.4756], [-3.61259, 50.47225], [-3.61439, 50.47239], [-3.6132, 50.4696], [-3.61421, 50.46921], [-3.61659, 50.46966], [-3.62096, 50.46971], [-3.62142, 50.46828], [-3.62345, 50.46667], [-3.62624, 50.46678], [-3.62734, 50.46618], [-3.63136, 50.46622], [-3.63238, 50.46692], [-3.63326, 50.46638], [-3.63398, 50.46642], [-3.63448, 50.46704], [-3.63719, 50.46785], [-3.63806, 50.46686], [-3.64062, 50.4656], [-3.64248, 50.46303], [-3.64501, 50.46116], [-3.64739, 50.46216], [-3.65306, 50.46382], [-3.65881, 50.46462], [-3.65774, 50.465], [-3.65581, 50.4665], [-3.65362, 50.4674], [-3.65409, 50.46779], [-3.65294, 50.46874], [-3.65245, 50.46814], [-3.65016, 50.46847], [-3.65012, 50.47055], [-3.65224, 50.47021], [-3.65272, 50.46977], [-3.65487, 50.4697], [-3.65516, 50.4698], [-3.65469, 50.47032], [-3.6533, 50.47064], [-3.65471, 50.47187], [-3.65549, 50.47206], [-3.65686, 50.47145], [-3.65801, 50.47169], [-3.66198, 50.46966], [-3.66259, 50.46979], [-3.66406, 50.46922], [-3.66409, 50.46891], [-3.66459, 50.46903], [-3.66491, 50.46876], [-3.66495, 50.46792], [-3.66637, 50.46788], [-3.66703, 50.46717], [-3.66835, 50.46674], [-3.66867, 50.46602], [-3.66791, 50.46543], [-3.66835, 50.46415], [-3.66911, 50.46342], [-3.66886, 50.46302], [-3.66936, 50.46216], [-3.67022, 50.46225], [-3.67114, 50.46316], [-3.67112, 50.4642], [-3.67195, 50.46499], [-3.67321, 50.46532], [-3.67442, 50.46626], [-3.67495, 50.46611], [-3.67679, 50.46698], [-3.67788, 50.46701], [-3.6796, 50.46761], [-3.68002, 50.46808], [-3.68152, 50.46794], [-3.6815, 50.46822], [-3.68193, 50.46852], [-3.68247, 50.46842], [-3.68302, 50.46909], [-3.68631, 50.4701], [-3.6885, 50.47199], [-3.6895, 50.47225], [-3.68989, 50.47289], [-3.69081, 50.47325], [-3.69079, 50.47363], [-3.69139, 50.47397], [-3.69123, 50.47447], [-3.69228, 50.47472], [-3.69375, 50.47594], [-3.69407, 50.47785], [-3.69719, 50.47827], [-3.69829, 50.47885], [-3.69868, 50.4787], [-3.7, 50.47965], [-3.70316, 50.48002], [-3.70387, 50.48046], [-3.70601, 50.48049], [-3.70648, 50.48114], [-3.70752, 50.48096], [-3.70787, 50.48128], [-3.70838, 50.48099], [-3.71024, 50.48179], [-3.71045, 50.48261], [-3.71095, 50.48283], [-3.71164, 50.48236], [-3.71207, 50.48301], [-3.71548, 50.48502], [-3.71608, 50.48575], [-3.7162, 50.48673], [-3.71705, 50.48742], [-3.71685, 50.48827], [-3.71761, 50.4892], [-3.71696, 50.49067], [-3.71871, 50.49244], [-3.71849, 50.49304], [-3.71936, 50.49345], [-3.72023, 50.4934], [-3.7207, 50.49402], [-3.72153, 50.49433], [-3.72233, 50.49427], [-3.72269, 50.49457], [-3.72334, 50.49438], [-3.72519, 50.49532], [-3.72758, 50.49775], [-3.73042, 50.49885], [-3.73413, 50.50138], [-3.73527, 50.50239], [-3.73586, 50.50382], [-3.73725, 50.50548], [-3.7374, 50.50634], [-3.74185, 50.50796], [-3.74521, 50.50759], [-3.74743, 50.50803], [-3.75037, 50.50933], [-3.75629, 50.51039], [-3.75835, 50.50915], [-3.76436, 50.50671], [-3.76658, 50.50506], [-3.76777, 50.50341], [-3.76823, 50.50136], [-3.76781, 50.49955], [-3.76578, 50.496], [-3.76559, 50.49403], [-3.76613, 50.49243], [-3.76833, 50.48886], [-3.7692, 50.48581], [-3.76748, 50.48489], [-3.7663, 50.48187], [-3.7612, 50.47905], [-3.76079, 50.47853], [-3.76091, 50.47719], [-3.75789, 50.47442], [-3.75769, 50.47354], [-3.75894, 50.47004], [-3.75886, 50.46682], [-3.76204, 50.46774], [-3.76414, 50.46749], [-3.76582, 50.46669], [-3.76814, 50.46706], [-3.77227, 50.46438], [-3.77292, 50.46349], [-3.77425, 50.46355], [-3.77597, 50.46415], [-3.77667, 50.46395], [-3.77882, 50.46588], [-3.77979, 50.46859], [-3.78101, 50.47002], [-3.78201, 50.47229], [-3.78445, 50.47332], [-3.78487, 50.4729], [-3.78641, 50.47263], [-3.78678, 50.47207], [-3.78731, 50.47197], [-3.7866, 50.4732], [-3.78628, 50.47545], [-3.78728, 50.4756], [-3.78698, 50.47704], [-3.78613, 50.47774], [-3.78888, 50.47826], [-3.7919, 50.47781], [-3.79225, 50.47849], [-3.79324, 50.47843], [-3.7933, 50.48005], [-3.79428, 50.48098], [-3.79113, 50.48226], [-3.79303, 50.48394], [-3.79485, 50.48641], [-3.79697, 50.48729], [-3.79816, 50.48943], [-3.79515, 50.48968], [-3.79434, 50.49], [-3.79529, 50.49197], [-3.7922, 50.49299], [-3.78951, 50.49295], [-3.79073, 50.49561], [-3.78717, 50.4949], [-3.78293, 50.49473], [-3.77909, 50.49491], [-3.77586, 50.49559], [-3.77638, 50.49734], [-3.7784, 50.49855], [-3.78041, 50.49883], [-3.78557, 50.49872], [-3.78922, 50.49941], [-3.79069, 50.50017], [-3.79177, 50.50143], [-3.79166, 50.5023], [-3.78823, 50.50381], [-3.7871, 50.50501], [-3.7863, 50.50742], [-3.7875, 50.50998], [-3.78537, 50.51355], [-3.78476, 50.51772], [-3.78802, 50.52055], [-3.78941, 50.52122], [-3.79115, 50.52144], [-3.79427, 50.52084], [-3.79817, 50.52095], [-3.7995, 50.5217], [-3.79964, 50.52274], [-3.798, 50.52583], [-3.7977, 50.52988], [-3.79487, 50.53256], [-3.79836, 50.53496], [-3.79947, 50.53639], [-3.80088, 50.53693], [-3.80198, 50.53676], [-3.80389, 50.53542], [-3.80521, 50.53388], [-3.8055, 50.53289], [-3.80896, 50.53282], [-3.8111, 50.53086], [-3.81493, 50.52949], [-3.81457, 50.52738], [-3.81358, 50.52596], [-3.81371, 50.52541], [-3.81541, 50.52518], [-3.81731, 50.5253], [-3.81821, 50.52504], [-3.81999, 50.52204], [-3.82024, 50.51919], [-3.82185, 50.51693], [-3.82259, 50.51661], [-3.82529, 50.51679], [-3.82722, 50.51641], [-3.8293, 50.51827], [-3.83631, 50.52331], [-3.83716, 50.52489], [-3.83658, 50.52529], [-3.83611, 50.52669], [-3.83656, 50.52746], [-3.84033, 50.5302], [-3.84269, 50.53049], [-3.84385, 50.53104], [-3.84405, 50.53175], [-3.84335, 50.53331], [-3.84474, 50.53443], [-3.85164, 50.53615], [-3.85306, 50.53544], [-3.85539, 50.53314], [-3.85856, 50.53258], [-3.86159, 50.53408], [-3.86321, 50.53446], [-3.8664, 50.53454], [-3.87144, 50.53414], [-3.87201, 50.53447], [-3.87276, 50.53602], [-3.87504, 50.5378], [-3.87533, 50.54018], [-3.87501, 50.5411], [-3.8756, 50.54243], [-3.87586, 50.54456], [-3.87488, 50.54543], [-3.87513, 50.54662], [-3.87599, 50.54725], [-3.87561, 50.54766], [-3.87591, 50.54925], [-3.87713, 50.55], [-3.87743, 50.5525], [-3.87683, 50.55316], [-3.87429, 50.55421], [-3.87459, 50.55518], [-3.87404, 50.5562], [-3.87593, 50.55698], [-3.87623, 50.55891], [-3.87428, 50.56182], [-3.87485, 50.56402], [-3.87434, 50.56479], [-3.87301, 50.56557], [-3.8728, 50.56644], [-3.87186, 50.56677], [-3.87188, 50.56812], [-3.87071, 50.56919], [-3.86969, 50.5713], [-3.87013, 50.57214], [-3.87258, 50.57338], [-3.8738, 50.57515], [-3.87698, 50.57515], [-3.87735, 50.57565], [-3.87771, 50.57874], [-3.87729, 50.57904], [-3.87842, 50.57993], [-3.87836, 50.58046], [-3.87928, 50.58086], [-3.88094, 50.58435], [-3.88039, 50.5857], [-3.87925, 50.58626], [-3.8807, 50.58696], [-3.88058, 50.58742], [-3.88137, 50.58774], [-3.88051, 50.58933], [-3.88118, 50.59044], [-3.88114, 50.59247], [-3.88179, 50.59309], [-3.88282, 50.595], [-3.88248, 50.59672], [-3.87919, 50.59953], [-3.87492, 50.60913], [-3.87303, 50.61097], [-3.8725, 50.61264], [-3.87336, 50.6143], [-3.8698, 50.61689], [-3.86731, 50.61931], [-3.86426, 50.62344], [-3.86205, 50.62514], [-3.86056, 50.62582], [-3.8581, 50.62619], [-3.85774, 50.62896], [-3.85598, 50.63068], [-3.85445, 50.63164], [-3.85278, 50.63161], [-3.85037, 50.63232], [-3.84887, 50.63353], [-3.84838, 50.63444], [-3.84592, 50.6357], [-3.84528, 50.64102], [-3.84361, 50.64305], [-3.84393, 50.64526], [-3.84358, 50.64694], [-3.84176, 50.64823], [-3.83775, 50.64982], [-3.83476, 50.64971], [-3.83276, 50.64891], [-3.83175, 50.64778], [-3.83026, 50.64765], [-3.82928, 50.64793], [-3.82881, 50.64897], [-3.82885, 50.65048], [-3.82665, 50.65177], [-3.82451, 50.65205], [-3.82382, 50.6516], [-3.82194, 50.65139], [-3.82069, 50.65179], [-3.82012, 50.65167], [-3.82003, 50.65222], [-3.81852, 50.65231], [-3.8174, 50.6514], [-3.81598, 50.6516], [-3.81415, 50.6513], [-3.81423, 50.65293], [-3.81348, 50.65338], [-3.8117, 50.65367], [-3.81079, 50.65424], [-3.80991, 50.65419], [-3.81021, 50.65516], [-3.80938, 50.65567], [-3.80683, 50.6555], [-3.80465, 50.65591], [-3.8059, 50.6567], [-3.80724, 50.65859], [-3.80966, 50.65899], [-3.81193, 50.65875], [-3.812, 50.659], [-3.81108, 50.6596], [-3.8104, 50.66246], [-3.80948, 50.6629], [-3.80966, 50.66463], [-3.80624, 50.66536], [-3.8035, 50.66657], [-3.80453, 50.66736], [-3.80157, 50.66873], [-3.80161, 50.66975], [-3.80059, 50.67034], [-3.79941, 50.67176], [-3.79902, 50.67316], [-3.79722, 50.67491], [-3.79808, 50.67577], [-3.79848, 50.67769], [-3.80284, 50.67862], [-3.80703, 50.68161], [-3.80775, 50.68281], [-3.80787, 50.68462], [-3.81099, 50.68939], [-3.81162, 50.69102], [-3.80974, 50.69258], [-3.80892, 50.694], [-3.80728, 50.69474], [-3.80332, 50.69364], [-3.80166, 50.69369], [-3.79878, 50.69291], [-3.79188, 50.69384], [-3.78937, 50.6928], [-3.78678, 50.69216], [-3.78494, 50.69281], [-3.78428, 50.69342], [-3.78378, 50.69489], [-3.78257, 50.69553], [-3.78, 50.69532], [-3.7771, 50.69347], [-3.77575, 50.69306], [-3.77383, 50.69317], [-3.76848, 50.69498], [-3.76165, 50.69322], [-3.76064, 50.69331], [-3.75848, 50.69443], [-3.75674, 50.69483], [-3.75344, 50.69431], [-3.75267, 50.69633], [-3.74954, 50.69716], [-3.7456, 50.69666], [-3.74179, 50.69552], [-3.73508, 50.6959], [-3.73225, 50.697], [-3.73369, 50.6986], [-3.73347, 50.69946], [-3.73403, 50.70014], [-3.7337, 50.70024], [-3.73513, 50.70125], [-3.73488, 50.70169], [-3.73525, 50.70172], [-3.73501, 50.702], [-3.73568, 50.70252], [-3.73559, 50.70318], [-3.73386, 50.70457], [-3.73391, 50.70652], [-3.73487, 50.70833], [-3.73324, 50.71142], [-3.73105, 50.71365], [-3.72924, 50.71447], [-3.72421, 50.71565], [-3.72747, 50.71731], [-3.73259, 50.71872], [-3.73499, 50.72172], [-3.73751, 50.72353], [-3.73423, 50.72379], [-3.72756, 50.72713], [-3.72334, 50.72815], [-3.72275, 50.7315], [-3.71966, 50.73464], [-3.71824, 50.73731], [-3.71006, 50.7427], [-3.70838, 50.74871], [-3.70193, 50.75085], [-3.69431, 50.75245], [-3.69185, 50.75377], [-3.68899, 50.75242], [-3.68769, 50.75248], [-3.68277, 50.75156], [-3.68158, 50.75012], [-3.68025, 50.7499], [-3.68036, 50.75041], [-3.67944, 50.75052], [-3.67899, 50.75093], [-3.67918, 50.75213], [-3.6782, 50.75233], [-3.67853, 50.75309], [-3.67936, 50.75345], [-3.67923, 50.75412], [-3.67957, 50.75427], [-3.67832, 50.75512], [-3.67865, 50.7553], [-3.6784, 50.7556], [-3.67742, 50.75542], [-3.67728, 50.75574], [-3.67657, 50.75598], [-3.67678, 50.75642], [-3.67617, 50.75638], [-3.67609, 50.75664], [-3.67663, 50.7568], [-3.6759, 50.75687], [-3.67616, 50.75738], [-3.67546, 50.75744], [-3.6758, 50.75778], [-3.67513, 50.75786], [-3.67502, 50.75855], [-3.67454, 50.75865], [-3.67445, 50.75899], [-3.67529, 50.75938], [-3.67514, 50.75971], [-3.67462, 50.75975], [-3.67477, 50.76044], [-3.67442, 50.76036], [-3.67366, 50.76089], [-3.67414, 50.76133], [-3.67391, 50.76179], [-3.67303, 50.76216], [-3.67314, 50.76259], [-3.67271, 50.76273], [-3.6722, 50.76381], [-3.67163, 50.76399], [-3.6703, 50.76307], [-3.66879, 50.76271]]]]}}, {"type": "Feature", "properties": {"name": "Torridge"}, "geometry": {"type": "MultiPolygon", "coordinates": [[[[-4.54537, 50.95265], [-4.54548, 50.95241], [-4.54683, 50.95267], [-4.54537, 50.95265]]], [[[-4.54442, 50.95277], [-4.54428, 50.95245], [-4.54507, 50.95244], [-4.54525, 50.95273], [-4.54442, 50.95277]]], [[[-4.20809, 51.06164], [-4.20884, 51.06094], [-4.21012, 51.06075], [-4.21202, 51.06122], [-4.21308, 51.06068], [-4.21248, 51.06065], [-4.21339, 51.06032], [-4.2123, 51.06055], [-4.21254, 51.06022], [-4.21216, 51.06019], [-4.21205, 51.05944], [-4.21371, 51.05672], [-4.2101, 51.05279], [-4.2102, 51.05242], [-4.20929, 51.05285], [-4.20624, 51.05335], [-4.20519, 51.05413], [-4.20195, 51.05527], [-4.20165, 51.05608], [-4.2001, 51.05692], [-4.19955, 51.05759], [-4.19765, 51.05793], [-4.19476, 51.05695], [-4.1931, 51.05554], [-4.19227, 51.05558], [-4.19065, 51.05479], [-4.19115, 51.05466], [-4.19064, 51.05425], [-4.19058, 51.05215], [-4.19149, 51.05172], [-4.1911, 51.05124], [-4.19148, 51.0505], [-4.19102, 51.04995], [-4.19133, 51.04887], [-4.19047, 51.04643], [-4.19127, 51.04491], [-4.19217, 51.04426], [-4.19225, 51.04356], [-4.19343, 51.04291], [-4.19449, 51.04134], [-4.1951, 51.04104], [-4.19492, 51.04078], [-4.19572, 51.03958], [-4.19685, 51.03905], [-4.19686, 51.03855], [-4.19968, 51.03645], [-4.20166, 51.0356], [-4.20279, 51.03446], [-4.2033, 51.0332], [-4.20289, 51.03307], [-4.20393, 51.03183], [-4.20325, 51.03124], [-4.20337, 51.02895], [-4.20281, 51.02822], [-4.20281, 51.0282], [-4.20282, 51.02686], [-4.2021, 51.02477], [-4.20226, 51.02329], [-4.20341, 51.02086], [-4.20495, 51.01487], [-4.20566, 51.01376], [-4.20567, 51.0137], [-4.20675, 51.00803], [-4.20579, 51.00633], [-4.20616, 51.00516], [-4.20578, 51.0055], [-4.2042, 51.00449], [-4.1932, 51.00007], [-4.1939, 50.99756], [-4.1953, 50.99618], [-4.1957, 50.99602], [-4.19585, 50.99597], [-4.19636, 50.99617], [-4.19696, 50.99641], [-4.19914, 50.99512], [-4.19918, 50.99467], [-4.19836, 50.99459], [-4.19799, 50.9942], [-4.19804, 50.99388], [-4.19805, 50.99378], [-4.19831, 50.99368], [-4.19871, 50.99352], [-4.19871, 50.99352], [-4.19983, 50.99214], [-4.20104, 50.9919], [-4.20238, 50.99068], [-4.2035, 50.9906], [-4.20247, 50.99045], [-4.19882, 50.9927], [-4.19881, 50.9931], [-4.19788, 50.99371], [-4.19788, 50.99439], [-4.19872, 50.99502], [-4.19787, 50.99567], [-4.19696, 50.99619], [-4.19596, 50.99572], [-4.19548, 50.9958], [-4.19393, 50.99698], [-4.19299, 50.99852], [-4.19293, 51.00031], [-4.19249, 51.00031], [-4.19228, 50.99947], [-4.18851, 50.99917], [-4.18596, 50.99935], [-4.18215, 51.00014], [-4.18098, 51.00006], [-4.17979, 50.99968], [-4.17786, 50.9977], [-4.17772, 50.99734], [-4.17821, 50.99708], [-4.17768, 50.99712], [-4.17796, 50.99635], [-4.17831, 50.9958], [-4.17897, 50.9957], [-4.1783, 50.99568], [-4.17865, 50.99519], [-4.18044, 50.9935], [-4.18114, 50.99359], [-4.18265, 50.99181], [-4.18392, 50.99155], [-4.18615, 50.99202], [-4.18583, 50.99227], [-4.1865, 50.99213], [-4.18855, 50.99245], [-4.19236, 50.99219], [-4.1948, 50.99153], [-4.19715, 50.99027], [-4.19775, 50.98953], [-4.19707, 50.98807], [-4.19719, 50.98877], [-4.19544, 50.98834], [-4.19333, 50.98724], [-4.1935, 50.98598], [-4.19267, 50.98532], [-4.18871, 50.98431], [-4.18806, 50.98288], [-4.18839, 50.98251], [-4.18947, 50.98246], [-4.19003, 50.98214], [-4.18939, 50.97818], [-4.18778, 50.97757], [-4.18557, 50.97606], [-4.18336, 50.97573], [-4.1833, 50.97594], [-4.18524, 50.97622], [-4.18924, 50.97857], [-4.18962, 50.98213], [-4.18787, 50.98244], [-4.18756, 50.98334], [-4.1881, 50.98411], [-4.18891, 50.98465], [-4.19272, 50.98574], [-4.19307, 50.98614], [-4.19271, 50.98692], [-4.19295, 50.98744], [-4.19728, 50.98948], [-4.19427, 50.99133], [-4.19177, 50.99191], [-4.1887, 50.99197], [-4.18444, 50.99099], [-4.18305, 50.99112], [-4.18151, 50.99172], [-4.17822, 50.99393], [-4.17815, 50.99397], [-4.17836, 50.99396], [-4.17848, 50.99395], [-4.1786, 50.99395], [-4.1786, 50.99396], [-4.17737, 50.99541], [-4.17684, 50.99686], [-4.17795, 50.99928], [-4.17878, 51.00002], [-4.18164, 51.00079], [-4.18407, 51.00085], [-4.18669, 51.00141], [-4.19023, 51.00116], [-4.1863, 51.00122], [-4.18475, 51.00084], [-4.18836, 51.00027], [-4.19011, 51.00043], [-4.1936, 51.00154], [-4.19941, 51.00418], [-4.20216, 51.00499], [-4.20331, 51.00578], [-4.20423, 51.00742], [-4.20429, 51.00842], [-4.20223, 51.01576], [-4.19941, 51.02076], [-4.19891, 51.02126], [-4.19849, 51.02101], [-4.19815, 51.02123], [-4.19819, 51.02125], [-4.1977, 51.02115], [-4.19643, 51.02238], [-4.19588, 51.02204], [-4.19625, 51.02153], [-4.19454, 51.02072], [-4.19319, 51.02072], [-4.19201, 51.02126], [-4.19136, 51.021], [-4.19017, 51.02146], [-4.18807, 51.02131], [-4.18746, 51.02155], [-4.18717, 51.02228], [-4.18786, 51.02239], [-4.18829, 51.02289], [-4.18672, 51.02357], [-4.18628, 51.02346], [-4.18611, 51.0225], [-4.18666, 51.02193], [-4.18589, 51.02109], [-4.18539, 51.02109], [-4.18392, 51.02173], [-4.18398, 51.02293], [-4.18466, 51.02302], [-4.18438, 51.0233], [-4.18259, 51.02321], [-4.18226, 51.02239], [-4.18108, 51.02223], [-4.17929, 51.02323], [-4.17974, 51.02389], [-4.1784, 51.02432], [-4.1782, 51.02385], [-4.17873, 51.02344], [-4.17821, 51.02341], [-4.17801, 51.02371], [-4.17736, 51.02359], [-4.1773, 51.02326], [-4.17657, 51.02356], [-4.17579, 51.02346], [-4.1758, 51.02319], [-4.17441, 51.02279], [-4.17387, 51.02159], [-4.17295, 51.02075], [-4.17229, 51.01905], [-4.17104, 51.01831], [-4.16938, 51.01785], [-4.16825, 51.01681], [-4.1674, 51.01523], [-4.16617, 51.01453], [-4.16427, 51.01448], [-4.15879, 51.01447], [-4.1582, 51.01471], [-4.15501, 51.01437], [-4.1544, 51.01599], [-4.15143, 51.01606], [-4.1514, 51.01637], [-4.14959, 51.01654], [-4.1485, 51.01877], [-4.14415, 51.01851], [-4.14226, 51.01787], [-4.14268, 51.01701], [-4.13973, 51.01751], [-4.13836, 51.01841], [-4.13621, 51.01904], [-4.13521, 51.02068], [-4.1325, 51.02019], [-4.12751, 51.02066], [-4.12425, 51.02018], [-4.12212, 51.0194], [-4.11591, 51.01913], [-4.11605, 51.01689], [-4.11748, 51.01545], [-4.11952, 51.01428], [-4.12021, 51.01166], [-4.12096, 51.01089], [-4.1207, 51.01077], [-4.11913, 51.01041], [-4.11962, 51.01122], [-4.11925, 51.01142], [-4.11632, 51.01043], [-4.10981, 51.01114], [-4.10997, 51.01098], [-4.10881, 51.0108], [-4.10702, 51.01089], [-4.10659, 51.01027], [-4.09825, 51.00959], [-4.09706, 51.00844], [-4.09639, 51.00673], [-4.09437, 51.00602], [-4.09388, 51.00544], [-4.09357, 51.00377], [-4.09084, 51.00379], [-4.08796, 51.00296], [-4.0822, 51.00267], [-4.08128, 51.00295], [-4.07925, 51.00246], [-4.07815, 51.00256], [-4.0779, 51.00267], [-4.07941, 51.00325], [-4.08095, 51.00518], [-4.08053, 51.00701], [-4.07925, 51.00869], [-4.06911, 51.00843], [-4.06609, 51.00895], [-4.0654, 51.00953], [-4.06422, 51.00952], [-4.06398, 51.01031], [-4.059, 51.009], [-4.05745, 51.00832], [-4.04925, 51.00837], [-4.04801, 51.00879], [-4.04735, 51.0096], [-4.04583, 51.0076], [-4.04365, 51.00818], [-4.03791, 51.00755], [-4.0343, 51.00762], [-4.03282, 51.00284], [-4.03371, 50.99904], [-4.03357, 50.99709], [-4.03538, 50.99692], [-4.03604, 50.99566], [-4.03731, 50.99513], [-4.03686, 50.99452], [-4.03622, 50.99461], [-4.03588, 50.99382], [-4.03652, 50.99329], [-4.03587, 50.99285], [-4.03604, 50.9925], [-4.03555, 50.99253], [-4.03513, 50.99199], [-4.03549, 50.99181], [-4.03536, 50.99042], [-4.0358, 50.99041], [-4.03571, 50.99005], [-4.03638, 50.98974], [-4.03738, 50.98815], [-4.03695, 50.98825], [-4.03681, 50.98792], [-4.03714, 50.987], [-4.0368, 50.98632], [-4.03737, 50.98597], [-4.03753, 50.98519], [-4.03648, 50.9835], [-4.03624, 50.98232], [-4.03573, 50.98217], [-4.03624, 50.98158], [-4.03566, 50.98084], [-4.03429, 50.98023], [-4.03439, 50.97978], [-4.03309, 50.97934], [-4.03308, 50.97898], [-4.03145, 50.97859], [-4.03147, 50.97833], [-4.03058, 50.97836], [-4.02907, 50.97704], [-4.02806, 50.97698], [-4.02795, 50.9761], [-4.02656, 50.9744], [-4.02486, 50.97343], [-4.02307, 50.97324], [-4.01973, 50.97209], [-4.0197, 50.97104], [-4.02028, 50.9699], [-4.02001, 50.96945], [-4.01853, 50.96867], [-4.01564, 50.96874], [-4.01463, 50.96825], [-4.01305, 50.96808], [-4.01293, 50.96775], [-4.01182, 50.96739], [-4.01031, 50.96753], [-4.00742, 50.96888], [-4.00492, 50.96953], [-4.00649, 50.97245], [-4.00609, 50.97278], [-4.00386, 50.97194], [-4.00123, 50.97264], [-3.99985, 50.97266], [-3.9928, 50.97449], [-3.99228, 50.97426], [-3.99175, 50.9744], [-3.99073, 50.97579], [-3.98994, 50.97829], [-3.98809, 50.9795], [-3.98561, 50.98033], [-3.9837, 50.98211], [-3.9806, 50.98101], [-3.97655, 50.98055], [-3.97577, 50.98067], [-3.97424, 50.98202], [-3.97317, 50.98203], [-3.97018, 50.98067], [-3.9677, 50.98087], [-3.96539, 50.98048], [-3.96256, 50.9789], [-3.96072, 50.97894], [-3.96143, 50.97971], [-3.96108, 50.98107], [-3.95875, 50.98164], [-3.95809, 50.98133], [-3.95785, 50.98075], [-3.95844, 50.97849], [-3.95825, 50.97777], [-3.9544, 50.97745], [-3.95287, 50.97657], [-3.9526, 50.97595], [-3.95334, 50.97436], [-3.95788, 50.97224], [-3.95842, 50.9717], [-3.95794, 50.9702], [-3.95815, 50.96895], [-3.957, 50.96683], [-3.95736, 50.96621], [-3.95809, 50.96575], [-3.96061, 50.96561], [-3.96374, 50.96422], [-3.96492, 50.96334], [-3.96625, 50.96143], [-3.96655, 50.95973], [-3.96568, 50.95821], [-3.96404, 50.9572], [-3.96088, 50.95614], [-3.96168, 50.95525], [-3.96366, 50.95443], [-3.96711, 50.95442], [-3.97152, 50.95334], [-3.9733, 50.95342], [-3.97452, 50.95384], [-3.97675, 50.95281], [-3.97852, 50.95247], [-3.98011, 50.95313], [-3.98459, 50.95245], [-3.98905, 50.95065], [-3.98957, 50.94994], [-3.99046, 50.94993], [-3.99134, 50.94931], [-3.99389, 50.94843], [-3.99429, 50.94794], [-3.99412, 50.94643], [-3.99499, 50.94496], [-3.99512, 50.94287], [-3.99598, 50.9417], [-3.99395, 50.93902], [-3.99328, 50.9369], [-3.99775, 50.93562], [-3.9961, 50.93403], [-3.99808, 50.93081], [-3.99696, 50.9283], [-3.99665, 50.92598], [-3.99595, 50.92557], [-3.98808, 50.92651], [-3.98161, 50.9263], [-3.97871, 50.92526], [-3.97896, 50.92568], [-3.97825, 50.92595], [-3.97711, 50.92549], [-3.96682, 50.924], [-3.9654, 50.92267], [-3.96358, 50.9217], [-3.9601, 50.92078], [-3.9587, 50.92101], [-3.9575, 50.92043], [-3.95498, 50.91883], [-3.95421, 50.91769], [-3.95338, 50.91796], [-3.95277, 50.91784], [-3.95251, 50.91816], [-3.94973, 50.91828], [-3.94939, 50.91867], [-3.94889, 50.91848], [-3.94897, 50.9188], [-3.94751, 50.91861], [-3.94728, 50.91886], [-3.94581, 50.9188], [-3.94291, 50.92013], [-3.94231, 50.92001], [-3.94099, 50.92033], [-3.94097, 50.92093], [-3.93917, 50.92063], [-3.93695, 50.92164], [-3.93314, 50.92151], [-3.93291, 50.92176], [-3.93153, 50.92184], [-3.93199, 50.92225], [-3.93146, 50.92248], [-3.93077, 50.92232], [-3.93025, 50.92257], [-3.92978, 50.9223], [-3.92914, 50.92275], [-3.92841, 50.92239], [-3.92711, 50.92285], [-3.92529, 50.92275], [-3.92509, 50.92302], [-3.9244, 50.92284], [-3.9245, 50.92317], [-3.9236, 50.92305], [-3.92373, 50.92341], [-3.92276, 50.92323], [-3.92274, 50.92297], [-3.92129, 50.92298], [-3.91962, 50.92393], [-3.91834, 50.92418], [-3.91587, 50.92419], [-3.91524, 50.92389], [-3.91439, 50.92441], [-3.91301, 50.92421], [-3.91043, 50.92444], [-3.91035, 50.92483], [-3.9098, 50.92462], [-3.90866, 50.92538], [-3.90726, 50.92484], [-3.90532, 50.92493], [-3.90448, 50.92517], [-3.9045, 50.92548], [-3.90518, 50.92645], [-3.90577, 50.92643], [-3.90547, 50.92702], [-3.90609, 50.92728], [-3.90512, 50.92755], [-3.90442, 50.9274], [-3.90197, 50.92591], [-3.90184, 50.92541], [-3.90271, 50.92469], [-3.90138, 50.92422], [-3.9012, 50.92388], [-3.90281, 50.92297], [-3.90199, 50.92091], [-3.90348, 50.91946], [-3.90252, 50.91818], [-3.90326, 50.91794], [-3.90479, 50.91843], [-3.90594, 50.91762], [-3.90577, 50.91655], [-3.9048, 50.91534], [-3.90376, 50.91587], [-3.90354, 50.91654], [-3.90234, 50.91621], [-3.90348, 50.91501], [-3.90376, 50.91347], [-3.90241, 50.91317], [-3.90212, 50.91283], [-3.90377, 50.91182], [-3.90378, 50.91046], [-3.90505, 50.90945], [-3.90405, 50.90819], [-3.90444, 50.90666], [-3.90416, 50.90509], [-3.90703, 50.90431], [-3.91192, 50.9039], [-3.91229, 50.90303], [-3.9131, 50.90337], [-3.91484, 50.90269], [-3.91487, 50.9022], [-3.91611, 50.90159], [-3.91591, 50.90101], [-3.91685, 50.90066], [-3.91667, 50.90044], [-3.91767, 50.89981], [-3.92037, 50.89933], [-3.92025, 50.89772], [-3.91721, 50.89512], [-3.91545, 50.89517], [-3.91485, 50.89471], [-3.91273, 50.88986], [-3.91066, 50.88792], [-3.90877, 50.88674], [-3.90775, 50.8853], [-3.90804, 50.88512], [-3.9025, 50.88588], [-3.89997, 50.88549], [-3.90041, 50.88458], [-3.89959, 50.8829], [-3.89996, 50.88132], [-3.89857, 50.87752], [-3.89941, 50.87704], [-3.90256, 50.87651], [-3.90414, 50.87479], [-3.90661, 50.87405], [-3.90742, 50.87351], [-3.91168, 50.8737], [-3.91755, 50.87179], [-3.92593, 50.8696], [-3.92508, 50.86773], [-3.9247, 50.86783], [-3.92357, 50.86663], [-3.92274, 50.8668], [-3.92121, 50.86599], [-3.91902, 50.86283], [-3.9092, 50.86049], [-3.90762, 50.8587], [-3.90706, 50.85872], [-3.90642, 50.85806], [-3.90483, 50.85574], [-3.90449, 50.8545], [-3.90491, 50.85311], [-3.90387, 50.85174], [-3.90354, 50.84794], [-3.90144, 50.84811], [-3.90074, 50.8477], [-3.89971, 50.84785], [-3.89954, 50.84752], [-3.89657, 50.84788], [-3.89636, 50.84766], [-3.89402, 50.8475], [-3.89333, 50.84717], [-3.89308, 50.84659], [-3.89177, 50.84693], [-3.89103, 50.84666], [-3.89064, 50.84697], [-3.89031, 50.84659], [-3.88964, 50.84651], [-3.88548, 50.84747], [-3.8843, 50.84817], [-3.88387, 50.84749], [-3.88619, 50.84589], [-3.88584, 50.84551], [-3.885, 50.84551], [-3.8856, 50.84515], [-3.88509, 50.84456], [-3.88641, 50.84357], [-3.88689, 50.84265], [-3.88807, 50.84229], [-3.88912, 50.84094], [-3.89186, 50.84065], [-3.89229, 50.84011], [-3.89591, 50.83869], [-3.89648, 50.83793], [-3.89593, 50.83726], [-3.89705, 50.83668], [-3.89638, 50.83646], [-3.89646, 50.83595], [-3.89755, 50.83553], [-3.89762, 50.83517], [-3.89962, 50.83455], [-3.89983, 50.83416], [-3.90069, 50.8343], [-3.90086, 50.83355], [-3.90243, 50.83278], [-3.90388, 50.83288], [-3.90448, 50.83082], [-3.90565, 50.82954], [-3.90708, 50.82957], [-3.90973, 50.82906], [-3.91032, 50.82934], [-3.91054, 50.82912], [-3.91356, 50.83035], [-3.91603, 50.83057], [-3.91632, 50.83026], [-3.91795, 50.83004], [-3.92052, 50.82819], [-3.92474, 50.82724], [-3.92573, 50.82731], [-3.92698, 50.82784], [-3.92775, 50.82735], [-3.93058, 50.82752], [-3.93734, 50.82581], [-3.94045, 50.82556], [-3.9402, 50.82697], [-3.93914, 50.82756], [-3.93888, 50.82922], [-3.94001, 50.82989], [-3.94101, 50.83164], [-3.9428, 50.83287], [-3.9423, 50.83498], [-3.94335, 50.83703], [-3.94542, 50.83856], [-3.94859, 50.83975], [-3.94774, 50.84015], [-3.95021, 50.84195], [-3.95757, 50.84596], [-3.96208, 50.84954], [-3.96162, 50.8509], [-3.95986, 50.85279], [-3.95868, 50.8549], [-3.95892, 50.85537], [-3.96132, 50.85638], [-3.96256, 50.85565], [-3.96732, 50.85501], [-3.9699, 50.8555], [-3.97078, 50.85625], [-3.97289, 50.85668], [-3.97321, 50.85638], [-3.97599, 50.85628], [-3.97747, 50.85555], [-3.97802, 50.85473], [-3.98564, 50.85131], [-3.98576, 50.85083], [-3.98819, 50.85017], [-3.98887, 50.85064], [-3.9895, 50.85042], [-3.9894, 50.85001], [-3.99023, 50.85121], [-3.99179, 50.85227], [-3.9954, 50.85185], [-3.99691, 50.85473], [-3.99538, 50.85621], [-3.99573, 50.85693], [-3.99509, 50.85986], [-3.99727, 50.8618], [-3.9978, 50.86279], [-3.99615, 50.86322], [-3.99652, 50.86415], [-3.99503, 50.86507], [-3.99418, 50.86885], [-3.995, 50.86922], [-3.99579, 50.86917], [-4.00046, 50.86777], [-4.00831, 50.86603], [-4.0106, 50.86488], [-4.0108, 50.86323], [-4.01353, 50.86414], [-4.01539, 50.86425], [-4.01563, 50.86545], [-4.01706, 50.86574], [-4.01839, 50.86556], [-4.01931, 50.86575], [-4.01947, 50.86607], [-4.02102, 50.86627], [-4.02308, 50.86604], [-4.0239, 50.86423], [-4.02377, 50.86271], [-4.02443, 50.86226], [-4.02397, 50.86042], [-4.02674, 50.8604], [-4.02914, 50.85988], [-4.03181, 50.86029], [-4.03628, 50.85939], [-4.039, 50.86025], [-4.04024, 50.86175], [-4.04077, 50.86313], [-4.04002, 50.86524], [-4.04001, 50.86855], [-4.04643, 50.86517], [-4.04653, 50.86368], [-4.04796, 50.86355], [-4.04895, 50.86395], [-4.0514, 50.86364], [-4.05204, 50.86269], [-4.05305, 50.86382], [-4.05473, 50.86767], [-4.0581, 50.87138], [-4.05926, 50.87035], [-4.06105, 50.87112], [-4.06212, 50.87071], [-4.06385, 50.87063], [-4.06517, 50.87009], [-4.06662, 50.87034], [-4.06676, 50.87082], [-4.06718, 50.87089], [-4.06742, 50.87216], [-4.06649, 50.87239], [-4.06868, 50.87461], [-4.07122, 50.87343], [-4.07747, 50.8717], [-4.07933, 50.87184], [-4.08496, 50.86914], [-4.09002, 50.86731], [-4.08948, 50.86161], [-4.08701, 50.85901], [-4.08574, 50.85868], [-4.08543, 50.85782], [-4.09464, 50.85254], [-4.10307, 50.85031], [-4.10129, 50.84655], [-4.10485, 50.84603], [-4.10429, 50.84414], [-4.10299, 50.8429], [-4.10338, 50.84083], [-4.10271, 50.839], [-4.10333, 50.83803], [-4.10319, 50.83595], [-4.10277, 50.83541], [-4.10346, 50.83556], [-4.10489, 50.83663], [-4.10596, 50.83619], [-4.10714, 50.83639], [-4.10751, 50.83737], [-4.10937, 50.83736], [-4.11073, 50.83848], [-4.11276, 50.83807], [-4.11352, 50.83747], [-4.11411, 50.83812], [-4.11509, 50.83749], [-4.11618, 50.83775], [-4.11828, 50.83765], [-4.11924, 50.8383], [-4.12102, 50.84185], [-4.12263, 50.84302], [-4.12437, 50.84288], [-4.12613, 50.84366], [-4.12872, 50.84411], [-4.13014, 50.84281], [-4.12997, 50.84201], [-4.13094, 50.84187], [-4.13198, 50.84221], [-4.13223, 50.8416], [-4.13324, 50.84146], [-4.13505, 50.83889], [-4.13576, 50.83892], [-4.13706, 50.84003], [-4.13787, 50.83993], [-4.13863, 50.83931], [-4.13963, 50.83764], [-4.13873, 50.83715], [-4.13899, 50.83655], [-4.13844, 50.83593], [-4.13896, 50.8354], [-4.13835, 50.8347], [-4.13897, 50.83307], [-4.13991, 50.83246], [-4.14364, 50.83126], [-4.14666, 50.83082], [-4.15164, 50.83129], [-4.1516, 50.83224], [-4.15286, 50.8331], [-4.15366, 50.83255], [-4.15505, 50.83291], [-4.15595, 50.83168], [-4.15643, 50.83164], [-4.15672, 50.83163], [-4.1555, 50.83136], [-4.15563, 50.831], [-4.15474, 50.82992], [-4.15585, 50.82977], [-4.15881, 50.83016], [-4.16056, 50.82948], [-4.16208, 50.83033], [-4.16404, 50.83091], [-4.16391, 50.82989], [-4.16297, 50.82937], [-4.16214, 50.82788], [-4.16214, 50.82711], [-4.15839, 50.82317], [-4.15988, 50.82069], [-4.15996, 50.8197], [-4.1585, 50.81783], [-4.15858, 50.81734], [-4.15917, 50.81725], [-4.15828, 50.81545], [-4.16328, 50.81348], [-4.16384, 50.81352], [-4.17071, 50.81121], [-4.17274, 50.80978], [-4.17303, 50.80902], [-4.17522, 50.80843], [-4.17722, 50.80717], [-4.17438, 50.80551], [-4.17376, 50.80462], [-4.17479, 50.80324], [-4.17603, 50.80251], [-4.17625, 50.80151], [-4.17505, 50.80063], [-4.17419, 50.80047], [-4.17268, 50.79915], [-4.16879, 50.79767], [-4.17002, 50.79738], [-4.1703, 50.79694], [-4.17383, 50.7977], [-4.17589, 50.79713], [-4.17648, 50.79752], [-4.17722, 50.79749], [-4.17854, 50.79712], [-4.17896, 50.79657], [-4.18021, 50.79645], [-4.18057, 50.79593], [-4.18173, 50.79628], [-4.18346, 50.79575], [-4.18547, 50.79441], [-4.18735, 50.79392], [-4.18738, 50.79319], [-4.18876, 50.79249], [-4.19017, 50.79], [-4.19078, 50.78973], [-4.18795, 50.78913], [-4.18431, 50.78918], [-4.17993, 50.79094], [-4.16908, 50.7916], [-4.16831, 50.78856], [-4.16816, 50.78836], [-4.16756, 50.78848], [-4.16646, 50.78703], [-4.16967, 50.78623], [-4.17157, 50.78676], [-4.17376, 50.7862], [-4.17468, 50.78635], [-4.17509, 50.786], [-4.17749, 50.78573], [-4.17932, 50.78467], [-4.18191, 50.78476], [-4.18259, 50.78428], [-4.18421, 50.7839], [-4.18679, 50.78304], [-4.18744, 50.7821], [-4.19053, 50.78146], [-4.191, 50.78173], [-4.19686, 50.77985], [-4.20325, 50.77629], [-4.20364, 50.77532], [-4.20579, 50.77489], [-4.20305, 50.76898], [-4.20222, 50.76664], [-4.20254, 50.76652], [-4.20114, 50.76508], [-4.19807, 50.76303], [-4.19458, 50.76175], [-4.18596, 50.75769], [-4.19392, 50.75797], [-4.19346, 50.75664], [-4.19525, 50.75508], [-4.19608, 50.75657], [-4.20095, 50.75463], [-4.21041, 50.75251], [-4.21302, 50.7513], [-4.21819, 50.74816], [-4.21887, 50.74636], [-4.22077, 50.7467], [-4.2215, 50.74503], [-4.22269, 50.74398], [-4.22679, 50.74219], [-4.22721, 50.74154], [-4.22786, 50.73964], [-4.22736, 50.7373], [-4.22923, 50.73498], [-4.22736, 50.73373], [-4.22575, 50.7314], [-4.22772, 50.72877], [-4.22797, 50.72733], [-4.23159, 50.72408], [-4.23094, 50.72348], [-4.2326, 50.72262], [-4.23332, 50.72285], [-4.23395, 50.72208], [-4.2323, 50.7184], [-4.233, 50.71771], [-4.23276, 50.71714], [-4.2338, 50.71652], [-4.23343, 50.71611], [-4.23397, 50.71601], [-4.23358, 50.71543], [-4.23418, 50.71445], [-4.23468, 50.71427], [-4.23486, 50.71239], [-4.23378, 50.7117], [-4.23344, 50.71092], [-4.23209, 50.71048], [-4.23197, 50.7098], [-4.23031, 50.70947], [-4.2299, 50.70859], [-4.22893, 50.70815], [-4.22917, 50.7074], [-4.22856, 50.70692], [-4.22906, 50.70598], [-4.22832, 50.70548], [-4.22867, 50.70525], [-4.228, 50.7043], [-4.22843, 50.7037], [-4.22789, 50.70355], [-4.22777, 50.70203], [-4.22722, 50.70195], [-4.22779, 50.70081], [-4.22719, 50.7009], [-4.22731, 50.70036], [-4.22834, 50.69969], [-4.22784, 50.69911], [-4.22835, 50.69741], [-4.23034, 50.69673], [-4.23102, 50.69594], [-4.23192, 50.69604], [-4.23199, 50.69542], [-4.23102, 50.69498], [-4.23005, 50.69394], [-4.22868, 50.6938], [-4.22636, 50.69271], [-4.22412, 50.69212], [-4.21957, 50.69136], [-4.21644, 50.68996], [-4.21495, 50.68898], [-4.21136, 50.68551], [-4.20916, 50.68155], [-4.2129, 50.679], [-4.21261, 50.67803], [-4.21408, 50.67766], [-4.21375, 50.67722], [-4.21551, 50.67587], [-4.21643, 50.67604], [-4.21667, 50.67575], [-4.21821, 50.67586], [-4.21881, 50.67556], [-4.21881, 50.67515], [-4.21791, 50.675], [-4.21777, 50.67464], [-4.21932, 50.67395], [-4.21885, 50.6733], [-4.21944, 50.67249], [-4.22076, 50.67245], [-4.22094, 50.67171], [-4.22216, 50.67124], [-4.22369, 50.67158], [-4.22812, 50.67135], [-4.23503, 50.67145], [-4.23793, 50.67202], [-4.24039, 50.67302], [-4.24346, 50.67358], [-4.24544, 50.67293], [-4.24713, 50.67281], [-4.24941, 50.67173], [-4.25001, 50.67079], [-4.25168, 50.66983], [-4.25286, 50.66761], [-4.25485, 50.66713], [-4.25519, 50.66642], [-4.25648, 50.66694], [-4.25657, 50.66642], [-4.25832, 50.66666], [-4.25908, 50.66734], [-4.26009, 50.66742], [-4.26198, 50.6682], [-4.26335, 50.66801], [-4.26651, 50.6686], [-4.26935, 50.66825], [-4.2707, 50.66773], [-4.27272, 50.66804], [-4.27357, 50.66784], [-4.27578, 50.6681], [-4.27732, 50.66906], [-4.28503, 50.66601], [-4.28972, 50.66615], [-4.29076, 50.66651], [-4.29272, 50.6653], [-4.29578, 50.66569], [-4.30398, 50.66471], [-4.30593, 50.66337], [-4.30796, 50.66355], [-4.3113, 50.6626], [-4.3131, 50.66242], [-4.31426, 50.66122], [-4.31432, 50.66021], [-4.31577, 50.65889], [-4.31501, 50.65678], [-4.31636, 50.65542], [-4.31702, 50.65583], [-4.31736, 50.65561], [-4.31684, 50.65487], [-4.31787, 50.65422], [-4.31729, 50.65387], [-4.3183, 50.65344], [-4.31917, 50.65365], [-4.31943, 50.65301], [-4.32173, 50.6533], [-4.32317, 50.65214], [-4.32289, 50.65178], [-4.32324, 50.65126], [-4.32567, 50.64957], [-4.32641, 50.64976], [-4.32681, 50.64941], [-4.3275, 50.64971], [-4.32891, 50.6495], [-4.32968, 50.64849], [-4.33035, 50.64891], [-4.33161, 50.6488], [-4.33147, 50.64924], [-4.33249, 50.64917], [-4.33233, 50.64864], [-4.33175, 50.64869], [-4.33171, 50.6482], [-4.33299, 50.64804], [-4.33311, 50.64759], [-4.33407, 50.64755], [-4.33523, 50.64654], [-4.33537, 50.64732], [-4.33465, 50.64911], [-4.33575, 50.65118], [-4.33524, 50.65207], [-4.33544, 50.65247], [-4.33685, 50.65265], [-4.33656, 50.65329], [-4.33692, 50.65424], [-4.33593, 50.65493], [-4.33553, 50.65571], [-4.33743, 50.65656], [-4.33959, 50.65857], [-4.33885, 50.66126], [-4.33949, 50.6615], [-4.34218, 50.66145], [-4.34336, 50.66187], [-4.34446, 50.66284], [-4.34521, 50.6648], [-4.34587, 50.66804], [-4.34555, 50.66918], [-4.34452, 50.67032], [-4.34441, 50.67127], [-4.34677, 50.67245], [-4.34706, 50.67291], [-4.34543, 50.67453], [-4.34443, 50.67657], [-4.34463, 50.6773], [-4.34532, 50.67784], [-4.34542, 50.67997], [-4.34619, 50.67989], [-4.34683, 50.68024], [-4.34619, 50.68203], [-4.34662, 50.68241], [-4.34773, 50.68247], [-4.34857, 50.68311], [-4.34852, 50.6851], [-4.34924, 50.68597], [-4.34865, 50.68892], [-4.34894, 50.68954], [-4.35022, 50.6909], [-4.35146, 50.69079], [-4.35277, 50.69111], [-4.35282, 50.69205], [-4.35358, 50.6927], [-4.3527, 50.69298], [-4.35235, 50.6934], [-4.35263, 50.69375], [-4.35362, 50.69335], [-4.35441, 50.69446], [-4.35876, 50.69547], [-4.35972, 50.69624], [-4.36078, 50.69578], [-4.36221, 50.69597], [-4.36202, 50.69666], [-4.36377, 50.69724], [-4.36434, 50.69779], [-4.36679, 50.69777], [-4.36632, 50.70086], [-4.36697, 50.70119], [-4.36756, 50.70276], [-4.36813, 50.70268], [-4.36834, 50.7018], [-4.36934, 50.70234], [-4.36846, 50.70343], [-4.36709, 50.70392], [-4.3687, 50.70574], [-4.36849, 50.70655], [-4.3673, 50.70732], [-4.36886, 50.70923], [-4.36786, 50.7094], [-4.36672, 50.71118], [-4.36506, 50.71201], [-4.36573, 50.71232], [-4.36498, 50.71275], [-4.36556, 50.71324], [-4.36372, 50.71438], [-4.36395, 50.71534], [-4.36357, 50.71705], [-4.36303, 50.71732], [-4.36268, 50.71821], [-4.36159, 50.71877], [-4.3648, 50.7205], [-4.36426, 50.72123], [-4.36603, 50.72237], [-4.36664, 50.72239], [-4.36809, 50.72332], [-4.36904, 50.72325], [-4.36977, 50.72466], [-4.36992, 50.7261], [-4.37104, 50.72711], [-4.37098, 50.72795], [-4.37043, 50.72851], [-4.37133, 50.72852], [-4.37111, 50.72948], [-4.37147, 50.72956], [-4.37177, 50.72913], [-4.37232, 50.72929], [-4.37206, 50.73002], [-4.37246, 50.73048], [-4.37187, 50.7306], [-4.37134, 50.73129], [-4.37232, 50.73165], [-4.37123, 50.73341], [-4.37342, 50.73481], [-4.37389, 50.73773], [-4.37467, 50.73804], [-4.37532, 50.73888], [-4.37746, 50.73955], [-4.37948, 50.74099], [-4.37894, 50.74255], [-4.37942, 50.74415], [-4.38056, 50.74483], [-4.38161, 50.74489], [-4.38222, 50.74604], [-4.38299, 50.74571], [-4.38387, 50.74594], [-4.38355, 50.74659], [-4.385, 50.74776], [-4.38523, 50.74871], [-4.38427, 50.74882], [-4.38528, 50.75012], [-4.38497, 50.75025], [-4.38465, 50.74974], [-4.38424, 50.74981], [-4.38392, 50.75139], [-4.38351, 50.75162], [-4.38408, 50.75276], [-4.38209, 50.75361], [-4.38207, 50.75405], [-4.38258, 50.75422], [-4.38159, 50.75464], [-4.38195, 50.75524], [-4.38133, 50.75515], [-4.38081, 50.75561], [-4.38111, 50.75594], [-4.38183, 50.75571], [-4.38178, 50.75613], [-4.38081, 50.75649], [-4.38143, 50.75655], [-4.3811, 50.75694], [-4.38164, 50.75726], [-4.38459, 50.75814], [-4.38536, 50.75826], [-4.38782, 50.7578], [-4.38657, 50.76381], [-4.38738, 50.76497], [-4.38487, 50.76529], [-4.3842, 50.76743], [-4.38131, 50.76857], [-4.38075, 50.7693], [-4.38011, 50.76943], [-4.38103, 50.77056], [-4.38179, 50.77054], [-4.38406, 50.77149], [-4.38532, 50.77302], [-4.38903, 50.77477], [-4.39323, 50.77792], [-4.39356, 50.77823], [-4.40081, 50.77659], [-4.413, 50.7752], [-4.41442, 50.7744], [-4.41399, 50.77298], [-4.41314, 50.77256], [-4.41345, 50.77176], [-4.41273, 50.7714], [-4.41311, 50.77132], [-4.41221, 50.77094], [-4.41227, 50.77052], [-4.41151, 50.7699], [-4.41088, 50.77002], [-4.40987, 50.76972], [-4.40974, 50.76904], [-4.41016, 50.76908], [-4.41018, 50.76883], [-4.40928, 50.76817], [-4.41003, 50.76736], [-4.41003, 50.76678], [-4.40919, 50.76634], [-4.40979, 50.76605], [-4.40924, 50.7644], [-4.40979, 50.76421], [-4.40901, 50.76344], [-4.40872, 50.76242], [-4.40957, 50.76258], [-4.41009, 50.76302], [-4.40993, 50.76332], [-4.4105, 50.76334], [-4.4109, 50.76376], [-4.41148, 50.76333], [-4.41218, 50.764], [-4.41308, 50.76369], [-4.41354, 50.76441], [-4.41421, 50.7646], [-4.41485, 50.76454], [-4.41505, 50.76408], [-4.41528, 50.76438], [-4.41654, 50.76421], [-4.41647, 50.76488], [-4.41721, 50.76486], [-4.41756, 50.76514], [-4.41852, 50.7649], [-4.41934, 50.76508], [-4.42195, 50.76427], [-4.4234, 50.76477], [-4.42395, 50.76455], [-4.4239, 50.76497], [-4.42696, 50.76702], [-4.42684, 50.7673], [-4.42819, 50.76747], [-4.42721, 50.76829], [-4.42773, 50.76897], [-4.42942, 50.76882], [-4.42993, 50.76939], [-4.43052, 50.76894], [-4.43162, 50.76881], [-4.43244, 50.76921], [-4.43207, 50.76944], [-4.4323, 50.76977], [-4.43269, 50.76955], [-4.43316, 50.76971], [-4.43294, 50.77023], [-4.43405, 50.77011], [-4.43349, 50.77085], [-4.43454, 50.77114], [-4.43486, 50.772], [-4.43626, 50.77229], [-4.43626, 50.77301], [-4.43755, 50.77366], [-4.43699, 50.77389], [-4.43752, 50.77436], [-4.4388, 50.77431], [-4.44013, 50.7755], [-4.44034, 50.7751], [-4.44099, 50.7751], [-4.44146, 50.77564], [-4.44205, 50.77525], [-4.44337, 50.77623], [-4.44387, 50.7761], [-4.44356, 50.77578], [-4.44402, 50.77571], [-4.44459, 50.77648], [-4.44484, 50.77614], [-4.44573, 50.77643], [-4.44586, 50.77665], [-4.44485, 50.77715], [-4.44589, 50.77739], [-4.44636, 50.77801], [-4.44597, 50.7789], [-4.44652, 50.77913], [-4.44624, 50.78076], [-4.44734, 50.78133], [-4.44738, 50.78204], [-4.44862, 50.78252], [-4.44864, 50.78384], [-4.45009, 50.78454], [-4.45133, 50.78565], [-4.45388, 50.78428], [-4.45643, 50.78369], [-4.46298, 50.78402], [-4.46789, 50.7851], [-4.4731, 50.78498], [-4.47509, 50.78553], [-4.47642, 50.78764], [-4.47575, 50.78915], [-4.47768, 50.78998], [-4.48014, 50.79078], [-4.48228, 50.79095], [-4.48267, 50.79128], [-4.484, 50.79144], [-4.48643, 50.79098], [-4.4888, 50.79112], [-4.49267, 50.79218], [-4.4935, 50.79292], [-4.49321, 50.79337], [-4.4898, 50.79522], [-4.49003, 50.7963], [-4.48452, 50.7964], [-4.48384, 50.79607], [-4.48171, 50.79655], [-4.47905, 50.7966], [-4.47449, 50.79728], [-4.47575, 50.79889], [-4.47685, 50.79944], [-4.47277, 50.80025], [-4.47468, 50.80181], [-4.4724, 50.80227], [-4.47123, 50.80199], [-4.47066, 50.80134], [-4.46989, 50.80116], [-4.46341, 50.80173], [-4.46192, 50.80261], [-4.45847, 50.8038], [-4.45411, 50.80416], [-4.45175, 50.8048], [-4.45222, 50.80516], [-4.45311, 50.80519], [-4.4527, 50.8055], [-4.45295, 50.80584], [-4.45186, 50.80642], [-4.45187, 50.80683], [-4.45108, 50.80669], [-4.45024, 50.80739], [-4.44972, 50.8072], [-4.44921, 50.80739], [-4.44931, 50.80792], [-4.44835, 50.80781], [-4.44778, 50.80825], [-4.44746, 50.80802], [-4.44679, 50.80822], [-4.44724, 50.80842], [-4.44709, 50.80881], [-4.44605, 50.80932], [-4.44512, 50.8105], [-4.44546, 50.81087], [-4.44475, 50.81134], [-4.44531, 50.81143], [-4.44505, 50.81177], [-4.44597, 50.81333], [-4.44582, 50.81382], [-4.44456, 50.81466], [-4.44472, 50.81526], [-4.44401, 50.81531], [-4.44402, 50.8157], [-4.44261, 50.81625], [-4.44313, 50.81648], [-4.44324, 50.81777], [-4.44266, 50.81791], [-4.4426, 50.81746], [-4.44216, 50.81745], [-4.44122, 50.81842], [-4.44198, 50.81875], [-4.44136, 50.81905], [-4.44235, 50.81976], [-4.44246, 50.82045], [-4.44205, 50.8205], [-4.44227, 50.82076], [-4.4418, 50.82139], [-4.44113, 50.82149], [-4.44111, 50.8222], [-4.44057, 50.82218], [-4.44019, 50.82258], [-4.43997, 50.82202], [-4.43971, 50.82255], [-4.43921, 50.82261], [-4.43922, 50.82302], [-4.43885, 50.82282], [-4.43856, 50.8231], [-4.43883, 50.82383], [-4.43938, 50.82403], [-4.43895, 50.82464], [-4.44017, 50.82479], [-4.43976, 50.82559], [-4.44057, 50.8257], [-4.44158, 50.82636], [-4.442, 50.82595], [-4.44226, 50.82626], [-4.44292, 50.82609], [-4.44278, 50.82683], [-4.44329, 50.82655], [-4.44416, 50.82775], [-4.44344, 50.82828], [-4.44408, 50.82922], [-4.44379, 50.82954], [-4.4443, 50.82977], [-4.4438, 50.8309], [-4.44406, 50.8314], [-4.44317, 50.83147], [-4.44335, 50.83198], [-4.44276, 50.83188], [-4.44255, 50.83226], [-4.44299, 50.83269], [-4.44258, 50.83368], [-4.44351, 50.83455], [-4.44227, 50.83486], [-4.44259, 50.83542], [-4.44302, 50.8352], [-4.4437, 50.83542], [-4.44298, 50.83579], [-4.44357, 50.83613], [-4.44316, 50.83643], [-4.44336, 50.83686], [-4.44255, 50.83704], [-4.44254, 50.83755], [-4.44211, 50.83767], [-4.44244, 50.83801], [-4.44189, 50.83834], [-4.44241, 50.83986], [-4.4412, 50.84137], [-4.44158, 50.842], [-4.44107, 50.84214], [-4.44105, 50.84303], [-4.43992, 50.84316], [-4.43973, 50.84341], [-4.44055, 50.8435], [-4.44039, 50.84377], [-4.44091, 50.84404], [-4.44053, 50.84458], [-4.44149, 50.84463], [-4.44169, 50.84601], [-4.4421, 50.84633], [-4.44135, 50.84661], [-4.44224, 50.84694], [-4.44074, 50.84788], [-4.4409, 50.84898], [-4.44003, 50.84959], [-4.44048, 50.84975], [-4.44007, 50.84995], [-4.44009, 50.85069], [-4.43965, 50.85063], [-4.43931, 50.85134], [-4.43643, 50.8527], [-4.43737, 50.854], [-4.43733, 50.85582], [-4.43657, 50.85708], [-4.43358, 50.85952], [-4.43295, 50.86192], [-4.43373, 50.86551], [-4.42342, 50.86644], [-4.42096, 50.86609], [-4.42092, 50.86665], [-4.42179, 50.86715], [-4.4217, 50.86748], [-4.42209, 50.86741], [-4.42303, 50.86795], [-4.42251, 50.86818], [-4.42409, 50.86875], [-4.42405, 50.86899], [-4.42354, 50.86891], [-4.42413, 50.87007], [-4.42375, 50.87054], [-4.42504, 50.87137], [-4.42715, 50.87217], [-4.42652, 50.87306], [-4.42759, 50.87471], [-4.42914, 50.87588], [-4.42997, 50.87767], [-4.43169, 50.87863], [-4.43186, 50.87976], [-4.43254, 50.87988], [-4.43223, 50.88007], [-4.43406, 50.88118], [-4.43489, 50.881], [-4.43478, 50.88148], [-4.43599, 50.88185], [-4.43676, 50.8825], [-4.43786, 50.88256], [-4.43979, 50.88631], [-4.43946, 50.88655], [-4.43979, 50.88655], [-4.43958, 50.88694], [-4.43993, 50.88693], [-4.44002, 50.88817], [-4.44114, 50.88885], [-4.4424, 50.88912], [-4.44263, 50.88948], [-4.44498, 50.89024], [-4.44625, 50.89117], [-4.44622, 50.89223], [-4.44645, 50.89211], [-4.44694, 50.89254], [-4.44639, 50.89278], [-4.44659, 50.89357], [-4.44591, 50.89437], [-4.44634, 50.89567], [-4.4469, 50.896], [-4.44652, 50.89712], [-4.44687, 50.89747], [-4.44639, 50.89826], [-4.44682, 50.90088], [-4.44793, 50.90199], [-4.44869, 50.90206], [-4.45067, 50.90349], [-4.44996, 50.90585], [-4.45222, 50.90627], [-4.45282, 50.90666], [-4.45379, 50.90658], [-4.45695, 50.90756], [-4.45855, 50.9076], [-4.45862, 50.90845], [-4.45967, 50.90925], [-4.45997, 50.91076], [-4.46268, 50.91349], [-4.46345, 50.91525], [-4.46324, 50.91759], [-4.46218, 50.9194], [-4.46053, 50.92057], [-4.45873, 50.92301], [-4.45828, 50.92414], [-4.45822, 50.92676], [-4.45619, 50.92899], [-4.45825, 50.92933], [-4.46008, 50.93018], [-4.46466, 50.93102], [-4.47125, 50.93127], [-4.4811, 50.93027], [-4.48681, 50.92935], [-4.48915, 50.92932], [-4.49038, 50.92899], [-4.49211, 50.92925], [-4.49238, 50.92893], [-4.49688, 50.92869], [-4.49808, 50.92842], [-4.49926, 50.92747], [-4.5002, 50.92769], [-4.50223, 50.92736], [-4.50472, 50.92772], [-4.50959, 50.92738], [-4.51082, 50.92791], [-4.51102, 50.92773], [-4.51196, 50.92801], [-4.51395, 50.92778], [-4.51434, 50.92796], [-4.51651, 50.92729], [-4.5168, 50.92747], [-4.51714, 50.92683], [-4.5175, 50.92681], [-4.51988, 50.92727], [-4.52444, 50.92736], [-4.52669, 50.92712], [-4.52806, 50.92732], [-4.52842, 50.92697], [-4.53054, 50.92666], [-4.53077, 50.92689], [-4.5319, 50.9267], [-4.53307, 50.92713], [-4.53309, 50.92682], [-4.53378, 50.92674], [-4.53722, 50.92767], [-4.53794, 50.92819], [-4.53967, 50.9283], [-4.53989, 50.92866], [-4.54051, 50.92855], [-4.54087, 50.92886], [-4.54292, 50.92854], [-4.54377, 50.92912], [-4.54563, 50.92809], [-4.54637, 50.92828], [-4.54637, 50.92828], [-4.54607, 50.92837], [-4.54538, 50.9295], [-4.54626, 50.93015], [-4.54586, 50.93047], [-4.5463, 50.93121], [-4.54522, 50.93251], [-4.54517, 50.93345], [-4.54566, 50.9341], [-4.54689, 50.93473], [-4.54715, 50.9355], [-4.54763, 50.93557], [-4.54707, 50.93577], [-4.54717, 50.93756], [-4.54921, 50.93875], [-4.54874, 50.93889], [-4.54946, 50.93923], [-4.54848, 50.93947], [-4.5485, 50.94043], [-4.54965, 50.94041], [-4.54914, 50.94059], [-4.54982, 50.94053], [-4.54937, 50.94076], [-4.55014, 50.94076], [-4.5494, 50.9411], [-4.54657, 50.94131], [-4.54601, 50.94171], [-4.54614, 50.94213], [-4.54511, 50.94208], [-4.54531, 50.9426], [-4.54431, 50.94283], [-4.54442, 50.94314], [-4.54274, 50.94433], [-4.54277, 50.94611], [-4.54186, 50.94721], [-4.54211, 50.94779], [-4.54263, 50.94786], [-4.54136, 50.94833], [-4.54111, 50.94922], [-4.54195, 50.94939], [-4.54146, 50.94956], [-4.54158, 50.94982], [-4.5441, 50.95143], [-4.54466, 50.95147], [-4.54306, 50.95157], [-4.54312, 50.95171], [-4.5434, 50.95237], [-4.54415, 50.95252], [-4.54433, 50.95286], [-4.54352, 50.95288], [-4.54363, 50.95362], [-4.54297, 50.95453], [-4.53888, 50.95753], [-4.53803, 50.95914], [-4.53803, 50.95957], [-4.53848, 50.95965], [-4.53734, 50.95984], [-4.53684, 50.96171], [-4.53295, 50.96572], [-4.53288, 50.96902], [-4.53429, 50.96964], [-4.53309, 50.97011], [-4.53319, 50.97171], [-4.53397, 50.97223], [-4.53272, 50.97393], [-4.53445, 50.97559], [-4.53525, 50.97553], [-4.53358, 50.97601], [-4.53287, 50.97729], [-4.53487, 50.97899], [-4.53569, 50.97917], [-4.53253, 50.98045], [-4.53205, 50.98132], [-4.53096, 50.98175], [-4.53062, 50.98358], [-4.53215, 50.98388], [-4.53021, 50.98453], [-4.52936, 50.98628], [-4.52992, 50.98776], [-4.53156, 50.98878], [-4.53283, 50.98884], [-4.53132, 50.98928], [-4.53132, 50.99068], [-4.5323, 50.99105], [-4.53276, 50.99079], [-4.53386, 50.99094], [-4.53396, 50.99124], [-4.53295, 50.99147], [-4.53296, 50.99204], [-4.53464, 50.99215], [-4.53446, 50.99246], [-4.53341, 50.9926], [-4.53373, 50.99287], [-4.53305, 50.99297], [-4.53313, 50.99375], [-4.53377, 50.99405], [-4.53518, 50.99399], [-4.53455, 50.99434], [-4.53525, 50.99451], [-4.5346, 50.99476], [-4.53492, 50.9951], [-4.53385, 50.99501], [-4.53203, 50.99569], [-4.53128, 50.99545], [-4.53028, 50.99665], [-4.53014, 50.99747], [-4.53113, 50.99802], [-4.53151, 50.99888], [-4.53249, 50.99918], [-4.53153, 50.9996], [-4.53168, 51.00017], [-4.53316, 51.00079], [-4.53258, 51.00078], [-4.53211, 51.0015], [-4.53301, 51.00243], [-4.53081, 51.003], [-4.5304, 51.00376], [-4.53095, 51.00402], [-4.53011, 51.00487], [-4.53127, 51.00702], [-4.53337, 51.0084], [-4.53473, 51.00841], [-4.53502, 51.00867], [-4.53286, 51.00881], [-4.5327, 51.00942], [-4.53342, 51.00946], [-4.53306, 51.00978], [-4.5338, 51.00982], [-4.53301, 51.01029], [-4.53002, 51.01086], [-4.52936, 51.01124], [-4.52965, 51.01139], [-4.52894, 51.01147], [-4.52871, 51.01114], [-4.52863, 51.01146], [-4.5279, 51.01142], [-4.5269, 51.01188], [-4.52682, 51.01262], [-4.52734, 51.01309], [-4.52786, 51.01309], [-4.52746, 51.01325], [-4.52851, 51.01332], [-4.52869, 51.01357], [-4.52788, 51.01392], [-4.52635, 51.01392], [-4.52604, 51.0144], [-4.52631, 51.01541], [-4.52758, 51.01568], [-4.52782, 51.01609], [-4.52895, 51.01613], [-4.52792, 51.01687], [-4.52743, 51.01852], [-4.52497, 51.01971], [-4.5249, 51.02031], [-4.52441, 51.02043], [-4.52532, 51.02165], [-4.52612, 51.02181], [-4.52565, 51.0223], [-4.52366, 51.02222], [-4.52388, 51.02208], [-4.52331, 51.02212], [-4.52225, 51.02132], [-4.51884, 51.02063], [-4.5167, 51.02097], [-4.51627, 51.0217], [-4.51665, 51.02222], [-4.51401, 51.02216], [-4.51342, 51.02238], [-4.50965, 51.02122], [-4.50901, 51.02127], [-4.50894, 51.02088], [-4.50784, 51.02087], [-4.50817, 51.02051], [-4.50668, 51.02037], [-4.50551, 51.01946], [-4.50105, 51.01871], [-4.49922, 51.01924], [-4.49864, 51.0203], [-4.49927, 51.02099], [-4.49812, 51.02137], [-4.49687, 51.02142], [-4.49741, 51.02128], [-4.4964, 51.02132], [-4.49635, 51.0209], [-4.49563, 51.02104], [-4.49555, 51.02076], [-4.49429, 51.0207], [-4.48136, 51.02173], [-4.47674, 51.02114], [-4.46946, 51.02158], [-4.46762, 51.02093], [-4.46423, 51.02061], [-4.46384, 51.02023], [-4.46102, 51.01957], [-4.4597, 51.01838], [-4.45709, 51.01811], [-4.45739, 51.018], [-4.45701, 51.01803], [-4.45624, 51.01688], [-4.45556, 51.01657], [-4.45163, 51.01509], [-4.44866, 51.01449], [-4.44608, 51.01445], [-4.44333, 51.0152], [-4.44311, 51.01475], [-4.44167, 51.01436], [-4.43808, 51.0138], [-4.43753, 51.01348], [-4.43674, 51.01374], [-4.43546, 51.01281], [-4.43361, 51.01264], [-4.42898, 51.01305], [-4.4265, 51.01377], [-4.42539, 51.01366], [-4.4221, 51.01139], [-4.4178, 51.011], [-4.41529, 51.00944], [-4.41295, 51.00862], [-4.41027, 51.00659], [-4.40629, 51.00489], [-4.40421, 51.00449], [-4.40211, 51.00256], [-4.39992, 51.00142], [-4.39884, 50.99978], [-4.39673, 50.99883], [-4.39671, 50.99864], [-4.39773, 50.9989], [-4.39751, 50.99838], [-4.39546, 50.99657], [-4.3953, 50.99674], [-4.39351, 50.99608], [-4.39252, 50.9953], [-4.3909, 50.99468], [-4.3828, 50.99296], [-4.37934, 50.99138], [-4.37455, 50.99007], [-4.37066, 50.99013], [-4.36675, 50.9898], [-4.36429, 50.99021], [-4.3555, 50.99017], [-4.3484, 50.98907], [-4.34339, 50.98892], [-4.33866, 50.98967], [-4.33155, 50.99146], [-4.32548, 50.99158], [-4.31839, 50.99267], [-4.31402, 50.99436], [-4.30936, 50.99489], [-4.30759, 50.99549], [-4.303, 50.99776], [-4.29662, 51.00196], [-4.29443, 51.00419], [-4.29052, 51.00684], [-4.28424, 51.01409], [-4.2824, 51.01521], [-4.28152, 51.01574], [-4.27958, 51.01595], [-4.27879, 51.01634], [-4.27434, 51.02125], [-4.27314, 51.02341], [-4.26865, 51.02727], [-4.26322, 51.03378], [-4.25816, 51.03757], [-4.25662, 51.03837], [-4.25661, 51.03837], [-4.25661, 51.03837], [-4.25599, 51.03893], [-4.25543, 51.03883], [-4.25271, 51.0396], [-4.24506, 51.04055], [-4.24453, 51.04086], [-4.24278, 51.04061], [-4.23869, 51.04118], [-4.2371, 51.04284], [-4.23647, 51.04293], [-4.23076, 51.05324], [-4.23075, 51.05324], [-4.22645, 51.06052], [-4.22384, 51.06322], [-4.22174, 51.0646], [-4.21933, 51.06502], [-4.2173, 51.06496], [-4.20891, 51.06224], [-4.20808, 51.06169], [-4.20809, 51.06164]]], [[[-4.67651, 51.20177], [-4.67512, 51.20143], [-4.67423, 51.20166], [-4.67253, 51.20119], [-4.67029, 51.20102], [-4.67059, 51.20056], [-4.67054, 51.20052], [-4.67058, 51.20045], [-4.67025, 51.2003], [-4.66986, 51.2], [-4.67058, 51.19891], [-4.66928, 51.19882], [-4.6696, 51.19824], [-4.66867, 51.19688], [-4.67009, 51.19584], [-4.66951, 51.19548], [-4.66988, 51.19493], [-4.66876, 51.19441], [-4.66879, 51.19437], [-4.66845, 51.19426], [-4.66716, 51.19366], [-4.66712, 51.19285], [-4.66576, 51.19188], [-4.6658, 51.19181], [-4.6656, 51.19177], [-4.66547, 51.19167], [-4.66588, 51.1909], [-4.66555, 51.19041], [-4.66415, 51.19061], [-4.66405, 51.19062], [-4.6642, 51.18968], [-4.66532, 51.18844], [-4.66412, 51.18788], [-4.66403, 51.18735], [-4.66245, 51.18721], [-4.66296, 51.18652], [-4.6618, 51.18632], [-4.66234, 51.18564], [-4.66174, 51.18543], [-4.66273, 51.18522], [-4.66293, 51.1849], [-4.66296, 51.18446], [-4.66276, 51.18444], [-4.66238, 51.18435], [-4.66233, 51.1842], [-4.66245, 51.18407], [-4.66225, 51.18394], [-4.66218, 51.1837], [-4.66379, 51.18243], [-4.66426, 51.18154], [-4.66393, 51.18037], [-4.66283, 51.17988], [-4.66329, 51.17949], [-4.66242, 51.1787], [-4.66221, 51.17773], [-4.66232, 51.17763], [-4.66199, 51.17648], [-4.66256, 51.17581], [-4.66199, 51.17387], [-4.6623, 51.17357], [-4.66199, 51.17307], [-4.66241, 51.16944], [-4.66197, 51.1682], [-4.66113, 51.16805], [-4.66167, 51.16709], [-4.66012, 51.16624], [-4.6574, 51.16303], [-4.65488, 51.16249], [-4.65433, 51.16282], [-4.65312, 51.16213], [-4.65315, 51.16196], [-4.65319, 51.16196], [-4.65315, 51.16192], [-4.65317, 51.16175], [-4.65385, 51.16182], [-4.65381, 51.16173], [-4.65387, 51.16173], [-4.65378, 51.16167], [-4.65365, 51.16141], [-4.65386, 51.16136], [-4.65424, 51.1614], [-4.655, 51.16198], [-4.65538, 51.16151], [-4.65515, 51.16101], [-4.65524, 51.16099], [-4.6558, 51.16123], [-4.65554, 51.16087], [-4.65725, 51.1614], [-4.65683, 51.16167], [-4.657, 51.16212], [-4.6581, 51.16236], [-4.65895, 51.16176], [-4.65931, 51.16187], [-4.66038, 51.16067], [-4.66151, 51.16093], [-4.66152, 51.16097], [-4.66176, 51.16099], [-4.66244, 51.16114], [-4.66254, 51.16131], [-4.66252, 51.16139], [-4.66258, 51.16139], [-4.66282, 51.16181], [-4.66408, 51.16178], [-4.66606, 51.16076], [-4.66784, 51.15928], [-4.66838, 51.15939], [-4.66913, 51.15959], [-4.66968, 51.1591], [-4.66917, 51.15882], [-4.66943, 51.15882], [-4.66988, 51.15888], [-4.66996, 51.15882], [-4.67035, 51.15882], [-4.67031, 51.15873], [-4.67091, 51.15905], [-4.67092, 51.15846], [-4.67166, 51.15882], [-4.67196, 51.15899], [-4.67098, 51.15952], [-4.67175, 51.15981], [-4.67175, 51.15992], [-4.67163, 51.15993], [-4.67173, 51.16018], [-4.67172, 51.16043], [-4.67184, 51.16043], [-4.67188, 51.1605], [-4.67252, 51.16044], [-4.67237, 51.16079], [-4.67307, 51.16065], [-4.67367, 51.16101], [-4.67285, 51.16141], [-4.673, 51.16198], [-4.67339, 51.1621], [-4.67331, 51.16217], [-4.67441, 51.16241], [-4.67452, 51.16244], [-4.67448, 51.16245], [-4.67312, 51.16232], [-4.67373, 51.16265], [-4.67362, 51.16268], [-4.67401, 51.16281], [-4.67411, 51.16287], [-4.67352, 51.16316], [-4.67412, 51.16345], [-4.67412, 51.16349], [-4.67422, 51.1635], [-4.67565, 51.16353], [-4.67562, 51.16399], [-4.67556, 51.16418], [-4.67561, 51.16417], [-4.67561, 51.16421], [-4.67618, 51.16411], [-4.67582, 51.16444], [-4.67595, 51.16456], [-4.67607, 51.1652], [-4.67673, 51.16574], [-4.6766, 51.16637], [-4.67721, 51.16713], [-4.6769, 51.16808], [-4.67745, 51.16856], [-4.67785, 51.16852], [-4.67799, 51.16859], [-4.6778, 51.16896], [-4.67841, 51.169], [-4.67853, 51.17078], [-4.68057, 51.17242], [-4.68024, 51.17266], [-4.68022, 51.17265], [-4.68019, 51.17272], [-4.67984, 51.17298], [-4.67962, 51.17284], [-4.67968, 51.17337], [-4.67943, 51.17313], [-4.67894, 51.17335], [-4.67849, 51.1743], [-4.67896, 51.17439], [-4.67896, 51.17439], [-4.67954, 51.17449], [-4.67969, 51.17501], [-4.68062, 51.17503], [-4.68063, 51.1754], [-4.68044, 51.1756], [-4.68031, 51.17555], [-4.68016, 51.17592], [-4.68012, 51.17596], [-4.67999, 51.17596], [-4.67978, 51.17583], [-4.67972, 51.17596], [-4.6795, 51.17597], [-4.67863, 51.1764], [-4.67852, 51.17684], [-4.6781, 51.17681], [-4.67765, 51.1787], [-4.67451, 51.17974], [-4.67419, 51.17946], [-4.674, 51.18005], [-4.67346, 51.18016], [-4.67309, 51.18016], [-4.67364, 51.18031], [-4.67365, 51.18035], [-4.67351, 51.18074], [-4.67316, 51.18078], [-4.67345, 51.18092], [-4.67336, 51.18117], [-4.67321, 51.18156], [-4.67322, 51.18156], [-4.67315, 51.18178], [-4.67376, 51.18154], [-4.67359, 51.18206], [-4.67374, 51.18182], [-4.6737, 51.18205], [-4.67396, 51.18175], [-4.67403, 51.1821], [-4.67411, 51.18202], [-4.67411, 51.18227], [-4.67438, 51.18198], [-4.67506, 51.18233], [-4.67498, 51.18326], [-4.67498, 51.18331], [-4.67507, 51.18329], [-4.67541, 51.18339], [-4.67527, 51.18361], [-4.67517, 51.18365], [-4.67561, 51.18397], [-4.67607, 51.18378], [-4.67612, 51.18383], [-4.67647, 51.18422], [-4.67618, 51.18427], [-4.67578, 51.18429], [-4.67588, 51.18431], [-4.67576, 51.18433], [-4.67719, 51.18477], [-4.6763, 51.18493], [-4.6775, 51.18533], [-4.67408, 51.18551], [-4.6755, 51.1857], [-4.67535, 51.18587], [-4.67515, 51.186], [-4.67431, 51.18592], [-4.67419, 51.18626], [-4.67407, 51.18629], [-4.67417, 51.18632], [-4.67412, 51.18647], [-4.67501, 51.18655], [-4.67516, 51.18736], [-4.6742, 51.18755], [-4.67492, 51.18767], [-4.67547, 51.18778], [-4.67517, 51.18818], [-4.67597, 51.18807], [-4.67597, 51.18902], [-4.67598, 51.18902], [-4.67598, 51.18907], [-4.67658, 51.18878], [-4.6766, 51.18901], [-4.67721, 51.18916], [-4.67727, 51.1892], [-4.67708, 51.18942], [-4.67685, 51.18957], [-4.67573, 51.18944], [-4.67541, 51.18939], [-4.67541, 51.1894], [-4.6754, 51.1894], [-4.67452, 51.19029], [-4.67531, 51.19013], [-4.67582, 51.19036], [-4.67537, 51.19172], [-4.67588, 51.19206], [-4.6767, 51.19182], [-4.67673, 51.19188], [-4.67681, 51.19295], [-4.67824, 51.19312], [-4.67848, 51.19344], [-4.67884, 51.1933], [-4.67872, 51.1938], [-4.679, 51.19375], [-4.67901, 51.19379], [-4.67908, 51.19373], [-4.67941, 51.19367], [-4.67954, 51.19385], [-4.67932, 51.19393], [-4.67964, 51.19399], [-4.67976, 51.19416], [-4.67909, 51.19456], [-4.67931, 51.19483], [-4.67873, 51.19495], [-4.67897, 51.19502], [-4.67948, 51.19527], [-4.67951, 51.19555], [-4.67921, 51.19569], [-4.67954, 51.19588], [-4.67955, 51.19601], [-4.67953, 51.19603], [-4.67909, 51.19616], [-4.67921, 51.19652], [-4.67919, 51.19656], [-4.6788, 51.19653], [-4.67902, 51.19681], [-4.67895, 51.19692], [-4.67867, 51.19695], [-4.67867, 51.1972], [-4.67801, 51.19728], [-4.6782, 51.19757], [-4.67762, 51.1977], [-4.67777, 51.19776], [-4.67712, 51.19796], [-4.6772, 51.19855], [-4.67689, 51.19854], [-4.67723, 51.19879], [-4.67724, 51.19887], [-4.67669, 51.1991], [-4.67685, 51.19914], [-4.67652, 51.19936], [-4.67657, 51.19939], [-4.67644, 51.19943], [-4.67685, 51.19958], [-4.67699, 51.19967], [-4.67667, 51.20027], [-4.67738, 51.20033], [-4.67767, 51.20073], [-4.67726, 51.20126], [-4.67796, 51.20117], [-4.67842, 51.2015], [-4.67818, 51.20166], [-4.67768, 51.20186], [-4.67791, 51.20188], [-4.67827, 51.20208], [-4.67837, 51.20228], [-4.67741, 51.20248], [-4.67738, 51.20247], [-4.67738, 51.2024], [-4.67713, 51.2024], [-4.67678, 51.2023], [-4.67651, 51.20177]]]]}}, {"type": "Feature", "properties": {"name": "West Devon"}, "geometry": {"type": "MultiPolygon", "coordinates": [[[[-4.19969, 50.45101], [-4.19999, 50.45009], [-4.20021, 50.45053], [-4.20022, 50.45083], [-4.19969, 50.45101]]], [[[-4.19684, 50.45171], [-4.19689, 50.45092], [-4.19797, 50.45063], [-4.19938, 50.4501], [-4.19975, 50.45033], [-4.19917, 50.45093], [-4.19956, 50.4511], [-4.20057, 50.45116], [-4.2006, 50.45152], [-4.19993, 50.45122], [-4.19744, 50.45176], [-4.19717, 50.45185], [-4.19684, 50.45171]]], [[[-4.19544, 50.45258], [-4.19527, 50.45156], [-4.19569, 50.45142], [-4.19576, 50.45068], [-4.19684, 50.45069], [-4.19622, 50.45101], [-4.19665, 50.45124], [-4.19611, 50.45127], [-4.19668, 50.45161], [-4.19654, 50.45198], [-4.19714, 50.45207], [-4.19664, 50.45257], [-4.19689, 50.45293], [-4.19663, 50.45278], [-4.19662, 50.45289], [-4.19663, 50.45298], [-4.19639, 50.45294], [-4.19634, 50.45271], [-4.19629, 50.45264], [-4.19621, 50.45257], [-4.19609, 50.45256], [-4.19604, 50.45276], [-4.19593, 50.45311], [-4.19544, 50.45258]]], [[[-4.19518, 50.45313], [-4.19543, 50.45267], [-4.19578, 50.45308], [-4.19518, 50.45313]]], [[[-4.19717, 50.45298], [-4.19707, 50.45245], [-4.19734, 50.45293], [-4.19868, 50.45301], [-4.19742, 50.45335], [-4.19717, 50.45298]]], [[[-4.19745, 50.4527], [-4.19724, 50.45188], [-4.19823, 50.45168], [-4.19805, 50.45201], [-4.19923, 50.45151], [-4.19884, 50.45201], [-4.19953, 50.45135], [-4.20038, 50.45152], [-4.20026, 50.45195], [-4.19931, 50.45237], [-4.20011, 50.45211], [-4.20002, 50.45242], [-4.20057, 50.45187], [-4.20044, 50.45357], [-4.19998, 50.45355], [-4.19904, 50.45316], [-4.19864, 50.45289], [-4.19745, 50.4527]]], [[[-4.19602, 50.45304], [-4.19605, 50.45294], [-4.1961, 50.4526], [-4.19623, 50.45262], [-4.19633, 50.4529], [-4.19641, 50.45298], [-4.19653, 50.45301], [-4.19664, 50.45301], [-4.19668, 50.45287], [-4.19681, 50.45296], [-4.1972, 50.45327], [-4.19588, 50.45379], [-4.19576, 50.45334], [-4.19567, 50.45321], [-4.19595, 50.45312], [-4.19602, 50.45304]]], [[[-4.06742, 50.87216], [-4.06718, 50.87089], [-4.06676, 50.87082], [-4.06662, 50.87034], [-4.06517, 50.87009], [-4.06385, 50.87063], [-4.06212, 50.87071], [-4.06105, 50.87112], [-4.05926, 50.87035], [-4.0581, 50.87138], [-4.05473, 50.86767], [-4.05305, 50.86382], [-4.05204, 50.86269], [-4.0514, 50.86364], [-4.04895, 50.86395], [-4.04796, 50.86355], [-4.04653, 50.86368], [-4.04643, 50.86517], [-4.04001, 50.86855], [-4.04002, 50.86524], [-4.04077, 50.86313], [-4.04024, 50.86175], [-4.039, 50.86025], [-4.03628, 50.85939], [-4.03181, 50.86029], [-4.02914, 50.85988], [-4.02674, 50.8604], [-4.02397, 50.86042], [-4.02443, 50.86226], [-4.02377, 50.86271], [-4.0239, 50.86423], [-4.02308, 50.86604], [-4.02102, 50.86627], [-4.01947, 50.86607], [-4.01931, 50.86575], [-4.01839, 50.86556], [-4.01706, 50.86574], [-4.01563, 50.86545], [-4.01539, 50.86425], [-4.01353, 50.86414], [-4.0108, 50.86323], [-4.0106, 50.86488], [-4.00831, 50.86603], [-4.00046, 50.86777], [-3.99579, 50.86917], [-3.995, 50.86922], [-3.99418, 50.86885], [-3.99503, 50.86507], [-3.99652, 50.86415], [-3.99615, 50.86322], [-3.9978, 50.86279], [-3.99727, 50.8618], [-3.99509, 50.85986], [-3.99573, 50.85693], [-3.99538, 50.85621], [-3.99691, 50.85473], [-3.9954, 50.85185], [-3.99179, 50.85227], [-3.99023, 50.85121], [-3.9894, 50.85001], [-3.9895, 50.85042], [-3.98887, 50.85064], [-3.98819, 50.85017], [-3.98576, 50.85083], [-3.98564, 50.85131], [-3.97802, 50.85473], [-3.97747, 50.85555], [-3.97599, 50.85628], [-3.97321, 50.85638], [-3.97289, 50.85668], [-3.97078, 50.85625], [-3.9699, 50.8555], [-3.96732, 50.85501], [-3.96256, 50.85565], [-3.96132, 50.85638], [-3.95892, 50.85537], [-3.95868, 50.8549], [-3.95986, 50.85279], [-3.96162, 50.8509], [-3.96208, 50.84954], [-3.95757, 50.84596], [-3.95021, 50.84195], [-3.94774, 50.84015], [-3.94859, 50.83975], [-3.94542, 50.83856], [-3.94335, 50.83703], [-3.9423, 50.83498], [-3.9428, 50.83287], [-3.94101, 50.83164], [-3.94001, 50.82989], [-3.93888, 50.82922], [-3.93914, 50.82756], [-3.9402, 50.82697], [-3.94045, 50.82556], [-3.93734, 50.82581], [-3.93058, 50.82752], [-3.92775, 50.82735], [-3.92698, 50.82784], [-3.92573, 50.82731], [-3.92474, 50.82724], [-3.92052, 50.82819], [-3.91795, 50.83004], [-3.91632, 50.83026], [-3.91603, 50.83057], [-3.91356, 50.83035], [-3.91054, 50.82912], [-3.91032, 50.82934], [-3.90973, 50.82906], [-3.90708, 50.82957], [-3.90565, 50.82954], [-3.90448, 50.83082], [-3.90388, 50.83288], [-3.90243, 50.83278], [-3.90086, 50.83355], [-3.90069, 50.8343], [-3.89983, 50.83416], [-3.89962, 50.83455], [-3.89744, 50.83353], [-3.8958, 50.83184], [-3.89343, 50.83166], [-3.8901, 50.8292], [-3.88466, 50.82638], [-3.88344, 50.82598], [-3.88094, 50.82616], [-3.88145, 50.82491], [-3.88246, 50.82479], [-3.88154, 50.82154], [-3.87775, 50.81889], [-3.87434, 50.81916], [-3.87127, 50.81998], [-3.86661, 50.82074], [-3.86176, 50.82063], [-3.85988, 50.82128], [-3.85419, 50.81967], [-3.8535, 50.81918], [-3.85258, 50.81744], [-3.8519, 50.81729], [-3.84983, 50.81787], [-3.84887, 50.81785], [-3.8482, 50.81825], [-3.8457, 50.81793], [-3.84245, 50.81859], [-3.83988, 50.81849], [-3.83943, 50.81876], [-3.83899, 50.81813], [-3.8394, 50.81747], [-3.84419, 50.81219], [-3.84417, 50.80923], [-3.84335, 50.8076], [-3.84255, 50.80039], [-3.83981, 50.80031], [-3.83907, 50.79772], [-3.83728, 50.7952], [-3.83818, 50.79502], [-3.837, 50.79375], [-3.8362, 50.7939], [-3.8359, 50.79302], [-3.83641, 50.79275], [-3.83638, 50.79216], [-3.83779, 50.7921], [-3.83809, 50.79154], [-3.83921, 50.79116], [-3.83957, 50.79044], [-3.83865, 50.79029], [-3.83987, 50.78872], [-3.83986, 50.78756], [-3.84138, 50.78721], [-3.84128, 50.78684], [-3.84194, 50.78655], [-3.8412, 50.78635], [-3.84187, 50.78486], [-3.84148, 50.78469], [-3.84195, 50.78436], [-3.84151, 50.78381], [-3.84255, 50.78339], [-3.84256, 50.78298], [-3.84297, 50.78309], [-3.84376, 50.78209], [-3.84539, 50.78158], [-3.84525, 50.78128], [-3.82709, 50.78066], [-3.82204, 50.781], [-3.82258, 50.78039], [-3.8221, 50.77978], [-3.82236, 50.77928], [-3.82429, 50.77818], [-3.82513, 50.77692], [-3.82295, 50.7753], [-3.82259, 50.77371], [-3.82168, 50.77318], [-3.82061, 50.77168], [-3.81972, 50.76932], [-3.81609, 50.7638], [-3.81502, 50.76349], [-3.81304, 50.76226], [-3.81386, 50.76124], [-3.8145, 50.76123], [-3.81473, 50.76088], [-3.81132, 50.76], [-3.80738, 50.75998], [-3.80737, 50.76043], [-3.80623, 50.75972], [-3.80584, 50.75901], [-3.80673, 50.75895], [-3.80687, 50.75929], [-3.80766, 50.75921], [-3.80769, 50.75899], [-3.8083, 50.75921], [-3.80903, 50.75875], [-3.81003, 50.75886], [-3.81073, 50.75855], [-3.81096, 50.75894], [-3.81196, 50.75888], [-3.812, 50.75857], [-3.81245, 50.7586], [-3.81204, 50.75845], [-3.8123, 50.75825], [-3.81308, 50.75835], [-3.81276, 50.75818], [-3.81309, 50.75784], [-3.81407, 50.75791], [-3.81378, 50.75761], [-3.81446, 50.75746], [-3.81484, 50.75684], [-3.8169, 50.75635], [-3.81685, 50.75585], [-3.81807, 50.75508], [-3.81782, 50.75486], [-3.81831, 50.75487], [-3.81808, 50.75441], [-3.81857, 50.7544], [-3.81834, 50.75402], [-3.81887, 50.75393], [-3.81871, 50.75314], [-3.81915, 50.75306], [-3.81975, 50.75169], [-3.82071, 50.75105], [-3.82061, 50.75049], [-3.8212, 50.75028], [-3.82099, 50.75004], [-3.82141, 50.75016], [-3.82171, 50.74969], [-3.8222, 50.74968], [-3.82268, 50.74902], [-3.82248, 50.748], [-3.82286, 50.74774], [-3.82307, 50.74559], [-3.82457, 50.7439], [-3.82423, 50.74326], [-3.82498, 50.74218], [-3.8247, 50.74152], [-3.82507, 50.74117], [-3.82471, 50.74103], [-3.82732, 50.73866], [-3.82861, 50.73625], [-3.83063, 50.73503], [-3.83119, 50.73501], [-3.83215, 50.73403], [-3.83381, 50.73352], [-3.8363, 50.73217], [-3.83385, 50.73055], [-3.83184, 50.72784], [-3.82753, 50.7291], [-3.82545, 50.73028], [-3.82249, 50.72638], [-3.82143, 50.72436], [-3.82213, 50.72322], [-3.81988, 50.72101], [-3.81961, 50.71912], [-3.8186, 50.71696], [-3.80941, 50.71649], [-3.80381, 50.71683], [-3.79989, 50.71741], [-3.79348, 50.71907], [-3.78353, 50.72283], [-3.76626, 50.72756], [-3.76589, 50.72583], [-3.76421, 50.72598], [-3.76197, 50.72456], [-3.75927, 50.72399], [-3.75799, 50.72296], [-3.75697, 50.72267], [-3.75687, 50.72114], [-3.75501, 50.71995], [-3.75546, 50.71933], [-3.75533, 50.71788], [-3.75367, 50.71605], [-3.75158, 50.71463], [-3.75143, 50.71372], [-3.75226, 50.71181], [-3.75085, 50.7105], [-3.75075, 50.7092], [-3.75028, 50.70862], [-3.74835, 50.70804], [-3.74772, 50.70819], [-3.74777, 50.70786], [-3.7458, 50.70749], [-3.74332, 50.70597], [-3.74149, 50.70547], [-3.73991, 50.70552], [-3.73908, 50.70475], [-3.73772, 50.70446], [-3.73752, 50.70406], [-3.73646, 50.70386], [-3.73628, 50.7033], [-3.73559, 50.70318], [-3.73568, 50.70252], [-3.73501, 50.702], [-3.73525, 50.70172], [-3.73488, 50.70169], [-3.73513, 50.70125], [-3.7337, 50.70024], [-3.73403, 50.70014], [-3.73347, 50.69946], [-3.73369, 50.6986], [-3.73225, 50.697], [-3.73508, 50.6959], [-3.74179, 50.69552], [-3.7456, 50.69666], [-3.74954, 50.69716], [-3.75267, 50.69633], [-3.75344, 50.69431], [-3.75674, 50.69483], [-3.75848, 50.69443], [-3.76064, 50.69331], [-3.76165, 50.69322], [-3.76848, 50.69498], [-3.77383, 50.69317], [-3.77575, 50.69306], [-3.7771, 50.69347], [-3.78, 50.69532], [-3.78257, 50.69553], [-3.78378, 50.69489], [-3.78428, 50.69342], [-3.78494, 50.69281], [-3.78678, 50.69216], [-3.78937, 50.6928], [-3.79188, 50.69384], [-3.79878, 50.69291], [-3.80166, 50.69369], [-3.80332, 50.69364], [-3.80728, 50.69474], [-3.80892, 50.694], [-3.80974, 50.69258], [-3.81162, 50.69102], [-3.81099, 50.68939], [-3.80787, 50.68462], [-3.80775, 50.68281], [-3.80703, 50.68161], [-3.80284, 50.67862], [-3.79848, 50.67769], [-3.79808, 50.67577], [-3.79722, 50.67491], [-3.79902, 50.67316], [-3.79941, 50.67176], [-3.80059, 50.67034], [-3.80161, 50.66975], [-3.80157, 50.66873], [-3.80453, 50.66736], [-3.8035, 50.66657], [-3.80624, 50.66536], [-3.80966, 50.66463], [-3.80948, 50.6629], [-3.8104, 50.66246], [-3.81108, 50.6596], [-3.812, 50.659], [-3.81193, 50.65875], [-3.80966, 50.65899], [-3.80724, 50.65859], [-3.8059, 50.6567], [-3.80465, 50.65591], [-3.80683, 50.6555], [-3.80938, 50.65567], [-3.81021, 50.65516], [-3.80991, 50.65419], [-3.81079, 50.65424], [-3.8117, 50.65367], [-3.81348, 50.65338], [-3.81423, 50.65293], [-3.81415, 50.6513], [-3.81598, 50.6516], [-3.8174, 50.6514], [-3.81852, 50.65231], [-3.82003, 50.65222], [-3.82012, 50.65167], [-3.82069, 50.65179], [-3.82194, 50.65139], [-3.82382, 50.6516], [-3.82451, 50.65205], [-3.82665, 50.65177], [-3.82885, 50.65048], [-3.82881, 50.64897], [-3.82928, 50.64793], [-3.83026, 50.64765], [-3.83175, 50.64778], [-3.83276, 50.64891], [-3.83476, 50.64971], [-3.83775, 50.64982], [-3.84176, 50.64823], [-3.84358, 50.64694], [-3.84393, 50.64526], [-3.84361, 50.64305], [-3.84528, 50.64102], [-3.84592, 50.6357], [-3.84838, 50.63444], [-3.84887, 50.63353], [-3.85037, 50.63232], [-3.85278, 50.63161], [-3.85445, 50.63164], [-3.85598, 50.63068], [-3.85774, 50.62896], [-3.8581, 50.62619], [-3.86056, 50.62582], [-3.86205, 50.62514], [-3.86426, 50.62344], [-3.86731, 50.61931], [-3.8698, 50.61689], [-3.87336, 50.6143], [-3.8725, 50.61264], [-3.87303, 50.61097], [-3.87492, 50.60913], [-3.87919, 50.59953], [-3.88248, 50.59672], [-3.88282, 50.595], [-3.88179, 50.59309], [-3.88114, 50.59247], [-3.88118, 50.59044], [-3.88051, 50.58933], [-3.88137, 50.58774], [-3.88058, 50.58742], [-3.8807, 50.58696], [-3.87925, 50.58626], [-3.88039, 50.5857], [-3.88094, 50.58435], [-3.87928, 50.58086], [-3.87836, 50.58046], [-3.87842, 50.57993], [-3.87729, 50.57904], [-3.87771, 50.57874], [-3.87735, 50.57565], [-3.87698, 50.57515], [-3.8738, 50.57515], [-3.87258, 50.57338], [-3.87013, 50.57214], [-3.86969, 50.5713], [-3.87071, 50.56919], [-3.87188, 50.56812], [-3.87186, 50.56677], [-3.8728, 50.56644], [-3.87301, 50.56557], [-3.87434, 50.56479], [-3.87485, 50.56402], [-3.87428, 50.56182], [-3.87623, 50.55891], [-3.87593, 50.55698], [-3.87404, 50.5562], [-3.87459, 50.55518], [-3.87429, 50.55421], [-3.87683, 50.55316], [-3.87743, 50.5525], [-3.87713, 50.55], [-3.87591, 50.54925], [-3.87561, 50.54766], [-3.87599, 50.54725], [-3.87513, 50.54662], [-3.87488, 50.54543], [-3.87586, 50.54456], [-3.8756, 50.54243], [-3.87609, 50.54262], [-3.87744, 50.54243], [-3.87969, 50.54156], [-3.88044, 50.54028], [-3.8822, 50.53997], [-3.8835, 50.53923], [-3.88467, 50.5372], [-3.88649, 50.53614], [-3.88916, 50.53632], [-3.88812, 50.53322], [-3.88431, 50.53065], [-3.88402, 50.52936], [-3.88458, 50.52867], [-3.88457, 50.52703], [-3.88576, 50.52511], [-3.88641, 50.52463], [-3.89118, 50.52352], [-3.89065, 50.51964], [-3.8926, 50.51385], [-3.89134, 50.50589], [-3.88433, 50.50156], [-3.88319, 50.49957], [-3.88387, 50.49802], [-3.88368, 50.49589], [-3.88304, 50.49527], [-3.88274, 50.49282], [-3.88124, 50.49076], [-3.87986, 50.4873], [-3.88024, 50.48567], [-3.88191, 50.48406], [-3.88235, 50.4827], [-3.88373, 50.4808], [-3.88372, 50.48], [-3.88806, 50.4801], [-3.89153, 50.47946], [-3.8917, 50.47838], [-3.89832, 50.47416], [-3.89897, 50.47264], [-3.90384, 50.47717], [-3.90626, 50.47683], [-3.90924, 50.47844], [-3.9114, 50.48026], [-3.91372, 50.48124], [-3.9138, 50.48168], [-3.91478, 50.48186], [-3.91998, 50.48165], [-3.92147, 50.48104], [-3.92241, 50.48004], [-3.92374, 50.47949], [-3.92393, 50.47876], [-3.92566, 50.47977], [-3.92638, 50.48097], [-3.92749, 50.48089], [-3.92831, 50.48129], [-3.93189, 50.48191], [-3.93219, 50.48222], [-3.93259, 50.48195], [-3.93589, 50.48353], [-3.93704, 50.48365], [-3.93898, 50.48442], [-3.94601, 50.48908], [-3.94878, 50.48866], [-3.94871, 50.49274], [-3.94579, 50.49827], [-3.94657, 50.498], [-3.9491, 50.49836], [-3.95236, 50.49906], [-3.95485, 50.50022], [-3.95597, 50.50024], [-3.9602, 50.49923], [-3.96247, 50.49819], [-3.96439, 50.4964], [-3.96477, 50.49631], [-3.96532, 50.49418], [-3.96755, 50.49197], [-3.96797, 50.48982], [-3.97044, 50.48813], [-3.97132, 50.48781], [-3.97169, 50.48803], [-3.97516, 50.48795], [-3.97617, 50.48744], [-3.97866, 50.487], [-3.97936, 50.48649], [-3.98217, 50.48557], [-3.9849, 50.48388], [-3.98469, 50.48332], [-3.98785, 50.4815], [-3.99094, 50.48119], [-3.99236, 50.47908], [-3.99391, 50.47833], [-3.99393, 50.47787], [-3.99478, 50.47739], [-4.00126, 50.47734], [-4.00529, 50.4764], [-4.00444, 50.47586], [-4.00674, 50.47419], [-4.00655, 50.47302], [-4.00705, 50.47248], [-4.00649, 50.47214], [-4.0079, 50.46967], [-4.00929, 50.46944], [-4.01107, 50.46958], [-4.01764, 50.46832], [-4.02305, 50.46873], [-4.02445, 50.4674], [-4.02408, 50.46464], [-4.02335, 50.46318], [-4.02393, 50.46203], [-4.0256, 50.46233], [-4.02741, 50.46174], [-4.02892, 50.46292], [-4.02893, 50.46237], [-4.02982, 50.46249], [-4.02957, 50.46338], [-4.0302, 50.46382], [-4.03125, 50.46376], [-4.03209, 50.46315], [-4.03272, 50.46325], [-4.03392, 50.46278], [-4.03548, 50.46377], [-4.03624, 50.4638], [-4.03748, 50.46348], [-4.03866, 50.46264], [-4.04249, 50.46186], [-4.04292, 50.46145], [-4.04262, 50.46046], [-4.0442, 50.45985], [-4.04613, 50.45955], [-4.04749, 50.45885], [-4.05066, 50.45876], [-4.05311, 50.45732], [-4.05717, 50.45673], [-4.05842, 50.45594], [-4.06018, 50.45403], [-4.06402, 50.45431], [-4.0654, 50.45486], [-4.06683, 50.45447], [-4.06801, 50.4545], [-4.06785, 50.45536], [-4.0667, 50.45604], [-4.06634, 50.45712], [-4.06515, 50.45823], [-4.06517, 50.45963], [-4.06799, 50.45962], [-4.06937, 50.4593], [-4.07012, 50.45948], [-4.07137, 50.4609], [-4.07277, 50.46151], [-4.07274, 50.4625], [-4.07601, 50.46395], [-4.07648, 50.46521], [-4.07619, 50.46564], [-4.07791, 50.46726], [-4.07726, 50.46747], [-4.07716, 50.46783], [-4.07779, 50.46991], [-4.07801, 50.4688], [-4.07942, 50.46818], [-4.09886, 50.46068], [-4.10428, 50.45536], [-4.10727, 50.45039], [-4.10821, 50.45448], [-4.11044, 50.45396], [-4.10926, 50.45722], [-4.10955, 50.45937], [-4.10857, 50.46297], [-4.11626, 50.46305], [-4.11976, 50.46389], [-4.12026, 50.46373], [-4.12284, 50.46427], [-4.12363, 50.46449], [-4.12367, 50.46477], [-4.12659, 50.46477], [-4.1278, 50.46509], [-4.13401, 50.46423], [-4.1371, 50.46474], [-4.13862, 50.46325], [-4.14253, 50.46222], [-4.14431, 50.46207], [-4.14591, 50.46241], [-4.14748, 50.46326], [-4.15147, 50.46342], [-4.15201, 50.4638], [-4.15192, 50.46382], [-4.15183, 50.46383], [-4.15086, 50.4648], [-4.15081, 50.46484], [-4.15052, 50.46513], [-4.15121, 50.46547], [-4.15239, 50.46423], [-4.15366, 50.46408], [-4.15326, 50.46453], [-4.15553, 50.46373], [-4.15756, 50.46228], [-4.15784, 50.46132], [-4.15635, 50.4589], [-4.15868, 50.45642], [-4.16025, 50.45548], [-4.16202, 50.45531], [-4.16322, 50.4561], [-4.16394, 50.45613], [-4.16376, 50.4565], [-4.16337, 50.45647], [-4.16389, 50.45659], [-4.1633, 50.4571], [-4.16394, 50.45703], [-4.16395, 50.45638], [-4.16528, 50.45461], [-4.1686, 50.45219], [-4.16963, 50.45192], [-4.17022, 50.45114], [-4.16975, 50.45077], [-4.171, 50.45041], [-4.1716, 50.44952], [-4.17134, 50.44859], [-4.17315, 50.44618], [-4.17342, 50.44488], [-4.17462, 50.44408], [-4.17479, 50.44432], [-4.17574, 50.444], [-4.17532, 50.44374], [-4.17529, 50.44307], [-4.17665, 50.44055], [-4.17791, 50.43986], [-4.17846, 50.43897], [-4.18005, 50.43773], [-4.18091, 50.43732], [-4.18134, 50.43743], [-4.18358, 50.43598], [-4.18406, 50.43497], [-4.18465, 50.43482], [-4.18508, 50.43421], [-4.19083, 50.43525], [-4.19229, 50.43721], [-4.192, 50.43754], [-4.1924, 50.43801], [-4.19119, 50.44016], [-4.19134, 50.44087], [-4.19502, 50.44258], [-4.1983, 50.44475], [-4.19894, 50.44557], [-4.19818, 50.44635], [-4.19837, 50.44729], [-4.19959, 50.44846], [-4.1986, 50.44841], [-4.19801, 50.44845], [-4.1962, 50.44861], [-4.19719, 50.44721], [-4.19519, 50.44995], [-4.1958, 50.44936], [-4.19631, 50.4496], [-4.19582, 50.44934], [-4.19614, 50.4487], [-4.19767, 50.44862], [-4.19793, 50.44929], [-4.19775, 50.44856], [-4.19808, 50.44857], [-4.19788, 50.44876], [-4.19856, 50.44851], [-4.19861, 50.4485], [-4.19815, 50.44899], [-4.19868, 50.44868], [-4.19872, 50.44893], [-4.19892, 50.44853], [-4.19954, 50.44867], [-4.19995, 50.45005], [-4.19951, 50.45002], [-4.19927, 50.45004], [-4.1982, 50.45046], [-4.19753, 50.45007], [-4.19808, 50.45048], [-4.19738, 50.45064], [-4.19667, 50.45057], [-4.19617, 50.45058], [-4.19596, 50.45021], [-4.19601, 50.45058], [-4.19542, 50.45071], [-4.19476, 50.4502], [-4.19509, 50.45225], [-4.19471, 50.45325], [-4.19566, 50.45396], [-4.19497, 50.45412], [-4.19468, 50.45337], [-4.19362, 50.45429], [-4.19379, 50.45507], [-4.19455, 50.45542], [-4.19523, 50.45432], [-4.1984, 50.45338], [-4.1983, 50.45385], [-4.19855, 50.45342], [-4.19893, 50.45363], [-4.19815, 50.45428], [-4.19899, 50.45454], [-4.19862, 50.45392], [-4.19908, 50.45365], [-4.1991, 50.45435], [-4.19939, 50.45381], [-4.19978, 50.45399], [-4.1997, 50.45453], [-4.20002, 50.45403], [-4.20061, 50.45429], [-4.20037, 50.45459], [-4.20071, 50.45429], [-4.20104, 50.45444], [-4.20069, 50.4547], [-4.20115, 50.45446], [-4.20197, 50.45515], [-4.20164, 50.45537], [-4.20201, 50.45538], [-4.20245, 50.45641], [-4.20075, 50.45542], [-4.20418, 50.45797], [-4.20596, 50.45879], [-4.20908, 50.46232], [-4.21002, 50.46209], [-4.2092, 50.46244], [-4.2094, 50.4628], [-4.2101, 50.46324], [-4.2106, 50.46318], [-4.21053, 50.46389], [-4.2119, 50.46521], [-4.21302, 50.46574], [-4.21305, 50.46644], [-4.21582, 50.46832], [-4.21961, 50.46889], [-4.22268, 50.46806], [-4.22473, 50.46709], [-4.22582, 50.46529], [-4.22733, 50.46407], [-4.22771, 50.46153], [-4.2272, 50.45841], [-4.22843, 50.45739], [-4.23009, 50.45694], [-4.23234, 50.45695], [-4.23437, 50.45772], [-4.23595, 50.45895], [-4.23573, 50.45926], [-4.2353, 50.45903], [-4.23571, 50.45937], [-4.2361, 50.45921], [-4.23555, 50.4597], [-4.23584, 50.45989], [-4.23626, 50.4592], [-4.23677, 50.45945], [-4.23699, 50.46046], [-4.23642, 50.46051], [-4.23654, 50.46096], [-4.23708, 50.46061], [-4.23759, 50.46173], [-4.23726, 50.46231], [-4.23616, 50.46253], [-4.23496, 50.46394], [-4.23561, 50.46365], [-4.23568, 50.46412], [-4.2362, 50.46269], [-4.23742, 50.46231], [-4.23768, 50.46269], [-4.23726, 50.46436], [-4.2365, 50.46538], [-4.23399, 50.46524], [-4.23654, 50.46548], [-4.23554, 50.4665], [-4.2343, 50.4673], [-4.23371, 50.46727], [-4.23185, 50.46804], [-4.2312, 50.46861], [-4.222, 50.47267], [-4.21863, 50.47452], [-4.21806, 50.47404], [-4.21817, 50.47482], [-4.21781, 50.47505], [-4.21658, 50.47511], [-4.21623, 50.47541], [-4.2167, 50.47514], [-4.21751, 50.47517], [-4.21773, 50.4753], [-4.21686, 50.47716], [-4.21758, 50.48407], [-4.21933, 50.48578], [-4.21985, 50.48574], [-4.22158, 50.48694], [-4.22318, 50.48904], [-4.22299, 50.49004], [-4.22111, 50.49153], [-4.21995, 50.49304], [-4.22081, 50.49775], [-4.21965, 50.4979], [-4.21011, 50.49627], [-4.20757, 50.49536], [-4.20493, 50.49277], [-4.20373, 50.49217], [-4.20301, 50.49224], [-4.20289, 50.49183], [-4.20249, 50.4921], [-4.20087, 50.49195], [-4.1992, 50.49218], [-4.19897, 50.49178], [-4.1987, 50.49171], [-4.19813, 50.49141], [-4.1988, 50.49185], [-4.1988, 50.49227], [-4.1948, 50.49323], [-4.19321, 50.49505], [-4.19328, 50.49587], [-4.19491, 50.49787], [-4.19479, 50.49833], [-4.19353, 50.49872], [-4.1896, 50.49811], [-4.18509, 50.49956], [-4.18238, 50.49972], [-4.18038, 50.50098], [-4.18005, 50.50277], [-4.18087, 50.50437], [-4.18371, 50.50792], [-4.18539, 50.50849], [-4.18698, 50.50843], [-4.19011, 50.50768], [-4.1916, 50.50695], [-4.1923, 50.50618], [-4.19282, 50.50651], [-4.19235, 50.50605], [-4.19324, 50.50415], [-4.19427, 50.50302], [-4.19678, 50.50305], [-4.19948, 50.50267], [-4.20248, 50.50315], [-4.20299, 50.5051], [-4.20233, 50.50687], [-4.20158, 50.51339], [-4.20292, 50.5138], [-4.2079, 50.51329], [-4.20903, 50.51347], [-4.20952, 50.51426], [-4.20915, 50.51539], [-4.20709, 50.5172], [-4.20808, 50.51655], [-4.20643, 50.51807], [-4.20625, 50.52015], [-4.20725, 50.52191], [-4.21104, 50.52533], [-4.21212, 50.52884], [-4.2114, 50.53002], [-4.20703, 50.53276], [-4.20696, 50.53337], [-4.2082, 50.53376], [-4.20992, 50.53352], [-4.2133, 50.53453], [-4.2145, 50.53457], [-4.21892, 50.53204], [-4.22555, 50.52971], [-4.22674, 50.52976], [-4.22929, 50.53081], [-4.2323, 50.53102], [-4.23398, 50.53171], [-4.23681, 50.53417], [-4.24017, 50.54142], [-4.24149, 50.54269], [-4.24417, 50.54352], [-4.24816, 50.54393], [-4.25342, 50.54364], [-4.25474, 50.54254], [-4.25557, 50.54037], [-4.25783, 50.53893], [-4.2635, 50.536], [-4.26877, 50.53527], [-4.2697, 50.5355], [-4.27162, 50.53668], [-4.27143, 50.53862], [-4.26704, 50.54242], [-4.26399, 50.54354], [-4.26114, 50.54388], [-4.26003, 50.54454], [-4.25929, 50.54585], [-4.25995, 50.54772], [-4.2596, 50.55114], [-4.26146, 50.55466], [-4.26376, 50.55737], [-4.26599, 50.55886], [-4.27249, 50.56164], [-4.27343, 50.56249], [-4.27357, 50.5648], [-4.27443, 50.56593], [-4.27952, 50.56917], [-4.27934, 50.57085], [-4.27786, 50.57478], [-4.26972, 50.57898], [-4.2698, 50.57988], [-4.27115, 50.58221], [-4.27253, 50.58286], [-4.28117, 50.58402], [-4.28512, 50.58482], [-4.28598, 50.58467], [-4.28655, 50.5841], [-4.28608, 50.58256], [-4.28248, 50.57898], [-4.28193, 50.57782], [-4.28274, 50.57617], [-4.28535, 50.57499], [-4.28661, 50.57507], [-4.28902, 50.57648], [-4.2896, 50.57804], [-4.28971, 50.58198], [-4.29102, 50.58372], [-4.29306, 50.58429], [-4.29475, 50.58438], [-4.29837, 50.5837], [-4.30524, 50.57904], [-4.30661, 50.57857], [-4.30806, 50.57894], [-4.30833, 50.58185], [-4.31122, 50.58487], [-4.31217, 50.5895], [-4.31117, 50.5919], [-4.3075, 50.59349], [-4.30631, 50.59477], [-4.3069, 50.5999], [-4.30845, 50.60269], [-4.30715, 50.60425], [-4.30343, 50.61153], [-4.30373, 50.6122], [-4.30639, 50.6141], [-4.30577, 50.61582], [-4.30746, 50.61835], [-4.30741, 50.62002], [-4.30619, 50.62087], [-4.30215, 50.62523], [-4.30184, 50.6274], [-4.30267, 50.62954], [-4.30181, 50.63138], [-4.30014, 50.63248], [-4.30015, 50.63352], [-4.30144, 50.63499], [-4.30264, 50.63572], [-4.30455, 50.63624], [-4.30894, 50.63573], [-4.31046, 50.63645], [-4.31143, 50.6375], [-4.31207, 50.63747], [-4.31399, 50.63615], [-4.31992, 50.63611], [-4.32594, 50.6379], [-4.32596, 50.63876], [-4.32521, 50.64019], [-4.3257, 50.64054], [-4.3281, 50.64076], [-4.32986, 50.64023], [-4.33111, 50.64042], [-4.33282, 50.64081], [-4.33368, 50.64144], [-4.33332, 50.64357], [-4.33523, 50.64654], [-4.33407, 50.64755], [-4.33311, 50.64759], [-4.33299, 50.64804], [-4.33171, 50.6482], [-4.33175, 50.64869], [-4.33233, 50.64864], [-4.33249, 50.64917], [-4.33147, 50.64924], [-4.33161, 50.6488], [-4.33035, 50.64891], [-4.32968, 50.64849], [-4.32891, 50.6495], [-4.3275, 50.64971], [-4.32681, 50.64941], [-4.32641, 50.64976], [-4.32567, 50.64957], [-4.32324, 50.65126], [-4.32289, 50.65178], [-4.32317, 50.65214], [-4.32173, 50.6533], [-4.31943, 50.65301], [-4.31917, 50.65365], [-4.3183, 50.65344], [-4.31729, 50.65387], [-4.31787, 50.65422], [-4.31684, 50.65487], [-4.31736, 50.65561], [-4.31702, 50.65583], [-4.31636, 50.65542], [-4.31501, 50.65678], [-4.31577, 50.65889], [-4.31432, 50.66021], [-4.31426, 50.66122], [-4.3131, 50.66242], [-4.3113, 50.6626], [-4.30796, 50.66355], [-4.30593, 50.66337], [-4.30398, 50.66471], [-4.29578, 50.66569], [-4.29272, 50.6653], [-4.29076, 50.66651], [-4.28972, 50.66615], [-4.28503, 50.66601], [-4.27732, 50.66906], [-4.27578, 50.6681], [-4.27357, 50.66784], [-4.27272, 50.66804], [-4.2707, 50.66773], [-4.26935, 50.66825], [-4.26651, 50.6686], [-4.26335, 50.66801], [-4.26198, 50.6682], [-4.26009, 50.66742], [-4.25908, 50.66734], [-4.25832, 50.66666], [-4.25657, 50.66642], [-4.25648, 50.66694], [-4.25519, 50.66642], [-4.25485, 50.66713], [-4.25286, 50.66761], [-4.25168, 50.66983], [-4.25001, 50.67079], [-4.24941, 50.67173], [-4.24713, 50.67281], [-4.24544, 50.67293], [-4.24346, 50.67358], [-4.24039, 50.67302], [-4.23793, 50.67202], [-4.23503, 50.67145], [-4.22812, 50.67135], [-4.22369, 50.67158], [-4.22216, 50.67124], [-4.22094, 50.67171], [-4.22076, 50.67245], [-4.21944, 50.67249], [-4.21885, 50.6733], [-4.21932, 50.67395], [-4.21777, 50.67464], [-4.21791, 50.675], [-4.21881, 50.67515], [-4.21881, 50.67556], [-4.21821, 50.67586], [-4.21667, 50.67575], [-4.21643, 50.67604], [-4.21551, 50.67587], [-4.21375, 50.67722], [-4.21408, 50.67766], [-4.21261, 50.67803], [-4.2129, 50.679], [-4.20916, 50.68155], [-4.21136, 50.68551], [-4.21495, 50.68898], [-4.21644, 50.68996], [-4.21957, 50.69136], [-4.22412, 50.69212], [-4.22636, 50.69271], [-4.22868, 50.6938], [-4.23005, 50.69394], [-4.23102, 50.69498], [-4.23199, 50.69542], [-4.23192, 50.69604], [-4.23102, 50.69594], [-4.23034, 50.69673], [-4.22835, 50.69741], [-4.22784, 50.69911], [-4.22834, 50.69969], [-4.22731, 50.70036], [-4.22719, 50.7009], [-4.22779, 50.70081], [-4.22722, 50.70195], [-4.22777, 50.70203], [-4.22789, 50.70355], [-4.22843, 50.7037], [-4.228, 50.7043], [-4.22867, 50.70525], [-4.22832, 50.70548], [-4.22906, 50.70598], [-4.22856, 50.70692], [-4.22917, 50.7074], [-4.22893, 50.70815], [-4.2299, 50.70859], [-4.23031, 50.70947], [-4.23197, 50.7098], [-4.23209, 50.71048], [-4.23344, 50.71092], [-4.23378, 50.7117], [-4.23486, 50.71239], [-4.23468, 50.71427], [-4.23418, 50.71445], [-4.23358, 50.71543], [-4.23397, 50.71601], [-4.23343, 50.71611], [-4.2338, 50.71652], [-4.23276, 50.71714], [-4.233, 50.71771], [-4.2323, 50.7184], [-4.23395, 50.72208], [-4.23332, 50.72285], [-4.2326, 50.72262], [-4.23094, 50.72348], [-4.23159, 50.72408], [-4.22797, 50.72733], [-4.22772, 50.72877], [-4.22575, 50.7314], [-4.22736, 50.73373], [-4.22923, 50.73498], [-4.22736, 50.7373], [-4.22786, 50.73964], [-4.22721, 50.74154], [-4.22679, 50.74219], [-4.22269, 50.74398], [-4.2215, 50.74503], [-4.22077, 50.7467], [-4.21887, 50.74636], [-4.21819, 50.74816], [-4.21302, 50.7513], [-4.21041, 50.75251], [-4.20095, 50.75463], [-4.19608, 50.75657], [-4.19525, 50.75508], [-4.19346, 50.75664], [-4.19392, 50.75797], [-4.18596, 50.75769], [-4.19458, 50.76175], [-4.19807, 50.76303], [-4.20114, 50.76508], [-4.20254, 50.76652], [-4.20222, 50.76664], [-4.20305, 50.76898], [-4.20579, 50.77489], [-4.20364, 50.77532], [-4.20325, 50.77629], [-4.19686, 50.77985], [-4.191, 50.78173], [-4.19053, 50.78146], [-4.18744, 50.7821], [-4.18679, 50.78304], [-4.18421, 50.7839], [-4.18259, 50.78428], [-4.18191, 50.78476], [-4.17932, 50.78467], [-4.17749, 50.78573], [-4.17509, 50.786], [-4.17468, 50.78635], [-4.17376, 50.7862], [-4.17157, 50.78676], [-4.16967, 50.78623], [-4.16646, 50.78703], [-4.16756, 50.78848], [-4.16816, 50.78836], [-4.16831, 50.78856], [-4.16908, 50.7916], [-4.17993, 50.79094], [-4.18431, 50.78918], [-4.18795, 50.78913], [-4.19078, 50.78973], [-4.19017, 50.79], [-4.18876, 50.79249], [-4.18738, 50.79319], [-4.18735, 50.79392], [-4.18547, 50.79441], [-4.18346, 50.79575], [-4.18173, 50.79628], [-4.18057, 50.79593], [-4.18021, 50.79645], [-4.17896, 50.79657], [-4.17854, 50.79712], [-4.17722, 50.79749], [-4.17648, 50.79752], [-4.17589, 50.79713], [-4.17383, 50.7977], [-4.1703, 50.79694], [-4.17002, 50.79738], [-4.16879, 50.79767], [-4.17268, 50.79915], [-4.17419, 50.80047], [-4.17505, 50.80063], [-4.17625, 50.80151], [-4.17603, 50.80251], [-4.17479, 50.80324], [-4.17376, 50.80462], [-4.17438, 50.80551], [-4.17722, 50.80717], [-4.17522, 50.80843], [-4.17303, 50.80902], [-4.17274, 50.80978], [-4.17071, 50.81121], [-4.16384, 50.81352], [-4.16328, 50.81348], [-4.15828, 50.81545], [-4.15917, 50.81725], [-4.15858, 50.81734], [-4.1585, 50.81783], [-4.15996, 50.8197], [-4.15988, 50.82069], [-4.15839, 50.82317], [-4.16214, 50.82711], [-4.16214, 50.82788], [-4.16297, 50.82937], [-4.16391, 50.82989], [-4.16404, 50.83091], [-4.16208, 50.83033], [-4.16056, 50.82948], [-4.15881, 50.83016], [-4.15585, 50.82977], [-4.15474, 50.82992], [-4.15563, 50.831], [-4.1555, 50.83136], [-4.15672, 50.83163], [-4.15643, 50.83164], [-4.15595, 50.83168], [-4.15505, 50.83291], [-4.15366, 50.83255], [-4.15286, 50.8331], [-4.1516, 50.83224], [-4.15164, 50.83129], [-4.14666, 50.83082], [-4.14364, 50.83126], [-4.13991, 50.83246], [-4.13897, 50.83307], [-4.13835, 50.8347], [-4.13896, 50.8354], [-4.13844, 50.83593], [-4.13899, 50.83655], [-4.13873, 50.83715], [-4.13963, 50.83764], [-4.13863, 50.83931], [-4.13787, 50.83993], [-4.13706, 50.84003], [-4.13576, 50.83892], [-4.13505, 50.83889], [-4.13324, 50.84146], [-4.13223, 50.8416], [-4.13198, 50.84221], [-4.13094, 50.84187], [-4.12997, 50.84201], [-4.13014, 50.84281], [-4.12872, 50.84411], [-4.12613, 50.84366], [-4.12437, 50.84288], [-4.12263, 50.84302], [-4.12102, 50.84185], [-4.11924, 50.8383], [-4.11828, 50.83765], [-4.11618, 50.83775], [-4.11509, 50.83749], [-4.11411, 50.83812], [-4.11352, 50.83747], [-4.11276, 50.83807], [-4.11073, 50.83848], [-4.10937, 50.83736], [-4.10751, 50.83737], [-4.10714, 50.83639], [-4.10596, 50.83619], [-4.10489, 50.83663], [-4.10346, 50.83556], [-4.10277, 50.83541], [-4.10319, 50.83595], [-4.10333, 50.83803], [-4.10271, 50.839], [-4.10338, 50.84083], [-4.10299, 50.8429], [-4.10429, 50.84414], [-4.10485, 50.84603], [-4.10129, 50.84655], [-4.10307, 50.85031], [-4.09464, 50.85254], [-4.08543, 50.85782], [-4.08574, 50.85868], [-4.08701, 50.85901], [-4.08948, 50.86161], [-4.09002, 50.86731], [-4.08496, 50.86914], [-4.07933, 50.87184], [-4.07747, 50.8717], [-4.07122, 50.87343], [-4.06868, 50.87461], [-4.06649, 50.87239], [-4.06742, 50.87216]]]]}}]}